gsm,series_id,organism_ch1,title,source_name_ch1,characteristics_ch1,platform_id,library_strategy,library_source,instrument_model,molecule_ch1,submission_date,singlecellprobability,metadata_archs4_file,archs4_version,spaceflight,microgravity,analog,species,split,study_exposure
GSM1611553,"GSE65943,GSE65944",Homo sapiens,Simulated Microgravity-1,TK6_simulated microgravity,"cell line: TK6,cell type: human lymphoblastoid cells,genotype/variation: heterozygous at the thymidine kinase (TK) locus,exposed to: 12 rpm (micro-gravity condition)",GPL11154,RNA-Seq,transcriptomic,Illumina HiSeq 2000,total RNA,Feb 13 2015,0.014968165798602169,human_gene_v2.5.h5,2.5,False,True,False,human,train,seen_study
GSM1611554,"GSE65943,GSE65944",Homo sapiens,Simulated Microgravity-2,TK6_simulated microgravity,"cell line: TK6,cell type: human lymphoblastoid cells,genotype/variation: heterozygous at the thymidine kinase (TK) locus,exposed to: 12 rpm (micro-gravity condition)",GPL11154,RNA-Seq,transcriptomic,Illumina HiSeq 2000,total RNA,Feb 13 2015,0.015322593134468189,human_gene_v2.5.h5,2.5,False,True,False,human,train,seen_study
GSM2123858,GSE80292,Homo sapiens,Microgravity,HUVECs,sample type: clinostat,GPL16791,RNA-Seq,transcriptomic,Illumina HiSeq 2500,total RNA,Apr 14 2016,0.002760702552003635,human_gene_v2.5.h5,2.5,False,True,False,human,train,seen_study
GSM2242168,GSE84582,Homo sapiens,Sample_4_MG2,Microgravity_Replicate 1,"cell type: IMR90 iPSC derived cardiac progenitor cells,developmental stage: Day 8 differentiated cells,condition: Microgravity",GPL15433,RNA-Seq,transcriptomic,Illumina HiSeq 1000,polyA RNA,Jul 19 2016,0.012433380977644608,human_gene_v2.5.h5,2.5,False,True,False,human,train,seen_study
GSM2242169,GSE84582,Homo sapiens,Sample_5_MG3,Microgravity_Replicate 2,"cell type: IMR90 iPSC derived cardiac progenitor cells,developmental stage: Day 8 differentiated cells,condition: Microgravity",GPL15433,RNA-Seq,transcriptomic,Illumina HiSeq 1000,polyA RNA,Jul 19 2016,0.01368268367945514,human_gene_v2.5.h5,2.5,False,True,False,human,train,seen_study
GSM2242170,GSE84582,Homo sapiens,Sample_6_MG4,Microgravity_Replicate 3,"cell type: IMR90 iPSC derived cardiac progenitor cells,developmental stage: Day 8 differentiated cells,condition: Microgravity",GPL15433,RNA-Seq,transcriptomic,Illumina HiSeq 1000,polyA RNA,Jul 19 2016,0.014703391265296396,human_gene_v2.5.h5,2.5,False,True,False,human,train,seen_study
GSM3098323,GSE113165,Homo sapiens,14406X1_3005_old_M_pre_low,vastus lateralis muscle,"subject: 3005,time: pre bed rest,age: old,Sex: Male,tissue: vastus lateralis muscle,susceptibility: low,hci_id: 14406X1",GPL16791,RNA-Seq,transcriptomic,Illumina HiSeq 2500,total RNA,Apr 16 2018,0.007836349320748904,human_gene_v2.5.h5,2.5,False,False,True,human,train,seen_study
GSM3098324,GSE113165,Homo sapiens,14406X2_3005_old_M_post_low,vastus lateralis muscle,"subject: 3005,time: post bed rest,age: old,Sex: Male,tissue: vastus lateralis muscle,susceptibility: low,hci_id: 14406X2",GPL16791,RNA-Seq,transcriptomic,Illumina HiSeq 2500,total RNA,Apr 16 2018,0.005798543323992334,human_gene_v2.5.h5,2.5,False,False,True,human,val,seen_study
GSM3098325,GSE113165,Homo sapiens,14406X3_3008_old_M_pre_low,vastus lateralis muscle,"subject: 3008,time: pre bed rest,age: old,Sex: Male,tissue: vastus lateralis muscle,susceptibility: low,hci_id: 14406X3",GPL16791,RNA-Seq,transcriptomic,Illumina HiSeq 2500,total RNA,Apr 16 2018,0.006720057971851269,human_gene_v2.5.h5,2.5,False,False,True,human,train,seen_study
GSM3098326,GSE113165,Homo sapiens,14406X4_3008_old_M_post_low,vastus lateralis muscle,"subject: 3008,time: post bed rest,age: old,Sex: Male,tissue: vastus lateralis muscle,susceptibility: low,hci_id: 14406X4",GPL16791,RNA-Seq,transcriptomic,Illumina HiSeq 2500,total RNA,Apr 16 2018,0.010209669358491326,human_gene_v2.5.h5,2.5,False,False,True,human,train,seen_study
GSM3098327,GSE113165,Homo sapiens,14406X5_3010_old_M_pre_high,vastus lateralis muscle,"subject: 3010,time: pre bed rest,age: old,Sex: Male,tissue: vastus lateralis muscle,susceptibility: high,hci_id: 14406X5",GPL16791,RNA-Seq,transcriptomic,Illumina HiSeq 2500,total RNA,Apr 16 2018,0.011438829626119477,human_gene_v2.5.h5,2.5,False,False,True,human,train,seen_study
GSM3098328,GSE113165,Homo sapiens,14406X6_3010_old_M_post_high,vastus lateralis muscle,"subject: 3010,time: post bed rest,age: old,Sex: Male,tissue: vastus lateralis muscle,susceptibility: high,hci_id: 14406X6",GPL16791,RNA-Seq,transcriptomic,Illumina HiSeq 2500,total RNA,Apr 16 2018,0.0020064531729928376,human_gene_v2.5.h5,2.5,False,False,True,human,train,seen_study
GSM3098329,GSE113165,Homo sapiens,14406X7_3013_old_M_pre_low,vastus lateralis muscle,"subject: 3013,time: pre bed rest,age: old,Sex: Male,tissue: vastus lateralis muscle,susceptibility: low,hci_id: 14406X7",GPL16791,RNA-Seq,transcriptomic,Illumina HiSeq 2500,total RNA,Apr 16 2018,0.007761731130187053,human_gene_v2.5.h5,2.5,False,False,True,human,train,seen_study
GSM3098330,GSE113165,Homo sapiens,14406X8_3013_old_M_post_low,vastus lateralis muscle,"subject: 3013,time: post bed rest,age: old,Sex: Male,tissue: vastus lateralis muscle,susceptibility: low,hci_id: 14406X8",GPL16791,RNA-Seq,transcriptomic,Illumina HiSeq 2500,total RNA,Apr 16 2018,0.007944522710832687,human_gene_v2.5.h5,2.5,False,False,True,human,train,seen_study
GSM3098331,GSE113165,Homo sapiens,14406X9_3012_old_M_pre_low,vastus lateralis muscle,"subject: 3012,time: pre bed rest,age: old,Sex: Male,tissue: vastus lateralis muscle,susceptibility: low,hci_id: 14406X9",GPL16791,RNA-Seq,transcriptomic,Illumina HiSeq 2500,total RNA,Apr 16 2018,0.0018887054644700404,human_gene_v2.5.h5,2.5,False,False,True,human,val,seen_study
GSM3098332,GSE113165,Homo sapiens,14406X10_3012_old_M_post_low,vastus lateralis muscle,"subject: 3012,time: post bed rest,age: old,Sex: Male,tissue: vastus lateralis muscle,susceptibility: low,hci_id: 14406X10",GPL16791,RNA-Seq,transcriptomic,Illumina HiSeq 2500,total RNA,Apr 16 2018,0.007738012517365873,human_gene_v2.5.h5,2.5,False,False,True,human,train,seen_study
GSM3098333,GSE113165,Homo sapiens,14406X11_3021_old_Female_pre_low,vastus lateralis muscle,"subject: 3021,time: pre bed rest,age: old,Sex: Female,tissue: vastus lateralis muscle,susceptibility: low,hci_id: 14406X11",GPL16791,RNA-Seq,transcriptomic,Illumina HiSeq 2500,total RNA,Apr 16 2018,0.020122489949807826,human_gene_v2.5.h5,2.5,False,False,True,human,train,seen_study
GSM3098334,GSE113165,Homo sapiens,14406X12_3021_old_Female_post_low,vastus lateralis muscle,"subject: 3021,time: post bed rest,age: old,Sex: Female,tissue: vastus lateralis muscle,susceptibility: low,hci_id: 14406X12",GPL16791,RNA-Seq,transcriptomic,Illumina HiSeq 2500,total RNA,Apr 16 2018,0.00977965729274468,human_gene_v2.5.h5,2.5,False,False,True,human,train,seen_study
GSM3098335,GSE113165,Homo sapiens,14406X13_3024_old_M_pre_low,vastus lateralis muscle,"subject: 3024,time: pre bed rest,age: old,Sex: Male,tissue: vastus lateralis muscle,susceptibility: low,hci_id: 14406X13",GPL16791,RNA-Seq,transcriptomic,Illumina HiSeq 2500,total RNA,Apr 16 2018,0.009156783329729553,human_gene_v2.5.h5,2.5,False,False,True,human,train,seen_study
GSM3098336,GSE113165,Homo sapiens,14406X14_3024_old_M_post_low,vastus lateralis muscle,"subject: 3024,time: post bed rest,age: old,Sex: Male,tissue: vastus lateralis muscle,susceptibility: low,hci_id: 14406X14",GPL16791,RNA-Seq,transcriptomic,Illumina HiSeq 2500,total RNA,Apr 16 2018,0.006070431493676153,human_gene_v2.5.h5,2.5,False,False,True,human,train,seen_study
GSM3098337,GSE113165,Homo sapiens,14406X15_3025_old_M_pre_high,vastus lateralis muscle,"subject: 3025,time: pre bed rest,age: old,Sex: Male,tissue: vastus lateralis muscle,susceptibility: high,hci_id: 14406X15",GPL16791,RNA-Seq,transcriptomic,Illumina HiSeq 2500,total RNA,Apr 16 2018,0.003653216521764778,human_gene_v2.5.h5,2.5,False,False,True,human,train,seen_study
GSM3098338,GSE113165,Homo sapiens,14406X16_3025_old_M_post_high,vastus lateralis muscle,"subject: 3025,time: post bed rest,age: old,Sex: Male,tissue: vastus lateralis muscle,susceptibility: high,hci_id: 14406X16",GPL16791,RNA-Seq,transcriptomic,Illumina HiSeq 2500,total RNA,Apr 16 2018,0.0030200319644466114,human_gene_v2.5.h5,2.5,False,False,True,human,train,seen_study
GSM3098339,GSE113165,Homo sapiens,14406X17_3026_old_M_pre_high,vastus lateralis muscle,"subject: 3026,time: pre bed rest,age: old,Sex: Male,tissue: vastus lateralis muscle,susceptibility: high,hci_id: 14406X17",GPL16791,RNA-Seq,transcriptomic,Illumina HiSeq 2500,total RNA,Apr 16 2018,0.0,human_gene_v2.5.h5,2.5,False,False,True,human,train,seen_study
GSM3098340,GSE113165,Homo sapiens,14406X18_3026_old_M_post_high,vastus lateralis muscle,"subject: 3026,time: post bed rest,age: old,Sex: Male,tissue: vastus lateralis muscle,susceptibility: high,hci_id: 14406X18",GPL16791,RNA-Seq,transcriptomic,Illumina HiSeq 2500,total RNA,Apr 16 2018,0.0001858208283284149,human_gene_v2.5.h5,2.5,False,False,True,human,train,seen_study
GSM3098341,GSE113165,Homo sapiens,14406X19_3029_old_M_pre_high,vastus lateralis muscle,"subject: 3029,time: pre bed rest,age: old,Sex: Male,tissue: vastus lateralis muscle,susceptibility: high,hci_id: 14406X19",GPL16791,RNA-Seq,transcriptomic,Illumina HiSeq 2500,total RNA,Apr 16 2018,0.0,human_gene_v2.5.h5,2.5,False,False,True,human,train,seen_study
GSM3098342,GSE113165,Homo sapiens,14406X20_3029_old_M_post_high,vastus lateralis muscle,"subject: 3029,time: post bed rest,age: old,Sex: Male,tissue: vastus lateralis muscle,susceptibility: high,hci_id: 14406X20",GPL16791,RNA-Seq,transcriptomic,Illumina HiSeq 2500,total RNA,Apr 16 2018,0.0007326615002393105,human_gene_v2.5.h5,2.5,False,False,True,human,val,seen_study
GSM3098343,GSE113165,Homo sapiens,10876X1_1003_young_M_pre_low,vastus lateralis muscle,"subject: 1003,time: pre bed rest,age: young,Sex: Male,tissue: vastus lateralis muscle,susceptibility: low,hci_id: 10876X1",GPL16791,RNA-Seq,transcriptomic,Illumina HiSeq 2500,total RNA,Apr 16 2018,0.003096292929203646,human_gene_v2.5.h5,2.5,False,False,True,human,train,seen_study
GSM3098344,GSE113165,Homo sapiens,10876X2_1003_young_M_post_low,vastus lateralis muscle,"subject: 1003,time: post bed rest,age: young,Sex: Male,tissue: vastus lateralis muscle,susceptibility: low,hci_id: 10876X2",GPL16791,RNA-Seq,transcriptomic,Illumina HiSeq 2500,total RNA,Apr 16 2018,0.004439771965124992,human_gene_v2.5.h5,2.5,False,False,True,human,train,seen_study
GSM3098345,GSE113165,Homo sapiens,10876X3_1007_young_Female_pre_low,vastus lateralis muscle,"subject: 1007,time: pre bed rest,age: young,Sex: Female,tissue: vastus lateralis muscle,susceptibility: low,hci_id: 10876X3",GPL16791,RNA-Seq,transcriptomic,Illumina HiSeq 2500,total RNA,Apr 16 2018,0.00483667001243334,human_gene_v2.5.h5,2.5,False,False,True,human,train,seen_study
GSM3098346,GSE113165,Homo sapiens,10876X4_1007_young_Female_post_low,vastus lateralis muscle,"subject: 1007,time: post bed rest,age: young,Sex: Female,tissue: vastus lateralis muscle,susceptibility: low,hci_id: 10876X4",GPL16791,RNA-Seq,transcriptomic,Illumina HiSeq 2500,total RNA,Apr 16 2018,0.009508714961766973,human_gene_v2.5.h5,2.5,False,False,True,human,val,seen_study
GSM3098347,GSE113165,Homo sapiens,10876X5_1009_young_Female_pre_low,vastus lateralis muscle,"subject: 1009,time: pre bed rest,age: young,Sex: Female,tissue: vastus lateralis muscle,susceptibility: low,hci_id: 10876X5",GPL16791,RNA-Seq,transcriptomic,Illumina HiSeq 2500,total RNA,Apr 16 2018,0.007245482858639636,human_gene_v2.5.h5,2.5,False,False,True,human,train,seen_study
GSM3098348,GSE113165,Homo sapiens,10876X6_1009_young_Female_post_low,vastus lateralis muscle,"subject: 1009,time: post bed rest,age: young,Sex: Female,tissue: vastus lateralis muscle,susceptibility: low,hci_id: 10876X6",GPL16791,RNA-Seq,transcriptomic,Illumina HiSeq 2500,total RNA,Apr 16 2018,0.014406623529471021,human_gene_v2.5.h5,2.5,False,False,True,human,train,seen_study
GSM3098349,GSE113165,Homo sapiens,10876X7_1010_young_Female_pre_low,vastus lateralis muscle,"subject: 1010,time: pre bed rest,age: young,Sex: Female,tissue: vastus lateralis muscle,susceptibility: low,hci_id: 10876X7",GPL16791,RNA-Seq,transcriptomic,Illumina HiSeq 2500,total RNA,Apr 16 2018,0.007965122135797574,human_gene_v2.5.h5,2.5,False,False,True,human,train,seen_study
GSM3098350,GSE113165,Homo sapiens,10876X8_1010_young_Female_post_low,vastus lateralis muscle,"subject: 1010,time: post bed rest,age: young,Sex: Female,tissue: vastus lateralis muscle,susceptibility: low,hci_id: 10876X8",GPL16791,RNA-Seq,transcriptomic,Illumina HiSeq 2500,total RNA,Apr 16 2018,0.0,human_gene_v2.5.h5,2.5,False,False,True,human,train,seen_study
GSM3098351,GSE113165,Homo sapiens,10876X9_1011_young_Female_pre_high,vastus lateralis muscle,"subject: 1011,time: pre bed rest,age: young,Sex: Female,tissue: vastus lateralis muscle,susceptibility: high,hci_id: 10876X9",GPL16791,RNA-Seq,transcriptomic,Illumina HiSeq 2500,total RNA,Apr 16 2018,0.008113662762224472,human_gene_v2.5.h5,2.5,False,False,True,human,train,seen_study
GSM3098352,GSE113165,Homo sapiens,10876X10_1011_young_Female_post_high,vastus lateralis muscle,"subject: 1011,time: post bed rest,age: young,Sex: Female,tissue: vastus lateralis muscle,susceptibility: high,hci_id: 10876X10",GPL16791,RNA-Seq,transcriptomic,Illumina HiSeq 2500,total RNA,Apr 16 2018,0.007842748391097757,human_gene_v2.5.h5,2.5,False,False,True,human,train,seen_study
GSM3098353,GSE113165,Homo sapiens,10876X11_1012_young_Female_pre_high,vastus lateralis muscle,"subject: 1012,time: pre bed rest,age: young,Sex: Female,tissue: vastus lateralis muscle,susceptibility: high,hci_id: 10876X11",GPL16791,RNA-Seq,transcriptomic,Illumina HiSeq 2500,total RNA,Apr 16 2018,0.005186960488693271,human_gene_v2.5.h5,2.5,False,False,True,human,train,seen_study
GSM3098354,GSE113165,Homo sapiens,10876X12_1012_young_Female_post_high,vastus lateralis muscle,"subject: 1012,time: post bed rest,age: young,Sex: Female,tissue: vastus lateralis muscle,susceptibility: high,hci_id: 10876X12",GPL16791,RNA-Seq,transcriptomic,Illumina HiSeq 2500,total RNA,Apr 16 2018,0.04980041518646722,human_gene_v2.5.h5,2.5,False,False,True,human,train,seen_study
GSM3098355,GSE113165,Homo sapiens,10876X13_1013_young_M_pre_low,vastus lateralis muscle,"subject: 1013,time: pre bed rest,age: young,Sex: Male,tissue: vastus lateralis muscle,susceptibility: low,hci_id: 10876X13",GPL16791,RNA-Seq,transcriptomic,Illumina HiSeq 2500,total RNA,Apr 16 2018,0.012840699014516852,human_gene_v2.5.h5,2.5,False,False,True,human,train,seen_study
GSM3098356,GSE113165,Homo sapiens,10876X14_1013_young_M_post_low,vastus lateralis muscle,"subject: 1013,time: post bed rest,age: young,Sex: Male,tissue: vastus lateralis muscle,susceptibility: low,hci_id: 10876X14",GPL16791,RNA-Seq,transcriptomic,Illumina HiSeq 2500,total RNA,Apr 16 2018,0.003096292929203646,human_gene_v2.5.h5,2.5,False,False,True,human,train,seen_study
GSM3098357,GSE113165,Homo sapiens,10876X15_1016_young_Female_pre_high,vastus lateralis muscle,"subject: 1016,time: pre bed rest,age: young,Sex: Female,tissue: vastus lateralis muscle,susceptibility: high,hci_id: 10876X15",GPL16791,RNA-Seq,transcriptomic,Illumina HiSeq 2500,total RNA,Apr 16 2018,0.010269354185171263,human_gene_v2.5.h5,2.5,False,False,True,human,train,seen_study
GSM3098358,GSE113165,Homo sapiens,10876X16_1016_young_Female_post_high,vastus lateralis muscle,"subject: 1016,time: post bed rest,age: young,Sex: Female,tissue: vastus lateralis muscle,susceptibility: high,hci_id: 10876X16",GPL16791,RNA-Seq,transcriptomic,Illumina HiSeq 2500,total RNA,Apr 16 2018,0.007842748391097757,human_gene_v2.5.h5,2.5,False,False,True,human,train,seen_study
GSM3098359,GSE113165,Homo sapiens,10876X17_1017_young_Female_pre_high,vastus lateralis muscle,"subject: 1017,time: pre bed rest,age: young,Sex: Female,tissue: vastus lateralis muscle,susceptibility: high,hci_id: 10876X17",GPL16791,RNA-Seq,transcriptomic,Illumina HiSeq 2500,total RNA,Apr 16 2018,0.016949417681626777,human_gene_v2.5.h5,2.5,False,False,True,human,train,seen_study
GSM3098360,GSE113165,Homo sapiens,10876X18_1017_young_Female_post_high,vastus lateralis muscle,"subject: 1017,time: post bed rest,age: young,Sex: Female,tissue: vastus lateralis muscle,susceptibility: high,hci_id: 10876X18",GPL16791,RNA-Seq,transcriptomic,Illumina HiSeq 2500,total RNA,Apr 16 2018,0.001973387283661263,human_gene_v2.5.h5,2.5,False,False,True,human,val,seen_study
GSM3098361,GSE113165,Homo sapiens,10876X19_2002_old_Female_pre_low,vastus lateralis muscle,"subject: 2002,time: pre bed rest,age: old,Sex: Female,tissue: vastus lateralis muscle,susceptibility: low,hci_id: 10876X19",GPL16791,RNA-Seq,transcriptomic,Illumina HiSeq 2500,total RNA,Apr 16 2018,0.009457507028903075,human_gene_v2.5.h5,2.5,False,False,True,human,train,seen_study
GSM3098362,GSE113165,Homo sapiens,10876X20_2002_old_Female_post_low,vastus lateralis muscle,"subject: 2002,time: post bed rest,age: old,Sex: Female,tissue: vastus lateralis muscle,susceptibility: low,hci_id: 10876X20",GPL16791,RNA-Seq,transcriptomic,Illumina HiSeq 2500,total RNA,Apr 16 2018,0.000470214232622838,human_gene_v2.5.h5,2.5,False,False,True,human,train,seen_study
GSM3098363,GSE113165,Homo sapiens,10876X21_2003_old_M_pre_low,vastus lateralis muscle,"subject: 2003,time: pre bed rest,age: old,Sex: Male,tissue: vastus lateralis muscle,susceptibility: low,hci_id: 10876X21",GPL16791,RNA-Seq,transcriptomic,Illumina HiSeq 2500,total RNA,Apr 16 2018,0.007486873646062441,human_gene_v2.5.h5,2.5,False,False,True,human,train,seen_study
GSM3098364,GSE113165,Homo sapiens,10876X22_2003_old_M_post_low,vastus lateralis muscle,"subject: 2003,time: post bed rest,age: old,Sex: Male,tissue: vastus lateralis muscle,susceptibility: low,hci_id: 10876X22",GPL16791,RNA-Seq,transcriptomic,Illumina HiSeq 2500,total RNA,Apr 16 2018,0.0056809205817051804,human_gene_v2.5.h5,2.5,False,False,True,human,train,seen_study
GSM3098365,GSE113165,Homo sapiens,10876X23_2004_old_Female_pre_high,vastus lateralis muscle,"subject: 2004,time: pre bed rest,age: old,Sex: Female,tissue: vastus lateralis muscle,susceptibility: high,hci_id: 10876X23",GPL16791,RNA-Seq,transcriptomic,Illumina HiSeq 2500,total RNA,Apr 16 2018,0.010355472278045745,human_gene_v2.5.h5,2.5,False,False,True,human,train,seen_study
GSM3098366,GSE113165,Homo sapiens,10876X24_2004_old_Female_post_high,vastus lateralis muscle,"subject: 2004,time: post bed rest,age: old,Sex: Female,tissue: vastus lateralis muscle,susceptibility: high,hci_id: 10876X24",GPL16791,RNA-Seq,transcriptomic,Illumina HiSeq 2500,total RNA,Apr 16 2018,0.004993540968945992,human_gene_v2.5.h5,2.5,False,False,True,human,train,seen_study
GSM3098367,GSE113165,Homo sapiens,10876X25_2005_old_M_pre_high,vastus lateralis muscle,"subject: 2005,time: pre bed rest,age: old,Sex: Male,tissue: vastus lateralis muscle,susceptibility: high,hci_id: 10876X25",GPL16791,RNA-Seq,transcriptomic,Illumina HiSeq 2500,total RNA,Apr 16 2018,0.01722866843611018,human_gene_v2.5.h5,2.5,False,False,True,human,val,seen_study
GSM3098368,GSE113165,Homo sapiens,10876X26_2005_old_M_post_high,vastus lateralis muscle,"subject: 2005,time: post bed rest,age: old,Sex: Male,tissue: vastus lateralis muscle,susceptibility: high,hci_id: 10876X26",GPL16791,RNA-Seq,transcriptomic,Illumina HiSeq 2500,total RNA,Apr 16 2018,0.005055326730939202,human_gene_v2.5.h5,2.5,False,False,True,human,train,seen_study
GSM3098369,GSE113165,Homo sapiens,10876X27_2006_old_Female_pre_low,vastus lateralis muscle,"subject: 2006,time: pre bed rest,age: old,Sex: Female,tissue: vastus lateralis muscle,susceptibility: low,hci_id: 10876X27",GPL16791,RNA-Seq,transcriptomic,Illumina HiSeq 2500,total RNA,Apr 16 2018,0.007841300981928461,human_gene_v2.5.h5,2.5,False,False,True,human,train,seen_study
GSM3098370,GSE113165,Homo sapiens,10876X28_2006_old_Female_post_low,vastus lateralis muscle,"subject: 2006,time: post bed rest,age: old,Sex: Female,tissue: vastus lateralis muscle,susceptibility: low,hci_id: 10876X28",GPL16791,RNA-Seq,transcriptomic,Illumina HiSeq 2500,total RNA,Apr 16 2018,0.007394441343540472,human_gene_v2.5.h5,2.5,False,False,True,human,val,seen_study
GSM3098371,GSE113165,Homo sapiens,10876X29_2007_old_Female_pre,vastus lateralis muscle,"subject: 2007,time: pre bed rest,age: old,Sex: Female,tissue: vastus lateralis muscle,susceptibility: Not used in Susceptibility Study,hci_id: 10876X29",GPL16791,RNA-Seq,transcriptomic,Illumina HiSeq 2500,total RNA,Apr 16 2018,0.0062290309111067595,human_gene_v2.5.h5,2.5,False,False,True,human,train,seen_study
GSM3098372,GSE113165,Homo sapiens,10876X30_2007_old_Female_post,vastus lateralis muscle,"subject: 2007,time: post bed rest,age: old,Sex: Female,tissue: vastus lateralis muscle,susceptibility: Not used in Susceptibility Study,hci_id: 10876X30",GPL16791,RNA-Seq,transcriptomic,Illumina HiSeq 2500,total RNA,Apr 16 2018,0.004015046580934247,human_gene_v2.5.h5,2.5,False,False,True,human,val,seen_study
GSM3098373,GSE113165,Homo sapiens,10876X31_2009_old_Female_pre_high,vastus lateralis muscle,"subject: 2009,time: pre bed rest,age: old,Sex: Female,tissue: vastus lateralis muscle,susceptibility: high,hci_id: 10876X31",GPL16791,RNA-Seq,transcriptomic,Illumina HiSeq 2500,total RNA,Apr 16 2018,0.006760535336965877,human_gene_v2.5.h5,2.5,False,False,True,human,train,seen_study
GSM3098374,GSE113165,Homo sapiens,10876X32_2009_old_Female_post_high,vastus lateralis muscle,"subject: 2009,time: post bed rest,age: old,Sex: Female,tissue: vastus lateralis muscle,susceptibility: high,hci_id: 10876X32",GPL16791,RNA-Seq,transcriptomic,Illumina HiSeq 2500,total RNA,Apr 16 2018,0.0071807033333454815,human_gene_v2.5.h5,2.5,False,False,True,human,train,seen_study
GSM3098375,GSE113165,Homo sapiens,10876X33_2011_old_Female_pre_high,vastus lateralis muscle,"subject: 2011,time: pre bed rest,age: old,Sex: Female,tissue: vastus lateralis muscle,susceptibility: high,hci_id: 10876X33",GPL16791,RNA-Seq,transcriptomic,Illumina HiSeq 2500,total RNA,Apr 16 2018,0.008874301985628767,human_gene_v2.5.h5,2.5,False,False,True,human,train,seen_study
GSM3098376,GSE113165,Homo sapiens,10876X34_2011_old_Female_post_high,vastus lateralis muscle,"subject: 2011,time: post bed rest,age: old,Sex: Female,tissue: vastus lateralis muscle,susceptibility: high,hci_id: 10876X34",GPL16791,RNA-Seq,transcriptomic,Illumina HiSeq 2500,total RNA,Apr 16 2018,0.004421428854207628,human_gene_v2.5.h5,2.5,False,False,True,human,train,seen_study
GSM3098377,GSE113165,Homo sapiens,10876X35_2012_old_Female_pre,vastus lateralis muscle,"subject: 2012,time: pre bed rest,age: old,Sex: Female,tissue: vastus lateralis muscle,susceptibility: Not used in Susceptibility Study,hci_id: 10876X35",GPL16791,RNA-Seq,transcriptomic,Illumina HiSeq 2500,total RNA,Apr 16 2018,0.002062340037139355,human_gene_v2.5.h5,2.5,False,False,True,human,train,seen_study
GSM3098378,GSE113165,Homo sapiens,10876X36_2012_old_Female_post,vastus lateralis muscle,"subject: 2012,time: post bed rest,age: old,Sex: Female,tissue: vastus lateralis muscle,susceptibility: Not used in Susceptibility Study,hci_id: 10876X36",GPL16791,RNA-Seq,transcriptomic,Illumina HiSeq 2500,total RNA,Apr 16 2018,0.002557064369119039,human_gene_v2.5.h5,2.5,False,False,True,human,train,seen_study
GSM3133035,GSE114117,Homo sapiens,mg2,osteogenesis for 2 days under microgravity,"cell type: human bone marrow mesenchymal stem cells,passages: 3,differentiation status: osteogenic differentiation day 2,gravity status: microgravity,tissue: bone",GPL20795,RNA-Seq,transcriptomic,HiSeq X Ten,total RNA,May 07 2018,0.004906813199329188,human_gene_v2.5.h5,2.5,False,True,False,human,train,seen_study
GSM3133037,GSE114117,Homo sapiens,mg7,osteogenesis for 7 days under microgravity,"cell type: human bone marrow mesenchymal stem cells,passages: 3,differentiation status: osteogenic differentiation day 7,gravity status: microgravity,tissue: bone",GPL20795,RNA-Seq,transcriptomic,HiSeq X Ten,total RNA,May 07 2018,0.004437536937535245,human_gene_v2.5.h5,2.5,False,True,False,human,train,seen_study
GSM3133039,GSE114117,Homo sapiens,mg14,osteogenesis for 14 days under microgravity,"cell type: human bone marrow mesenchymal stem cells,passages: 3,differentiation status: osteogenic differentiation day 14,gravity status: microgravity,tissue: bone",GPL20795,RNA-Seq,transcriptomic,HiSeq X Ten,total RNA,May 07 2018,0.0014566573648300376,human_gene_v2.5.h5,2.5,False,True,False,human,val,seen_study
GSM3317070,GSE118001,Mus musculus,micro-gravity R1_1,zygote,strain: C57BL/6,GPL17021,RNA-Seq,transcriptomic,Illumina HiSeq 2500,total RNA,Aug 01 2018,0.0,mouse_gene_v2.5.h5,2.5,False,True,False,mouse,train,seen_study
GSM3317071,GSE118001,Mus musculus,micro-gravity R1_2,zygote,strain: C57BL/6,GPL17021,RNA-Seq,transcriptomic,Illumina HiSeq 2500,total RNA,Aug 01 2018,0.00961856209763987,mouse_gene_v2.5.h5,2.5,False,True,False,mouse,train,seen_study
GSM3317072,GSE118001,Mus musculus,micro-gravity R1_3,zygote,strain: C57BL/6,GPL17021,RNA-Seq,transcriptomic,Illumina HiSeq 2500,total RNA,Aug 01 2018,0.028357579323016684,mouse_gene_v2.5.h5,2.5,False,True,False,mouse,train,seen_study
GSM3615662,GSE126865,Homo sapiens,Subject 11006 Pre,Skeletal muscle biopsy,"group: before bed rest,tissue: Vastus lateralis",GPL16791,RNA-Seq,transcriptomic,Illumina HiSeq 2500,total RNA,Feb 21 2019,0.01728106951358531,human_gene_v2.5.h5,2.5,False,False,True,human,val,seen_study
GSM3615663,GSE126865,Homo sapiens,Subject 11006 Post,Skeletal muscle biopsy,"group: 10 days after bed rest,tissue: Vastus lateralis",GPL16791,RNA-Seq,transcriptomic,Illumina HiSeq 2500,total RNA,Feb 21 2019,0.006757225271645865,human_gene_v2.5.h5,2.5,False,False,True,human,train,seen_study
GSM3615664,GSE126865,Homo sapiens,Subject 12003 Pre,Skeletal muscle biopsy,"group: before bed rest,tissue: Vastus lateralis",GPL16791,RNA-Seq,transcriptomic,Illumina HiSeq 2500,total RNA,Feb 21 2019,0.0168583359227708,human_gene_v2.5.h5,2.5,False,False,True,human,train,seen_study
GSM3615665,GSE126865,Homo sapiens,Subject 12003 Post,Skeletal muscle biopsy,"group: 10 days after bed rest,tissue: Vastus lateralis",GPL16791,RNA-Seq,transcriptomic,Illumina HiSeq 2500,total RNA,Feb 21 2019,0.030060324696649234,human_gene_v2.5.h5,2.5,False,False,True,human,train,seen_study
GSM3615666,GSE126865,Homo sapiens,Subject 12005 Pre,Skeletal muscle biopsy,"group: before bed rest,tissue: Vastus lateralis",GPL16791,RNA-Seq,transcriptomic,Illumina HiSeq 2500,total RNA,Feb 21 2019,0.00420800921011371,human_gene_v2.5.h5,2.5,False,False,True,human,val,seen_study
GSM3615667,GSE126865,Homo sapiens,Subject 12005 Post,Skeletal muscle biopsy,"group: 10 days after bed rest,tissue: Vastus lateralis",GPL16791,RNA-Seq,transcriptomic,Illumina HiSeq 2500,total RNA,Feb 21 2019,0.014354219381449105,human_gene_v2.5.h5,2.5,False,False,True,human,train,seen_study
GSM3832701,GSE131954,Mus musculus,Retina_Flight_9,Retina,"treatment: space flight,strain: C57BL/6,tissue: retina,age: 10-week old,genotype: wild type",GPL21103,RNA-Seq,transcriptomic,Illumina HiSeq 4000,total RNA,May 30 2019,0.005215444919799474,mouse_gene_v2.5.h5,2.5,True,False,False,mouse,train,seen_study
GSM3832702,GSE131954,Mus musculus,Retina_Flight_11,Retina,"treatment: space flight,strain: C57BL/6,tissue: retina,age: 10-week old,genotype: wild type",GPL21103,RNA-Seq,transcriptomic,Illumina HiSeq 4000,total RNA,May 30 2019,0.0014680438924883443,mouse_gene_v2.5.h5,2.5,True,False,False,mouse,train,seen_study
GSM3832703,GSE131954,Mus musculus,Retina_Flight_15,Retina,"treatment: space flight,strain: C57BL/6,tissue: retina,age: 10-week old,genotype: wild type",GPL21103,RNA-Seq,transcriptomic,Illumina HiSeq 4000,total RNA,May 30 2019,0.002938938330285233,mouse_gene_v2.5.h5,2.5,True,False,False,mouse,train,seen_study
GSM3832704,GSE131954,Mus musculus,Retina_Flight_16,Retina,"treatment: space flight,strain: C57BL/6,tissue: retina,age: 10-week old,genotype: wild type",GPL21103,RNA-Seq,transcriptomic,Illumina HiSeq 4000,total RNA,May 30 2019,0.00613661108506866,mouse_gene_v2.5.h5,2.5,True,False,False,mouse,train,seen_study
GSM3832705,GSE131954,Mus musculus,Retina_Flight_17,Retina,"treatment: space flight,strain: C57BL/6,tissue: retina,age: 10-week old,genotype: wild type",GPL21103,RNA-Seq,transcriptomic,Illumina HiSeq 4000,total RNA,May 30 2019,0.002938938330285233,mouse_gene_v2.5.h5,2.5,True,False,False,mouse,train,seen_study
GSM3832706,GSE131954,Mus musculus,Retina_Flight_18,Retina,"treatment: space flight,strain: C57BL/6,tissue: retina,age: 10-week old,genotype: wild type",GPL21103,RNA-Seq,transcriptomic,Illumina HiSeq 4000,total RNA,May 30 2019,0.007956808978593282,mouse_gene_v2.5.h5,2.5,True,False,False,mouse,train,seen_study
GSM3832707,GSE131954,Mus musculus,Retina_Flight_19,Retina,"treatment: space flight,strain: C57BL/6,tissue: retina,age: 10-week old,genotype: wild type",GPL21103,RNA-Seq,transcriptomic,Illumina HiSeq 4000,total RNA,May 30 2019,0.008663468313171734,mouse_gene_v2.5.h5,2.5,True,False,False,mouse,train,seen_study
GSM3832708,GSE131954,Mus musculus,Retina_Flight_20,Retina,"treatment: space flight,strain: C57BL/6,tissue: retina,age: 10-week old,genotype: wild type",GPL21103,RNA-Seq,transcriptomic,Illumina HiSeq 4000,total RNA,May 30 2019,0.007956808978593282,mouse_gene_v2.5.h5,2.5,True,False,False,mouse,train,seen_study
GSM4066596,GSE137081,Homo sapiens,"Line 1, Flight rep1 [FB1]",hiPSC-CM_4.5 weeks microgravity exposure,"cell line source: hiPSC line1,cell type: hiPSC-derived cardiomyocytes,treatment: 4.5 weeks microgravity exposure",GPL11154,RNA-Seq,transcriptomic,Illumina HiSeq 2000,total RNA,Sep 09 2019,0.008849269951700054,human_gene_v2.5.h5,2.5,False,True,False,human,val,seen_study
GSM4066597,GSE137081,Homo sapiens,"Line 2, Flight rep1 [FB2]",hiPSC-CM_4.5 weeks microgravity exposure,"cell line sournce: hiPSC line2,cell type: hiPSC-derived cardiomyocytes,treatment: 4.5 weeks microgravity exposure",GPL11154,RNA-Seq,transcriptomic,Illumina HiSeq 2000,total RNA,Sep 09 2019,0.008331646640058981,human_gene_v2.5.h5,2.5,False,True,False,human,train,seen_study
GSM4066598,GSE137081,Homo sapiens,"Line 3, Flight rep1 [FB3]",hiPSC-CM_4.5 weeks microgravity exposure,"cell line sournce: hiPSC line3,cell type: hiPSC-derived cardiomyocytes,treatment: 4.5 weeks microgravity exposure",GPL11154,RNA-Seq,transcriptomic,Illumina HiSeq 2000,total RNA,Sep 09 2019,0.03956837825551443,human_gene_v2.5.h5,2.5,False,True,False,human,train,seen_study
GSM4066599,GSE137081,Homo sapiens,"Line 1, Flight rep2 [FB4]",hiPSC-CM_4.5 weeks microgravity exposure,"cell line sournce: hiPSC line1,cell type: hiPSC-derived cardiomyocytes,treatment: 4.5 weeks microgravity exposure",GPL11154,RNA-Seq,transcriptomic,Illumina HiSeq 2000,total RNA,Sep 09 2019,0.008303214049192684,human_gene_v2.5.h5,2.5,False,True,False,human,train,seen_study
GSM4066600,GSE137081,Homo sapiens,"Line 2, Flight rep2 [FB5]",hiPSC-CM_4.5 weeks microgravity exposure,"cell line sournce: hiPSC line2,cell type: hiPSC-derived cardiomyocytes,treatment: 4.5 weeks microgravity exposure",GPL11154,RNA-Seq,transcriptomic,Illumina HiSeq 2000,total RNA,Sep 09 2019,0.013504238678821442,human_gene_v2.5.h5,2.5,False,True,False,human,train,seen_study
GSM4066601,GSE137081,Homo sapiens,"Line 3, Flight rep2 [FB6]",hiPSC-CM_4.5 weeks microgravity exposure,"cell line sournce: hiPSC line3,cell type: hiPSC-derived cardiomyocytes,treatment: 4.5 weeks microgravity exposure",GPL11154,RNA-Seq,transcriptomic,Illumina HiSeq 2000,total RNA,Sep 09 2019,0.02774209238014032,human_gene_v2.5.h5,2.5,False,True,False,human,val,seen_study
GSM4066602,GSE137081,Homo sapiens,"Line 1, Post-flight rep1 [FC1]","hiPSC-CM_5.5 weeks microgravity exposure, followed by 10 days normal gravity","cell line sournce: hiPSC line1,cell type: hiPSC-derived cardiomyocytes,treatment: 5.5 weeks microgravity exposure, followed by 10 days normal gravity",GPL11154,RNA-Seq,transcriptomic,Illumina HiSeq 2000,total RNA,Sep 09 2019,0.009005975613441044,human_gene_v2.5.h5,2.5,False,True,False,human,train,seen_study
GSM4066603,GSE137081,Homo sapiens,"Line 2, Post-flight rep1 [FC2]","hiPSC-CM_5.5 weeks microgravity exposure, followed by 10 days normal gravity","cell line sournce: hiPSC line2,cell type: hiPSC-derived cardiomyocytes,treatment: 5.5 weeks microgravity exposure, followed by 10 days normal gravity",GPL11154,RNA-Seq,transcriptomic,Illumina HiSeq 2000,total RNA,Sep 09 2019,0.008431950595104206,human_gene_v2.5.h5,2.5,False,True,False,human,train,seen_study
GSM4066604,GSE137081,Homo sapiens,"Line 3, Post-flight rep1 [FC3]","hiPSC-CM_5.5 weeks microgravity exposure, followed by 10 days normal gravity","cell line sournce: hiPSC line3,cell type: hiPSC-derived cardiomyocytes,treatment: 5.5 weeks microgravity exposure, followed by 10 days normal gravity",GPL11154,RNA-Seq,transcriptomic,Illumina HiSeq 2000,total RNA,Sep 09 2019,0.012925344219440839,human_gene_v2.5.h5,2.5,False,True,False,human,train,seen_study
GSM4066605,GSE137081,Homo sapiens,"Line 1, Post-flight rep2 [FC4]","hiPSC-CM_5.5 weeks microgravity exposure, followed by 10 days normal gravity","cell line sournce: hiPSC line1,cell type: hiPSC-derived cardiomyocytes,treatment: 5.5 weeks microgravity exposure, followed by 10 days normal gravity",GPL11154,RNA-Seq,transcriptomic,Illumina HiSeq 2000,total RNA,Sep 09 2019,0.008806849099687883,human_gene_v2.5.h5,2.5,False,True,False,human,train,seen_study
GSM4066606,GSE137081,Homo sapiens,"Line 2, Post-flight rep2 [FC5]","hiPSC-CM_5.5 weeks microgravity exposure, followed by 10 days normal gravity","cell line sournce: hiPSC line2,cell type: hiPSC-derived cardiomyocytes,treatment: 5.5 weeks microgravity exposure, followed by 10 days normal gravity",GPL11154,RNA-Seq,transcriptomic,Illumina HiSeq 2000,total RNA,Sep 09 2019,0.009522719410643367,human_gene_v2.5.h5,2.5,False,True,False,human,train,seen_study
GSM4066607,GSE137081,Homo sapiens,"Line 3, Post-flight rep2 [FC6]","hiPSC-CM_5.5 weeks microgravity exposure, followed by 10 days normal gravity","cell line sournce: hiPSC line3,cell type: hiPSC-derived cardiomyocytes,treatment: 5.5 weeks microgravity exposure, followed by 10 days normal gravity",GPL11154,RNA-Seq,transcriptomic,Illumina HiSeq 2000,total RNA,Sep 09 2019,0.0210622462486063,human_gene_v2.5.h5,2.5,False,True,False,human,train,seen_study
GSM4066608,GSE137081,Homo sapiens,"Line 1, Ground rep1 [GB1]","hiPSC-CM_ground control, no microgravity exposure","cell line sournce: hiPSC line1,cell type: hiPSC-derived cardiomyocytes,treatment: ground control, no microgravity exposure",GPL11154,RNA-Seq,transcriptomic,Illumina HiSeq 2000,total RNA,Sep 09 2019,0.007806940199524927,human_gene_v2.5.h5,2.5,False,True,False,human,train,seen_study
GSM4066609,GSE137081,Homo sapiens,"Line 2, Ground rep1 [GB2]","hiPSC-CM_ground control, no microgravity exposure","cell line sournce: hiPSC line2,cell type: hiPSC-derived cardiomyocytes,treatment: ground control, no microgravity exposure",GPL11154,RNA-Seq,transcriptomic,Illumina HiSeq 2000,total RNA,Sep 09 2019,0.00674839164328568,human_gene_v2.5.h5,2.5,False,True,False,human,val,seen_study
GSM4066610,GSE137081,Homo sapiens,"Line 3, Ground rep1 [GB3]","hiPSC-CM_ground control, no microgravity exposure","cell line sournce: hiPSC line3,cell type: hiPSC-derived cardiomyocytes,treatment: ground control, no microgravity exposure",GPL11154,RNA-Seq,transcriptomic,Illumina HiSeq 2000,total RNA,Sep 09 2019,0.009252873030143358,human_gene_v2.5.h5,2.5,False,True,False,human,val,seen_study
GSM4066611,GSE137081,Homo sapiens,"Line 1, Ground rep2 [GB4]","hiPSC-CM_ground control, no microgravity exposure","cell line sournce: hiPSC line1,cell type: hiPSC-derived cardiomyocytes,treatment: ground control, no microgravity exposure",GPL11154,RNA-Seq,transcriptomic,Illumina HiSeq 2000,total RNA,Sep 09 2019,0.008252768842953258,human_gene_v2.5.h5,2.5,False,True,False,human,val,seen_study
GSM4066612,GSE137081,Homo sapiens,"Line 2, Ground rep2 [GB5]","hiPSC-CM_ground control, no microgravity exposure","cell line sournce: hiPSC line2,cell type: hiPSC-derived cardiomyocytes,treatment: ground control, no microgravity exposure",GPL11154,RNA-Seq,transcriptomic,Illumina HiSeq 2000,total RNA,Sep 09 2019,0.012524760160091282,human_gene_v2.5.h5,2.5,False,True,False,human,train,seen_study
GSM4066613,GSE137081,Homo sapiens,"Line 3, Ground rep2 [GB6]","hiPSC-CM_ground control, no microgravity exposure","cell line sournce: hiPSC line3,cell type: hiPSC-derived cardiomyocytes,treatment: ground control, no microgravity exposure",GPL11154,RNA-Seq,transcriptomic,Illumina HiSeq 2000,total RNA,Sep 09 2019,0.023395227593660587,human_gene_v2.5.h5,2.5,False,True,False,human,train,seen_study
GSM4726008,GSE156174,Mus musculus,8wk hindlimb unloaded MSC,depleted MSCs,"strain: C57BL/6,tissue: limb bone marrow,cell type: depleted MSCs,treatment: HU,duration: 8 weeks",GPL19057,RNA-Seq,transcriptomic,Illumina NextSeq 500,total RNA,Aug 13 2020,0.14634154801351165,mouse_gene_v2.5.h5,2.5,False,False,True,mouse,train,seen_study
GSM4726009,GSE156174,Mus musculus,8wk hindlimb unloaded SSC,flow sorted SSCs,"strain: C57BL/6,tissue: limb bone marrow,cell type: flow sorted SSCs,treatment: HU,duration: 8 weeks",GPL19057,RNA-Seq,transcriptomic,Illumina NextSeq 500,total RNA,Aug 13 2020,0.2746655565237145,mouse_gene_v2.5.h5,2.5,False,False,True,mouse,train,seen_study
GSM4726012,GSE156174,Mus musculus,14wk hindlimb unloaded MSC,depleted MSCs,"strain: C57BL/6,tissue: limb bone marrow,cell type: depleted MSCs,treatment: HU,duration: 14 weeks",GPL19057,RNA-Seq,transcriptomic,Illumina NextSeq 500,total RNA,Aug 13 2020,0.008458784052830223,mouse_gene_v2.5.h5,2.5,False,False,True,mouse,val,seen_study
GSM4726013,GSE156174,Mus musculus,14wk hindlimb unloaded SSC,flow sorted SSCs,"strain: C57BL/6,tissue: limb bone marrow,cell type: flow sorted SSCs,treatment: HU,duration: 14 weeks",GPL19057,RNA-Seq,transcriptomic,Illumina NextSeq 500,total RNA,Aug 13 2020,0.02947175816092975,mouse_gene_v2.5.h5,2.5,False,False,True,mouse,train,seen_study
GSM4726014,GSE156174,Mus musculus,hindlimb unloaded+recovery,flow sorted SSCs,"strain: C57BL/6,tissue: limb bone marrow,cell type: flow sorted SSCs,treatment: HU+recovery,duration: 8 weeks + reloaded",GPL19057,RNA-Seq,transcriptomic,Illumina NextSeq 500,total RNA,Aug 13 2020,0.35518172595546316,mouse_gene_v2.5.h5,2.5,False,False,True,mouse,train,seen_study
GSM4781322,GSE157937,Homo sapiens,space_microg_rep1,HMEC-1 cell line,"cell line: HMEC-1,sample type: Space flight,exposure: environmental microgravity",GPL16791,RNA-Seq,transcriptomic,Illumina HiSeq 2500,total RNA,Sep 14 2020,0.002767157678591598,human_gene_v2.5.h5,2.5,True,True,False,human,train,seen_study
GSM4781323,GSE157937,Homo sapiens,space_microg_rep2,HMEC-1 cell line,"cell line: HMEC-1,sample type: Space flight,exposure: environmental microgravity",GPL16791,RNA-Seq,transcriptomic,Illumina HiSeq 2500,total RNA,Sep 14 2020,0.035901049085252844,human_gene_v2.5.h5,2.5,True,True,False,human,train,seen_study
GSM4781324,GSE157937,Homo sapiens,space_microg_rep3,HMEC-1 cell line,"cell line: HMEC-1,sample type: Space flight,exposure: environmental microgravity",GPL16791,RNA-Seq,transcriptomic,Illumina HiSeq 2500,total RNA,Sep 14 2020,0.003037244391950685,human_gene_v2.5.h5,2.5,True,True,False,human,train,seen_study
GSM4781325,GSE157937,Homo sapiens,space_1g_rep1,HMEC-1 cell line,"cell line: HMEC-1,sample type: Space flight at 1g in the onboard centrifuge,exposure: 1g onboard",GPL16791,RNA-Seq,transcriptomic,Illumina HiSeq 2500,total RNA,Sep 14 2020,0.04896608320377003,human_gene_v2.5.h5,2.5,True,False,False,human,train,seen_study
GSM4781326,GSE157937,Homo sapiens,space_1g_rep2,HMEC-1 cell line,"cell line: HMEC-1,sample type: Space flight at 1g in the onboard centrifuge,exposure: 1g onboard",GPL16791,RNA-Seq,transcriptomic,Illumina HiSeq 2500,total RNA,Sep 14 2020,0.004718343709114044,human_gene_v2.5.h5,2.5,True,False,False,human,train,seen_study
GSM4816943,GSE158987,Mus musculus,17390X1 Young Hindlimb Unloading,CD45+ Cells From FACS,"strain background: C57BL/6,age: Young (4-5 mo),Sex: male,treatment: Hindlimb Unloading,tissue: Skeletal Muscle (Soleus),cell type: CD45+ Cells From FACS",GPL24247,RNA-Seq,transcriptomic,Illumina NovaSeq 6000,total RNA,Oct 04 2020,0.4880554945270717,mouse_gene_v2.5.h5,2.5,False,False,True,mouse,val,seen_study
GSM4844310,GSE159771,Mus musculus,NASA-M22 [RNA-Seq],"Flight, left retina","condition: Spaceflight,tissue: retina,age (week): 21,Sex: female,strain: C57 BL/6J",GPL21626,RNA-Seq,transcriptomic,NextSeq 550,total RNA,Oct 21 2020,0.005295043459682443,mouse_gene_v2.5.h5,2.5,True,False,False,mouse,train,seen_study
GSM4844311,GSE159771,Mus musculus,NASA-M23 [RNA-Seq],"Flight, right retina","condition: Spaceflight,tissue: retina,age (week): 21,Sex: female,strain: C57 BL/6J",GPL21626,RNA-Seq,transcriptomic,NextSeq 550,total RNA,Oct 21 2020,0.007032469612526337,mouse_gene_v2.5.h5,2.5,True,False,False,mouse,train,seen_study
GSM4844312,GSE159771,Mus musculus,NASA-M24 [RNA-Seq],"Flight, right retina","condition: Spaceflight,tissue: retina,age (week): 21,Sex: female,strain: C57 BL/6J",GPL21626,RNA-Seq,transcriptomic,NextSeq 550,total RNA,Oct 21 2020,0.00611183650108911,mouse_gene_v2.5.h5,2.5,True,False,False,mouse,train,seen_study
GSM4844313,GSE159771,Mus musculus,NASA-M25 [RNA-Seq],"Flight, right retina","condition: Spaceflight,tissue: retina,age (week): 21,Sex: female,strain: C57 BL/6J",GPL21626,RNA-Seq,transcriptomic,NextSeq 550,total RNA,Oct 21 2020,0.0020438213250379106,mouse_gene_v2.5.h5,2.5,True,False,False,mouse,val,seen_study
GSM4844314,GSE159771,Mus musculus,NASA-M26 [RNA-Seq],"Flight, right retina","condition: Spaceflight,tissue: retina,age (week): 21,Sex: female,strain: C57 BL/6J",GPL21626,RNA-Seq,transcriptomic,NextSeq 550,total RNA,Oct 21 2020,0.004077247993455232,mouse_gene_v2.5.h5,2.5,True,False,False,mouse,train,seen_study
GSM4844315,GSE159771,Mus musculus,NASA-M27 [RNA-Seq],"Flight, right retina","condition: Spaceflight,tissue: retina,age (week): 21,Sex: female,strain: C57 BL/6J",GPL21626,RNA-Seq,transcriptomic,NextSeq 550,total RNA,Oct 21 2020,0.004764642892687756,mouse_gene_v2.5.h5,2.5,True,False,False,mouse,train,seen_study
GSM4844316,GSE159771,Mus musculus,NASA-M29 [RNA-Seq],"Flight, left retina","condition: Spaceflight,tissue: retina,age (week): 21,Sex: female,strain: C57 BL/6J",GPL21626,RNA-Seq,transcriptomic,NextSeq 550,total RNA,Oct 21 2020,0.0024236610556575317,mouse_gene_v2.5.h5,2.5,True,False,False,mouse,train,seen_study
GSM4844317,GSE159771,Mus musculus,NASA-M30 [RNA-Seq],"Flight, left retina","condition: Spaceflight,tissue: retina,age (week): 21,Sex: female,strain: C57 BL/6J",GPL21626,RNA-Seq,transcriptomic,NextSeq 550,total RNA,Oct 21 2020,0.0056738818646605415,mouse_gene_v2.5.h5,2.5,True,False,False,mouse,train,seen_study
GSM4912800,GSE161693,Mus musculus,WT-Unloading rep1,WT-Unloading_gastrocnemius muscle,"strain: C57BL/6,genotype: Notch2f/f,treatment: 7-days hindlimb suspension,tissue: Gastrocnemius muscle",GPL24247,RNA-Seq,transcriptomic,Illumina NovaSeq 6000,total RNA,Nov 18 2020,0.0,mouse_gene_v2.5.h5,2.5,False,False,True,mouse,train,seen_study
GSM4912801,GSE161693,Mus musculus,WT-Unloading rep2,WT-Unloading_gastrocnemius muscle,"strain: C57BL/6,genotype: Notch2f/f,treatment: 7-days hindlimb suspension,tissue: Gastrocnemius muscle",GPL24247,RNA-Seq,transcriptomic,Illumina NovaSeq 6000,total RNA,Nov 18 2020,0.0,mouse_gene_v2.5.h5,2.5,False,False,True,mouse,train,seen_study
GSM4912802,GSE161693,Mus musculus,WT-Unloading rep3,WT-Unloading_gastrocnemius muscle,"strain: C57BL/6,genotype: Notch2f/f,treatment: 7-days hindlimb suspension,tissue: Gastrocnemius muscle",GPL24247,RNA-Seq,transcriptomic,Illumina NovaSeq 6000,total RNA,Nov 18 2020,0.0,mouse_gene_v2.5.h5,2.5,False,False,True,mouse,train,seen_study
GSM4912803,GSE161693,Mus musculus,WT-Unloading rep4,WT-Unloading_gastrocnemius muscle,"strain: C57BL/6,genotype: Notch2f/f,treatment: 7-days hindlimb suspension,tissue: Gastrocnemius muscle",GPL24247,RNA-Seq,transcriptomic,Illumina NovaSeq 6000,total RNA,Nov 18 2020,0.006032241144260104,mouse_gene_v2.5.h5,2.5,False,False,True,mouse,train,seen_study
GSM4912812,GSE161693,Mus musculus,Notch2-mKO-Unloading rep1,Notch2-mKO-Unloading_gastrocnemius muscle,"strain: C57BL/6,genotype: Mlc1fCre/+;Notch2f/f,treatment: 7-days hindlimb suspension,tissue: Gastrocnemius muscle",GPL24247,RNA-Seq,transcriptomic,Illumina NovaSeq 6000,total RNA,Nov 18 2020,0.00036897810204774043,mouse_gene_v2.5.h5,2.5,False,False,True,mouse,train,seen_study
GSM4912813,GSE161693,Mus musculus,Notch2-mKO-Unloading rep2,Notch2-mKO-Unloading_gastrocnemius muscle,"strain: C57BL/6,genotype: Mlc1fCre/+;Notch2f/f,treatment: 7-days hindlimb suspension,tissue: Gastrocnemius muscle",GPL24247,RNA-Seq,transcriptomic,Illumina NovaSeq 6000,total RNA,Nov 18 2020,0.002194143233990224,mouse_gene_v2.5.h5,2.5,False,False,True,mouse,train,seen_study
GSM4912814,GSE161693,Mus musculus,Notch2-mKO-Unloading rep3,Notch2-mKO-Unloading_gastrocnemius muscle,"strain: C57BL/6,genotype: Mlc1fCre/+;Notch2f/f,treatment: 7-days hindlimb suspension,tissue: Gastrocnemius muscle",GPL24247,RNA-Seq,transcriptomic,Illumina NovaSeq 6000,total RNA,Nov 18 2020,0.0006905221767248487,mouse_gene_v2.5.h5,2.5,False,False,True,mouse,train,seen_study
GSM4912815,GSE161693,Mus musculus,Notch2-mKO-Unloading rep4,Notch2-mKO-Unloading_gastrocnemius muscle,"strain: C57BL/6,genotype: Mlc1fCre/+;Notch2f/f,treatment: 7-days hindlimb suspension,tissue: Gastrocnemius muscle",GPL24247,RNA-Seq,transcriptomic,Illumina NovaSeq 6000,total RNA,Nov 18 2020,0.0,mouse_gene_v2.5.h5,2.5,False,False,True,mouse,train,seen_study
GSM5105517,GSE167462,Mus musculus,18465X5 HU Control 1,Gastrocnemius Muscle,"strain: C57BL/6,treatment: Water,intervention: Hindlimb Unloading,Sex: male,age: 22-24 mo",GPL24247,RNA-Seq,transcriptomic,Illumina NovaSeq 6000,total RNA,Feb 24 2021,0.006156614667150783,mouse_gene_v2.5.h5,2.5,False,False,True,mouse,train,seen_study
GSM5105518,GSE167462,Mus musculus,18465X6 HU Control 2,Gastrocnemius Muscle,"strain: C57BL/6,treatment: Water,intervention: Hindlimb Unloading,Sex: male,age: 22-24 mo",GPL24247,RNA-Seq,transcriptomic,Illumina NovaSeq 6000,total RNA,Feb 24 2021,0.0014798570141301233,mouse_gene_v2.5.h5,2.5,False,False,True,mouse,train,seen_study
GSM5105519,GSE167462,Mus musculus,18465X7 HU Control 3,Gastrocnemius Muscle,"strain: C57BL/6,treatment: Water,intervention: Hindlimb Unloading,Sex: male,age: 22-24 mo",GPL24247,RNA-Seq,transcriptomic,Illumina NovaSeq 6000,total RNA,Feb 24 2021,0.00931068050821494,mouse_gene_v2.5.h5,2.5,False,False,True,mouse,train,seen_study
GSM5105520,GSE167462,Mus musculus,18465X8 HU Control 4,Gastrocnemius Muscle,"strain: C57BL/6,treatment: Water,intervention: Hindlimb Unloading,Sex: male,age: 22-24 mo",GPL24247,RNA-Seq,transcriptomic,Illumina NovaSeq 6000,total RNA,Feb 24 2021,0.00935851203479528,mouse_gene_v2.5.h5,2.5,False,False,True,mouse,train,seen_study
GSM5105521,GSE167462,Mus musculus,18465X9 HU Metformin 1,Gastrocnemius Muscle,"strain: C57BL/6,treatment: Metformin,intervention: Hindlimb Unloading,Sex: male,age: 22-24 mo",GPL24247,RNA-Seq,transcriptomic,Illumina NovaSeq 6000,total RNA,Feb 24 2021,0.008597093989960178,mouse_gene_v2.5.h5,2.5,False,False,True,mouse,train,seen_study
GSM5105522,GSE167462,Mus musculus,18465X10 HU Metformin 2,Gastrocnemius Muscle,"strain: C57BL/6,treatment: Metformin,intervention: Hindlimb Unloading,Sex: male,age: 22-24 mo",GPL24247,RNA-Seq,transcriptomic,Illumina NovaSeq 6000,total RNA,Feb 24 2021,0.00931068050821494,mouse_gene_v2.5.h5,2.5,False,False,True,mouse,train,seen_study
GSM5105523,GSE167462,Mus musculus,18465X11 HU Metformin 3,Gastrocnemius Muscle,"strain: C57BL/6,treatment: Metformin,intervention: Hindlimb Unloading,Sex: male,age: 22-24 mo",GPL24247,RNA-Seq,transcriptomic,Illumina NovaSeq 6000,total RNA,Feb 24 2021,0.011162873722202055,mouse_gene_v2.5.h5,2.5,False,False,True,mouse,train,seen_study
GSM5105524,GSE167462,Mus musculus,18465X12 HU Metformin 4,Gastrocnemius Muscle,"strain: C57BL/6,treatment: Metformin,intervention: Hindlimb Unloading,Sex: male,age: 22-24 mo",GPL24247,RNA-Seq,transcriptomic,Illumina NovaSeq 6000,total RNA,Feb 24 2021,0.009082161590967896,mouse_gene_v2.5.h5,2.5,False,False,True,mouse,train,seen_study
GSM5105525,GSE167462,Mus musculus,18465X13 HU Leucine 1,Gastrocnemius Muscle,"strain: C57BL/6,treatment: Leucine,intervention: Hindlimb Unloading,Sex: male,age: 22-24 mo",GPL24247,RNA-Seq,transcriptomic,Illumina NovaSeq 6000,total RNA,Feb 24 2021,0.008671117135562754,mouse_gene_v2.5.h5,2.5,False,False,True,mouse,train,seen_study
GSM5105526,GSE167462,Mus musculus,18465X14 HU Leucine 2,Gastrocnemius Muscle,"strain: C57BL/6,treatment: Leucine,intervention: Hindlimb Unloading,Sex: male,age: 22-24 mo",GPL24247,RNA-Seq,transcriptomic,Illumina NovaSeq 6000,total RNA,Feb 24 2021,0.006152450367900024,mouse_gene_v2.5.h5,2.5,False,False,True,mouse,train,seen_study
GSM5105527,GSE167462,Mus musculus,18465X15 HU Leucine 3,Gastrocnemius Muscle,"strain: C57BL/6,treatment: Leucine,intervention: Hindlimb Unloading,Sex: male,age: 22-24 mo",GPL24247,RNA-Seq,transcriptomic,Illumina NovaSeq 6000,total RNA,Feb 24 2021,0.008671117135562754,mouse_gene_v2.5.h5,2.5,False,False,True,mouse,train,seen_study
GSM5105528,GSE167462,Mus musculus,18465X16 HU Leucine 5,Gastrocnemius Muscle,"strain: C57BL/6,treatment: Leucine,intervention: Hindlimb Unloading,Sex: male,age: 22-24 mo",GPL24247,RNA-Seq,transcriptomic,Illumina NovaSeq 6000,total RNA,Feb 24 2021,0.009082161590967896,mouse_gene_v2.5.h5,2.5,False,False,True,mouse,train,seen_study
GSM5105529,GSE167462,Mus musculus,18465X17 HU Met+Leu 1,Gastrocnemius Muscle,"strain: C57BL/6,treatment: Metformin and Leucine combo,intervention: Hindlimb Unloading,Sex: male,age: 22-24 mo",GPL24247,RNA-Seq,transcriptomic,Illumina NovaSeq 6000,total RNA,Feb 24 2021,0.008957204780304142,mouse_gene_v2.5.h5,2.5,False,False,True,mouse,train,seen_study
GSM5105530,GSE167462,Mus musculus,18465X18 HU Met+Leu 4,Gastrocnemius Muscle,"strain: C57BL/6,treatment: Metformin and Leucine combo,intervention: Hindlimb Unloading,Sex: male,age: 22-24 mo",GPL24247,RNA-Seq,transcriptomic,Illumina NovaSeq 6000,total RNA,Feb 24 2021,0.008489181048665317,mouse_gene_v2.5.h5,2.5,False,False,True,mouse,train,seen_study
GSM5105531,GSE167462,Mus musculus,18465X19 HU Met+Leu 5,Gastrocnemius Muscle,"strain: C57BL/6,treatment: Metformin and Leucine combo,intervention: Hindlimb Unloading,Sex: male,age: 22-24 mo",GPL24247,RNA-Seq,transcriptomic,Illumina NovaSeq 6000,total RNA,Feb 24 2021,0.00931068050821494,mouse_gene_v2.5.h5,2.5,False,False,True,mouse,train,seen_study
GSM5105532,GSE167462,Mus musculus,18465X20 HU Met+Leu 6,Gastrocnemius Muscle,"strain: C57BL/6,treatment: Metformin and Leucine combo,intervention: Hindlimb Unloading,Sex: male,age: 22-24 mo",GPL24247,RNA-Seq,transcriptomic,Illumina NovaSeq 6000,total RNA,Feb 24 2021,0.008035718062161327,mouse_gene_v2.5.h5,2.5,False,False,True,mouse,train,seen_study
GSM5105533,GSE167462,Mus musculus,18465X21 7d RL Control 1,Gastrocnemius Muscle,"strain: C57BL/6,treatment: Water,intervention: Hindlimb Unloading + 7d reloading,Sex: male,age: 22-24 mo",GPL24247,RNA-Seq,transcriptomic,Illumina NovaSeq 6000,total RNA,Feb 24 2021,0.009003326680161997,mouse_gene_v2.5.h5,2.5,False,False,True,mouse,train,seen_study
GSM5105534,GSE167462,Mus musculus,18465X22 7d RL Control 2,Gastrocnemius Muscle,"strain: C57BL/6,treatment: Water,intervention: Hindlimb Unloading + 7d reloading,Sex: male,age: 22-24 mo",GPL24247,RNA-Seq,transcriptomic,Illumina NovaSeq 6000,total RNA,Feb 24 2021,0.00931068050821494,mouse_gene_v2.5.h5,2.5,False,False,True,mouse,val,seen_study
GSM5105535,GSE167462,Mus musculus,18465X23 7d RL Control 3,Gastrocnemius Muscle,"strain: C57BL/6,treatment: Water,intervention: Hindlimb Unloading + 7d reloading,Sex: male,age: 22-24 mo",GPL24247,RNA-Seq,transcriptomic,Illumina NovaSeq 6000,total RNA,Feb 24 2021,0.008671117135562754,mouse_gene_v2.5.h5,2.5,False,False,True,mouse,train,seen_study
GSM5105536,GSE167462,Mus musculus,18465X24 7d RL Control 4,Gastrocnemius Muscle,"strain: C57BL/6,treatment: Water,intervention: Hindlimb Unloading + 7d reloading,Sex: male,age: 22-24 mo",GPL24247,RNA-Seq,transcriptomic,Illumina NovaSeq 6000,total RNA,Feb 24 2021,0.008671117135562754,mouse_gene_v2.5.h5,2.5,False,False,True,mouse,train,seen_study
GSM5105537,GSE167462,Mus musculus,18465X25 7d RL Metformin 1,Gastrocnemius Muscle,"strain: C57BL/6,treatment: Metformin,intervention: Hindlimb Unloading + 7d reloading,Sex: male,age: 22-24 mo",GPL24247,RNA-Seq,transcriptomic,Illumina NovaSeq 6000,total RNA,Feb 24 2021,0.009082161590967896,mouse_gene_v2.5.h5,2.5,False,False,True,mouse,train,seen_study
GSM5105538,GSE167462,Mus musculus,18465X26 7d RL Metformin 2,Gastrocnemius Muscle,"strain: C57BL/6,treatment: Metformin,intervention: Hindlimb Unloading + 7d reloading,Sex: male,age: 22-24 mo",GPL24247,RNA-Seq,transcriptomic,Illumina NovaSeq 6000,total RNA,Feb 24 2021,0.008446762517566469,mouse_gene_v2.5.h5,2.5,False,False,True,mouse,train,seen_study
GSM5105539,GSE167462,Mus musculus,18465X27 7d RL Metformin 3,Gastrocnemius Muscle,"strain: C57BL/6,treatment: Metformin,intervention: Hindlimb Unloading + 7d reloading,Sex: male,age: 22-24 mo",GPL24247,RNA-Seq,transcriptomic,Illumina NovaSeq 6000,total RNA,Feb 24 2021,0.009082161590967896,mouse_gene_v2.5.h5,2.5,False,False,True,mouse,train,seen_study
GSM5105540,GSE167462,Mus musculus,18465X28 7d RL Metformin 4,Gastrocnemius Muscle,"strain: C57BL/6,treatment: Metformin,intervention: Hindlimb Unloading + 7d reloading,Sex: male,age: 22-24 mo",GPL24247,RNA-Seq,transcriptomic,Illumina NovaSeq 6000,total RNA,Feb 24 2021,0.00931068050821494,mouse_gene_v2.5.h5,2.5,False,False,True,mouse,train,seen_study
GSM5105541,GSE167462,Mus musculus,18465X29 7d RL Leucine 1,Gastrocnemius Muscle,"strain: C57BL/6,treatment: Leucine,intervention: Hindlimb Unloading + 7d reloading,Sex: male,age: 22-24 mo",GPL24247,RNA-Seq,transcriptomic,Illumina NovaSeq 6000,total RNA,Feb 24 2021,0.009003326680161997,mouse_gene_v2.5.h5,2.5,False,False,True,mouse,train,seen_study
GSM5105542,GSE167462,Mus musculus,18465X30 7d RL Leucine 2,Gastrocnemius Muscle,"strain: C57BL/6,treatment: Leucine,intervention: Hindlimb Unloading + 7d reloading,Sex: male,age: 22-24 mo",GPL24247,RNA-Seq,transcriptomic,Illumina NovaSeq 6000,total RNA,Feb 24 2021,0.010220120820747684,mouse_gene_v2.5.h5,2.5,False,False,True,mouse,train,seen_study
GSM5105543,GSE167462,Mus musculus,18465X31 7d RL Leucine 3,Gastrocnemius Muscle,"strain: C57BL/6,treatment: Leucine,intervention: Hindlimb Unloading + 7d reloading,Sex: male,age: 22-24 mo",GPL24247,RNA-Seq,transcriptomic,Illumina NovaSeq 6000,total RNA,Feb 24 2021,0.01046528734970657,mouse_gene_v2.5.h5,2.5,False,False,True,mouse,train,seen_study
GSM5105544,GSE167462,Mus musculus,18465X32 7d RL Leucine 5,Gastrocnemius Muscle,"strain: C57BL/6,treatment: Leucine,intervention: Hindlimb Unloading + 7d reloading,Sex: male,age: 22-24 mo",GPL24247,RNA-Seq,transcriptomic,Illumina NovaSeq 6000,total RNA,Feb 24 2021,0.010527474648800628,mouse_gene_v2.5.h5,2.5,False,False,True,mouse,train,seen_study
GSM5105545,GSE167462,Mus musculus,18465X33 7d RL Met+Leu 1,Gastrocnemius Muscle,"strain: C57BL/6,treatment: Metformin and Leucine combo,intervention: Hindlimb Unloading + 7d reloading,Sex: male,age: 22-24 mo",GPL24247,RNA-Seq,transcriptomic,Illumina NovaSeq 6000,total RNA,Feb 24 2021,0.009082161590967896,mouse_gene_v2.5.h5,2.5,False,False,True,mouse,train,seen_study
GSM5105546,GSE167462,Mus musculus,18465X34 7d RL Met+Leu 3,Gastrocnemius Muscle,"strain: C57BL/6,treatment: Metformin and Leucine combo,intervention: Hindlimb Unloading + 7d reloading,Sex: male,age: 22-24 mo",GPL24247,RNA-Seq,transcriptomic,Illumina NovaSeq 6000,total RNA,Feb 24 2021,0.00931068050821494,mouse_gene_v2.5.h5,2.5,False,False,True,mouse,val,seen_study
GSM5105547,GSE167462,Mus musculus,18465X35 7d RL Met+Leu 4,Gastrocnemius Muscle,"strain: C57BL/6,treatment: Metformin and Leucine combo,intervention: Hindlimb Unloading + 7d reloading,Sex: male,age: 22-24 mo",GPL24247,RNA-Seq,transcriptomic,Illumina NovaSeq 6000,total RNA,Feb 24 2021,0.00836792760676057,mouse_gene_v2.5.h5,2.5,False,False,True,mouse,train,seen_study
GSM5105548,GSE167462,Mus musculus,18465X36 7d RL Met+Leu 6,Gastrocnemius Muscle,"strain: C57BL/6,treatment: Metformin and Leucine combo,intervention: Hindlimb Unloading + 7d reloading,Sex: male,age: 22-24 mo",GPL24247,RNA-Seq,transcriptomic,Illumina NovaSeq 6000,total RNA,Feb 24 2021,0.00931068050821494,mouse_gene_v2.5.h5,2.5,False,False,True,mouse,train,seen_study
GSM5105549,GSE167462,Mus musculus,18465X37 14d RL Control 1,Gastrocnemius Muscle,"strain: C57BL/6,treatment: Water,intervention: Hindlimb Unloading + 14d reloading,Sex: male,age: 22-24 mo",GPL24247,RNA-Seq,transcriptomic,Illumina NovaSeq 6000,total RNA,Feb 24 2021,0.00931068050821494,mouse_gene_v2.5.h5,2.5,False,False,True,mouse,train,seen_study
GSM5105550,GSE167462,Mus musculus,18465X38 14d RL Control 3,Gastrocnemius Muscle,"strain: C57BL/6,treatment: Water,intervention: Hindlimb Unloading + 14d reloading,Sex: male,age: 22-24 mo",GPL24247,RNA-Seq,transcriptomic,Illumina NovaSeq 6000,total RNA,Feb 24 2021,0.00931068050821494,mouse_gene_v2.5.h5,2.5,False,False,True,mouse,train,seen_study
GSM5105551,GSE167462,Mus musculus,18465X39 14d RL Control 4,Gastrocnemius Muscle,"strain: C57BL/6,treatment: Water,intervention: Hindlimb Unloading + 14d reloading,Sex: male,age: 22-24 mo",GPL24247,RNA-Seq,transcriptomic,Illumina NovaSeq 6000,total RNA,Feb 24 2021,0.009082161590967896,mouse_gene_v2.5.h5,2.5,False,False,True,mouse,val,seen_study
GSM5105552,GSE167462,Mus musculus,18465X40 14d RL Control 5,Gastrocnemius Muscle,"strain: C57BL/6,treatment: Water,intervention: Hindlimb Unloading + 14d reloading,Sex: male,age: 22-24 mo",GPL24247,RNA-Seq,transcriptomic,Illumina NovaSeq 6000,total RNA,Feb 24 2021,0.008446762517566469,mouse_gene_v2.5.h5,2.5,False,False,True,mouse,train,seen_study
GSM5105553,GSE167462,Mus musculus,18465X41 14d RL Metformin 1,Gastrocnemius Muscle,"strain: C57BL/6,treatment: Metformin,intervention: Hindlimb Unloading + 14d reloading,Sex: male,age: 22-24 mo",GPL24247,RNA-Seq,transcriptomic,Illumina NovaSeq 6000,total RNA,Feb 24 2021,0.00679201374055221,mouse_gene_v2.5.h5,2.5,False,False,True,mouse,val,seen_study
GSM5105554,GSE167462,Mus musculus,18465X42 14d RL Metformin 2,Gastrocnemius Muscle,"strain: C57BL/6,treatment: Metformin,intervention: Hindlimb Unloading + 14d reloading,Sex: male,age: 22-24 mo",GPL24247,RNA-Seq,transcriptomic,Illumina NovaSeq 6000,total RNA,Feb 24 2021,0.008035718062161327,mouse_gene_v2.5.h5,2.5,False,False,True,mouse,train,seen_study
GSM5105555,GSE167462,Mus musculus,18465X43 14d RL Metformin 5,Gastrocnemius Muscle,"strain: C57BL/6,treatment: Metformin,intervention: Hindlimb Unloading + 14d reloading,Sex: male,age: 22-24 mo",GPL24247,RNA-Seq,transcriptomic,Illumina NovaSeq 6000,total RNA,Feb 24 2021,0.008671117135562754,mouse_gene_v2.5.h5,2.5,False,False,True,mouse,train,seen_study
GSM5105556,GSE167462,Mus musculus,18465X44 14d RL Metformin 6,Gastrocnemius Muscle,"strain: C57BL/6,treatment: Metformin,intervention: Hindlimb Unloading + 14d reloading,Sex: male,age: 22-24 mo",GPL24247,RNA-Seq,transcriptomic,Illumina NovaSeq 6000,total RNA,Feb 24 2021,0.007924286048011321,mouse_gene_v2.5.h5,2.5,False,False,True,mouse,train,seen_study
GSM5105557,GSE167462,Mus musculus,18465X45 14d RL Leucine 1,Gastrocnemius Muscle,"strain: C57BL/6,treatment: Leucine,intervention: Hindlimb Unloading + 14d reloading,Sex: male,age: 22-24 mo",GPL24247,RNA-Seq,transcriptomic,Illumina NovaSeq 6000,total RNA,Feb 24 2021,0.009082161590967896,mouse_gene_v2.5.h5,2.5,False,False,True,mouse,val,seen_study
GSM5105558,GSE167462,Mus musculus,18465X46 14d RL Leucine 2,Gastrocnemius Muscle,"strain: C57BL/6,treatment: Leucine,intervention: Hindlimb Unloading + 14d reloading,Sex: male,age: 22-24 mo",GPL24247,RNA-Seq,transcriptomic,Illumina NovaSeq 6000,total RNA,Feb 24 2021,0.00931068050821494,mouse_gene_v2.5.h5,2.5,False,False,True,mouse,train,seen_study
GSM5105559,GSE167462,Mus musculus,18465X47 14d RL Leucine 4,Gastrocnemius Muscle,"strain: C57BL/6,treatment: Leucine,intervention: Hindlimb Unloading + 14d reloading,Sex: male,age: 22-24 mo",GPL24247,RNA-Seq,transcriptomic,Illumina NovaSeq 6000,total RNA,Feb 24 2021,0.006385133584397827,mouse_gene_v2.5.h5,2.5,False,False,True,mouse,val,seen_study
GSM5105560,GSE167462,Mus musculus,18465X48 14d RL Leucine 5,Gastrocnemius Muscle,"strain: C57BL/6,treatment: Leucine,intervention: Hindlimb Unloading + 14d reloading,Sex: male,age: 22-24 mo",GPL24247,RNA-Seq,transcriptomic,Illumina NovaSeq 6000,total RNA,Feb 24 2021,0.0077283642341083834,mouse_gene_v2.5.h5,2.5,False,False,True,mouse,train,seen_study
GSM5105561,GSE167462,Mus musculus,18465X49 14d Met+Leu 1,Gastrocnemius Muscle,"strain: C57BL/6,treatment: Metformin and Leucine combo,intervention: Hindlimb Unloading + 14d reloading,Sex: male,age: 22-24 mo",GPL24247,RNA-Seq,transcriptomic,Illumina NovaSeq 6000,total RNA,Feb 24 2021,0.005046027534346554,mouse_gene_v2.5.h5,2.5,False,False,True,mouse,train,seen_study
GSM5105562,GSE167462,Mus musculus,18465X50 14d Met+Leu 3,Gastrocnemius Muscle,"strain: C57BL/6,treatment: Metformin and Leucine combo,intervention: Hindlimb Unloading + 14d reloading,Sex: male,age: 22-24 mo",GPL24247,RNA-Seq,transcriptomic,Illumina NovaSeq 6000,total RNA,Feb 24 2021,0.00836376330750981,mouse_gene_v2.5.h5,2.5,False,False,True,mouse,train,seen_study
GSM5105563,GSE167462,Mus musculus,18465X51 14d Met+Leu 4,Gastrocnemius Muscle,"strain: C57BL/6,treatment: Metformin and Leucine combo,intervention: Hindlimb Unloading + 14d reloading,Sex: male,age: 22-24 mo",GPL24247,RNA-Seq,transcriptomic,Illumina NovaSeq 6000,total RNA,Feb 24 2021,0.007924286048011321,mouse_gene_v2.5.h5,2.5,False,False,True,mouse,train,seen_study
GSM5105564,GSE167462,Mus musculus,18465X52 14d Met+Leu 6,Gastrocnemius Muscle,"strain: C57BL/6,treatment: Metformin and Leucine combo,intervention: Hindlimb Unloading + 14d reloading,Sex: male,age: 22-24 mo",GPL24247,RNA-Seq,transcriptomic,Illumina NovaSeq 6000,total RNA,Feb 24 2021,0.01052331034954987,mouse_gene_v2.5.h5,2.5,False,False,True,mouse,train,seen_study
GSM5629724,GSE186045,Homo sapiens,1A-post bedrest muscle biopsy RNA-seq library,muscle biopsy obtained from the midbelly of the right (pre) and left (post) vastus lateralis muscle,"subject id: 1A,Sex: male,subject age at sample biopsy: 23,sample regimen: post 5 week bedrest,sample intervention: Exercise",GPL20301,RNA-Seq,transcriptomic,Illumina HiSeq 4000,total RNA,Oct 18 2021,0.003146460236086373,human_gene_v2.5.h5,2.5,False,False,True,human,train,seen_study
GSM5629725,GSE186045,Homo sapiens,1A-pre bedrest muscle biopsy RNA-seq library,muscle biopsy obtained from the midbelly of the right (pre) and left (post) vastus lateralis muscle,"subject id: 1A,Sex: male,subject age at sample biopsy: 23,sample regimen: pre-bedrest,sample intervention: Not applicable (Pre-regimen)",GPL20301,RNA-Seq,transcriptomic,Illumina HiSeq 4000,total RNA,Oct 18 2021,0.005806161225747728,human_gene_v2.5.h5,2.5,False,False,True,human,val,seen_study
GSM5629726,GSE186045,Homo sapiens,1B-post bedrest muscle biopsy RNA-seq library,muscle biopsy obtained from the midbelly of the right (pre) and left (post) vastus lateralis muscle,"subject id: 1B,Sex: male,subject age at sample biopsy: 20,sample regimen: post 5 week bedrest,sample intervention: Control",GPL20301,RNA-Seq,transcriptomic,Illumina HiSeq 4000,total RNA,Oct 18 2021,0.008297909942713132,human_gene_v2.5.h5,2.5,False,False,True,human,train,seen_study
GSM5629727,GSE186045,Homo sapiens,1B-pre bedrest muscle biopsy RNA-seq library,muscle biopsy obtained from the midbelly of the right (pre) and left (post) vastus lateralis muscle,"subject id: 1B,Sex: male,subject age at sample biopsy: 20,sample regimen: pre-bedrest,sample intervention: Not applicable (Pre-regimen)",GPL20301,RNA-Seq,transcriptomic,Illumina HiSeq 4000,total RNA,Oct 18 2021,0.0,human_gene_v2.5.h5,2.5,False,False,True,human,train,seen_study
GSM5629728,GSE186045,Homo sapiens,2A-post bedrest muscle biopsy RNA-seq library,muscle biopsy obtained from the midbelly of the right (pre) and left (post) vastus lateralis muscle,"subject id: 2A,Sex: male,subject age at sample biopsy: 25,sample regimen: post 5 week bedrest,sample intervention: Control",GPL20301,RNA-Seq,transcriptomic,Illumina HiSeq 4000,total RNA,Oct 18 2021,0.007679895744390052,human_gene_v2.5.h5,2.5,False,False,True,human,train,seen_study
GSM5629729,GSE186045,Homo sapiens,2A-pre bedrest muscle biopsy RNA-seq library,muscle biopsy obtained from the midbelly of the right (pre) and left (post) vastus lateralis muscle,"subject id: 2A,Sex: male,subject age at sample biopsy: 25,sample regimen: pre-bedrest,sample intervention: Not applicable (Pre-regimen)",GPL20301,RNA-Seq,transcriptomic,Illumina HiSeq 4000,total RNA,Oct 18 2021,0.00174377812329486,human_gene_v2.5.h5,2.5,False,False,True,human,train,seen_study
GSM5629730,GSE186045,Homo sapiens,2B-post bedrest muscle biopsy RNA-seq library,muscle biopsy obtained from the midbelly of the right (pre) and left (post) vastus lateralis muscle,"subject id: 2B,Sex: male,subject age at sample biopsy: 25,sample regimen: post 5 week bedrest,sample intervention: Exercise",GPL20301,RNA-Seq,transcriptomic,Illumina HiSeq 4000,total RNA,Oct 18 2021,0.007162823209043995,human_gene_v2.5.h5,2.5,False,False,True,human,train,seen_study
GSM5629731,GSE186045,Homo sapiens,2B-pre bedrest muscle biopsy RNA-seq library,muscle biopsy obtained from the midbelly of the right (pre) and left (post) vastus lateralis muscle,"subject id: 2B,Sex: male,subject age at sample biopsy: 25,sample regimen: pre-bedrest,sample intervention: Not applicable (Pre-regimen)",GPL20301,RNA-Seq,transcriptomic,Illumina HiSeq 4000,total RNA,Oct 18 2021,0.00944627098154664,human_gene_v2.5.h5,2.5,False,False,True,human,val,seen_study
GSM5629732,GSE186045,Homo sapiens,3A-post bedrest muscle biopsy RNA-seq library,muscle biopsy obtained from the midbelly of the right (pre) and left (post) vastus lateralis muscle,"subject id: 3A,Sex: male,subject age at sample biopsy: 49,sample regimen: post 5 week bedrest,sample intervention: Exercise",GPL20301,RNA-Seq,transcriptomic,Illumina HiSeq 4000,total RNA,Oct 18 2021,0.00924629952263835,human_gene_v2.5.h5,2.5,False,False,True,human,train,seen_study
GSM5629733,GSE186045,Homo sapiens,3A-pre bedrest muscle biopsy RNA-seq library,muscle biopsy obtained from the midbelly of the right (pre) and left (post) vastus lateralis muscle,"subject id: 3A,Sex: male,subject age at sample biopsy: 49,sample regimen: pre-bedrest,sample intervention: Not applicable (Pre-regimen)",GPL20301,RNA-Seq,transcriptomic,Illumina HiSeq 4000,total RNA,Oct 18 2021,0.00174377812329486,human_gene_v2.5.h5,2.5,False,False,True,human,train,seen_study
GSM5629734,GSE186045,Homo sapiens,3B-post bedrest muscle biopsy RNA-seq library,muscle biopsy obtained from the midbelly of the right (pre) and left (post) vastus lateralis muscle,"subject id: 3B,Sex: male,subject age at sample biopsy: 47,sample regimen: post 5 week bedrest,sample intervention: Control",GPL20301,RNA-Seq,transcriptomic,Illumina HiSeq 4000,total RNA,Oct 18 2021,0.009680831650735121,human_gene_v2.5.h5,2.5,False,False,True,human,train,seen_study
GSM5629735,GSE186045,Homo sapiens,3B-pre bedrest muscle biopsy RNA-seq library,muscle biopsy obtained from the midbelly of the right (pre) and left (post) vastus lateralis muscle,"subject id: 3B,Sex: male,subject age at sample biopsy: 47,sample regimen: pre-bedrest,sample intervention: Not applicable (Pre-regimen)",GPL20301,RNA-Seq,transcriptomic,Illumina HiSeq 4000,total RNA,Oct 18 2021,0.006232292375114336,human_gene_v2.5.h5,2.5,False,False,True,human,train,seen_study
GSM5629736,GSE186045,Homo sapiens,4A-post bedrest muscle biopsy RNA-seq library,muscle biopsy obtained from the midbelly of the right (pre) and left (post) vastus lateralis muscle,"subject id: 4A,Sex: male,subject age at sample biopsy: 42,sample regimen: post 5 week bedrest,sample intervention: Exercise",GPL20301,RNA-Seq,transcriptomic,Illumina HiSeq 4000,total RNA,Oct 18 2021,0.014158127512901308,human_gene_v2.5.h5,2.5,False,False,True,human,train,seen_study
GSM5629737,GSE186045,Homo sapiens,4A-pre bedrest muscle biopsy RNA-seq library,muscle biopsy obtained from the midbelly of the right (pre) and left (post) vastus lateralis muscle,"subject id: 4A,Sex: male,subject age at sample biopsy: 42,sample regimen: pre-bedrest,sample intervention: Not applicable (Pre-regimen)",GPL20301,RNA-Seq,transcriptomic,Illumina HiSeq 4000,total RNA,Oct 18 2021,0.0016963380211966906,human_gene_v2.5.h5,2.5,False,False,True,human,train,seen_study
GSM5629738,GSE186045,Homo sapiens,4B-post bedrest muscle biopsy RNA-seq library,muscle biopsy obtained from the midbelly of the right (pre) and left (post) vastus lateralis muscle,"subject id: 4B,Sex: male,subject age at sample biopsy: 42,sample regimen: post 5 week bedrest,sample intervention: Control",GPL20301,RNA-Seq,transcriptomic,Illumina HiSeq 4000,total RNA,Oct 18 2021,0.0022134105565427458,human_gene_v2.5.h5,2.5,False,False,True,human,train,seen_study
GSM5629739,GSE186045,Homo sapiens,4B-pre bedrest muscle biopsy RNA-seq library,muscle biopsy obtained from the midbelly of the right (pre) and left (post) vastus lateralis muscle,"subject id: 4B,Sex: male,subject age at sample biopsy: 42,sample regimen: pre-bedrest,sample intervention: Not applicable (Pre-regimen)",GPL20301,RNA-Seq,transcriptomic,Illumina HiSeq 4000,total RNA,Oct 18 2021,0.004342385921875711,human_gene_v2.5.h5,2.5,False,False,True,human,train,seen_study
GSM5629740,GSE186045,Homo sapiens,5A-post bedrest muscle biopsy RNA-seq library,muscle biopsy obtained from the midbelly of the right (pre) and left (post) vastus lateralis muscle,"subject id: 5A,Sex: male,subject age at sample biopsy: 19,sample regimen: post 5 week bedrest,sample intervention: Control",GPL20301,RNA-Seq,transcriptomic,Illumina HiSeq 4000,total RNA,Oct 18 2021,0.0009407471174520062,human_gene_v2.5.h5,2.5,False,False,True,human,train,seen_study
GSM5629741,GSE186045,Homo sapiens,5A-pre bedrest muscle biopsy RNA-seq library,muscle biopsy obtained from the midbelly of the right (pre) and left (post) vastus lateralis muscle,"subject id: 5A,Sex: male,subject age at sample biopsy: 20,sample regimen: pre-bedrest,sample intervention: Not applicable (Pre-regimen)",GPL20301,RNA-Seq,transcriptomic,Illumina HiSeq 4000,total RNA,Oct 18 2021,0.0012951744533180258,human_gene_v2.5.h5,2.5,False,False,True,human,train,seen_study
GSM5629742,GSE186045,Homo sapiens,5B-post bedrest muscle biopsy RNA-seq library,muscle biopsy obtained from the midbelly of the right (pre) and left (post) vastus lateralis muscle,"subject id: 5B,Sex: male,subject age at sample biopsy: 20,sample regimen: post 5 week bedrest,sample intervention: Exercise",GPL20301,RNA-Seq,transcriptomic,Illumina HiSeq 4000,total RNA,Oct 18 2021,0.004646577715669638,human_gene_v2.5.h5,2.5,False,False,True,human,val,seen_study
GSM5629743,GSE186045,Homo sapiens,5B-pre bedrest muscle biopsy RNA-seq library,muscle biopsy obtained from the midbelly of the right (pre) and left (post) vastus lateralis muscle,"subject id: 5B,Sex: male,subject age at sample biopsy: 20,sample regimen: pre-bedrest,sample intervention: Not applicable (Pre-regimen)",GPL20301,RNA-Seq,transcriptomic,Illumina HiSeq 4000,total RNA,Oct 18 2021,0.0035101533604514484,human_gene_v2.5.h5,2.5,False,False,True,human,train,seen_study
GSM5629744,GSE186045,Homo sapiens,6A-post bedrest muscle biopsy RNA-seq library,muscle biopsy obtained from the midbelly of the right (pre) and left (post) vastus lateralis muscle,"subject id: 6A,Sex: female,subject age at sample biopsy: 22,sample regimen: post 5 week bedrest,sample intervention: Control",GPL20301,RNA-Seq,transcriptomic,Illumina HiSeq 4000,total RNA,Oct 18 2021,0.00301268721698986,human_gene_v2.5.h5,2.5,False,False,True,human,train,seen_study
GSM5629745,GSE186045,Homo sapiens,6A-pre bedrest muscle biopsy RNA-seq library,muscle biopsy obtained from the midbelly of the right (pre) and left (post) vastus lateralis muscle,"subject id: 6A,Sex: female,subject age at sample biopsy: 22,sample regimen: pre-bedrest,sample intervention: Not applicable (Pre-regimen)",GPL20301,RNA-Seq,transcriptomic,Illumina HiSeq 4000,total RNA,Oct 18 2021,0.005347429120698717,human_gene_v2.5.h5,2.5,False,False,True,human,val,seen_study
GSM5629746,GSE186045,Homo sapiens,6B1-post bedrest muscle biopsy RNA-seq library,muscle biopsy obtained from the midbelly of the right (pre) and left (post) vastus lateralis muscle,"subject id: 6B1,Sex: female,subject age at sample biopsy: 22,sample regimen: post 5 week bedrest,sample intervention: Exercise",GPL20301,RNA-Seq,transcriptomic,Illumina HiSeq 4000,total RNA,Oct 18 2021,0.00301268721698986,human_gene_v2.5.h5,2.5,False,False,True,human,train,seen_study
GSM5629747,GSE186045,Homo sapiens,6B1-pre bedrest muscle biopsy RNA-seq library,muscle biopsy obtained from the midbelly of the right (pre) and left (post) vastus lateralis muscle,"subject id: 6B1,Sex: female,subject age at sample biopsy: 23,sample regimen: pre-bedrest,sample intervention: Not applicable (Pre-regimen)",GPL20301,RNA-Seq,transcriptomic,Illumina HiSeq 4000,total RNA,Oct 18 2021,0.002931986078263075,human_gene_v2.5.h5,2.5,False,False,True,human,train,seen_study
GSM5629748,GSE186045,Homo sapiens,6B2-post bedrest muscle biopsy RNA-seq library,muscle biopsy obtained from the midbelly of the right (pre) and left (post) vastus lateralis muscle,"subject id: 6B2,Sex: female,subject age at sample biopsy: 21,sample regimen: post 5 week bedrest,sample intervention: Exercise",GPL20301,RNA-Seq,transcriptomic,Illumina HiSeq 4000,total RNA,Oct 18 2021,0.00174377812329486,human_gene_v2.5.h5,2.5,False,False,True,human,train,seen_study
GSM5629749,GSE186045,Homo sapiens,6B2-pre bedrest muscle biopsy RNA-seq library,muscle biopsy obtained from the midbelly of the right (pre) and left (post) vastus lateralis muscle,"subject id: 6B2,Sex: female,subject age at sample biopsy: 21,sample regimen: pre-bedrest,sample intervention: Not applicable (Pre-regimen)",GPL20301,RNA-Seq,transcriptomic,Illumina HiSeq 4000,total RNA,Oct 18 2021,0.0029473337223332122,human_gene_v2.5.h5,2.5,False,False,True,human,train,seen_study
GSM6205501,GSE205126,Mus musculus,Tes_U9,mRNA from tetis of hindlimb unloaded mice treated with PBS as vehicle,"tissue: Testis,strain: c57BL/6j,agent: PBS",GPL13112,RNA-Seq,transcriptomic,Illumina HiSeq 2000,total RNA,May 31 2022,0.015239765668501753,mouse_gene_v2.5.h5,2.5,False,False,True,mouse,val,seen_study
GSM6205502,GSE205126,Mus musculus,Tes_U14,mRNA from tetis of hindlimb unloaded mice treated with PBS as vehicle,"tissue: Testis,strain: c57BL/6j,agent: PBS",GPL13112,RNA-Seq,transcriptomic,Illumina HiSeq 2000,total RNA,May 31 2022,0.028576175724480655,mouse_gene_v2.5.h5,2.5,False,False,True,mouse,train,seen_study
GSM6205503,GSE205126,Mus musculus,Tes_U24,mRNA from tetis of hindlimb unloaded mice treated with PBS as vehicle,"tissue: Testis,strain: c57BL/6j,agent: PBS",GPL13112,RNA-Seq,transcriptomic,Illumina HiSeq 2000,total RNA,May 31 2022,0.02677037498131542,mouse_gene_v2.5.h5,2.5,False,False,True,mouse,train,seen_study
GSM6205504,GSE205126,Mus musculus,Tes_UP5,mRNA from testis of hindlimb unloaded mice treated with 4-phenyl butyrate,"tissue: Testis,strain: c57BL/6j,agent: 4-phenyl butyrate",GPL13112,RNA-Seq,transcriptomic,Illumina HiSeq 2000,total RNA,May 31 2022,0.0299378558058178,mouse_gene_v2.5.h5,2.5,False,False,True,mouse,train,seen_study
GSM6205505,GSE205126,Mus musculus,Tes_UP6,mRNA from testis of hindlimb unloaded mice treated with 4-phenyl butyrate,"tissue: Testis,strain: c57BL/6j,agent: 4-phenyl butyrate",GPL13112,RNA-Seq,transcriptomic,Illumina HiSeq 2000,total RNA,May 31 2022,0.02079034672764744,mouse_gene_v2.5.h5,2.5,False,False,True,mouse,train,seen_study
GSM6205506,GSE205126,Mus musculus,Tes_UP7,mRNA from testis of hindlimb unloaded mice treated with 4-phenyl butyrate,"tissue: Testis,strain: c57BL/6j,agent: 4-phenyl butyrate",GPL13112,RNA-Seq,transcriptomic,Illumina HiSeq 2000,total RNA,May 31 2022,0.0426507865450125,mouse_gene_v2.5.h5,2.5,False,False,True,mouse,train,seen_study
GSM6214660,GSE205559,Homo sapiens,Test 1,H1 and H9 human ES cells,"cell line: H1 and H9 human ES cells,cell type: Pluripotent stem cells,treatment: expesed to near zero gravity (microgravity)",GPL24676,RNA-Seq,transcriptomic,Illumina NovaSeq 6000,total RNA,Jun 06 2022,0.0072144943958754645,human_gene_v2.5.h5,2.5,False,True,False,human,val,seen_study
GSM6214661,GSE205559,Homo sapiens,Test 2,H1 and H9 human ES cells,"cell line: H1 and H9 human ES cells,cell type: Pluripotent stem cells,treatment: expesed to near zero gravity (microgravity)",GPL24676,RNA-Seq,transcriptomic,Illumina NovaSeq 6000,total RNA,Jun 06 2022,0.00738211163176137,human_gene_v2.5.h5,2.5,False,True,False,human,train,seen_study
GSM6214662,GSE205559,Homo sapiens,Test 3,H1 and H9 human ES cells,"cell line: H1 and H9 human ES cells,cell type: Pluripotent stem cells,treatment: exposed to near zero gravity (microgravity)",GPL24676,RNA-Seq,transcriptomic,Illumina NovaSeq 6000,total RNA,Jun 06 2022,0.009488107372164434,human_gene_v2.5.h5,2.5,False,True,False,human,val,seen_study
GSM6996080,GSE223803,Mus musculus,Spaceflight mouse 1 - F11,heart,"tissue: heart,Sex: female,age: 14 weeks,treatment: spaceflight,time: 30 days",GPL24247,RNA-Seq,transcriptomic,Illumina NovaSeq 6000,polyA RNA,Jan 26 2023,0.004121263479817754,mouse_gene_v2.5.h5,2.5,True,False,False,mouse,train,seen_study
GSM6996081,GSE223803,Mus musculus,Spaceflight mouse 2 - F12,heart,"tissue: heart,Sex: female,age: 14 weeks,treatment: spaceflight,time: 30 days",GPL24247,RNA-Seq,transcriptomic,Illumina NovaSeq 6000,polyA RNA,Jan 26 2023,0.036212352828353965,mouse_gene_v2.5.h5,2.5,True,False,False,mouse,train,seen_study
GSM6996082,GSE223803,Mus musculus,Spaceflight mouse 3 - F13,heart,"tissue: heart,Sex: female,age: 14 weeks,treatment: spaceflight,time: 30 days",GPL24247,RNA-Seq,transcriptomic,Illumina NovaSeq 6000,polyA RNA,Jan 26 2023,0.0024902879031685633,mouse_gene_v2.5.h5,2.5,True,False,False,mouse,val,seen_study
GSM7032600,GSE224805,Homo sapiens,"MG63, Âµg, rep4",MG63,"cell line: MG63,cell type: Osteosarcoma,time: 34 Â± 1 hours,treatment: microgravity",GPL18573,RNA-Seq,transcriptomic,Illumina NextSeq 500,total RNA,Feb 08 2023,0.0,human_gene_v2.5.h5,2.5,False,True,False,human,unseen,unseen_study
GSM7032601,GSE224805,Homo sapiens,"MG63, Âµg, rep5",MG63,"cell line: MG63,cell type: Osteosarcoma,time: 34 Â± 1 hours,treatment: microgravity",GPL18573,RNA-Seq,transcriptomic,Illumina NextSeq 500,total RNA,Feb 08 2023,0.0,human_gene_v2.5.h5,2.5,False,True,False,human,unseen,unseen_study
GSM7032602,GSE224805,Homo sapiens,"MG63, Âµg, rep6",MG63,"cell line: MG63,cell type: Osteosarcoma,time: 34 Â± 1 hours,treatment: microgravity",GPL18573,RNA-Seq,transcriptomic,Illumina NextSeq 500,total RNA,Feb 08 2023,0.0,human_gene_v2.5.h5,2.5,False,True,False,human,unseen,unseen_study
GSM7035213,GSE224900,Homo sapiens,19565X1 PREbc_Con,Vastus Lateralis Muscle,"time: Pre bed rest,treatment: Placebo,age: 66,tissue: Vastus Lateralis Muscle,Sex: M",GPL24676,RNA-Seq,transcriptomic,Illumina NovaSeq 6000,total RNA,Feb 09 2023,0.000757110264249058,human_gene_v2.5.h5,2.5,False,False,True,human,unseen,unseen_study
GSM7035214,GSE224900,Homo sapiens,19565X2 PREac_Con,Vastus Lateralis Muscle,"time: Pre bed rest Post clamp,treatment: Placebo,age: 66,tissue: Vastus Lateralis Muscle,Sex: M",GPL24676,RNA-Seq,transcriptomic,Illumina NovaSeq 6000,total RNA,Feb 09 2023,0.01062473161269098,human_gene_v2.5.h5,2.5,False,False,True,human,unseen,unseen_study
GSM7035216,GSE224900,Homo sapiens,19565X4 POSTbc_Con,Vastus Lateralis Muscle,"time: Post 5d bed rest,treatment: Placebo,age: 66,tissue: Vastus Lateralis Muscle,Sex: M",GPL24676,RNA-Seq,transcriptomic,Illumina NovaSeq 6000,total RNA,Feb 09 2023,0.0010116907433517152,human_gene_v2.5.h5,2.5,False,False,True,human,unseen,unseen_study
GSM7035217,GSE224900,Homo sapiens,19565X5 POSTac_Con,Vastus Lateralis Muscle,"time: Post 5d bed rest Post clamp,treatment: Placebo,age: 66,tissue: Vastus Lateralis Muscle,Sex: M",GPL24676,RNA-Seq,transcriptomic,Illumina NovaSeq 6000,total RNA,Feb 09 2023,0.014864446066201072,human_gene_v2.5.h5,2.5,False,False,True,human,unseen,unseen_study
GSM7035219,GSE224900,Homo sapiens,19565X7 PREbc_Con,Vastus Lateralis Muscle,"time: Pre bed rest,treatment: Placebo,age: 61,tissue: Vastus Lateralis Muscle,Sex: M",GPL24676,RNA-Seq,transcriptomic,Illumina NovaSeq 6000,total RNA,Feb 09 2023,0.005287162170559591,human_gene_v2.5.h5,2.5,False,False,True,human,unseen,unseen_study
GSM7035220,GSE224900,Homo sapiens,19565X8 PREac_Con,Vastus Lateralis Muscle,"time: Pre bed rest Post clamp,treatment: Placebo,age: 61,tissue: Vastus Lateralis Muscle,Sex: M",GPL24676,RNA-Seq,transcriptomic,Illumina NovaSeq 6000,total RNA,Feb 09 2023,0.012383330919177081,human_gene_v2.5.h5,2.5,False,False,True,human,unseen,unseen_study
GSM7035222,GSE224900,Homo sapiens,19565X10 POSTbc_Con,Vastus Lateralis Muscle,"time: Post 5d bed rest,treatment: Placebo,age: 61,tissue: Vastus Lateralis Muscle,Sex: M",GPL24676,RNA-Seq,transcriptomic,Illumina NovaSeq 6000,total RNA,Feb 09 2023,0.017386790200664907,human_gene_v2.5.h5,2.5,False,False,True,human,unseen,unseen_study
GSM7035223,GSE224900,Homo sapiens,19565X11 POSTac_Con,Vastus Lateralis Muscle,"time: Post 5d bed rest Post clamp,treatment: Placebo,age: 61,tissue: Vastus Lateralis Muscle,Sex: M",GPL24676,RNA-Seq,transcriptomic,Illumina NovaSeq 6000,total RNA,Feb 09 2023,0.004713669516684211,human_gene_v2.5.h5,2.5,False,False,True,human,unseen,unseen_study
GSM7035225,GSE224900,Homo sapiens,19565X13 PREbc_Con,Vastus Lateralis Muscle,"time: Pre bed rest,treatment: Placebo,age: 70,tissue: Vastus Lateralis Muscle,Sex: F",GPL24676,RNA-Seq,transcriptomic,Illumina NovaSeq 6000,total RNA,Feb 09 2023,0.006638799994809516,human_gene_v2.5.h5,2.5,False,False,True,human,unseen,unseen_study
GSM7035226,GSE224900,Homo sapiens,19565X14 PREac_Con,Vastus Lateralis Muscle,"time: Pre bed rest Post clamp,treatment: Placebo,age: 70,tissue: Vastus Lateralis Muscle,Sex: F",GPL24676,RNA-Seq,transcriptomic,Illumina NovaSeq 6000,total RNA,Feb 09 2023,0.005156963584477658,human_gene_v2.5.h5,2.5,False,False,True,human,unseen,unseen_study
GSM7035228,GSE224900,Homo sapiens,19565X16 POSTbc_Con,Vastus Lateralis Muscle,"time: Post 5d bed rest,treatment: Placebo,age: 70,tissue: Vastus Lateralis Muscle,Sex: F",GPL24676,RNA-Seq,transcriptomic,Illumina NovaSeq 6000,total RNA,Feb 09 2023,0.011867149313141862,human_gene_v2.5.h5,2.5,False,False,True,human,unseen,unseen_study
GSM7035229,GSE224900,Homo sapiens,19565X17 POSTac_Con,Vastus Lateralis Muscle,"time: Post 5d bed rest Post clamp,treatment: Placebo,age: 70,tissue: Vastus Lateralis Muscle,Sex: F",GPL24676,RNA-Seq,transcriptomic,Illumina NovaSeq 6000,total RNA,Feb 09 2023,0.008127164642450281,human_gene_v2.5.h5,2.5,False,False,True,human,unseen,unseen_study
GSM7035231,GSE224900,Homo sapiens,19565X19 PREbc_Con,Vastus Lateralis Muscle,"time: Pre bed rest,treatment: Placebo,age: 73,tissue: Vastus Lateralis Muscle,Sex: F",GPL24676,RNA-Seq,transcriptomic,Illumina NovaSeq 6000,total RNA,Feb 09 2023,0.013092510425765407,human_gene_v2.5.h5,2.5,False,False,True,human,unseen,unseen_study
GSM7035232,GSE224900,Homo sapiens,19565X20 PREac_Con,Vastus Lateralis Muscle,"time: Pre bed rest Post clamp,treatment: Placebo,age: 73,tissue: Vastus Lateralis Muscle,Sex: F",GPL24676,RNA-Seq,transcriptomic,Illumina NovaSeq 6000,total RNA,Feb 09 2023,0.014192466841555517,human_gene_v2.5.h5,2.5,False,False,True,human,unseen,unseen_study
GSM7035234,GSE224900,Homo sapiens,19565X22 POSTbc_Con,Vastus Lateralis Muscle,"time: Post 5d bed rest,treatment: Placebo,age: 73,tissue: Vastus Lateralis Muscle,Sex: F",GPL24676,RNA-Seq,transcriptomic,Illumina NovaSeq 6000,total RNA,Feb 09 2023,0.013627037830193162,human_gene_v2.5.h5,2.5,False,False,True,human,unseen,unseen_study
GSM7035235,GSE224900,Homo sapiens,19565X23 POSTac_Con,Vastus Lateralis Muscle,"time: Post 5d bed rest Post clamp,treatment: Placebo,age: 73,tissue: Vastus Lateralis Muscle,Sex: F",GPL24676,RNA-Seq,transcriptomic,Illumina NovaSeq 6000,total RNA,Feb 09 2023,0.00653298592915462,human_gene_v2.5.h5,2.5,False,False,True,human,unseen,unseen_study
GSM7035237,GSE224900,Homo sapiens,19565X25 PREbc_Con,Vastus Lateralis Muscle,"time: Pre bed rest,treatment: Placebo,age: 69,tissue: Vastus Lateralis Muscle,Sex: F",GPL24676,RNA-Seq,transcriptomic,Illumina NovaSeq 6000,total RNA,Feb 09 2023,0.001027425612986472,human_gene_v2.5.h5,2.5,False,False,True,human,unseen,unseen_study
GSM7035238,GSE224900,Homo sapiens,19565X26 PREac_Con,Vastus Lateralis Muscle,"time: Pre bed rest Post clamp,treatment: Placebo,age: 69,tissue: Vastus Lateralis Muscle,Sex: F",GPL24676,RNA-Seq,transcriptomic,Illumina NovaSeq 6000,total RNA,Feb 09 2023,0.008297972328184307,human_gene_v2.5.h5,2.5,False,False,True,human,unseen,unseen_study
GSM7035240,GSE224900,Homo sapiens,19565X28 POSTbc_Con,Vastus Lateralis Muscle,"time: Post 5d bed rest,treatment: Placebo,age: 69,tissue: Vastus Lateralis Muscle,Sex: F",GPL24676,RNA-Seq,transcriptomic,Illumina NovaSeq 6000,total RNA,Feb 09 2023,0.006016662179422696,human_gene_v2.5.h5,2.5,False,False,True,human,unseen,unseen_study
GSM7035241,GSE224900,Homo sapiens,19565X29 POSTac_Con,Vastus Lateralis Muscle,"time: Post 5d bed rest Post clamp,treatment: Placebo,age: 69,tissue: Vastus Lateralis Muscle,Sex: F",GPL24676,RNA-Seq,transcriptomic,Illumina NovaSeq 6000,total RNA,Feb 09 2023,0.004579113155879466,human_gene_v2.5.h5,2.5,False,False,True,human,unseen,unseen_study
GSM7035243,GSE224900,Homo sapiens,19565X31 PREbc_Con,Vastus Lateralis Muscle,"time: Pre bed rest,treatment: Placebo,age: 62,tissue: Vastus Lateralis Muscle,Sex: F",GPL24676,RNA-Seq,transcriptomic,Illumina NovaSeq 6000,total RNA,Feb 09 2023,0.006364473734197516,human_gene_v2.5.h5,2.5,False,False,True,human,unseen,unseen_study
GSM7035244,GSE224900,Homo sapiens,19565X32 PREac_Con,Vastus Lateralis Muscle,"time: Pre bed rest Post clamp,treatment: Placebo,age: 62,tissue: Vastus Lateralis Muscle,Sex: F",GPL24676,RNA-Seq,transcriptomic,Illumina NovaSeq 6000,total RNA,Feb 09 2023,0.004503184604853821,human_gene_v2.5.h5,2.5,False,False,True,human,unseen,unseen_study
GSM7035246,GSE224900,Homo sapiens,19565X34 POSTbc_Con,Vastus Lateralis Muscle,"time: Post 5d bed rest,treatment: Placebo,age: 62,tissue: Vastus Lateralis Muscle,Sex: F",GPL24676,RNA-Seq,transcriptomic,Illumina NovaSeq 6000,total RNA,Feb 09 2023,0.009563194474650923,human_gene_v2.5.h5,2.5,False,False,True,human,unseen,unseen_study
GSM7035247,GSE224900,Homo sapiens,19565X35 POSTac_Con,Vastus Lateralis Muscle,"time: Post 5d bed rest Post clamp,treatment: Placebo,age: 62,tissue: Vastus Lateralis Muscle,Sex: F",GPL24676,RNA-Seq,transcriptomic,Illumina NovaSeq 6000,total RNA,Feb 09 2023,0.005281704850020471,human_gene_v2.5.h5,2.5,False,False,True,human,unseen,unseen_study
GSM7035249,GSE224900,Homo sapiens,19565X37 PREbc_Con,Vastus Lateralis Muscle,"time: Pre bed rest,treatment: Placebo,age: 72,tissue: Vastus Lateralis Muscle,Sex: M",GPL24676,RNA-Seq,transcriptomic,Illumina NovaSeq 6000,total RNA,Feb 09 2023,0.008302298821501124,human_gene_v2.5.h5,2.5,False,False,True,human,unseen,unseen_study
GSM7035250,GSE224900,Homo sapiens,19565X38 PREac_Con,Vastus Lateralis Muscle,"time: Pre bed rest Post clamp,treatment: Placebo,age: 72,tissue: Vastus Lateralis Muscle,Sex: M",GPL24676,RNA-Seq,transcriptomic,Illumina NovaSeq 6000,total RNA,Feb 09 2023,0.014772909495931538,human_gene_v2.5.h5,2.5,False,False,True,human,unseen,unseen_study
GSM7035252,GSE224900,Homo sapiens,19565X40 POSTbc_Con,Vastus Lateralis Muscle,"time: Post 5d bed rest,treatment: Placebo,age: 72,tissue: Vastus Lateralis Muscle,Sex: M",GPL24676,RNA-Seq,transcriptomic,Illumina NovaSeq 6000,total RNA,Feb 09 2023,0.007796546822291062,human_gene_v2.5.h5,2.5,False,False,True,human,unseen,unseen_study
GSM7035254,GSE224900,Homo sapiens,19565X42 PREbc_Met,Vastus Lateralis Muscle,"time: Pre bed rest,treatment: Metformin,age: 69,tissue: Vastus Lateralis Muscle,Sex: M",GPL24676,RNA-Seq,transcriptomic,Illumina NovaSeq 6000,total RNA,Feb 09 2023,0.00814267150607145,human_gene_v2.5.h5,2.5,False,False,True,human,unseen,unseen_study
GSM7035255,GSE224900,Homo sapiens,19565X43 PREac_Met,Vastus Lateralis Muscle,"time: Pre bed rest Post clamp,treatment: Metformin,age: 69,tissue: Vastus Lateralis Muscle,Sex: M",GPL24676,RNA-Seq,transcriptomic,Illumina NovaSeq 6000,total RNA,Feb 09 2023,0.00483261165537653,human_gene_v2.5.h5,2.5,False,False,True,human,unseen,unseen_study
GSM7035257,GSE224900,Homo sapiens,19565X45 POSTbc_Met,Vastus Lateralis Muscle,"time: Post 5d bed rest,treatment: Metformin,age: 69,tissue: Vastus Lateralis Muscle,Sex: M",GPL24676,RNA-Seq,transcriptomic,Illumina NovaSeq 6000,total RNA,Feb 09 2023,0.0051903173484426175,human_gene_v2.5.h5,2.5,False,False,True,human,unseen,unseen_study
GSM7035258,GSE224900,Homo sapiens,19565X46 POSTac_Met,Vastus Lateralis Muscle,"time: Post 5d bed rest Post clamp,treatment: Metformin,age: 69,tissue: Vastus Lateralis Muscle,Sex: M",GPL24676,RNA-Seq,transcriptomic,Illumina NovaSeq 6000,total RNA,Feb 09 2023,0.007990942076859683,human_gene_v2.5.h5,2.5,False,False,True,human,unseen,unseen_study
GSM7035260,GSE224900,Homo sapiens,19565X48 PREbc_Met,Vastus Lateralis Muscle,"time: Pre bed rest,treatment: Metformin,age: 78,tissue: Vastus Lateralis Muscle,Sex: M",GPL24676,RNA-Seq,transcriptomic,Illumina NovaSeq 6000,total RNA,Feb 09 2023,0.011070710933411625,human_gene_v2.5.h5,2.5,False,False,True,human,unseen,unseen_study
GSM7035261,GSE224900,Homo sapiens,19565X49 PREac_Met,Vastus Lateralis Muscle,"time: Pre bed rest Post clamp,treatment: Metformin,age: 78,tissue: Vastus Lateralis Muscle,Sex: M",GPL24676,RNA-Seq,transcriptomic,Illumina NovaSeq 6000,total RNA,Feb 09 2023,0.008120226314306351,human_gene_v2.5.h5,2.5,False,False,True,human,unseen,unseen_study
GSM7035263,GSE224900,Homo sapiens,19565X51 POSTbc_Met,Vastus Lateralis Muscle,"time: Post 5d bed rest,treatment: Metformin,age: 78,tissue: Vastus Lateralis Muscle,Sex: M",GPL24676,RNA-Seq,transcriptomic,Illumina NovaSeq 6000,total RNA,Feb 09 2023,0.004148757268987802,human_gene_v2.5.h5,2.5,False,False,True,human,unseen,unseen_study
GSM7035264,GSE224900,Homo sapiens,19565X52 POSTac_Met,Vastus Lateralis Muscle,"time: Post 5d bed rest Post clamp,treatment: Metformin,age: 78,tissue: Vastus Lateralis Muscle,Sex: M",GPL24676,RNA-Seq,transcriptomic,Illumina NovaSeq 6000,total RNA,Feb 09 2023,0.0045150597665969934,human_gene_v2.5.h5,2.5,False,False,True,human,unseen,unseen_study
GSM7035266,GSE224900,Homo sapiens,19565X54 PREbc_Met,Vastus Lateralis Muscle,"time: Pre bed rest,treatment: Metformin,age: 73,tissue: Vastus Lateralis Muscle,Sex: F",GPL24676,RNA-Seq,transcriptomic,Illumina NovaSeq 6000,total RNA,Feb 09 2023,0.015203245637174127,human_gene_v2.5.h5,2.5,False,False,True,human,unseen,unseen_study
GSM7035267,GSE224900,Homo sapiens,19565X55 PREac_Met,Vastus Lateralis Muscle,"time: Pre bed rest Post clamp,treatment: Metformin,age: 73,tissue: Vastus Lateralis Muscle,Sex: F",GPL24676,RNA-Seq,transcriptomic,Illumina NovaSeq 6000,total RNA,Feb 09 2023,0.0183007026186961,human_gene_v2.5.h5,2.5,False,False,True,human,unseen,unseen_study
GSM7035269,GSE224900,Homo sapiens,19565X57 POSTbc_Met,Vastus Lateralis Muscle,"time: Post 5d bed rest,treatment: Metformin,age: 73,tissue: Vastus Lateralis Muscle,Sex: F",GPL24676,RNA-Seq,transcriptomic,Illumina NovaSeq 6000,total RNA,Feb 09 2023,0.006736269871671673,human_gene_v2.5.h5,2.5,False,False,True,human,unseen,unseen_study
GSM7035270,GSE224900,Homo sapiens,19565X58 POSTac_Met,Vastus Lateralis Muscle,"time: Post 5d bed rest Post clamp,treatment: Metformin,age: 73,tissue: Vastus Lateralis Muscle,Sex: F",GPL24676,RNA-Seq,transcriptomic,Illumina NovaSeq 6000,total RNA,Feb 09 2023,0.006732112442907782,human_gene_v2.5.h5,2.5,False,False,True,human,unseen,unseen_study
GSM7035272,GSE224900,Homo sapiens,19565X60 PREbc_Met,Vastus Lateralis Muscle,"time: Pre bed rest,treatment: Metformin,age: 81,tissue: Vastus Lateralis Muscle,Sex: F",GPL24676,RNA-Seq,transcriptomic,Illumina NovaSeq 6000,total RNA,Feb 09 2023,0.0017966314682063241,human_gene_v2.5.h5,2.5,False,False,True,human,unseen,unseen_study
GSM7035273,GSE224900,Homo sapiens,19565X61 PREac_Met,Vastus Lateralis Muscle,"time: Pre bed rest Post clamp,treatment: Metformin,age: 81,tissue: Vastus Lateralis Muscle,Sex: F",GPL24676,RNA-Seq,transcriptomic,Illumina NovaSeq 6000,total RNA,Feb 09 2023,0.005068613616216173,human_gene_v2.5.h5,2.5,False,False,True,human,unseen,unseen_study
GSM7035275,GSE224900,Homo sapiens,19565X63 POSTbc_Met,Vastus Lateralis Muscle,"time: Post 5d bed rest,treatment: Metformin,age: 81,tissue: Vastus Lateralis Muscle,Sex: F",GPL24676,RNA-Seq,transcriptomic,Illumina NovaSeq 6000,total RNA,Feb 09 2023,0.0019957579819594854,human_gene_v2.5.h5,2.5,False,False,True,human,unseen,unseen_study
GSM7035276,GSE224900,Homo sapiens,19565X64 POSTac_Met,Vastus Lateralis Muscle,"time: Post 5d bed rest Post clamp,treatment: Metformin,age: 81,tissue: Vastus Lateralis Muscle,Sex: F",GPL24676,RNA-Seq,transcriptomic,Illumina NovaSeq 6000,total RNA,Feb 09 2023,0.0007922023829211349,human_gene_v2.5.h5,2.5,False,False,True,human,unseen,unseen_study
GSM7035278,GSE224900,Homo sapiens,19565X66 PREbc_Met,Vastus Lateralis Muscle,"time: Pre bed rest,treatment: Metformin,age: 67,tissue: Vastus Lateralis Muscle,Sex: M",GPL24676,RNA-Seq,transcriptomic,Illumina NovaSeq 6000,total RNA,Feb 09 2023,0.002994094869502516,human_gene_v2.5.h5,2.5,False,False,True,human,unseen,unseen_study
GSM7035279,GSE224900,Homo sapiens,19565X67 PREac_Met,Vastus Lateralis Muscle,"time: Pre bed rest Post clamp,treatment: Metformin,age: 67,tissue: Vastus Lateralis Muscle,Sex: M",GPL24676,RNA-Seq,transcriptomic,Illumina NovaSeq 6000,total RNA,Feb 09 2023,0.003968657200426065,human_gene_v2.5.h5,2.5,False,False,True,human,unseen,unseen_study
GSM7035281,GSE224900,Homo sapiens,19565X69 POSTbc_Met,Vastus Lateralis Muscle,"time: Post 5d bed rest,treatment: Metformin,age: 67,tissue: Vastus Lateralis Muscle,Sex: M",GPL24676,RNA-Seq,transcriptomic,Illumina NovaSeq 6000,total RNA,Feb 09 2023,0.01886128689107637,human_gene_v2.5.h5,2.5,False,False,True,human,unseen,unseen_study
GSM7035282,GSE224900,Homo sapiens,19565X70 POSTac_Met,Vastus Lateralis Muscle,"time: Post 5d bed rest Post clamp,treatment: Metformin,age: 67,tissue: Vastus Lateralis Muscle,Sex: M",GPL24676,RNA-Seq,transcriptomic,Illumina NovaSeq 6000,total RNA,Feb 09 2023,0.005068613616216173,human_gene_v2.5.h5,2.5,False,False,True,human,unseen,unseen_study
GSM7035284,GSE224900,Homo sapiens,19565X72 PREbc_Met,Vastus Lateralis Muscle,"time: Pre bed rest,treatment: Metformin,age: 76,tissue: Vastus Lateralis Muscle,Sex: M",GPL24676,RNA-Seq,transcriptomic,Illumina NovaSeq 6000,total RNA,Feb 09 2023,0.005095502420973014,human_gene_v2.5.h5,2.5,False,False,True,human,unseen,unseen_study
GSM7035285,GSE224900,Homo sapiens,19565X73 PREac_Met,Vastus Lateralis Muscle,"time: Pre bed rest Post clamp,treatment: Metformin,age: 76,tissue: Vastus Lateralis Muscle,Sex: M",GPL24676,RNA-Seq,transcriptomic,Illumina NovaSeq 6000,total RNA,Feb 09 2023,0.005369228618112248,human_gene_v2.5.h5,2.5,False,False,True,human,unseen,unseen_study
GSM7035287,GSE224900,Homo sapiens,19565X75 POSTbc_Met,Vastus Lateralis Muscle,"time: Post 5d bed rest,treatment: Metformin,age: 76,tissue: Vastus Lateralis Muscle,Sex: M",GPL24676,RNA-Seq,transcriptomic,Illumina NovaSeq 6000,total RNA,Feb 09 2023,0.014525366374405189,human_gene_v2.5.h5,2.5,False,False,True,human,unseen,unseen_study
GSM7035288,GSE224900,Homo sapiens,19565X76 POSTac_Met,Vastus Lateralis Muscle,"time: Post 5d bed rest Post clamp,treatment: Metformin,age: 76,tissue: Vastus Lateralis Muscle,Sex: M",GPL24676,RNA-Seq,transcriptomic,Illumina NovaSeq 6000,total RNA,Feb 09 2023,0.01610972618641968,human_gene_v2.5.h5,2.5,False,False,True,human,unseen,unseen_study
GSM7035290,GSE224900,Homo sapiens,19565X78 PREbc_Met,Vastus Lateralis Muscle,"time: Pre bed rest,treatment: Metformin,age: 71,tissue: Vastus Lateralis Muscle,Sex: F",GPL24676,RNA-Seq,transcriptomic,Illumina NovaSeq 6000,total RNA,Feb 09 2023,0.0011179189475360215,human_gene_v2.5.h5,2.5,False,False,True,human,unseen,unseen_study
GSM7035291,GSE224900,Homo sapiens,19565X79 PREac_Met,Vastus Lateralis Muscle,"time: Pre bed rest Post clamp,treatment: Metformin,age: 71,tissue: Vastus Lateralis Muscle,Sex: F",GPL24676,RNA-Seq,transcriptomic,Illumina NovaSeq 6000,total RNA,Feb 09 2023,0.02365353434161506,human_gene_v2.5.h5,2.5,False,False,True,human,unseen,unseen_study
GSM7035293,GSE224900,Homo sapiens,19565X81 POSTbc_Met,Vastus Lateralis Muscle,"time: Post 5d bed rest,treatment: Metformin,age: 71,tissue: Vastus Lateralis Muscle,Sex: F",GPL24676,RNA-Seq,transcriptomic,Illumina NovaSeq 6000,total RNA,Feb 09 2023,0.006458302104878157,human_gene_v2.5.h5,2.5,False,False,True,human,unseen,unseen_study
GSM7035294,GSE224900,Homo sapiens,19565X82 POSTac_Met,Vastus Lateralis Muscle,"time: Post 5d bed rest Post clamp,treatment: Metformin,age: 71,tissue: Vastus Lateralis Muscle,Sex: F",GPL24676,RNA-Seq,transcriptomic,Illumina NovaSeq 6000,total RNA,Feb 09 2023,0.015505350149908063,human_gene_v2.5.h5,2.5,False,False,True,human,unseen,unseen_study
GSM7035296,GSE224900,Homo sapiens,19565X84 PREbc_Met,Vastus Lateralis Muscle,"time: Pre bed rest,treatment: Metformin,age: 67,tissue: Vastus Lateralis Muscle,Sex: M",GPL24676,RNA-Seq,transcriptomic,Illumina NovaSeq 6000,total RNA,Feb 09 2023,0.020137821793734446,human_gene_v2.5.h5,2.5,False,False,True,human,unseen,unseen_study
GSM7035297,GSE224900,Homo sapiens,19565X85 PREac_Met,Vastus Lateralis Muscle,"time: Pre bed rest Post clamp,treatment: Metformin,age: 67,tissue: Vastus Lateralis Muscle,Sex: M",GPL24676,RNA-Seq,transcriptomic,Illumina NovaSeq 6000,total RNA,Feb 09 2023,0.004503184604853821,human_gene_v2.5.h5,2.5,False,False,True,human,unseen,unseen_study
GSM7035299,GSE224900,Homo sapiens,19565X87 POSTbc_Met,Vastus Lateralis Muscle,"time: Post 5d bed rest,treatment: Metformin,age: 67,tissue: Vastus Lateralis Muscle,Sex: M",GPL24676,RNA-Seq,transcriptomic,Illumina NovaSeq 6000,total RNA,Feb 09 2023,0.0036592568086510936,human_gene_v2.5.h5,2.5,False,False,True,human,unseen,unseen_study
GSM7035300,GSE224900,Homo sapiens,19565X88 POSTac_Met,Vastus Lateralis Muscle,"time: Post 5d bed rest Post clamp,treatment: Metformin,age: 67,tissue: Vastus Lateralis Muscle,Sex: M",GPL24676,RNA-Seq,transcriptomic,Illumina NovaSeq 6000,total RNA,Feb 09 2023,0.005363709399968566,human_gene_v2.5.h5,2.5,False,False,True,human,unseen,unseen_study
GSM7035302,GSE224900,Homo sapiens,19565X90 PREbc_Met,Vastus Lateralis Muscle,"time: Pre bed rest,treatment: Metformin,age: 67,tissue: Vastus Lateralis Muscle,Sex: F",GPL24676,RNA-Seq,transcriptomic,Illumina NovaSeq 6000,total RNA,Feb 09 2023,0.0037959724812405855,human_gene_v2.5.h5,2.5,False,False,True,human,unseen,unseen_study
GSM7035303,GSE224900,Homo sapiens,19565X91 PREac_Met,Vastus Lateralis Muscle,"time: Pre bed rest Post clamp,treatment: Metformin,age: 67,tissue: Vastus Lateralis Muscle,Sex: F",GPL24676,RNA-Seq,transcriptomic,Illumina NovaSeq 6000,total RNA,Feb 09 2023,0.005486288684312753,human_gene_v2.5.h5,2.5,False,False,True,human,unseen,unseen_study
GSM7035305,GSE224900,Homo sapiens,19565X93 POSTbc_Met,Vastus Lateralis Muscle,"time: Post 5d bed rest,treatment: Metformin,age: 67,tissue: Vastus Lateralis Muscle,Sex: F",GPL24676,RNA-Seq,transcriptomic,Illumina NovaSeq 6000,total RNA,Feb 09 2023,0.002902442037756791,human_gene_v2.5.h5,2.5,False,False,True,human,unseen,unseen_study
GSM7035306,GSE224900,Homo sapiens,19565X94 POSTac_Met,Vastus Lateralis Muscle,"time: Post 5d bed rest Post clamp,treatment: Metformin,age: 67,tissue: Vastus Lateralis Muscle,Sex: F",GPL24676,RNA-Seq,transcriptomic,Illumina NovaSeq 6000,total RNA,Feb 09 2023,0.008295708940517265,human_gene_v2.5.h5,2.5,False,False,True,human,unseen,unseen_study
GSM7035308,GSE224900,Homo sapiens,19565X96 PREbc_Met,Vastus Lateralis Muscle,"time: Pre bed rest,treatment: Metformin,age: 68,tissue: Vastus Lateralis Muscle,Sex: F",GPL24676,RNA-Seq,transcriptomic,Illumina NovaSeq 6000,total RNA,Feb 09 2023,0.005068613616216173,human_gene_v2.5.h5,2.5,False,False,True,human,unseen,unseen_study
GSM7035309,GSE224900,Homo sapiens,19565X97 PREac_Met,Vastus Lateralis Muscle,"time: Pre bed rest Post clamp,treatment: Metformin,age: 68,tissue: Vastus Lateralis Muscle,Sex: F",GPL24676,RNA-Seq,transcriptomic,Illumina NovaSeq 6000,total RNA,Feb 09 2023,0.00589823680439632,human_gene_v2.5.h5,2.5,False,False,True,human,unseen,unseen_study
GSM7035311,GSE224900,Homo sapiens,19565X99 POSTbc_Met,Vastus Lateralis Muscle,"time: Post 5d bed rest,treatment: Metformin,age: 68,tissue: Vastus Lateralis Muscle,Sex: F",GPL24676,RNA-Seq,transcriptomic,Illumina NovaSeq 6000,total RNA,Feb 09 2023,0.002152162463791559,human_gene_v2.5.h5,2.5,False,False,True,human,unseen,unseen_study
GSM7035313,GSE224900,Homo sapiens,19565X100 POSTac_Met,Vastus Lateralis Muscle,"time: Post 5d bed rest Post clamp,treatment: Metformin,age: 68,tissue: Vastus Lateralis Muscle,Sex: F",GPL24676,RNA-Seq,transcriptomic,Illumina NovaSeq 6000,total RNA,Feb 09 2023,0.004291230372979956,human_gene_v2.5.h5,2.5,False,False,True,human,unseen,unseen_study
GSM7035318,GSE224900,Homo sapiens,20063X1 PREbc_Con,Vastus Lateralis Muscle,"time: Pre bed rest,treatment: Placebo,age: 66,tissue: Vastus Lateralis Muscle,Sex: M",GPL24676,RNA-Seq,transcriptomic,Illumina NovaSeq 6000,total RNA,Feb 09 2023,0.011768370845393897,human_gene_v2.5.h5,2.5,False,False,True,human,unseen,unseen_study
GSM7035320,GSE224900,Homo sapiens,20063X2 PREac_Con,Vastus Lateralis Muscle,"time: Pre bed rest Post clamp,treatment: Placebo,age: 66,tissue: Vastus Lateralis Muscle,Sex: M",GPL24676,RNA-Seq,transcriptomic,Illumina NovaSeq 6000,total RNA,Feb 09 2023,0.0039651202335157405,human_gene_v2.5.h5,2.5,False,False,True,human,unseen,unseen_study
GSM7035326,GSE224900,Homo sapiens,20063X4 POSTbc_Con,Vastus Lateralis Muscle,"time: Post 5d bed rest,treatment: Placebo,age: 66,tissue: Vastus Lateralis Muscle,Sex: M",GPL24676,RNA-Seq,transcriptomic,Illumina NovaSeq 6000,total RNA,Feb 09 2023,0.018337347482025812,human_gene_v2.5.h5,2.5,False,False,True,human,unseen,unseen_study
GSM7035329,GSE224900,Homo sapiens,20063X5 POSTac_Con,Vastus Lateralis Muscle,"time: Post 5d bed rest Post clamp,treatment: Placebo,age: 66,tissue: Vastus Lateralis Muscle,Sex: M",GPL24676,RNA-Seq,transcriptomic,Illumina NovaSeq 6000,total RNA,Feb 09 2023,0.004490071879763489,human_gene_v2.5.h5,2.5,False,False,True,human,unseen,unseen_study
GSM7035333,GSE224900,Homo sapiens,20063X7 PREbc_Con,Vastus Lateralis Muscle,"time: Pre bed rest,treatment: Placebo,age: 60,tissue: Vastus Lateralis Muscle,Sex: F",GPL24676,RNA-Seq,transcriptomic,Illumina NovaSeq 6000,total RNA,Feb 09 2023,0.05240294814597525,human_gene_v2.5.h5,2.5,False,False,True,human,unseen,unseen_study
GSM7035335,GSE224900,Homo sapiens,20063X8 PREac_Con,Vastus Lateralis Muscle,"time: Pre bed rest Post clamp,treatment: Placebo,age: 60,tissue: Vastus Lateralis Muscle,Sex: F",GPL24676,RNA-Seq,transcriptomic,Illumina NovaSeq 6000,total RNA,Feb 09 2023,0.013804587305514643,human_gene_v2.5.h5,2.5,False,False,True,human,unseen,unseen_study
GSM7035339,GSE224900,Homo sapiens,20063X10 POSTbc_Con,Vastus Lateralis Muscle,"time: Post 5d bed rest,treatment: Placebo,age: 60,tissue: Vastus Lateralis Muscle,Sex: F",GPL24676,RNA-Seq,transcriptomic,Illumina NovaSeq 6000,total RNA,Feb 09 2023,0.05866259264017072,human_gene_v2.5.h5,2.5,False,False,True,human,unseen,unseen_study
GSM7035341,GSE224900,Homo sapiens,20063X11 POSTac_Con,Vastus Lateralis Muscle,"time: Post 5d bed rest Post clamp,treatment: Placebo,age: 60,tissue: Vastus Lateralis Muscle,Sex: F",GPL24676,RNA-Seq,transcriptomic,Illumina NovaSeq 6000,total RNA,Feb 09 2023,0.013803225276605678,human_gene_v2.5.h5,2.5,False,False,True,human,unseen,unseen_study
GSM7133910,GSE228604,Mus musculus,SMG-1,NCTC 1469,"cell line: NCTC 1469,cell type: hepatocytes,genotype: WT,treatment: random positioning machine culture system",GPL24247,RNA-Seq,transcriptomic,Illumina NovaSeq 6000,total RNA,Mar 30 2023,0.0,mouse_gene_v2.5.h5,2.5,False,True,False,mouse,train,seen_study
GSM7133911,GSE228604,Mus musculus,SMG-2,NCTC 1469,"cell line: NCTC 1469,cell type: hepatocytes,genotype: WT,treatment: random positioning machine culture system",GPL24247,RNA-Seq,transcriptomic,Illumina NovaSeq 6000,total RNA,Mar 30 2023,0.0,mouse_gene_v2.5.h5,2.5,False,True,False,mouse,val,seen_study
GSM7133912,GSE228604,Mus musculus,SMG-3,NCTC 1469,"cell line: NCTC 1469,cell type: hepatocytes,genotype: WT,treatment: random positioning machine culture system",GPL24247,RNA-Seq,transcriptomic,Illumina NovaSeq 6000,total RNA,Mar 30 2023,0.009371924236231222,mouse_gene_v2.5.h5,2.5,False,True,False,mouse,train,seen_study
GSM7304991,GSE231848,Homo sapiens,"Male, Donor1, Day1",Primary Cell,"individual: Male, Donor1,cell line: Primary Cell,cell type: Meniscus Fibrochondrocytes,genotype: WT,treatment: Simulated Microgravity,time: 1 day",GPL18573,RNA-Seq,transcriptomic,Illumina NextSeq 500,total RNA,May 06 2023,0.0020951565022731605,human_gene_v2.5.h5,2.5,False,True,False,human,unseen,unseen_study
GSM7304992,GSE231848,Homo sapiens,"Male, Donor1, Day3",Primary Cell,"individual: Male, Donor1,cell line: Primary Cell,cell type: Meniscus Fibrochondrocytes,genotype: WT,treatment: Simulated Microgravity,time: 3 day",GPL18573,RNA-Seq,transcriptomic,Illumina NextSeq 500,total RNA,May 06 2023,0.0017407291664071401,human_gene_v2.5.h5,2.5,False,True,False,human,unseen,unseen_study
GSM7304993,GSE231848,Homo sapiens,"Male, Donor1, Day7",Primary Cell,"individual: Male, Donor1,cell line: Primary Cell,cell type: Meniscus Fibrochondrocytes,genotype: WT,treatment: Simulated Microgravity,time: 7 day",GPL18573,RNA-Seq,transcriptomic,Illumina NextSeq 500,total RNA,May 06 2023,0.0020951565022731605,human_gene_v2.5.h5,2.5,False,True,False,human,unseen,unseen_study
GSM7304995,GSE231848,Homo sapiens,"Male, Donor2, Day1",Primary Cell,"individual: Male, Donor2,cell line: Primary Cell,cell type: Meniscus Fibrochondrocytes,genotype: WT,treatment: Simulated Microgravity,time: 1 day",GPL18573,RNA-Seq,transcriptomic,Illumina NextSeq 500,total RNA,May 06 2023,0.004007281237161712,human_gene_v2.5.h5,2.5,False,True,False,human,unseen,unseen_study
GSM7304996,GSE231848,Homo sapiens,"Male, Donor2, Day3",Primary Cell,"individual: Male, Donor2,cell line: Primary Cell,cell type: Meniscus Fibrochondrocytes,genotype: WT,treatment: Simulated Microgravity,time: 3 day",GPL18573,RNA-Seq,transcriptomic,Illumina NextSeq 500,total RNA,May 06 2023,0.0029113583809557662,human_gene_v2.5.h5,2.5,False,True,False,human,unseen,unseen_study
GSM7304997,GSE231848,Homo sapiens,"Male, Donor2, Day7",Primary Cell,"individual: Male, Donor2,cell line: Primary Cell,cell type: Meniscus Fibrochondrocytes,genotype: WT,treatment: Simulated Microgravity,time: 7 day",GPL18573,RNA-Seq,transcriptomic,Illumina NextSeq 500,total RNA,May 06 2023,0.011907858161132993,human_gene_v2.5.h5,2.5,False,True,False,human,unseen,unseen_study
GSM7304999,GSE231848,Homo sapiens,"Female, Donor1, Day1",Primary Cell,"individual: Female, Donor1,cell line: Primary Cell,cell type: Meniscus Fibrochondrocytes,genotype: WT,treatment: Simulated Microgravity,time: 1 day",GPL18573,RNA-Seq,transcriptomic,Illumina NextSeq 500,total RNA,May 06 2023,0.0029113583809557662,human_gene_v2.5.h5,2.5,False,True,False,human,unseen,unseen_study
GSM7305000,GSE231848,Homo sapiens,"Female, Donor1, Day3",Primary Cell,"individual: Female, Donor1,cell line: Primary Cell,cell type: Meniscus Fibrochondrocytes,genotype: WT,treatment: Simulated Microgravity,time: 3 day",GPL18573,RNA-Seq,transcriptomic,Illumina NextSeq 500,total RNA,May 06 2023,0.003437394689103303,human_gene_v2.5.h5,2.5,False,True,False,human,unseen,unseen_study
GSM7305001,GSE231848,Homo sapiens,"Female, Donor1, Day7",Primary Cell,"individual: Female, Donor1,cell line: Primary Cell,cell type: Meniscus Fibrochondrocytes,genotype: WT,treatment: Simulated Microgravity,time: 7 day",GPL18573,RNA-Seq,transcriptomic,Illumina NextSeq 500,total RNA,May 06 2023,0.0034902087018156567,human_gene_v2.5.h5,2.5,False,True,False,human,unseen,unseen_study
GSM7305003,GSE231848,Homo sapiens,"Male, Donor3, Day1",Primary Cell,"individual: Male, Donor3,cell line: Primary Cell,cell type: Meniscus Fibrochondrocytes,genotype: WT,treatment: Simulated Microgravity,time: 1 day",GPL18573,RNA-Seq,transcriptomic,Illumina NextSeq 500,total RNA,May 06 2023,0.004070011469573799,human_gene_v2.5.h5,2.5,False,True,False,human,unseen,unseen_study
GSM7305004,GSE231848,Homo sapiens,"Male, Donor3, Day3",Primary Cell,"individual: Male, Donor3,cell line: Primary Cell,cell type: Meniscus Fibrochondrocytes,genotype: WT,treatment: Simulated Microgravity,time: 3 day",GPL18573,RNA-Seq,transcriptomic,Illumina NextSeq 500,total RNA,May 06 2023,0.004070011469573799,human_gene_v2.5.h5,2.5,False,True,False,human,unseen,unseen_study
GSM7305005,GSE231848,Homo sapiens,"Male, Donor3, Day7",Primary Cell,"individual: Male, Donor3,cell line: Primary Cell,cell type: Meniscus Fibrochondrocytes,genotype: WT,treatment: Simulated Microgravity,time: 7 day",GPL18573,RNA-Seq,transcriptomic,Illumina NextSeq 500,total RNA,May 06 2023,0.003552938934227745,human_gene_v2.5.h5,2.5,False,True,False,human,unseen,unseen_study
GSM7305007,GSE231848,Homo sapiens,"Female, Donor2, Day1",Primary Cell,"individual: Female, Donor2,cell line: Primary Cell,cell type: Meniscus Fibrochondrocytes,genotype: WT,treatment: Simulated Microgravity,time: 1 day",GPL18573,RNA-Seq,transcriptomic,Illumina NextSeq 500,total RNA,May 06 2023,0.0015691201941256234,human_gene_v2.5.h5,2.5,False,True,False,human,unseen,unseen_study
GSM7305008,GSE231848,Homo sapiens,"Female, Donor2, Day3",Primary Cell,"individual: Female, Donor2,cell line: Primary Cell,cell type: Meniscus Fibrochondrocytes,genotype: WT,treatment: Simulated Microgravity,time: 3 day",GPL18573,RNA-Seq,transcriptomic,Illumina NextSeq 500,total RNA,May 06 2023,0.0020951565022731605,human_gene_v2.5.h5,2.5,False,True,False,human,unseen,unseen_study
GSM7305009,GSE231848,Homo sapiens,"Female, Donor2, Day7",Primary Cell,"individual: Female, Donor2,cell line: Primary Cell,cell type: Meniscus Fibrochondrocytes,genotype: WT,treatment: Simulated Microgravity,time: 7 day",GPL18573,RNA-Seq,transcriptomic,Illumina NextSeq 500,total RNA,May 06 2023,0.0020951565022731605,human_gene_v2.5.h5,2.5,False,True,False,human,unseen,unseen_study
GSM7305011,GSE231848,Homo sapiens,"Female, Donor3, Day1",Primary Cell,"individual: Female, Donor3,cell line: Primary Cell,cell type: Meniscus Fibrochondrocytes,genotype: WT,treatment: Simulated Microgravity,time: 1 day",GPL18573,RNA-Seq,transcriptomic,Illumina NextSeq 500,total RNA,May 06 2023,0.0015691201941256234,human_gene_v2.5.h5,2.5,False,True,False,human,unseen,unseen_study
GSM7305012,GSE231848,Homo sapiens,"Female, Donor3, Day3",Primary Cell,"individual: Female, Donor3,cell line: Primary Cell,cell type: Meniscus Fibrochondrocytes,genotype: WT,treatment: Simulated Microgravity,time: 3 day",GPL18573,RNA-Seq,transcriptomic,Illumina NextSeq 500,total RNA,May 06 2023,0.0037762558194365187,human_gene_v2.5.h5,2.5,False,True,False,human,unseen,unseen_study
GSM7305013,GSE231848,Homo sapiens,"Female, Donor3, Day7",Primary Cell,"individual: Female, Donor3,cell line: Primary Cell,cell type: Meniscus Fibrochondrocytes,genotype: WT,treatment: Simulated Microgravity,time: 7 day",GPL18573,RNA-Seq,transcriptomic,Illumina NextSeq 500,total RNA,May 06 2023,0.0020951565022731605,human_gene_v2.5.h5,2.5,False,True,False,human,unseen,unseen_study
GSM7469197,GSE234465,Homo sapiens,YA-NOES-1,"YA myobundles, SpX21 flight, Day18","tissue: Skeletal muscle,cell line: Enriched CD56+ myoblasts,cell type: Wild type ( cell line),biorep: rep1,treatment: Exposed to microgravity (Non EStim)",GPL24676,RNA-Seq,transcriptomic,Illumina NovaSeq 6000,total RNA,Jun 08 2023,0.006693374231241698,human_gene_v2.5.h5,2.5,False,True,False,human,unseen,unseen_study
GSM7469198,GSE234465,Homo sapiens,YA-NOES-2,"YA myobundles, SpX21 flight, Day18","tissue: Skeletal muscle,cell line: Enriched CD56+ myoblasts,cell type: Wild type ( cell line),biorep: rep2,treatment: Exposed to microgravity (Non EStim)",GPL24676,RNA-Seq,transcriptomic,Illumina NovaSeq 6000,total RNA,Jun 08 2023,0.0048122856692107245,human_gene_v2.5.h5,2.5,False,True,False,human,unseen,unseen_study
GSM7469199,GSE234465,Homo sapiens,YA-NOES-3,"YA myobundles, SpX21 flight, Day18","tissue: Skeletal muscle,cell line: Enriched CD56+ myoblasts,cell type: Wild type ( cell line),biorep: rep3,treatment: Exposed to microgravity (Non EStim)",GPL24676,RNA-Seq,transcriptomic,Illumina NovaSeq 6000,total RNA,Jun 08 2023,0.0,human_gene_v2.5.h5,2.5,False,True,False,human,unseen,unseen_study
GSM7469200,GSE234465,Homo sapiens,OS-NOES-1,"OS myobundles, SpX21 flight, Day18","tissue: Skeletal muscle,cell line: Enriched CD56+ myoblasts,cell type: Wild type ( cell line),biorep: rep1,treatment: Exposed to microgravity (Non EStim)",GPL24676,RNA-Seq,transcriptomic,Illumina NovaSeq 6000,total RNA,Jun 08 2023,0.004747009306237682,human_gene_v2.5.h5,2.5,False,True,False,human,unseen,unseen_study
GSM7469201,GSE234465,Homo sapiens,OS-NOES-2,"OS myobundles, SpX21 flight, Day18","tissue: Skeletal muscle,cell line: Enriched CD56+ myoblasts,cell type: Wild type ( cell line),biorep: rep2,treatment: Exposed to microgravity (Non EStim)",GPL24676,RNA-Seq,transcriptomic,Illumina NovaSeq 6000,total RNA,Jun 08 2023,0.005298322031699198,human_gene_v2.5.h5,2.5,False,True,False,human,unseen,unseen_study
GSM7469202,GSE234465,Homo sapiens,OS-NOES-3,"OS myobundles, SpX21 flight, Day18","tissue: Skeletal muscle,cell line: Enriched CD56+ myoblasts,cell type: Wild type ( cell line),biorep: rep3,treatment: Exposed to microgravity (Non EStim)",GPL24676,RNA-Seq,transcriptomic,Illumina NovaSeq 6000,total RNA,Jun 08 2023,0.0037686715533226823,human_gene_v2.5.h5,2.5,False,True,False,human,unseen,unseen_study
GSM7594883,GSE237099,Mus musculus,"Muscle, hindlimb unloading day 10, rep1",gastrocnemium skeletal muscle,"strain: C57BL/6,Sex: male,tissue: gastrocnemium skeletal muscle,genotype: wild-type,intervention: unloading_day10",GPL13112,RNA-Seq,transcriptomic,Illumina HiSeq 2000,polyA RNA,Jul 11 2023,0.008966943254314614,mouse_gene_v2.5.h5,2.5,False,False,True,mouse,train,seen_study
GSM7594884,GSE237099,Mus musculus,"Muscle, hindlimb unloading day 10, rep2",gastrocnemium skeletal muscle,"strain: C57BL/6,Sex: male,tissue: gastrocnemium skeletal muscle,genotype: wild-type,intervention: unloading_day10",GPL13112,RNA-Seq,transcriptomic,Illumina HiSeq 2000,polyA RNA,Jul 11 2023,0.004890553865182563,mouse_gene_v2.5.h5,2.5,False,False,True,mouse,train,seen_study
GSM7708688,GSE240751,Mus musculus,"liver of mice under microgravity in space for 30 days, replicate 1",liver,"tissue: liver,cell type: liver cells (homogenate),strain: C57BL/6J,genotype: WT,Sex: male,treatment: microgravity in space for 30 days",GPL24247,RNA-Seq,transcriptomic,Illumina NovaSeq 6000,total RNA,Aug 14 2023,0.00843489524241616,mouse_gene_v2.5.h5,2.5,False,True,False,mouse,unseen,unseen_study
GSM7708689,GSE240751,Mus musculus,"liver of mice under microgravity in space for 30 days, replicate 2",liver,"tissue: liver,cell type: liver cells (homogenate),strain: C57BL/6J,genotype: WT,Sex: male,treatment: microgravity in space for 30 days",GPL24247,RNA-Seq,transcriptomic,Illumina NovaSeq 6000,total RNA,Aug 14 2023,0.0,mouse_gene_v2.5.h5,2.5,False,True,False,mouse,unseen,unseen_study
GSM7708690,GSE240751,Mus musculus,"liver of mice under microgravity in space for 30 days, replicate 3",liver,"tissue: liver,cell type: liver cells (homogenate),strain: C57BL/6J,genotype: WT,Sex: male,treatment: microgravity in space for 30 days",GPL24247,RNA-Seq,transcriptomic,Illumina NovaSeq 6000,total RNA,Aug 14 2023,0.0025162780104375556,mouse_gene_v2.5.h5,2.5,False,True,False,mouse,unseen,unseen_study
GSM7709803,GSE240814,Mus musculus,11_S6,Skeletal muscle Gastrocnemius,"tissue: Skeletal muscle Gastrocnemius,genotype: C57BL6/J,treatment: Hindlimb Unloading,Sex: Male,time point: 24h",GPL21103,RNA-Seq,transcriptomic,Illumina HiSeq 4000,total RNA,Aug 14 2023,0.006547583674999678,mouse_gene_v2.5.h5,2.5,False,False,True,mouse,unseen,unseen_study
GSM7709804,GSE240814,Mus musculus,12_S8,Skeletal muscle Gastrocnemius,"tissue: Skeletal muscle Gastrocnemius,genotype: C57BL6/J,treatment: Hindlimb Unloading,Sex: Male,time point: 24h",GPL21103,RNA-Seq,transcriptomic,Illumina HiSeq 4000,total RNA,Aug 14 2023,0.005992371915057252,mouse_gene_v2.5.h5,2.5,False,False,True,mouse,unseen,unseen_study
GSM7709805,GSE240814,Mus musculus,14_S10,Skeletal muscle Gastrocnemius,"tissue: Skeletal muscle Gastrocnemius,genotype: C57BL6/J,treatment: Hindlimb Unloading,Sex: Male,time point: 24h",GPL21103,RNA-Seq,transcriptomic,Illumina HiSeq 4000,total RNA,Aug 14 2023,0.005992371915057252,mouse_gene_v2.5.h5,2.5,False,False,True,mouse,unseen,unseen_study
GSM7709806,GSE240814,Mus musculus,7_S1,Skeletal muscle Gastrocnemius,"tissue: Skeletal muscle Gastrocnemius,genotype: C57BL6/J,treatment: Hindlimb Unloading,Sex: Male,time point: 24h",GPL21103,RNA-Seq,transcriptomic,Illumina HiSeq 4000,total RNA,Aug 14 2023,0.00828251976547294,mouse_gene_v2.5.h5,2.5,False,False,True,mouse,unseen,unseen_study
GSM7709807,GSE240814,Mus musculus,9_S14,Skeletal muscle Gastrocnemius,"tissue: Skeletal muscle Gastrocnemius,genotype: C57BL6/J,treatment: Hindlimb Unloading,Sex: Male,time point: 24h",GPL21103,RNA-Seq,transcriptomic,Illumina HiSeq 4000,total RNA,Aug 14 2023,0.007647120692071514,mouse_gene_v2.5.h5,2.5,False,False,True,mouse,unseen,unseen_study
GSM7709808,GSE240814,Mus musculus,15_S12,Skeletal muscle Gastrocnemius,"tissue: Skeletal muscle Gastrocnemius,genotype: C57BL6/J,treatment: Hindlimb Unloading,Sex: Male,time point: 24h",GPL21103,RNA-Seq,transcriptomic,Illumina HiSeq 4000,total RNA,Aug 14 2023,0.004669577942423299,mouse_gene_v2.5.h5,2.5,False,False,True,mouse,unseen,unseen_study
GSM7709809,GSE240814,Mus musculus,10_S4,Skeletal muscle Gastrocnemius,"tissue: Skeletal muscle Gastrocnemius,genotype: C57BL6/J,treatment: Hindlimb Unloading,Sex: Male,time point: 24h",GPL21103,RNA-Seq,transcriptomic,Illumina HiSeq 4000,total RNA,Aug 14 2023,0.026632275910088068,mouse_gene_v2.5.h5,2.5,False,False,True,mouse,unseen,unseen_study
GSM7709810,GSE240814,Mus musculus,16_S15,Skeletal muscle Gastrocnemius,"tissue: Skeletal muscle Gastrocnemius,genotype: C57BL6/J,treatment: Hindlimb Unloading,Sex: Male,time point: 24h",GPL21103,RNA-Seq,transcriptomic,Illumina HiSeq 4000,total RNA,Aug 14 2023,0.006003299851726565,mouse_gene_v2.5.h5,2.5,False,False,True,mouse,unseen,unseen_study
GSM7709811,GSE240814,Mus musculus,17_S2,Skeletal muscle Gastrocnemius,"tissue: Skeletal muscle Gastrocnemius,genotype: C57BL6/J,treatment: Hindlimb Unloading,Sex: Male,time point: 48h",GPL21103,RNA-Seq,transcriptomic,Illumina HiSeq 4000,total RNA,Aug 14 2023,0.005367900778325138,mouse_gene_v2.5.h5,2.5,False,False,True,mouse,unseen,unseen_study
GSM7709812,GSE240814,Mus musculus,19_S5,Skeletal muscle Gastrocnemius,"tissue: Skeletal muscle Gastrocnemius,genotype: C57BL6/J,treatment: Hindlimb Unloading,Sex: Male,time point: 48h",GPL21103,RNA-Seq,transcriptomic,Illumina HiSeq 4000,total RNA,Aug 14 2023,0.00566016237045801,mouse_gene_v2.5.h5,2.5,False,False,True,mouse,unseen,unseen_study
GSM7709813,GSE240814,Mus musculus,21_S9,Skeletal muscle Gastrocnemius,"tissue: Skeletal muscle Gastrocnemius,genotype: C57BL6/J,treatment: Hindlimb Unloading,Sex: Male,time point: 48h",GPL21103,RNA-Seq,transcriptomic,Illumina HiSeq 4000,total RNA,Aug 14 2023,0.005992371915057252,mouse_gene_v2.5.h5,2.5,False,False,True,mouse,unseen,unseen_study
GSM7709814,GSE240814,Mus musculus,20_S7,Skeletal muscle Gastrocnemius,"tissue: Skeletal muscle Gastrocnemius,genotype: C57BL6/J,treatment: Hindlimb Unloading,Sex: Male,time point: 48h",GPL21103,RNA-Seq,transcriptomic,Illumina HiSeq 4000,total RNA,Aug 14 2023,0.008106087244911546,mouse_gene_v2.5.h5,2.5,False,False,True,mouse,unseen,unseen_study
GSM7709815,GSE240814,Mus musculus,26_S1,Skeletal muscle Gastrocnemius,"tissue: Skeletal muscle Gastrocnemius,genotype: C57BL6/J,treatment: Hindlimb Unloading,Sex: Male,time point: 48h",GPL21103,RNA-Seq,transcriptomic,Illumina HiSeq 4000,total RNA,Aug 14 2023,0.005815939394495859,mouse_gene_v2.5.h5,2.5,False,False,True,mouse,unseen,unseen_study
GSM7709816,GSE240814,Mus musculus,22_S11,Skeletal muscle Gastrocnemius,"tissue: Skeletal muscle Gastrocnemius,genotype: C57BL6/J,treatment: Hindlimb Unloading,Sex: Male,time point: 48h",GPL21103,RNA-Seq,transcriptomic,Illumina HiSeq 4000,total RNA,Aug 14 2023,0.0076580486287408265,mouse_gene_v2.5.h5,2.5,False,False,True,mouse,unseen,unseen_study
GSM7709817,GSE240814,Mus musculus,25_S16,Skeletal muscle Gastrocnemius,"tissue: Skeletal muscle Gastrocnemius,genotype: C57BL6/J,treatment: Hindlimb Unloading,Sex: Male,time point: 48h",GPL21103,RNA-Seq,transcriptomic,Illumina HiSeq 4000,total RNA,Aug 14 2023,0.006003299851726565,mouse_gene_v2.5.h5,2.5,False,False,True,mouse,unseen,unseen_study
GSM7709818,GSE240814,Mus musculus,23_S13,Skeletal muscle Gastrocnemius,"tissue: Skeletal muscle Gastrocnemius,genotype: C57BL6/J,treatment: Hindlimb Unloading,Sex: Male,time point: 48h",GPL21103,RNA-Seq,transcriptomic,Illumina HiSeq 4000,total RNA,Aug 14 2023,0.005992371915057252,mouse_gene_v2.5.h5,2.5,False,False,True,mouse,unseen,unseen_study
GSM7709819,GSE240814,Mus musculus,18_S3,Skeletal muscle Gastrocnemius,"tissue: Skeletal muscle Gastrocnemius,genotype: C57BL6/J,treatment: Hindlimb Unloading,Sex: Male,time point: 48h",GPL21103,RNA-Seq,transcriptomic,Illumina HiSeq 4000,total RNA,Aug 14 2023,0.005356972841655825,mouse_gene_v2.5.h5,2.5,False,False,True,mouse,unseen,unseen_study
GSM7709820,GSE240814,Mus musculus,34_S25,Skeletal muscle Gastrocnemius,"tissue: Skeletal muscle Gastrocnemius,genotype: C57BL6/J,treatment: Hindlimb Unloading,Sex: Male,time point: 72h",GPL21103,RNA-Seq,transcriptomic,Illumina HiSeq 4000,total RNA,Aug 14 2023,0.005356972841655825,mouse_gene_v2.5.h5,2.5,False,False,True,mouse,unseen,unseen_study
GSM7709821,GSE240814,Mus musculus,35_S28,Skeletal muscle Gastrocnemius,"tissue: Skeletal muscle Gastrocnemius,genotype: C57BL6/J,treatment: Hindlimb Unloading,Sex: Male,time point: 72h",GPL21103,RNA-Seq,transcriptomic,Illumina HiSeq 4000,total RNA,Aug 14 2023,0.004976931770476243,mouse_gene_v2.5.h5,2.5,False,False,True,mouse,unseen,unseen_study
GSM7709822,GSE240814,Mus musculus,27_S2,Skeletal muscle Gastrocnemius,"tissue: Skeletal muscle Gastrocnemius,genotype: C57BL6/J,treatment: Hindlimb Unloading,Sex: Male,time point: 72h",GPL21103,RNA-Seq,transcriptomic,Illumina HiSeq 4000,total RNA,Aug 14 2023,0.004669577942423299,mouse_gene_v2.5.h5,2.5,False,False,True,mouse,unseen,unseen_study
GSM7709823,GSE240814,Mus musculus,32_S7,Skeletal muscle Gastrocnemius,"tissue: Skeletal muscle Gastrocnemius,genotype: C57BL6/J,treatment: Hindlimb Unloading,Sex: Male,time point: 72h",GPL21103,RNA-Seq,transcriptomic,Illumina HiSeq 4000,total RNA,Aug 14 2023,0.007595124866240416,mouse_gene_v2.5.h5,2.5,False,False,True,mouse,unseen,unseen_study
GSM7709824,GSE240814,Mus musculus,28_S3,Skeletal muscle Gastrocnemius,"tissue: Skeletal muscle Gastrocnemius,genotype: C57BL6/J,treatment: Hindlimb Unloading,Sex: Male,time point: 72h",GPL21103,RNA-Seq,transcriptomic,Illumina HiSeq 4000,total RNA,Aug 14 2023,0.005356972841655825,mouse_gene_v2.5.h5,2.5,False,False,True,mouse,unseen,unseen_study
GSM7709825,GSE240814,Mus musculus,33_S8,Skeletal muscle Gastrocnemius,"tissue: Skeletal muscle Gastrocnemius,genotype: C57BL6/J,treatment: Hindlimb Unloading,Sex: Male,time point: 72h",GPL21103,RNA-Seq,transcriptomic,Illumina HiSeq 4000,total RNA,Aug 14 2023,0.005304977015824727,mouse_gene_v2.5.h5,2.5,False,False,True,mouse,unseen,unseen_study
GSM7709826,GSE240814,Mus musculus,31_S6,Skeletal muscle Gastrocnemius,"tissue: Skeletal muscle Gastrocnemius,genotype: C57BL6/J,treatment: Hindlimb Unloading,Sex: Male,time point: 72h",GPL21103,RNA-Seq,transcriptomic,Illumina HiSeq 4000,total RNA,Aug 14 2023,0.005356972841655825,mouse_gene_v2.5.h5,2.5,False,False,True,mouse,unseen,unseen_study
GSM7709827,GSE240814,Mus musculus,29_S4,Skeletal muscle Gastrocnemius,"tissue: Skeletal muscle Gastrocnemius,genotype: C57BL6/J,treatment: Hindlimb Unloading,Sex: Male,time point: 72h",GPL21103,RNA-Seq,transcriptomic,Illumina HiSeq 4000,total RNA,Aug 14 2023,0.005992371915057252,mouse_gene_v2.5.h5,2.5,False,False,True,mouse,unseen,unseen_study
GSM7709828,GSE240814,Mus musculus,30_S5,Skeletal muscle Gastrocnemius,"tissue: Skeletal muscle Gastrocnemius,genotype: C57BL6/J,treatment: Hindlimb Unloading,Sex: Male,time point: 72h",GPL21103,RNA-Seq,transcriptomic,Illumina HiSeq 4000,total RNA,Aug 14 2023,0.005992371915057252,mouse_gene_v2.5.h5,2.5,False,False,True,mouse,unseen,unseen_study
GSM7709829,GSE240814,Mus musculus,53_S39,Skeletal muscle Gastrocnemius,"tissue: Skeletal muscle Gastrocnemius,genotype: C57BL6/J,treatment: Hindlimb Unloading,Sex: Male,time point: 168h",GPL21103,RNA-Seq,transcriptomic,Illumina HiSeq 4000,total RNA,Aug 14 2023,0.005356972841655825,mouse_gene_v2.5.h5,2.5,False,False,True,mouse,unseen,unseen_study
GSM7709830,GSE240814,Mus musculus,49_S31,Skeletal muscle Gastrocnemius,"tissue: Skeletal muscle Gastrocnemius,genotype: C57BL6/J,treatment: Hindlimb Unloading,Sex: Male,time point: 168h",GPL21103,RNA-Seq,transcriptomic,Illumina HiSeq 4000,total RNA,Aug 14 2023,0.005356972841655825,mouse_gene_v2.5.h5,2.5,False,False,True,mouse,unseen,unseen_study
GSM7709831,GSE240814,Mus musculus,52_S37,Skeletal muscle Gastrocnemius,"tissue: Skeletal muscle Gastrocnemius,genotype: C57BL6/J,treatment: Hindlimb Unloading,Sex: Male,time point: 168h",GPL21103,RNA-Seq,transcriptomic,Illumina HiSeq 4000,total RNA,Aug 14 2023,0.005992371915057252,mouse_gene_v2.5.h5,2.5,False,False,True,mouse,unseen,unseen_study
GSM7709832,GSE240814,Mus musculus,48_S29,Skeletal muscle Gastrocnemius,"tissue: Skeletal muscle Gastrocnemius,genotype: C57BL6/J,treatment: Hindlimb Unloading,Sex: Male,time point: 168h",GPL21103,RNA-Seq,transcriptomic,Illumina HiSeq 4000,total RNA,Aug 14 2023,0.005664326669708768,mouse_gene_v2.5.h5,2.5,False,False,True,mouse,unseen,unseen_study
GSM7709833,GSE240814,Mus musculus,51_S35,Skeletal muscle Gastrocnemius,"tissue: Skeletal muscle Gastrocnemius,genotype: C57BL6/J,treatment: Hindlimb Unloading,Sex: Male,time point: 168h",GPL21103,RNA-Seq,transcriptomic,Illumina HiSeq 4000,total RNA,Aug 14 2023,0.005992371915057252,mouse_gene_v2.5.h5,2.5,False,False,True,mouse,unseen,unseen_study
GSM7709834,GSE240814,Mus musculus,54_S41,Skeletal muscle Gastrocnemius,"tissue: Skeletal muscle Gastrocnemius,genotype: C57BL6/J,treatment: Hindlimb Unloading,Sex: Male,time point: 168h",GPL21103,RNA-Seq,transcriptomic,Illumina HiSeq 4000,total RNA,Aug 14 2023,0.005304977015824727,mouse_gene_v2.5.h5,2.5,False,False,True,mouse,unseen,unseen_study
GSM7709835,GSE240814,Mus musculus,55_S27,Skeletal muscle Gastrocnemius,"tissue: Skeletal muscle Gastrocnemius,genotype: C57BL6/J,treatment: Hindlimb Unloading,Sex: Male,time point: 168h",GPL21103,RNA-Seq,transcriptomic,Illumina HiSeq 4000,total RNA,Aug 14 2023,0.005992371915057252,mouse_gene_v2.5.h5,2.5,False,False,True,mouse,unseen,unseen_study
GSM7709836,GSE240814,Mus musculus,50_S33,Skeletal muscle Gastrocnemius,"tissue: Skeletal muscle Gastrocnemius,genotype: C57BL6/J,treatment: Hindlimb Unloading,Sex: Male,time point: 168h",GPL21103,RNA-Seq,transcriptomic,Illumina HiSeq 4000,total RNA,Aug 14 2023,0.005992371915057252,mouse_gene_v2.5.h5,2.5,False,False,True,mouse,unseen,unseen_study
GSM7709845,GSE240814,Mus musculus,H69_S48,Skeletal muscle Gastrocnemius,"tissue: Skeletal muscle Gastrocnemius,genotype: C57BL6/J,treatment: Hindlimb Unloading,Sex: Female,time point: 24h",GPL21103,RNA-Seq,transcriptomic,Illumina HiSeq 4000,total RNA,Aug 14 2023,0.0,mouse_gene_v2.5.h5,2.5,False,False,True,mouse,unseen,unseen_study
GSM7709846,GSE240814,Mus musculus,H61_S30,Skeletal muscle Gastrocnemius,"tissue: Skeletal muscle Gastrocnemius,genotype: C57BL6/J,treatment: Hindlimb Unloading,Sex: Female,time point: 24h",GPL21103,RNA-Seq,transcriptomic,Illumina HiSeq 4000,total RNA,Aug 14 2023,0.003400738490205921,mouse_gene_v2.5.h5,2.5,False,False,True,mouse,unseen,unseen_study
GSM7709847,GSE240814,Mus musculus,H65_S36,Skeletal muscle Gastrocnemius,"tissue: Skeletal muscle Gastrocnemius,genotype: C57BL6/J,treatment: Hindlimb Unloading,Sex: Female,time point: 24h",GPL21103,RNA-Seq,transcriptomic,Illumina HiSeq 4000,total RNA,Aug 14 2023,0.001482808117975529,mouse_gene_v2.5.h5,2.5,False,False,True,mouse,unseen,unseen_study
GSM7709848,GSE240814,Mus musculus,H67_S42,Skeletal muscle Gastrocnemius,"tissue: Skeletal muscle Gastrocnemius,genotype: C57BL6/J,treatment: Hindlimb Unloading,Sex: Female,time point: 24h",GPL21103,RNA-Seq,transcriptomic,Illumina HiSeq 4000,total RNA,Aug 14 2023,0.013490714796063683,mouse_gene_v2.5.h5,2.5,False,False,True,mouse,unseen,unseen_study
GSM7709849,GSE240814,Mus musculus,H68_S45,Skeletal muscle Gastrocnemius,"tissue: Skeletal muscle Gastrocnemius,genotype: C57BL6/J,treatment: Hindlimb Unloading,Sex: Female,time point: 24h",GPL21103,RNA-Seq,transcriptomic,Illumina HiSeq 4000,total RNA,Aug 14 2023,0.00566016237045801,mouse_gene_v2.5.h5,2.5,False,False,True,mouse,unseen,unseen_study
GSM7709850,GSE240814,Mus musculus,H60_S27,Skeletal muscle Gastrocnemius,"tissue: Skeletal muscle Gastrocnemius,genotype: C57BL6/J,treatment: Hindlimb Unloading,Sex: Female,time point: 24h",GPL21103,RNA-Seq,transcriptomic,Illumina HiSeq 4000,total RNA,Aug 14 2023,0.0,mouse_gene_v2.5.h5,2.5,False,False,True,mouse,unseen,unseen_study
GSM7709851,GSE240814,Mus musculus,H63_S33,Skeletal muscle Gastrocnemius,"tissue: Skeletal muscle Gastrocnemius,genotype: C57BL6/J,treatment: Hindlimb Unloading,Sex: Female,time point: 24h",GPL21103,RNA-Seq,transcriptomic,Illumina HiSeq 4000,total RNA,Aug 14 2023,0.0027479549201823053,mouse_gene_v2.5.h5,2.5,False,False,True,mouse,unseen,unseen_study
GSM7709852,GSE240814,Mus musculus,H66_S39,Skeletal muscle Gastrocnemius,"tissue: Skeletal muscle Gastrocnemius,genotype: C57BL6/J,treatment: Hindlimb Unloading,Sex: Female,time point: 24h",GPL21103,RNA-Seq,transcriptomic,Illumina HiSeq 4000,total RNA,Aug 14 2023,0.0033899621675066954,mouse_gene_v2.5.h5,2.5,False,False,True,mouse,unseen,unseen_study
GSM7709853,GSE240814,Mus musculus,H72_S3,Skeletal muscle Gastrocnemius,"tissue: Skeletal muscle Gastrocnemius,genotype: C57BL6/J,treatment: Hindlimb Unloading,Sex: Female,time point: 48h",GPL21103,RNA-Seq,transcriptomic,Illumina HiSeq 4000,total RNA,Aug 14 2023,0.0072334180351866315,mouse_gene_v2.5.h5,2.5,False,False,True,mouse,unseen,unseen_study
GSM7709854,GSE240814,Mus musculus,H76_S7,Skeletal muscle Gastrocnemius,"tissue: Skeletal muscle Gastrocnemius,genotype: C57BL6/J,treatment: Hindlimb Unloading,Sex: Female,time point: 48h",GPL21103,RNA-Seq,transcriptomic,Illumina HiSeq 4000,total RNA,Aug 14 2023,0.00623181876897361,mouse_gene_v2.5.h5,2.5,False,False,True,mouse,unseen,unseen_study
GSM7709855,GSE240814,Mus musculus,H73_S4,Skeletal muscle Gastrocnemius,"tissue: Skeletal muscle Gastrocnemius,genotype: C57BL6/J,treatment: Hindlimb Unloading,Sex: Female,time point: 48h",GPL21103,RNA-Seq,transcriptomic,Illumina HiSeq 4000,total RNA,Aug 14 2023,0.006003299851726565,mouse_gene_v2.5.h5,2.5,False,False,True,mouse,unseen,unseen_study
GSM7709856,GSE240814,Mus musculus,H79r_S5,Skeletal muscle Gastrocnemius,"tissue: Skeletal muscle Gastrocnemius,genotype: C57BL6/J,treatment: Hindlimb Unloading,Sex: Female,time point: 48h",GPL21103,RNA-Seq,transcriptomic,Illumina HiSeq 4000,total RNA,Aug 14 2023,0.005992371915057252,mouse_gene_v2.5.h5,2.5,False,False,True,mouse,unseen,unseen_study
GSM7709857,GSE240814,Mus musculus,H70_S1,Skeletal muscle Gastrocnemius,"tissue: Skeletal muscle Gastrocnemius,genotype: C57BL6/J,treatment: Hindlimb Unloading,Sex: Female,time point: 48h",GPL21103,RNA-Seq,transcriptomic,Illumina HiSeq 4000,total RNA,Aug 14 2023,0.004087733939809815,mouse_gene_v2.5.h5,2.5,False,False,True,mouse,unseen,unseen_study
GSM7709858,GSE240814,Mus musculus,H74_S6,Skeletal muscle Gastrocnemius,"tissue: Skeletal muscle Gastrocnemius,genotype: C57BL6/J,treatment: Hindlimb Unloading,Sex: Female,time point: 48h",GPL21103,RNA-Seq,transcriptomic,Illumina HiSeq 4000,total RNA,Aug 14 2023,0.005367900778325138,mouse_gene_v2.5.h5,2.5,False,False,True,mouse,unseen,unseen_study
GSM7709859,GSE240814,Mus musculus,H71_S2,Skeletal muscle Gastrocnemius,"tissue: Skeletal muscle Gastrocnemius,genotype: C57BL6/J,treatment: Hindlimb Unloading,Sex: Female,time point: 48h",GPL21103,RNA-Seq,transcriptomic,Illumina HiSeq 4000,total RNA,Aug 14 2023,0.006003299851726565,mouse_gene_v2.5.h5,2.5,False,False,True,mouse,unseen,unseen_study
GSM7709860,GSE240814,Mus musculus,H78_S8,Skeletal muscle Gastrocnemius,"tissue: Skeletal muscle Gastrocnemius,genotype: C57BL6/J,treatment: Hindlimb Unloading,Sex: Female,time point: 48h",GPL21103,RNA-Seq,transcriptomic,Illumina HiSeq 4000,total RNA,Aug 14 2023,0.005356972841655825,mouse_gene_v2.5.h5,2.5,False,False,True,mouse,unseen,unseen_study
GSM7709861,GSE240814,Mus musculus,H85_S18,Skeletal muscle Gastrocnemius,"tissue: Skeletal muscle Gastrocnemius,genotype: C57BL6/J,treatment: Hindlimb Unloading,Sex: Female,time point: 72h",GPL21103,RNA-Seq,transcriptomic,Illumina HiSeq 4000,total RNA,Aug 14 2023,0.02392807246403871,mouse_gene_v2.5.h5,2.5,False,False,True,mouse,unseen,unseen_study
GSM7709862,GSE240814,Mus musculus,H82_S9,Skeletal muscle Gastrocnemius,"tissue: Skeletal muscle Gastrocnemius,genotype: C57BL6/J,treatment: Hindlimb Unloading,Sex: Female,time point: 72h",GPL21103,RNA-Seq,transcriptomic,Illumina HiSeq 4000,total RNA,Aug 14 2023,0.002732992294252493,mouse_gene_v2.5.h5,2.5,False,False,True,mouse,unseen,unseen_study
GSM7709863,GSE240814,Mus musculus,H81_S6,Skeletal muscle Gastrocnemius,"tissue: Skeletal muscle Gastrocnemius,genotype: C57BL6/J,treatment: Hindlimb Unloading,Sex: Female,time point: 72h",GPL21103,RNA-Seq,transcriptomic,Illumina HiSeq 4000,total RNA,Aug 14 2023,0.00475368745054271,mouse_gene_v2.5.h5,2.5,False,False,True,mouse,unseen,unseen_study
GSM7709864,GSE240814,Mus musculus,H87_S21,Skeletal muscle Gastrocnemius,"tissue: Skeletal muscle Gastrocnemius,genotype: C57BL6/J,treatment: Hindlimb Unloading,Sex: Female,time point: 72h",GPL21103,RNA-Seq,transcriptomic,Illumina HiSeq 4000,total RNA,Aug 14 2023,0.031653695660906214,mouse_gene_v2.5.h5,2.5,False,False,True,mouse,unseen,unseen_study
GSM7709865,GSE240814,Mus musculus,H83_S12,Skeletal muscle Gastrocnemius,"tissue: Skeletal muscle Gastrocnemius,genotype: C57BL6/J,treatment: Hindlimb Unloading,Sex: Female,time point: 72h",GPL21103,RNA-Seq,transcriptomic,Illumina HiSeq 4000,total RNA,Aug 14 2023,0.0,mouse_gene_v2.5.h5,2.5,False,False,True,mouse,unseen,unseen_study
GSM7709866,GSE240814,Mus musculus,H84_S15,Skeletal muscle Gastrocnemius,"tissue: Skeletal muscle Gastrocnemius,genotype: C57BL6/J,treatment: Hindlimb Unloading,Sex: Female,time point: 72h",GPL21103,RNA-Seq,transcriptomic,Illumina HiSeq 4000,total RNA,Aug 14 2023,0.00511128243693124,mouse_gene_v2.5.h5,2.5,False,False,True,mouse,unseen,unseen_study
GSM7709867,GSE240814,Mus musculus,H80_S3,Skeletal muscle Gastrocnemius,"tissue: Skeletal muscle Gastrocnemius,genotype: C57BL6/J,treatment: Hindlimb Unloading,Sex: Female,time point: 72h",GPL21103,RNA-Seq,transcriptomic,Illumina HiSeq 4000,total RNA,Aug 14 2023,0.0029822383813409114,mouse_gene_v2.5.h5,2.5,False,False,True,mouse,unseen,unseen_study
GSM7709868,GSE240814,Mus musculus,H88_S24,Skeletal muscle Gastrocnemius,"tissue: Skeletal muscle Gastrocnemius,genotype: C57BL6/J,treatment: Hindlimb Unloading,Sex: Female,time point: 72h",GPL21103,RNA-Seq,transcriptomic,Illumina HiSeq 4000,total RNA,Aug 14 2023,0.0,mouse_gene_v2.5.h5,2.5,False,False,True,mouse,unseen,unseen_study
GSM7709869,GSE240814,Mus musculus,H109_S62,Skeletal muscle Gastrocnemius,"tissue: Skeletal muscle Gastrocnemius,genotype: C57BL6/J,treatment: Hindlimb Unloading,Sex: Female,time point: 168h",GPL21103,RNA-Seq,transcriptomic,Illumina HiSeq 4000,total RNA,Aug 14 2023,0.0056123308438776704,mouse_gene_v2.5.h5,2.5,False,False,True,mouse,unseen,unseen_study
GSM7709870,GSE240814,Mus musculus,H104_S56,Skeletal muscle Gastrocnemius,"tissue: Skeletal muscle Gastrocnemius,genotype: C57BL6/J,treatment: Hindlimb Unloading,Sex: Female,time point: 168h",GPL21103,RNA-Seq,transcriptomic,Illumina HiSeq 4000,total RNA,Aug 14 2023,0.006063016365422806,mouse_gene_v2.5.h5,2.5,False,False,True,mouse,unseen,unseen_study
GSM7709871,GSE240814,Mus musculus,H108_S60,Skeletal muscle Gastrocnemius,"tissue: Skeletal muscle Gastrocnemius,genotype: C57BL6/J,treatment: Hindlimb Unloading,Sex: Female,time point: 168h",GPL21103,RNA-Seq,transcriptomic,Illumina HiSeq 4000,total RNA,Aug 14 2023,0.00701657558266722,mouse_gene_v2.5.h5,2.5,False,False,True,mouse,unseen,unseen_study
GSM7709872,GSE240814,Mus musculus,H100_S50,Skeletal muscle Gastrocnemius,"tissue: Skeletal muscle Gastrocnemius,genotype: C57BL6/J,treatment: Hindlimb Unloading,Sex: Female,time point: 168h",GPL21103,RNA-Seq,transcriptomic,Illumina HiSeq 4000,total RNA,Aug 14 2023,0.00701657558266722,mouse_gene_v2.5.h5,2.5,False,False,True,mouse,unseen,unseen_study
GSM7709873,GSE240814,Mus musculus,H105_S58,Skeletal muscle Gastrocnemius,"tissue: Skeletal muscle Gastrocnemius,genotype: C57BL6/J,treatment: Hindlimb Unloading,Sex: Female,time point: 168h",GPL21103,RNA-Seq,transcriptomic,Illumina HiSeq 4000,total RNA,Aug 14 2023,0.006299725743110196,mouse_gene_v2.5.h5,2.5,False,False,True,mouse,unseen,unseen_study
GSM7709874,GSE240814,Mus musculus,H102_S54,Skeletal muscle Gastrocnemius,"tissue: Skeletal muscle Gastrocnemius,genotype: C57BL6/J,treatment: Hindlimb Unloading,Sex: Female,time point: 168h",GPL21103,RNA-Seq,transcriptomic,Illumina HiSeq 4000,total RNA,Aug 14 2023,0.0048478106605617305,mouse_gene_v2.5.h5,2.5,False,False,True,mouse,unseen,unseen_study
GSM7709875,GSE240814,Mus musculus,H101_S52,Skeletal muscle Gastrocnemius,"tissue: Skeletal muscle Gastrocnemius,genotype: C57BL6/J,treatment: Hindlimb Unloading,Sex: Female,time point: 168h",GPL21103,RNA-Seq,transcriptomic,Illumina HiSeq 4000,total RNA,Aug 14 2023,0.0013872149470010114,mouse_gene_v2.5.h5,2.5,False,False,True,mouse,unseen,unseen_study
GSM7881540,GSE246962,Mus musculus,"Control, c57b6l mice,repeated1 [S9_2_S]",leg muscles,"tissue: leg muscles,mouse model: hindlimb suspension ischemia,genotype: WT,treatment: untreated",GPL24247,RNA-Seq,transcriptomic,Illumina NovaSeq 6000,total RNA,Nov 03 2023,0.0028680871566864876,mouse_gene_v2.5.h5,2.5,False,False,True,mouse,unseen,unseen_study
GSM7881541,GSE246962,Mus musculus,"Control, c57b6l mice,repeated2 [S9_4_S]",leg muscles,"tissue: leg muscles,mouse model: hindlimb suspension ischemia,genotype: WT,treatment: untreated",GPL24247,RNA-Seq,transcriptomic,Illumina NovaSeq 6000,total RNA,Nov 03 2023,0.0057693550197839534,mouse_gene_v2.5.h5,2.5,False,False,True,mouse,unseen,unseen_study
GSM7881542,GSE246962,Mus musculus,"Control, c57b6l mice,repeated3 [S9_5_S]",leg muscles,"tissue: leg muscles,mouse model: hindlimb suspension ischemia,genotype: WT,treatment: untreated",GPL24247,RNA-Seq,transcriptomic,Illumina NovaSeq 6000,total RNA,Nov 03 2023,0.0031754409847394314,mouse_gene_v2.5.h5,2.5,False,False,True,mouse,unseen,unseen_study
GSM7881543,GSE246962,Mus musculus,"Asp, c57b6l mice,repeated1 [S7_1_S]",leg muscles,"tissue: leg muscles,mouse model: hindlimb suspension ischemia,genotype: WT,treatment: aspirin",GPL24247,RNA-Seq,transcriptomic,Illumina NovaSeq 6000,total RNA,Nov 03 2023,0.0033518735053008246,mouse_gene_v2.5.h5,2.5,False,False,True,mouse,unseen,unseen_study
GSM7881544,GSE246962,Mus musculus,"Asp, c57b6l mice,repeated2 [S7_3_S]",leg muscles,"tissue: leg muscles,mouse model: hindlimb suspension ischemia,genotype: WT,treatment: aspirin",GPL24247,RNA-Seq,transcriptomic,Illumina NovaSeq 6000,total RNA,Nov 03 2023,0.0019091417710625572,mouse_gene_v2.5.h5,2.5,False,False,True,mouse,unseen,unseen_study
GSM7881545,GSE246962,Mus musculus,"Asp, c57b6l mice,repeated3 [S10_4_S]",leg muscles,"tissue: leg muscles,mouse model: hindlimb suspension ischemia,genotype: WT,treatment: aspirin",GPL24247,RNA-Seq,transcriptomic,Illumina NovaSeq 6000,total RNA,Nov 03 2023,0.0034039599019864758,mouse_gene_v2.5.h5,2.5,False,False,True,mouse,unseen,unseen_study
GSM7881546,GSE246962,Mus musculus,"Asp+Pep, c57b6l mice,repeated1 [S8_1_S]",leg muscles,"tissue: leg muscles,mouse model: hindlimb suspension ischemia,genotype: WT,treatment: peptide hydrogel combined with aspirin",GPL24247,RNA-Seq,transcriptomic,Illumina NovaSeq 6000,total RNA,Nov 03 2023,0.0031754409847394314,mouse_gene_v2.5.h5,2.5,False,False,True,mouse,unseen,unseen_study
GSM7881547,GSE246962,Mus musculus,"Asp+Pep, c57b6l mice,repeated2 [S8_3_S]",leg muscles,"tissue: leg muscles,mouse model: hindlimb suspension ischemia,genotype: WT,treatment: peptide hydrogel combined with aspirin",GPL24247,RNA-Seq,transcriptomic,Illumina NovaSeq 6000,total RNA,Nov 03 2023,0.0019612281677482074,mouse_gene_v2.5.h5,2.5,False,False,True,mouse,unseen,unseen_study
GSM7881548,GSE246962,Mus musculus,"Asp+Pep, c57b6l mice,repeated3 [S8_5_S]",leg muscles,"tissue: leg muscles,mouse model: hindlimb suspension ischemia,genotype: WT,treatment: peptide hydrogel combined with aspirin",GPL24247,RNA-Seq,transcriptomic,Illumina NovaSeq 6000,total RNA,Nov 03 2023,0.005048118152591229,mouse_gene_v2.5.h5,2.5,False,False,True,mouse,unseen,unseen_study
GSM7912166,GSE248366,Homo sapiens,W005M_D3_ExptCtrl,Human umbilical cord,"tissue: Human umbilical cord,cell line: Human Wharton's Jelly Stem Cells,cell type: Mesenchymal Stem Cells,Sex: M,time: Day3,treatment: Stimulated microgravity",GPL24676,RNA-Seq,transcriptomic,Illumina NovaSeq 6000,total RNA,Nov 21 2023,0.01548855239655376,human_gene_v2.5.h5,2.5,False,True,False,human,unseen,unseen_study
GSM7912167,GSE248366,Homo sapiens,W005M_D6_ExptCtrl,Human umbilical cord,"tissue: Human umbilical cord,cell line: Human Wharton's Jelly Stem Cells,cell type: Mesenchymal Stem Cells,Sex: M,time: Day6,treatment: Stimulated microgravity",GPL24676,RNA-Seq,transcriptomic,Illumina NovaSeq 6000,total RNA,Nov 21 2023,0.006081490106639789,human_gene_v2.5.h5,2.5,False,True,False,human,unseen,unseen_study
GSM7912168,GSE248366,Homo sapiens,W012M_D3_ExptCtrl,Human umbilical cord,"tissue: Human umbilical cord,cell line: Human Wharton's Jelly Stem Cells,cell type: Mesenchymal Stem Cells,Sex: M,time: Day3,treatment: Stimulated microgravity",GPL24676,RNA-Seq,transcriptomic,Illumina NovaSeq 6000,total RNA,Nov 21 2023,0.005039004680943763,human_gene_v2.5.h5,2.5,False,True,False,human,unseen,unseen_study
GSM7912169,GSE248366,Homo sapiens,W013F_D3_ExptCtrl,Human umbilical cord,"tissue: Human umbilical cord,cell line: Human Wharton's Jelly Stem Cells,cell type: Mesenchymal Stem Cells,Sex: F,time: Day3,treatment: Stimulated microgravity",GPL24676,RNA-Seq,transcriptomic,Illumina NovaSeq 6000,total RNA,Nov 21 2023,0.008482053587514428,human_gene_v2.5.h5,2.5,False,True,False,human,unseen,unseen_study
GSM7912170,GSE248366,Homo sapiens,W033F_D3_ExptCtrl,Human umbilical cord,"tissue: Human umbilical cord,cell line: Human Wharton's Jelly Stem Cells,cell type: Mesenchymal Stem Cells,Sex: F,time: Day3,treatment: Stimulated microgravity",GPL24676,RNA-Seq,transcriptomic,Illumina NovaSeq 6000,total RNA,Nov 21 2023,0.01063035319909096,human_gene_v2.5.h5,2.5,False,True,False,human,unseen,unseen_study
GSM7912172,GSE248366,Homo sapiens,W037M_D3_ExptCtrl,Human umbilical cord,"tissue: Human umbilical cord,cell line: Human Wharton's Jelly Stem Cells,cell type: Mesenchymal Stem Cells,Sex: M,time: Day3,treatment: Stimulated microgravity",GPL24676,RNA-Seq,transcriptomic,Illumina NovaSeq 6000,total RNA,Nov 21 2023,0.008763819454347612,human_gene_v2.5.h5,2.5,False,True,False,human,unseen,unseen_study
GSM7912173,GSE248366,Homo sapiens,W037M_D6_ExptCtrl,Human umbilical cord,"tissue: Human umbilical cord,cell line: Human Wharton's Jelly Stem Cells,cell type: Mesenchymal Stem Cells,Sex: M,time: Day6,treatment: Stimulated microgravity",GPL24676,RNA-Seq,transcriptomic,Illumina NovaSeq 6000,total RNA,Nov 21 2023,0.0167306478758821,human_gene_v2.5.h5,2.5,False,True,False,human,unseen,unseen_study
GSM7912174,GSE248366,Homo sapiens,W040F_D3_ExptCtrl,Human umbilical cord,"tissue: Human umbilical cord,cell line: Human Wharton's Jelly Stem Cells,cell type: Mesenchymal Stem Cells,Sex: F,time: Day3,treatment: Stimulated microgravity",GPL24676,RNA-Seq,transcriptomic,Illumina NovaSeq 6000,total RNA,Nov 21 2023,0.03671310437423143,human_gene_v2.5.h5,2.5,False,True,False,human,unseen,unseen_study
GSM7912175,GSE248366,Homo sapiens,W040F_D6_ExptCtrl,Human umbilical cord,"tissue: Human umbilical cord,cell line: Human Wharton's Jelly Stem Cells,cell type: Mesenchymal Stem Cells,Sex: F,time: Day6,treatment: Stimulated microgravity",GPL24676,RNA-Seq,transcriptomic,Illumina NovaSeq 6000,total RNA,Nov 21 2023,0.010274415899014554,human_gene_v2.5.h5,2.5,False,True,False,human,unseen,unseen_study
GSM7912176,GSE248366,Homo sapiens,W042M_D3_ExptCtrl,Human umbilical cord,"tissue: Human umbilical cord,cell line: Human Wharton's Jelly Stem Cells,cell type: Mesenchymal Stem Cells,Sex: M,time: Day3,treatment: Stimulated microgravity",GPL24676,RNA-Seq,transcriptomic,Illumina NovaSeq 6000,total RNA,Nov 21 2023,0.008925163689004444,human_gene_v2.5.h5,2.5,False,True,False,human,unseen,unseen_study
GSM7912177,GSE248366,Homo sapiens,W042M_D6_ExptCtrl,Human umbilical cord,"tissue: Human umbilical cord,cell line: Human Wharton's Jelly Stem Cells,cell type: Mesenchymal Stem Cells,Sex: M,time: Day6,treatment: Stimulated microgravity",GPL24676,RNA-Seq,transcriptomic,Illumina NovaSeq 6000,total RNA,Nov 21 2023,0.006224513672646795,human_gene_v2.5.h5,2.5,False,True,False,human,unseen,unseen_study
GSM7912178,GSE248366,Homo sapiens,W043F_D6_ExptCtrl,Human umbilical cord,"tissue: Human umbilical cord,cell line: Human Wharton's Jelly Stem Cells,cell type: Mesenchymal Stem Cells,Sex: F,time: Day6,treatment: Stimulated microgravity",GPL24676,RNA-Seq,transcriptomic,Illumina NovaSeq 6000,total RNA,Nov 21 2023,0.009280891989693668,human_gene_v2.5.h5,2.5,False,True,False,human,unseen,unseen_study
GSM7912179,GSE248366,Homo sapiens,W005M_D3_suG,Human umbilical cord,"tissue: Human umbilical cord,cell line: Human Wharton's Jelly Stem Cells,cell type: Mesenchymal Stem Cells,Sex: M,time: Day3,treatment: Stimulated microgravity",GPL24676,RNA-Seq,transcriptomic,Illumina NovaSeq 6000,total RNA,Nov 21 2023,0.007655394044600221,human_gene_v2.5.h5,2.5,False,True,False,human,unseen,unseen_study
GSM7912180,GSE248366,Homo sapiens,W012M_D3_suG,Human umbilical cord,"tissue: Human umbilical cord,cell line: Human Wharton's Jelly Stem Cells,cell type: Mesenchymal Stem Cells,Sex: M,time: Day3,treatment: Stimulated microgravity",GPL24676,RNA-Seq,transcriptomic,Illumina NovaSeq 6000,total RNA,Nov 21 2023,0.009172570767136371,human_gene_v2.5.h5,2.5,False,True,False,human,unseen,unseen_study
GSM7912181,GSE248366,Homo sapiens,W013F_D3_suG,Human umbilical cord,"tissue: Human umbilical cord,cell line: Human Wharton's Jelly Stem Cells,cell type: Mesenchymal Stem Cells,Sex: F,time: Day3,treatment: Stimulated microgravity",GPL24676,RNA-Seq,transcriptomic,Illumina NovaSeq 6000,total RNA,Nov 21 2023,0.009172570767136371,human_gene_v2.5.h5,2.5,False,True,False,human,unseen,unseen_study
GSM7912182,GSE248366,Homo sapiens,W033F_D3_suG,Human umbilical cord,"tissue: Human umbilical cord,cell line: Human Wharton's Jelly Stem Cells,cell type: Mesenchymal Stem Cells,Sex: F,time: Day3,treatment: Stimulated microgravity",GPL24676,RNA-Seq,transcriptomic,Illumina NovaSeq 6000,total RNA,Nov 21 2023,0.004995200329562717,human_gene_v2.5.h5,2.5,False,True,False,human,unseen,unseen_study
GSM7912183,GSE248366,Homo sapiens,W037M_D3_suG,Human umbilical cord,"tissue: Human umbilical cord,cell line: Human Wharton's Jelly Stem Cells,cell type: Mesenchymal Stem Cells,Sex: M,time: Day3,treatment: Stimulated microgravity",GPL24676,RNA-Seq,transcriptomic,Illumina NovaSeq 6000,total RNA,Nov 21 2023,0.007384172558701408,human_gene_v2.5.h5,2.5,False,True,False,human,unseen,unseen_study
GSM7912184,GSE248366,Homo sapiens,W040F_D3_suG,Human umbilical cord,"tissue: Human umbilical cord,cell line: Human Wharton's Jelly Stem Cells,cell type: Mesenchymal Stem Cells,Sex: F,time: Day3,treatment: Stimulated microgravity",GPL24676,RNA-Seq,transcriptomic,Illumina NovaSeq 6000,total RNA,Nov 21 2023,0.010683167211803313,human_gene_v2.5.h5,2.5,False,True,False,human,unseen,unseen_study
GSM7912185,GSE248366,Homo sapiens,W042M_D3_suG,Human umbilical cord,"tissue: Human umbilical cord,cell line: Human Wharton's Jelly Stem Cells,cell type: Mesenchymal Stem Cells,Sex: M,time: Day3,treatment: Stimulated microgravity",GPL24676,RNA-Seq,transcriptomic,Illumina NovaSeq 6000,total RNA,Nov 21 2023,0.02877619820775883,human_gene_v2.5.h5,2.5,False,True,False,human,unseen,unseen_study
GSM7912186,GSE248366,Homo sapiens,W005M_D6_post_suG,Human umbilical cord,"tissue: Human umbilical cord,cell line: Human Wharton's Jelly Stem Cells,cell type: Mesenchymal Stem Cells,Sex: M,time: Day6,treatment: Stimulated microgravity",GPL24676,RNA-Seq,transcriptomic,Illumina NovaSeq 6000,total RNA,Nov 21 2023,0.008959657033066974,human_gene_v2.5.h5,2.5,False,True,False,human,unseen,unseen_study
GSM7912187,GSE248366,Homo sapiens,W033F_D6_post_suG,Human umbilical cord,"tissue: Human umbilical cord,cell line: Human Wharton's Jelly Stem Cells,cell type: Mesenchymal Stem Cells,Sex: F,time: Day6,treatment: Stimulated microgravity",GPL24676,RNA-Seq,transcriptomic,Illumina NovaSeq 6000,total RNA,Nov 21 2023,0.0031006105339345773,human_gene_v2.5.h5,2.5,False,True,False,human,unseen,unseen_study
GSM7912188,GSE248366,Homo sapiens,W037M_D6_post_suG,Human umbilical cord,"tissue: Human umbilical cord,cell line: Human Wharton's Jelly Stem Cells,cell type: Mesenchymal Stem Cells,Sex: M,time: Day6,treatment: Stimulated microgravity",GPL24676,RNA-Seq,transcriptomic,Illumina NovaSeq 6000,total RNA,Nov 21 2023,0.008670125903638274,human_gene_v2.5.h5,2.5,False,True,False,human,unseen,unseen_study
GSM7912189,GSE248366,Homo sapiens,W040F_D6_post_suG,Human umbilical cord,"tissue: Human umbilical cord,cell line: Human Wharton's Jelly Stem Cells,cell type: Mesenchymal Stem Cells,Sex: F,time: Day6,treatment: Stimulated microgravity",GPL24676,RNA-Seq,transcriptomic,Illumina NovaSeq 6000,total RNA,Nov 21 2023,0.007022200003248322,human_gene_v2.5.h5,2.5,False,True,False,human,unseen,unseen_study
GSM7912190,GSE248366,Homo sapiens,W042M_D6_post_suG,Human umbilical cord,"tissue: Human umbilical cord,cell line: Human Wharton's Jelly Stem Cells,cell type: Mesenchymal Stem Cells,Sex: M,time: Day6,treatment: Stimulated microgravity",GPL24676,RNA-Seq,transcriptomic,Illumina NovaSeq 6000,total RNA,Nov 21 2023,0.009476729568413026,human_gene_v2.5.h5,2.5,False,True,False,human,unseen,unseen_study
GSM7912191,GSE248366,Homo sapiens,W043F_D6_post_suG,Human umbilical cord,"tissue: Human umbilical cord,cell line: Human Wharton's Jelly Stem Cells,cell type: Mesenchymal Stem Cells,Sex: F,time: Day6,treatment: Stimulated microgravity",GPL24676,RNA-Seq,transcriptomic,Illumina NovaSeq 6000,total RNA,Nov 21 2023,0.010246092365689978,human_gene_v2.5.h5,2.5,False,True,False,human,unseen,unseen_study
