gene,source_row,method
A1CF,15331,stable_id
A2M,7652,stable_id
A3GALT2,6903,stable_id
A4GALT,14111,stable_id
A4GNT,10902,stable_id
AAAS,10425,stable_id
AACS,7334,stable_id
AADAC,6291,stable_id
AADACL2,31504,stable_id
AADACL3,22431,stable_id
AADAT,16337,stable_id
AAGAB,10645,stable_id
AAK1,16339,stable_id
AAMDC,10104,stable_id
AAMP,971,stable_id
AANAT,2741,stable_id
AAR2,6226,stable_id
AARD,19391,stable_id
AARS2,4196,stable_id
AARSD1,21265,stable_id
AASDH,16043,stable_id
AASDHPPT,5239,stable_id
AASS,7464,stable_id
AATF,1981,stable_id
AATK,5010,stable_id
ABAT,16468,stable_id
ABCA1,1575,stable_id
ABCA12,14759,stable_id
ABCA13,742,stable_id
ABCA2,5855,stable_id
ABCA3,4315,stable_id
ABCA4,6506,stable_id
ABCA5,1996,stable_id
ABCA6,13237,stable_id
ABCA7,10124,stable_id
ABCA8,2620,stable_id
ABCA9,12370,stable_id
ABCB10,8689,stable_id
ABCB11,5904,stable_id
ABCB4,12593,stable_id
ABCB5,20278,stable_id
ABCB6,5412,stable_id
ABCB7,8290,stable_id
ABCB8,7014,stable_id
ABCB9,7281,stable_id
ABCC1,4062,stable_id
ABCC10,9153,stable_id
ABCC12,10488,stable_id
ABCC2,4911,stable_id
ABCC3,2778,stable_id
ABCC4,9156,stable_id
ABCC5,3913,stable_id
ABCC6,8051,stable_id
ABCC8,11789,stable_id
ABCC9,7732,stable_id
ABCD1,8318,stable_id
ABCD2,16013,stable_id
ABCD3,6508,stable_id
ABCD4,2990,stable_id
ABCE1,16569,stable_id
ABCF1,11271,stable_id
ABCF2,6997,stable_id
ABCF3,550,stable_id
ABCG1,4249,stable_id
ABCG4,8794,stable_id
ABCG5,11933,stable_id
ABCG8,4395,stable_id
ABHD1,1036,stable_id
ABHD10,9258,stable_id
ABHD11,11943,stable_id
ABHD12,8737,stable_id
ABHD12B,30926,stable_id
ABHD13,11887,stable_id
ABHD14A,12492,stable_id
ABHD14B,12448,stable_id
ABHD15,114,stable_id
ABHD16A,1080,stable_id
ABHD16B,16035,stable_id
ABHD17A,565,stable_id
ABHD17B,13963,stable_id
ABHD17C,11132,stable_id
ABHD18,10855,stable_id
ABHD2,11451,stable_id
ABHD3,434,stable_id
ABHD4,12119,stable_id
ABHD5,9028,stable_id
ABHD6,4966,stable_id
ABHD8,1142,stable_id
ABI1,16677,stable_id
ABI2,5747,stable_id
ABI3,1916,stable_id
ABI3BP,9973,stable_id
ABITRAM,11299,stable_id
ABL1,5794,stable_id
ABL2,5637,stable_id
ABLIM1,4855,stable_id
ABLIM2,7090,stable_id
ABLIM3,9115,stable_id
ABO,1651,stable_id
ABR,1819,stable_id
ABRA,12741,stable_id
ABRACL,22409,stable_id
ABRAXAS1,9962,stable_id
ABRAXAS2,8111,stable_id
ABT1,10329,stable_id
ABTB1,7630,stable_id
ABTB2,9110,stable_id
ACAA2,10492,stable_id
ACACA,2572,stable_id
ACACB,12432,stable_id
ACAD11,30944,stable_id
ACAD8,8685,stable_id
ACAD9,6272,stable_id
ACADL,5300,stable_id
ACADM,17583,stable_id
ACADS,7365,stable_id
ACADSB,8066,stable_id
ACADVL,1958,stable_id
ACAN,7916,stable_id
ACAP1,282,stable_id
ACAP2,14431,stable_id
ACAP3,7053,stable_id
ACAT1,8738,stable_id
ACBD3,5583,stable_id
ACBD4,16267,stable_id
ACBD5,5746,stable_id
ACBD6,9413,stable_id
ACBD7,5669,stable_id
ACCS,11841,stable_id
ACCSL,21037,stable_id
ACD,10927,stable_id
ACE,2665,stable_id
ACE2,1597,stable_id
ACER1,13309,stable_id
ACER2,10930,stable_id
ACER3,8008,stable_id
ACHE,4115,stable_id
ACIN1,3525,stable_id
ACKR1,10873,stable_id
ACKR2,13173,stable_id
ACKR3,13114,stable_id
ACKR4,22800,stable_id
ACLY,2821,stable_id
ACMSD,5497,stable_id
ACO1,6659,stable_id
ACO2,3706,stable_id
ACOD1,3496,stable_id
ACOT11,9832,stable_id
ACOT12,3200,stable_id
ACOT13,1049,stable_id
ACOT4,15280,stable_id
ACOT6,12883,stable_id
ACOT7,6986,stable_id
ACOT8,1787,stable_id
ACOX1,2723,stable_id
ACOX2,3277,stable_id
ACOX3,7093,stable_id
ACOXL,6082,stable_id
ACP1,13185,stable_id
ACP2,377,stable_id
ACP4,1407,stable_id
ACP5,236,stable_id
ACP6,6488,stable_id
ACP7,10730,stable_id
ACR,3799,stable_id
ACRBP,20272,stable_id
ACRV1,8778,stable_id
ACSBG1,8859,stable_id
ACSBG2,4361,stable_id
ACSF2,21479,stable_id
ACSF3,1546,stable_id
ACSL1,1995,stable_id
ACSL3,9169,stable_id
ACSL4,8260,stable_id
ACSL5,4795,stable_id
ACSL6,2456,stable_id
ACSM1,9370,stable_id
ACSM3,8103,stable_id
ACSM4,13871,stable_id
ACSM5,8116,stable_id
ACSS1,6125,stable_id
ACSS2,6216,stable_id
ACSS3,10197,stable_id
ACTA1,8688,stable_id
ACTA2,10144,stable_id
ACTB,7387,stable_id
ACTBL2,15896,stable_id
ACTC1,19407,stable_id
ACTG1,17565,stable_id
ACTG2,16811,stable_id
ACTL10,22315,stable_id
ACTL6A,6252,stable_id
ACTL6B,7476,stable_id
ACTL7A,19933,stable_id
ACTL7B,19934,stable_id
ACTL9,32132,stable_id
ACTN1,1564,stable_id
ACTN2,15275,stable_id
ACTN3,1005,stable_id
ACTN4,15809,stable_id
ACTR10,2901,stable_id
ACTR1A,4939,stable_id
ACTR1B,10683,stable_id
ACTR2,2343,stable_id
ACTR3,5492,stable_id
ACTR5,10835,stable_id
ACTR6,2228,stable_id
ACTR8,1683,stable_id
ACTRT1,13748,stable_id
ACTRT2,15022,stable_id
ACTRT3,10826,stable_id
ACVR1,5789,stable_id
ACVR1B,90,stable_id
ACVR1C,5787,stable_id
ACVR2A,15228,stable_id
ACVR2B,17234,stable_id
ACVRL1,88,stable_id
ACY1,4103,stable_id
ACY3,4724,stable_id
ACYP2,17145,stable_id
ADA,1830,stable_id
ADAD1,6279,stable_id
ADAD2,4401,stable_id
ADAM10,15784,stable_id
ADAM11,2828,stable_id
ADAM12,15756,stable_id
ADAM15,6458,stable_id
ADAM17,15330,stable_id
ADAM18,8427,stable_id
ADAM2,3445,stable_id
ADAM21,1170,stable_id
ADAM22,11946,stable_id
ADAM23,5282,stable_id
ADAM28,1515,stable_id
ADAM29,13653,stable_id
ADAM30,12878,stable_id
ADAM32,10717,stable_id
ADAM33,6037,stable_id
ADAM7,3456,stable_id
ADAM8,5059,stable_id
ADAM9,8430,stable_id
ADAMDEC1,3457,stable_id
ADAMTS1,3958,stable_id
ADAMTS10,4419,stable_id
ADAMTS12,13997,stable_id
ADAMTS13,1532,stable_id
ADAMTS14,16926,stable_id
ADAMTS15,9349,stable_id
ADAMTS16,14549,stable_id
ADAMTS17,16520,stable_id
ADAMTS18,15503,stable_id
ADAMTS19,15508,stable_id
ADAMTS2,10378,stable_id
ADAMTS20,3687,stable_id
ADAMTS3,12915,stable_id
ADAMTS4,996,stable_id
ADAMTS5,3959,stable_id
ADAMTS6,13627,stable_id
ADAMTS7,8917,stable_id
ADAMTS8,8704,stable_id
ADAMTS9,7593,stable_id
ADAMTSL1,18934,stable_id
ADAMTSL2,10222,stable_id
ADAMTSL3,19789,stable_id
ADAMTSL4,1661,stable_id
ADAMTSL5,12953,stable_id
ADAP1,16154,stable_id
ADAP2,2688,stable_id
ADAR,6397,stable_id
ADARB1,2409,stable_id
ADARB2,15319,stable_id
ADAT1,8669,stable_id
ADAT2,2150,stable_id
ADCK1,2883,stable_id
ADCK2,13845,stable_id
ADCK5,3752,stable_id
ADCY1,2511,stable_id
ADCY10,5616,stable_id
ADCY2,3147,stable_id
ADCY3,2647,stable_id
ADCY4,3551,stable_id
ADCY5,3924,stable_id
ADCY6,4006,stable_id
ADCY7,8492,stable_id
ADCY8,3641,stable_id
ADCY9,865,stable_id
ADCYAP1,4396,stable_id
ADCYAP1R1,7509,stable_id
ADD1,7098,stable_id
ADD2,7583,stable_id
ADD3,4825,stable_id
ADGB,14941,stable_id
ADGRA1,5061,stable_id
ADGRA2,8380,stable_id
ADGRA3,7086,stable_id
ADGRB1,9783,stable_id
ADGRB2,6894,stable_id
ADGRB3,9380,stable_id
ADGRD1,13005,stable_id
ADGRE1,747,stable_id
ADGRE5,497,stable_id
ADGRF1,12199,stable_id
ADGRF3,19223,stable_id
ADGRF4,4186,stable_id
ADGRF5,16170,stable_id
ADGRG1,8564,stable_id
ADGRG2,8272,stable_id
ADGRG3,17047,stable_id
ADGRG4,15595,stable_id
ADGRG5,17272,stable_id
ADGRG6,11410,stable_id
ADGRG7,3865,stable_id
ADGRL1,1411,stable_id
ADGRL2,6541,stable_id
ADGRL3,10776,stable_id
ADGRL4,11432,stable_id
ADGRV1,19505,stable_id
ADH4,10847,stable_id
ADH5,6515,stable_id
ADH6,20725,stable_id
ADH7,15913,stable_id
ADHFE1,5248,stable_id
ADI1,2627,stable_id
ADIG,13136,stable_id
ADIPOQ,3948,stable_id
ADIPOR1,5558,stable_id
ADIPOR2,7686,stable_id
ADK,11446,stable_id
ADM,8028,stable_id
ADM2,15662,stable_id
ADNP,14980,stable_id
ADNP2,15617,stable_id
ADO,16310,stable_id
ADORA1,12577,stable_id
ADORA2A,2362,stable_id
ADORA2B,1941,stable_id
ADORA3,97,stable_id
ADPGK,4945,stable_id
ADPRH,490,stable_id
ADPRM,2815,stable_id
ADPRS,12625,stable_id
ADRA1A,13553,stable_id
ADRA1B,14815,stable_id
ADRA1D,6048,stable_id
ADRA2A,9421,stable_id
ADRA2B,16626,stable_id
ADRA2C,13397,stable_id
ADRB1,9984,stable_id
ADRB2,13516,stable_id
ADRB3,8383,stable_id
ADSL,3658,stable_id
ADTRP,16495,stable_id
AEBP1,2540,stable_id
AEBP2,7723,stable_id
AEN,7917,stable_id
AFAP1,7089,stable_id
AFAP1L1,9221,stable_id
AFAP1L2,4854,stable_id
AFDN,19290,stable_id
AFF1,7225,stable_id
AFF2,8216,stable_id
AFF3,10600,stable_id
AFF4,14526,stable_id
AFG1L,11073,stable_id
AFG3L2,4539,stable_id
AFM,7252,stable_id
AFMID,1835,stable_id
AFP,15833,stable_id
AFTPH,14588,stable_id
AGA,8407,stable_id
AGAP1,15854,stable_id
AGAP2,5036,stable_id
AGAP3,4124,stable_id
AGBL1,5174,stable_id
AGBL2,12061,stable_id
AGBL3,11302,stable_id
AGBL4,17212,stable_id
AGBL5,7134,stable_id
AGER,1602,stable_id
AGFG1,5387,stable_id
AGFG2,7483,stable_id
AGGF1,3230,stable_id
AGK,7569,stable_id
AGL,9331,stable_id
AGMAT,12018,stable_id
AGMO,14703,stable_id
AGO1,12269,stable_id
AGO2,10429,stable_id
AGO3,6931,stable_id
AGO4,12602,stable_id
AGPAT1,9610,stable_id
AGPAT2,5835,stable_id
AGPAT3,214,stable_id
AGPAT4,4159,stable_id
AGPAT5,8371,stable_id
AGPS,12569,stable_id
AGR2,2597,stable_id
AGR3,10287,stable_id
AGRN,12412,stable_id
AGRP,889,stable_id
AGT,8692,stable_id
AGTPBP1,3162,stable_id
AGTR2,19316,stable_id
AGTRAP,7037,stable_id
AGXT,5456,stable_id
AGXT2,30598,stable_id
AHCTF1,5577,stable_id
AHCYL1,6368,stable_id
AHCYL2,7505,stable_id
AHDC1,10808,stable_id
AHI1,2243,stable_id
AHNAK,19622,stable_id
AHR,2069,stable_id
AHRR,3170,stable_id
AHSA1,2879,stable_id
AHSG,3943,stable_id
AICDA,11985,stable_id
AIDA,12742,stable_id
AIF1,4469,stable_id
AIF1L,329,stable_id
AIFM1,10519,stable_id
AIFM2,2300,stable_id
AIFM3,3873,stable_id
AIG1,2149,stable_id
AIM2,10871,stable_id
AIMP1,6447,stable_id
AIMP2,7406,stable_id
AIP,4714,stable_id
AIPL1,11954,stable_id
AIRE,123,stable_id
AJAP1,11577,stable_id
AJM1,7289,stable_id
AJUBA,3520,stable_id
AK1,5771,stable_id
AK2,6901,stable_id
AK3,4673,stable_id
AK5,11380,stable_id
AK7,12208,stable_id
AK8,5763,stable_id
AK9,31524,stable_id
AKAIN1,31630,stable_id
AKAP1,1928,stable_id
AKAP10,14092,stable_id
AKAP11,3429,stable_id
AKAP12,11195,stable_id
AKAP13,18995,stable_id
AKAP3,7788,stable_id
AKAP4,14698,stable_id
AKAP6,17278,stable_id
AKAP7,11431,stable_id
AKAP8,4261,stable_id
AKAP8L,452,stable_id
AKAP9,11889,stable_id
AKIP1,8137,stable_id
AKIRIN1,4056,stable_id
AKIRIN2,6599,stable_id
AKNA,11427,stable_id
AKR1A1,6843,stable_id
AKR1D1,11219,stable_id
AKR1E2,13428,stable_id
AKR7L,6870,stable_id
AKT1,302,stable_id
AKT1S1,1349,stable_id
AKT2,664,stable_id
AKT3,2113,stable_id
AKTIP,8498,stable_id
ALAD,6651,stable_id
ALAS1,9135,stable_id
ALAS2,4963,stable_id
ALB,7251,stable_id
ALCAM,3804,stable_id
ALDH16A1,1127,stable_id
ALDH18A1,4814,stable_id
ALDH1A2,1434,stable_id
ALDH1A3,1563,stable_id
ALDH1B1,10076,stable_id
ALDH1L1,7634,stable_id
ALDH1L2,2404,stable_id
ALDH2,7314,stable_id
ALDH3A1,2049,stable_id
ALDH3A2,1284,stable_id
ALDH3B1,4734,stable_id
ALDH4A1,6867,stable_id
ALDH5A1,10193,stable_id
ALDH6A1,2988,stable_id
ALDH7A1,15551,stable_id
ALDH8A1,10756,stable_id
ALDOB,6606,stable_id
ALDOC,1796,stable_id
ALG11,17680,stable_id
ALG12,10162,stable_id
ALG13,12338,stable_id
ALG14,11701,stable_id
ALG2,11645,stable_id
ALG3,9456,stable_id
ALG5,10411,stable_id
ALG6,20555,stable_id
ALG8,10121,stable_id
ALG9,8746,stable_id
ALK,15949,stable_id
ALKAL1,28733,stable_id
ALKAL2,15678,stable_id
ALKBH1,22677,stable_id
ALKBH2,13116,stable_id
ALKBH3,11805,stable_id
ALKBH4,11652,stable_id
ALKBH5,12657,stable_id
ALKBH6,12723,stable_id
ALKBH7,457,stable_id
ALKBH8,5241,stable_id
ALLC,2632,stable_id
ALOX12,59,stable_id
ALOX12B,9141,stable_id
ALOX15,2027,stable_id
ALOX15B,2799,stable_id
ALOX5,5151,stable_id
ALOX5AP,16959,stable_id
ALOXE3,2800,stable_id
ALPK1,6446,stable_id
ALPK2,9154,stable_id
ALPK3,11272,stable_id
ALPL,6885,stable_id
ALS2,5313,stable_id
ALS2CL,13016,stable_id
ALX1,10403,stable_id
ALX3,1508,stable_id
ALX4,11854,stable_id
AMACR,3567,stable_id
AMBN,7213,stable_id
AMBP,6631,stable_id
AMBRA1,11934,stable_id
AMDHD1,1669,stable_id
AMDHD2,10467,stable_id
AMELX,8301,stable_id
AMER1,14768,stable_id
AMER2,3409,stable_id
AMER3,13354,stable_id
AMFR,8541,stable_id
AMH,9974,stable_id
AMHR2,4041,stable_id
AMIGO1,14927,stable_id
AMIGO2,14205,stable_id
AMIGO3,9062,stable_id
AMMECR1,12499,stable_id
AMMECR1L,12405,stable_id
AMN,3019,stable_id
AMN1,19347,stable_id
AMOT,12325,stable_id
AMOTL1,1412,stable_id
AMOTL2,9023,stable_id
AMPD1,19763,stable_id
AMPD2,6366,stable_id
AMPD3,884,stable_id
AMPH,3037,stable_id
AMT,9072,stable_id
AMTN,7209,stable_id
AMZ1,14677,stable_id
AMZ2,2615,stable_id
ANAPC1,1485,stable_id
ANAPC10,10541,stable_id
ANAPC11,4873,stable_id
ANAPC13,9900,stable_id
ANAPC15,7936,stable_id
ANAPC16,2316,stable_id
ANAPC2,5865,stable_id
ANAPC4,7143,stable_id
ANAPC5,7328,stable_id
ANAPC7,7322,stable_id
ANGEL1,3003,stable_id
ANGEL2,5662,stable_id
ANGPT1,3599,stable_id
ANGPT2,8370,stable_id
ANGPT4,6131,stable_id
ANGPTL1,9375,stable_id
ANGPTL2,673,stable_id
ANGPTL3,6750,stable_id
ANGPTL4,404,stable_id
ANGPTL6,11263,stable_id
ANGPTL7,7025,stable_id
ANGPTL8,14097,stable_id
ANK1,8421,stable_id
ANK2,9147,stable_id
ANKAR,11506,stable_id
ANKDD1A,19013,stable_id
ANKDD1B,13899,stable_id
ANKEF1,20940,stable_id
ANKFN1,14082,stable_id
ANKFY1,2732,stable_id
ANKH,3579,stable_id
ANKHD1,4512,stable_id
ANKIB1,11869,stable_id
ANKK1,8843,stable_id
ANKLE1,13662,stable_id
ANKLE2,7341,stable_id
ANKMY1,9595,stable_id
ANKMY2,10272,stable_id
ANKRA2,3217,stable_id
ANKRD1,4688,stable_id
ANKRD10,8396,stable_id
ANKRD11,10078,stable_id
ANKRD12,9752,stable_id
ANKRD13A,12391,stable_id
ANKRD13B,10885,stable_id
ANKRD13C,11736,stable_id
ANKRD13D,932,stable_id
ANKRD16,14124,stable_id
ANKRD17,15901,stable_id
ANKRD2,4899,stable_id
ANKRD22,4667,stable_id
ANKRD23,19225,stable_id
ANKRD24,15786,stable_id
ANKRD27,9837,stable_id
ANKRD28,1493,stable_id
ANKRD29,16448,stable_id
ANKRD31,47292,stable_id
ANKRD33,13875,stable_id
ANKRD33B,3563,stable_id
ANKRD34A,14438,stable_id
ANKRD34B,13314,stable_id
ANKRD34C,14028,stable_id
ANKRD35,11093,stable_id
ANKRD37,14916,stable_id
ANKRD39,22933,stable_id
ANKRD40,2777,stable_id
ANKRD40CL,33188,stable_id
ANKRD42,12214,stable_id
ANKRD44,15263,stable_id
ANKRD45,13262,stable_id
ANKRD46,14229,stable_id
ANKRD49,8659,stable_id
ANKRD52,1494,stable_id
ANKRD54,9229,stable_id
ANKRD55,14669,stable_id
ANKRD6,11808,stable_id
ANKRD60,6166,stable_id
ANKRD61,7404,stable_id
ANKRD63,22320,stable_id
ANKRD65,22414,stable_id
ANKRD66,34883,stable_id
ANKRD9,10883,stable_id
ANKS1A,4371,stable_id
ANKS1B,16618,stable_id
ANKS3,3729,stable_id
ANKS4B,8094,stable_id
ANKS6,18954,stable_id
ANKUB1,20874,stable_id
ANKZF1,5413,stable_id
ANLN,10452,stable_id
ANO1,8152,stable_id
ANO10,10901,stable_id
ANO2,10979,stable_id
ANO3,21016,stable_id
ANO4,9945,stable_id
ANO5,15952,stable_id
ANO6,17879,stable_id
ANO7,9547,stable_id
ANO8,9836,stable_id
ANO9,15776,stable_id
ANP32B,6619,stable_id
ANP32E,1644,stable_id
ANPEP,11382,stable_id
ANTKMT,16374,stable_id
ANTXR1,9338,stable_id
ANTXR2,7238,stable_id
ANXA1,4605,stable_id
ANXA10,8478,stable_id
ANXA11,3335,stable_id
ANXA13,15880,stable_id
ANXA2,8829,stable_id
ANXA3,7335,stable_id
ANXA4,7580,stable_id
ANXA5,6273,stable_id
ANXA6,1907,stable_id
ANXA7,3316,stable_id
ANXA9,1635,stable_id
AOAH,3040,stable_id
AOC2,22495,stable_id
AOC3,2079,stable_id
AOPEP,3107,stable_id
AOX1,17724,stable_id
AP1AR,20744,stable_id
AP1B1,1212,stable_id
AP1G1,8531,stable_id
AP1G2,12015,stable_id
AP1M1,519,stable_id
AP1M2,560,stable_id
AP1S1,762,stable_id
AP1S2,8309,stable_id
AP1S3,15785,stable_id
AP2A1,17010,stable_id
AP2A2,506,stable_id
AP2B1,9929,stable_id
AP2M1,3925,stable_id
AP2S1,1147,stable_id
AP3B1,3233,stable_id
AP3B2,17475,stable_id
AP3D1,2375,stable_id
AP3M1,3323,stable_id
AP3M2,8419,stable_id
AP3S1,4510,stable_id
AP3S2,17780,stable_id
AP4B1,9194,stable_id
AP4E1,351,stable_id
AP4M1,2101,stable_id
AP4S1,2846,stable_id
AP5B1,14559,stable_id
AP5M1,10304,stable_id
AP5S1,19352,stable_id
AP5Z1,11597,stable_id
APAF1,2240,stable_id
APBA1,4740,stable_id
APBA2,7869,stable_id
APBA3,776,stable_id
APBB1,10566,stable_id
APBB1IP,5750,stable_id
APBB2,7167,stable_id
APBB3,54830,stable_id
APC,906,stable_id
APC2,2335,stable_id
APCDD1,20150,stable_id
APCS,5602,stable_id
APEH,9060,stable_id
APEX1,10203,stable_id
APEX2,4962,stable_id
APH1A,1645,stable_id
API5,5960,stable_id
APIP,1344,stable_id
APLF,7611,stable_id
APLN,10554,stable_id
APLNR,13115,stable_id
APLP1,1040,stable_id
APLP2,8706,stable_id
APMAP,9242,stable_id
APOA1,8760,stable_id
APOA2,881,stable_id
APOA4,8758,stable_id
APOA5,8757,stable_id
APOB,2614,stable_id
APOBEC1,11978,stable_id
APOBEC2,12012,stable_id
APOBEC4,15964,stable_id
APOC1,11959,stable_id
APOC2,514,stable_id
APOC4,20773,stable_id
APOD,3751,stable_id
APOE,513,stable_id
APOF,14033,stable_id
APOH,5,stable_id
APOLD1,31218,stable_id
APOM,4465,stable_id
APOO,22879,stable_id
APOOL,5095,stable_id
APP,3957,stable_id
APPBP2,1939,stable_id
APPL1,12046,stable_id
APPL2,2410,stable_id
APRT,1033,stable_id
APTX,6663,stable_id
AQP1,738,stable_id
AQP11,12709,stable_id
AQP2,4018,stable_id
AQP3,6679,stable_id
AQP4,4479,stable_id
AQP5,13075,stable_id
AQP6,12794,stable_id
AQP8,8010,stable_id
AQP9,8817,stable_id
AQR,11882,stable_id
AR,13725,stable_id
ARAF,198,stable_id
ARAP1,9143,stable_id
ARAP2,10926,stable_id
ARAP3,4499,stable_id
ARC,3787,stable_id
ARCN1,8769,stable_id
AREG,7260,stable_id
AREL1,12543,stable_id
ARF1,14169,stable_id
ARF3,15166,stable_id
ARF4,3343,stable_id
ARF5,2518,stable_id
ARF6,13052,stable_id
ARFGAP1,6199,stable_id
ARFGAP2,6002,stable_id
ARFGAP3,15691,stable_id
ARFGEF1,19257,stable_id
ARFGEF2,20872,stable_id
ARFGEF3,2178,stable_id
ARFIP1,20853,stable_id
ARFIP2,8082,stable_id
ARFRP1,11233,stable_id
ARG1,2244,stable_id
ARG2,2930,stable_id
ARGLU1,11912,stable_id
ARHGAP1,5997,stable_id
ARHGAP10,10605,stable_id
ARHGAP11A,12177,stable_id
ARHGAP12,12179,stable_id
ARHGAP15,14614,stable_id
ARHGAP17,8012,stable_id
ARHGAP18,11368,stable_id
ARHGAP19,4886,stable_id
ARHGAP20,15460,stable_id
ARHGAP21,10398,stable_id
ARHGAP22,17710,stable_id
ARHGAP23,14630,stable_id
ARHGAP24,16352,stable_id
ARHGAP25,7607,stable_id
ARHGAP26,10352,stable_id
ARHGAP27,9611,stable_id
ARHGAP28,4259,stable_id
ARHGAP29,11681,stable_id
ARHGAP30,14379,stable_id
ARHGAP31,3896,stable_id
ARHGAP32,12246,stable_id
ARHGAP33,10493,stable_id
ARHGAP35,16538,stable_id
ARHGAP36,10276,stable_id
ARHGAP39,9412,stable_id
ARHGAP4,8329,stable_id
ARHGAP40,20886,stable_id
ARHGAP42,14864,stable_id
ARHGAP44,9328,stable_id
ARHGAP45,10119,stable_id
ARHGAP5,9923,stable_id
ARHGAP6,8302,stable_id
ARHGAP8,22633,stable_id
ARHGAP9,11867,stable_id
ARHGDIA,4870,stable_id
ARHGDIB,7714,stable_id
ARHGDIG,20441,stable_id
ARHGEF1,12104,stable_id
ARHGEF10,19981,stable_id
ARHGEF10L,12111,stable_id
ARHGEF11,12424,stable_id
ARHGEF12,16832,stable_id
ARHGEF15,15397,stable_id
ARHGEF16,7052,stable_id
ARHGEF17,9167,stable_id
ARHGEF18,725,stable_id
ARHGEF19,6977,stable_id
ARHGEF2,6467,stable_id
ARHGEF25,2093,stable_id
ARHGEF26,10494,stable_id
ARHGEF28,3218,stable_id
ARHGEF3,3352,stable_id
ARHGEF33,15827,stable_id
ARHGEF37,13333,stable_id
ARHGEF38,12113,stable_id
ARHGEF39,15093,stable_id
ARHGEF40,722,stable_id
ARHGEF5,9373,stable_id
ARHGEF6,8179,stable_id
ARHGEF7,8399,stable_id
ARHGEF9,5147,stable_id
ARID1A,1134,stable_id
ARID1B,19600,stable_id
ARID2,9286,stable_id
ARID3A,2105,stable_id
ARID3B,739,stable_id
ARID3C,18957,stable_id
ARID4A,14180,stable_id
ARID4B,11460,stable_id
ARID5A,10722,stable_id
ARID5B,2227,stable_id
ARIH1,4943,stable_id
ARIH2,17866,stable_id
ARL1,17142,stable_id
ARL10,5224,stable_id
ARL11,12799,stable_id
ARL13B,3969,stable_id
ARL14,36685,stable_id
ARL14EP,5932,stable_id
ARL14EPL,20479,stable_id
ARL15,12541,stable_id
ARL16,16411,stable_id
ARL2,4770,stable_id
ARL2BP,8557,stable_id
ARL3,4828,stable_id
ARL4A,13987,stable_id
ARL4C,14640,stable_id
ARL4D,9867,stable_id
ARL5A,10238,stable_id
ARL5B,1802,stable_id
ARL5C,11092,stable_id
ARL6,3851,stable_id
ARL6IP1,7941,stable_id
ARL6IP4,7277,stable_id
ARL6IP5,9948,stable_id
ARL6IP6,5862,stable_id
ARL8A,5540,stable_id
ARL8B,7647,stable_id
ARMC1,6212,stable_id
ARMC10,11162,stable_id
ARMC12,4374,stable_id
ARMC2,20019,stable_id
ARMC3,10804,stable_id
ARMC5,12477,stable_id
ARMC6,417,stable_id
ARMC7,16335,stable_id
ARMC8,8979,stable_id
ARMC9,17513,stable_id
ARMCX1,9352,stable_id
ARMCX2,9344,stable_id
ARMCX3,14426,stable_id
ARMCX4,14628,stable_id
ARMCX5,20326,stable_id
ARMCX6,14785,stable_id
ARMH1,17008,stable_id
ARMH2,27620,stable_id
ARMH3,11704,stable_id
ARMH4,10289,stable_id
ARMT1,17309,stable_id
ARNT,1613,stable_id
ARNT2,1636,stable_id
ARPC1A,7413,stable_id
ARPC2,973,stable_id
ARPC3,7321,stable_id
ARPC4,22834,stable_id
ARPC5,1173,stable_id
ARPC5L,5732,stable_id
ARPIN,11373,stable_id
ARPP19,1114,stable_id
ARPP21,9005,stable_id
ARR3,17141,stable_id
ARRB1,2020,stable_id
ARRB2,16997,stable_id
ARRDC1,5870,stable_id
ARRDC2,501,stable_id
ARRDC3,20948,stable_id
ARRDC4,12659,stable_id
ARRDC5,20415,stable_id
ARSA,3797,stable_id
ARSB,12451,stable_id
ARSG,2610,stable_id
ARSI,10340,stable_id
ARSJ,13730,stable_id
ARSK,3181,stable_id
ART1,8128,stable_id
ART3,9828,stable_id
ART4,7711,stable_id
ART5,19774,stable_id
ARTN,6739,stable_id
ARV1,8694,stable_id
ARVCF,-1,missing
ARX,9981,stable_id
AS3MT,609,stable_id
ASAH1,8451,stable_id
ASAP1,3642,stable_id
ASAP2,15339,stable_id
ASAP3,10549,stable_id
ASB1,5478,stable_id
ASB10,11021,stable_id
ASB11,8322,stable_id
ASB12,8224,stable_id
ASB13,9447,stable_id
ASB14,3353,stable_id
ASB15,7461,stable_id
ASB16,9798,stable_id
ASB17,11358,stable_id
ASB18,19122,stable_id
ASB2,2965,stable_id
ASB3,2436,stable_id
ASB4,12642,stable_id
ASB5,8405,stable_id
ASB6,11552,stable_id
ASB7,7862,stable_id
ASB8,14194,stable_id
ASB9,8324,stable_id
ASCC1,13157,stable_id
ASCC2,2499,stable_id
ASCC3,11279,stable_id
ASCL1,2278,stable_id
ASCL2,1227,stable_id
ASCL3,10199,stable_id
ASCL4,27011,stable_id
ASCL5,36412,stable_id
ASF1A,2182,stable_id
ASF1B,847,stable_id
ASGR1,2793,stable_id
ASGR2,12110,stable_id
ASH1L,6465,stable_id
ASH2L,8442,stable_id
ASIC1,4020,stable_id
ASIC2,2683,stable_id
ASIC3,11060,stable_id
ASIC4,9209,stable_id
ASIC5,6432,stable_id
ASIP,6209,stable_id
ASL,5101,stable_id
ASNS,7492,stable_id
ASNSD1,5351,stable_id
ASPA,2720,stable_id
ASPDH,11247,stable_id
ASPG,10806,stable_id
ASPH,6552,stable_id
ASPHD1,13685,stable_id
ASPHD2,7243,stable_id
ASPM,9498,stable_id
ASPN,3076,stable_id
ASPRV1,9365,stable_id
ASPSCR1,4879,stable_id
ASRGL1,4603,stable_id
ASS1,21484,stable_id
ASTE1,9046,stable_id
ASTL,14799,stable_id
ASTN1,5633,stable_id
ASTN2,6641,stable_id
ASXL1,12621,stable_id
ASXL2,10736,stable_id
ASXL3,13366,stable_id
ASZ1,1338,stable_id
ATAD1,1442,stable_id
ATAD2,3629,stable_id
ATAD2B,15375,stable_id
ATAD3A,7055,stable_id
ATAD5,1814,stable_id
ATAT1,4488,stable_id
ATCAY,9873,stable_id
ATE1,8060,stable_id
ATF1,4028,stable_id
ATF2,5925,stable_id
ATF3,5659,stable_id
ATF4,12567,stable_id
ATF5,11172,stable_id
ATF6,5680,stable_id
ATF6B,1603,stable_id
ATF7,37475,stable_id
ATF7IP,7708,stable_id
ATG10,3199,stable_id
ATG101,10624,stable_id
ATG12,9179,stable_id
ATG13,5994,stable_id
ATG14,10748,stable_id
ATG16L1,5469,stable_id
ATG16L2,14081,stable_id
ATG2A,4666,stable_id
ATG2B,12213,stable_id
ATG3,3816,stable_id
ATG4B,5464,stable_id
ATG4C,6747,stable_id
ATG4D,485,stable_id
ATG5,11000,stable_id
ATG7,7768,stable_id
ATG9A,9251,stable_id
ATG9B,11067,stable_id
ATIC,5408,stable_id
ATL1,2894,stable_id
ATL2,16893,stable_id
ATL3,4656,stable_id
ATM,9597,stable_id
ATMIN,13970,stable_id
ATN1,683,stable_id
ATOH1,20347,stable_id
ATOH7,10464,stable_id
ATOH8,10782,stable_id
ATOX1,1961,stable_id
ATP10A,4981,stable_id
ATP10B,15938,stable_id
ATP10D,13810,stable_id
ATP11A,8355,stable_id
ATP11B,10702,stable_id
ATP11C,17591,stable_id
ATP12A,3558,stable_id
ATP13A1,8616,stable_id
ATP13A2,10410,stable_id
ATP13A3,3740,stable_id
ATP13A4,10975,stable_id
ATP13A5,14399,stable_id
ATP1A1,9260,stable_id
ATP1A2,1086,stable_id
ATP1A3,12095,stable_id
ATP1A4,1087,stable_id
ATP1B1,5623,stable_id
ATP1B2,12211,stable_id
ATP1B3,8952,stable_id
ATP1B4,1708,stable_id
ATP23,5045,stable_id
ATP2A1,7987,stable_id
ATP2A2,7323,stable_id
ATP2A3,2731,stable_id
ATP2B1,2224,stable_id
ATP2B2,7760,stable_id
ATP2B3,8316,stable_id
ATP2B4,5561,stable_id
ATP2C1,9047,stable_id
ATP2C2,9552,stable_id
ATP4A,862,stable_id
ATP4B,8363,stable_id
ATP5PB,98,stable_id
ATP6AP1,2047,stable_id
ATP6AP2,8130,stable_id
ATP6V0A1,2075,stable_id
ATP6V0A2,10939,stable_id
ATP6V0A4,11201,stable_id
ATP6V0B,9324,stable_id
ATP6V0C,4309,stable_id
ATP6V0D1,1419,stable_id
ATP6V0D2,6569,stable_id
ATP6V0E1,1618,stable_id
ATP6V1A,15298,stable_id
ATP6V1B1,964,stable_id
ATP6V1B2,966,stable_id
ATP6V1C1,3589,stable_id
ATP6V1C2,2589,stable_id
ATP6V1D,2923,stable_id
ATP6V1E1,2063,stable_id
ATP6V1E2,15496,stable_id
ATP6V1F,689,stable_id
ATP6V1G1,11403,stable_id
ATP6V1G2,4474,stable_id
ATP6V1G3,5520,stable_id
ATP6V1H,9451,stable_id
ATP7A,9450,stable_id
ATP7B,1025,stable_id
ATP8A1,10805,stable_id
ATP8A2,3408,stable_id
ATP8B1,11567,stable_id
ATP8B2,17088,stable_id
ATP8B3,562,stable_id
ATP8B4,16975,stable_id
ATP9A,6182,stable_id
ATP9B,4562,stable_id
ATPAF1,6856,stable_id
ATPAF2,12679,stable_id
ATPSCKMT,11384,stable_id
ATR,8949,stable_id
ATRAID,1437,stable_id
ATRIP,5141,stable_id
ATRN,6031,stable_id
ATRNL1,15815,stable_id
ATRX,8237,stable_id
ATXN1,13830,stable_id
ATXN10,1734,stable_id
ATXN1L,19633,stable_id
ATXN2,12640,stable_id
ATXN2L,9082,stable_id
ATXN7,3269,stable_id
ATXN7L1,2588,stable_id
ATXN7L2,14412,stable_id
ATXN7L3,16944,stable_id
ATXN7L3B,20931,stable_id
AUH,3108,stable_id
AUNIP,22443,stable_id
AUP1,19365,stable_id
AURKA,6154,stable_id
AURKAIP1,18908,stable_id
AURKB,2804,stable_id
AUTS2,7450,stable_id
AVEN,614,stable_id
AVIL,5043,stable_id
AVL9,7514,stable_id
AVP,10821,stable_id
AVPI1,2000,stable_id
AVPR1A,2326,stable_id
AVPR1B,5544,stable_id
AVPR2,8330,stable_id
AWAT1,1630,stable_id
AWAT2,8232,stable_id
AXDND1,5639,stable_id
AXIN1,4348,stable_id
AXIN2,20,stable_id
AXL,448,stable_id
AZGP1,10571,stable_id
AZI2,11486,stable_id
AZIN1,10725,stable_id
AZIN2,6899,stable_id
B2M,17126,stable_id
B3GALNT1,12830,stable_id
B3GALNT2,11472,stable_id
B3GALT1,9803,stable_id
B3GALT2,9466,stable_id
B3GALT4,19178,stable_id
B3GALT5,20991,stable_id
B3GALT6,14882,stable_id
B3GALT9,45059,stable_id
B3GAT1,13582,stable_id
B3GAT2,5385,stable_id
B3GAT3,20096,stable_id
B3GLCT,15183,stable_id
B3GNT2,15120,stable_id
B3GNT3,8575,stable_id
B3GNT4,7297,stable_id
B3GNT5,3835,stable_id
B3GNT6,20665,stable_id
B3GNT7,22848,stable_id
B3GNT8,16825,stable_id
B3GNT9,19640,stable_id
B3GNTL1,13744,stable_id
B4GALNT1,1053,stable_id
B4GALNT2,1426,stable_id
B4GALNT3,12226,stable_id
B4GALNT4,15977,stable_id
B4GALT1,6665,stable_id
B4GALT2,6741,stable_id
B4GALT3,15291,stable_id
B4GALT4,3893,stable_id
B4GALT5,1868,stable_id
B4GALT6,16089,stable_id
B4GALT7,3136,stable_id
B4GAT1,13967,stable_id
B9D1,180,stable_id
B9D2,17698,stable_id
BAALC,3590,stable_id
BAAT,11610,stable_id
BABAM1,8585,stable_id
BABAM2,15221,stable_id
BACE1,8762,stable_id
BACE2,11974,stable_id
BACH1,5134,stable_id
BACH2,11840,stable_id
BAD,4779,stable_id
BAG1,6668,stable_id
BAG2,12496,stable_id
BAG3,8058,stable_id
BAG4,10665,stable_id
BAG5,14623,stable_id
BAG6,4466,stable_id
BAHCC1,11646,stable_id
BAHD1,11743,stable_id
BAIAP2,5007,stable_id
BAIAP2L1,11310,stable_id
BAIAP2L2,1882,stable_id
BAIAP3,14000,stable_id
BAK1,16453,stable_id
BAMBI,4380,stable_id
BANF1,4711,stable_id
BANF2,10662,stable_id
BANK1,10890,stable_id
BANP,4976,stable_id
BAP1,3355,stable_id
BARD1,5410,stable_id
BARHL1,5761,stable_id
BARHL2,9659,stable_id
BARX1,3073,stable_id
BARX2,8728,stable_id
BASP1,13525,stable_id
BATF,9616,stable_id
BATF2,11628,stable_id
BATF3,5660,stable_id
BAX,644,stable_id
BAZ1A,9890,stable_id
BAZ1B,469,stable_id
BAZ2A,11765,stable_id
BAZ2B,5882,stable_id
BBC3,374,stable_id
BBIP1,26885,stable_id
BBLN,11444,stable_id
BBOF1,16346,stable_id
BBOX1,12315,stable_id
BBS1,1008,stable_id
BBS10,10131,stable_id
BBS12,15070,stable_id
BBS2,8544,stable_id
BBS4,4944,stable_id
BBS5,17630,stable_id
BBS7,10668,stable_id
BBS9,10186,stable_id
BBX,3807,stable_id
BCAM,509,stable_id
BCAN,769,stable_id
BCAP29,2643,stable_id
BCAP31,358,stable_id
BCAR1,8675,stable_id
BCAR3,6504,stable_id
BCAS1,1431,stable_id
BCAS2,885,stable_id
BCAS3,16814,stable_id
BCAT1,7741,stable_id
BCAT2,8048,stable_id
BCCIP,8123,stable_id
BCDIN3D,10747,stable_id
BCHE,6306,stable_id
BCKDHA,17024,stable_id
BCKDHB,8848,stable_id
BCKDK,8036,stable_id
BCL10,6547,stable_id
BCL11A,147,stable_id
BCL11B,14215,stable_id
BCL2,16355,stable_id
BCL2L1,1115,stable_id
BCL2L11,6083,stable_id
BCL2L12,540,stable_id
BCL2L13,1217,stable_id
BCL2L14,7699,stable_id
BCL2L15,13060,stable_id
BCL2L2,30601,stable_id
BCL3,15451,stable_id
BCL6,3725,stable_id
BCL6B,57,stable_id
BCL7A,7303,stable_id
BCL7B,7457,stable_id
BCL7C,8041,stable_id
BCL9,11051,stable_id
BCL9L,17685,stable_id
BCLAF1,10778,stable_id
BCLAF3,13055,stable_id
BCO1,8607,stable_id
BCO2,8751,stable_id
BCOR,11873,stable_id
BCORL1,10532,stable_id
BCR,1265,stable_id
BCS1L,5394,stable_id
BDH1,13742,stable_id
BDH2,6531,stable_id
BDKRB1,12216,stable_id
BDKRB2,2898,stable_id
BDNF,14279,stable_id
BDP1,14587,stable_id
BEAN1,8621,stable_id
BECN1,9910,stable_id
BECN2,42201,stable_id
BEGAIN,12085,stable_id
BEND3,11029,stable_id
BEND4,31818,stable_id
BEND5,6744,stable_id
BEND6,12479,stable_id
BEND7,14196,stable_id
BEST1,10710,stable_id
BEST2,15377,stable_id
BEST3,2355,stable_id
BET1L,5068,stable_id
BEX3,13699,stable_id
BFAR,3833,stable_id
BFSP1,6104,stable_id
BFSP2,9036,stable_id
BGN,8315,stable_id
BHLHA15,15247,stable_id
BHLHA9,13083,stable_id
BHLHE22,4867,stable_id
BHLHE23,13448,stable_id
BHLHE40,7645,stable_id
BHLHE41,7735,stable_id
BHMT2,12465,stable_id
BICC1,1481,stable_id
BICD1,589,stable_id
BICD2,10893,stable_id
BICDL1,12296,stable_id
BICDL2,12944,stable_id
BICRA,19884,stable_id
BICRAL,10389,stable_id
BID,707,stable_id
BIN1,4458,stable_id
BIN2,36596,stable_id
BIN3,3466,stable_id
BIRC2,16363,stable_id
BIRC3,8709,stable_id
BIRC5,1834,stable_id
BIRC6,4280,stable_id
BIRC7,11304,stable_id
BLCAP,19249,stable_id
BLK,1491,stable_id
BLM,7875,stable_id
BLMH,2765,stable_id
BLNK,17186,stable_id
BLOC1S1,31005,stable_id
BLOC1S2,16395,stable_id
BLOC1S3,16425,stable_id
BLOC1S4,17101,stable_id
BLOC1S5,11352,stable_id
BLOC1S6,899,stable_id
BLVRA,352,stable_id
BLVRB,11916,stable_id
BLZF1,5624,stable_id
BMERB1,13043,stable_id
BMF,11772,stable_id
BMI1,5723,stable_id
BMP1,3474,stable_id
BMP10,7606,stable_id
BMP15,4110,stable_id
BMP2,6065,stable_id
BMP2K,9759,stable_id
BMP3,7236,stable_id
BMP4,3327,stable_id
BMP5,8802,stable_id
BMP6,11361,stable_id
BMP7,1202,stable_id
BMPER,8681,stable_id
BMPR1A,3305,stable_id
BMPR1B,15294,stable_id
BMPR2,19167,stable_id
BMS1,7666,stable_id
BMX,8317,stable_id
BNC1,4865,stable_id
BNC2,6715,stable_id
BNIP1,4354,stable_id
BNIP2,1380,stable_id
BNIP3,22451,stable_id
BNIP3L,3451,stable_id
BNIPL,6502,stable_id
BOC,3836,stable_id
BOD1L1,17307,stable_id
BOK,5462,stable_id
BOLA1,1673,stable_id
BOLA3,13352,stable_id
BOLL,5287,stable_id
BOP1,3759,stable_id
BORA,3461,stable_id
BORCS5,12755,stable_id
BORCS6,13355,stable_id
BORCS7,17461,stable_id
BORCS8,418,stable_id
BPGM,11314,stable_id
BPHL,11063,stable_id
BPI,15398,stable_id
BPIFA3,6145,stable_id
BPIFB1,6148,stable_id
BPIFB2,6144,stable_id
BPIFB3,19285,stable_id
BPIFB4,20906,stable_id
BPIFB6,19286,stable_id
BPIFC,14707,stable_id
BPNT1,5651,stable_id
BPNT2,18980,stable_id
BPTF,11923,stable_id
BRAF,428,stable_id
BRAP,7316,stable_id
BRAT1,21,stable_id
BRCA1,1771,stable_id
BRCA2,12161,stable_id
BRD1,3648,stable_id
BRD2,4436,stable_id
BRD3,5832,stable_id
BRD4,4235,stable_id
BRD7,8493,stable_id
BRD8,628,stable_id
BRD9,16420,stable_id
BRDT,7206,stable_id
BRF1,1354,stable_id
BRF2,8381,stable_id
BRI3,14103,stable_id
BRI3BP,10884,stable_id
BRICD5,13519,stable_id
BRINP1,6629,stable_id
BRINP2,656,stable_id
BRINP3,9922,stable_id
BRIP1,9639,stable_id
BRIX1,3570,stable_id
BRK1,9494,stable_id
BRMS1,23052,stable_id
BRMS1L,1384,stable_id
BROX,13818,stable_id
BRPF1,287,stable_id
BRPF3,17823,stable_id
BRS3,8176,stable_id
BRSK1,10020,stable_id
BRSK2,15420,stable_id
BRWD1,3972,stable_id
BRWD3,17748,stable_id
BSCL2,20103,stable_id
BSDC1,12081,stable_id
BSG,4085,stable_id
BSN,9059,stable_id
BSND,5033,stable_id
BSPRY,6650,stable_id
BST1,7081,stable_id
BSX,15704,stable_id
BTAF1,11960,stable_id
BTBD1,4863,stable_id
BTBD10,11013,stable_id
BTBD16,11852,stable_id
BTBD17,34,stable_id
BTBD18,28205,stable_id
BTBD19,20544,stable_id
BTBD2,563,stable_id
BTBD3,17390,stable_id
BTBD6,480,stable_id
BTBD7,12331,stable_id
BTBD8,48989,stable_id
BTBD9,17422,stable_id
BTC,24679,stable_id
BTD,3354,stable_id
BTF3,3216,stable_id
BTG1,10359,stable_id
BTG2,2505,stable_id
BTG3,3939,stable_id
BTG4,8743,stable_id
BTK,8254,stable_id
BTLA,15199,stable_id
BTN1A1,118,stable_id
BTN2A2,15465,stable_id
BTNL2,4439,stable_id
BTNL9,11846,stable_id
BTRC,4929,stable_id
BUB1,6081,stable_id
BUB1B,11770,stable_id
BUB3,19107,stable_id
BUD13,8755,stable_id
BUD23,838,stable_id
BUD31,11255,stable_id
BYSL,4227,stable_id
BZW1,15003,stable_id
BZW2,2582,stable_id
C1D,102,stable_id
C1GALT1,12588,stable_id
C1GALT1C1,14404,stable_id
C1QA,10495,stable_id
C1QB,10505,stable_id
C1QBP,1931,stable_id
C1QC,10500,stable_id
C1QL1,13461,stable_id
C1QL2,10506,stable_id
C1QL3,14580,stable_id
C1QL4,187,stable_id
C1QTNF1,1805,stable_id
C1QTNF12,4142,stable_id
C1QTNF2,13718,stable_id
C1QTNF3,16691,stable_id
C1QTNF4,12055,stable_id
C1QTNF5,22920,stable_id
C1QTNF6,3682,stable_id
C1QTNF7,17264,stable_id
C1RL,11164,stable_id
C2,4454,stable_id
C2CD2,13577,stable_id
C2CD2L,8786,stable_id
C2CD3,13938,stable_id
C2CD4C,13560,stable_id
C2CD4D,31633,stable_id
C2CD5,7749,stable_id
C3,4334,stable_id
C3AR1,11953,stable_id
C5AR1,14452,stable_id
C5AR2,20785,stable_id
C6,3523,stable_id
C7,22708,stable_id
C8A,9893,stable_id
C8B,7438,stable_id
C8G,1550,stable_id
C9,3508,stable_id
CA1,6188,stable_id
CA10,16099,stable_id
CA11,554,stable_id
CA12,8923,stable_id
CA13,6187,stable_id
CA14,11163,stable_id
CA2,6191,stable_id
CA3,6189,stable_id
CA4,140,stable_id
CA5A,4977,stable_id
CA5B,8313,stable_id
CA6,7013,stable_id
CA7,8629,stable_id
CA8,12192,stable_id
CA9,6700,stable_id
CAAP1,6767,stable_id
CAB39,10431,stable_id
CAB39L,3406,stable_id
CABCOCO1,2226,stable_id
CABIN1,2374,stable_id
CABLES1,12109,stable_id
CABLES2,11355,stable_id
CABP1,7364,stable_id
CABP2,4720,stable_id
CABP4,4709,stable_id
CABP5,875,stable_id
CABP7,1209,stable_id
CABS1,1138,stable_id
CABYR,4491,stable_id
CACFD1,1610,stable_id
CACHD1,6735,stable_id
CACNA1A,9756,stable_id
CACNA1B,675,stable_id
CACNA1C,15035,stable_id
CACNA1D,1681,stable_id
CACNA1E,674,stable_id
CACNA1F,8184,stable_id
CACNA1G,2779,stable_id
CACNA1H,4304,stable_id
CACNA1I,3663,stable_id
CACNA1S,5527,stable_id
CACNA2D1,11779,stable_id
CACNA2D2,1293,stable_id
CACNA2D3,3412,stable_id
CACNA2D4,12251,stable_id
CACNB1,2791,stable_id
CACNB2,16477,stable_id
CACNB3,567,stable_id
CACNB4,1800,stable_id
CACNG1,2698,stable_id
CACNG2,2055,stable_id
CACNG3,18953,stable_id
CACNG4,2699,stable_id
CACNG5,11879,stable_id
CACNG6,22566,stable_id
CACNG7,19613,stable_id
CACNG8,15501,stable_id
CACTIN,9845,stable_id
CACUL1,9336,stable_id
CACYBP,1473,stable_id
CAD,1438,stable_id
CADM1,8754,stable_id
CADM2,17855,stable_id
CADM3,826,stable_id
CADM4,15808,stable_id
CADPS2,1872,stable_id
CAGE1,13184,stable_id
CALB1,6559,stable_id
CALB2,618,stable_id
CALCB,7949,stable_id
CALCOCO1,4046,stable_id
CALCR,4212,stable_id
CALCRL,16848,stable_id
CALD1,7497,stable_id
CALHM1,22759,stable_id
CALHM2,9222,stable_id
CALHM3,33297,stable_id
CALHM4,11559,stable_id
CALHM5,14642,stable_id
CALHM6,13592,stable_id
CALM1,213,stable_id
CALM2,10347,stable_id
CALM3,2084,stable_id
CALML3,17626,stable_id
CALML4,8837,stable_id
CALN1,17021,stable_id
CALR,635,stable_id
CALR3,2119,stable_id
CALU,7502,stable_id
CALY,5056,stable_id
CAMK1,7745,stable_id
CAMK1D,11419,stable_id
CAMK1G,1693,stable_id
CAMK2A,4589,stable_id
CAMK2B,16473,stable_id
CAMK2G,3320,stable_id
CAMK2N1,13706,stable_id
CAMK2N2,14978,stable_id
CAMK4,10986,stable_id
CAMKK1,2729,stable_id
CAMKK2,7327,stable_id
CAMKMT,19950,stable_id
CAMKV,9187,stable_id
CAMLG,3135,stable_id
CAMP,11094,stable_id
CAMSAP1,5845,stable_id
CAMSAP2,12284,stable_id
CAMSAP3,13141,stable_id
CAMTA1,1504,stable_id
CAMTA2,12021,stable_id
CAND1,2320,stable_id
CAND2,7772,stable_id
CANT1,5115,stable_id
CANX,2471,stable_id
CAP1,6820,stable_id
CAP2,3067,stable_id
CAPG,16220,stable_id
CAPN1,4768,stable_id
CAPN10,5454,stable_id
CAPN11,16630,stable_id
CAPN12,15650,stable_id
CAPN13,12932,stable_id
CAPN15,10669,stable_id
CAPN2,5587,stable_id
CAPN3,22711,stable_id
CAPN5,10071,stable_id
CAPN6,19158,stable_id
CAPN7,3351,stable_id
CAPN8,11200,stable_id
CAPN9,8693,stable_id
CAPNS1,317,stable_id
CAPNS2,22324,stable_id
CAPRIN1,5954,stable_id
CAPRIN2,7765,stable_id
CAPS2,10117,stable_id
CAPSL,11618,stable_id
CAPZA2,1640,stable_id
CAPZA3,12368,stable_id
CAPZB,6872,stable_id
CARD10,9262,stable_id
CARD11,10372,stable_id
CARD14,1429,stable_id
CARD19,10905,stable_id
CARD6,12387,stable_id
CARD9,5841,stable_id
CARF,5307,stable_id
CARHSP1,1166,stable_id
CARM1,8807,stable_id
CARMIL1,3046,stable_id
CARMIL2,14774,stable_id
CARMIL3,3543,stable_id
CARNMT1,4635,stable_id
CARNS1,21203,stable_id
CARS2,16118,stable_id
CARTPT,3214,stable_id
CASC3,22509,stable_id
CASD1,1568,stable_id
CASK,8132,stable_id
CASKIN1,9392,stable_id
CASKIN2,9692,stable_id
CASP14,829,stable_id
CASP2,7552,stable_id
CASP3,8473,stable_id
CASP6,6424,stable_id
CASP7,4849,stable_id
CASP8,5316,stable_id
CASP8AP2,6595,stable_id
CASP9,6975,stable_id
CASQ1,1088,stable_id
CASQ2,6346,stable_id
CASR,15191,stable_id
CASS4,20865,stable_id
CAST,3176,stable_id
CASTOR1,2506,stable_id
CASTOR2,1674,stable_id
CAT,5957,stable_id
CATIP,20504,stable_id
CATSPER2,9357,stable_id
CATSPER3,3133,stable_id
CATSPER4,14150,stable_id
CAV1,1113,stable_id
CAV2,7,stable_id
CAV3,17535,stable_id
CAVIN1,662,stable_id
CAVIN2,13571,stable_id
CAVIN3,10573,stable_id
CAVIN4,6628,stable_id
CBARP,10103,stable_id
CBFA2T2,11167,stable_id
CBFA2T3,986,stable_id
CBFB,8631,stable_id
CBL,9646,stable_id
CBLB,3805,stable_id
CBLC,11941,stable_id
CBLIF,4624,stable_id
CBLL1,2651,stable_id
CBLN1,8490,stable_id
CBLN2,4600,stable_id
CBLN3,11881,stable_id
CBLN4,19207,stable_id
CBR3,3980,stable_id
CBR4,8483,stable_id
CBS,4256,stable_id
CBX1,1976,stable_id
CBX2,5117,stable_id
CBX3,7539,stable_id
CBX4,11737,stable_id
CBX5,1250,stable_id
CBX6,30630,stable_id
CBX7,15504,stable_id
CBX8,5118,stable_id
CBY1,3671,stable_id
CBY2,9857,stable_id
CC2D1A,10426,stable_id
CC2D1B,6770,stable_id
CC2D2A,11657,stable_id
CC2D2B,46681,stable_id
CCAR1,2291,stable_id
CCAR2,9418,stable_id
CCBE1,13668,stable_id
CCDC102A,17734,stable_id
CCDC106,9960,stable_id
CCDC107,6699,stable_id
CCDC112,20151,stable_id
CCDC116,3876,stable_id
CCDC117,2546,stable_id
CCDC12,2111,stable_id
CCDC120,8192,stable_id
CCDC122,9811,stable_id
CCDC124,1118,stable_id
CCDC125,14395,stable_id
CCDC126,14880,stable_id
CCDC127,3173,stable_id
CCDC13,22754,stable_id
CCDC134,19312,stable_id
CCDC136,7503,stable_id
CCDC137,14664,stable_id
CCDC138,10932,stable_id
CCDC14,3920,stable_id
CCDC141,13014,stable_id
CCDC142,45330,stable_id
CCDC146,17898,stable_id
CCDC148,10415,stable_id
CCDC149,13531,stable_id
CCDC15,9629,stable_id
CCDC150,5293,stable_id
CCDC152,31399,stable_id
CCDC154,16843,stable_id
CCDC157,15065,stable_id
CCDC158,14684,stable_id
CCDC159,962,stable_id
CCDC160,20390,stable_id
CCDC167,4243,stable_id
CCDC169,14329,stable_id
CCDC17,9527,stable_id
CCDC170,2127,stable_id
CCDC171,15286,stable_id
CCDC172,4858,stable_id
CCDC174,9541,stable_id
CCDC177,17594,stable_id
CCDC178,4424,stable_id
CCDC18,16179,stable_id
CCDC180,10068,stable_id
CCDC181,5625,stable_id
CCDC182,9525,stable_id
CCDC184,7559,stable_id
CCDC185,12864,stable_id
CCDC186,9937,stable_id
CCDC188,31260,stable_id
CCDC190,19810,stable_id
CCDC191,3839,stable_id
CCDC192,16694,stable_id
CCDC194,46654,stable_id
CCDC195,47823,stable_id
CCDC22,8185,stable_id
CCDC24,22461,stable_id
CCDC25,3443,stable_id
CCDC28A,16841,stable_id
CCDC28B,6904,stable_id
CCDC3,5689,stable_id
CCDC32,11733,stable_id
CCDC34,5939,stable_id
CCDC38,10265,stable_id
CCDC39,6255,stable_id
CCDC40,11726,stable_id
CCDC42,13561,stable_id
CCDC43,2827,stable_id
CCDC47,22482,stable_id
CCDC50,10985,stable_id
CCDC51,5140,stable_id
CCDC54,14854,stable_id
CCDC57,14269,stable_id
CCDC59,2205,stable_id
CCDC6,14338,stable_id
CCDC60,12978,stable_id
CCDC61,20783,stable_id
CCDC62,17335,stable_id
CCDC65,568,stable_id
CCDC66,13791,stable_id
CCDC68,11329,stable_id
CCDC70,1765,stable_id
CCDC71,14491,stable_id
CCDC71L,31321,stable_id
CCDC73,13340,stable_id
CCDC77,7690,stable_id
CCDC78,19990,stable_id
CCDC80,3818,stable_id
CCDC81,11524,stable_id
CCDC82,22701,stable_id
CCDC83,7925,stable_id
CCDC85A,9168,stable_id
CCDC85B,34031,stable_id
CCDC85C,26826,stable_id
CCDC86,4641,stable_id
CCDC87,19262,stable_id
CCDC88A,9118,stable_id
CCDC88B,14094,stable_id
CCDC88C,2953,stable_id
CCDC89,13125,stable_id
CCDC9,12227,stable_id
CCDC90B,7921,stable_id
CCDC91,7759,stable_id
CCDC92,10914,stable_id
CCDC92B,19615,stable_id
CCDC93,5491,stable_id
CCDC97,450,stable_id
CCDC9B,13547,stable_id
CCER1,13870,stable_id
CCER2,34982,stable_id
CCHCR1,11855,stable_id
CCIN,19940,stable_id
CCK,9024,stable_id
CCKAR,7156,stable_id
CCKBR,8092,stable_id
CCL11,2661,stable_id
CCL17,8560,stable_id
CCL19,19943,stable_id
CCL20,5390,stable_id
CCL22,8559,stable_id
CCL24,755,stable_id
CCL28,20919,stable_id
CCL5,9897,stable_id
CCL7,10013,stable_id
CCM2,69,stable_id
CCM2L,6139,stable_id
CCN1,6549,stable_id
CCN2,2250,stable_id
CCN3,10688,stable_id
CCN4,804,stable_id
CCN5,6243,stable_id
CCN6,17382,stable_id
CCNA1,6307,stable_id
CCNA2,6276,stable_id
CCNB1,12242,stable_id
CCNB1IP1,20047,stable_id
CCNB2,8823,stable_id
CCNC,6579,stable_id
CCND1,19747,stable_id
CCND2,31,stable_id
CCND3,9576,stable_id
CCNDBP1,4143,stable_id
CCNE1,372,stable_id
CCNE2,6554,stable_id
CCNF,20166,stable_id
CCNG1,2449,stable_id
CCNG2,7265,stable_id
CCNH,3155,stable_id
CCNI,17605,stable_id
CCNJ,4816,stable_id
CCNJL,13223,stable_id
CCNK,3004,stable_id
CCNL1,6328,stable_id
CCNL2,7073,stable_id
CCNO,12571,stable_id
CCNT1,1381,stable_id
CCNT2,5498,stable_id
CCNY,4411,stable_id
CCNYL1,19910,stable_id
CCP110,9484,stable_id
CCPG1,9720,stable_id
CCR10,13022,stable_id
CCR2,14441,stable_id
CCR3,10039,stable_id
CCR4,14120,stable_id
CCR5,22752,stable_id
CCR6,12092,stable_id
CCR7,10899,stable_id
CCR8,12513,stable_id
CCR9,7358,stable_id
CCS,9548,stable_id
CCSAP,8687,stable_id
CCSER1,11584,stable_id
CCSER2,16644,stable_id
CCT2,9523,stable_id
CCT3,244,stable_id
CCT4,1119,stable_id
CCT5,3560,stable_id
CCT6A,7309,stable_id
CCT6B,2678,stable_id
CCT7,7587,stable_id
CCT8,5135,stable_id
CCT8L2,10948,stable_id
CD101,28181,stable_id
CD109,13634,stable_id
CD14,15069,stable_id
CD151,5089,stable_id
CD160,11074,stable_id
CD163,1194,stable_id
CD164,2157,stable_id
CD164L2,6947,stable_id
CD180,3203,stable_id
CD19,7982,stable_id
CD2,6347,stable_id
CD200,3815,stable_id
CD207,9805,stable_id
CD22,7898,stable_id
CD226,9524,stable_id
CD247,893,stable_id
CD248,16167,stable_id
CD27,7782,stable_id
CD274,1724,stable_id
CD276,10184,stable_id
CD28,5305,stable_id
CD2AP,17291,stable_id
CD2BP2,12604,stable_id
CD300E,14288,stable_id
CD302,17100,stable_id
CD320,407,stable_id
CD34,1722,stable_id
CD36,503,stable_id
CD37,8033,stable_id
CD38,7082,stable_id
CD3D,8768,stable_id
CD3E,8767,stable_id
CD3G,364,stable_id
CD4,4108,stable_id
CD40,1821,stable_id
CD40LG,8178,stable_id
CD44,799,stable_id
CD47,15946,stable_id
CD5,4614,stable_id
CD53,12041,stable_id
CD5L,1663,stable_id
CD6,4615,stable_id
CD63,4993,stable_id
CD69,7676,stable_id
CD70,2098,stable_id
CD72,6697,stable_id
CD74,4586,stable_id
CD79A,573,stable_id
CD79B,11968,stable_id
CD81,10812,stable_id
CD82,5976,stable_id
CD83,1595,stable_id
CD84,10993,stable_id
CD9,7787,stable_id
CD93,6116,stable_id
CD96,3812,stable_id
CD99L2,10140,stable_id
CDA,6878,stable_id
CDADC1,3407,stable_id
CDAN1,6014,stable_id
CDC123,11413,stable_id
CDC14A,9364,stable_id
CDC16,11119,stable_id
CDC20,995,stable_id
CDC20B,22619,stable_id
CDC23,4453,stable_id
CDC25A,8984,stable_id
CDC25B,6044,stable_id
CDC25C,13069,stable_id
CDC26,18941,stable_id
CDC27,2669,stable_id
CDC37,2095,stable_id
CDC37L1,4671,stable_id
CDC40,11127,stable_id
CDC42,1045,stable_id
CDC42BPA,5576,stable_id
CDC42BPB,3020,stable_id
CDC42BPG,4662,stable_id
CDC42EP1,14542,stable_id
CDC42EP2,13498,stable_id
CDC42EP3,10375,stable_id
CDC42EP4,12292,stable_id
CDC42EP5,17791,stable_id
CDC42SE1,13782,stable_id
CDC42SE2,15255,stable_id
CDC45,2,stable_id
CDC6,1812,stable_id
CDC7,7210,stable_id
CDC73,5506,stable_id
CDCA2,14394,stable_id
CDCA3,4141,stable_id
CDCA4,14100,stable_id
CDCA5,4680,stable_id
CDCA7,15975,stable_id
CDCA7L,2947,stable_id
CDCA8,6951,stable_id
CDCP1,10055,stable_id
CDCP2,14036,stable_id
CDH1,54,stable_id
CDH10,3605,stable_id
CDH11,8503,stable_id
CDH12,11909,stable_id
CDH13,8603,stable_id
CDH15,8680,stable_id
CDH16,8628,stable_id
CDH17,6556,stable_id
CDH18,11895,stable_id
CDH19,13926,stable_id
CDH2,4423,stable_id
CDH20,14895,stable_id
CDH22,15448,stable_id
CDH23,1408,stable_id
CDH24,16869,stable_id
CDH26,11424,stable_id
CDH3,17169,stable_id
CDH4,55,stable_id
CDH5,8620,stable_id
CDH6,11523,stable_id
CDH7,5479,stable_id
CDH8,10368,stable_id
CDH9,5005,stable_id
CDHR1,3309,stable_id
CDHR2,9859,stable_id
CDHR3,10167,stable_id
CDHR4,9064,stable_id
CDHR5,5079,stable_id
CDIN1,11845,stable_id
CDIP1,667,stable_id
CDIPT,7959,stable_id
CDK1,2223,stable_id
CDK10,9473,stable_id
CDK12,530,stable_id
CDK13,12200,stable_id
CDK14,6980,stable_id
CDK15,5312,stable_id
CDK16,8145,stable_id
CDK17,2258,stable_id
CDK18,5549,stable_id
CDK19,11137,stable_id
CDK2,4999,stable_id
CDK20,3121,stable_id
CDK2AP2,4719,stable_id
CDK3,31961,stable_id
CDK4,1052,stable_id
CDK5,7010,stable_id
CDK5R1,14383,stable_id
CDK5R2,30885,stable_id
CDK5RAP1,6149,stable_id
CDK5RAP2,11490,stable_id
CDK5RAP3,1977,stable_id
CDK6,11842,stable_id
CDK7,19496,stable_id
CDK8,7424,stable_id
CDK9,1246,stable_id
CDKAL1,952,stable_id
CDKL1,2858,stable_id
CDKL2,7276,stable_id
CDKL3,2484,stable_id
CDKL4,9506,stable_id
CDKL5,8267,stable_id
CDKN1A,4050,stable_id
CDKN1B,517,stable_id
CDKN2A,13103,stable_id
CDKN2AIP,10963,stable_id
CDKN2AIPNL,2486,stable_id
CDKN2B,20559,stable_id
CDKN2C,6748,stable_id
CDKN2D,35163,stable_id
CDKN3,10787,stable_id
CDNF,11556,stable_id
CDO1,9216,stable_id
CDON,10981,stable_id
CDPF1,17900,stable_id
CDR2,8079,stable_id
CDR2L,14914,stable_id
CDS1,7233,stable_id
CDS2,16664,stable_id
CDSN,11563,stable_id
CDT1,1030,stable_id
CDV3,9139,stable_id
CDX1,4590,stable_id
CDX2,7431,stable_id
CDX4,8285,stable_id
CDYL2,8547,stable_id
CEACAM16,1513,stable_id
CEACAM18,7847,stable_id
CEACAM19,14637,stable_id
CEACAM20,19873,stable_id
CEBPA,9872,stable_id
CEBPB,16174,stable_id
CEBPD,20089,stable_id
CEBPE,15295,stable_id
CEBPG,16113,stable_id
CEBPZ,4286,stable_id
CEBPZOS,17534,stable_id
CECR2,19994,stable_id
CEL,5772,stable_id
CELA1,4030,stable_id
CELF1,855,stable_id
CELF2,380,stable_id
CELF3,6514,stable_id
CELF4,4402,stable_id
CELF5,9819,stable_id
CELF6,8869,stable_id
CELSR1,1689,stable_id
CELSR2,19425,stable_id
CELSR3,4138,stable_id
CEMIP,15267,stable_id
CEMIP2,4653,stable_id
CEND1,17000,stable_id
CENPA,7144,stable_id
CENPB,19353,stable_id
CENPE,13402,stable_id
CENPF,5643,stable_id
CENPH,13383,stable_id
CENPI,8253,stable_id
CENPK,3255,stable_id
CENPL,5706,stable_id
CENPM,19309,stable_id
CENPN,8545,stable_id
CENPO,2645,stable_id
CENPP,3078,stable_id
CENPQ,4187,stable_id
CENPS,20519,stable_id
CENPT,10423,stable_id
CENPU,8474,stable_id
CENPV,1944,stable_id
CENPW,21189,stable_id
CEP104,11566,stable_id
CEP112,2700,stable_id
CEP120,14365,stable_id
CEP126,12034,stable_id
CEP128,17263,stable_id
CEP131,11663,stable_id
CEP135,10338,stable_id
CEP152,19374,stable_id
CEP162,16264,stable_id
CEP170,16356,stable_id
CEP170B,20285,stable_id
CEP19,10146,stable_id
CEP192,4550,stable_id
CEP20,3826,stable_id
CEP250,11042,stable_id
CEP290,2236,stable_id
CEP295,13613,stable_id
CEP350,9407,stable_id
CEP41,7516,stable_id
CEP43,19503,stable_id
CEP44,11030,stable_id
CEP55,4801,stable_id
CEP57,8653,stable_id
CEP57L1,2153,stable_id
CEP63,9025,stable_id
CEP68,13029,stable_id
CEP70,16123,stable_id
CEP72,3168,stable_id
CEP76,20471,stable_id
CEP78,12261,stable_id
CEP83,2266,stable_id
CEP85,10720,stable_id
CEP85L,11198,stable_id
CEP89,4053,stable_id
CEP95,1912,stable_id
CEP97,3789,stable_id
CEPT1,12051,stable_id
CER1,11015,stable_id
CERCAM,11667,stable_id
CERK,10178,stable_id
CERKL,21187,stable_id
CERS1,28868,stable_id
CERS2,1638,stable_id
CERS3,7863,stable_id
CERS4,1156,stable_id
CERS5,4024,stable_id
CERS6,5903,stable_id
CERT1,3222,stable_id
CES4A,17067,stable_id
CES5A,16494,stable_id
CETN1,14942,stable_id
CETN2,8296,stable_id
CETN3,3148,stable_id
CFAP100,14363,stable_id
CFAP126,5673,stable_id
CFAP157,11354,stable_id
CFAP161,1353,stable_id
CFAP20,8572,stable_id
CFAP206,6602,stable_id
CFAP20DC,3273,stable_id
CFAP221,10535,stable_id
CFAP298,3995,stable_id
CFAP299,16457,stable_id
CFAP300,15425,stable_id
CFAP36,2533,stable_id
CFAP410,2425,stable_id
CFAP418,16827,stable_id
CFAP43,13286,stable_id
CFAP44,20073,stable_id
CFAP45,5604,stable_id
CFAP46,14561,stable_id
CFAP52,2811,stable_id
CFAP54,2257,stable_id
CFAP57,6865,stable_id
CFAP58,13737,stable_id
CFAP61,10603,stable_id
CFAP65,13868,stable_id
CFAP69,11920,stable_id
CFAP70,11575,stable_id
CFAP73,33351,stable_id
CFAP74,22417,stable_id
CFAP77,22876,stable_id
CFAP91,3901,stable_id
CFAP97,8475,stable_id
CFAP97D1,1343,stable_id
CFAP99,47303,stable_id
CFB,30996,stable_id
CFD,17313,stable_id
CFDP1,8674,stable_id
CFI,16700,stable_id
CFL1,16106,stable_id
CFL2,17585,stable_id
CFLAR,5317,stable_id
CFP,199,stable_id
CFTR,12202,stable_id
CGA,6604,stable_id
CGAS,8904,stable_id
CGGBP1,15764,stable_id
CGN,19455,stable_id
CGNL1,8830,stable_id
CGREF1,7131,stable_id
CGRRF1,15883,stable_id
CH25H,14778,stable_id
CHAC1,6032,stable_id
CHAC2,2439,stable_id
CHAD,11391,stable_id
CHADL,17771,stable_id
CHAF1A,489,stable_id
CHAF1B,3978,stable_id
CHAMP1,14062,stable_id
CHAT,3369,stable_id
CHCHD1,17777,stable_id
CHCHD10,14520,stable_id
CHCHD2,19795,stable_id
CHCHD3,15576,stable_id
CHCHD5,10896,stable_id
CHCHD6,7632,stable_id
CHCHD7,12486,stable_id
CHD1,4165,stable_id
CHD1L,6487,stable_id
CHD2,22504,stable_id
CHD3,1936,stable_id
CHD4,17799,stable_id
CHD5,794,stable_id
CHD6,16309,stable_id
CHD7,12182,stable_id
CHD8,15574,stable_id
CHD9,16194,stable_id
CHDH,1682,stable_id
CHEK1,8780,stable_id
CHEK2,7353,stable_id
CHERP,15305,stable_id
CHFR,1512,stable_id
CHGA,2962,stable_id
CHGB,6059,stable_id
CHIC1,8286,stable_id
CHIC2,7179,stable_id
CHID1,5091,stable_id
CHIT1,5554,stable_id
CHKA,4710,stable_id
CHKB,3795,stable_id
CHL1,7627,stable_id
CHM,5099,stable_id
CHML,22339,stable_id
CHMP1A,128,stable_id
CHMP1B,47628,stable_id
CHMP2A,9488,stable_id
CHMP2B,760,stable_id
CHMP3,15436,stable_id
CHMP4C,6179,stable_id
CHMP5,6670,stable_id
CHMP6,5006,stable_id
CHMP7,9585,stable_id
CHN1,16168,stable_id
CHN2,733,stable_id
CHODL,3937,stable_id
CHORDC1,313,stable_id
CHP1,1466,stable_id
CHP2,8068,stable_id
CHPF,9204,stable_id
CHPF2,11012,stable_id
CHPT1,16945,stable_id
CHRAC1,19372,stable_id
CHRD,1072,stable_id
CHRDL1,8261,stable_id
CHRDL2,7989,stable_id
CHRM1,9130,stable_id
CHRM2,13484,stable_id
CHRM3,13623,stable_id
CHRM4,11930,stable_id
CHRM5,21008,stable_id
CHRNA1,5926,stable_id
CHRNA10,18976,stable_id
CHRNA2,3447,stable_id
CHRNA3,8874,stable_id
CHRNA4,6200,stable_id
CHRNA5,10087,stable_id
CHRNA6,8385,stable_id
CHRNA9,7165,stable_id
CHRNB1,12169,stable_id
CHRNB2,6396,stable_id
CHRNB3,8386,stable_id
CHRNB4,9949,stable_id
CHRND,5446,stable_id
CHRNE,1510,stable_id
CHRNG,5447,stable_id
CHST1,5980,stable_id
CHST10,5343,stable_id
CHST11,9738,stable_id
CHST12,10402,stable_id
CHST13,16199,stable_id
CHST14,20999,stable_id
CHST15,8101,stable_id
CHST2,9314,stable_id
CHST3,16357,stable_id
CHST4,10189,stable_id
CHST7,10680,stable_id
CHST8,17028,stable_id
CHST9,13911,stable_id
CHSY1,9083,stable_id
CHSY3,16522,stable_id
CHTF18,2064,stable_id
CHTF8,13769,stable_id
CHTOP,170,stable_id
CHUK,4916,stable_id
CHURC1,31013,stable_id
CIAO1,620,stable_id
CIAO2A,8929,stable_id
CIAO2B,8626,stable_id
CIAO3,403,stable_id
CIAPIN1,8561,stable_id
CIART,11180,stable_id
CIB1,7881,stable_id
CIB2,10740,stable_id
CIB3,20745,stable_id
CIB4,15458,stable_id
CIBAR1,6557,stable_id
CIBAR2,12516,stable_id
CIC,843,stable_id
CIDEA,4538,stable_id
CIDEB,3550,stable_id
CIDEC,7748,stable_id
CIITA,3722,stable_id
CILK1,1273,stable_id
CILP,12510,stable_id
CILP2,13003,stable_id
CINP,3017,stable_id
CIP2A,9220,stable_id
CIPC,9569,stable_id
CIR1,12363,stable_id
CIRBP,13359,stable_id
CISD1,10815,stable_id
CISD2,6530,stable_id
CISD3,22521,stable_id
CISH,9052,stable_id
CIT,7350,stable_id
CITED1,14984,stable_id
CITED2,11708,stable_id
CITED4,19882,stable_id
CIZ1,11452,stable_id
CKAP2,10820,stable_id
CKAP2L,14233,stable_id
CKAP4,13820,stable_id
CKAP5,11951,stable_id
CKB,224,stable_id
CKLF,15713,stable_id
CKM,7814,stable_id
CKMT2,3202,stable_id
CKS2,17433,stable_id
CLASP1,17906,stable_id
CLASP2,9329,stable_id
CLASRP,17165,stable_id
CLBA1,10772,stable_id
CLCA1,6580,stable_id
CLCA2,10533,stable_id
CLCC1,6363,stable_id
CLCF1,12001,stable_id
CLCN1,7551,stable_id
CLCN2,3927,stable_id
CLCN3,692,stable_id
CLCN4,105,stable_id
CLCN5,691,stable_id
CLCN6,7042,stable_id
CLCN7,10413,stable_id
CLDN1,3727,stable_id
CLDN10,3500,stable_id
CLDN11,10785,stable_id
CLDN12,13805,stable_id
CLDN14,13897,stable_id
CLDN15,303,stable_id
CLDN16,10994,stable_id
CLDN17,16019,stable_id
CLDN18,8982,stable_id
CLDN19,18922,stable_id
CLDN2,13933,stable_id
CLDN20,31582,stable_id
CLDN23,16059,stable_id
CLDN25,43311,stable_id
CLDN3,19791,stable_id
CLDN5,12229,stable_id
CLDN6,4178,stable_id
CLDN7,1955,stable_id
CLDN8,14809,stable_id
CLDN9,19056,stable_id
CLDND1,3856,stable_id
CLDND2,11348,stable_id
CLEC11A,712,stable_id
CLEC12B,7678,stable_id
CLEC14A,13565,stable_id
CLEC16A,19413,stable_id
CLEC1A,9239,stable_id
CLEC1B,7679,stable_id
CLEC2L,22925,stable_id
CLEC3A,1197,stable_id
CLEC3B,5189,stable_id
CLEC4A,14422,stable_id
CLEC4D,7669,stable_id
CLEC4E,7667,stable_id
CLEC4G,20844,stable_id
CLEC5A,7568,stable_id
CLEC6A,4122,stable_id
CLEC9A,13603,stable_id
CLGN,386,stable_id
CLHC1,2532,stable_id
CLIC1,1083,stable_id
CLIC3,1555,stable_id
CLIC4,10638,stable_id
CLIC6,3982,stable_id
CLINT1,950,stable_id
CLIP1,14552,stable_id
CLIP2,17631,stable_id
CLIP3,1456,stable_id
CLIP4,4270,stable_id
CLK1,5319,stable_id
CLK2,19465,stable_id
CLK3,8886,stable_id
CLK4,2480,stable_id
CLMN,2912,stable_id
CLMP,8724,stable_id
CLN3,7980,stable_id
CLN5,3495,stable_id
CLN6,8836,stable_id
CLN8,5482,stable_id
CLNK,11495,stable_id
CLNS1A,5047,stable_id
CLOCK,7185,stable_id
CLP1,5916,stable_id
CLPB,324,stable_id
CLPP,456,stable_id
CLPS,4376,stable_id
CLPSL2,4375,stable_id
CLPTM1,510,stable_id
CLPTM1L,3193,stable_id
CLPX,1591,stable_id
CLRN1,12959,stable_id
CLRN2,14545,stable_id
CLRN3,14904,stable_id
CLSPN,12597,stable_id
CLSTN1,11719,stable_id
CLSTN2,8972,stable_id
CLSTN3,1152,stable_id
CLTA,6710,stable_id
CLTB,14015,stable_id
CLTC,13901,stable_id
CLTRN,1596,stable_id
CLU,3444,stable_id
CLUAP1,1474,stable_id
CLUH,2709,stable_id
CLVS1,12176,stable_id
CLVS2,2136,stable_id
CLYBL,5106,stable_id
CMA1,3554,stable_id
CMAS,7751,stable_id
CMBL,3561,stable_id
CMC1,11429,stable_id
CMC2,1511,stable_id
CMC4,30915,stable_id
CMIP,9661,stable_id
CMKLR1,12483,stable_id
CMPK1,6863,stable_id
CMPK2,2633,stable_id
CMSS1,3858,stable_id
CMTM3,8622,stable_id
CMTM4,34926,stable_id
CMTM5,12045,stable_id
CMTM6,8963,stable_id
CMTM7,8965,stable_id
CMTM8,12123,stable_id
CMTR1,4244,stable_id
CMTR2,13704,stable_id
CMYA5,13979,stable_id
CNBD2,10972,stable_id
CNBP,7615,stable_id
CNDP1,16100,stable_id
CNDP2,4597,stable_id
CNEP1R1,10460,stable_id
CNFN,17742,stable_id
CNGA1,19148,stable_id
CNGA2,905,stable_id
CNGA3,5365,stable_id
CNGA4,8091,stable_id
CNGB1,8568,stable_id
CNGB3,16172,stable_id
CNIH1,1648,stable_id
CNIH2,4730,stable_id
CNIH3,5590,stable_id
CNIH4,17411,stable_id
CNKSR1,6930,stable_id
CNKSR2,5148,stable_id
CNKSR3,1569,stable_id
CNMD,3437,stable_id
CNN1,237,stable_id
CNN2,740,stable_id
CNN3,15616,stable_id
CNNM1,4907,stable_id
CNNM2,17852,stable_id
CNNM3,202,stable_id
CNNM4,10705,stable_id
CNOT1,10379,stable_id
CNOT10,16101,stable_id
CNOT11,534,stable_id
CNOT2,2352,stable_id
CNOT3,10100,stable_id
CNOT4,11286,stable_id
CNOT6,2467,stable_id
CNOT6L,9781,stable_id
CNOT7,8457,stable_id
CNOT8,2559,stable_id
CNOT9,5396,stable_id
CNP,1060,stable_id
CNPPD1,9259,stable_id
CNPY2,5013,stable_id
CNPY3,4219,stable_id
CNPY4,10538,stable_id
CNR1,13098,stable_id
CNR2,17511,stable_id
CNRIP1,13200,stable_id
CNST,11340,stable_id
CNTD1,22497,stable_id
CNTF,22827,stable_id
CNTFR,6686,stable_id
CNTLN,10964,stable_id
CNTN1,15856,stable_id
CNTN2,15414,stable_id
CNTN3,7626,stable_id
CNTN4,17903,stable_id
CNTN5,11554,stable_id
CNTN6,7637,stable_id
CNTNAP1,1773,stable_id
CNTNAP2,11530,stable_id
CNTNAP4,8554,stable_id
CNTRL,16303,stable_id
CNTROB,9133,stable_id
COA3,1775,stable_id
COA4,13271,stable_id
COA5,5363,stable_id
COA7,14241,stable_id
COA8,10842,stable_id
COASY,307,stable_id
COBL,2358,stable_id
COBLL1,9851,stable_id
COCH,2844,stable_id
COG1,1975,stable_id
COG2,8691,stable_id
COG3,9848,stable_id
COG4,8542,stable_id
COG5,10191,stable_id
COG6,6284,stable_id
COG7,9871,stable_id
COG8,8648,stable_id
COIL,9511,stable_id
COL11A1,6409,stable_id
COL11A2,4433,stable_id
COL12A1,8896,stable_id
COL13A1,16668,stable_id
COL14A1,3638,stable_id
COL15A1,6622,stable_id
COL16A1,12010,stable_id
COL17A1,4844,stable_id
COL18A1,249,stable_id
COL19A1,5377,stable_id
COL1A1,264,stable_id
COL1A2,7443,stable_id
COL20A1,1712,stable_id
COL23A1,17725,stable_id
COL25A1,16686,stable_id
COL26A1,706,stable_id
COL27A1,13502,stable_id
COL28A1,19435,stable_id
COL2A1,3708,stable_id
COL3A1,5325,stable_id
COL4A1,8391,stable_id
COL4A2,8392,stable_id
COL4A3,22855,stable_id
COL4A4,19135,stable_id
COL4A5,8259,stable_id
COL4A6,8258,stable_id
COL5A1,5790,stable_id
COL5A2,5324,stable_id
COL5A3,670,stable_id
COL6A1,195,stable_id
COL6A2,2397,stable_id
COL6A3,14182,stable_id
COL6A5,31490,stable_id
COL6A6,12935,stable_id
COL8A1,19331,stable_id
COL8A2,16102,stable_id
COL9A1,5379,stable_id
COL9A2,6796,stable_id
COLEC10,11196,stable_id
COLEC11,10419,stable_id
COLEC12,10243,stable_id
COLGALT1,9816,stable_id
COLGALT2,9087,stable_id
COLQ,16415,stable_id
COMMD1,15045,stable_id
COMMD10,12676,stable_id
COMMD2,10369,stable_id
COMMD3,14982,stable_id
COMMD4,8871,stable_id
COMMD5,15862,stable_id
COMMD6,21255,stable_id
COMMD7,16268,stable_id
COMMD8,7172,stable_id
COMMD9,5941,stable_id
COMP,8610,stable_id
COMT,61,stable_id
COMTD1,3292,stable_id
COP1,12053,stable_id
COPA,5607,stable_id
COPB1,8005,stable_id
COPB2,8975,stable_id
COPE,15989,stable_id
COPG1,7616,stable_id
COPG2,5130,stable_id
COPS2,5971,stable_id
COPS3,2085,stable_id
COPS4,9990,stable_id
COPS5,5252,stable_id
COPS6,2099,stable_id
COPS7A,7662,stable_id
COPS7B,5439,stable_id
COPS8,9675,stable_id
COPZ1,17160,stable_id
COPZ2,1978,stable_id
COQ10A,11711,stable_id
COQ10B,5291,stable_id
COQ2,7227,stable_id
COQ3,6575,stable_id
COQ4,5758,stable_id
COQ5,12344,stable_id
COQ6,2986,stable_id
COQ7,7939,stable_id
COQ8A,5575,stable_id
COQ8B,627,stable_id
COQ9,8562,stable_id
CORIN,814,stable_id
CORO1A,7973,stable_id
CORO1B,4706,stable_id
CORO1C,715,stable_id
CORO2A,6621,stable_id
CORO2B,12341,stable_id
CORO6,2762,stable_id
CORO7,11604,stable_id
CORT,7012,stable_id
COTL1,8592,stable_id
COX10,12471,stable_id
COX11,2579,stable_id
COX14,4023,stable_id
COX15,11749,stable_id
COX16,31705,stable_id
COX17,13721,stable_id
COX18,10057,stable_id
COX19,13435,stable_id
COX20,5584,stable_id
COX4I1,8583,stable_id
COX4I2,1275,stable_id
COX5A,10,stable_id
COX6A1,12328,stable_id
COX6A2,8023,stable_id
COX6B1,10443,stable_id
COX6B2,15159,stable_id
COX6C,1480,stable_id
COX7A1,20733,stable_id
COX7A2,8895,stable_id
COX7A2L,4392,stable_id
COX7B2,14510,stable_id
COX7C,1853,stable_id
COX8A,10176,stable_id
CP,615,stable_id
CPA1,15730,stable_id
CPA2,20076,stable_id
CPA3,330,stable_id
CPA4,11388,stable_id
CPA5,7515,stable_id
CPA6,12603,stable_id
CPB1,1368,stable_id
CPB2,3418,stable_id
CPD,2766,stable_id
CPE,10868,stable_id
CPEB1,5124,stable_id
CPEB2,11664,stable_id
CPEB3,11609,stable_id
CPEB4,2434,stable_id
CPED1,17597,stable_id
CPLANE1,11671,stable_id
CPLANE2,20529,stable_id
CPLX1,9394,stable_id
CPLX2,5221,stable_id
CPLX3,11635,stable_id
CPLX4,4534,stable_id
CPM,2366,stable_id
CPN1,4913,stable_id
CPN2,4086,stable_id
CPNE2,9653,stable_id
CPNE3,6563,stable_id
CPNE4,9043,stable_id
CPNE5,4238,stable_id
CPNE6,3544,stable_id
CPNE7,9812,stable_id
CPNE8,15322,stable_id
CPNE9,7743,stable_id
CPOX,3855,stable_id
CPPED1,18906,stable_id
CPQ,11363,stable_id
CPS1,5295,stable_id
CPSF1,9521,stable_id
CPSF2,12365,stable_id
CPSF3,15696,stable_id
CPSF4,7417,stable_id
CPSF6,15959,stable_id
CPSF7,9820,stable_id
CPT1A,4742,stable_id
CPT1B,22624,stable_id
CPT1C,1121,stable_id
CPT2,6784,stable_id
CPTP,7077,stable_id
CPVL,15405,stable_id
CPXM1,6098,stable_id
CPXM2,8067,stable_id
CPZ,10400,stable_id
CRABP1,8864,stable_id
CRABP2,767,stable_id
CRACD,10330,stable_id
CRACDL,5349,stable_id
CRACR2A,17238,stable_id
CRACR2B,14200,stable_id
CRADD,13550,stable_id
CRAMP1,10928,stable_id
CRAT,5799,stable_id
CRB1,17750,stable_id
CRB2,10027,stable_id
CRB3,13094,stable_id
CRBN,832,stable_id
CRCP,5100,stable_id
CREB1,5277,stable_id
CREB3,6703,stable_id
CREB3L1,5987,stable_id
CREB3L2,11223,stable_id
CREB3L3,9896,stable_id
CREB3L4,6390,stable_id
CREB5,15412,stable_id
CREBBP,3734,stable_id
CREBL2,9088,stable_id
CREBRF,14214,stable_id
CREBZF,15071,stable_id
CREG1,12022,stable_id
CREG2,14935,stable_id
CRELD1,7753,stable_id
CRELD2,4107,stable_id
CREM,17808,stable_id
CRH,14624,stable_id
CRHBP,3229,stable_id
CRHR1,1969,stable_id
CRHR2,593,stable_id
CRIM1,4281,stable_id
CRIP1,985,stable_id
CRIP2,984,stable_id
CRIP3,4216,stable_id
CRIPT,4326,stable_id
CRISP1,5181,stable_id
CRISP2,4192,stable_id
CRISPLD1,5182,stable_id
CRISPLD2,8590,stable_id
CRK,1852,stable_id
CRKL,947,stable_id
CRLF1,1135,stable_id
CRLF3,1815,stable_id
CRLS1,6064,stable_id
CRMP1,7105,stable_id
CRNKL1,310,stable_id
CRNN,22500,stable_id
CROCC,12082,stable_id
CROCC2,26910,stable_id
CROT,616,stable_id
CRP,10898,stable_id
CRPPA,12796,stable_id
CRTAC1,12565,stable_id
CRTAM,8722,stable_id
CRTAP,8962,stable_id
CRTC1,611,stable_id
CRTC2,6388,stable_id
CRTC3,7874,stable_id
CRX,12287,stable_id
CRY1,2273,stable_id
CRY2,19426,stable_id
CRYAA,4257,stable_id
CRYAB,8747,stable_id
CRYBA1,121,stable_id
CRYBA2,1024,stable_id
CRYBA4,19106,stable_id
CRYBB1,7239,stable_id
CRYBB2,12502,stable_id
CRYBB3,7244,stable_id
CRYBG1,2187,stable_id
CRYBG2,1387,stable_id
CRYBG3,3852,stable_id
CRYGA,13139,stable_id
CRYGB,20507,stable_id
CRYGC,5274,stable_id
CRYGN,10988,stable_id
CRYGS,9363,stable_id
CRYL1,3384,stable_id
CRYM,8093,stable_id
CRYZ,6551,stable_id
CRYZL1,16540,stable_id
CSAD,4038,stable_id
CSDC2,12461,stable_id
CSDE1,19447,stable_id
CSE1L,463,stable_id
CSF1,1505,stable_id
CSF1R,4592,stable_id
CSF2,2022,stable_id
CSF3,10961,stable_id
CSF3R,6941,stable_id
CSGALNACT1,10323,stable_id
CSGALNACT2,12439,stable_id
CSK,8882,stable_id
CSMD1,17146,stable_id
CSMD2,6912,stable_id
CSMD3,3600,stable_id
CSNK1A1,4566,stable_id
CSNK1D,4893,stable_id
CSNK1E,3675,stable_id
CSNK1G1,8932,stable_id
CSNK1G2,564,stable_id
CSNK1G3,20477,stable_id
CSNK2A2,13773,stable_id
CSNK2B,4463,stable_id
CSPG4,9181,stable_id
CSPG5,8989,stable_id
CSPP1,16227,stable_id
CSRNP1,9013,stable_id
CSRNP2,13202,stable_id
CSRNP3,13207,stable_id
CSRP1,5537,stable_id
CSRP2,2369,stable_id
CSRP3,7845,stable_id
CST11,10531,stable_id
CST6,4713,stable_id
CST7,19317,stable_id
CST8,6119,stable_id
CSTB,795,stable_id
CSTF1,6155,stable_id
CSTF2,8250,stable_id
CSTF2T,15527,stable_id
CSTF3,5951,stable_id
CSTL1,15892,stable_id
CTBP1,10694,stable_id
CTBS,6546,stable_id
CTC1,2805,stable_id
CTCF,887,stable_id
CTCFL,19796,stable_id
CTDNEP1,1951,stable_id
CTDP1,9308,stable_id
CTDSP1,5398,stable_id
CTDSP2,22400,stable_id
CTDSPL,13974,stable_id
CTDSPL2,9334,stable_id
CTF1,12539,stable_id
CTH,6538,stable_id
CTHRC1,15674,stable_id
CTIF,15400,stable_id
CTLA4,5304,stable_id
CTNNA1,10853,stable_id
CTNNA2,17615,stable_id
CTNNA3,17133,stable_id
CTNNAL1,11297,stable_id
CTNNB1,1069,stable_id
CTNNBIP1,7024,stable_id
CTNNBL1,6237,stable_id
CTNND1,9545,stable_id
CTNND2,3564,stable_id
CTNS,921,stable_id
CTPS2,8305,stable_id
CTR9,867,stable_id
CTRL,8637,stable_id
CTSA,1847,stable_id
CTSB,3379,stable_id
CTSC,7896,stable_id
CTSD,1136,stable_id
CTSE,719,stable_id
CTSF,25478,stable_id
CTSG,11856,stable_id
CTSH,8915,stable_id
CTSK,6500,stable_id
CTSO,6438,stable_id
CTSS,11220,stable_id
CTSW,4751,stable_id
CTSZ,1702,stable_id
CTTN,8154,stable_id
CTTNBP2,80,stable_id
CTTNBP2NL,17399,stable_id
CTU1,11322,stable_id
CTU2,14529,stable_id
CTXN1,14326,stable_id
CTXN2,20980,stable_id
CTXN3,19550,stable_id
CUBN,5714,stable_id
CUEDC1,1914,stable_id
CUEDC2,10441,stable_id
CUL1,7462,stable_id
CUL2,4379,stable_id
CUL3,700,stable_id
CUL4A,8360,stable_id
CUL4B,8160,stable_id
CUL5,8727,stable_id
CUL7,11178,stable_id
CUL9,11861,stable_id
CUTA,4356,stable_id
CUTC,4910,stable_id
CUX1,7470,stable_id
CUX2,12633,stable_id
CUZD1,11815,stable_id
CWC15,669,stable_id
CWC25,1946,stable_id
CWC27,3256,stable_id
CWF19L1,4917,stable_id
CWF19L2,5240,stable_id
CWH43,7127,stable_id
CX3CL1,8558,stable_id
CX3CR1,15265,stable_id
CXCL10,9834,stable_id
CXCL12,17222,stable_id
CXCL14,3138,stable_id
CXCL17,16989,stable_id
CXCL6,7254,stable_id
CXCL9,7288,stable_id
CXCR1,14277,stable_id
CXCR2,5401,stable_id
CXCR3,14742,stable_id
CXCR4,13421,stable_id
CXCR5,14113,stable_id
CXCR6,14295,stable_id
CXXC1,4558,stable_id
CXXC4,13127,stable_id
CXXC5,13760,stable_id
CYB561,2109,stable_id
CYB561A3,9680,stable_id
CYB561D1,14364,stable_id
CYB561D2,10620,stable_id
CYB5A,4599,stable_id
CYB5B,8654,stable_id
CYB5D1,13250,stable_id
CYB5D2,16451,stable_id
CYB5R1,5557,stable_id
CYB5R2,14166,stable_id
CYB5R3,1878,stable_id
CYB5R4,9166,stable_id
CYB5RL,6794,stable_id
CYBA,1017,stable_id
CYBB,1586,stable_id
CYBC1,11488,stable_id
CYBRD1,5898,stable_id
CYC1,3753,stable_id
CYFIP1,7837,stable_id
CYFIP2,2459,stable_id
CYGB,2746,stable_id
CYLD,10432,stable_id
CYP11A1,8890,stable_id
CYP17A1,608,stable_id
CYP19A1,8855,stable_id
CYP1A1,8885,stable_id
CYP1A2,8880,stable_id
CYP1B1,4291,stable_id
CYP20A1,14523,stable_id
CYP21A2,4450,stable_id
CYP24A1,11186,stable_id
CYP26A1,4800,stable_id
CYP26B1,17694,stable_id
CYP26C1,17471,stable_id
CYP27A1,5392,stable_id
CYP27B1,1051,stable_id
CYP2C18,4810,stable_id
CYP2E1,5064,stable_id
CYP2F1,15408,stable_id
CYP2R1,7951,stable_id
CYP2S1,12016,stable_id
CYP2U1,6417,stable_id
CYP2W1,7363,stable_id
CYP39A1,4211,stable_id
CYP46A1,3005,stable_id
CYP4B1,6858,stable_id
CYP4F22,17184,stable_id
CYP4V2,22690,stable_id
CYP4X1,13910,stable_id
CYP51A1,255,stable_id
CYP7A1,6570,stable_id
CYP7B1,11564,stable_id
CYP8B1,14796,stable_id
CYREN,13808,stable_id
CYRIA,2600,stable_id
CYRIB,3643,stable_id
CYS1,17507,stable_id
CYSLTR1,15378,stable_id
CYSRT1,10435,stable_id
CYSTM1,13784,stable_id
CYTH1,1769,stable_id
CYTH2,552,stable_id
CYTH3,1874,stable_id
CYTH4,1875,stable_id
CYTIP,5785,stable_id
CYTL1,17452,stable_id
CYYR1,12155,stable_id
CZIB,6785,stable_id
D2HGDH,20494,stable_id
DAAM1,9724,stable_id
DAAM2,11834,stable_id
DAB1,6725,stable_id
DAB2,3509,stable_id
DAB2IP,5818,stable_id
DACH1,15980,stable_id
DACH2,5127,stable_id
DACT1,13178,stable_id
DACT2,14371,stable_id
DACT3,22556,stable_id
DAD1,3516,stable_id
DAG1,11718,stable_id
DAGLA,10127,stable_id
DAGLB,11453,stable_id
DALRD3,2041,stable_id
DAND5,15468,stable_id
DAO,12454,stable_id
DAP,11433,stable_id
DAP3,19466,stable_id
DAPK1,3163,stable_id
DAPK2,8928,stable_id
DAPK3,9877,stable_id
DAPL1,5884,stable_id
DAPP1,6526,stable_id
DARS2,5707,stable_id
DAW1,15446,stable_id
DAXX,406,stable_id
DAZAP1,19571,stable_id
DAZAP2,64,stable_id
DAZL,1326,stable_id
DBF4,405,stable_id
DBH,152,stable_id
DBN1,9764,stable_id
DBNDD1,8686,stable_id
DBNDD2,1841,stable_id
DBNL,2543,stable_id
DBP,16897,stable_id
DBR1,8980,stable_id
DBT,63,stable_id
DBX1,7861,stable_id
DBX2,13482,stable_id
DCAF1,11860,stable_id
DCAF10,10079,stable_id
DCAF11,3545,stable_id
DCAF12,6680,stable_id
DCAF13,3593,stable_id
DCAF15,10587,stable_id
DCAF17,12421,stable_id
DCAF5,14442,stable_id
DCAF6,5618,stable_id
DCAF7,14505,stable_id
DCAF8,5608,stable_id
DCAKD,2833,stable_id
DCBLD1,2201,stable_id
DCBLD2,9915,stable_id
DCC,17062,stable_id
DCDC2,10183,stable_id
DCDC2B,22449,stable_id
DCHS1,10484,stable_id
DCHS2,40860,stable_id
DCK,7250,stable_id
DCLK1,6310,stable_id
DCLK2,6480,stable_id
DCLK3,9002,stable_id
DCLRE1A,4850,stable_id
DCLRE1B,6336,stable_id
DCLRE1C,5672,stable_id
DCN,2218,stable_id
DCP1A,3394,stable_id
DCP1B,12255,stable_id
DCP2,4506,stable_id
DCPS,8733,stable_id
DCST1,12664,stable_id
DCST2,47033,stable_id
DCSTAMP,3594,stable_id
DCT,3497,stable_id
DCTD,8436,stable_id
DCTN1,8618,stable_id
DCTN2,5030,stable_id
DCTN3,6688,stable_id
DCTN4,4583,stable_id
DCTN5,8071,stable_id
DCTN6,8402,stable_id
DCTPP1,12589,stable_id
DCUN1D2,11150,stable_id
DCUN1D3,14362,stable_id
DCUN1D4,15125,stable_id
DCUN1D5,8710,stable_id
DCX,8263,stable_id
DCXR,11536,stable_id
DDA1,20747,stable_id
DDAH1,6548,stable_id
DDAH2,1082,stable_id
DDB1,4647,stable_id
DDB2,382,stable_id
DDC,2365,stable_id
DDHD1,10809,stable_id
DDHD2,17215,stable_id
DDI1,14031,stable_id
DDIT3,5028,stable_id
DDIT4,2317,stable_id
DDIT4L,13813,stable_id
DDN,16758,stable_id
DDO,17695,stable_id
DDOST,6880,stable_id
DDR1,603,stable_id
DDR2,5687,stable_id
DDRGK1,19357,stable_id
DDX1,10606,stable_id
DDX10,15477,stable_id
DDX11,10161,stable_id
DDX17,15868,stable_id
DDX18,298,stable_id
DDX19A,1547,stable_id
DDX19B,9405,stable_id
DDX20,6375,stable_id
DDX21,2292,stable_id
DDX23,570,stable_id
DDX24,12309,stable_id
DDX25,8773,stable_id
DDX27,1873,stable_id
DDX28,13463,stable_id
DDX31,5762,stable_id
DDX39A,849,stable_id
DDX39B,2088,stable_id
DDX3X,135,stable_id
DDX3Y,19488,stable_id
DDX4,3281,stable_id
DDX41,3129,stable_id
DDX42,2684,stable_id
DDX46,3134,stable_id
DDX47,7702,stable_id
DDX49,16452,stable_id
DDX5,2695,stable_id
DDX50,2293,stable_id
DDX51,7344,stable_id
DDX52,2662,stable_id
DDX54,7398,stable_id
DDX55,7269,stable_id
DDX56,704,stable_id
DDX59,5525,stable_id
DDX6,8770,stable_id
DDX60,10889,stable_id
DEAF1,16685,stable_id
DECR1,6560,stable_id
DECR2,10451,stable_id
DEDD,1459,stable_id
DEDD2,15745,stable_id
DEF6,398,stable_id
DEF8,258,stable_id
DEFB110,19246,stable_id
DEFB113,20530,stable_id
DEFB119,14845,stable_id
DEFB123,13267,stable_id
DEFB124,20911,stable_id
DEFB136,15802,stable_id
DEGS2,3008,stable_id
DEK,3071,stable_id
DELE1,4496,stable_id
DENND10,4805,stable_id
DENND11,10616,stable_id
DENND1A,10021,stable_id
DENND1B,16124,stable_id
DENND1C,459,stable_id
DENND2A,11130,stable_id
DENND2C,1094,stable_id
DENND2D,6373,stable_id
DENND3,10421,stable_id
DENND4A,15550,stable_id
DENND4B,12566,stable_id
DENND4C,10940,stable_id
DENND5A,10182,stable_id
DENND5B,7767,stable_id
DENND6A,12063,stable_id
DENND6B,1594,stable_id
DENR,4068,stable_id
DEPDC1,6535,stable_id
DEPDC1B,3240,stable_id
DEPDC5,10713,stable_id
DEPDC7,5949,stable_id
DEPP1,14284,stable_id
DEPTOR,3664,stable_id
DERA,7718,stable_id
DERL1,3633,stable_id
DERL2,1930,stable_id
DERL3,1213,stable_id
DERPC,54898,stable_id
DES,5421,stable_id
DESI1,3702,stable_id
DESI2,5585,stable_id
DET1,7918,stable_id
DEUP1,11730,stable_id
DEXI,10953,stable_id
DFFA,7015,stable_id
DFFB,7048,stable_id
DGAT1,3757,stable_id
DGAT2,7999,stable_id
DGAT2L6,19212,stable_id
DGCR2,538,stable_id
DGCR8,3849,stable_id
DGKA,4998,stable_id
DGKB,10239,stable_id
DGKD,19872,stable_id
DGKE,47,stable_id
DGKG,3938,stable_id
DGKH,9784,stable_id
DGKI,11230,stable_id
DGKK,17465,stable_id
DGKQ,756,stable_id
DGKZ,11922,stable_id
DGLUCY,2954,stable_id
DGUOK,1503,stable_id
DHCR24,9862,stable_id
DHCR7,16591,stable_id
DHDDS,1386,stable_id
DHDH,1366,stable_id
DHH,4011,stable_id
DHODH,8530,stable_id
DHPS,16955,stable_id
DHRS1,414,stable_id
DHRS11,9681,stable_id
DHRS13,2761,stable_id
DHRS2,3541,stable_id
DHRS3,18913,stable_id
DHRS7B,12628,stable_id
DHRS7C,9225,stable_id
DHRS9,5906,stable_id
DHTKD1,5206,stable_id
DHX15,7138,stable_id
DHX16,4484,stable_id
DHX29,12575,stable_id
DHX30,8987,stable_id
DHX32,8124,stable_id
DHX33,11982,stable_id
DHX34,938,stable_id
DHX35,6242,stable_id
DHX36,6295,stable_id
DHX37,7333,stable_id
DHX38,10921,stable_id
DHX40,1926,stable_id
DHX57,9902,stable_id
DHX58,1858,stable_id
DHX8,9865,stable_id
DHX9,12674,stable_id
DIABLO,7299,stable_id
DIAPH1,4501,stable_id
DIAPH2,9695,stable_id
DIAPH3,3433,stable_id
DICER1,12236,stable_id
DIDO1,11332,stable_id
DIMT1,3236,stable_id
DIO1,9806,stable_id
DIO2,1117,stable_id
DIO3,21312,stable_id
DIP2A,2392,stable_id
DIP2B,4027,stable_id
DIP2C,14217,stable_id
DIPK1A,7201,stable_id
DIPK1B,10271,stable_id
DIPK1C,14145,stable_id
DIPK2A,13430,stable_id
DIPK2B,10686,stable_id
DIRAS1,12923,stable_id
DIRAS2,14102,stable_id
DIS3,9261,stable_id
DIS3L,8939,stable_id
DIS3L2,15487,stable_id
DISC1,12770,stable_id
DISP1,8013,stable_id
DISP2,11758,stable_id
DISP3,12274,stable_id
DIXDC1,8749,stable_id
DKC1,8340,stable_id
DKK1,4726,stable_id
DKK2,6449,stable_id
DKK3,8016,stable_id
DKK4,8415,stable_id
DKKL1,8029,stable_id
DLAT,27,stable_id
DLC1,8408,stable_id
DLD,2654,stable_id
DLEC1,10958,stable_id
DLEU7,14222,stable_id
DLG1,3878,stable_id
DLG2,15327,stable_id
DLG3,150,stable_id
DLG4,2794,stable_id
DLG5,3296,stable_id
DLGAP1,555,stable_id
DLGAP2,13995,stable_id
DLGAP3,12561,stable_id
DLGAP4,17295,stable_id
DLGAP5,10757,stable_id
DLK1,12079,stable_id
DLK2,13982,stable_id
DLL1,1522,stable_id
DLL3,585,stable_id
DLL4,6033,stable_id
DLST,752,stable_id
DLX1,12403,stable_id
DLX2,4127,stable_id
DLX3,267,stable_id
DLX4,2784,stable_id
DLX5,7494,stable_id
DLX6,7493,stable_id
DMAC1,6655,stable_id
DMAC2,16338,stable_id
DMAC2L,15826,stable_id
DMAP1,1260,stable_id
DMBX1,6853,stable_id
DMC1,3672,stable_id
DMD,13338,stable_id
DMGDH,12457,stable_id
DMKN,17152,stable_id
DMP1,7220,stable_id
DMPK,7821,stable_id
DMRT1,4707,stable_id
DMRT2,14183,stable_id
DMRT3,12555,stable_id
DMRTA1,12940,stable_id
DMRTA2,13905,stable_id
DMRTC2,1364,stable_id
DMTN,3475,stable_id
DMWD,7822,stable_id
DMXL1,10709,stable_id
DMXL2,12195,stable_id
DNA2,10490,stable_id
DNAAF1,8594,stable_id
DNAAF10,22643,stable_id
DNAAF2,2852,stable_id
DNAAF3,16018,stable_id
DNAAF4,31877,stable_id
DNAAF5,5217,stable_id
DNAAF9,6030,stable_id
DNAH1,2040,stable_id
DNAH10,10933,stable_id
DNAH11,1959,stable_id
DNAH12,3344,stable_id
DNAH14,13964,stable_id
DNAH17,9513,stable_id
DNAH2,818,stable_id
DNAH3,15248,stable_id
DNAH5,3577,stable_id
DNAH6,15386,stable_id
DNAH8,9460,stable_id
DNAH9,16223,stable_id
DNAI1,17217,stable_id
DNAI2,9775,stable_id
DNAI3,12765,stable_id
DNAI4,9920,stable_id
DNAJA1,6662,stable_id
DNAJA2,8514,stable_id
DNAJA3,665,stable_id
DNAJA4,8860,stable_id
DNAJB1,850,stable_id
DNAJB11,710,stable_id
DNAJB12,2318,stable_id
DNAJB13,7974,stable_id
DNAJB14,20729,stable_id
DNAJB2,5417,stable_id
DNAJB4,6453,stable_id
DNAJB5,10225,stable_id
DNAJB6,7113,stable_id
DNAJB7,13896,stable_id
DNAJB8,14201,stable_id
DNAJB9,1537,stable_id
DNAJC1,5724,stable_id
DNAJC10,5891,stable_id
DNAJC11,11658,stable_id
DNAJC12,10446,stable_id
DNAJC13,9039,stable_id
DNAJC14,4996,stable_id
DNAJC15,3426,stable_id
DNAJC16,12013,stable_id
DNAJC17,9621,stable_id
DNAJC18,4443,stable_id
DNAJC19,6258,stable_id
DNAJC2,7040,stable_id
DNAJC21,13079,stable_id
DNAJC22,10931,stable_id
DNAJC24,5944,stable_id
DNAJC25,19931,stable_id
DNAJC27,2649,stable_id
DNAJC28,11656,stable_id
DNAJC3,3501,stable_id
DNAJC30,17182,stable_id
DNAJC4,4782,stable_id
DNAJC5,144,stable_id
DNAJC5B,6217,stable_id
DNAJC5G,15596,stable_id
DNAJC6,6733,stable_id
DNAJC7,1471,stable_id
DNAJC8,15715,stable_id
DNAJC9,3315,stable_id
DNAL1,12613,stable_id
DNAL4,3665,stable_id
DNALI1,12677,stable_id
DNASE1,928,stable_id
DNASE1L1,2048,stable_id
DNASE1L2,4320,stable_id
DNASE1L3,4968,stable_id
DNASE2,633,stable_id
DNASE2B,6542,stable_id
DND1,13191,stable_id
DNER,10447,stable_id
DNHD1,8083,stable_id
DNLZ,21249,stable_id
DNM1,5778,stable_id
DNM1L,3889,stable_id
DNM2,9311,stable_id
DNM3,11837,stable_id
DNMBP,4912,stable_id
DNMT1,671,stable_id
DNMT3A,2653,stable_id
DNMT3L,122,stable_id
DNPEP,5422,stable_id
DNPH1,11997,stable_id
DNTT,4818,stable_id
DNTTIP1,1785,stable_id
DNTTIP2,11653,stable_id
DOC2A,15257,stable_id
DOC2B,2771,stable_id
DOCK1,16563,stable_id
DOCK10,11206,stable_id
DOCK11,8159,stable_id
DOCK2,2339,stable_id
DOCK3,11637,stable_id
DOCK4,10201,stable_id
DOCK5,13146,stable_id
DOCK6,8814,stable_id
DOCK7,6752,stable_id
DOCK8,15210,stable_id
DOCK9,5110,stable_id
DOHH,22404,stable_id
DOK1,19367,stable_id
DOK2,3478,stable_id
DOK3,10122,stable_id
DOK4,11987,stable_id
DOK5,6190,stable_id
DOK6,20464,stable_id
DOK7,13228,stable_id
DOLK,21241,stable_id
DOLPP1,5801,stable_id
DONSON,3987,stable_id
DOP1A,9876,stable_id
DOP1B,3979,stable_id
DOT1L,17275,stable_id
DPAGT1,8789,stable_id
DPCD,12128,stable_id
DPEP1,2071,stable_id
DPEP2NB,53277,stable_id
DPEP3,8639,stable_id
DPF1,7901,stable_id
DPF2,4700,stable_id
DPF3,2979,stable_id
DPH1,22554,stable_id
DPH2,6740,stable_id
DPH3,3359,stable_id
DPH5,9377,stable_id
DPH6,16314,stable_id
DPH7,5872,stable_id
DPM1,22612,stable_id
DPM2,5765,stable_id
DPM3,12687,stable_id
DPP10,10463,stable_id
DPP3,17815,stable_id
DPP4,9885,stable_id
DPP6,17271,stable_id
DPP7,5860,stable_id
DPP8,8937,stable_id
DPP9,218,stable_id
DPPA4,16608,stable_id
DPPA5,17044,stable_id
DPT,5621,stable_id
DPY19L1,12776,stable_id
DPY19L2,27381,stable_id
DPY19L3,12924,stable_id
DPY19L4,13363,stable_id
DPY30,4275,stable_id
DPYD,9303,stable_id
DPYS,3595,stable_id
DPYSL2,3450,stable_id
DPYSL3,4521,stable_id
DPYSL4,5063,stable_id
DPYSL5,7137,stable_id
DQX1,1220,stable_id
DR1,7197,stable_id
DRAM1,2281,stable_id
DRAM2,6372,stable_id
DRAP1,4755,stable_id
DRAXIN,7036,stable_id
DRC1,20362,stable_id
DRC3,16190,stable_id
DRC7,8565,stable_id
DRD1,3118,stable_id
DRD2,8845,stable_id
DRD3,3842,stable_id
DRD4,5078,stable_id
DRD5,11513,stable_id
DRG1,2528,stable_id
DRG2,2575,stable_id
DROSHA,3528,stable_id
DRP2,39,stable_id
DSC1,13111,stable_id
DSC2,4434,stable_id
DSC3,16924,stable_id
DSCAM,14754,stable_id
DSCAML1,8763,stable_id
DSCC1,3667,stable_id
DSE,11557,stable_id
DSEL,11246,stable_id
DSG2,13134,stable_id
DSG3,16198,stable_id
DSG4,319,stable_id
DSN1,6229,stable_id
DSP,15822,stable_id
DST,5374,stable_id
DSTN,1670,stable_id
DSTYK,12442,stable_id
DTD1,6112,stable_id
DTD2,2847,stable_id
DTHD1,31046,stable_id
DTL,10732,stable_id
DTNA,4422,stable_id
DTNBP1,16399,stable_id
DTWD1,4116,stable_id
DTWD2,4524,stable_id
DTX1,7402,stable_id
DTX2,783,stable_id
DTX3,11894,stable_id
DTX3L,14535,stable_id
DTX4,11732,stable_id
DTYMK,5465,stable_id
DUOX1,9292,stable_id
DUOX2,19383,stable_id
DUOXA1,5983,stable_id
DUOXA2,5984,stable_id
DUS1L,4887,stable_id
DUS2,8640,stable_id
DUS3L,1107,stable_id
DUS4L,2641,stable_id
DUSP1,4353,stable_id
DUSP10,11522,stable_id
DUSP11,7585,stable_id
DUSP12,5678,stable_id
DUSP14,1970,stable_id
DUSP15,12661,stable_id
DUSP16,7701,stable_id
DUSP18,13922,stable_id
DUSP19,5888,stable_id
DUSP2,6074,stable_id
DUSP21,4834,stable_id
DUSP22,19518,stable_id
DUSP23,5603,stable_id
DUSP26,11613,stable_id
DUSP28,13887,stable_id
DUSP29,17787,stable_id
DUSP4,8411,stable_id
DUSP5,9797,stable_id
DUSP6,2231,stable_id
DUSP7,15564,stable_id
DUSP8,10877,stable_id
DUSP9,8323,stable_id
DUT,5969,stable_id
DVL1,7075,stable_id
DVL2,2796,stable_id
DVL3,549,stable_id
DXO,11924,stable_id
DYDC1,3300,stable_id
DYM,10134,stable_id
DYNC1H1,1983,stable_id
DYNC1I1,7495,stable_id
DYNC1I2,5896,stable_id
DYNC1LI1,8964,stable_id
DYNC1LI2,10136,stable_id
DYNC2H1,13919,stable_id
DYNC2I1,12443,stable_id
DYNC2I2,11636,stable_id
DYNC2LI1,4394,stable_id
DYNLL1,1203,stable_id
DYNLL2,2547,stable_id
DYNLRB1,13989,stable_id
DYNLRB2,9691,stable_id
DYNLT2B,1465,stable_id
DYNLT3,8212,stable_id
DYNLT4,14052,stable_id
DYNLT5,6729,stable_id
DYRK1A,3961,stable_id
DYRK1B,427,stable_id
DYRK2,6798,stable_id
DYRK3,1730,stable_id
DYRK4,7789,stable_id
DYSF,9448,stable_id
DYTN,19495,stable_id
DZANK1,10646,stable_id
DZIP1,12473,stable_id
DZIP1L,10841,stable_id
DZIP3,17844,stable_id
E2F1,6152,stable_id
E2F2,2036,stable_id
E2F3,1718,stable_id
E2F4,1534,stable_id
E2F5,6186,stable_id
E2F6,16391,stable_id
E2F7,2368,stable_id
E2F8,13630,stable_id
E4F1,4321,stable_id
EAF1,3348,stable_id
EAF2,3923,stable_id
EAPP,15694,stable_id
EARS2,8074,stable_id
EBAG9,3617,stable_id
EBF1,16300,stable_id
EBF2,3453,stable_id
EBF3,1319,stable_id
EBF4,15531,stable_id
EBI3,544,stable_id
EBNA1BP2,6864,stable_id
EBP,8206,stable_id
EBPL,3372,stable_id
ECD,3314,stable_id
ECE1,16398,stable_id
ECE2,3926,stable_id
ECEL1,5443,stable_id
ECH1,15608,stable_id
ECHDC1,2197,stable_id
ECHDC2,6781,stable_id
ECHDC3,11383,stable_id
ECHS1,5053,stable_id
ECI1,4317,stable_id
ECM1,6498,stable_id
ECM2,12913,stable_id
ECPAS,14887,stable_id
ECRG4,5329,stable_id
ECSIT,19083,stable_id
ECT2,6266,stable_id
ECT2L,20035,stable_id
EDA,16785,stable_id
EDA2R,9686,stable_id
EDAR,547,stable_id
EDARADD,34037,stable_id
EDC3,11342,stable_id
EDC4,10297,stable_id
EDEM1,7646,stable_id
EDEM2,11077,stable_id
EDEM3,12764,stable_id
EDF1,1554,stable_id
EDIL3,9701,stable_id
EDN1,3064,stable_id
EDN2,6802,stable_id
EDN3,6172,stable_id
EDNRA,8465,stable_id
EDNRB,3492,stable_id
EDRF1,11738,stable_id
EEA1,10362,stable_id
EED,7926,stable_id
EEF1A2,1711,stable_id
EEF1AKMT1,3387,stable_id
EEF1AKMT2,8109,stable_id
EEF1AKMT3,23032,stable_id
EEF1AKMT4,52736,stable_id
EEF1B2,5283,stable_id
EEF1D,16008,stable_id
EEF1E1,301,stable_id
EEF1G,20091,stable_id
EEF2,9882,stable_id
EEF2K,9905,stable_id
EEFSEC,9279,stable_id
EEPD1,10405,stable_id
EFCAB11,2948,stable_id
EFCAB12,7773,stable_id
EFCAB14,9593,stable_id
EFCAB2,5580,stable_id
EFCAB5,14925,stable_id
EFCAB6,3683,stable_id
EFCAB7,20554,stable_id
EFCAB8,13036,stable_id
EFCAB9,13024,stable_id
EFCC1,19351,stable_id
EFEMP1,2536,stable_id
EFEMP2,4750,stable_id
EFHB,4193,stable_id
EFHC1,12374,stable_id
EFHC2,4831,stable_id
EFHD1,5449,stable_id
EFHD2,11998,stable_id
EFL1,11184,stable_id
EFNA1,6400,stable_id
EFNA2,527,stable_id
EFNA3,6456,stable_id
EFNA4,6457,stable_id
EFNA5,14389,stable_id
EFNB1,8231,stable_id
EFNB2,230,stable_id
EFNB3,648,stable_id
EFR3A,1544,stable_id
EFR3B,2650,stable_id
EFS,3536,stable_id
EFTUD2,2830,stable_id
EGF,6440,stable_id
EGFL6,77,stable_id
EGFL7,5834,stable_id
EGFL8,1604,stable_id
EGFLAM,12749,stable_id
EGFR,2325,stable_id
EGLN1,8699,stable_id
EGLN2,16649,stable_id
EGLN3,9914,stable_id
EGR1,11121,stable_id
EGR2,10872,stable_id
EGR3,9427,stable_id
EGR4,20024,stable_id
EHBP1,12528,stable_id
EHBP1L1,4764,stable_id
EHD1,4665,stable_id
EHD2,20786,stable_id
EHD3,4273,stable_id
EHD4,6020,stable_id
EHF,1393,stable_id
EHHADH,3932,stable_id
EHMT1,10498,stable_id
EHMT2,1450,stable_id
EI24,17552,stable_id
EID1,31489,stable_id
EID2,13599,stable_id
EID2B,19860,stable_id
EID3,47591,stable_id
EIF1,10067,stable_id
EIF1AD,4708,stable_id
EIF1AX,19140,stable_id
EIF1B,1070,stable_id
EIF2A,6320,stable_id
EIF2AK1,7407,stable_id
EIF2AK2,4285,stable_id
EIF2AK3,8499,stable_id
EIF2AK4,801,stable_id
EIF2B1,7268,stable_id
EIF2B2,751,stable_id
EIF2B3,6836,stable_id
EIF2B4,7119,stable_id
EIF2B5,551,stable_id
EIF2D,5541,stable_id
EIF2S1,2925,stable_id
EIF2S2,20903,stable_id
EIF3A,4803,stable_id
EIF3B,16082,stable_id
EIF3D,1736,stable_id
EIF3E,3614,stable_id
EIF3F,8142,stable_id
EIF3G,19733,stable_id
EIF3H,3601,stable_id
EIF3I,6907,stable_id
EIF3K,15535,stable_id
EIF3L,9226,stable_id
EIF3M,5947,stable_id
EIF4A1,16891,stable_id
EIF4A2,3951,stable_id
EIF4E,6524,stable_id
EIF4E1B,20992,stable_id
EIF4E2,5448,stable_id
EIF4E3,32844,stable_id
EIF4EBP2,2306,stable_id
EIF4EBP3,31017,stable_id
EIF4ENIF1,2525,stable_id
EIF4G1,13579,stable_id
EIF4G2,868,stable_id
EIF4G3,6883,stable_id
EIF4H,12035,stable_id
EIF5,3023,stable_id
EIF5A2,14728,stable_id
EIF5B,5345,stable_id
EIF6,6221,stable_id
EIPR1,10406,stable_id
ELAC1,10523,stable_id
ELAC2,2584,stable_id
ELANE,2328,stable_id
ELAPOR1,11891,stable_id
ELAPOR2,16064,stable_id
ELAVL1,11754,stable_id
ELAVL2,1175,stable_id
ELAVL3,577,stable_id
ELAVL4,6745,stable_id
ELF1,10354,stable_id
ELF2,10617,stable_id
ELF3,523,stable_id
ELF4,8165,stable_id
ELF5,5956,stable_id
ELFN1,14408,stable_id
ELFN2,12874,stable_id
ELK1,1237,stable_id
ELK3,1167,stable_id
ELK4,5548,stable_id
ELL,19651,stable_id
ELL2,274,stable_id
ELL3,5996,stable_id
ELMO1,12145,stable_id
ELMO2,1824,stable_id
ELMO3,1527,stable_id
ELMOD1,12426,stable_id
ELMOD2,9928,stable_id
ELMOD3,16211,stable_id
ELN,7452,stable_id
ELOA,6824,stable_id
ELOB,16028,stable_id
ELOC,22958,stable_id
ELOF1,1451,stable_id
ELOVL1,992,stable_id
ELOVL2,3061,stable_id
ELOVL3,11267,stable_id
ELOVL4,8847,stable_id
ELOVL5,8907,stable_id
ELOVL6,12178,stable_id
ELOVL7,3239,stable_id
ELP1,6676,stable_id
ELP2,4405,stable_id
ELP3,3439,stable_id
ELP4,5945,stable_id
ELP5,1952,stable_id
ELP6,15814,stable_id
EMB,3263,stable_id
EMC1,22439,stable_id
EMC10,1151,stable_id
EMC2,3615,stable_id
EMC3,7754,stable_id
EMC4,5934,stable_id
EMC6,13943,stable_id
EMC7,16049,stable_id
EMC8,8584,stable_id
EMC9,3548,stable_id
EMCN,15783,stable_id
EMD,345,stable_id
EME1,11378,stable_id
EME2,20444,stable_id
EMG1,687,stable_id
EMID1,9575,stable_id
EMILIN1,7133,stable_id
EMILIN2,4266,stable_id
EMILIN3,14856,stable_id
EML1,16505,stable_id
EML2,12060,stable_id
EML3,20094,stable_id
EML4,9079,stable_id
EML5,14986,stable_id
EML6,13033,stable_id
EMP1,7706,stable_id
EMP2,3723,stable_id
EMP3,11817,stable_id
EMSY,10026,stable_id
EMX1,9425,stable_id
EMX2,12993,stable_id
EN1,16639,stable_id
EN2,11396,stable_id
ENAH,4007,stable_id
ENAM,7211,stable_id
ENC1,12360,stable_id
ENDOD1,10711,stable_id
ENDOG,1585,stable_id
ENDOU,3699,stable_id
ENDOV,11690,stable_id
ENG,5768,stable_id
ENGASE,9471,stable_id
ENHO,6687,stable_id
ENKD1,1417,stable_id
ENKUR,5691,stable_id
ENO2,686,stable_id
ENO3,17077,stable_id
ENO4,14158,stable_id
ENOPH1,7231,stable_id
ENOX1,3425,stable_id
ENOX2,8169,stable_id
ENPEP,6445,stable_id
ENPP1,10693,stable_id
ENPP2,3668,stable_id
ENPP3,2246,stable_id
ENPP4,4210,stable_id
ENPP5,4209,stable_id
ENPP6,11006,stable_id
ENPP7,13771,stable_id
ENSA,11211,stable_id
ENTHD1,14794,stable_id
ENTPD1,14181,stable_id
ENTPD2,1551,stable_id
ENTPD3,12295,stable_id
ENTPD5,2987,stable_id
ENTPD6,9236,stable_id
ENTPD7,4909,stable_id
ENTPD8,10461,stable_id
ENTR1,5840,stable_id
ENY2,3616,stable_id
EOGT,9969,stable_id
EOMES,8969,stable_id
EP300,15857,stable_id
EP400,7345,stable_id
EPAS1,4322,stable_id
EPB41,6970,stable_id
EPB41L1,6225,stable_id
EPB41L2,2239,stable_id
EPB41L3,4260,stable_id
EPB41L4A,4455,stable_id
EPB41L4B,6678,stable_id
EPB41L5,5512,stable_id
EPB42,4093,stable_id
EPC1,4386,stable_id
EPC2,19563,stable_id
EPCAM,13424,stable_id
EPDR1,482,stable_id
EPG5,11685,stable_id
EPGN,9889,stable_id
EPHA1,7548,stable_id
EPHA2,1003,stable_id
EPHA3,15307,stable_id
EPHA4,5435,stable_id
EPHA5,7186,stable_id
EPHA6,15961,stable_id
EPHA7,6598,stable_id
EPHA8,6822,stable_id
EPHB1,9027,stable_id
EPHB2,6823,stable_id
EPHB3,925,stable_id
EPHB4,7474,stable_id
EPHB6,7558,stable_id
EPHX1,11281,stable_id
EPHX2,3446,stable_id
EPHX3,10766,stable_id
EPHX4,9454,stable_id
EPM2A,15954,stable_id
EPM2AIP1,13799,stable_id
EPN1,9952,stable_id
EPN2,179,stable_id
EPN3,1295,stable_id
EPO,7475,stable_id
EPOP,12867,stable_id
EPOR,961,stable_id
EPPIN,1840,stable_id
EPPK1,-1,missing
EPS15,6749,stable_id
EPS15L1,967,stable_id
EPS8,1649,stable_id
EPS8L1,949,stable_id
EPS8L2,5084,stable_id
EPS8L3,11972,stable_id
EPSTI1,3427,stable_id
EPX,15241,stable_id
EPYC,2222,stable_id
ERAL1,2760,stable_id
ERAP1,3175,stable_id
ERAS,8199,stable_id
ERBB2,17447,stable_id
ERBB3,1885,stable_id
ERBB4,17425,stable_id
ERBIN,3250,stable_id
ERC1,7688,stable_id
ERC2,11989,stable_id
ERCC1,607,stable_id
ERCC2,7815,stable_id
ERCC3,4459,stable_id
ERCC4,3749,stable_id
ERCC6,15640,stable_id
ERCC6L,15002,stable_id
ERCC8,3238,stable_id
EREG,7259,stable_id
ERF,12080,stable_id
ERFE,13985,stable_id
ERFL,46158,stable_id
ERG,12036,stable_id
ERG28,2998,stable_id
ERGIC1,280,stable_id
ERGIC2,7762,stable_id
ERGIC3,908,stable_id
ERI1,8409,stable_id
ERI2,8100,stable_id
ERI3,9339,stable_id
ERICH4,20754,stable_id
ERICH5,13231,stable_id
ERICH6,19790,stable_id
ERLEC1,2441,stable_id
ERLIN1,4915,stable_id
ERLIN2,8378,stable_id
ERMAP,6810,stable_id
ERMN,5783,stable_id
ERMP1,13671,stable_id
ERN1,2691,stable_id
ERN2,8069,stable_id
ERO1A,3325,stable_id
ERO1B,16295,stable_id
ERP27,7713,stable_id
ERP29,7409,stable_id
ERP44,6624,stable_id
ERRFI1,7009,stable_id
ESAM,342,stable_id
ESCO1,4415,stable_id
ESCO2,3442,stable_id
ESD,3415,stable_id
ESF1,13486,stable_id
ESM1,12557,stable_id
ESPL1,16555,stable_id
ESPNL,14539,stable_id
ESR1,2128,stable_id
ESR2,2888,stable_id
ESRP1,12033,stable_id
ESRP2,26211,stable_id
ESRRA,4776,stable_id
ESRRB,3001,stable_id
ESRRG,5646,stable_id
ESS2,600,stable_id
ESYT1,5003,stable_id
ESYT2,2946,stable_id
ESYT3,10803,stable_id
ETAA1,1756,stable_id
ETF1,4449,stable_id
ETFA,8884,stable_id
ETFB,728,stable_id
ETFBKMT,11722,stable_id
ETFDH,6319,stable_id
ETFRF1,11877,stable_id
ETHE1,17891,stable_id
ETNK1,7746,stable_id
ETNK2,19844,stable_id
ETNPPL,2066,stable_id
ETS1,8730,stable_id
ETS2,3960,stable_id
ETV1,677,stable_id
ETV2,976,stable_id
ETV3,575,stable_id
ETV3L,-1,missing
ETV4,1839,stable_id
ETV5,1414,stable_id
ETV6,7698,stable_id
EVA1A,9913,stable_id
EVA1B,14735,stable_id
EVA1C,11705,stable_id
EVC,7106,stable_id
EVC2,14749,stable_id
EVI2A,22544,stable_id
EVI2B,33057,stable_id
EVI5,1375,stable_id
EVI5L,1376,stable_id
EVL,3007,stable_id
EVPL,9622,stable_id
EVX1,853,stable_id
EVX2,320,stable_id
EWSR1,1211,stable_id
EXD1,14327,stable_id
EXD2,9103,stable_id
EXO1,11650,stable_id
EXO5,6797,stable_id
EXOC1,10345,stable_id
EXOC1L,31437,stable_id
EXOC2,3055,stable_id
EXOC3,9566,stable_id
EXOC3L1,12814,stable_id
EXOC3L2,1360,stable_id
EXOC3L4,3021,stable_id
EXOC4,7499,stable_id
EXOC5,17202,stable_id
EXOC6,15583,stable_id
EXOC6B,9442,stable_id
EXOC7,2733,stable_id
EXOC8,20672,stable_id
EXOG,12704,stable_id
EXOSC1,9636,stable_id
EXOSC10,1781,stable_id
EXOSC2,11511,stable_id
EXOSC3,6612,stable_id
EXOSC4,9613,stable_id
EXOSC5,17207,stable_id
EXOSC6,47667,stable_id
EXOSC7,5190,stable_id
EXOSC8,6290,stable_id
EXOSC9,6275,stable_id
EXPH5,9728,stable_id
EXT1,17303,stable_id
EXT2,5964,stable_id
EXTL1,6928,stable_id
EXTL2,6407,stable_id
EXTL3,3405,stable_id
EYA1,5261,stable_id
EYA2,1866,stable_id
EYA3,6960,stable_id
EYA4,1318,stable_id
EZH1,1066,stable_id
EZH2,7463,stable_id
EZR,15283,stable_id
F10,8358,stable_id
F11,8486,stable_id
F11R,11038,stable_id
F12,3127,stable_id
F13A1,11406,stable_id
F13B,5508,stable_id
F2,5999,stable_id
F2R,14247,stable_id
F2RL1,3227,stable_id
F2RL2,3225,stable_id
F2RL3,14717,stable_id
F3,6509,stable_id
F5,5626,stable_id
F7,8357,stable_id
F8,8218,stable_id
F9,8182,stable_id
FA2H,9384,stable_id
FAAH,9578,stable_id
FAAP100,5015,stable_id
FAAP20,20514,stable_id
FAAP24,7854,stable_id
FABP1,15723,stable_id
FABP12,6175,stable_id
FABP2,4047,stable_id
FABP3,6888,stable_id
FABP4,17491,stable_id
FABP5,6177,stable_id
FABP6,2495,stable_id
FABP7,2192,stable_id
FABP9,6174,stable_id
FADD,8153,stable_id
FADS1,1333,stable_id
FADS2,4610,stable_id
FADS3,4609,stable_id
FADS6,13247,stable_id
FAF1,1322,stable_id
FAF2,5227,stable_id
FAH,7930,stable_id
FAHD1,13396,stable_id
FAHD2A,6075,stable_id
FAIM2,4017,stable_id
FAM107A,3276,stable_id
FAM107B,5675,stable_id
FAM110A,6130,stable_id
FAM110B,14447,stable_id
FAM110D,14704,stable_id
FAM114A1,7149,stable_id
FAM114A2,2565,stable_id
FAM117A,11324,stable_id
FAM117B,12130,stable_id
FAM118A,3676,stable_id
FAM118B,14800,stable_id
FAM120A,10935,stable_id
FAM120B,1518,stable_id
FAM120C,4957,stable_id
FAM124A,9942,stable_id
FAM124B,12811,stable_id
FAM131A,14891,stable_id
FAM131B,7550,stable_id
FAM131C,958,stable_id
FAM133B,16600,stable_id
FAM135A,5382,stable_id
FAM135B,10458,stable_id
FAM136A,16392,stable_id
FAM13A,10814,stable_id
FAM13B,10364,stable_id
FAM13C,12817,stable_id
FAM149A,19657,stable_id
FAM149B1,11587,stable_id
FAM151A,9839,stable_id
FAM151B,9642,stable_id
FAM161B,2985,stable_id
FAM162A,651,stable_id
FAM162B,2211,stable_id
FAM163A,1609,stable_id
FAM163B,1225,stable_id
FAM167A,9912,stable_id
FAM167B,14804,stable_id
FAM168A,7317,stable_id
FAM168B,10742,stable_id
FAM169A,12376,stable_id
FAM170A,10030,stable_id
FAM171A1,14811,stable_id
FAM171A2,9769,stable_id
FAM171B,14253,stable_id
FAM174A,14994,stable_id
FAM174B,22503,stable_id
FAM174C,10088,stable_id
FAM178B,13675,stable_id
FAM180A,13980,stable_id
FAM181A,35390,stable_id
FAM181B,15092,stable_id
FAM184A,2181,stable_id
FAM184B,1665,stable_id
FAM185A,13928,stable_id
FAM186B,22607,stable_id
FAM187A,21257,stable_id
FAM193A,10626,stable_id
FAM193B,3130,stable_id
FAM199X,12636,stable_id
FAM204A,16466,stable_id
FAM20A,2618,stable_id
FAM20B,9378,stable_id
FAM20C,5214,stable_id
FAM210A,10982,stable_id
FAM210B,6153,stable_id
FAM216A,7319,stable_id
FAM216B,13493,stable_id
FAM217B,19792,stable_id
FAM219A,6683,stable_id
FAM219B,8875,stable_id
FAM221A,13898,stable_id
FAM222A,12410,stable_id
FAM222B,10831,stable_id
FAM227B,5974,stable_id
FAM228B,14816,stable_id
FAM229A,22450,stable_id
FAM229B,15145,stable_id
FAM234A,4351,stable_id
FAM234B,7705,stable_id
FAM240A,35099,stable_id
FAM240B,35215,stable_id
FAM241A,14817,stable_id
FAM241B,2299,stable_id
FAM32A,522,stable_id
FAM3A,8337,stable_id
FAM3B,3975,stable_id
FAM3C,7449,stable_id
FAM3D,3275,stable_id
FAM43A,13727,stable_id
FAM43B,22355,stable_id
FAM47E,16294,stable_id
FAM50A,344,stable_id
FAM50B,11045,stable_id
FAM53A,10675,stable_id
FAM53B,8108,stable_id
FAM53C,9628,stable_id
FAM76A,6954,stable_id
FAM76B,10851,stable_id
FAM78A,14829,stable_id
FAM78B,17070,stable_id
FAM81A,8826,stable_id
FAM81B,46970,stable_id
FAM83A,15005,stable_id
FAM83B,8914,stable_id
FAM83C,20896,stable_id
FAM83D,6241,stable_id
FAM83E,15669,stable_id
FAM83F,3659,stable_id
FAM83G,12556,stable_id
FAM83H,13794,stable_id
FAM89A,12777,stable_id
FAM89B,4765,stable_id
FAM8A1,19516,stable_id
FAM91A1,10594,stable_id
FAM98A,359,stable_id
FAM98B,6058,stable_id
FAM98C,7905,stable_id
FAN1,9351,stable_id
FANCA,9144,stable_id
FANCC,3109,stable_id
FANCD2,9522,stable_id
FANCD2OS,9503,stable_id
FANCE,1103,stable_id
FANCG,6691,stable_id
FANCI,11440,stable_id
FANCL,655,stable_id
FANCM,16036,stable_id
FANK1,15433,stable_id
FAP,74,stable_id
FAR1,8007,stable_id
FAR2,7761,stable_id
FARP1,5108,stable_id
FARP2,9538,stable_id
FARS2,3093,stable_id
FARSA,630,stable_id
FARSB,5441,stable_id
FASLG,142,stable_id
FASN,4885,stable_id
FASTK,7002,stable_id
FASTKD1,5919,stable_id
FASTKD2,5280,stable_id
FASTKD3,3145,stable_id
FASTKD5,22682,stable_id
FAT1,19658,stable_id
FAT2,15922,stable_id
FAT3,20849,stable_id
FAT4,13787,stable_id
FAU,11059,stable_id
FAXC,6574,stable_id
FBF1,2722,stable_id
FBH1,16620,stable_id
FBL,13828,stable_id
FBLIM1,959,stable_id
FBLL1,14962,stable_id
FBLN1,987,stable_id
FBLN2,17848,stable_id
FBLN5,2955,stable_id
FBLN7,6085,stable_id
FBN1,5970,stable_id
FBN2,4580,stable_id
FBP1,19612,stable_id
FBP2,3105,stable_id
FBRS,12573,stable_id
FBRSL1,12839,stable_id
FBXL12,19091,stable_id
FBXL13,14294,stable_id
FBXL14,7591,stable_id
FBXL15,4937,stable_id
FBXL16,5167,stable_id
FBXL17,4213,stable_id
FBXL18,19039,stable_id
FBXL19,8040,stable_id
FBXL2,9007,stable_id
FBXL20,2792,stable_id
FBXL22,14805,stable_id
FBXL3,3494,stable_id
FBXL4,11890,stable_id
FBXL5,11651,stable_id
FBXL6,3761,stable_id
FBXL7,12898,stable_id
FBXL8,9304,stable_id
FBXO10,14210,stable_id
FBXO11,835,stable_id
FBXO15,9662,stable_id
FBXO16,9710,stable_id
FBXO17,7909,stable_id
FBXO2,12278,stable_id
FBXO21,9175,stable_id
FBXO22,8879,stable_id
FBXO24,30822,stable_id
FBXO25,11095,stable_id
FBXO27,10727,stable_id
FBXO28,14012,stable_id
FBXO3,5953,stable_id
FBXO30,14041,stable_id
FBXO31,15401,stable_id
FBXO32,3627,stable_id
FBXO33,9998,stable_id
FBXO34,10753,stable_id
FBXO36,20499,stable_id
FBXO38,12493,stable_id
FBXO39,19764,stable_id
FBXO4,3524,stable_id
FBXO40,14074,stable_id
FBXO41,13866,stable_id
FBXO42,6978,stable_id
FBXO43,14208,stable_id
FBXO44,7033,stable_id
FBXO45,10133,stable_id
FBXO46,14792,stable_id
FBXO47,19742,stable_id
FBXO48,13292,stable_id
FBXO5,2130,stable_id
FBXO6,15932,stable_id
FBXO7,316,stable_id
FBXO8,11023,stable_id
FBXO9,238,stable_id
FBXW11,2416,stable_id
FBXW2,10198,stable_id
FBXW4,12096,stable_id
FBXW5,1557,stable_id
FBXW7,6485,stable_id
FBXW8,9163,stable_id
FBXW9,1153,stable_id
FCER1G,16650,stable_id
FCER2,860,stable_id
FCF1,2993,stable_id
FCGR1A,1675,stable_id
FCGRT,580,stable_id
FCHO1,19650,stable_id
FCHO2,12324,stable_id
FCHSD1,11161,stable_id
FCHSD2,7964,stable_id
FCMR,12592,stable_id
FCN1,5788,stable_id
FCRLA,11122,stable_id
FCRLB,19804,stable_id
FCSK,9414,stable_id
FDFT1,3015,stable_id
FDPS,16882,stable_id
FDX1,8741,stable_id
FDX2,22963,stable_id
FDXACB1,10863,stable_id
FECH,4573,stable_id
FEM1B,8835,stable_id
FEM1C,9307,stable_id
FEN1,4648,stable_id
FER,17,stable_id
FER1L5,10715,stable_id
FER1L6,10589,stable_id
FERD3L,13722,stable_id
FERMT1,6063,stable_id
FERMT2,10816,stable_id
FERMT3,4783,stable_id
FES,15445,stable_id
FETUB,3944,stable_id
FEV,15897,stable_id
FEZ1,8784,stable_id
FEZ2,16088,stable_id
FEZF1,7465,stable_id
FEZF2,3271,stable_id
FFAR1,13148,stable_id
FFAR2,15030,stable_id
FFAR4,15676,stable_id
FGB,9461,stable_id
FGD1,4959,stable_id
FGD2,4241,stable_id
FGD3,10900,stable_id
FGD4,3888,stable_id
FGD5,9528,stable_id
FGD6,2263,stable_id
FGF1,10395,stable_id
FGF10,3266,stable_id
FGF11,12721,stable_id
FGF12,3735,stable_id
FGF13,8181,stable_id
FGF14,5107,stable_id
FGF16,8238,stable_id
FGF17,3477,stable_id
FGF18,16482,stable_id
FGF2,10633,stable_id
FGF20,8458,stable_id
FGF21,8049,stable_id
FGF22,2450,stable_id
FGF23,29,stable_id
FGF3,8151,stable_id
FGF4,14917,stable_id
FGF5,7237,stable_id
FGF6,30,stable_id
FGF7,5973,stable_id
FGF8,4931,stable_id
FGF9,3402,stable_id
FGFBP1,14246,stable_id
FGFBP3,14034,stable_id
FGFR1,8438,stable_id
FGFR1OP2,11827,stable_id
FGFR2,8059,stable_id
FGFR3,15685,stable_id
FGFR4,825,stable_id
FGFRL1,1148,stable_id
FGG,9472,stable_id
FGGY,6763,stable_id
FGL1,8453,stable_id
FGL2,11703,stable_id
FGR,6952,stable_id
FH,5596,stable_id
FHAD1,15067,stable_id
FHDC1,12384,stable_id
FHIP1A,14943,stable_id
FHIP1B,13153,stable_id
FHIP2A,9356,stable_id
FHIP2B,3471,stable_id
FHIT,17072,stable_id
FHL2,1150,stable_id
FHL3,9085,stable_id
FHL5,6582,stable_id
FHOD1,1524,stable_id
FHOD3,9626,stable_id
FIBCD1,5793,stable_id
FIBIN,21018,stable_id
FIBP,4752,stable_id
FICD,15488,stable_id
FIG4,11120,stable_id
FIGLA,7584,stable_id
FIGN,21213,stable_id
FIGNL1,10042,stable_id
FIGNL2,34307,stable_id
FILIP1,9849,stable_id
FILIP1L,12843,stable_id
FIS1,2042,stable_id
FITM1,3546,stable_id
FITM2,14283,stable_id
FIZ1,17228,stable_id
FJX1,21033,stable_id
FKBP10,276,stable_id
FKBP11,569,stable_id
FKBP14,10967,stable_id
FKBP15,18943,stable_id
FKBP1B,2631,stable_id
FKBP2,16197,stable_id
FKBP3,2841,stable_id
FKBP4,7796,stable_id
FKBP5,4373,stable_id
FKBP6,11746,stable_id
FKBP7,466,stable_id
FKBP8,2086,stable_id
FKBP9,7511,stable_id
FKBPL,9432,stable_id
FKRP,14392,stable_id
FKTN,6666,stable_id
FLACC1,14008,stable_id
FLAD1,12654,stable_id
FLCN,9081,stable_id
FLI1,1690,stable_id
FLII,483,stable_id
FLNA,8287,stable_id
FLNB,4967,stable_id
FLNC,19420,stable_id
FLOT1,16877,stable_id
FLOT2,17357,stable_id
FLRT1,14085,stable_id
FLRT2,13976,stable_id
FLRT3,15053,stable_id
FLT1,7433,stable_id
FLT3,12719,stable_id
FLT3LG,47927,stable_id
FLT4,2463,stable_id
FLVCR1,19030,stable_id
FLVCR2,9612,stable_id
FLYWCH1,11773,stable_id
FLYWCH2,4181,stable_id
FMC1,2112,stable_id
FMN1,13020,stable_id
FMN2,6630,stable_id
FMNL1,16017,stable_id
FMNL2,10226,stable_id
FMNL3,4014,stable_id
FMO1,11807,stable_id
FMO2,11804,stable_id
FMO3,5696,stable_id
FMO4,5697,stable_id
FMO5,6486,stable_id
FMOD,12279,stable_id
FMR1,146,stable_id
FN1,5409,stable_id
FN3K,4901,stable_id
FN3KRP,11476,stable_id
FNBP1,21239,stable_id
FNBP1L,11642,stable_id
FNBP4,1155,stable_id
FNDC1,20162,stable_id
FNDC10,20927,stable_id
FNDC11,14101,stable_id
FNDC3A,9358,stable_id
FNDC3B,11487,stable_id
FNDC4,11181,stable_id
FNDC5,235,stable_id
FNDC7,13400,stable_id
FNDC8,2004,stable_id
FNDC9,14344,stable_id
FNIP1,10210,stable_id
FNIP2,17193,stable_id
FNTA,1686,stable_id
FNTB,9322,stable_id
FOCAD,11097,stable_id
FOLH1,312,stable_id
FOLR2,9111,stable_id
FOS,2997,stable_id
FOSB,605,stable_id
FOSL1,4753,stable_id
FOSL2,7115,stable_id
FOXA1,10040,stable_id
FOXA2,10562,stable_id
FOXA3,12090,stable_id
FOXB1,16764,stable_id
FOXB2,16240,stable_id
FOXC1,14758,stable_id
FOXC2,13776,stable_id
FOXD1,22380,stable_id
FOXD2,15902,stable_id
FOXD3,19155,stable_id
FOXE1,19937,stable_id
FOXE3,13167,stable_id
FOXF1,12716,stable_id
FOXF2,11113,stable_id
FOXG1,2842,stable_id
FOXH1,9463,stable_id
FOXI1,14106,stable_id
FOXI2,14248,stable_id
FOXI3,16034,stable_id
FOXJ1,9602,stable_id
FOXJ2,536,stable_id
FOXJ3,9205,stable_id
FOXK1,16171,stable_id
FOXK2,11484,stable_id
FOXL1,35684,stable_id
FOXL2,14787,stable_id
FOXL3,33530,stable_id
FOXM1,268,stable_id
FOXN1,368,stable_id
FOXN2,9884,stable_id
FOXN3,9419,stable_id
FOXN4,12431,stable_id
FOXO1,13061,stable_id
FOXO3,14352,stable_id
FOXO4,12743,stable_id
FOXO6,15219,stable_id
FOXP1,7622,stable_id
FOXP2,7378,stable_id
FOXP3,11565,stable_id
FOXP4,4229,stable_id
FOXQ1,11118,stable_id
FOXR2,20109,stable_id
FOXRED1,11376,stable_id
FOXRED2,1735,stable_id
FOXS1,20909,stable_id
FPGS,1248,stable_id
FPGT,15601,stable_id
FPR1,13467,stable_id
FRA10AC1,15683,stable_id
FRAS1,9771,stable_id
FREM1,16721,stable_id
FREM2,10558,stable_id
FREM3,12545,stable_id
FRK,2134,stable_id
FRMD3,14448,stable_id
FRMD4A,5677,stable_id
FRMD4B,7621,stable_id
FRMD5,5990,stable_id
FRMD6,14224,stable_id
FRMD7,10254,stable_id
FRMD8,4696,stable_id
FRMPD1,10094,stable_id
FRMPD2,46597,stable_id
FRMPD3,12574,stable_id
FRMPD4,14463,stable_id
FRRS1,9327,stable_id
FRRS1L,13478,stable_id
FRS2,2356,stable_id
FRS3,4105,stable_id
FRY,16192,stable_id
FRYL,19870,stable_id
FRZB,5890,stable_id
FSBP,33610,stable_id
FSCN1,7388,stable_id
FSCN2,5012,stable_id
FSCN3,7472,stable_id
FSD1,1370,stable_id
FSD1L,15798,stable_id
FSD2,11228,stable_id
FSHB,5931,stable_id
FSHR,9188,stable_id
FSIP1,6054,stable_id
FSIP2,21185,stable_id
FST,3286,stable_id
FSTL1,3908,stable_id
FSTL3,2448,stable_id
FSTL4,10296,stable_id
FSTL5,9544,stable_id
FTCD,206,stable_id
FTH1,4607,stable_id
FTMT,4526,stable_id
FTO,16045,stable_id
FTSJ1,8209,stable_id
FTSJ3,2685,stable_id
FUBP1,6452,stable_id
FUBP3,5795,stable_id
FUCA1,6829,stable_id
FUCA2,2152,stable_id
FUNDC1,4832,stable_id
FUOM,5054,stable_id
FURIN,7876,stable_id
FUS,8031,stable_id
FUT1,1172,stable_id
FUT10,13621,stable_id
FUT11,11512,stable_id
FUT4,14492,stable_id
FUT7,10397,stable_id
FUT8,2893,stable_id
FUT9,15930,stable_id
FUZ,1372,stable_id
FXN,16792,stable_id
FXR1,6259,stable_id
FXR2,1991,stable_id
FXYD1,10390,stable_id
FXYD2,16807,stable_id
FXYD3,16298,stable_id
FXYD4,789,stable_id
FXYD6,19054,stable_id
FXYD7,10393,stable_id
FYB2,22476,stable_id
FYCO1,4949,stable_id
FYN,2171,stable_id
FYTTD1,3897,stable_id
FZD1,13211,stable_id
FZD10,24083,stable_id
FZD2,14757,stable_id
FZD3,1144,stable_id
FZD4,14622,stable_id
FZD5,13303,stable_id
FZD6,3591,stable_id
FZD7,12140,stable_id
FZD8,10504,stable_id
FZD9,14553,stable_id
FZR1,2395,stable_id
G0S2,1259,stable_id
G2E3,9987,stable_id
G3BP1,1960,stable_id
G3BP2,7278,stable_id
G6PC2,816,stable_id
G6PC3,9810,stable_id
GAA,5119,stable_id
GAB1,8522,stable_id
GAB2,714,stable_id
GAB3,9123,stable_id
GABARAP,1954,stable_id
GABARAPL1,7681,stable_id
GABARAPL2,8670,stable_id
GABBR1,4504,stable_id
GABBR2,11673,stable_id
GABPA,1201,stable_id
GABPB1,6068,stable_id
GABPB2,11275,stable_id
GABRA1,1340,stable_id
GABRA2,95,stable_id
GABRA3,8294,stable_id
GABRA4,7170,stable_id
GABRA5,15872,stable_id
GABRA6,2508,stable_id
GABRB1,7171,stable_id
GABRB2,1112,stable_id
GABRB3,9408,stable_id
GABRD,7063,stable_id
GABRG1,223,stable_id
GABRG2,2515,stable_id
GABRG3,15858,stable_id
GABRP,2348,stable_id
GABRQ,8295,stable_id
GABRR1,6594,stable_id
GABRR2,4106,stable_id
GABRR3,21023,stable_id
GAD1,19914,stable_id
GAD2,5751,stable_id
GADD45A,10332,stable_id
GADD45B,1581,stable_id
GADD45G,3104,stable_id
GADD45GIP1,9434,stable_id
GADL1,16252,stable_id
GAK,17430,stable_id
GAL,4748,stable_id
GAL3ST1,14606,stable_id
GAL3ST3,14048,stable_id
GAL3ST4,21293,stable_id
GALC,2863,stable_id
GALE,6827,stable_id
GALK1,2717,stable_id
GALK2,5972,stable_id
GALM,10048,stable_id
GALNS,1548,stable_id
GALNT1,81,stable_id
GALNT10,2562,stable_id
GALNT11,10966,stable_id
GALNT12,11661,stable_id
GALNT13,17158,stable_id
GALNT14,4272,stable_id
GALNT15,3357,stable_id
GALNT16,2932,stable_id
GALNT17,9530,stable_id
GALNT18,11068,stable_id
GALNT2,30619,stable_id
GALNT3,5886,stable_id
GALNT4,30861,stable_id
GALNT5,5781,stable_id
GALNT6,10655,stable_id
GALNT7,8461,stable_id
GALNT9,9305,stable_id
GALNTL5,6987,stable_id
GALNTL6,35530,stable_id
GALP,9758,stable_id
GALR1,4555,stable_id
GALR2,2734,stable_id
GALR3,52275,stable_id
GALT,10232,stable_id
GAMT,2341,stable_id
GAN,15321,stable_id
GANAB,20097,stable_id
GANC,17527,stable_id
GAP43,13944,stable_id
GAPDHS,17177,stable_id
GAPT,13586,stable_id
GAPVD1,5807,stable_id
GAR1,6434,stable_id
GAREM1,12668,stable_id
GAREM2,13187,stable_id
GARNL3,11311,stable_id
GARRE1,19025,stable_id
GART,3989,stable_id
GAS1,15406,stable_id
GAS2,7857,stable_id
GAS2L1,9588,stable_id
GAS2L2,2668,stable_id
GAS2L3,20952,stable_id
GAS6,8365,stable_id
GAS7,9235,stable_id
GAS8,11821,stable_id
GASK1A,11037,stable_id
GASK1B,6401,stable_id
GAST,1772,stable_id
GATA1,8201,stable_id
GATA2,1549,stable_id
GATA3,1623,stable_id
GATA4,3382,stable_id
GATA5,1624,stable_id
GATA6,903,stable_id
GATAD1,1096,stable_id
GATAD2A,10268,stable_id
GATAD2B,12563,stable_id
GATB,6484,stable_id
GATC,7361,stable_id
GATD1,14946,stable_id
GATD3,15485,stable_id
GATM,5965,stable_id
GBA2,6704,stable_id
GBE1,3844,stable_id
GBF1,4935,stable_id
GBGT1,5782,stable_id
GBP5,43513,stable_id
GBX1,19238,stable_id
GBX2,9699,stable_id
GC,10069,stable_id
GCA,5824,stable_id
GCAT,989,stable_id
GCC1,7473,stable_id
GCC2,10946,stable_id
GCDH,631,stable_id
GCFC2,9919,stable_id
GCG,75,stable_id
GCGR,4866,stable_id
GCH1,10769,stable_id
GCHFR,13812,stable_id
GCK,12371,stable_id
GCKR,16812,stable_id
GCLC,8908,stable_id
GCLM,6505,stable_id
GCM1,4117,stable_id
GCM2,3059,stable_id
GCN1,12306,stable_id
GCNT1,11305,stable_id
GCNT3,8827,stable_id
GCNT4,31510,stable_id
GCSAM,3814,stable_id
GCSH,9671,stable_id
GDA,16628,stable_id
GDAP1,5183,stable_id
GDAP1L1,1869,stable_id
GDAP2,6349,stable_id
GDE1,9489,stable_id
GDF1,47256,stable_id
GDF10,3381,stable_id
GDF11,4994,stable_id
GDF15,11152,stable_id
GDF2,20228,stable_id
GDF3,7655,stable_id
GDF5,11053,stable_id
GDF6,15024,stable_id
GDF7,10797,stable_id
GDF9,1896,stable_id
GDI1,1579,stable_id
GDI2,2977,stable_id
GDNF,3505,stable_id
GDPD1,17292,stable_id
GDPD2,2081,stable_id
GDPD3,7970,stable_id
GDPD4,10084,stable_id
GDPD5,9996,stable_id
GDPGP1,14936,stable_id
GEM,6555,stable_id
GEMIN2,16972,stable_id
GEMIN4,14511,stable_id
GEMIN5,10652,stable_id
GEMIN6,16006,stable_id
GEMIN7,13225,stable_id
GEMIN8,11983,stable_id
GEN1,15009,stable_id
GET1,4076,stable_id
GET3,15297,stable_id
GET4,5218,stable_id
GFAP,2832,stable_id
GFER,12089,stable_id
GFI1,7204,stable_id
GFI1B,5769,stable_id
GFM1,6296,stable_id
GFM2,3220,stable_id
GFOD1,15036,stable_id
GFOD2,1416,stable_id
GFPT1,7578,stable_id
GFPT2,2468,stable_id
GFRA1,4857,stable_id
GFRA2,3479,stable_id
GFRA3,4451,stable_id
GFRA4,6035,stable_id
GFRAL,16798,stable_id
GFUS,3768,stable_id
GFY,34172,stable_id
GGA1,9253,stable_id
GGA2,8075,stable_id
GGA3,2708,stable_id
GGACT,12302,stable_id
GGCT,478,stable_id
GGCX,15511,stable_id
GGH,20657,stable_id
GGN,8387,stable_id
GGNBP2,2571,stable_id
GGPS1,3032,stable_id
GGT5,982,stable_id
GGT6,11918,stable_id
GGT7,6215,stable_id
GHDC,1844,stable_id
GHITM,12127,stable_id
GHR,16002,stable_id
GHRH,6235,stable_id
GHRHR,737,stable_id
GHRL,17871,stable_id
GHSR,14977,stable_id
GID4,1924,stable_id
GID8,6197,stable_id
GIGYF1,7478,stable_id
GIGYF2,14148,stable_id
GIMAP1,30851,stable_id
GIMAP4,15729,stable_id
GIMAP7,12983,stable_id
GIMAP8,17893,stable_id
GIMD1,31669,stable_id
GIN1,5488,stable_id
GINM1,11742,stable_id
GINS1,6126,stable_id
GINS2,8586,stable_id
GINS3,8500,stable_id
GINS4,8423,stable_id
GIP,1483,stable_id
GIPC1,2089,stable_id
GIPC2,11415,stable_id
GIPC3,9840,stable_id
GIPR,7819,stable_id
GIT1,1378,stable_id
GIT2,12399,stable_id
GJA1,14928,stable_id
GJA10,14961,stable_id
GJA3,14311,stable_id
GJA4,14743,stable_id
GJA5,16306,stable_id
GJA8,14653,stable_id
GJB1,14089,stable_id
GJB2,13680,stable_id
GJB3,12552,stable_id
GJB4,13751,stable_id
GJB5,12547,stable_id
GJB6,11766,stable_id
GJC1,9706,stable_id
GJC2,12870,stable_id
GJC3,16276,stable_id
GJD2,19408,stable_id
GJD3,13920,stable_id
GJD4,10480,stable_id
GJE1,2188,stable_id
GK2,14820,stable_id
GK5,12245,stable_id
GKAP1,3158,stable_id
GKN1,7610,stable_id
GKN2,7609,stable_id
GLA,8255,stable_id
GLB1,13480,stable_id
GLB1L,5414,stable_id
GLB1L2,10334,stable_id
GLB1L3,8683,stable_id
GLCCI1,7426,stable_id
GLCE,8840,stable_id
GLDC,4701,stable_id
GLDN,13625,stable_id
GLE1,2115,stable_id
GLG1,561,stable_id
GLI1,5027,stable_id
GLI2,14258,stable_id
GLI3,3038,stable_id
GLIPR1,16255,stable_id
GLIPR1L2,2380,stable_id
GLIPR2,6712,stable_id
GLIS1,9795,stable_id
GLIS2,1479,stable_id
GLIS3,15402,stable_id
GLMN,7205,stable_id
GLMP,245,stable_id
GLO1,4245,stable_id
GLOD4,1782,stable_id
GLOD5,8202,stable_id
GLP1R,4246,stable_id
GLP2R,14657,stable_id
GLRA1,44,stable_id
GLRA2,1962,stable_id
GLRA3,11052,stable_id
GLRB,6443,stable_id
GLRX,3180,stable_id
GLRX3,8147,stable_id
GLRX5,2916,stable_id
GLS,5357,stable_id
GLS2,13002,stable_id
GLT1D1,14667,stable_id
GLT6D1,10336,stable_id
GLT8D1,3366,stable_id
GLT8D2,2401,stable_id
GLTP,1379,stable_id
GLTPD2,13811,stable_id
GLUL,5567,stable_id
GLYAT,17751,stable_id
GLYATL3,31369,stable_id
GLYCTK,2406,stable_id
GLYR1,3742,stable_id
GM2A,103,stable_id
GMDS,11101,stable_id
GMEB1,6968,stable_id
GMEB2,11248,stable_id
GMFB,17366,stable_id
GMFG,17122,stable_id
GMIP,10291,stable_id
GMNC,19380,stable_id
GMNN,1048,stable_id
GMPPA,9215,stable_id
GMPPB,19723,stable_id
GMPR,43,stable_id
GMPR2,412,stable_id
GMPS,6324,stable_id
GNA11,9804,stable_id
GNA12,22,stable_id
GNA13,2616,stable_id
GNA14,4631,stable_id
GNA15,9809,stable_id
GNAI1,16417,stable_id
GNAI2,9041,stable_id
GNAI3,0,stable_id
GNAL,4536,stable_id
GNAO1,8538,stable_id
GNAT1,9826,stable_id
GNAT2,1216,stable_id
GNAT3,6890,stable_id
GNAZ,11744,stable_id
GNB1,7071,stable_id
GNB1L,151,stable_id
GNB2,7477,stable_id
GNB3,4132,stable_id
GNB4,6250,stable_id
GNB5,8811,stable_id
GNE,6711,stable_id
GNG10,11205,stable_id
GNG11,9128,stable_id
GNG12,10337,stable_id
GNG13,5168,stable_id
GNG2,12759,stable_id
GNG3,20104,stable_id
GNG4,3033,stable_id
GNG5,19392,stable_id
GNG7,14213,stable_id
GNG8,17732,stable_id
GNGT1,7444,stable_id
GNGT2,11295,stable_id
GNL1,4490,stable_id
GNL2,6949,stable_id
GNL3,12546,stable_id
GNL3L,4960,stable_id
GNMT,473,stable_id
GNPAT,8697,stable_id
GNPDA1,15213,stable_id
GNPDA2,7169,stable_id
GNPNAT1,10819,stable_id
GNPTAB,9995,stable_id
GNPTG,10062,stable_id
GNRH1,1655,stable_id
GNRHR,7194,stable_id
GNS,9776,stable_id
GOLGA1,5731,stable_id
GOLGA3,7342,stable_id
GOLGA4,11249,stable_id
GOLGA5,2960,stable_id
GOLGA7,1587,stable_id
GOLGA7B,12617,stable_id
GOLGB1,9605,stable_id
GOLIM4,9549,stable_id
GOLM1,3161,stable_id
GOLM2,16999,stable_id
GOLPH3,3534,stable_id
GOLPH3L,13723,stable_id
GOLT1A,41526,stable_id
GOLT1B,7729,stable_id
GON7,31760,stable_id
GOPC,2183,stable_id
GORAB,11782,stable_id
GORASP1,9011,stable_id
GORASP2,1541,stable_id
GOSR1,1314,stable_id
GOSR2,2839,stable_id
GOT1,4908,stable_id
GOT1L1,11639,stable_id
GOT2,8502,stable_id
GP1BA,14852,stable_id
GP1BB,14871,stable_id
GP2,8107,stable_id
GP5,14132,stable_id
GP6,22563,stable_id
GP9,7612,stable_id
GPA33,92,stable_id
GPAA1,3763,stable_id
GPAM,4793,stable_id
GPANK1,32056,stable_id
GPAT2,13676,stable_id
GPAT3,7226,stable_id
GPAT4,8422,stable_id
GPATCH1,17783,stable_id
GPATCH11,14850,stable_id
GPATCH2,11456,stable_id
GPATCH2L,3000,stable_id
GPATCH3,6937,stable_id
GPATCH4,6474,stable_id
GPATCH8,9744,stable_id
GPBAR1,17897,stable_id
GPBP1,9122,stable_id
GPBP1L1,9532,stable_id
GPC1,9599,stable_id
GPC2,7347,stable_id
GPC3,15983,stable_id
GPC4,8173,stable_id
GPC5,3486,stable_id
GPC6,16613,stable_id
GPCPD1,6056,stable_id
GPD1,4022,stable_id
GPD1L,14840,stable_id
GPD2,5780,stable_id
GPER1,15553,stable_id
GPHA2,4674,stable_id
GPHB5,14407,stable_id
GPHN,13988,stable_id
GPI,10342,stable_id
GPKOW,8190,stable_id
GPLD1,3048,stable_id
GPM6A,8403,stable_id
GPM6B,8293,stable_id
GPN1,17838,stable_id
GPN2,6935,stable_id
GPN3,7320,stable_id
GPNMB,7526,stable_id
GPR101,10324,stable_id
GPR107,32,stable_id
GPR108,901,stable_id
GPR119,14999,stable_id
GPR12,12252,stable_id
GPR135,12856,stable_id
GPR137,4778,stable_id
GPR137B,3034,stable_id
GPR137C,14435,stable_id
GPR139,18956,stable_id
GPR141,15431,stable_id
GPR142,9765,stable_id
GPR143,4987,stable_id
GPR146,13067,stable_id
GPR149,12868,stable_id
GPR15,13949,stable_id
GPR151,12718,stable_id
GPR152,13230,stable_id
GPR153,12712,stable_id
GPR155,12355,stable_id
GPR156,13851,stable_id
GPR157,14110,stable_id
GPR158,13573,stable_id
GPR160,10798,stable_id
GPR161,12069,stable_id
GPR162,11109,stable_id
GPR17,15240,stable_id
GPR171,14693,stable_id
GPR173,16206,stable_id
GPR174,20340,stable_id
GPR176,11787,stable_id
GPR179,19743,stable_id
GPR18,14773,stable_id
GPR180,3499,stable_id
GPR182,16576,stable_id
GPR183,15000,stable_id
GPR19,9084,stable_id
GPR20,13385,stable_id
GPR21,15447,stable_id
GPR22,13030,stable_id
GPR25,15363,stable_id
GPR26,11783,stable_id
GPR27,20295,stable_id
GPR3,14584,stable_id
GPR31,20016,stable_id
GPR33,9926,stable_id
GPR34,11823,stable_id
GPR35,5455,stable_id
GPR37,11706,stable_id
GPR37L1,5538,stable_id
GPR39,5494,stable_id
GPR4,13109,stable_id
GPR45,12402,stable_id
GPR50,16148,stable_id
GPR52,-1,missing
GPR55,14574,stable_id
GPR6,13840,stable_id
GPR61,13803,stable_id
GPR62,31678,stable_id
GPR63,11878,stable_id
GPR65,3347,stable_id
GPR68,13977,stable_id
GPR75,13001,stable_id
GPR82,14056,stable_id
GPR83,8660,stable_id
GPR85,14203,stable_id
GPR87,15066,stable_id
GPR88,19418,stable_id
GPRASP1,12852,stable_id
GPRASP2,20324,stable_id
GPRC5A,13786,stable_id
GPRC5B,1188,stable_id
GPRC5C,14955,stable_id
GPRC5D,7703,stable_id
GPRC6A,2208,stable_id
GPRIN1,19514,stable_id
GPRIN2,20067,stable_id
GPRIN3,13437,stable_id
GPS1,4888,stable_id
GPS2,4084,stable_id
GPSM1,5842,stable_id
GPSM2,6362,stable_id
GPSM3,9807,stable_id
GPT,3750,stable_id
GPT2,8513,stable_id
GPX1,17797,stable_id
GPX2,12714,stable_id
GPX3,1906,stable_id
GPX4,21311,stable_id
GPX6,694,stable_id
GPX7,6778,stable_id
GPX8,3283,stable_id
GRAMD1A,221,stable_id
GRAMD1B,11776,stable_id
GRAMD1C,10305,stable_id
GRAMD4,10181,stable_id
GRAP2,12544,stable_id
GRB10,2360,stable_id
GRB14,5821,stable_id
GRB2,16932,stable_id
GRB7,2077,stable_id
GREB1,10371,stable_id
GREB1L,12748,stable_id
GREM1,21007,stable_id
GREM2,14690,stable_id
GRHL1,2648,stable_id
GRHL2,3586,stable_id
GRHL3,10619,stable_id
GRHPR,10101,stable_id
GRIA1,2566,stable_id
GRIA2,9510,stable_id
GRIA3,348,stable_id
GRIA4,5237,stable_id
GRID1,12141,stable_id
GRID2,20040,stable_id
GRID2IP,1341,stable_id
GRIFIN,10396,stable_id
GRIK1,3974,stable_id
GRIK2,16081,stable_id
GRIK3,347,stable_id
GRIK4,8719,stable_id
GRIK5,572,stable_id
GRIN1,5861,stable_id
GRIN2A,16708,stable_id
GRIN2B,7707,stable_id
GRIN2C,2703,stable_id
GRIN2D,474,stable_id
GRIN3A,11585,stable_id
GRIN3B,10128,stable_id
GRINA,3765,stable_id
GRIP1,9818,stable_id
GRIP2,7642,stable_id
GRIPAP1,8193,stable_id
GRK1,8364,stable_id
GRK2,4721,stable_id
GRK3,12507,stable_id
GRK4,15370,stable_id
GRK5,548,stable_id
GRK6,20988,stable_id
GRM1,2162,stable_id
GRM2,4090,stable_id
GRM3,653,stable_id
GRM4,17655,stable_id
GRM5,14566,stable_id
GRM6,107,stable_id
GRM7,16225,stable_id
GRM8,4365,stable_id
GRN,9777,stable_id
GRP,4532,stable_id
GRPEL1,7159,stable_id
GRPEL2,4569,stable_id
GRPR,8307,stable_id
GRSF1,13077,stable_id
GRTP1,11154,stable_id
GRWD1,15584,stable_id
GRXCR1,19304,stable_id
GRXCR2,20483,stable_id
GSAP,11714,stable_id
GSC,2910,stable_id
GSC2,3854,stable_id
GSDMD,3771,stable_id
GSDME,7529,stable_id
GSE1,8587,stable_id
GSG1,7704,stable_id
GSG1L,13632,stable_id
GSG1L2,36384,stable_id
GSK3A,16324,stable_id
GSK3B,3906,stable_id
GSKIP,13227,stable_id
GSN,5815,stable_id
GSPT1,17423,stable_id
GSPT2,20125,stable_id
GSR,8447,stable_id
GSS,6218,stable_id
GSTCD,6441,stable_id
GSTK1,7553,stable_id
GSTM2,658,stable_id
GSTM3,657,stable_id
GSTM4,6367,stable_id
GSTO1,4846,stable_id
GSTO2,4847,stable_id
GSTT4,1214,stable_id
GSTZ1,2877,stable_id
GSX1,15439,stable_id
GSX2,10196,stable_id
GTDC1,10496,stable_id
GTF2A1,2849,stable_id
GTF2A1L,4329,stable_id
GTF2A2,9374,stable_id
GTF2B,6589,stable_id
GTF2E1,3916,stable_id
GTF2E2,8448,stable_id
GTF2F1,455,stable_id
GTF2F2,19282,stable_id
GTF2H1,1034,stable_id
GTF2H3,7267,stable_id
GTF2H4,272,stable_id
GTF2H5,9648,stable_id
GTF2I,17007,stable_id
GTF2IRD1,4058,stable_id
GTF3A,1726,stable_id
GTF3C1,9132,stable_id
GTF3C2,44817,stable_id
GTF3C3,12203,stable_id
GTF3C4,10108,stable_id
GTF3C5,5770,stable_id
GTF3C6,2167,stable_id
GTPBP1,12618,stable_id
GTPBP10,11915,stable_id
GTPBP2,4206,stable_id
GTPBP3,1108,stable_id
GTPBP4,2944,stable_id
GTPBP6,9343,stable_id
GTPBP8,3820,stable_id
GTSE1,3646,stable_id
GTSF1,3711,stable_id
GTSF1L,19861,stable_id
GUCA1A,4224,stable_id
GUCA1B,4222,stable_id
GUCA2A,4099,stable_id
GUCA2B,9200,stable_id
GUCD1,9335,stable_id
GUCY1A1,9487,stable_id
GUCY1A2,12301,stable_id
GUCY1B1,6430,stable_id
GUCY2C,12652,stable_id
GUCY2D,2798,stable_id
GUCY2F,12521,stable_id
GUF1,7168,stable_id
GUK1,2520,stable_id
GULP1,16250,stable_id
GUSB,5102,stable_id
GXYLT1,10275,stable_id
GXYLT2,7625,stable_id
GYPC,31135,stable_id
GYS1,641,stable_id
GYS2,7728,stable_id
GZF1,6118,stable_id
GZMA,4073,stable_id
GZMK,12559,stable_id
GZMM,15679,stable_id
H1-0,34945,stable_id
H1-1,14550,stable_id
H1-10,13281,stable_id
H1-2,10269,stable_id
H1-3,15325,stable_id
H1-4,15116,stable_id
H1-5,16663,stable_id
H1-6,10281,stable_id
H2AC1,16963,stable_id
H2AC19,17825,stable_id
H2AC20,19450,stable_id
H2AC21,17754,stable_id
H2AJ,16952,stable_id
H2AX,14659,stable_id
H2AZ2,12151,stable_id
H2BC1,14883,stable_id
H2BC18,43832,stable_id
H3-4,23034,stable_id
H3C1,19521,stable_id
H3C14,20799,stable_id
H6PD,7021,stable_id
HAAO,112,stable_id
HABP2,4848,stable_id
HABP4,3116,stable_id
HACD1,17664,stable_id
HACD2,10014,stable_id
HACD3,9399,stable_id
HACD4,6721,stable_id
HACE1,11298,stable_id
HACL1,3346,stable_id
HADH,6418,stable_id
HADHA,5171,stable_id
HADHB,16815,stable_id
HAGH,4331,stable_id
HAGHL,17168,stable_id
HAL,2259,stable_id
HAND1,10672,stable_id
HAND2,11016,stable_id
HAO1,6005,stable_id
HAO2,6353,stable_id
HAP1,1067,stable_id
HAPLN1,3196,stable_id
HAPLN2,770,stable_id
HAPLN3,7915,stable_id
HAPLN4,1106,stable_id
HARBI1,5993,stable_id
HARS2,2054,stable_id
HAS1,621,stable_id
HAS2,3635,stable_id
HAS3,8646,stable_id
HASPIN,14706,stable_id
HAT1,5900,stable_id
HAUS1,12382,stable_id
HAUS2,6015,stable_id
HAUS3,22904,stable_id
HAUS4,3519,stable_id
HAUS5,22540,stable_id
HAUS6,10951,stable_id
HAUS7,8311,stable_id
HAVCR2,2491,stable_id
HAX1,6394,stable_id
HBE1,15233,stable_id
HBEGF,4514,stable_id
HBP1,515,stable_id
HBS1L,2238,stable_id
HBZ,15973,stable_id
HCAR1,14476,stable_id
HCCS,8299,stable_id
HCFC1,8326,stable_id
HCFC1R1,4176,stable_id
HCFC2,2398,stable_id
HCK,557,stable_id
HCLS1,3918,stable_id
HCN1,3264,stable_id
HCN2,2454,stable_id
HCN3,6464,stable_id
HCN4,8900,stable_id
HCRT,13443,stable_id
HCRTR1,6891,stable_id
HCRTR2,8916,stable_id
HCST,17853,stable_id
HDAC1,6909,stable_id
HDAC10,17582,stable_id
HDAC11,9606,stable_id
HDAC2,2133,stable_id
HDAC3,4500,stable_id
HDAC4,5480,stable_id
HDAC5,1195,stable_id
HDAC6,8200,stable_id
HDAC7,3704,stable_id
HDAC8,19203,stable_id
HDAC9,744,stable_id
HDC,6067,stable_id
HDDC2,51,stable_id
HDDC3,7877,stable_id
HDGF,773,stable_id
HDGFL2,488,stable_id
HDGFL3,4864,stable_id
HDHD2,5035,stable_id
HDHD3,11123,stable_id
HDHD5,16705,stable_id
HDLBP,9543,stable_id
HDX,9715,stable_id
HEATR1,14748,stable_id
HEATR3,8491,stable_id
HEATR4,31288,stable_id
HEATR5A,9940,stable_id
HEATR5B,11529,stable_id
HEATR6,165,stable_id
HEATR9,2028,stable_id
HEBP1,12700,stable_id
HEBP2,2179,stable_id
HECA,11698,stable_id
HECTD1,9971,stable_id
HECTD2,12167,stable_id
HECTD3,13826,stable_id
HECTD4,12690,stable_id
HECW1,3031,stable_id
HECW2,12713,stable_id
HEG1,21186,stable_id
HELB,2389,stable_id
HELLS,4809,stable_id
HELQ,9975,stable_id
HELT,13913,stable_id
HELZ,2697,stable_id
HELZ2,6202,stable_id
HEMK1,9053,stable_id
HENMT1,13497,stable_id
HEPACAM,13649,stable_id
HEPACAM2,13057,stable_id
HEPH,8226,stable_id
HEPHL1,8664,stable_id
HERC1,11229,stable_id
HERC2,7839,stable_id
HERC3,7520,stable_id
HERC4,2286,stable_id
HERC6,7518,stable_id
HERPUD1,8553,stable_id
HERPUD2,1168,stable_id
HES1,3738,stable_id
HES2,6988,stable_id
HES3,6992,stable_id
HES5,14149,stable_id
HES6,19121,stable_id
HES7,4150,stable_id
HESX1,12032,stable_id
HEXA,4942,stable_id
HEXB,3219,stable_id
HEXIM1,14382,stable_id
HEXIM2,12850,stable_id
HEY1,11849,stable_id
HEY2,2138,stable_id
HEYL,9121,stable_id
HFE,1035,stable_id
HFM1,12857,stable_id
HGD,3912,stable_id
HGF,6946,stable_id
HGFAC,7095,stable_id
HGH1,3756,stable_id
HGS,5197,stable_id
HGSNAT,10647,stable_id
HHAT,10695,stable_id
HHATL,9017,stable_id
HHIP,17911,stable_id
HHIPL1,3006,stable_id
HHIPL2,15512,stable_id
HHLA1,20198,stable_id
HIBADH,7507,stable_id
HIBCH,12240,stable_id
HIC1,12786,stable_id
HIC2,14745,stable_id
HID1,9729,stable_id
HIF1A,2919,stable_id
HIF1AN,10351,stable_id
HIF3A,693,stable_id
HIGD1A,11117,stable_id
HIGD1B,2829,stable_id
HIGD1C,32774,stable_id
HIKESHI,17561,stable_id
HILPDA,12862,stable_id
HINFP,8785,stable_id
HINT1,2413,stable_id
HINT2,6707,stable_id
HINT3,2140,stable_id
HIP1,11723,stable_id
HIP1R,156,stable_id
HIPK1,1187,stable_id
HIPK2,17239,stable_id
HIPK3,5952,stable_id
HIPK4,11897,stable_id
HIRA,3840,stable_id
HIRIP3,12641,stable_id
HIVEP1,3063,stable_id
HIVEP2,1611,stable_id
HIVEP3,6801,stable_id
HJV,11114,stable_id
HK1,10555,stable_id
HK3,5230,stable_id
HKDC1,2297,stable_id
HLA-DMA,10793,stable_id
HLA-DOA,4435,stable_id
HLA-DOB,12272,stable_id
HLA-DQB2,20435,stable_id
HLA-DRA,10314,stable_id
HLCS,12064,stable_id
HLF,650,stable_id
HLTF,430,stable_id
HLX,11520,stable_id
HM13,2060,stable_id
HMBOX1,3400,stable_id
HMBS,8791,stable_id
HMCES,7618,stable_id
HMCN1,19084,stable_id
HMCN2,15978,stable_id
HMG20A,8894,stable_id
HMG20B,2393,stable_id
HMGA2,16226,stable_id
HMGB2,15789,stable_id
HMGB3,1571,stable_id
HMGB4,14333,stable_id
HMGCL,6828,stable_id
HMGCLL1,1139,stable_id
HMGCR,3223,stable_id
HMGCS1,33050,stable_id
HMGCS2,6355,stable_id
HMGN1,12007,stable_id
HMGN3,19003,stable_id
HMGXB3,4593,stable_id
HMGXB4,9705,stable_id
HMMR,2453,stable_id
HMOX1,841,stable_id
HMOX2,666,stable_id
HMX1,19184,stable_id
HMX2,14701,stable_id
HMX3,11795,stable_id
HNF1A,7373,stable_id
HNF1B,2663,stable_id
HNF4A,1870,stable_id
HNF4G,1828,stable_id
HNMT,5881,stable_id
HNRNPA0,1128,stable_id
HNRNPA1,13700,stable_id
HNRNPA2B1,788,stable_id
HNRNPAB,2464,stable_id
HNRNPD,100,stable_id
HNRNPF,12450,stable_id
HNRNPH1,1130,stable_id
HNRNPH2,13433,stable_id
HNRNPH3,2288,stable_id
HNRNPK,3154,stable_id
HNRNPL,1566,stable_id
HNRNPLL,4294,stable_id
HNRNPM,16757,stable_id
HNRNPR,18918,stable_id
HNRNPU,11600,stable_id
HNRNPUL1,12031,stable_id
HNRNPUL2,20105,stable_id
HOATZ,8744,stable_id
HOGA1,4902,stable_id
HOMER1,1110,stable_id
HOMER2,5205,stable_id
HOMER3,610,stable_id
HOMEZ,16316,stable_id
HOOK1,6762,stable_id
HOOK2,15326,stable_id
HOOK3,10634,stable_id
HOPX,16783,stable_id
HORMAD1,6499,stable_id
HORMAD2,2502,stable_id
HOXA1,7544,stable_id
HOXA10,159,stable_id
HOXA11,11026,stable_id
HOXA13,11020,stable_id
HOXA2,1514,stable_id
HOXA3,22907,stable_id
HOXA4,160,stable_id
HOXA5,11049,stable_id
HOXA6,12808,stable_id
HOXA7,11039,stable_id
HOXA9,11036,stable_id
HOXB1,2034,stable_id
HOXB13,14571,stable_id
HOXB2,21288,stable_id
HOXB3,14354,stable_id
HOXB4,11241,stable_id
HOXB5,11245,stable_id
HOXB6,115,stable_id
HOXB7,11254,stable_id
HOXB8,16200,stable_id
HOXB9,2787,stable_id
HOXC10,3709,stable_id
HOXC11,290,stable_id
HOXC12,14767,stable_id
HOXC13,289,stable_id
HOXC4,21233,stable_id
HOXC5,3710,stable_id
HOXC6,292,stable_id
HOXC8,291,stable_id
HOXC9,10257,stable_id
HOXD1,12584,stable_id
HOXD10,14777,stable_id
HOXD11,12601,stable_id
HOXD12,322,stable_id
HOXD13,321,stable_id
HOXD3,22774,stable_id
HOXD4,39435,stable_id
HOXD8,5924,stable_id
HOXD9,12845,stable_id
HP1BP3,6882,stable_id
HPCA,6896,stable_id
HPCAL4,13606,stable_id
HPD,7307,stable_id
HPDL,12798,stable_id
HPF1,10929,stable_id
HPGD,8464,stable_id
HPGDS,7572,stable_id
HPN,222,stable_id
HPS1,4906,stable_id
HPS3,6222,stable_id
HPS4,12536,stable_id
HPS5,1488,stable_id
HPS6,20956,stable_id
HPSE,9978,stable_id
HPSE2,20972,stable_id
HPX,8090,stable_id
HR,3472,stable_id
HRAS,5081,stable_id
HRC,11040,stable_id
HRCT1,19942,stable_id
HRG,3947,stable_id
HRH1,15411,stable_id
HRH2,9879,stable_id
HRH3,11381,stable_id
HRH4,10679,stable_id
HRK,13745,stable_id
HROB,9800,stable_id
HS1BP3,2611,stable_id
HS2ST1,11796,stable_id
HS3ST1,14948,stable_id
HS3ST2,13669,stable_id
HS3ST3A1,14079,stable_id
HS3ST3B1,19768,stable_id
HS3ST4,22463,stable_id
HS3ST5,13162,stable_id
HS3ST6,11598,stable_id
HS6ST1,13367,stable_id
HS6ST2,17415,stable_id
HS6ST3,15513,stable_id
HSBP1,8601,stable_id
HSBP1L1,22639,stable_id
HSCB,12888,stable_id
HSD11B1,1695,stable_id
HSD11B2,8635,stable_id
HSD17B1,2074,stable_id
HSD17B10,4955,stable_id
HSD17B11,7223,stable_id
HSD17B12,5962,stable_id
HSD17B13,9709,stable_id
HSD17B14,8047,stable_id
HSD17B2,8606,stable_id
HSD17B3,9250,stable_id
HSD17B4,4525,stable_id
HSD17B6,5020,stable_id
HSD17B7,5688,stable_id
HSD3B7,12524,stable_id
HSDL1,9584,stable_id
HSDL2,6645,stable_id
HSF1,3758,stable_id
HSF2,2195,stable_id
HSF2BP,373,stable_id
HSF4,9287,stable_id
HSF5,19746,stable_id
HSH2D,17364,stable_id
HSP90AA1,3013,stable_id
HSP90AB1,4201,stable_id
HSP90B1,2276,stable_id
HSPA12A,4860,stable_id
HSPA12B,20947,stable_id
HSPA13,9186,stable_id
HSPA14,47592,stable_id
HSPA1L,1077,stable_id
HSPA2,16937,stable_id
HSPA4,2466,stable_id
HSPA4L,5175,stable_id
HSPA5,5805,stable_id
HSPA8,1628,stable_id
HSPA9,4448,stable_id
HSPB1,785,stable_id
HSPB2,10973,stable_id
HSPB3,15074,stable_id
HSPB6,10479,stable_id
HSPB7,960,stable_id
HSPB8,12275,stable_id
HSPBAP1,3931,stable_id
HSPBP1,17781,stable_id
HSPD1,5290,stable_id
HSPG2,6884,stable_id
HSPH1,7439,stable_id
HTATIP2,11648,stable_id
HTATSF1,19263,stable_id
HTR1A,3261,stable_id
HTR1B,14538,stable_id
HTR1F,14879,stable_id
HTR2A,9883,stable_id
HTR2B,5432,stable_id
HTR2C,12230,stable_id
HTR3A,8853,stable_id
HTR3B,1179,stable_id
HTR4,5485,stable_id
HTR5A,11404,stable_id
HTR6,6873,stable_id
HTR7,4685,stable_id
HTRA1,955,stable_id
HTRA2,19366,stable_id
HTRA3,7091,stable_id
HTRA4,10704,stable_id
HTT,7097,stable_id
HUNK,15505,stable_id
HUS1,2500,stable_id
HUS1B,21474,stable_id
HUWE1,4956,stable_id
HVCN1,17896,stable_id
HYAL1,1289,stable_id
HYAL2,1287,stable_id
HYAL3,10237,stable_id
HYAL4,7456,stable_id
HYDIN,16908,stable_id
HYKK,10175,stable_id
HYLS1,14821,stable_id
HYOU1,8782,stable_id
HYPK,5995,stable_id
IAH1,17377,stable_id
IAPP,12322,stable_id
IARS2,5652,stable_id
IBA57,14484,stable_id
IBSP,7219,stable_id
IBTK,10194,stable_id
ICA1,17601,stable_id
ICA1L,5308,stable_id
ICAM1,10703,stable_id
ICAM2,177,stable_id
ICAM4,168,stable_id
ICAM5,8798,stable_id
ICE1,9708,stable_id
ICE2,8831,stable_id
ICMT,11614,stable_id
ICOS,5303,stable_id
ID1,12691,stable_id
ID2,2638,stable_id
ID3,1132,stable_id
ID4,3072,stable_id
IDE,16282,stable_id
IDH1,5273,stable_id
IDH2,7883,stable_id
IDH3A,8857,stable_id
IDH3B,6097,stable_id
IDH3G,355,stable_id
IDI1,16548,stable_id
IDNK,14672,stable_id
IDO1,8426,stable_id
IDO2,8425,stable_id
IDS,10163,stable_id
IDUA,9372,stable_id
IER2,15534,stable_id
IER3,604,stable_id
IER3IP1,30836,stable_id
IER5,16214,stable_id
IER5L,30665,stable_id
IFFO1,11058,stable_id
IFFO2,12126,stable_id
IFI30,8600,stable_id
IFI35,1311,stable_id
IFI44,6455,stable_id
IFIH1,5827,stable_id
IFIT2,13566,stable_id
IFITM10,13529,stable_id
IFITM5,5073,stable_id
IFNE,13416,stable_id
IFNGR1,2255,stable_id
IFNGR2,3991,stable_id
IFNLR1,17407,stable_id
IFRD1,285,stable_id
IFRD2,1288,stable_id
IFT122,7775,stable_id
IFT140,4337,stable_id
IFT172,11185,stable_id
IFT20,194,stable_id
IFT22,1143,stable_id
IFT27,1741,stable_id
IFT43,1131,stable_id
IFT46,362,stable_id
IFT52,1863,stable_id
IFT57,9196,stable_id
IFT74,6765,stable_id
IFT80,6300,stable_id
IFT81,7325,stable_id
IFT88,11760,stable_id
IFTAP,5943,stable_id
IGDCC3,8938,stable_id
IGDCC4,9145,stable_id
IGF1,2279,stable_id
IGF1R,858,stable_id
IGF2,14312,stable_id
IGF2BP1,1425,stable_id
IGF2BP2,9385,stable_id
IGF2BP3,7524,stable_id
IGF2R,4162,stable_id
IGFALS,13601,stable_id
IGFBP1,2509,stable_id
IGFBP2,11499,stable_id
IGFBP3,2507,stable_id
IGFBP4,1811,stable_id
IGFBP5,5404,stable_id
IGFBP6,4040,stable_id
IGFBP7,10294,stable_id
IGFBPL1,10072,stable_id
IGFLR1,10470,stable_id
IGHMBP2,4704,stable_id
IGIP,47907,stable_id
IGLON5,1424,stable_id
IGSF1,8170,stable_id
IGSF10,10319,stable_id
IGSF11,3890,stable_id
IGSF21,12114,stable_id
IGSF3,12437,stable_id
IGSF6,9886,stable_id
IGSF8,10944,stable_id
IGSF9,10923,stable_id
IGSF9B,9620,stable_id
IHH,1022,stable_id
IHO1,13927,stable_id
IKBKB,8417,stable_id
IKBKE,12542,stable_id
IKBKG,680,stable_id
IKZF1,1972,stable_id
IKZF2,5298,stable_id
IKZF3,1887,stable_id
IKZF4,445,stable_id
IKZF5,11803,stable_id
IL10,1732,stable_id
IL10RA,8764,stable_id
IL10RB,3993,stable_id
IL11,702,stable_id
IL12A,6298,stable_id
IL12B,690,stable_id
IL12RB2,1908,stable_id
IL13,2479,stable_id
IL13RA1,1766,stable_id
IL13RA2,8265,stable_id
IL15,8521,stable_id
IL15RA,4091,stable_id
IL16,304,stable_id
IL17A,5258,stable_id
IL17B,4567,stable_id
IL17C,13610,stable_id
IL17D,14739,stable_id
IL17F,12392,stable_id
IL17RA,498,stable_id
IL17RB,1680,stable_id
IL17RC,7750,stable_id
IL17RD,12025,stable_id
IL17RE,12782,stable_id
IL18,11458,stable_id
IL18BP,19777,stable_id
IL18R1,5337,stable_id
IL18RAP,5335,stable_id
IL19,1729,stable_id
IL1A,6091,stable_id
IL1B,6090,stable_id
IL1F10,13822,stable_id
IL1R1,5338,stable_id
IL1R2,5339,stable_id
IL1RAP,3728,stable_id
IL1RAPL1,15273,stable_id
IL1RAPL2,16754,stable_id
IL1RL1,5336,stable_id
IL1RL2,19927,stable_id
IL1RN,5877,stable_id
IL2,6280,stable_id
IL20,5533,stable_id
IL20RA,2254,stable_id
IL20RB,13084,stable_id
IL21,6278,stable_id
IL21R,7998,stable_id
IL22RA1,10609,stable_id
IL22RA2,11655,stable_id
IL23A,5014,stable_id
IL23R,14436,stable_id
IL24,5536,stable_id
IL25,12049,stable_id
IL27,13219,stable_id
IL27RA,845,stable_id
IL2RA,5739,stable_id
IL2RB,19339,stable_id
IL2RG,8276,stable_id
IL31RA,14780,stable_id
IL33,4692,stable_id
IL34,8540,stable_id
IL36A,5879,stable_id
IL36RN,5878,stable_id
IL4I1,20703,stable_id
IL4R,8000,stable_id
IL5,10251,stable_id
IL5RA,833,stable_id
IL6R,6395,stable_id
IL6ST,3280,stable_id
IL7,11863,stable_id
IL7R,645,stable_id
IL9,3149,stable_id
IL9R,2421,stable_id
ILDR1,3964,stable_id
ILDR2,11977,stable_id
ILF2,169,stable_id
ILF3,8801,stable_id
ILK,8088,stable_id
ILKAP,5477,stable_id
ILRUN,16209,stable_id
ILVBL,9127,stable_id
IMMP1L,12662,stable_id
IMMP2L,16257,stable_id
IMMT,15266,stable_id
IMP3,8861,stable_id
IMP4,5373,stable_id
IMPA1,6176,stable_id
IMPA2,4537,stable_id
IMPACT,4485,stable_id
IMPDH1,596,stable_id
IMPDH2,17573,stable_id
IMPG1,8903,stable_id
IMPG2,9977,stable_id
INA,9643,stable_id
INAFM1,31710,stable_id
INAFM2,21000,stable_id
INAVA,12293,stable_id
INCA1,16290,stable_id
INCENP,4606,stable_id
INF2,10802,stable_id
ING1,13575,stable_id
ING2,17611,stable_id
ING3,7447,stable_id
ING4,7780,stable_id
ING5,5466,stable_id
INHA,9198,stable_id
INHBA,12209,stable_id
INHBB,10569,stable_id
INHBC,5026,stable_id
INHBE,13994,stable_id
INIP,11177,stable_id
INKA1,12460,stable_id
INKA2,14273,stable_id
INMT,594,stable_id
INO80,9567,stable_id
INO80B,7598,stable_id
INO80C,14143,stable_id
INO80D,12083,stable_id
INO80E,7963,stable_id
INPP1,5356,stable_id
INPP4A,5364,stable_id
INPP4B,10897,stable_id
INPP5A,5062,stable_id
INPP5B,6964,stable_id
INPP5D,5468,stable_id
INPP5E,5838,stable_id
INPP5F,12459,stable_id
INPP5J,9722,stable_id
INPP5K,946,stable_id
INPPL1,9116,stable_id
INSC,14361,stable_id
INSIG1,13391,stable_id
INSIG2,623,stable_id
INSL3,22668,stable_id
INSL5,18928,stable_id
INSM1,19323,stable_id
INSM2,13436,stable_id
INSR,859,stable_id
INSRR,874,stable_id
INSYN1,19031,stable_id
INSYN2A,20562,stable_id
INSYN2B,19636,stable_id
INTS1,7367,stable_id
INTS10,8617,stable_id
INTS11,7054,stable_id
INTS12,6439,stable_id
INTS13,11830,stable_id
INTS14,9614,stable_id
INTS2,1879,stable_id
INTS3,6386,stable_id
INTS4,4871,stable_id
INTS5,20098,stable_id
INTS6,9931,stable_id
INTS6L,10206,stable_id
INTS7,10726,stable_id
INTS8,12038,stable_id
INTS9,3403,stable_id
INTU,17125,stable_id
INVS,6625,stable_id
IP6K1,9063,stable_id
IP6K2,9067,stable_id
IP6K3,4364,stable_id
IPCEF1,17846,stable_id
IPMK,17108,stable_id
IPO11,12634,stable_id
IPO13,9320,stable_id
IPO4,408,stable_id
IPO5,7946,stable_id
IPO7,18958,stable_id
IPO8,11755,stable_id
IPO9,12394,stable_id
IPP,6845,stable_id
IPPK,3075,stable_id
IQANK1,40235,stable_id
IQCA1L,11018,stable_id
IQCB1,3922,stable_id
IQCC,12056,stable_id
IQCD,7400,stable_id
IQCF1,18992,stable_id
IQCF5,18991,stable_id
IQCF6,31402,stable_id
IQCG,10082,stable_id
IQCH,10849,stable_id
IQCJ,15151,stable_id
IQCK,20576,stable_id
IQCM,8468,stable_id
IQGAP1,7880,stable_id
IQGAP2,3226,stable_id
IQGAP3,6473,stable_id
IQSEC1,9633,stable_id
IQSEC2,12146,stable_id
IQSEC3,12057,stable_id
IQUB,13636,stable_id
IRAG1,869,stable_id
IRAG2,7738,stable_id
IRAK1,8332,stable_id
IRAK1BP1,8839,stable_id
IRAK2,17049,stable_id
IRAK3,2388,stable_id
IRAK4,16918,stable_id
IREB2,8866,stable_id
IRF1,2016,stable_id
IRF2,8472,stable_id
IRF2BP1,13013,stable_id
IRF2BP2,15082,stable_id
IRF2BPL,9577,stable_id
IRF3,539,stable_id
IRF4,3054,stable_id
IRF5,7504,stable_id
IRF6,5664,stable_id
IRF7,5080,stable_id
IRF8,12266,stable_id
IRF9,411,stable_id
IRGQ,12129,stable_id
IRS1,16061,stable_id
IRS2,11325,stable_id
IRS4,15778,stable_id
IRX1,17154,stable_id
IRX2,263,stable_id
IRX3,8533,stable_id
IRX4,3188,stable_id
IRX5,8535,stable_id
IRX6,8536,stable_id
ISCA2,2991,stable_id
ISCU,5211,stable_id
ISG15,10116,stable_id
ISG20L2,14161,stable_id
ISL1,12512,stable_id
ISL2,8887,stable_id
ISLR,10625,stable_id
ISLR2,15014,stable_id
ISM1,20938,stable_id
ISM2,14851,stable_id
ISOC1,4582,stable_id
IST1,8529,stable_id
ISY1,7614,stable_id
ISYNA1,2053,stable_id
ITCH,6211,stable_id
ITFG1,8515,stable_id
ITFG2,269,stable_id
ITGA1,12522,stable_id
ITGA10,30978,stable_id
ITGA11,8834,stable_id
ITGA2,1614,stable_id
ITGA2B,9760,stable_id
ITGA3,265,stable_id
ITGA4,5893,stable_id
ITGA5,94,stable_id
ITGA6,5929,stable_id
ITGA7,4991,stable_id
ITGA8,5738,stable_id
ITGA9,11409,stable_id
ITGAD,19752,stable_id
ITGAE,920,stable_id
ITGAL,8050,stable_id
ITGAM,8024,stable_id
ITGAV,5920,stable_id
ITGAX,8027,stable_id
ITGB1,5202,stable_id
ITGB1BP1,17455,stable_id
ITGB1BP2,8280,stable_id
ITGB2,50,stable_id
ITGB3,2670,stable_id
ITGB3BP,6746,stable_id
ITGB4,2716,stable_id
ITGB5,3909,stable_id
ITGB6,5869,stable_id
ITGB7,226,stable_id
ITGB8,4979,stable_id
ITGBL1,9185,stable_id
ITIH1,1021,stable_id
ITIH2,10644,stable_id
ITIH3,1018,stable_id
ITIH4,3370,stable_id
ITIH5,5185,stable_id
ITK,2488,stable_id
ITM2A,8242,stable_id
ITM2B,3482,stable_id
ITM2C,5428,stable_id
ITPA,20950,stable_id
ITPK1,16481,stable_id
ITPKA,6021,stable_id
ITPKB,11309,stable_id
ITPKC,626,stable_id
ITPR1,7644,stable_id
ITPR2,7755,stable_id
ITPR3,12655,stable_id
ITPRID1,10911,stable_id
ITPRID2,5892,stable_id
ITPRIP,55123,stable_id
ITPRIPL1,20962,stable_id
ITPRIPL2,34044,stable_id
ITSN1,3986,stable_id
ITSN2,2635,stable_id
IVD,6046,stable_id
IVNS1ABP,4077,stable_id
IWS1,4461,stable_id
IYD,2125,stable_id
IZUMO1R,8661,stable_id
IZUMO2,19012,stable_id
IZUMO3,6736,stable_id
IZUMO4,16030,stable_id
JADE1,5179,stable_id
JADE2,2482,stable_id
JADE3,10664,stable_id
JAG1,6011,stable_id
JAG2,479,stable_id
JAGN1,15018,stable_id
JAK1,6734,stable_id
JAK2,4678,stable_id
JAK3,8576,stable_id
JAKMIP1,17741,stable_id
JAKMIP2,4522,stable_id
JAKMIP3,16247,stable_id
JAM2,15423,stable_id
JAM3,8701,stable_id
JARID2,11156,stable_id
JAZF1,17726,stable_id
JCAD,9501,stable_id
JCHAIN,19132,stable_id
JDP2,9618,stable_id
JHY,8723,stable_id
JMJD1C,10874,stable_id
JMJD4,10466,stable_id
JMJD6,16275,stable_id
JMJD7,37214,stable_id
JMJD8,5165,stable_id
JMY,3235,stable_id
JOSD1,3669,stable_id
JOSD2,11242,stable_id
JPH1,12671,stable_id
JPH2,1857,stable_id
JPH3,4978,stable_id
JPH4,3540,stable_id
JPT1,2705,stable_id
JRK,13686,stable_id
JRKL,22700,stable_id
JSRP1,2381,stable_id
JTB,6389,stable_id
JUN,15347,stable_id
JUNB,15381,stable_id
JUND,19963,stable_id
JUP,275,stable_id
KALRN,17306,stable_id
KANK1,9102,stable_id
KANK2,8813,stable_id
KANK3,12456,stable_id
KANK4,10028,stable_id
KANSL1,1923,stable_id
KANSL1L,5301,stable_id
KANSL2,4004,stable_id
KANSL3,1317,stable_id
KANTR,28863,stable_id
KASH5,11066,stable_id
KAT14,6108,stable_id
KAT2A,2822,stable_id
KAT2B,119,stable_id
KAT5,4760,stable_id
KAT6A,8420,stable_id
KAT6B,3287,stable_id
KAT7,11330,stable_id
KAT8,8035,stable_id
KATNA1,2142,stable_id
KATNAL1,12201,stable_id
KATNAL2,5034,stable_id
KATNB1,8566,stable_id
KATNBL1,5935,stable_id
KATNIP,9120,stable_id
KAZALD1,4926,stable_id
KAZN,11975,stable_id
KBTBD11,15986,stable_id
KBTBD12,9265,stable_id
KBTBD13,15847,stable_id
KBTBD2,16829,stable_id
KBTBD3,5238,stable_id
KBTBD4,854,stable_id
KBTBD6,21256,stable_id
KBTBD7,12969,stable_id
KBTBD8,7596,stable_id
KCMF1,15907,stable_id
KCNA1,14138,stable_id
KCNA10,12733,stable_id
KCNA2,12030,stable_id
KCNA3,14133,stable_id
KCNA4,12639,stable_id
KCNA5,13462,stable_id
KCNA6,10968,stable_id
KCNA7,11019,stable_id
KCNAB1,6326,stable_id
KCNAB2,6982,stable_id
KCNAB3,1935,stable_id
KCNB1,14822,stable_id
KCNC1,16703,stable_id
KCNC2,10113,stable_id
KCNC3,17557,stable_id
KCNC4,6370,stable_id
KCND1,1267,stable_id
KCND2,17139,stable_id
KCND3,12091,stable_id
KCNE1,11605,stable_id
KCNE2,11617,stable_id
KCNE3,9933,stable_id
KCNE4,13954,stable_id
KCNF1,15138,stable_id
KCNG1,20866,stable_id
KCNG2,16907,stable_id
KCNG3,13321,stable_id
KCNG4,13375,stable_id
KCNH1,16543,stable_id
KCNH2,11078,stable_id
KCNH3,10768,stable_id
KCNH4,10004,stable_id
KCNH5,9665,stable_id
KCNH6,333,stable_id
KCNH7,16881,stable_id
KCNH8,10083,stable_id
KCNIP1,15524,stable_id
KCNIP2,4933,stable_id
KCNIP3,22689,stable_id
KCNIP4,7084,stable_id
KCNJ1,12189,stable_id
KCNJ10,13224,stable_id
KCNJ11,34888,stable_id
KCNJ13,22842,stable_id
KCNJ14,16657,stable_id
KCNJ15,17519,stable_id
KCNJ16,15083,stable_id
KCNJ2,12326,stable_id
KCNJ3,5777,stable_id
KCNJ4,13074,stable_id
KCNJ5,8729,stable_id
KCNJ6,12831,stable_id
KCNJ8,7731,stable_id
KCNJ9,10942,stable_id
KCNK1,9515,stable_id
KCNK10,9469,stable_id
KCNK12,14714,stable_id
KCNK13,13426,stable_id
KCNK15,9966,stable_id
KCNK18,12093,stable_id
KCNK2,10784,stable_id
KCNK3,14480,stable_id
KCNK4,4777,stable_id
KCNK5,4098,stable_id
KCNK6,13693,stable_id
KCNK7,4763,stable_id
KCNK9,10445,stable_id
KCNMA1,17629,stable_id
KCNMB1,2346,stable_id
KCNMB2,10779,stable_id
KCNMB3,31388,stable_id
KCNMB4,15834,stable_id
KCNN1,500,stable_id
KCNN2,15739,stable_id
KCNN3,138,stable_id
KCNN4,15702,stable_id
KCNQ1,1243,stable_id
KCNQ2,1710,stable_id
KCNQ3,16121,stable_id
KCNQ4,6799,stable_id
KCNQ5,6451,stable_id
KCNRG,13626,stable_id
KCNS1,11801,stable_id
KCNS2,14932,stable_id
KCNS3,12925,stable_id
KCNT1,16655,stable_id
KCNT2,15354,stable_id
KCNV1,3619,stable_id
KCNV2,13951,stable_id
KCP,16712,stable_id
KCTD1,10286,stable_id
KCTD10,191,stable_id
KCTD11,13785,stable_id
KCTD12,37004,stable_id
KCTD13,7961,stable_id
KCTD15,7858,stable_id
KCTD16,15059,stable_id
KCTD17,9298,stable_id
KCTD18,15805,stable_id
KCTD19,15119,stable_id
KCTD2,1752,stable_id
KCTD20,919,stable_id
KCTD21,13290,stable_id
KCTD3,5644,stable_id
KCTD4,13724,stable_id
KCTD5,1754,stable_id
KCTD6,3278,stable_id
KCTD7,9550,stable_id
KCTD8,10795,stable_id
KCTD9,9638,stable_id
KDELR1,475,stable_id
KDELR2,22712,stable_id
KDELR3,1342,stable_id
KDF1,10773,stable_id
KDM1A,10522,stable_id
KDM1B,10970,stable_id
KDM2A,15765,stable_id
KDM2B,7330,stable_id
KDM3A,15515,stable_id
KDM3B,11278,stable_id
KDM4A,9309,stable_id
KDM4B,4358,stable_id
KDM4C,6654,stable_id
KDM4D,15611,stable_id
KDM5A,7692,stable_id
KDM5B,12490,stable_id
KDM5D,16205,stable_id
KDM6A,10692,stable_id
KDM6B,1937,stable_id
KDM7A,12638,stable_id
KDM8,8003,stable_id
KDR,17593,stable_id
KDSR,1278,stable_id
KEAP1,559,stable_id
KEL,7555,stable_id
KERA,2219,stable_id
KHDC4,6468,stable_id
KHDRBS1,6900,stable_id
KHDRBS2,5330,stable_id
KHDRBS3,3612,stable_id
KHK,7132,stable_id
KHNYN,13909,stable_id
KHSRP,1116,stable_id
KIAA0040,31082,stable_id
KIAA0232,7153,stable_id
KIAA0319,1047,stable_id
KIAA0319L,6922,stable_id
KIAA0408,699,stable_id
KIAA0513,8589,stable_id
KIAA0586,9734,stable_id
KIAA0753,2744,stable_id
KIAA0825,20000,stable_id
KIAA0930,10224,stable_id
KIAA1143,9032,stable_id
KIAA1191,5225,stable_id
KIAA1217,10408,stable_id
KIAA1328,9400,stable_id
KIAA1549,17704,stable_id
KIAA1549L,19371,stable_id
KIAA1614,9424,stable_id
KIAA1671,15037,stable_id
KIAA1755,10852,stable_id
KIAA1958,13326,stable_id
KIAA2012,13961,stable_id
KIAA2013,13161,stable_id
KICS2,15557,stable_id
KIDINS220,10318,stable_id
KIF11,1399,stable_id
KIF12,6632,stable_id
KIF13A,3069,stable_id
KIF13B,16946,stable_id
KIF14,12262,stable_id
KIF15,10448,stable_id
KIF17,6881,stable_id
KIF18A,5930,stable_id
KIF18B,15052,stable_id
KIF19,1283,stable_id
KIF1A,1507,stable_id
KIF1B,17617,stable_id
KIF1C,2752,stable_id
KIF20A,629,stable_id
KIF20B,4683,stable_id
KIF21A,3801,stable_id
KIF21B,12307,stable_id
KIF22,7955,stable_id
KIF23,8842,stable_id
KIF24,6682,stable_id
KIF26A,3029,stable_id
KIF26B,5579,stable_id
KIF27,16983,stable_id
KIF2A,3237,stable_id
KIF2B,13792,stable_id
KIF2C,6833,stable_id
KIF3A,1918,stable_id
KIF3B,6140,stable_id
KIF3C,2655,stable_id
KIF4A,9632,stable_id
KIF4B,31815,stable_id
KIF5A,20904,stable_id
KIF5B,1056,stable_id
KIF5C,5734,stable_id
KIF6,4234,stable_id
KIF7,14782,stable_id
KIF9,8993,stable_id
KIFAP3,5631,stable_id
KIFBP,10529,stable_id
KIFC2,678,stable_id
KIFC3,8567,stable_id
KIN,10648,stable_id
KIRREL2,10510,stable_id
KIRREL3,8731,stable_id
KISS1R,10138,stable_id
KIT,878,stable_id
KITLG,2233,stable_id
KIZ,20932,stable_id
KL,16595,stable_id
KLB,7157,stable_id
KLC1,3027,stable_id
KLC2,4722,stable_id
KLC3,12023,stable_id
KLC4,606,stable_id
KLF1,15673,stable_id
KLF10,10728,stable_id
KLF11,2646,stable_id
KLF12,20179,stable_id
KLF13,15205,stable_id
KLF14,20392,stable_id
KLF15,7633,stable_id
KLF16,10024,stable_id
KLF2,15887,stable_id
KLF3,7145,stable_id
KLF4,518,stable_id
KLF5,808,stable_id
KLF6,8,stable_id
KLF7,5278,stable_id
KLF8,12310,stable_id
KLF9,9474,stable_id
KLHDC1,15173,stable_id
KLHDC10,7506,stable_id
KLHDC2,2854,stable_id
KLHDC3,17727,stable_id
KLHDC4,11835,stable_id
KLHDC7A,22354,stable_id
KLHDC7B,31652,stable_id
KLHDC8A,12463,stable_id
KLHDC8B,9073,stable_id
KLHDC9,13380,stable_id
KLHL1,3464,stable_id
KLHL10,277,stable_id
KLHL11,14347,stable_id
KLHL12,5556,stable_id
KLHL13,10455,stable_id
KLHL14,12610,stable_id
KLHL15,12982,stable_id
KLHL18,15807,stable_id
KLHL2,8460,stable_id
KLHL20,5704,stable_id
KLHL21,20517,stable_id
KLHL22,3860,stable_id
KLHL23,12472,stable_id
KLHL24,17580,stable_id
KLHL25,15982,stable_id
KLHL26,15994,stable_id
KLHL28,2840,stable_id
KLHL29,2625,stable_id
KLHL3,1469,stable_id
KLHL30,5476,stable_id
KLHL31,13285,stable_id
KLHL32,11884,stable_id
KLHL33,31272,stable_id
KLHL34,13993,stable_id
KLHL35,9991,stable_id
KLHL36,8593,stable_id
KLHL38,3626,stable_id
KLHL4,5128,stable_id
KLHL40,20663,stable_id
KLHL41,21208,stable_id
KLHL42,11774,stable_id
KLHL5,15831,stable_id
KLHL6,12760,stable_id
KLHL7,7023,stable_id
KLHL8,7224,stable_id
KLHL9,19923,stable_id
KLK10,7965,stable_id
KLK11,19220,stable_id
KLK12,13140,stable_id
KLK13,15639,stable_id
KLK14,13234,stable_id
KLK15,15895,stable_id
KLK4,1071,stable_id
KLK5,20707,stable_id
KLK6,14687,stable_id
KLK7,7976,stable_id
KLK8,17834,stable_id
KLK9,14115,stable_id
KLKB1,47494,stable_id
KLRD1,7683,stable_id
KLRG1,7653,stable_id
KLRG2,20070,stable_id
KLRK1,7673,stable_id
KMO,11665,stable_id
KMT2A,361,stable_id
KMT2B,974,stable_id
KMT2C,10954,stable_id
KMT2D,14187,stable_id
KMT2E,7035,stable_id
KMT5A,14498,stable_id
KMT5B,13335,stable_id
KMT5C,16906,stable_id
KNCN,20545,stable_id
KNDC1,18937,stable_id
KNL1,6041,stable_id
KNOP1,8120,stable_id
KNSTRN,6045,stable_id
KNTC1,7285,stable_id
KPNA1,3967,stable_id
KPNA3,3373,stable_id
KPNA4,6301,stable_id
KPNA6,624,stable_id
KPNA7,11277,stable_id
KPNB1,251,stable_id
KPRP,16900,stable_id
KPTN,939,stable_id
KRAS,7740,stable_id
KRBA1,12715,stable_id
KRCC1,15413,stable_id
KREMEN1,2487,stable_id
KREMEN2,12006,stable_id
KRI1,9899,stable_id
KRIT1,104,stable_id
KRR1,17676,stable_id
KRT1,13817,stable_id
KRT10,2124,stable_id
KRT12,2817,stable_id
KRT14,13466,stable_id
KRT15,15665,stable_id
KRT16,15582,stable_id
KRT17,10073,stable_id
KRT18,4037,stable_id
KRT19,2816,stable_id
KRT2,17876,stable_id
KRT20,10139,stable_id
KRT222,10164,stable_id
KRT23,1059,stable_id
KRT24,2818,stable_id
KRT25,10156,stable_id
KRT26,21278,stable_id
KRT27,1816,stable_id
KRT28,16047,stable_id
KRT32,13607,stable_id
KRT34,12882,stable_id
KRT35,14154,stable_id
KRT36,2820,stable_id
KRT39,17870,stable_id
KRT4,16867,stable_id
KRT40,16745,stable_id
KRT7,4035,stable_id
KRT71,15171,stable_id
KRT72,16193,stable_id
KRT73,17747,stable_id
KRT75,4001,stable_id
KRT76,21235,stable_id
KRT77,19210,stable_id
KRT79,17235,stable_id
KRT8,14509,stable_id
KRT80,10618,stable_id
KRT82,14551,stable_id
KRT84,13101,stable_id
KRT9,15114,stable_id
KRTAP11-1,31440,stable_id
KRTAP16-1,22362,stable_id
KRTAP24-1,14744,stable_id
KRTAP26-1,20048,stable_id
KRTAP27-1,31132,stable_id
KRTAP3-1,14019,stable_id
KRTAP7-1,16213,stable_id
KRTAP8-1,16857,stable_id
KRTCAP2,12692,stable_id
KRTCAP3,7123,stable_id
KRTDAP,20723,stable_id
KSR1,1905,stable_id
KSR2,17273,stable_id
KTI12,20546,stable_id
KTN1,3330,stable_id
KXD1,15965,stable_id
KY,10092,stable_id
KYAT1,11608,stable_id
KYAT3,11818,stable_id
KYNU,5806,stable_id
L1CAM,8331,stable_id
L2HGDH,2857,stable_id
L3HYPDH,2116,stable_id
L3MBTL1,10081,stable_id
L3MBTL2,3653,stable_id
L3MBTL3,11394,stable_id
L3MBTL4,12281,stable_id
LACC1,13121,stable_id
LACTB,8921,stable_id
LACTB2,5266,stable_id
LACTBL1,19849,stable_id
LAD1,12366,stable_id
LAG3,7659,stable_id
LALBA,4003,stable_id
LAMA1,9137,stable_id
LAMA2,2206,stable_id
LAMA3,4483,stable_id
LAMA4,2173,stable_id
LAMA5,1625,stable_id
LAMB1,499,stable_id
LAMB2,15391,stable_id
LAMB3,5665,stable_id
LAMC1,5569,stable_id
LAMC2,5570,stable_id
LAMC3,5792,stable_id
LAMP1,8361,stable_id
LAMP2,1733,stable_id
LAMP5,6007,stable_id
LAMTOR1,8055,stable_id
LAMTOR2,6469,stable_id
LAMTOR3,31575,stable_id
LAMTOR4,14819,stable_id
LAMTOR5,28744,stable_id
LANCL1,5299,stable_id
LANCL2,17417,stable_id
LANCL3,13957,stable_id
LAP3,11621,stable_id
LAPTM4A,2599,stable_id
LAPTM4B,3575,stable_id
LAPTM5,6769,stable_id
LARGE1,703,stable_id
LARGE2,11903,stable_id
LARP1,10670,stable_id
LARP4,4026,stable_id
LARP6,9827,stable_id
LARS2,9951,stable_id
LAS1L,16376,stable_id
LASP1,11096,stable_id
LAT,7996,stable_id
LAT2,12043,stable_id
LATS1,11750,stable_id
LATS2,3392,stable_id
LAX1,15196,stable_id
LAYN,17076,stable_id
LBH,4271,stable_id
LBP,1688,stable_id
LBR,766,stable_id
LBX1,4928,stable_id
LBX2,9875,stable_id
LCA5,8844,stable_id
LCA5L,13384,stable_id
LCAT,9965,stable_id
LCE7A,41618,stable_id
LCK,78,stable_id
LCLAT1,15737,stable_id
LCMT1,8011,stable_id
LCMT2,20990,stable_id
LCN10,13960,stable_id
LCN12,5854,stable_id
LCN2,5776,stable_id
LCN6,13506,stable_id
LCN8,10350,stable_id
LCOR,4821,stable_id
LCORL,1667,stable_id
LCP1,3417,stable_id
LCP2,462,stable_id
LCT,5500,stable_id
LCTL,8944,stable_id
LDAH,10800,stable_id
LDB1,4934,stable_id
LDB2,11632,stable_id
LDB3,3307,stable_id
LDHA,17649,stable_id
LDHAL6B,40181,stable_id
LDHB,7730,stable_id
LDHC,8061,stable_id
LDHD,8677,stable_id
LDLR,8812,stable_id
LDLRAD1,19913,stable_id
LDLRAD2,33146,stable_id
LDLRAD3,14164,stable_id
LDLRAD4,4551,stable_id
LDLRAP1,10658,stable_id
LDOC1,16418,stable_id
LEAP2,10283,stable_id
LECT2,3150,stable_id
LEF1,6419,stable_id
LEKR1,20870,stable_id
LEMD1,22789,stable_id
LEMD2,13265,stable_id
LEMD3,14330,stable_id
LENEP,22332,stable_id
LENG1,22565,stable_id
LENG8,10070,stable_id
LENG9,12866,stable_id
LEO1,12596,stable_id
LEP,16753,stable_id
LEPR,16438,stable_id
LEPROT,9956,stable_id
LEPROTL1,8401,stable_id
LETM1,823,stable_id
LETM2,10689,stable_id
LETMD1,10684,stable_id
LFNG,7381,stable_id
LGALS1,19337,stable_id
LGALS12,4788,stable_id
LGALS2,12886,stable_id
LGALS3,14770,stable_id
LGALS3BP,9477,stable_id
LGALS4,15621,stable_id
LGALS8,16404,stable_id
LGI1,19154,stable_id
LGI2,11475,stable_id
LGI3,9390,stable_id
LGI4,10385,stable_id
LGMN,2959,stable_id
LGR4,14732,stable_id
LGR5,2337,stable_id
LGR6,12707,stable_id
LGSN,14738,stable_id
LHCGR,4302,stable_id
LHFPL1,12330,stable_id
LHFPL2,13394,stable_id
LHFPL3,44380,stable_id
LHFPL4,12737,stable_id
LHFPL5,17434,stable_id
LHPP,8106,stable_id
LHX1,1982,stable_id
LHX2,41,stable_id
LHX3,5846,stable_id
LHX4,5563,stable_id
LHX5,7394,stable_id
LHX6,5823,stable_id
LHX8,34959,stable_id
LHX9,2065,stable_id
LIAS,7160,stable_id
LIF,9663,stable_id
LIFR,15688,stable_id
LIG1,16150,stable_id
LIG3,2677,stable_id
LIG4,14604,stable_id
LIM2,-1,missing
LIMA1,4025,stable_id
LIMCH1,10825,stable_id
LIMD1,4947,stable_id
LIMD2,12014,stable_id
LIME1,30889,stable_id
LIMK1,7451,stable_id
LIMK2,2523,stable_id
LIMS2,4468,stable_id
LIN28A,14934,stable_id
LIN28B,17782,stable_id
LIN37,10476,stable_id
LIN52,27563,stable_id
LIN54,-1,missing
LIN7A,2209,stable_id
LIN7B,643,stable_id
LIN7C,5940,stable_id
LIN9,16654,stable_id
LINGO1,14556,stable_id
LINGO2,13329,stable_id
LINGO3,14964,stable_id
LINGO4,13165,stable_id
LINS1,15428,stable_id
LIPA,4672,stable_id
LIPC,8818,stable_id
LIPE,531,stable_id
LIPF,4661,stable_id
LIPG,15594,stable_id
LIPH,13197,stable_id
LIPI,9193,stable_id
LIPK,4664,stable_id
LIPM,16083,stable_id
LIPN,4663,stable_id
LIPT1,10629,stable_id
LIPT2,7983,stable_id
LITAF,3719,stable_id
LIX1,14084,stable_id
LIX1L,14485,stable_id
LKAAEAR1,13533,stable_id
LLGL1,2574,stable_id
LLGL2,2727,stable_id
LLPH,2385,stable_id
LMAN1,12400,stable_id
LMAN1L,16126,stable_id
LMAN2,3122,stable_id
LMAN2L,203,stable_id
LMBR1,1334,stable_id
LMBR1L,4010,stable_id
LMBRD1,20525,stable_id
LMBRD2,11631,stable_id
LMCD1,16413,stable_id
LMF1,402,stable_id
LMF2,3793,stable_id
LMLN,3899,stable_id
LMNA,6470,stable_id
LMNB1,4575,stable_id
LMNB2,17383,stable_id
LMNTD1,15844,stable_id
LMO1,10248,stable_id
LMO2,9101,stable_id
LMO3,7719,stable_id
LMO4,6586,stable_id
LMO7,9231,stable_id
LMOD1,14174,stable_id
LMOD2,7459,stable_id
LMOD3,13038,stable_id
LMTK2,11347,stable_id
LMTK3,17375,stable_id
LMX1A,5693,stable_id
LMX1B,11274,stable_id
LNP1,47319,stable_id
LNPEP,4164,stable_id
LNPK,1222,stable_id
LNX1,7178,stable_id
LNX2,1728,stable_id
LONP1,12166,stable_id
LONP2,14107,stable_id
LONRF1,11602,stable_id
LONRF2,14369,stable_id
LONRF3,1698,stable_id
LOX,4541,stable_id
LOXHD1,9146,stable_id
LOXL1,8898,stable_id
LOXL2,9590,stable_id
LOXL3,116,stable_id
LOXL4,4905,stable_id
LPAR1,11231,stable_id
LPAR2,8615,stable_id
LPAR3,10471,stable_id
LPAR4,14658,stable_id
LPAR5,19234,stable_id
LPAR6,9347,stable_id
LPCAT1,3191,stable_id
LPCAT2,9270,stable_id
LPCAT3,688,stable_id
LPCAT4,5937,stable_id
LPGAT1,5656,stable_id
LPIN1,2604,stable_id
LPIN2,4265,stable_id
LPIN3,6101,stable_id
LPL,1617,stable_id
LPO,1233,stable_id
LPP,9301,stable_id
LPXN,4630,stable_id
LRAT,6428,stable_id
LRATD1,2612,stable_id
LRATD2,20201,stable_id
LRBA,6481,stable_id
LRCH1,19289,stable_id
LRCH2,8266,stable_id
LRCH3,3898,stable_id
LRCH4,32705,stable_id
LRFN1,7910,stable_id
LRFN2,11929,stable_id
LRFN3,10530,stable_id
LRFN4,13318,stable_id
LRFN5,10107,stable_id
LRG1,10583,stable_id
LRIF1,16122,stable_id
LRIG1,7594,stable_id
LRIG2,9182,stable_id
LRIG3,2315,stable_id
LRIT1,12131,stable_id
LRIT2,12860,stable_id
LRIT3,32991,stable_id
LRMDA,17706,stable_id
LRP1,11829,stable_id
LRP10,3517,stable_id
LRP11,2144,stable_id
LRP12,3596,stable_id
LRP1B,14479,stable_id
LRP2,5907,stable_id
LRP2BP,8480,stable_id
LRP3,318,stable_id
LRP4,6000,stable_id
LRP5,4754,stable_id
LRP6,7700,stable_id
LRP8,6789,stable_id
LRPAP1,7096,stable_id
LRPPRC,4308,stable_id
LRR1,9844,stable_id
LRRC1,8909,stable_id
LRRC10,16988,stable_id
LRRC10B,31027,stable_id
LRRC14,9426,stable_id
LRRC14B,3174,stable_id
LRRC15,15262,stable_id
LRRC17,11699,stable_id
LRRC18,12319,stable_id
LRRC19,14626,stable_id
LRRC2,8998,stable_id
LRRC20,10607,stable_id
LRRC23,7660,stable_id
LRRC24,9417,stable_id
LRRC26,5863,stable_id
LRRC27,1684,stable_id
LRRC28,7893,stable_id
LRRC3,15121,stable_id
LRRC30,20413,stable_id
LRRC31,20901,stable_id
LRRC32,31328,stable_id
LRRC34,6267,stable_id
LRRC36,15699,stable_id
LRRC38,6772,stable_id
LRRC39,6405,stable_id
LRRC3B,13360,stable_id
LRRC3C,28164,stable_id
LRRC4,14660,stable_id
LRRC40,17612,stable_id
LRRC41,6851,stable_id
LRRC42,6791,stable_id
LRRC43,17691,stable_id
LRRC45,4881,stable_id
LRRC46,2790,stable_id
LRRC47,7049,stable_id
LRRC49,14080,stable_id
LRRC4B,13890,stable_id
LRRC4C,14828,stable_id
LRRC51,17907,stable_id
LRRC52,11926,stable_id
LRRC55,21178,stable_id
LRRC56,11218,stable_id
LRRC57,6016,stable_id
LRRC58,9570,stable_id
LRRC59,2782,stable_id
LRRC61,20361,stable_id
LRRC69,4078,stable_id
LRRC7,6536,stable_id
LRRC71,4060,stable_id
LRRC73,19961,stable_id
LRRC74A,16735,stable_id
LRRC74B,3869,stable_id
LRRC75A,13697,stable_id
LRRC75B,13809,stable_id
LRRC8A,1100,stable_id
LRRC8B,19841,stable_id
LRRC8C,15790,stable_id
LRRC8D,13602,stable_id
LRRC8E,13738,stable_id
LRRC9,2907,stable_id
LRRCC1,6184,stable_id
LRRD1,11876,stable_id
LRRFIP2,9000,stable_id
LRRIQ1,2202,stable_id
LRRIQ3,6540,stable_id
LRRIQ4,6268,stable_id
LRRK1,1562,stable_id
LRRK2,10298,stable_id
LRRN1,9753,stable_id
LRRN2,5552,stable_id
LRRN3,10306,stable_id
LRRN4,12788,stable_id
LRRN4CL,20102,stable_id
LRRTM1,17120,stable_id
LRRTM2,20154,stable_id
LRRTM3,12727,stable_id
LRRTM4,15328,stable_id
LRSAM1,5755,stable_id
LRTM1,13528,stable_id
LRTM2,15852,stable_id
LRWD1,7469,stable_id
LSAMP,17174,stable_id
LSG1,3744,stable_id
LSM1,10659,stable_id
LSM10,14725,stable_id
LSM11,13263,stable_id
LSM12,2825,stable_id
LSM14A,19024,stable_id
LSM14B,11405,stable_id
LSM2,1084,stable_id
LSM3,9586,stable_id
LSM4,8609,stable_id
LSM5,31626,stable_id
LSM6,8506,stable_id
LSM7,9957,stable_id
LSM8,13056,stable_id
LSMEM1,20025,stable_id
LSMEM2,41516,stable_id
LSP1,1998,stable_id
LSR,220,stable_id
LSS,9245,stable_id
LTA,4473,stable_id
LTA4H,1668,stable_id
LTB,4470,stable_id
LTB4R2,11901,stable_id
LTBP1,331,stable_id
LTBP2,360,stable_id
LTBP3,4766,stable_id
LTBP4,11927,stable_id
LTBR,7784,stable_id
LTC4S,2476,stable_id
LTF,8999,stable_id
LTK,6022,stable_id
LTN1,15256,stable_id
LTO1,8149,stable_id
LTV1,2154,stable_id
LUC7L,4352,stable_id
LUC7L2,7531,stable_id
LUC7L3,2776,stable_id
LUM,10349,stable_id
LURAP1,6849,stable_id
LURAP1L,14340,stable_id
LUZP1,189,stable_id
LUZP2,17669,stable_id
LVRN,4511,stable_id
LXN,14017,stable_id
LY6D,9746,stable_id
LY6E,3779,stable_id
LY6G5B,12951,stable_id
LY6G5C,9696,stable_id
LY6G6C,32193,stable_id
LY6G6D,20430,stable_id
LY6G6F,9861,stable_id
LY6H,3772,stable_id
LY75,5876,stable_id
LY86,3094,stable_id
LY9,745,stable_id
LY96,5184,stable_id
LYAR,19176,stable_id
LYG1,5346,stable_id
LYG2,17274,stable_id
LYL1,9531,stable_id
LYN,12500,stable_id
LYPD1,5495,stable_id
LYPD2,3783,stable_id
LYPD3,16385,stable_id
LYPD4,17542,stable_id
LYPD5,7850,stable_id
LYPD6,14797,stable_id
LYPD6B,5735,stable_id
LYPLA1,5244,stable_id
LYPLA2,6826,stable_id
LYPLAL1,11474,stable_id
LYRM1,8098,stable_id
LYRM2,13549,stable_id
LYRM4,13734,stable_id
LYRM7,2414,stable_id
LYRM9,20229,stable_id
LYSMD1,15577,stable_id
LYSMD2,8806,stable_id
LYSMD3,10160,stable_id
LYSMD4,12955,stable_id
LYST,2117,stable_id
LYVE1,8025,stable_id
LYZL4,9022,stable_id
LYZL6,2838,stable_id
LZIC,7026,stable_id
LZTFL1,4951,stable_id
LZTR1,3871,stable_id
LZTS1,10311,stable_id
LZTS2,10000,stable_id
LZTS3,10810,stable_id
M1AP,7602,stable_id
M6PR,1099,stable_id
MAB21L1,16271,stable_id
MAB21L2,16450,stable_id
MAB21L3,13108,stable_id
MAB21L4,9571,stable_id
MACC1,12397,stable_id
MACF1,6815,stable_id
MACIR,13241,stable_id
MACO1,6921,stable_id
MACROD1,10300,stable_id
MACROD2,19333,stable_id
MACROH2A1,1671,stable_id
MACROH2A2,2301,stable_id
MAD1L1,7372,stable_id
MAD2L1,7565,stable_id
MAD2L1BP,9704,stable_id
MAD2L2,7034,stable_id
MADD,12008,stable_id
MAEA,22908,stable_id
MAEL,11986,stable_id
MAF,15943,stable_id
MAF1,3755,stable_id
MAFA,14023,stable_id
MAFB,20884,stable_id
MAFF,12646,stable_id
MAFG,15091,stable_id
MAFK,1883,stable_id
MAG,10412,stable_id
MAGEB18,19224,stable_id
MAGED1,4884,stable_id
MAGED2,4961,stable_id
MAGEE1,8236,stable_id
MAGEE2,8234,stable_id
MAGEH1,13935,stable_id
MAGEL2,16277,stable_id
MAGI1,13334,stable_id
MAGI2,11741,stable_id
MAGI3,15316,stable_id
MAGIX,8189,stable_id
MAGOH,6786,stable_id
MAGOHB,7694,stable_id
MAGT1,8240,stable_id
MAIP1,5286,stable_id
MAJIN,4676,stable_id
MAK,3060,stable_id
MAK16,8445,stable_id
MAL,6077,stable_id
MAL2,4509,stable_id
MALL,6079,stable_id
MALRD1,21262,stable_id
MALSU1,7525,stable_id
MALT1,9098,stable_id
MAMDC2,9273,stable_id
MAMDC4,5852,stable_id
MAML1,14825,stable_id
MAML2,8655,stable_id
MAML3,17188,stable_id
MAMLD1,16801,stable_id
MAMSTR,12745,stable_id
MAN1A1,625,stable_id
MAN1A2,1189,stable_id
MAN1B1,10417,stable_id
MAN1C1,10661,stable_id
MAN2A1,4290,stable_id
MAN2A2,11321,stable_id
MAN2B1,807,stable_id
MAN2B2,7103,stable_id
MAN2C1,8868,stable_id
MANBA,6529,stable_id
MANBAL,17607,stable_id
MANEA,11937,stable_id
MANEAL,12698,stable_id
MANF,9050,stable_id
MANSC1,9108,stable_id
MANSC4,20233,stable_id
MAOA,4830,stable_id
MAOB,11794,stable_id
MAP1A,6001,stable_id
MAP1B,15355,stable_id
MAP1LC3A,6214,stable_id
MAP1S,2070,stable_id
MAP2,1572,stable_id
MAP2K1,779,stable_id
MAP2K2,9892,stable_id
MAP2K3,2032,stable_id
MAP2K4,9315,stable_id
MAP2K5,16588,stable_id
MAP2K6,2623,stable_id
MAP2K7,504,stable_id
MAP3K1,3279,stable_id
MAP3K10,11886,stable_id
MAP3K11,663,stable_id
MAP3K12,4043,stable_id
MAP3K13,9395,stable_id
MAP3K14,2837,stable_id
MAP3K15,8275,stable_id
MAP3K19,15104,stable_id
MAP3K2,4460,stable_id
MAP3K20,668,stable_id
MAP3K21,8612,stable_id
MAP3K3,2679,stable_id
MAP3K4,1489,stable_id
MAP3K5,20033,stable_id
MAP3K6,6944,stable_id
MAP3K7,6596,stable_id
MAP3K8,4383,stable_id
MAP3K9,12683,stable_id
MAP4K1,10674,stable_id
MAP4K2,4772,stable_id
MAP4K3,4388,stable_id
MAP4K4,5340,stable_id
MAP4K5,9794,stable_id
MAP6,15934,stable_id
MAP6D1,12174,stable_id
MAP7,2249,stable_id
MAP7D1,6936,stable_id
MAP7D2,12125,stable_id
MAP9,9482,stable_id
MAPK1,17679,stable_id
MAPK10,13774,stable_id
MAPK11,15441,stable_id
MAPK12,3791,stable_id
MAPK13,763,stable_id
MAPK14,15507,stable_id
MAPK15,17758,stable_id
MAPK3,17616,stable_id
MAPK4,4557,stable_id
MAPK6,12672,stable_id
MAPK7,178,stable_id
MAPK8,3377,stable_id
MAPK8IP1,5982,stable_id
MAPK8IP2,3796,stable_id
MAPK8IP3,4333,stable_id
MAPK9,2470,stable_id
MAPKAP1,11243,stable_id
MAPKAPK2,1731,stable_id
MAPKAPK3,9051,stable_id
MAPKAPK5,7313,stable_id
MAPKBP1,9483,stable_id
MAPRE1,6142,stable_id
MAPRE2,4409,stable_id
MAPRE3,7135,stable_id
MAPT,1922,stable_id
MARCHF1,10357,stable_id
MARCHF10,22486,stable_id
MARCHF11,3580,stable_id
MARCHF2,22905,stable_id
MARCHF3,9089,stable_id
MARCHF4,11517,stable_id
MARCHF5,4114,stable_id
MARCHF6,11401,stable_id
MARCHF7,5874,stable_id
MARCHF8,5152,stable_id
MARCHF9,11932,stable_id
MARCKS,19584,stable_id
MARCKSL1,14131,stable_id
MARCO,5518,stable_id
MARF1,17086,stable_id
MARK1,5653,stable_id
MARK2,4786,stable_id
MARK3,1095,stable_id
MARK4,7813,stable_id
MARS1,11870,stable_id
MARS2,13860,stable_id
MARVELD1,13118,stable_id
MARVELD2,3207,stable_id
MARVELD3,297,stable_id
MAS1,19291,stable_id
MASP1,3954,stable_id
MASP2,7020,stable_id
MAST1,15559,stable_id
MAST2,632,stable_id
MAST3,8596,stable_id
MAST4,9790,stable_id
MASTL,5745,stable_id
MAT1A,10848,stable_id
MAT2A,15609,stable_id
MAT2B,12436,stable_id
MATK,777,stable_id
MATN1,11944,stable_id
MATN2,3608,stable_id
MATN3,2598,stable_id
MATN4,1757,stable_id
MATR3,10636,stable_id
MAU2,8613,stable_id
MAX,16813,stable_id
MAZ,7956,stable_id
MB,2015,stable_id
MB21D2,14963,stable_id
MBD1,4559,stable_id
MBD2,4529,stable_id
MBD3,10050,stable_id
MBD3L1,11240,stable_id
MBD4,7774,stable_id
MBD5,10457,stable_id
MBD6,5029,stable_id
MBIP,2875,stable_id
MBL2,4723,stable_id
MBLAC1,14483,stable_id
MBLAC2,14970,stable_id
MBNL1,6293,stable_id
MBNL2,3502,stable_id
MBNL3,10246,stable_id
MBOAT1,11258,stable_id
MBOAT2,2639,stable_id
MBOAT4,19970,stable_id
MBOAT7,10089,stable_id
MBP,12294,stable_id
MBTD1,16823,stable_id
MBTPS1,8598,stable_id
MBTPS2,13829,stable_id
MC1R,20674,stable_id
MC2R,13471,stable_id
MC3R,11170,stable_id
MC4R,13942,stable_id
MC5R,1101,stable_id
MCAM,8795,stable_id
MCAT,14351,stable_id
MCC,20152,stable_id
MCCC1,6271,stable_id
MCCC2,3213,stable_id
MCEE,9341,stable_id
MCF2,8183,stable_id
MCF2L,8356,stable_id
MCFD2,4327,stable_id
MCHR1,14722,stable_id
MCIDAS,20899,stable_id
MCL1,11208,stable_id
MCM10,5684,stable_id
MCM2,494,stable_id
MCM3,12390,stable_id
MCM3AP,204,stable_id
MCM4,3823,stable_id
MCM5,840,stable_id
MCM6,5501,stable_id
MCM7,7489,stable_id
MCM8,6061,stable_id
MCM9,16559,stable_id
MCMBP,14191,stable_id
MCMDC2,13609,stable_id
MCOLN1,724,stable_id
MCOLN2,1347,stable_id
MCOLN3,10478,stable_id
MCPH1,11687,stable_id
MCRIP1,17180,stable_id
MCRIP2,5162,stable_id
MCRS1,10763,stable_id
MCTP1,3184,stable_id
MCTP2,9131,stable_id
MCTS1,65,stable_id
MCU,1262,stable_id
MCUB,6421,stable_id
MCUR1,3066,stable_id
MDFI,9107,stable_id
MDFIC,12231,stable_id
MDFIC2,31204,stable_id
MDGA1,12899,stable_id
MDGA2,9856,stable_id
MDH1,2446,stable_id
MDH1B,5281,stable_id
MDH2,2059,stable_id
MDK,5991,stable_id
MDM1,2378,stable_id
MDM2,2367,stable_id
MDM4,15711,stable_id
MDN1,16490,stable_id
ME1,8956,stable_id
ME2,4556,stable_id
ME3,7927,stable_id
MEA1,472,stable_id
MEAF6,6945,stable_id
MEAK7,9546,stable_id
MECOM,6260,stable_id
MECP2,8333,stable_id
MECR,6973,stable_id
MED1,1884,stable_id
MED10,3186,stable_id
MED11,2026,stable_id
MED12,22868,stable_id
MED12L,16166,stable_id
MED13,9627,stable_id
MED13L,1880,stable_id
MED14,17859,stable_id
MED15,1385,stable_id
MED16,1452,stable_id
MED17,8663,stable_id
MED18,18919,stable_id
MED19,5917,stable_id
MED20,32167,stable_id
MED21,7756,stable_id
MED22,1650,stable_id
MED23,2242,stable_id
MED24,1778,stable_id
MED25,508,stable_id
MED26,13376,stable_id
MED27,5759,stable_id
MED28,1653,stable_id
MED29,588,stable_id
MED30,11212,stable_id
MED31,2738,stable_id
MED4,3483,stable_id
MED6,460,stable_id
MED7,2490,stable_id
MED8,993,stable_id
MED9,17288,stable_id
MEDAG,7441,stable_id
MEF2A,7894,stable_id
MEF2B,22675,stable_id
MEF2C,866,stable_id
MEF2D,246,stable_id
MEGF10,4577,stable_id
MEGF11,10356,stable_id
MEGF6,16444,stable_id
MEGF8,13317,stable_id
MEGF9,11483,stable_id
MEI1,19314,stable_id
MEI4,12826,stable_id
MEIG1,5674,stable_id
MEIKIN,2455,stable_id
MEIOB,4330,stable_id
MEIOC,15073,stable_id
MEIS1,2349,stable_id
MEIS2,5975,stable_id
MELK,10114,stable_id
MELTF,3884,stable_id
MEMO1,16647,stable_id
MEN1,4771,stable_id
MEOX1,259,stable_id
MEOX2,10258,stable_id
MEP1B,4428,stable_id
MEPCE,7486,stable_id
MERTK,1486,stable_id
MESD,11149,stable_id
MESP1,7885,stable_id
MESP2,7884,stable_id
MEST,15167,stable_id
MET,1234,stable_id
METAP1,900,stable_id
METAP1D,12407,stable_id
METAP2,10249,stable_id
METRN,401,stable_id
METRNL,11454,stable_id
METTL1,1054,stable_id
METTL14,6501,stable_id
METTL15,16340,stable_id
METTL16,1325,stable_id
METTL17,721,stable_id
METTL18,12232,stable_id
METTL21A,5276,stable_id
METTL21C,13956,stable_id
METTL22,11507,stable_id
METTL23,31019,stable_id
METTL24,13468,stable_id
METTL25,10213,stable_id
METTL26,5161,stable_id
METTL27,11955,stable_id
METTL3,3515,stable_id
METTL5,15142,stable_id
METTL6,3349,stable_id
METTL8,12423,stable_id
METTL9,8077,stable_id
MEX3A,20838,stable_id
MEX3B,16433,stable_id
MEX3C,10643,stable_id
MEX3D,14335,stable_id
MFAP2,17071,stable_id
MFAP3,2564,stable_id
MFAP3L,8487,stable_id
MFAP4,12579,stable_id
MFAP5,7654,stable_id
MFF,5381,stable_id
MFGE8,7914,stable_id
MFHAS1,19659,stable_id
MFN1,6249,stable_id
MFN2,7045,stable_id
MFNG,1888,stable_id
MFRP,9787,stable_id
MFSD1,6297,stable_id
MFSD10,188,stable_id
MFSD11,2751,stable_id
MFSD12,9833,stable_id
MFSD13A,4938,stable_id
MFSD14A,30774,stable_id
MFSD14B,11027,stable_id
MFSD2A,6819,stable_id
MFSD2B,10673,stable_id
MFSD3,2045,stable_id
MFSD4A,16742,stable_id
MFSD5,13499,stable_id
MFSD6,12244,stable_id
MFSD6L,14234,stable_id
MFSD8,5177,stable_id
MFSD9,12414,stable_id
MGA,9495,stable_id
MGAM,19402,stable_id
MGAM2,40960,stable_id
MGAT1,2460,stable_id
MGAT2,13000,stable_id
MGAT3,12576,stable_id
MGAT4A,5361,stable_id
MGAT4B,10409,stable_id
MGAT4C,2198,stable_id
MGAT4D,9903,stable_id
MGAT5,10260,stable_id
MGAT5B,12961,stable_id
MGLL,9263,stable_id
MGME1,6107,stable_id
MGMT,15766,stable_id
MGP,7712,stable_id
MGRN1,3731,stable_id
MGST1,1177,stable_id
MGST2,20880,stable_id
MGST3,5695,stable_id
MIA,30586,stable_id
MIA3,16075,stable_id
MIB1,4416,stable_id
MIB2,7067,stable_id
MICAL1,2160,stable_id
MICAL2,11044,stable_id
MICAL3,15103,stable_id
MICALL1,9224,stable_id
MICALL2,10433,stable_id
MICOS10,14833,stable_id
MICOS13,14618,stable_id
MICU1,2319,stable_id
MICU2,3401,stable_id
MICU3,11549,stable_id
MID1,9992,stable_id
MID1IP1,1146,stable_id
MID2,45,stable_id
MIDEAS,12607,stable_id
MIDN,10096,stable_id
MIEF1,3660,stable_id
MIEF2,1965,stable_id
MIEN1,446,stable_id
MIER1,6728,stable_id
MIER2,12629,stable_id
MIER3,9113,stable_id
MIF,9302,stable_id
MIF4GD,2710,stable_id
MIGA1,15838,stable_id
MIGA2,5803,stable_id
MIIP,7046,stable_id
MINAR1,11494,stable_id
MINAR2,14906,stable_id
MINDY1,11251,stable_id
MINDY2,12581,stable_id
MINDY3,5737,stable_id
MINDY4,10938,stable_id
MINDY4B,40087,stable_id
MINK1,2755,stable_id
MINPP1,4739,stable_id
MIOS,12583,stable_id
MIOX,3792,stable_id
MIP,5017,stable_id
MIPEP,3413,stable_id
MIPOL1,13869,stable_id
MIS12,11971,stable_id
MIS18A,3998,stable_id
MISP,10166,stable_id
MISP3,20732,stable_id
MITD1,5348,stable_id
MITF,9930,stable_id
MIXL1,5582,stable_id
MKKS,6010,stable_id
MKLN1,5132,stable_id
MKNK1,6854,stable_id
MKNK2,2371,stable_id
MKRN1,7574,stable_id
MKRN2,83,stable_id
MKRN2OS,19287,stable_id
MKRN3,19806,stable_id
MKS1,9558,stable_id
MKX,17162,stable_id
MLANA,4690,stable_id
MLC1,10150,stable_id
MLEC,14309,stable_id
MLF1,14262,stable_id
MLF2,7656,stable_id
MLH1,9001,stable_id
MLH3,2995,stable_id
MLIP,8911,stable_id
MLKL,1401,stable_id
MLLT1,4366,stable_id
MLLT10,5725,stable_id
MLLT11,15457,stable_id
MLLT3,6720,stable_id
MLLT6,11126,stable_id
MLPH,5472,stable_id
MLST8,4323,stable_id
MLX,1855,stable_id
MLXIP,11086,stable_id
MLXIPL,836,stable_id
MLYCD,20682,stable_id
MMAA,10561,stable_id
MMAB,7383,stable_id
MMACHC,6841,stable_id
MMADHC,5736,stable_id
MMD,649,stable_id
MMD2,11570,stable_id
MME,6322,stable_id
MMEL1,16530,stable_id
MMGT1,17206,stable_id
MMP11,153,stable_id
MMP12,14607,stable_id
MMP13,14827,stable_id
MMP14,162,stable_id
MMP15,8569,stable_id
MMP16,6562,stable_id
MMP17,7301,stable_id
MMP19,4997,stable_id
MMP2,8537,stable_id
MMP20,1967,stable_id
MMP21,8121,stable_id
MMP23B,7068,stable_id
MMP24,6220,stable_id
MMP25,4175,stable_id
MMP27,19734,stable_id
MMP28,2666,stable_id
MMP3,12907,stable_id
MMP7,1968,stable_id
MMP8,896,stable_id
MMP9,1842,stable_id
MMRN1,15773,stable_id
MMRN2,12247,stable_id
MMS19,4891,stable_id
MMS22L,13521,stable_id
MMUT,4188,stable_id
MN1,19825,stable_id
MNAT1,2917,stable_id
MND1,9435,stable_id
MNS1,8825,stable_id
MNT,49,stable_id
MNX1,278,stable_id
MOAP1,35153,stable_id
MOB1A,12792,stable_id
MOB1B,963,stable_id
MOB2,4882,stable_id
MOB3A,566,stable_id
MOB3B,20599,stable_id
MOB3C,6855,stable_id
MOB4,5289,stable_id
MOBP,9014,stable_id
MOCOS,11593,stable_id
MOCS1,17856,stable_id
MOCS2,1615,stable_id
MOCS3,20867,stable_id
MOG,21483,stable_id
MOGAT1,1389,stable_id
MOGAT2,15282,stable_id
MOGS,7600,stable_id
MOK,16163,stable_id
MON1A,9056,stable_id
MON1B,22608,stable_id
MON2,9735,stable_id
MORC1,3810,stable_id
MORC3,11538,stable_id
MORC4,8353,stable_id
MORF4L1,17436,stable_id
MORF4L2,8344,stable_id
MORN1,7060,stable_id
MORN2,13379,stable_id
MORN3,7331,stable_id
MORN4,14589,stable_id
MORN5,5825,stable_id
MOS,22394,stable_id
MOSMO,13608,stable_id
MOSPD1,4055,stable_id
MOSPD2,17312,stable_id
MOSPD3,10631,stable_id
MOV10,392,stable_id
MOV10L1,1593,stable_id
MOXD1,2252,stable_id
MPC1L,22997,stable_id
MPC2,5617,stable_id
MPDU1,1990,stable_id
MPDZ,6657,stable_id
MPG,2427,stable_id
MPHOSPH10,7870,stable_id
MPHOSPH6,8605,stable_id
MPHOSPH8,22742,stable_id
MPHOSPH9,10984,stable_id
MPI,8876,stable_id
MPIG6B,20431,stable_id
MPL,991,stable_id
MPND,542,stable_id
MPO,1232,stable_id
MPP1,8339,stable_id
MPP2,1791,stable_id
MPP3,15274,stable_id
MPP4,22901,stable_id
MPP7,16380,stable_id
MPPE1,17495,stable_id
MPPED1,12334,stable_id
MPPED2,1714,stable_id
MPRIP,842,stable_id
MPST,20117,stable_id
MPV17,45145,stable_id
MPV17L,3828,stable_id
MPV17L2,10074,stable_id
MPZ,16185,stable_id
MPZL1,5615,stable_id
MPZL2,8766,stable_id
MPZL3,19728,stable_id
MR1,5566,stable_id
MRAP2,12697,stable_id
MRAS,8981,stable_id
MRC1,5708,stable_id
MRC2,2675,stable_id
MRE11,8657,stable_id
MREG,11525,stable_id
MRGBP,6195,stable_id
MRGPRD,14998,stable_id
MRGPRE,14402,stable_id
MRGPRF,8148,stable_id
MRGPRG,14755,stable_id
MRI1,791,stable_id
MRLN,2220,stable_id
MRM1,1921,stable_id
MRM2,7374,stable_id
MRM3,10950,stable_id
MRNIP,2478,stable_id
MRO,17837,stable_id
MROH1,3760,stable_id
MROH2A,22837,stable_id
MROH2B,3511,stable_id
MROH5,20194,stable_id
MROH6,37109,stable_id
MROH7,13999,stable_id
MROH8,20887,stable_id
MROH9,20157,stable_id
MRPL1,7336,stable_id
MRPL10,254,stable_id
MRPL11,4744,stable_id
MRPL12,11606,stable_id
MRPL13,3637,stable_id
MRPL14,4197,stable_id
MRPL15,9464,stable_id
MRPL16,4625,stable_id
MRPL17,8080,stable_id
MRPL18,16368,stable_id
MRPL19,7605,stable_id
MRPL2,471,stable_id
MRPL20,7072,stable_id
MRPL21,4702,stable_id
MRPL24,2114,stable_id
MRPL27,4481,stable_id
MRPL28,4347,stable_id
MRPL3,9042,stable_id
MRPL30,5347,stable_id
MRPL32,1633,stable_id
MRPL33,44861,stable_id
MRPL34,9842,stable_id
MRPL35,15407,stable_id
MRPL36,3190,stable_id
MRPL37,6795,stable_id
MRPL38,2721,stable_id
MRPL39,3955,stable_id
MRPL4,558,stable_id
MRPL40,3843,stable_id
MRPL41,10477,stable_id
MRPL42,17598,stable_id
MRPL43,4923,stable_id
MRPL44,5444,stable_id
MRPL45,2014,stable_id
MRPL46,7920,stable_id
MRPL47,10750,stable_id
MRPL48,7972,stable_id
MRPL49,1093,stable_id
MRPL50,13006,stable_id
MRPL51,7781,stable_id
MRPL52,1315,stable_id
MRPL53,7601,stable_id
MRPL54,9866,stable_id
MRPL55,10483,stable_id
MRPL57,3398,stable_id
MRPL58,2009,stable_id
MRPL9,6517,stable_id
MRPS10,9782,stable_id
MRPS11,7919,stable_id
MRPS12,13569,stable_id
MRPS14,16550,stable_id
MRPS15,6943,stable_id
MRPS16,14665,stable_id
MRPS17,9594,stable_id
MRPS18A,4215,stable_id
MRPS18B,4493,stable_id
MRPS18C,1748,stable_id
MRPS2,10137,stable_id
MRPS21,15698,stable_id
MRPS22,8976,stable_id
MRPS23,4146,stable_id
MRPS24,2544,stable_id
MRPS25,1502,stable_id
MRPS26,10828,stable_id
MRPS27,12304,stable_id
MRPS28,11839,stable_id
MRPS30,3265,stable_id
MRPS31,8413,stable_id
MRPS33,7571,stable_id
MRPS34,11318,stable_id
MRPS35,11777,stable_id
MRPS5,6076,stable_id
MRPS6,11620,stable_id
MRPS7,13793,stable_id
MRPS9,17092,stable_id
MRRF,5820,stable_id
MRS2,3047,stable_id
MRTFA,12525,stable_id
MRTFB,1249,stable_id
MRTO4,6869,stable_id
MS4A1,4617,stable_id
MS4A12,39298,stable_id
MS4A15,19204,stable_id
MS4A2,4622,stable_id
MS4A3,4623,stable_id
MS4A5,15752,stable_id
MS4A8,4639,stable_id
MSANTD1,15015,stable_id
MSANTD2,12470,stable_id
MSANTD3,11626,stable_id
MSANTD4,12150,stable_id
MSC,5259,stable_id
MSGN1,13864,stable_id
MSH2,4328,stable_id
MSH3,1531,stable_id
MSH4,851,stable_id
MSH5,1079,stable_id
MSH6,834,stable_id
MSI1,15686,stable_id
MSI2,19606,stable_id
MSL1,15394,stable_id
MSL2,18997,stable_id
MSL3,8304,stable_id
MSLN,17604,stable_id
MSLNL,12136,stable_id
MSMO1,8459,stable_id
MSMP,22527,stable_id
MSN,8225,stable_id
MSR1,4835,stable_id
MSRA,15794,stable_id
MSRB1,21310,stable_id
MSRB2,4066,stable_id
MSRB3,15010,stable_id
MSS51,3317,stable_id
MST1,9061,stable_id
MST1R,9057,stable_id
MSTN,5355,stable_id
MSTO1,19467,stable_id
MSX1,14270,stable_id
MSX2,3113,stable_id
MT-ATP6,17937,stable_id
MT-CO1,17931,stable_id
MT-CO2,17934,stable_id
MT-CO3,17938,stable_id
MT-CYB,17949,stable_id
MT-ND1,17921,stable_id
MT-ND2,17925,stable_id
MT-ND3,17940,stable_id
MT-ND4,17942,stable_id
MT-ND4L,18901,stable_id
MT-ND5,17946,stable_id
MT-ND6,17947,stable_id
MT1X,8549,stable_id
MT3,8548,stable_id
MT4,8546,stable_id
MTA1,2941,stable_id
MTA2,20093,stable_id
MTA3,16020,stable_id
MTAP,17588,stable_id
MTARC1,5654,stable_id
MTARC2,20453,stable_id
MTBP,3636,stable_id
MTCH1,4240,stable_id
MTCH2,6013,stable_id
MTCL1,15214,stable_id
MTCP1,8221,stable_id
MTDH,3574,stable_id
MTERF2,14423,stable_id
MTERF3,3143,stable_id
MTERF4,5457,stable_id
MTF1,6962,stable_id
MTF2,7198,stable_id
MTFMT,16749,stable_id
MTFP1,748,stable_id
MTFR1,6213,stable_id
MTFR1L,13761,stable_id
MTFR2,2248,stable_id
MTG1,11366,stable_id
MTG2,11387,stable_id
MTHFD1,2885,stable_id
MTHFD1L,12005,stable_id
MTHFD2,877,stable_id
MTHFD2L,7258,stable_id
MTHFR,7038,stable_id
MTHFSD,8582,stable_id
MTIF2,2530,stable_id
MTIF3,1727,stable_id
MTLN,15032,stable_id
MTM1,8291,stable_id
MTMR1,1570,stable_id
MTMR10,7871,stable_id
MTMR11,13567,stable_id
MTMR12,11540,stable_id
MTMR14,7742,stable_id
MTMR2,8650,stable_id
MTMR3,9651,stable_id
MTMR4,1920,stable_id
MTMR6,3410,stable_id
MTMR7,11533,stable_id
MTMR9,9908,stable_id
MTNR1A,15803,stable_id
MTNR1B,14912,stable_id
MTO1,8902,stable_id
MTOR,7027,stable_id
MTPAP,4382,stable_id
MTPN,7542,stable_id
MTR,3035,stable_id
MTRES1,2145,stable_id
MTREX,1687,stable_id
MTRF1,3434,stable_id
MTRF1L,2131,stable_id
MTRFR,14035,stable_id
MTRR,9742,stable_id
MTSS1,3624,stable_id
MTSS2,9438,stable_id
MTTP,6525,stable_id
MTURN,10960,stable_id
MTUS1,13490,stable_id
MTUS2,7436,stable_id
MTX1,17847,stable_id
MTX2,5923,stable_id
MTX3,3246,stable_id
MUC15,14885,stable_id
MUL1,12186,stable_id
MUS81,4747,stable_id
MUSK,16349,stable_id
MUSTN1,12595,stable_id
MUTYH,6838,stable_id
MVB12A,8581,stable_id
MVB12B,11262,stable_id
MVD,1016,stable_id
MVK,12413,stable_id
MVP,7958,stable_id
MXD1,207,stable_id
MXD3,3123,stable_id
MXD4,10635,stable_id
MXI1,4824,stable_id
MXRA8,7074,stable_id
MYADM,19398,stable_id
MYADML2,4878,stable_id
MYB,2241,stable_id
MYBBP1A,11914,stable_id
MYBL1,5249,stable_id
MYBL2,1864,stable_id
MYBPC1,2283,stable_id
MYBPC2,11232,stable_id
MYBPC3,375,stable_id
MYBPH,12585,stable_id
MYBPHL,19428,stable_id
MYC,3620,stable_id
MYCBP,6813,stable_id
MYCBP2,9207,stable_id
MYCBPAP,11407,stable_id
MYCL,6818,stable_id
MYCT1,13839,stable_id
MYD88,9008,stable_id
MYDGF,2108,stable_id
MYF5,82,stable_id
MYF6,10187,stable_id
MYG1,227,stable_id
MYH1,16138,stable_id
MYH10,2807,stable_id
MYH11,2002,stable_id
MYH13,16985,stable_id
MYH14,7994,stable_id
MYH15,31796,stable_id
MYH3,2814,stable_id
MYH6,12044,stable_id
MYH7,15429,stable_id
MYH7B,20900,stable_id
MYH8,16011,stable_id
MYH9,3685,stable_id
MYL1,17320,stable_id
MYL10,848,stable_id
MYL12A,4262,stable_id
MYL12B,9838,stable_id
MYL2,1458,stable_id
MYL3,16880,stable_id
MYL4,17176,stable_id
MYL6B,11677,stable_id
MYL7,2537,stable_id
MYL9,19252,stable_id
MYLIP,11008,stable_id
MYLK,3921,stable_id
MYLK2,6137,stable_id
MYLK3,8512,stable_id
MYMK,1224,stable_id
MYMX,22860,stable_id
MYNN,10822,stable_id
MYO10,3582,stable_id
MYO15B,9672,stable_id
MYO16,11379,stable_id
MYO18A,110,stable_id
MYO18B,20257,stable_id
MYO19,2569,stable_id
MYO1A,5022,stable_id
MYO1B,1925,stable_id
MYO1C,1851,stable_id
MYO1D,10037,stable_id
MYO1E,8824,stable_id
MYO1F,4420,stable_id
MYO1G,2516,stable_id
MYO1H,19103,stable_id
MYO3A,5153,stable_id
MYO3B,12446,stable_id
MYO5A,9732,stable_id
MYO5B,5233,stable_id
MYO5C,9388,stable_id
MYO6,9382,stable_id
MYO7A,8009,stable_id
MYO7B,4464,stable_id
MYO9A,11586,stable_id
MYO9B,743,stable_id
MYOC,5700,stable_id
MYOCD,2578,stable_id
MYOD1,1240,stable_id
MYOF,14317,stable_id
MYOG,5560,stable_id
MYOM1,4263,stable_id
MYOM2,8369,stable_id
MYOM3,10601,stable_id
MYORG,13665,stable_id
MYOT,4505,stable_id
MYOZ1,19419,stable_id
MYOZ2,6503,stable_id
MYOZ3,14462,stable_id
MYPN,2287,stable_id
MYPOP,14278,stable_id
MYRF,10241,stable_id
MYRFL,9534,stable_id
MYRIP,12369,stable_id
MYSM1,17524,stable_id
MYT1,1321,stable_id
MYT1L,17342,stable_id
MYZAP,12224,stable_id
MZB1,4445,stable_id
MZF1,7808,stable_id
MZT1,9267,stable_id
N4BP1,8489,stable_id
N4BP2,10846,stable_id
N4BP2L1,12153,stable_id
N4BP2L2,7437,stable_id
N4BP3,182,stable_id
NAA10,8328,stable_id
NAA15,17663,stable_id
NAA16,3432,stable_id
NAA20,464,stable_id
NAA25,12682,stable_id
NAA30,10302,stable_id
NAA35,3160,stable_id
NAA38,16772,stable_id
NAA40,4658,stable_id
NAA50,3838,stable_id
NAA60,930,stable_id
NAA80,22791,stable_id
NAAA,7284,stable_id
NAALAD2,12987,stable_id
NAALADL1,15851,stable_id
NAALADL2,40919,stable_id
NAB1,496,stable_id
NAB2,5023,stable_id
NABP1,5359,stable_id
NABP2,5009,stable_id
NACAD,12139,stable_id
NACC1,335,stable_id
NACC2,5844,stable_id
NADK,7070,stable_id
NADK2,3573,stable_id
NADSYN1,8158,stable_id
NAE1,8625,stable_id
NAF1,1538,stable_id
NAGA,3691,stable_id
NAGK,9788,stable_id
NAGLU,306,stable_id
NAGPA,4075,stable_id
NAGS,14204,stable_id
NAIF1,11430,stable_id
NALCN,33,stable_id
NALF1,22726,stable_id
NALF2,20122,stable_id
NAMPT,2592,stable_id
NANOS1,20188,stable_id
NANOS2,15187,stable_id
NANOS3,16098,stable_id
NANP,15612,stable_id
NANS,6620,stable_id
NAP1L1,16666,stable_id
NAP1L2,24562,stable_id
NAP1L3,16001,stable_id
NAP1L4,16736,stable_id
NAP1L5,15942,stable_id
NAPA,940,stable_id
NAPB,6117,stable_id
NAPEPLD,13293,stable_id
NAPG,4570,stable_id
NAPRT,3770,stable_id
NAPSA,387,stable_id
NARF,6,stable_id
NARS2,2038,stable_id
NASP,6844,stable_id
NAT10,5955,stable_id
NAT14,9986,stable_id
NAT8L,14184,stable_id
NAT9,1616,stable_id
NATD1,2031,stable_id
NAV1,1238,stable_id
NAV2,15309,stable_id
NAV3,2364,stable_id
NAXD,8394,stable_id
NAXE,6475,stable_id
NBAS,2594,stable_id
NBDY,27981,stable_id
NBEA,6311,stable_id
NBEAL1,20508,stable_id
NBEAL2,16217,stable_id
NBL1,12149,stable_id
NBN,6561,stable_id
NBR1,1768,stable_id
NCALD,15046,stable_id
NCAM1,11574,stable_id
NCAM2,3872,stable_id
NCAN,415,stable_id
NCAPD2,11048,stable_id
NCAPD3,9891,stable_id
NCAPG,1666,stable_id
NCAPG2,12434,stable_id
NCAPH,9852,stable_id
NCAPH2,1186,stable_id
NCBP1,6616,stable_id
NCBP2,3882,stable_id
NCBP3,2728,stable_id
NCCRP1,14022,stable_id
NCDN,6924,stable_id
NCEH1,6265,stable_id
NCF1,1676,stable_id
NCF2,5571,stable_id
NCF4,20120,stable_id
NCK1,8983,stable_id
NCK2,19088,stable_id
NCKAP1,5889,stable_id
NCKAP1L,3712,stable_id
NCKAP5,14597,stable_id
NCKAP5L,4015,stable_id
NCKIPSD,9066,stable_id
NCL,5434,stable_id
NCLN,2396,stable_id
NCMAP,12980,stable_id
NCOA1,2640,stable_id
NCOA2,911,stable_id
NCOA3,6257,stable_id
NCOA4,16119,stable_id
NCOA5,11672,stable_id
NCOA6,11098,stable_id
NCOA7,11627,stable_id
NCOR1,1942,stable_id
NCOR2,7332,stable_id
NCR1,17494,stable_id
NCS1,17531,stable_id
NCSTN,590,stable_id
NDC1,6790,stable_id
NDC80,4269,stable_id
NDE1,3827,stable_id
NDEL1,1986,stable_id
NDFIP1,4487,stable_id
NDFIP2,15471,stable_id
NDN,9386,stable_id
NDNF,14413,stable_id
NDOR1,1010,stable_id
NDP,11790,stable_id
NDRG1,805,stable_id
NDRG2,720,stable_id
NDRG3,6228,stable_id
NDRG4,10387,stable_id
NDST1,15631,stable_id
NDST2,11493,stable_id
NDST3,6414,stable_id
NDST4,6412,stable_id
NDUFA1,1716,stable_id
NDUFA10,5452,stable_id
NDUFA11,422,stable_id
NDUFA12,2264,stable_id
NDUFA13,10277,stable_id
NDUFA2,1477,stable_id
NDUFA3,10111,stable_id
NDUFA4,7421,stable_id
NDUFA4L2,11844,stable_id
NDUFA5,4063,stable_id
NDUFA6,3688,stable_id
NDUFA7,12395,stable_id
NDUFA8,5826,stable_id
NDUFA9,76,stable_id
NDUFAB1,8072,stable_id
NDUFAF1,6028,stable_id
NDUFAF2,19330,stable_id
NDUFAF3,19722,stable_id
NDUFAF4,6583,stable_id
NDUFAF5,6084,stable_id
NDUFAF6,14766,stable_id
NDUFAF7,4287,stable_id
NDUFAF8,22453,stable_id
NDUFB1,51428,stable_id
NDUFB10,11764,stable_id
NDUFB2,429,stable_id
NDUFB3,5318,stable_id
NDUFB4,3911,stable_id
NDUFB5,6253,stable_id
NDUFB6,19944,stable_id
NDUFB7,9493,stable_id
NDUFB8,4921,stable_id
NDUFB9,3625,stable_id
NDUFC1,10608,stable_id
NDUFC2,7935,stable_id
NDUFS1,5284,stable_id
NDUFS2,1435,stable_id
NDUFS3,856,stable_id
NDUFS4,3285,stable_id
NDUFS5,6814,stable_id
NDUFS6,3189,stable_id
NDUFS7,2344,stable_id
NDUFS8,16879,stable_id
NDUFV1,10888,stable_id
NDUFV2,4298,stable_id
NDUFV3,4255,stable_id
NEB,5857,stable_id
NEBL,15561,stable_id
NECAB1,11945,stable_id
NECAB2,8599,stable_id
NECAB3,6151,stable_id
NECAP1,7778,stable_id
NECAP2,6979,stable_id
NECTIN1,8715,stable_id
NECTIN2,17444,stable_id
NECTIN3,3811,stable_id
NECTIN4,997,stable_id
NEDD1,2245,stable_id
NEDD4,8821,stable_id
NEDD4L,4574,stable_id
NEDD8,1313,stable_id
NEDD9,3062,stable_id
NEFH,2489,stable_id
NEFL,3455,stable_id
NEGR1,11759,stable_id
NEIL1,8870,stable_id
NEIL2,9918,stable_id
NEIL3,11526,stable_id
NEK1,8485,stable_id
NEK10,12627,stable_id
NEK11,9894,stable_id
NEK2,5655,stable_id
NEK3,8373,stable_id
NEK4,3368,stable_id
NEK5,10827,stable_id
NEK6,5727,stable_id
NEK7,5519,stable_id
NEK8,1799,stable_id
NEK9,9624,stable_id
NELFA,7101,stable_id
NELFB,1428,stable_id
NELFCD,1700,stable_id
NELFE,4452,stable_id
NELL1,15936,stable_id
NELL2,3692,stable_id
NEMF,2855,stable_id
NEMP1,11812,stable_id
NEMP2,12762,stable_id
NENF,10741,stable_id
NEO1,8901,stable_id
NEPRO,10280,stable_id
NES,768,stable_id
NET1,2974,stable_id
NETO1,14765,stable_id
NETO2,10503,stable_id
NEU1,1081,stable_id
NEU2,22840,stable_id
NEU3,9967,stable_id
NEU4,9516,stable_id
NEURL1,1001,stable_id
NEURL1B,9668,stable_id
NEURL2,11696,stable_id
NEURL3,13914,stable_id
NEURL4,13947,stable_id
NEUROD1,9774,stable_id
NEUROD2,11050,stable_id
NEUROD4,14155,stable_id
NEUROD6,10916,stable_id
NEUROG1,14386,stable_id
NEUROG2,6410,stable_id
NEUROG3,13107,stable_id
NEXMIF,13707,stable_id
NEXN,11402,stable_id
NF1,2692,stable_id
NF2,1208,stable_id
NFASC,5551,stable_id
NFAT5,637,stable_id
NFATC1,9213,stable_id
NFATC2,6181,stable_id
NFATC2IP,7981,stable_id
NFATC3,8641,stable_id
NFATC4,4130,stable_id
NFE2,16665,stable_id
NFE2L1,11209,stable_id
NFE2L2,1658,stable_id
NFE2L3,7537,stable_id
NFIA,6758,stable_id
NFIB,1178,stable_id
NFIC,15866,stable_id
NFIL3,16222,stable_id
NFIX,336,stable_id
NFKB1,6528,stable_id
NFKB2,4936,stable_id
NFKBIA,2873,stable_id
NFKBIB,7908,stable_id
NFKBID,10518,stable_id
NFKBIE,4203,stable_id
NFKBIL1,12572,stable_id
NFKBIZ,10005,stable_id
NFRKB,12481,stable_id
NFS1,6223,stable_id
NFU1,7579,stable_id
NFX1,6672,stable_id
NFXL1,20299,stable_id
NFYA,4232,stable_id
NFYB,2399,stable_id
NFYC,9174,stable_id
NGB,2876,stable_id
NGDN,3537,stable_id
NGEF,5451,stable_id
NGF,6344,stable_id
NGFR,14,stable_id
NGLY1,3297,stable_id
NGRN,13889,stable_id
NHEJ1,5388,stable_id
NHLH1,15016,stable_id
NHLH2,14300,stable_id
NHLRC1,13082,stable_id
NHLRC2,4851,stable_id
NHLRC3,12757,stable_id
NHLRC4,30918,stable_id
NHP2,184,stable_id
NHS,16831,stable_id
NHSL1,11683,stable_id
NHSL2,22866,stable_id
NIBAN1,5573,stable_id
NIBAN2,5756,stable_id
NIBAN3,12813,stable_id
NICN1,9071,stable_id
NID1,839,stable_id
NID2,3311,stable_id
NIF3L1,5321,stable_id
NIFK,5510,stable_id
NIM1K,34708,stable_id
NIN,2896,stable_id
NINJ1,10908,stable_id
NINJ2,12228,stable_id
NINL,19313,stable_id
NIP7,8649,stable_id
NIPA1,13877,stable_id
NIPA2,7840,stable_id
NIPAL1,19147,stable_id
NIPAL2,11317,stable_id
NIPAL3,6911,stable_id
NIPAL4,2498,stable_id
NIPBL,3503,stable_id
NIPSNAP1,9623,stable_id
NIPSNAP2,7298,stable_id
NISCH,3363,stable_id
NIT1,1461,stable_id
NIT2,3861,stable_id
NKAIN1,22446,stable_id
NKAIN2,19586,stable_id
NKAIN3,16007,stable_id
NKAIN4,6198,stable_id
NKAP,1715,stable_id
NKAPD1,16895,stable_id
NKAPL,16799,stable_id
NKD1,8494,stable_id
NKD2,3166,stable_id
NKG7,729,stable_id
NKIRAS1,3291,stable_id
NKIRAS2,1861,stable_id
NKPD1,17081,stable_id
NKRF,13054,stable_id
NKTR,9018,stable_id
NKX1-1,7102,stable_id
NKX1-2,14296,stable_id
NKX2-1,261,stable_id
NKX2-2,6115,stable_id
NKX2-3,13076,stable_id
NKX2-4,15668,stable_id
NKX2-5,1619,stable_id
NKX2-6,13066,stable_id
NKX2-8,16640,stable_id
NKX3-1,3458,stable_id
NKX3-2,14598,stable_id
NKX6-1,9944,stable_id
NKX6-2,12205,stable_id
NKX6-3,17749,stable_id
NLE1,2673,stable_id
NLGN1,17806,stable_id
NLGN2,15154,stable_id
NLGN3,8274,stable_id
NLK,1794,stable_id
NLN,3251,stable_id
NLRC3,14641,stable_id
NLRC4,11442,stable_id
NLRC5,20706,stable_id
NLRP10,14603,stable_id
NLRP12,22568,stable_id
NLRP14,1740,stable_id
NLRP3,9100,stable_id
NLRP6,11264,stable_id
NLRX1,8777,stable_id
NMB,5155,stable_id
NMBR,2186,stable_id
NMD3,6303,stable_id
NME1,10774,stable_id
NME2,2774,stable_id
NME3,20443,stable_id
NME4,4345,stable_id
NME5,10209,stable_id
NME6,8985,stable_id
NME7,5622,stable_id
NME8,12157,stable_id
NME9,13650,stable_id
NMI,5856,stable_id
NMNAT1,7028,stable_id
NMNAT2,12694,stable_id
NMNAT3,8974,stable_id
NMRAL1,17700,stable_id
NMRK1,10865,stable_id
NMRK2,781,stable_id
NMS,19214,stable_id
NMT1,2834,stable_id
NMT2,5668,stable_id
NMU,7184,stable_id
NMUR1,5436,stable_id
NMUR2,10700,stable_id
NNMT,8854,stable_id
NOA1,10303,stable_id
NOB1,638,stable_id
NOC2L,34414,stable_id
NOC3L,4808,stable_id
NOC4L,9299,stable_id
NOCT,4061,stable_id
NOD1,10956,stable_id
NOD2,16063,stable_id
NODAL,10615,stable_id
NOG,14318,stable_id
NOL10,17243,stable_id
NOL11,1929,stable_id
NOL12,9243,stable_id
NOL3,1523,stable_id
NOL4,12408,stable_id
NOL4L,17237,stable_id
NOL6,6675,stable_id
NOL7,17644,stable_id
NOL8,3079,stable_id
NOL9,6993,stable_id
NOLC1,1567,stable_id
NOM1,279,stable_id
NONO,8279,stable_id
NOP10,5936,stable_id
NOP14,10428,stable_id
NOP16,5223,stable_id
NOP2,11061,stable_id
NOP53,12280,stable_id
NOP56,6096,stable_id
NOP58,5310,stable_id
NOP9,2073,stable_id
NOPCHAP1,2403,stable_id
NOS1,7247,stable_id
NOS1AP,11136,stable_id
NOS2,2754,stable_id
NOS3,7019,stable_id
NOSIP,581,stable_id
NOSTRIN,9786,stable_id
NOTCH1,5836,stable_id
NOTCH2,6357,stable_id
NOTCH3,10992,stable_id
NOTO,19359,stable_id
NOTUM,12754,stable_id
NOVA1,2884,stable_id
NOVA2,7823,stable_id
NOX1,8251,stable_id
NOX3,4154,stable_id
NOX4,7897,stable_id
NOXA1,10459,stable_id
NOXO1,2078,stable_id
NOXRED1,20306,stable_id
NPAS1,349,stable_id
NPAS2,5341,stable_id
NPAS3,2866,stable_id
NPAS4,13559,stable_id
NPAT,9228,stable_id
NPB,13015,stable_id
NPBWR1,9445,stable_id
NPC1,4480,stable_id
NPC1L1,2521,stable_id
NPC2,2992,stable_id
NPDC1,1556,stable_id
NPEPL1,11480,stable_id
NPEPPS,252,stable_id
NPFF,4045,stable_id
NPFFR1,2305,stable_id
NPFFR2,10065,stable_id
NPHP1,6080,stable_id
NPHP3,9038,stable_id
NPHP4,11583,stable_id
NPHS1,1039,stable_id
NPHS2,5640,stable_id
NPL,12670,stable_id
NPLOC4,11630,stable_id
NPM2,14126,stable_id
NPM3,16109,stable_id
NPNT,12120,stable_id
NPPA,12297,stable_id
NPPC,5440,stable_id
NPR1,6384,stable_id
NPR2,6706,stable_id
NPR3,3539,stable_id
NPRL2,1291,stable_id
NPRL3,2429,stable_id
NPS,20561,stable_id
NPSR1,12919,stable_id
NPTN,8899,stable_id
NPTX1,5121,stable_id
NPTX2,16942,stable_id
NPTXR,3666,stable_id
NPVF,7536,stable_id
NPW,19996,stable_id
NPY,7528,stable_id
NPY1R,10346,stable_id
NPY2R,6429,stable_id
NPY5R,13004,stable_id
NQO1,639,stable_id
NQO2,13846,stable_id
NR0B1,4840,stable_id
NR0B2,10770,stable_id
NR1D1,2797,stable_id
NR1D2,3294,stable_id
NR1H2,17078,stable_id
NR1H3,381,stable_id
NR1H4,14037,stable_id
NR1I2,3904,stable_id
NR1I3,880,stable_id
NR2C1,915,stable_id
NR2C2,914,stable_id
NR2C2AP,19964,stable_id
NR2E1,2147,stable_id
NR2E3,8865,stable_id
NR2F1,19506,stable_id
NR2F2,7889,stable_id
NR2F6,424,stable_id
NR3C1,4492,stable_id
NR3C2,8467,stable_id
NR4A1,4033,stable_id
NR4A2,5779,stable_id
NR4A3,6623,stable_id
NR5A1,5729,stable_id
NR5A2,5522,stable_id
NR6A1,17827,stable_id
NRAP,14454,stable_id
NRARP,22346,stable_id
NRAS,6339,stable_id
NRBF2,21029,stable_id
NRBP1,7122,stable_id
NRBP2,21290,stable_id
NRCAM,2606,stable_id
NRDE2,2951,stable_id
NREP,12724,stable_id
NRF1,16585,stable_id
NRG2,17009,stable_id
NRG3,12124,stable_id
NRG4,8881,stable_id
NRGN,15482,stable_id
NRIP1,14285,stable_id
NRIP2,270,stable_id
NRIP3,9821,stable_id
NRK,15385,stable_id
NRL,11988,stable_id
NRM,16890,stable_id
NRN1,11408,stable_id
NRN1L,13097,stable_id
NRP1,5203,stable_id
NRP2,5285,stable_id
NRROS,15278,stable_id
NRSN1,14405,stable_id
NRSN2,16791,stable_id
NRTN,11551,stable_id
NRXN1,4303,stable_id
NRXN2,9441,stable_id
NRXN3,18994,stable_id
NSA2,17111,stable_id
NSD1,3125,stable_id
NSD2,16372,stable_id
NSD3,15812,stable_id
NSDHL,8297,stable_id
NSF,9583,stable_id
NSFL1C,6127,stable_id
NSG1,7109,stable_id
NSG2,2432,stable_id
NSL1,17489,stable_id
NSMAF,6573,stable_id
NSMCE1,8001,stable_id
NSMCE2,16847,stable_id
NSMCE4A,11864,stable_id
NSMF,1011,stable_id
NSRP1,10904,stable_id
NSUN2,3183,stable_id
NSUN3,14763,stable_id
NSUN5,157,stable_id
NSUN6,5705,stable_id
NSUN7,7166,stable_id
NT5C,2704,stable_id
NT5C1A,15843,stable_id
NT5C1B,2622,stable_id
NT5C2,4833,stable_id
NT5C3A,7510,stable_id
NT5C3B,1774,stable_id
NT5DC1,11550,stable_id
NT5DC2,20072,stable_id
NT5DC3,15634,stable_id
NT5E,8958,stable_id
NT5M,9076,stable_id
NTAN1,3830,stable_id
NTF3,14443,stable_id
NTF4,20696,stable_id
NTHL1,12241,stable_id
NTM,16939,stable_id
NTMT1,5802,stable_id
NTN1,2809,stable_id
NTN3,54559,stable_id
NTN4,2261,stable_id
NTN5,19819,stable_id
NTNG1,16909,stable_id
NTNG2,10060,stable_id
NTPCR,8611,stable_id
NTRK1,6477,stable_id
NTRK2,15909,stable_id
NTRK3,16741,stable_id
NTS,2200,stable_id
NTSR1,6194,stable_id
NTSR2,2602,stable_id
NUAK1,2269,stable_id
NUAK2,1272,stable_id
NUB1,6998,stable_id
NUBP1,3721,stable_id
NUBP2,11439,stable_id
NUBPL,9925,stable_id
NUCB1,8046,stable_id
NUCB2,7944,stable_id
NUCKS1,5546,stable_id
NUDC,6938,stable_id
NUDCD1,11260,stable_id
NUDCD2,2451,stable_id
NUDCD3,15592,stable_id
NUDT1,10414,stable_id
NUDT12,4378,stable_id
NUDT13,3313,stable_id
NUDT14,481,stable_id
NUDT15,9332,stable_id
NUDT16L1,3730,stable_id
NUDT17,6492,stable_id
NUDT18,13365,stable_id
NUDT19,9841,stable_id
NUDT2,6685,stable_id
NUDT21,8543,stable_id
NUDT22,10682,stable_id
NUDT3,4367,stable_id
NUDT5,5208,stable_id
NUDT6,14723,stable_id
NUDT7,8552,stable_id
NUDT9,7222,stable_id
NUF2,5692,stable_id
NUFIP1,3423,stable_id
NUFIP2,10870,stable_id
NUMA1,18977,stable_id
NUMB,2982,stable_id
NUMBL,17633,stable_id
NUP107,15374,stable_id
NUP133,11560,stable_id
NUP153,3068,stable_id
NUP155,3504,stable_id
NUP160,15034,stable_id
NUP188,15313,stable_id
NUP205,11269,stable_id
NUP210,7636,stable_id
NUP210L,6391,stable_id
NUP214,328,stable_id
NUP35,5887,stable_id
NUP37,10001,stable_id
NUP43,11757,stable_id
NUP54,9822,stable_id
NUP58,52317,stable_id
NUP62,47244,stable_id
NUP85,2707,stable_id
NUP88,12003,stable_id
NUP93,9189,stable_id
NUP98,17722,stable_id
NUPR1,7978,stable_id
NUS1,4051,stable_id
NUSAP1,6029,stable_id
NUTM1,12221,stable_id
NVL,5591,stable_id
NWD1,14185,stable_id
NWD2,30878,stable_id
NXF1,1298,stable_id
NXN,2768,stable_id
NXNL1,9823,stable_id
NXNL2,3081,stable_id
NXPE2,8726,stable_id
NXPE3,21044,stable_id
NXPE4,13081,stable_id
NXPH1,13629,stable_id
NXPH2,19502,stable_id
NXPH3,13780,stable_id
NXPH4,11833,stable_id
NXT1,10548,stable_id
NXT2,12517,stable_id
NYAP1,13412,stable_id
NYAP2,15846,stable_id
NYNRIN,21292,stable_id
NYX,15006,stable_id
OAF,8717,stable_id
OARD1,12050,stable_id
OAS2,9099,stable_id
OAS3,9091,stable_id
OASL,12377,stable_id
OAT,8102,stable_id
OAZ1,9968,stable_id
OAZ2,11994,stable_id
OAZ3,6518,stable_id
OBI1,3491,stable_id
OBSCN,17245,stable_id
OBSL1,5423,stable_id
OC90,1543,stable_id
OCA2,7838,stable_id
OCIAD1,7125,stable_id
OCIAD2,7126,stable_id
OCLN,3208,stable_id
OCRL,212,stable_id
OCSTAMP,6251,stable_id
ODAD2,17316,stable_id
ODAD3,11601,stable_id
ODAD4,1061,stable_id
ODAM,1251,stable_id
ODAPH,34799,stable_id
ODC1,1356,stable_id
ODF1,17343,stable_id
ODF2,5753,stable_id
ODF2L,6581,stable_id
ODR4,936,stable_id
OFD1,11966,stable_id
OGA,4932,stable_id
OGDH,2527,stable_id
OGDHL,3365,stable_id
OGFOD1,9210,stable_id
OGFOD2,4145,stable_id
OGFOD3,4896,stable_id
OGFRL1,5386,stable_id
OGG1,7744,stable_id
OGN,3077,stable_id
OGT,9572,stable_id
OIP5,20330,stable_id
OIT3,1263,stable_id
OLA1,5927,stable_id
OLAH,5670,stable_id
OLFM1,5786,stable_id
OLFM2,8797,stable_id
OLFM3,6408,stable_id
OLFM4,3438,stable_id
OLFML2A,13749,stable_id
OLFML2B,11134,stable_id
OLFML3,6337,stable_id
OLIG1,13624,stable_id
OLIG2,11680,stable_id
OLIG3,13479,stable_id
OMA1,9907,stable_id
OMD,14244,stable_id
OMG,14575,stable_id
OMP,20666,stable_id
ONECUT1,12761,stable_id
ONECUT2,13581,stable_id
ONECUT3,13457,stable_id
OPA1,10971,stable_id
OPA3,15237,stable_id
OPALIN,14709,stable_id
OPCML,17435,stable_id
OPHN1,8229,stable_id
OPLAH,3764,stable_id
OPN1SW,16675,stable_id
OPN3,5595,stable_id
OPN4,3308,stable_id
OPN5,12994,stable_id
OPRD1,14808,stable_id
OPRK1,5245,stable_id
OPRL1,6206,stable_id
OPRM1,132,stable_id
OPTC,1309,stable_id
OPTN,5686,stable_id
ORAI1,14595,stable_id
ORAI2,11649,stable_id
ORAI3,12992,stable_id
ORC1,6773,stable_id
ORC2,5322,stable_id
ORC3,11762,stable_id
ORC4,5733,stable_id
ORC5,7039,stable_id
ORC6,8511,stable_id
ORMDL1,5353,stable_id
ORMDL2,4995,stable_id
ORMDL3,10995,stable_id
OS9,11913,stable_id
OSBP,4626,stable_id
OSBP2,2514,stable_id
OSBPL10,12086,stable_id
OSBPL11,3902,stable_id
OSBPL1A,13088,stable_id
OSBPL2,11377,stable_id
OSBPL3,7530,stable_id
OSBPL5,10777,stable_id
OSBPL6,12548,stable_id
OSBPL7,11168,stable_id
OSBPL8,2370,stable_id
OSBPL9,6755,stable_id
OSCAR,15762,stable_id
OSCP1,12645,stable_id
OSER1,10025,stable_id
OSGEP,970,stable_id
OSGEPL1,5352,stable_id
OSGIN1,20681,stable_id
OSGIN2,12162,stable_id
OSMR,3506,stable_id
OSR1,14252,stable_id
OSR2,3611,stable_id
OST4,11291,stable_id
OSTC,12143,stable_id
OSTF1,4634,stable_id
OSTM1,11062,stable_id
OSTN,15249,stable_id
OTC,8210,stable_id
OTOA,9880,stable_id
OTOF,17459,stable_id
OTOG,1241,stable_id
OTOGL,31543,stable_id
OTOL1,6304,stable_id
OTOP1,15108,stable_id
OTOP2,14733,stable_id
OTOP3,2011,stable_id
OTOR,6102,stable_id
OTOS,13023,stable_id
OTP,3232,stable_id
OTUB1,4660,stable_id
OTUB2,2966,stable_id
OTUD1,12859,stable_id
OTUD3,12163,stable_id
OTUD4,10547,stable_id
OTUD5,8194,stable_id
OTUD6A,15102,stable_id
OTUD6B,11952,stable_id
OTUD7A,9366,stable_id
OTUD7B,11143,stable_id
OTULIN,13594,stable_id
OTULINL,16079,stable_id
OTX1,918,stable_id
OTX2,3332,stable_id
OVCA2,11057,stable_id
OVCH2,14212,stable_id
OVGP1,20774,stable_id
OVOL1,4757,stable_id
OVOL2,10654,stable_id
OVOL3,38805,stable_id
OXA1L,164,stable_id
OXCT1,3526,stable_id
OXGR1,13258,stable_id
OXR1,3598,stable_id
OXSM,3298,stable_id
OXSR1,10437,stable_id
OXT,6025,stable_id
OXTR,14445,stable_id
P2RX1,2730,stable_id
P2RX2,7343,stable_id
P2RX3,5908,stable_id
P2RX4,7326,stable_id
P2RX5,922,stable_id
P2RX6,3868,stable_id
P2RX7,7324,stable_id
P2RY1,6294,stable_id
P2RY10,14919,stable_id
P2RY12,10322,stable_id
P2RY13,10325,stable_id
P2RY14,10331,stable_id
P2RY2,9161,stable_id
P2RY4,13123,stable_id
P2RY6,14360,stable_id
P3H1,6807,stable_id
P3H2,11003,stable_id
P3H3,4089,stable_id
P3H4,1068,stable_id
P3R3URF,22465,stable_id
P4HA1,2213,stable_id
P4HA2,2018,stable_id
P4HA3,14957,stable_id
P4HB,4869,stable_id
P4HTM,1042,stable_id
PA2G4,5002,stable_id
PABPC1L,15760,stable_id
PABPC4,1359,stable_id
PABPC4L,31313,stable_id
PABPC5,9785,stable_id
PABPN1,3530,stable_id
PABPN1L,19627,stable_id
PACC1,5658,stable_id
PACRG,10621,stable_id
PACRGL,7085,stable_id
PACS1,4718,stable_id
PACS2,2940,stable_id
PACSIN1,11843,stable_id
PACSIN2,1742,stable_id
PACSIN3,6003,stable_id
PADI1,4984,stable_id
PADI2,6981,stable_id
PADI3,4983,stable_id
PADI4,4985,stable_id
PADI6,12101,stable_id
PAF1,586,stable_id
PAFAH1B1,2712,stable_id
PAFAH1B2,532,stable_id
PAFAH1B3,844,stable_id
PAFAH2,10691,stable_id
PAG1,6161,stable_id
PAH,2277,stable_id
PAICS,7188,stable_id
PAIP1,5049,stable_id
PAIP2,10572,stable_id
PAIP2B,13558,stable_id
PAK1,8017,stable_id
PAK1IP1,11237,stable_id
PAK2,3885,stable_id
PAK3,8262,stable_id
PAK4,7911,stable_id
PAK5,11710,stable_id
PAK6,21003,stable_id
PALB2,13220,stable_id
PALD1,2307,stable_id
PALLD,16501,stable_id
PALM,10169,stable_id
PALM2AKAP2,11257,stable_id
PALM3,14141,stable_id
PALMD,9323,stable_id
PALS1,2921,stable_id
PALS2,11108,stable_id
PAM,5489,stable_id
PAMR1,5958,stable_id
PAN2,882,stable_id
PAN3,7432,stable_id
PANK1,9393,stable_id
PANK2,10744,stable_id
PANK3,2006,stable_id
PANK4,7065,stable_id
PANX1,8662,stable_id
PANX2,16586,stable_id
PANX3,1351,stable_id
PAOX,5052,stable_id
PAPLN,2981,stable_id
PAPOLA,2920,stable_id
PAPOLB,20959,stable_id
PAPOLG,2418,stable_id
PAPPA,6640,stable_id
PAPPA2,20467,stable_id
PAPSS1,6450,stable_id
PAPSS2,4741,stable_id
PAQR3,15998,stable_id
PAQR4,4180,stable_id
PAQR5,8856,stable_id
PAQR6,12239,stable_id
PAQR7,10681,stable_id
PAQR8,5260,stable_id
PAQR9,17885,stable_id
PARD3,5204,stable_id
PARD3B,15208,stable_id
PARD6A,888,stable_id
PARD6B,13204,stable_id
PARD6G,16111,stable_id
PARG,3364,stable_id
PARK7,7007,stable_id
PARL,9490,stable_id
PARM1,9878,stable_id
PARN,3834,stable_id
PARP1,5581,stable_id
PARP10,17662,stable_id
PARP11,10925,stable_id
PARP12,11151,stable_id
PARP14,9670,stable_id
PARP16,8936,stable_id
PARP2,10217,stable_id
PARP3,4100,stable_id
PARP4,15746,stable_id
PARP6,4946,stable_id
PARP8,3262,stable_id
PARP9,3968,stable_id
PARPBP,10008,stable_id
PARS2,12901,stable_id
PARVA,8015,stable_id
PARVB,3680,stable_id
PARVG,3681,stable_id
PASK,5458,stable_id
PATE1,31441,stable_id
PATE3,33950,stable_id
PATJ,17330,stable_id
PATL1,13618,stable_id
PATL2,5988,stable_id
PATZ1,2524,stable_id
PAWR,10172,stable_id
PAX1,10568,stable_id
PAX2,681,stable_id
PAX3,765,stable_id
PAX4,7471,stable_id
PAX5,1462,stable_id
PAX6,5946,stable_id
PAX7,6866,stable_id
PAX8,5873,stable_id
PAX9,262,stable_id
PAXBP1,3997,stable_id
PAXIP1,390,stable_id
PAXX,14030,stable_id
PBDC1,8235,stable_id
PBK,3441,stable_id
PBRM1,12535,stable_id
PBX1,15314,stable_id
PBX2,9762,stable_id
PBX3,11253,stable_id
PBX4,8614,stable_id
PBXIP1,12644,stable_id
PC,4738,stable_id
PCARE,13129,stable_id
PCBD1,2310,stable_id
PCBD2,3131,stable_id
PCBP1,15131,stable_id
PCBP2,16244,stable_id
PCBP3,196,stable_id
PCBP4,4140,stable_id
PCCA,12311,stable_id
PCCB,9020,stable_id
PCDH1,15051,stable_id
PCDH10,14440,stable_id
PCDH12,4495,stable_id
PCDH15,15334,stable_id
PCDH17,10077,stable_id
PCDH18,10879,stable_id
PCDH19,15033,stable_id
PCDH20,14807,stable_id
PCDH7,7099,stable_id
PCDH8,10341,stable_id
PCDH9,15940,stable_id
PCDHA1,41546,stable_id
PCDHA10,41845,stable_id
PCDHA11,40408,stable_id
PCDHA13,41428,stable_id
PCDHA2,42192,stable_id
PCDHA3,40507,stable_id
PCDHA5,41227,stable_id
PCDHAC1,41376,stable_id
PCDHAC2,40864,stable_id
PCDHB1,15122,stable_id
PCDHB13,14125,stable_id
PCDHB14,13635,stable_id
PCDHB15,20485,stable_id
PCDHB16,13687,stable_id
PCDHB2,15109,stable_id
PCDHB3,13449,stable_id
PCDHB6,13952,stable_id
PCDHB7,13874,stable_id
PCDHGA1,41272,stable_id
PCDHGA10,40422,stable_id
PCDHGA11,40903,stable_id
PCDHGA12,40616,stable_id
PCDHGA2,41447,stable_id
PCDHGA3,42380,stable_id
PCDHGA4,41758,stable_id
PCDHGA5,41659,stable_id
PCDHGA6,41867,stable_id
PCDHGA7,41572,stable_id
PCDHGA8,41959,stable_id
PCDHGA9,40626,stable_id
PCDHGB1,41176,stable_id
PCDHGB2,40909,stable_id
PCDHGB4,41675,stable_id
PCDHGB5,41825,stable_id
PCDHGB6,41223,stable_id
PCDHGB7,42113,stable_id
PCDHGC3,41069,stable_id
PCDHGC4,4034,stable_id
PCDHGC5,40721,stable_id
PCED1A,10839,stable_id
PCED1B,13087,stable_id
PCF11,12210,stable_id
PCGF1,19587,stable_id
PCGF2,1945,stable_id
PCGF3,9396,stable_id
PCGF5,4689,stable_id
PCGF6,4838,stable_id
PCID2,11175,stable_id
PCIF1,11689,stable_id
PCK1,6164,stable_id
PCK2,11981,stable_id
PCLAF,11814,stable_id
PCLO,17276,stable_id
PCM1,8452,stable_id
PCMT1,2143,stable_id
PCMTD1,15025,stable_id
PCMTD2,6207,stable_id
PCNA,6053,stable_id
PCNP,20069,stable_id
PCNT,205,stable_id
PCNX2,16996,stable_id
PCNX3,15820,stable_id
PCNX4,9703,stable_id
PCOLCE,7481,stable_id
PCOLCE2,1589,stable_id
PCP2,731,stable_id
PCP4,30989,stable_id
PCP4L1,11099,stable_id
PCSK1,3177,stable_id
PCSK1N,11485,stable_id
PCSK2,6103,stable_id
PCSK4,2331,stable_id
PCSK5,4633,stable_id
PCSK6,7865,stable_id
PCSK7,10016,stable_id
PCSK9,13089,stable_id
PCTP,2585,stable_id
PCYOX1,7581,stable_id
PCYOX1L,4568,stable_id
PCYT1A,870,stable_id
PCYT1B,9970,stable_id
PCYT2,4874,stable_id
PDAP1,7415,stable_id
PDC,935,stable_id
PDCD1,5467,stable_id
PDCD10,6333,stable_id
PDCD11,4836,stable_id
PDCD1LG2,1725,stable_id
PDCD2,1521,stable_id
PDCD2L,454,stable_id
PDCD4,4791,stable_id
PDCD5,7825,stable_id
PDCD6,3171,stable_id
PDCD7,12381,stable_id
PDCL,1204,stable_id
PDCL2,7183,stable_id
PDCL3,5342,stable_id
PDE10A,4167,stable_id
PDE11A,21193,stable_id
PDE12,12931,stable_id
PDE1A,16746,stable_id
PDE1B,3713,stable_id
PDE1C,696,stable_id
PDE2A,47916,stable_id
PDE3A,12350,stable_id
PDE3B,7952,stable_id
PDE4A,8800,stable_id
PDE4B,6731,stable_id
PDE4C,8604,stable_id
PDE4D,3241,stable_id
PDE4DIP,11004,stable_id
PDE5A,15622,stable_id
PDE6A,4565,stable_id
PDE6B,7338,stable_id
PDE6C,4804,stable_id
PDE6D,5438,stable_id
PDE6G,5016,stable_id
PDE6H,17914,stable_id
PDE7A,19497,stable_id
PDE7B,2247,stable_id
PDE8A,5123,stable_id
PDE8B,3231,stable_id
PDE9A,12148,stable_id
PDF,22620,stable_id
PDGFA,5216,stable_id
PDGFB,87,stable_id
PDGFC,6442,stable_id
PDGFD,8711,stable_id
PDGFRA,7180,stable_id
PDGFRB,4591,stable_id
PDGFRL,8454,stable_id
PDHA1,8273,stable_id
PDHA2,14053,stable_id
PDHB,3274,stable_id
PDHX,1345,stable_id
PDIA2,4349,stable_id
PDIA3,5998,stable_id
PDIA4,5210,stable_id
PDIA5,3928,stable_id
PDIA6,2591,stable_id
PDIK1L,14908,stable_id
PDILT,8114,stable_id
PDK1,1014,stable_id
PDK2,11345,stable_id
PDK3,9961,stable_id
PDK4,2106,stable_id
PDLIM1,15863,stable_id
PDLIM2,3467,stable_id
PDLIM3,8479,stable_id
PDLIM4,2483,stable_id
PDLIM5,6590,stable_id
PDLIM7,3128,stable_id
PDP1,14469,stable_id
PDP2,14245,stable_id
PDPK1,4310,stable_id
PDPR,9397,stable_id
PDRG1,6138,stable_id
PDS5A,7162,stable_id
PDS5B,9520,stable_id
PDSS1,5748,stable_id
PDSS2,11041,stable_id
PDX1,7430,stable_id
PDXDC1,3829,stable_id
PDXK,9136,stable_id
PDXP,53519,stable_id
PDYN,6092,stable_id
PDZD11,1631,stable_id
PDZD2,3532,stable_id
PDZD4,353,stable_id
PDZD7,20960,stable_id
PDZD8,20930,stable_id
PDZD9,8085,stable_id
PDZK1,11069,stable_id
PDZK1IP1,6860,stable_id
PDZRN3,10006,stable_id
PDZRN4,10284,stable_id
PEA15,1445,stable_id
PEAK1,20770,stable_id
PEAR1,6478,stable_id
PECAM1,2693,stable_id
PECR,5407,stable_id
PEDS1,30981,stable_id
PEF1,6892,stable_id
PEG3,399,stable_id
PELI1,2334,stable_id
PELI2,3331,stable_id
PELI3,4743,stable_id
PELO,12519,stable_id
PELP1,2025,stable_id
PEMT,53,stable_id
PENK,13472,stable_id
PEPD,17820,stable_id
PER1,2801,stable_id
PER2,16032,stable_id
PER3,7000,stable_id
PERCC1,51768,stable_id
PERM1,22413,stable_id
PERP,2177,stable_id
PES1,2510,stable_id
PET100,29084,stable_id
PET117,36850,stable_id
PEX1,917,stable_id
PEX10,7058,stable_id
PEX11A,7886,stable_id
PEX11B,6494,stable_id
PEX11G,19583,stable_id
PEX12,1985,stable_id
PEX13,2424,stable_id
PEX14,7016,stable_id
PEX16,5981,stable_id
PEX19,591,stable_id
PEX2,11880,stable_id
PEX26,19253,stable_id
PEX3,2151,stable_id
PEX5,797,stable_id
PEX5L,6254,stable_id
PEX6,470,stable_id
PEX7,2253,stable_id
PFAS,2806,stable_id
PFDN1,4440,stable_id
PFDN2,998,stable_id
PFDN4,15204,stable_id
PFDN5,229,stable_id
PFDN6,4426,stable_id
PFKFB1,4964,stable_id
PFKFB2,5528,stable_id
PFKFB3,5741,stable_id
PFKFB4,5143,stable_id
PFKL,2420,stable_id
PFKM,9234,stable_id
PFKP,2963,stable_id
PFN1,1902,stable_id
PFN2,6316,stable_id
PFN3,13145,stable_id
PFN4,2634,stable_id
PGAM2,2542,stable_id
PGAM5,7340,stable_id
PGAP1,20510,stable_id
PGAP2,8126,stable_id
PGAP3,11024,stable_id
PGAP4,11591,stable_id
PGAP6,4346,stable_id
PGBD5,14869,stable_id
PGC,4226,stable_id
PGD,7004,stable_id
PGF,753,stable_id
PGGHG,17369,stable_id
PGGT1B,4508,stable_id
PGK1,17380,stable_id
PGK2,8241,stable_id
PGLS,8577,stable_id
PGLYRP1,7824,stable_id
PGLYRP2,22909,stable_id
PGLYRP3,12504,stable_id
PGLYRP4,12508,stable_id
PGM1,5195,stable_id
PGM2,7139,stable_id
PGM2L1,7986,stable_id
PGM3,16092,stable_id
PGM5,12343,stable_id
PGP,12869,stable_id
PGPEP1,16108,stable_id
PGR,8619,stable_id
PGRMC1,988,stable_id
PGRMC2,14661,stable_id
PGS1,1833,stable_id
PHACTR1,15793,stable_id
PHACTR2,17572,stable_id
PHACTR3,6173,stable_id
PHACTR4,18920,stable_id
PHAF1,8634,stable_id
PHAX,1158,stable_id
PHB2,684,stable_id
PHC1,12004,stable_id
PHC2,6905,stable_id
PHC3,10794,stable_id
PHETA1,13048,stable_id
PHETA2,14596,stable_id
PHEX,16387,stable_id
PHF1,4355,stable_id
PHF10,4170,stable_id
PHF12,10845,stable_id
PHF13,14083,stable_id
PHF14,7419,stable_id
PHF19,5811,stable_id
PHF2,10941,stable_id
PHF20,10980,stable_id
PHF20L1,20197,stable_id
PHF21A,16562,stable_id
PHF21B,1739,stable_id
PHF23,1957,stable_id
PHF24,10230,stable_id
PHF3,14380,stable_id
PHF5A,17224,stable_id
PHF6,5137,stable_id
PHF7,3356,stable_id
PHF8,12180,stable_id
PHGDH,15502,stable_id
PHIP,8841,stable_id
PHKA1,9533,stable_id
PHKA2,8270,stable_id
PHKB,10491,stable_id
PHKG1,5103,stable_id
PHKG2,8042,stable_id
PHLDA1,2376,stable_id
PHLDA2,1337,stable_id
PHLDA3,12372,stable_id
PHLDB1,14298,stable_id
PHLDB2,9255,stable_id
PHLDB3,20760,stable_id
PHLPP1,13117,stable_id
PHLPP2,8532,stable_id
PHOSPHO1,14902,stable_id
PHOSPHO2,5921,stable_id
PHOX2A,1141,stable_id
PHOX2B,1402,stable_id
PHPT1,10367,stable_id
PHRF1,11207,stable_id
PHTF1,16574,stable_id
PHTF2,11735,stable_id
PHYH,5681,stable_id
PHYHD1,22867,stable_id
PHYHIP,592,stable_id
PHYHIPL,10830,stable_id
PHYKPL,2465,stable_id
PI15,19247,stable_id
PI16,4239,stable_id
PI4K2A,4903,stable_id
PI4K2B,7150,stable_id
PI4KA,12339,stable_id
PI4KB,11312,stable_id
PIANP,7779,stable_id
PIAS1,8947,stable_id
PIAS2,5037,stable_id
PIAS3,6493,stable_id
PIAS4,778,stable_id
PIBF1,3459,stable_id
PICALM,11514,stable_id
PICK1,19334,stable_id
PID1,13495,stable_id
PIDD1,5086,stable_id
PIEZO1,1490,stable_id
PIEZO2,12258,stable_id
PIF1,12137,stable_id
PIGA,8321,stable_id
PIGB,22858,stable_id
PIGBOS1,36801,stable_id
PIGC,5701,stable_id
PIGF,4325,stable_id
PIGG,7196,stable_id
PIGH,2927,stable_id
PIGK,11375,stable_id
PIGL,1476,stable_id
PIGM,14741,stable_id
PIGN,16180,stable_id
PIGO,6692,stable_id
PIGP,3976,stable_id
PIGQ,5159,stable_id
PIGR,5534,stable_id
PIGS,12418,stable_id
PIGT,1837,stable_id
PIGU,11105,stable_id
PIGV,12816,stable_id
PIGW,13349,stable_id
PIGX,4151,stable_id
PIH1D1,582,stable_id
PIH1D2,26,stable_id
PIK3AP1,4820,stable_id
PIK3C2A,7945,stable_id
PIK3C2B,5553,stable_id
PIK3C2G,7720,stable_id
PIK3C3,9398,stable_id
PIK3CA,6247,stable_id
PIK3CB,8977,stable_id
PIK3CD,11715,stable_id
PIK3CG,2593,stable_id
PIK3IP1,9740,stable_id
PIK3R1,12237,stable_id
PIK3R2,8597,stable_id
PIK3R3,6846,stable_id
PIK3R4,9048,stable_id
PIK3R5,2808,stable_id
PIK3R6,13641,stable_id
PIKFYVE,5272,stable_id
PIM1,4242,stable_id
PIM2,8195,stable_id
PIM3,10154,stable_id
PIMREG,2745,stable_id
PIN4,22865,stable_id
PINK1,6879,stable_id
PINLYP,1371,stable_id
PINX1,3391,stable_id
PIP4K2A,5722,stable_id
PIP4K2B,1948,stable_id
PIP4K2C,5032,stable_id
PIP4P1,10200,stable_id
PIP4P2,6558,stable_id
PIP5K1A,6507,stable_id
PIP5K1B,4725,stable_id
PIP5K1C,9850,stable_id
PIP5KL1,13824,stable_id
PIPOX,1806,stable_id
PIR,8319,stable_id
PIRT,14168,stable_id
PITHD1,6825,stable_id
PITPNA,1854,stable_id
PITPNB,14676,stable_id
PITPNM1,4715,stable_id
PITPNM2,7279,stable_id
PITPNM3,11949,stable_id
PITRM1,2961,stable_id
PITX1,3137,stable_id
PITX2,6444,stable_id
PITX3,4940,stable_id
PIWIL1,7292,stable_id
PIWIL2,9403,stable_id
PIWIL4,10508,stable_id
PJA1,9666,stable_id
PJA2,4288,stable_id
PJVK,21190,stable_id
PKD1,9160,stable_id
PKD1L1,13752,stable_id
PKD1L2,9669,stable_id
PKD2,9689,stable_id
PKD2L1,10767,stable_id
PKD2L2,1495,stable_id
PKDCC,4391,stable_id
PKDREJ,15306,stable_id
PKHD1,12941,stable_id
PKHD1L1,11256,stable_id
PKIA,6156,stable_id
PKIB,2193,stable_id
PKIG,9976,stable_id
PKLR,12184,stable_id
PKM,8867,stable_id
PKMYT1,4179,stable_id
PKN1,16426,stable_id
PKN2,726,stable_id
PKN3,5749,stable_id
PKNOX1,1046,stable_id
PKNOX2,10192,stable_id
PKP1,5530,stable_id
PKP2,12417,stable_id
PKP3,15645,stable_id
PKP4,5885,stable_id
PLA1A,493,stable_id
PLA2G10,3832,stable_id
PLA2G12A,6426,stable_id
PLA2G12B,1261,stable_id
PLA2G15,8642,stable_id
PLA2G1B,7354,stable_id
PLA2G2C,6875,stable_id
PLA2G2D,12172,stable_id
PLA2G2E,6876,stable_id
PLA2G2F,6874,stable_id
PLA2G3,9726,stable_id
PLA2G4A,16115,stable_id
PLA2G4B,36945,stable_id
PLA2G4C,9465,stable_id
PLA2G4D,19865,stable_id
PLA2G4E,14734,stable_id
PLA2G4F,13853,stable_id
PLA2G5,12170,stable_id
PLA2G6,12651,stable_id
PLA2G7,4183,stable_id
PLA2R1,15759,stable_id
PLAA,6766,stable_id
PLAAT1,3736,stable_id
PLAAT3,17090,stable_id
PLAAT5,4789,stable_id
PLAC8,7230,stable_id
PLAC8L1,16816,stable_id
PLAC9,34199,stable_id
PLAG1,556,stable_id
PLAGL2,15062,stable_id
PLAT,8418,stable_id
PLAU,3321,stable_id
PLAUR,13646,stable_id
PLB1,7114,stable_id
PLBD1,7709,stable_id
PLBD2,7397,stable_id
PLCB1,14990,stable_id
PLCB2,11767,stable_id
PLCB3,4780,stable_id
PLCB4,11717,stable_id
PLCD1,1332,stable_id
PLCD3,2835,stable_id
PLCD4,5395,stable_id
PLCE1,4807,stable_id
PLCG1,1751,stable_id
PLCG2,9640,stable_id
PLCH1,10473,stable_id
PLCH2,7064,stable_id
PLCL1,11090,stable_id
PLCL2,11331,stable_id
PLCXD1,17889,stable_id
PLCXD2,28645,stable_id
PLCXD3,14455,stable_id
PLCZ1,7721,stable_id
PLD1,6264,stable_id
PLD2,2756,stable_id
PLD3,571,stable_id
PLD4,15230,stable_id
PLD5,15903,stable_id
PLD6,12918,stable_id
PLEC,3766,stable_id
PLEK,2323,stable_id
PLEK2,2926,stable_id
PLEKHA1,11838,stable_id
PLEKHA2,8432,stable_id
PLEKHA3,467,stable_id
PLEKHA4,11898,stable_id
PLEKHA5,7722,stable_id
PLEKHA6,12354,stable_id
PLEKHA7,13496,stable_id
PLEKHA8,815,stable_id
PLEKHB1,7969,stable_id
PLEKHB2,5369,stable_id
PLEKHD1,18998,stable_id
PLEKHF1,20713,stable_id
PLEKHF2,14666,stable_id
PLEKHG1,11984,stable_id
PLEKHG2,10759,stable_id
PLEKHG3,15333,stable_id
PLEKHG4,1525,stable_id
PLEKHG5,11634,stable_id
PLEKHG6,11002,stable_id
PLEKHH1,17103,stable_id
PLEKHH2,12077,stable_id
PLEKHH3,9936,stable_id
PLEKHJ1,9982,stable_id
PLEKHM1,9607,stable_id
PLEKHM2,6976,stable_id
PLEKHM3,15041,stable_id
PLEKHN1,22412,stable_id
PLEKHO1,1641,stable_id
PLEKHO2,14863,stable_id
PLEKHS1,10152,stable_id
PLG,16826,stable_id
PLGRKT,1723,stable_id
PLIN1,7887,stable_id
PLIN2,6718,stable_id
PLIN3,4357,stable_id
PLIN4,487,stable_id
PLIN5,1362,stable_id
PLK1,8070,stable_id
PLK2,3243,stable_id
PLK3,6834,stable_id
PLK4,5176,stable_id
PLLP,8556,stable_id
PLN,11194,stable_id
PLOD1,2043,stable_id
PLOD2,8924,stable_id
PLOD3,761,stable_id
PLP1,8346,stable_id
PLPBP,8379,stable_id
PLPP1,3282,stable_id
PLPP2,15226,stable_id
PLPP3,6723,stable_id
PLPP4,19750,stable_id
PLPP5,8440,stable_id
PLPP6,11775,stable_id
PLPP7,15050,stable_id
PLPPR1,17701,stable_id
PLPPR2,11958,stable_id
PLPPR3,10158,stable_id
PLPPR4,13210,stable_id
PLPPR5,9312,stable_id
PLRG1,6425,stable_id
PLS1,14533,stable_id
PLS3,1713,stable_id
PLSCR3,2091,stable_id
PLSCR4,8927,stable_id
PLSCR5,34491,stable_id
PLTP,1845,stable_id
PLVAP,9829,stable_id
PLXDC1,1801,stable_id
PLXDC2,5726,stable_id
PLXNA1,7631,stable_id
PLXNA2,5666,stable_id
PLXNA3,8336,stable_id
PLXNA4,7500,stable_id
PLXNB1,15552,stable_id
PLXNB2,10404,stable_id
PLXNB3,8325,stable_id
PLXNC1,20946,stable_id
PLXND1,7658,stable_id
PM20D1,12509,stable_id
PM20D2,15775,stable_id
PMCH,10017,stable_id
PMEL,5000,stable_id
PMEPA1,11112,stable_id
PMF1,6472,stable_id
PMFBP1,8527,stable_id
PML,10545,stable_id
PMM1,3703,stable_id
PMM2,3847,stable_id
PMP2,15299,stable_id
PMP22,1895,stable_id
PMPCA,5839,stable_id
PMPCB,7043,stable_id
PMS1,5354,stable_id
PMS2,22710,stable_id
PMVK,6398,stable_id
PNCK,356,stable_id
PNISR,6576,stable_id
PNKD,5400,stable_id
PNKP,507,stable_id
PNLDC1,20449,stable_id
PNLIP,13587,stable_id
PNLIPRP1,12478,stable_id
PNLIPRP2,4859,stable_id
PNMA1,15709,stable_id
PNMA2,13640,stable_id
PNMA3,13661,stable_id
PNMA8A,12158,stable_id
PNMA8B,19881,stable_id
PNMA8C,46139,stable_id
PNMT,11031,stable_id
PNN,2861,stable_id
PNO1,2322,stable_id
PNOC,13517,stable_id
PNPLA1,12825,stable_id
PNPLA2,5088,stable_id
PNPLA3,12312,stable_id
PNPLA5,2013,stable_id
PNPLA6,723,stable_id
PNPLA7,10472,stable_id
PNPLA8,10295,stable_id
PNPO,1974,stable_id
PNPT1,2535,stable_id
PNRC1,11785,stable_id
PNRC2,6830,stable_id
POC1A,4120,stable_id
POC1B,2230,stable_id
POC5,3224,stable_id
PODN,6780,stable_id
PODNL1,1410,stable_id
PODXL2,9256,stable_id
POF1B,9736,stable_id
POFUT1,13590,stable_id
POFUT2,2407,stable_id
POGK,11970,stable_id
POGLUT1,9537,stable_id
POGLUT2,5326,stable_id
POGLUT3,9700,stable_id
POGZ,11328,stable_id
POLA1,1044,stable_id
POLA2,4705,stable_id
POLB,8416,stable_id
POLD1,11221,stable_id
POLD2,2538,stable_id
POLD4,4717,stable_id
POLDIP2,192,stable_id
POLDIP3,12375,stable_id
POLE,1085,stable_id
POLE2,2853,stable_id
POLE3,6652,stable_id
POLE4,7603,stable_id
POLG,11435,stable_id
POLG2,2694,stable_id
POLH,4207,stable_id
POLI,11124,stable_id
POLK,3221,stable_id
POLL,4930,stable_id
POLM,2541,stable_id
POLN,13337,stable_id
POLQ,9591,stable_id
POLR1A,14554,stable_id
POLR1B,6088,stable_id
POLR1C,19131,stable_id
POLR1D,7429,stable_id
POLR1E,6611,stable_id
POLR1F,2586,stable_id
POLR1H,10313,stable_id
POLR2A,811,stable_id
POLR2B,7191,stable_id
POLR2C,8563,stable_id
POLR2D,4397,stable_id
POLR2E,741,stable_id
POLR2F,9214,stable_id
POLR2G,20108,stable_id
POLR2H,2869,stable_id
POLR2I,2122,stable_id
POLR2K,13583,stable_id
POLR2L,11141,stable_id
POLR2M,8815,stable_id
POLR3A,4969,stable_id
POLR3B,9684,stable_id
POLR3C,6491,stable_id
POLR3D,133,stable_id
POLR3E,8081,stable_id
POLR3F,6109,stable_id
POLR3H,3705,stable_id
POLRMT,2452,stable_id
POMC,2652,stable_id
POMGNT1,6848,stable_id
POMGNT2,18960,stable_id
POMK,10642,stable_id
POMP,7434,stable_id
POMT1,11477,stable_id
POMT2,9560,stable_id
PON1,447,stable_id
PON2,9093,stable_id
PON3,7496,stable_id
POP1,3609,stable_id
POP4,7827,stable_id
POP5,16979,stable_id
POP7,7479,stable_id
POPDC2,3900,stable_id
POPDC3,2174,stable_id
POR,857,stable_id
PORCN,8207,stable_id
POSTN,6288,stable_id
POU1F1,759,stable_id
POU2AF1,8742,stable_id
POU2F1,5614,stable_id
POU2F2,1176,stable_id
POU2F3,8718,stable_id
POU3F1,30929,stable_id
POU3F2,34066,stable_id
POU3F3,13456,stable_id
POU3F4,16246,stable_id
POU4F1,14240,stable_id
POU4F2,8508,stable_id
POU4F3,4518,stable_id
POU5F2,32850,stable_id
POU6F1,1270,stable_id
POU6F2,1269,stable_id
PP2D1,13291,stable_id
PPA1,2304,stable_id
PPA2,6437,stable_id
PPAN,672,stable_id
PPARA,3645,stable_id
PPARD,397,stable_id
PPARG,84,stable_id
PPARGC1A,7136,stable_id
PPARGC1B,9475,stable_id
PPAT,7187,stable_id
PPCDC,17795,stable_id
PPCS,6803,stable_id
PPDPF,1709,stable_id
PPEF1,17410,stable_id
PPEF2,7283,stable_id
PPFIA1,10745,stable_id
PPFIA2,15589,stable_id
PPFIA3,640,stable_id
PPFIA4,5559,stable_id
PPFIBP1,1720,stable_id
PPFIBP2,10373,stable_id
PPHLN1,10264,stable_id
PPIB,8931,stable_id
PPIC,4548,stable_id
PPID,6315,stable_id
PPIE,6816,stable_id
PPIF,3337,stable_id
PPIG,12469,stable_id
PPIH,17012,stable_id
PPIL1,4237,stable_id
PPIL2,3879,stable_id
PPIL3,5320,stable_id
PPIL4,1647,stable_id
PPIL6,22407,stable_id
PPIP5K1,9368,stable_id
PPIP5K2,11990,stable_id
PPL,11539,stable_id
PPM1A,2911,stable_id
PPM1B,17185,stable_id
PPM1D,2567,stable_id
PPM1E,13705,stable_id
PPM1F,5402,stable_id
PPM1G,7121,stable_id
PPM1H,9739,stable_id
PPM1J,393,stable_id
PPM1K,10859,stable_id
PPM1L,6302,stable_id
PPM1M,2402,stable_id
PPM1N,7817,stable_id
PPME1,7979,stable_id
PPOX,17541,stable_id
PPP1CA,11883,stable_id
PPP1CB,1540,stable_id
PPP1CC,709,stable_id
PPP1R10,11461,stable_id
PPP1R11,10335,stable_id
PPP1R12A,2210,stable_id
PPP1R12B,20475,stable_id
PPP1R12C,2068,stable_id
PPP1R13B,3024,stable_id
PPP1R13L,12037,stable_id
PPP1R14A,10612,stable_id
PPP1R14C,11995,stable_id
PPP1R14D,6036,stable_id
PPP1R15B,13600,stable_id
PPP1R16A,9458,stable_id
PPP1R16B,10833,stable_id
PPP1R17,502,stable_id
PPP1R18,9733,stable_id
PPP1R1A,3714,stable_id
PPP1R1B,17299,stable_id
PPP1R1C,9767,stable_id
PPP1R21,9778,stable_id
PPP1R26,10155,stable_id
PPP1R27,4868,stable_id
PPP1R35,7485,stable_id
PPP1R36,15239,stable_id
PPP1R37,15060,stable_id
PPP1R3A,12681,stable_id
PPP1R3B,13804,stable_id
PPP1R3C,19159,stable_id
PPP1R3D,14671,stable_id
PPP1R3E,20196,stable_id
PPP1R3F,11580,stable_id
PPP1R3G,14789,stable_id
PPP1R42,5251,stable_id
PPP1R8,6956,stable_id
PPP1R9A,9148,stable_id
PPP1R9B,11350,stable_id
PPP2CA,2461,stable_id
PPP2CB,1258,stable_id
PPP2R1A,1102,stable_id
PPP2R1B,8745,stable_id
PPP2R2A,3452,stable_id
PPP2R2B,4520,stable_id
PPP2R2C,7104,stable_id
PPP2R2D,12358,stable_id
PPP2R3A,12797,stable_id
PPP2R3C,2870,stable_id
PPP2R5A,5657,stable_id
PPP2R5B,4669,stable_id
PPP2R5C,1862,stable_id
PPP2R5D,16804,stable_id
PPP2R5E,2886,stable_id
PPP3CA,6527,stable_id
PPP3CB,3318,stable_id
PPP3CC,3469,stable_id
PPP3R1,9499,stable_id
PPP3R2,6608,stable_id
PPP4C,7967,stable_id
PPP4R1,17347,stable_id
PPP4R3A,12386,stable_id
PPP4R3B,2534,stable_id
PPP4R4,2969,stable_id
PPP5C,529,stable_id
PPP6C,5730,stable_id
PPP6R1,15254,stable_id
PPP6R2,10386,stable_id
PPP6R3,4749,stable_id
PPRC1,15953,stable_id
PPT2,1606,stable_id
PPTC7,11193,stable_id
PPWD1,3254,stable_id
PPY,1792,stable_id
PQBP1,8197,stable_id
PRADC1,7588,stable_id
PRAF2,8191,stable_id
PRAG1,14753,stable_id
PRAM1,9117,stable_id
PRC1,11339,stable_id
PRCC,771,stable_id
PRCD,21238,stable_id
PRCP,17183,stable_id
PRDM1,10996,stable_id
PRDM10,12599,stable_id
PRDM11,21041,stable_id
PRDM12,22856,stable_id
PRDM13,11921,stable_id
PRDM14,12570,stable_id
PRDM15,1463,stable_id
PRDM16,11528,stable_id
PRDM2,16419,stable_id
PRDM4,10066,stable_id
PRDM5,7567,stable_id
PRDM6,19552,stable_id
PRDM8,10043,stable_id
PRDX1,6842,stable_id
PRDX2,810,stable_id
PRDX3,4806,stable_id
PRDX4,4973,stable_id
PRDX5,4775,stable_id
PREB,13392,stable_id
PRELID1,3124,stable_id
PRELID2,16204,stable_id
PRELID3A,4542,stable_id
PRELID3B,1703,stable_id
PRELP,12286,stable_id
PREP,2175,stable_id
PREPL,4313,stable_id
PREX1,11596,stable_id
PREX2,14401,stable_id
PRF1,10623,stable_id
PRG2,5910,stable_id
PRG3,5909,stable_id
PRG4,937,stable_id
PRICKLE1,10261,stable_id
PRICKLE2,7592,stable_id
PRICKLE3,8187,stable_id
PRICKLE4,35222,stable_id
PRIM1,5019,stable_id
PRIM2,5375,stable_id
PRIMA1,12316,stable_id
PRIMPOL,11035,stable_id
PRKAA1,14855,stable_id
PRKAA2,6724,stable_id
PRKAB1,7349,stable_id
PRKAB2,11022,stable_id
PRKACA,846,stable_id
PRKACB,792,stable_id
PRKAG1,19233,stable_id
PRKAG2,6990,stable_id
PRKAG3,1023,stable_id
PRKAR1A,2617,stable_id
PRKAR1B,5215,stable_id
PRKAR2A,9068,stable_id
PRKAR2B,516,stable_id
PRKCA,14933,stable_id
PRKCB,15388,stable_id
PRKCD,3385,stable_id
PRKCE,13316,stable_id
PRKCG,22567,stable_id
PRKCH,2918,stable_id
PRKCI,10791,stable_id
PRKCQ,5744,stable_id
PRKCSH,576,stable_id
PRKCZ,7062,stable_id
PRKD1,461,stable_id
PRKD2,12168,stable_id
PRKD3,4278,stable_id
PRKDC,3822,stable_id
PRKG1,15396,stable_id
PRKG2,7235,stable_id
PRKN,4158,stable_id
PRKRA,465,stable_id
PRKRIP1,11643,stable_id
PRKX,10125,stable_id
PRLH,31146,stable_id
PRLHR,13320,stable_id
PRLR,822,stable_id
PRM2,10936,stable_id
PRM3,14686,stable_id
PRMT1,47063,stable_id
PRMT2,2391,stable_id
PRMT3,7860,stable_id
PRMT5,4069,stable_id
PRMT6,14489,stable_id
PRMT7,16968,stable_id
PRMT8,7792,stable_id
PRMT9,10599,stable_id
PRND,6049,stable_id
PRNP,22678,stable_id
PROB1,20489,stable_id
PROCR,6219,stable_id
PRODH2,10497,stable_id
PROK1,19751,stable_id
PROK2,7624,stable_id
PROKR2,14823,stable_id
PROM1,7083,stable_id
PROM2,6078,stable_id
PROP1,13176,stable_id
PRORP,2871,stable_id
PROS1,3970,stable_id
PROSER1,14536,stable_id
PROSER2,13398,stable_id
PROSER3,10486,stable_id
PROX1,1304,stable_id
PROX2,12534,stable_id
PROZ,8359,stable_id
PRPF18,11535,stable_id
PRPF19,4643,stable_id
PRPF3,1643,stable_id
PRPF31,1164,stable_id
PRPF38A,17779,stable_id
PRPF39,10090,stable_id
PRPF4,18940,stable_id
PRPF40A,17187,stable_id
PRPF40B,4013,stable_id
PRPF6,431,stable_id
PRPF8,2773,stable_id
PRPH,4139,stable_id
PRPH2,4221,stable_id
PRPS1,8351,stable_id
PRPS1L1,31965,stable_id
PRPS2,5169,stable_id
PRPSAP1,1664,stable_id
PRPSAP2,2570,stable_id
PRR11,2554,stable_id
PRR12,13735,stable_id
PRR14,8044,stable_id
PRR14L,15692,stable_id
PRR15,13515,stable_id
PRR15L,13879,stable_id
PRR16,20478,stable_id
PRR18,16051,stable_id
PRR19,16656,stable_id
PRR22,31023,stable_id
PRR3,11147,stable_id
PRR30,12739,stable_id
PRR32,10581,stable_id
PRR33,12948,stable_id
PRR5,10245,stable_id
PRR5L,9152,stable_id
PRR7,9770,stable_id
PRR9,16125,stable_id
PRRC1,4578,stable_id
PRRC2A,4467,stable_id
PRRC2B,11479,stable_id
PRRC2C,11822,stable_id
PRRG1,14147,stable_id
PRRG2,1129,stable_id
PRRG3,9318,stable_id
PRRG4,5948,stable_id
PRRT1,1607,stable_id
PRRT2,13344,stable_id
PRRT3,13306,stable_id
PRRT4,22955,stable_id
PRRX1,5632,stable_id
PRRX2,11547,stable_id
PRSS12,6415,stable_id
PRSS16,951,stable_id
PRSS22,13311,stable_id
PRSS23,11527,stable_id
PRSS27,14872,stable_id
PRSS33,14577,stable_id
PRSS35,9360,stable_id
PRSS36,19753,stable_id
PRSS37,7564,stable_id
PRSS38,14486,stable_id
PRSS48,14417,stable_id
PRSS50,14350,stable_id
PRSS51,15212,stable_id
PRSS53,13049,stable_id
PRSS54,14257,stable_id
PRSS55,9745,stable_id
PRSS56,10360,stable_id
PRSS57,2447,stable_id
PRSS58,15181,stable_id
PRSS8,8034,stable_id
PRTG,10220,stable_id
PRTN3,16441,stable_id
PRUNE1,1637,stable_id
PRUNE2,11412,stable_id
PRX,15459,stable_id
PRXL2A,3302,stable_id
PRXL2B,7066,stable_id
PRXL2C,3120,stable_id
PSAP,679,stable_id
PSAPL1,12865,stable_id
PSAT1,4595,stable_id
PSCA,3785,stable_id
PSD,10596,stable_id
PSD2,4441,stable_id
PSD3,7842,stable_id
PSD4,5875,stable_id
PSEN1,2234,stable_id
PSEN2,1330,stable_id
PSENEN,10474,stable_id
PSIP1,6714,stable_id
PSKH1,14230,stable_id
PSMA1,8002,stable_id
PSMA2,1632,stable_id
PSMA3,16962,stable_id
PSMA4,8873,stable_id
PSMA5,19431,stable_id
PSMA6,2872,stable_id
PSMA7,6193,stable_id
PSMA8,10438,stable_id
PSMB1,1520,stable_id
PSMB10,8638,stable_id
PSMB11,20187,stable_id
PSMB2,6927,stable_id
PSMB3,19603,stable_id
PSMB4,895,stable_id
PSMB5,3529,stable_id
PSMB6,1900,stable_id
PSMB7,5728,stable_id
PSMB8,4437,stable_id
PSMB9,35366,stable_id
PSMC1,2950,stable_id
PSMC2,6983,stable_id
PSMC3,376,stable_id
PSMC3IP,2076,stable_id
PSMC4,7912,stable_id
PSMC5,2687,stable_id
PSMC6,3326,stable_id
PSMD1,5433,stable_id
PSMD10,8348,stable_id
PSMD11,1804,stable_id
PSMD12,2696,stable_id
PSMD13,5071,stable_id
PSMD14,5829,stable_id
PSMD2,1073,stable_id
PSMD3,1780,stable_id
PSMD4,872,stable_id
PSMD5,5808,stable_id
PSMD6,3268,stable_id
PSMD7,11385,stable_id
PSMD8,7906,stable_id
PSMD9,7305,stable_id
PSME1,3547,stable_id
PSME3,22496,stable_id
PSME3IP1,8555,stable_id
PSME4,12076,stable_id
PSMF1,9164,stable_id
PSMG1,3971,stable_id
PSMG2,4547,stable_id
PSMG3,7369,stable_id
PSMG4,20043,stable_id
PSORS1C2,4477,stable_id
PSPC1,3378,stable_id
PSPH,7308,stable_id
PSPN,458,stable_id
PSRC1,19427,stable_id
PSTK,17641,stable_id
PSTPIP1,8889,stable_id
PSTPIP2,5041,stable_id
PTAFR,16178,stable_id
PTAR1,21004,stable_id
PTBP1,1015,stable_id
PTBP2,6512,stable_id
PTBP3,6644,stable_id
PTCD1,7416,stable_id
PTCD2,3215,stable_id
PTCD3,17804,stable_id
PTCH1,3111,stable_id
PTCH2,6835,stable_id
PTCHD1,12277,stable_id
PTCHD3,11447,stable_id
PTCHD4,12511,stable_id
PTDSS1,3142,stable_id
PTDSS2,5077,stable_id
PTER,5718,stable_id
PTF1A,5720,stable_id
PTGDR,20053,stable_id
PTGDR2,9555,stable_id
PTGDS,1553,stable_id
PTGER1,2092,stable_id
PTGER2,10834,stable_id
PTGER3,11747,stable_id
PTGER4,11716,stable_id
PTGES,14866,stable_id
PTGES2,5774,stable_id
PTGES3,19960,stable_id
PTGES3L,36040,stable_id
PTGFR,6454,stable_id
PTGFRN,6348,stable_id
PTGIR,12763,stable_id
PTGIS,1871,stable_id
PTGR1,6642,stable_id
PTGR2,20316,stable_id
PTGS1,13939,stable_id
PTGS2,8992,stable_id
PTH,16727,stable_id
PTH1R,8995,stable_id
PTH2,11071,stable_id
PTH2R,5271,stable_id
PTHLH,14359,stable_id
PTK2,3790,stable_id
PTK2B,16817,stable_id
PTK6,11266,stable_id
PTK7,4218,stable_id
PTMA,5437,stable_id
PTN,7541,stable_id
PTOV1,11148,stable_id
PTP4A2,6898,stable_id
PTP4A3,16922,stable_id
PTPA,11562,stable_id
PTPDC1,10947,stable_id
PTPMT1,17653,stable_id
PTPN1,6180,stable_id
PTPN11,12937,stable_id
PTPN12,6886,stable_id
PTPN13,9723,stable_id
PTPN14,5642,stable_id
PTPN18,5372,stable_id
PTPN2,4549,stable_id
PTPN20,3380,stable_id
PTPN21,2865,stable_id
PTPN22,6335,stable_id
PTPN23,10228,stable_id
PTPN3,11273,stable_id
PTPN4,5513,stable_id
PTPN5,8063,stable_id
PTPN6,685,stable_id
PTPN7,8395,stable_id
PTPN9,8863,stable_id
PTPRA,6026,stable_id
PTPRB,2345,stable_id
PTPRC,5521,stable_id
PTPRCAP,13544,stable_id
PTPRD,6656,stable_id
PTPRE,12380,stable_id
PTPRF,9300,stable_id
PTPRH,10032,stable_id
PTPRJ,4975,stable_id
PTPRK,2199,stable_id
PTPRM,9295,stable_id
PTPRN,5418,stable_id
PTPRN2,16183,stable_id
PTPRO,7716,stable_id
PTPRQ,10185,stable_id
PTPRR,2342,stable_id
PTPRS,1420,stable_id
PTPRT,15442,stable_id
PTPRU,6972,stable_id
PTPRZ1,19430,stable_id
PTRH1,15571,stable_id
PTRH2,20208,stable_id
PTRHD1,34937,stable_id
PTS,8752,stable_id
PTTG1IP,1229,stable_id
PTX3,6330,stable_id
PTX4,13063,stable_id
PUDP,14381,stable_id
PUF60,441,stable_id
PUM1,6768,stable_id
PUM2,2605,stable_id
PUM3,12223,stable_id
PURA,12998,stable_id
PURB,33513,stable_id
PURG,14464,stable_id
PUS1,7346,stable_id
PUS10,2422,stable_id
PUS3,8774,stable_id
PUS7,16402,stable_id
PUS7L,9317,stable_id
PUSL1,15100,stable_id
PVALB,890,stable_id
PWP1,315,stable_id
PWP2,9149,stable_id
PWWP2A,13288,stable_id
PWWP2B,17006,stable_id
PWWP3A,2347,stable_id
PWWP3B,12611,stable_id
PXDC1,3086,stable_id
PXDN,2660,stable_id
PXK,9480,stable_id
PXMP2,7339,stable_id
PXMP4,149,stable_id
PXN,7357,stable_id
PXYLP1,12903,stable_id
PYCARD,8030,stable_id
PYCR1,4877,stable_id
PYCR2,5593,stable_id
PYGB,9230,stable_id
PYGL,2897,stable_id
PYGM,9086,stable_id
PYGO1,9854,stable_id
PYGO2,14098,stable_id
PYM1,17835,stable_id
PYROXD1,12318,stable_id
PYROXD2,16998,stable_id
PYY,1790,stable_id
QDPR,1654,stable_id
QPCT,4289,stable_id
QPCTL,7820,stable_id
QPRT,7954,stable_id
QRFP,12787,stable_id
QRICH1,1041,stable_id
QRSL1,2184,stable_id
QSER1,21024,stable_id
QSOX1,9409,stable_id
QSOX2,10316,stable_id
QTRT1,486,stable_id
QTRT2,3841,stable_id
R3HCC1,9587,stable_id
R3HCC1L,4904,stable_id
R3HDM1,16110,stable_id
R3HDM2,5025,stable_id
R3HDM4,10143,stable_id
R3HDML,22630,stable_id
RAB10,2657,stable_id
RAB11A,750,stable_id
RAB11B,22000,stable_id
RAB11FIP1,8382,stable_id
RAB11FIP2,11751,stable_id
RAB11FIP3,10585,stable_id
RAB11FIP4,1820,stable_id
RAB11FIP5,15040,stable_id
RAB12,4136,stable_id
RAB13,6387,stable_id
RAB14,5814,stable_id
RAB15,2892,stable_id
RAB17,5473,stable_id
RAB18,20500,stable_id
RAB19,7575,stable_id
RAB1A,2340,stable_id
RAB1B,4728,stable_id
RAB20,8393,stable_id
RAB21,2332,stable_id
RAB22A,6168,stable_id
RAB23,749,stable_id
RAB24,9808,stable_id
RAB25,1180,stable_id
RAB26,22957,stable_id
RAB27A,8816,stable_id
RAB27B,4527,stable_id
RAB28,7111,stable_id
RAB29,5545,stable_id
RAB2A,13917,stable_id
RAB2B,3514,stable_id
RAB30,7934,stable_id
RAB31,16177,stable_id
RAB33A,8166,stable_id
RAB33B,6283,stable_id
RAB34,370,stable_id
RAB35,7352,stable_id
RAB36,2359,stable_id
RAB37,2701,stable_id
RAB38,7895,stable_id
RAB39A,15870,stable_id
RAB39B,8223,stable_id
RAB3A,8602,stable_id
RAB3B,578,stable_id
RAB3C,3242,stable_id
RAB3D,2044,stable_id
RAB3GAP1,10244,stable_id
RAB3GAP2,11497,stable_id
RAB3IL1,4608,stable_id
RAB3IP,17873,stable_id
RAB40B,4897,stable_id
RAB40C,5160,stable_id
RAB42,30606,stable_id
RAB43,7613,stable_id
RAB44,17867,stable_id
RAB4A,2096,stable_id
RAB4B,15478,stable_id
RAB5A,1859,stable_id
RAB5B,120,stable_id
RAB5C,2057,stable_id
RAB5IF,6231,stable_id
RAB6A,7971,stable_id
RAB6B,9031,stable_id
RAB7B,15348,stable_id
RAB8A,520,stable_id
RAB8B,10524,stable_id
RAB9A,22785,stable_id
RAB9B,12876,stable_id
RABAC1,574,stable_id
RABEP1,2750,stable_id
RABEP2,7985,stable_id
RABEPK,19929,stable_id
RABGAP1,10035,stable_id
RABGAP1L,5711,stable_id
RABGEF1,4989,stable_id
RABGGTA,11919,stable_id
RABGGTB,11349,stable_id
RABIF,12501,stable_id
RABL3,3915,stable_id
RABL6,1552,stable_id
RAC1,327,stable_id
RAC2,9281,stable_id
RAC3,1876,stable_id
RACGAP1,4019,stable_id
RACK1,2472,stable_id
RAD1,3571,stable_id
RAD17,3206,stable_id
RAD18,7733,stable_id
RAD21,3603,stable_id
RAD21L1,20918,stable_id
RAD23A,634,stable_id
RAD23B,6673,stable_id
RAD50,2477,stable_id
RAD51,6039,stable_id
RAD51AP1,7790,stable_id
RAD51B,16723,stable_id
RAD51C,1111,stable_id
RAD51D,2003,stable_id
RAD52,7684,stable_id
RAD54B,22546,stable_id
RAD54L,6850,stable_id
RAD54L2,12000,stable_id
RAD9A,4699,stable_id
RAD9B,11187,stable_id
RADIL,7384,stable_id
RADX,12600,stable_id
RAE1,6162,stable_id
RAF1,85,stable_id
RAG1,17214,stable_id
RAG2,9162,stable_id
RAI1,17395,stable_id
RAI14,3569,stable_id
RAI2,12889,stable_id
RALA,1196,stable_id
RALB,708,stable_id
RALBP1,4295,stable_id
RALGAPA1,2874,stable_id
RALGAPA2,10591,stable_id
RALGAPB,6240,stable_id
RALGDS,5775,stable_id
RALGPS1,11301,stable_id
RALGPS2,5636,stable_id
RALY,6208,stable_id
RALYL,11638,stable_id
RAMP1,9650,stable_id
RAMP2,219,stable_id
RAMP3,12132,stable_id
RAN,7296,stable_id
RANBP1,892,stable_id
RANBP10,10708,stable_id
RANBP17,11969,stable_id
RANBP2,546,stable_id
RANBP3,421,stable_id
RANBP3L,14263,stable_id
RANBP6,20996,stable_id
RANBP9,11179,stable_id
RANGAP1,3652,stable_id
RANGRF,9172,stable_id
RAP1A,19436,stable_id
RAP1B,15346,stable_id
RAP1GAP,12217,stable_id
RAP1GAP2,11294,stable_id
RAP1GDS1,6521,stable_id
RAP2A,15112,stable_id
RAP2B,10499,stable_id
RAP2C,14680,stable_id
RAPGEF1,11688,stable_id
RAPGEF2,17429,stable_id
RAPGEF3,3700,stable_id
RAPGEF4,14425,stable_id
RAPGEF5,12428,stable_id
RAPGEF6,10751,stable_id
RAPGEFL1,10937,stable_id
RAPH1,5306,stable_id
RAPSN,378,stable_id
RARA,10920,stable_id
RARB,1810,stable_id
RARG,228,stable_id
RARRES1,14513,stable_id
RARRES2,1228,stable_id
RARS2,6600,stable_id
RASA1,3156,stable_id
RASA2,8953,stable_id
RASA3,8367,stable_id
RASAL1,7401,stable_id
RASAL2,19820,stable_id
RASAL3,15222,stable_id
RASD1,14647,stable_id
RASD2,9693,stable_id
RASEF,12758,stable_id
RASGEF1A,7664,stable_id
RASGEF1B,30700,stable_id
RASGEF1C,2473,stable_id
RASGRF1,8912,stable_id
RASGRF2,3249,stable_id
RASGRP1,6057,stable_id
RASGRP2,9192,stable_id
RASGRP3,19953,stable_id
RASGRP4,7904,stable_id
RASIP1,13183,stable_id
RASL10A,9592,stable_id
RASL10B,2667,stable_id
RASL11A,7428,stable_id
RASL11B,14652,stable_id
RASL12,12327,stable_id
RASSF1,1294,stable_id
RASSF10,36615,stable_id
RASSF2,6050,stable_id
RASSF3,5199,stable_id
RASSF4,12468,stable_id
RASSF5,5543,stable_id
RASSF6,7253,stable_id
RASSF7,11210,stable_id
RASSF8,7737,stable_id
RASSF9,13279,stable_id
RAVER1,1305,stable_id
RAVER2,9980,stable_id
RAX,4533,stable_id
RB1,3480,stable_id
RB1CC1,5246,stable_id
RBAK,17339,stable_id
RBBP4,16341,stable_id
RBBP5,5550,stable_id
RBBP6,8019,stable_id
RBBP7,8300,stable_id
RBBP8,12185,stable_id
RBBP8NL,11351,stable_id
RBBP9,6110,stable_id
RBCK1,6134,stable_id
RBFA,4563,stable_id
RBFOX1,1182,stable_id
RBFOX2,9379,stable_id
RBFOX3,5116,stable_id
RBIS,22551,stable_id
RBKS,7116,stable_id
RBL1,6233,stable_id
RBL2,8497,stable_id
RBM10,8144,stable_id
RBM11,9190,stable_id
RBM14,1004,stable_id
RBM15,14179,stable_id
RBM15B,20690,stable_id
RBM17,10622,stable_id
RBM18,5822,stable_id
RBM19,7393,stable_id
RBM20,12916,stable_id
RBM22,4584,stable_id
RBM24,10987,stable_id
RBM25,1329,stable_id
RBM26,3490,stable_id
RBM27,4516,stable_id
RBM28,7468,stable_id
RBM3,8205,stable_id
RBM33,14218,stable_id
RBM34,9491,stable_id
RBM38,6163,stable_id
RBM39,6224,stable_id
RBM4,33899,stable_id
RBM41,8352,stable_id
RBM42,10436,stable_id
RBM43,10292,stable_id
RBM44,19869,stable_id
RBM45,12553,stable_id
RBM46,9478,stable_id
RBM47,19875,stable_id
RBM48,11853,stable_id
RBM4B,9436,stable_id
RBM5,9054,stable_id
RBM6,9055,stable_id
RBM7,12564,stable_id
RBMS1,5868,stable_id
RBMS2,11761,stable_id
RBMS3,11589,stable_id
RBMX,8180,stable_id
RBMX2,8168,stable_id
RBP1,13690,stable_id
RBP2,8973,stable_id
RBP3,12270,stable_id
RBP4,4802,stable_id
RBP7,7030,stable_id
RBPJ,11441,stable_id
RBPJL,1763,stable_id
RBPMS,8449,stable_id
RBPMS2,8934,stable_id
RBSN,1501,stable_id
RBX1,3654,stable_id
RC3H1,11896,stable_id
RC3H2,21221,stable_id
RCAN1,3983,stable_id
RCAN2,11588,stable_id
RCAN3,16876,stable_id
RCBTB1,10046,stable_id
RCBTB2,3481,stable_id
RCC1,6965,stable_id
RCC1L,17356,stable_id
RCC2,12106,stable_id
RCCD1,11336,stable_id
RCE1,4736,stable_id
RCHY1,7273,stable_id
RCL1,4675,stable_id
RCN1,927,stable_id
RCN2,8888,stable_id
RCN3,2103,stable_id
RCOR1,10881,stable_id
RCOR2,4785,stable_id
RCOR3,10701,stable_id
RCSD1,12029,stable_id
RCVRN,2813,stable_id
RD3,14504,stable_id
RD3L,31516,stable_id
RDH10,5254,stable_id
RDH11,19000,stable_id
RDH12,2928,stable_id
RDH13,1169,stable_id
RDH14,2621,stable_id
RDH5,4992,stable_id
RDH8,15578,stable_id
RDX,8740,stable_id
REC114,20757,stable_id
REC8,410,stable_id
RECK,6709,stable_id
RECQL,7727,stable_id
RECQL4,9437,stable_id
RECQL5,2714,stable_id
REEP1,15384,stable_id
REEP2,11182,stable_id
REEP3,2191,stable_id
REEP4,9387,stable_id
REEP5,907,stable_id
REG4,6356,stable_id
REL,2419,stable_id
RELA,4761,stable_id
RELB,511,stable_id
RELCH,5483,stable_id
RELL1,14114,stable_id
RELL2,13009,stable_id
RELN,12586,stable_id
RELT,1161,stable_id
REM1,66,stable_id
REM2,3518,stable_id
REN,19845,stable_id
RENBP,8327,stable_id
REP15,11780,stable_id
REPIN1,15361,stable_id
REPS1,2180,stable_id
REPS2,12078,stable_id
RER1,7059,stable_id
RERE,11692,stable_id
RERG,7715,stable_id
RERGL,31855,stable_id
REST,7190,stable_id
RET,7651,stable_id
RETN,1406,stable_id
RETREG1,3581,stable_id
RETREG2,14501,stable_id
RETREG3,1856,stable_id
RETSAT,16203,stable_id
REV1,5344,stable_id
REV3L,2169,stable_id
REX1BD,16676,stable_id
REXO1,13978,stable_id
REXO2,8725,stable_id
REXO4,15285,stable_id
REXO5,8099,stable_id
RFC1,7154,stable_id
RFC2,4067,stable_id
RFC3,9508,stable_id
RFC4,3949,stable_id
RFC5,7248,stable_id
RFESD,12805,stable_id
RFFL,2676,stable_id
RFK,4632,stable_id
RFLNA,10906,stable_id
RFLNB,2769,stable_id
RFNG,4890,stable_id
RFT1,15281,stable_id
RFTN1,11496,stable_id
RFTN2,5288,stable_id
RFWD3,9391,stable_id
RFX1,8516,stable_id
RFX2,4360,stable_id
RFX3,12100,stable_id
RFX4,2272,stable_id
RFX5,894,stable_id
RFX6,2207,stable_id
RFX7,10801,stable_id
RFX8,16321,stable_id
RFXANK,10252,stable_id
RFXAP,10407,stable_id
RGCC,3430,stable_id
RGL1,5572,stable_id
RGL2,12219,stable_id
RGL3,11793,stable_id
RGMA,19800,stable_id
RGMB,14157,stable_id
RGN,4052,stable_id
RGP1,6705,stable_id
RGR,3310,stable_id
RGS1,5504,stable_id
RGS10,8056,stable_id
RGS11,4350,stable_id
RGS12,7094,stable_id
RGS13,14967,stable_id
RGS14,15211,stable_id
RGS16,5568,stable_id
RGS17,2132,stable_id
RGS18,5503,stable_id
RGS19,432,stable_id
RGS2,5505,stable_id
RGS20,433,stable_id
RGS21,36964,stable_id
RGS22,10786,stable_id
RGS3,16892,stable_id
RGS4,11166,stable_id
RGS5,5690,stable_id
RGS6,2978,stable_id
RGS7,5597,stable_id
RGS7BP,3259,stable_id
RGS8,12663,stable_id
RGS9,2607,stable_id
RGS9BP,16074,stable_id
RGSL1,12653,stable_id
RHAG,4190,stable_id
RHBDD1,5378,stable_id
RHBDD2,11712,stable_id
RHBDD3,9580,stable_id
RHBDF1,2423,stable_id
RHBDF2,2743,stable_id
RHBDL1,5164,stable_id
RHBDL2,12842,stable_id
RHBDL3,1829,stable_id
RHBG,42472,stable_id
RHCG,7888,stable_id
RHEB,6991,stable_id
RHEBL1,4148,stable_id
RHNO1,14331,stable_id
RHO,7776,stable_id
RHOA,1124,stable_id
RHOB,15706,stable_id
RHOBTB1,2225,stable_id
RHOBTB2,3463,stable_id
RHOBTB3,3178,stable_id
RHOC,394,stable_id
RHOD,12385,stable_id
RHOF,7310,stable_id
RHOG,20655,stable_id
RHOH,7164,stable_id
RHOJ,13796,stable_id
RHOQ,4324,stable_id
RHOT1,1827,stable_id
RHOT2,5163,stable_id
RHOU,11724,stable_id
RHOV,9601,stable_id
RHPN1,3774,stable_id
RHPN2,7855,stable_id
RIBC1,4954,stable_id
RIBC2,3673,stable_id
RIC1,11227,stable_id
RIC3,14235,stable_id
RIC8A,5069,stable_id
RIC8B,10095,stable_id
RICTOR,14762,stable_id
RIDA,3607,stable_id
RIF1,10278,stable_id
RIIAD1,6516,stable_id
RILP,11017,stable_id
RILPL1,7271,stable_id
RILPL2,7274,stable_id
RIMBP2,7290,stable_id
RIMKLA,14385,stable_id
RIMKLB,11991,stable_id
RIMS1,12317,stable_id
RIMS2,10698,stable_id
RIMS3,9171,stable_id
RIMS4,9958,stable_id
RIN1,4733,stable_id
RIN2,311,stable_id
RIN3,13150,stable_id
RING1,4431,stable_id
RINL,15144,stable_id
RINT1,7032,stable_id
RIOK1,3096,stable_id
RIOK2,53740,stable_id
RIOK3,4475,stable_id
RIOX1,13801,stable_id
RIOX2,3853,stable_id
RIPK1,3085,stable_id
RIPK2,12156,stable_id
RIPK3,3552,stable_id
RIPK4,819,stable_id
RIPOR1,11203,stable_id
RIPOR2,10212,stable_id
RIPOR3,20868,stable_id
RIPPLY2,14119,stable_id
RIPPLY3,3977,stable_id
RIT1,6466,stable_id
RIT2,16386,stable_id
RITA1,7399,stable_id
RLBP1,11443,stable_id
RLF,14643,stable_id
RLIM,16181,stable_id
RLN3,13371,stable_id
RMC1,4478,stable_id
RMDN1,6564,stable_id
RMDN2,10326,stable_id
RMDN3,19868,stable_id
RMI1,10009,stable_id
RMI2,10919,stable_id
RMND1,2126,stable_id
RMND5A,391,stable_id
RMND5B,183,stable_id
RNASE1,10179,stable_id
RNASE10,3340,stable_id
RNASE12,19378,stable_id
RNASE13,19373,stable_id
RNASE4,3342,stable_id
RNASE6,3345,stable_id
RNASEH1,2628,stable_id
RNASEH2A,15399,stable_id
RNASEH2B,3375,stable_id
RNASEH2C,4759,stable_id
RNASEK,33105,stable_id
RNASEL,19073,stable_id
RND1,15817,stable_id
RND2,232,stable_id
RND3,1770,stable_id
RNF10,12349,stable_id
RNF103,15341,stable_id
RNF11,6753,stable_id
RNF111,8822,stable_id
RNF112,1296,stable_id
RNF114,999,stable_id
RNF115,6490,stable_id
RNF121,19776,stable_id
RNF122,11500,stable_id
RNF123,12268,stable_id
RNF125,9247,stable_id
RNF126,10177,stable_id
RNF128,8354,stable_id
RNF13,10366,stable_id
RNF130,2475,stable_id
RNF133,15186,stable_id
RNF138,4429,stable_id
RNF139,10579,stable_id
RNF14,17042,stable_id
RNF141,8026,stable_id
RNF144A,2637,stable_id
RNF144B,10962,stable_id
RNF145,2061,stable_id
RNF146,11316,stable_id
RNF148,22334,stable_id
RNF149,14211,stable_id
RNF150,14075,stable_id
RNF151,1174,stable_id
RNF152,13996,stable_id
RNF157,15403,stable_id
RNF166,1492,stable_id
RNF167,12040,stable_id
RNF168,1464,stable_id
RNF169,16662,stable_id
RNF17,67,stable_id
RNF170,1455,stable_id
RNF180,3260,stable_id
RNF182,13059,stable_id
RNF183,17796,stable_id
RNF185,2522,stable_id
RNF186,19846,stable_id
RNF19B,6902,stable_id
RNF2,5574,stable_id
RNF20,6607,stable_id
RNF207,16598,stable_id
RNF208,13199,stable_id
RNF212,15931,stable_id
RNF212B,50387,stable_id
RNF213,19736,stable_id
RNF214,12706,stable_id
RNF215,612,stable_id
RNF216,13328,stable_id
RNF217,17768,stable_id
RNF220,6832,stable_id
RNF222,13717,stable_id
RNF223,48125,stable_id
RNF224,30802,stable_id
RNF225,9507,stable_id
RNF227,12861,stable_id
RNF24,14388,stable_id
RNF25,5393,stable_id
RNF31,13893,stable_id
RNF32,7112,stable_id
RNF34,7329,stable_id
RNF38,10118,stable_id
RNF39,10361,stable_id
RNF4,7100,stable_id
RNF40,8043,stable_id
RNF41,5008,stable_id
RNF43,9581,stable_id
RNF44,9863,stable_id
RNF5,1608,stable_id
RNF6,7423,stable_id
RNF8,30894,stable_id
RNFT1,2563,stable_id
RNFT2,9157,stable_id
RNGTT,6591,stable_id
RNH1,11224,stable_id
RNLS,20080,stable_id
RNMT,1242,stable_id
RNPC3,6416,stable_id
RNPEP,12409,stable_id
RNPEPL1,5453,stable_id
RNPS1,9766,stable_id
RO60,1892,stable_id
ROBO1,3950,stable_id
ROBO2,15310,stable_id
ROBO3,8793,stable_id
ROBO4,8790,stable_id
ROCK1,4413,stable_id
ROCK2,2596,stable_id
ROGDI,3745,stable_id
ROM1,20095,stable_id
ROMO1,19255,stable_id
ROPN1L,3562,stable_id
ROR1,9993,stable_id
ROR2,3110,stable_id
RORA,8832,stable_id
RORB,10273,stable_id
RORC,6522,stable_id
ROS1,2203,stable_id
RP1,5242,stable_id
RP2,16965,stable_id
RP9,8833,stable_id
RPA1,129,stable_id
RPA2,6958,stable_id
RPA3,1400,stable_id
RPAIN,1932,stable_id
RPAP1,9526,stable_id
RPAP2,9444,stable_id
RPAP3,3698,stable_id
RPE65,6534,stable_id
RPF1,6544,stable_id
RPF2,11153,stable_id
RPGRIP1,16308,stable_id
RPGRIP1L,9296,stable_id
RPH3A,7405,stable_id
RPH3AL,2770,stable_id
RPIA,15543,stable_id
RPL10,1184,stable_id
RPL10A,10850,stable_id
RPL10L,17053,stable_id
RPL11,16776,stable_id
RPL12,11327,stable_id
RPL13,127,stable_id
RPL13A,20700,stable_id
RPL14,5198,stable_id
RPL15,1395,stable_id
RPL18A,13346,stable_id
RPL19,1798,stable_id
RPL22,6985,stable_id
RPL22L1,11462,stable_id
RPL23,20038,stable_id
RPL23A,16607,stable_id
RPL26,17148,stable_id
RPL27,17672,stable_id
RPL27A,13682,stable_id
RPL28,7832,stable_id
RPL3,16954,stable_id
RPL32,16463,stable_id
RPL34,17363,stable_id
RPL35A,17083,stable_id
RPL36,16467,stable_id
RPL37,12383,stable_id
RPL37A,13673,stable_id
RPL38,16354,stable_id
RPL39,22949,stable_id
RPL3L,439,stable_id
RPL4,8942,stable_id
RPL5,16609,stable_id
RPL6,7408,stable_id
RPL7A,17528,stable_id
RPL7L1,17807,stable_id
RPL8,652,stable_id
RPN1,7620,stable_id
RPN2,6234,stable_id
RPP14,4080,stable_id
RPP21,4497,stable_id
RPP25,17445,stable_id
RPP25L,10250,stable_id
RPP30,4687,stable_id
RPP38,14663,stable_id
RPP40,3092,stable_id
RPRD1A,11906,stable_id
RPRD1B,6239,stable_id
RPRD2,6496,stable_id
RPRM,21217,stable_id
RPRML,13644,stable_id
RPS11,583,stable_id
RPS13,31295,stable_id
RPS14,4585,stable_id
RPS15,17705,stable_id
RPS15A,1185,stable_id
RPS16,10761,stable_id
RPS17,17314,stable_id
RPS18,1183,stable_id
RPS19BP1,15094,stable_id
RPS2,13172,stable_id
RPS20,6567,stable_id
RPS21,11360,stable_id
RPS23,14541,stable_id
RPS27A,2531,stable_id
RPS27L,10454,stable_id
RPS28,19161,stable_id
RPS5,1409,stable_id
RPS6,6719,stable_id
RPS6KA1,617,stable_id
RPS6KA2,4157,stable_id
RPS6KA3,8277,stable_id
RPS6KA4,-1,missing
RPS6KA5,2952,stable_id
RPS6KA6,5149,stable_id
RPS6KB1,2560,stable_id
RPS6KB2,4703,stable_id
RPS6KC1,30744,stable_id
RPS6KL1,2067,stable_id
RPS7,17248,stable_id
RPS8,14054,stable_id
RPS9,979,stable_id
RPTOR,5122,stable_id
RPUSD1,12171,stable_id
RPUSD2,6040,stable_id
RPUSD3,14987,stable_id
RPUSD4,8736,stable_id
RRAD,8627,stable_id
RRAGA,19925,stable_id
RRAGB,12314,stable_id
RRAGC,6812,stable_id
RRAGD,6593,stable_id
RRAS,11107,stable_id
RRAS2,15997,stable_id
RRBP1,6105,stable_id
RREB1,11393,stable_id
RRH,6436,stable_id
RRM1,8118,stable_id
RRM2,2642,stable_id
RRM2B,3588,stable_id
RRN3,3831,stable_id
RRP1,17166,stable_id
RRP12,9901,stable_id
RRP15,231,stable_id
RRP1B,16575,stable_id
RRP36,4217,stable_id
RRP7A,1877,stable_id
RRP8,8086,stable_id
RRP9,12264,stable_id
RRS1,17164,stable_id
RS1,8268,stable_id
RSAD1,11397,stable_id
RSAD2,2636,stable_id
RSBN1,13040,stable_id
RSBN1L,11728,stable_id
RSF1,10097,stable_id
RSKR,10771,stable_id
RSL1D1,904,stable_id
RSL24D1,8820,stable_id
RSPH1,4251,stable_id
RSPH14,1207,stable_id
RSPH4A,11578,stable_id
RSPH6A,12084,stable_id
RSPH9,4214,stable_id
RSPO1,6950,stable_id
RSPO2,15179,stable_id
RSPO3,2196,stable_id
RSPO4,9158,stable_id
RSPRY1,14694,stable_id
RSRC1,9714,stable_id
RSRC2,7291,stable_id
RSRP1,10650,stable_id
RSU1,5715,stable_id
RTBDN,14319,stable_id
RTCA,62,stable_id
RTCB,314,stable_id
RTEL1,11238,stable_id
RTF1,6027,stable_id
RTF2,6158,stable_id
RTKN,9864,stable_id
RTKN2,10864,stable_id
RTL3,14057,stable_id
RTL4,20112,stable_id
RTL5,14465,stable_id
RTL6,16003,stable_id
RTL9,27388,stable_id
RTN1,2906,stable_id
RTN2,7816,stable_id
RTN3,4655,stable_id
RTN4,2529,stable_id
RTN4IP1,2185,stable_id
RTN4R,12952,stable_id
RTN4RL1,13388,stable_id
RTN4RL2,14910,stable_id
RTP1,9326,stable_id
RTP2,14009,stable_id
RTRAF,3312,stable_id
RTTN,4049,stable_id
RUBCN,10099,stable_id
RUBCNL,9874,stable_id
RUFY1,2474,stable_id
RUFY2,2289,stable_id
RUFY3,7215,stable_id
RUFY4,17319,stable_id
RUNDC1,9887,stable_id
RUNDC3A,1028,stable_id
RUNDC3B,11962,stable_id
RUNX1,3984,stable_id
RUNX1T1,1031,stable_id
RUNX2,11422,stable_id
RUNX3,19853,stable_id
RUSC1,12193,stable_id
RUSC2,10207,stable_id
RUSF1,8020,stable_id
RUVBL1,7628,stable_id
RUVBL2,642,stable_id
RWDD1,2135,stable_id
RWDD2A,8955,stable_id
RWDD2B,12142,stable_id
RWDD3,6511,stable_id
RWDD4,8439,stable_id
RXFP1,9519,stable_id
RXFP2,15495,stable_id
RXFP4,14613,stable_id
RXRA,1660,stable_id
RXRB,11611,stable_id
RXRG,1659,stable_id
RXYLT1,9743,stable_id
RYBP,20293,stable_id
RYK,9029,stable_id
RYR1,7907,stable_id
RYR2,3036,stable_id
RYR3,16366,stable_id
S100A1,13034,stable_id
S100A10,12419,stable_id
S100A11,6376,stable_id
S100A13,12533,stable_id
S100A14,12531,stable_id
S100A16,20828,stable_id
S100A3,173,stable_id
S100A4,172,stable_id
S100A5,174,stable_id
S100A6,175,stable_id
S100A8,16076,stable_id
S100B,9274,stable_id
S100G,12058,stable_id
S100PBP,12099,stable_id
S100Z,3228,stable_id
S1PR1,13332,stable_id
S1PR2,12973,stable_id
S1PR3,19208,stable_id
S1PR4,13068,stable_id
S1PR5,13330,stable_id
SAA4,11748,stable_id
SAAL1,1057,stable_id
SAC3D1,4679,stable_id
SACM1L,4948,stable_id
SACS,14220,stable_id
SAE1,15380,stable_id
SAFB,19956,stable_id
SAFB2,12647,stable_id
SAG,16077,stable_id
SALL1,8496,stable_id
SALL2,14546,stable_id
SALL3,4561,stable_id
SALL4,6183,stable_id
SAMD10,11204,stable_id
SAMD12,16636,stable_id
SAMD13,14328,stable_id
SAMD14,13915,stable_id
SAMD3,15044,stable_id
SAMD4A,3328,stable_id
SAMD4B,47075,stable_id
SAMD5,17051,stable_id
SAMD7,15168,stable_id
SAMD8,3289,stable_id
SAMD9L,14073,stable_id
SAMHD1,6232,stable_id
SAMM50,3679,stable_id
SAMSN1,3946,stable_id
SANBR,12491,stable_id
SAP130,4399,stable_id
SAP30,8462,stable_id
SAP30BP,2715,stable_id
SAP30L,2561,stable_id
SAPCD1,10270,stable_id
SAPCD2,5858,stable_id
SAR1A,2303,stable_id
SAR1B,2481,stable_id
SARAF,8412,stable_id
SARDH,1255,stable_id
SARM1,14712,stable_id
SARNP,22399,stable_id
SARS2,19857,stable_id
SART1,11421,stable_id
SART3,2035,stable_id
SASH1,1580,stable_id
SASH3,8164,stable_id
SASS6,6404,stable_id
SAT1,4970,stable_id
SAT2,19623,stable_id
SATB1,4191,stable_id
SATB2,11083,stable_id
SAV1,2895,stable_id
SAXO2,11188,stable_id
SAYSD1,13341,stable_id
SBDS,4988,stable_id
SBF1,10374,stable_id
SBF2,11100,stable_id
SBK1,12752,stable_id
SBK2,7833,stable_id
SBK3,27138,stable_id
SBNO1,10976,stable_id
SBNO2,10110,stable_id
SBSPON,9109,stable_id
SC5D,8720,stable_id
SCAF1,11115,stable_id
SCAF11,9284,stable_id
SCAF4,4000,stable_id
SCAF8,13638,stable_id
SCAI,9964,stable_id
SCAMP1,3234,stable_id
SCAMP2,11810,stable_id
SCAMP3,6463,stable_id
SCAMP4,51475,stable_id
SCAMP5,12028,stable_id
SCAND1,13647,stable_id
SCAP,8991,stable_id
SCAPER,9518,stable_id
SCARA3,9690,stable_id
SCARA5,3440,stable_id
SCARB1,10895,stable_id
SCARB2,7293,stable_id
SCARF1,11014,stable_id
SCARF2,1382,stable_id
SCCPDH,11338,stable_id
SCEL,3493,stable_id
SCFD1,2843,stable_id
SCFD2,17394,stable_id
SCG2,14861,stable_id
SCG3,8804,stable_id
SCG5,4097,stable_id
SCGB1A1,4602,stable_id
SCGB3A1,17843,stable_id
SCGN,3045,stable_id
SCHIP1,6299,stable_id
SCIMP,16311,stable_id
SCIN,444,stable_id
SCLT1,16901,stable_id
SCLY,5475,stable_id
SCMH1,9,stable_id
SCML4,13242,stable_id
SCN10A,9711,stable_id
SCN11A,9553,stable_id
SCN1A,17913,stable_id
SCN1B,2062,stable_id
SCN2A,21212,stable_id
SCN2B,19727,stable_id
SCN3A,16327,stable_id
SCN3B,14482,stable_id
SCN4A,176,stable_id
SCN4B,13714,stable_id
SCN5A,9009,stable_id
SCN7A,9817,stable_id
SCN8A,4032,stable_id
SCN9A,21211,stable_id
SCNM1,32209,stable_id
SCNN1A,7785,stable_id
SCNN1B,8076,stable_id
SCNN1G,38,stable_id
SCO1,19624,stable_id
SCO2,31697,stable_id
SCOC,17660,stable_id
SCP2,6783,stable_id
SCP2D1,6113,stable_id
SCPEP1,48,stable_id
SCRG1,8463,stable_id
SCRIB,3767,stable_id
SCRN1,2051,stable_id
SCRN2,2789,stable_id
SCRN3,1157,stable_id
SCRT1,14251,stable_id
SCRT2,17005,stable_id
SCT,11192,stable_id
SCTR,5515,stable_id
SCUBE1,1746,stable_id
SCUBE2,1092,stable_id
SCUBE3,11235,stable_id
SCX,9573,stable_id
SCYL1,4767,stable_id
SCYL2,19568,stable_id
SCYL3,5630,stable_id
SDAD1,7286,stable_id
SDC1,2603,stable_id
SDC2,3576,stable_id
SDC3,5170,stable_id
SDC4,1764,stable_id
SDCBP,6577,stable_id
SDCBP2,6128,stable_id
SDCCAG8,5586,stable_id
SDE2,11293,stable_id
SDF2,371,stable_id
SDF2L1,3877,stable_id
SDF4,7080,stable_id
SDHA,3172,stable_id
SDHAF1,20728,stable_id
SDHAF2,4613,stable_id
SDHAF3,12605,stable_id
SDHAF4,5383,stable_id
SDHB,1274,stable_id
SDHC,16508,stable_id
SDHD,28,stable_id
SDK1,11622,stable_id
SDK2,12289,stable_id
SDR16C5,6568,stable_id
SDR39U1,3553,stable_id
SDR42E1,9630,stable_id
SDR9C7,11784,stable_id
SDS,7396,stable_id
SDSL,7395,stable_id
SEBOX,193,stable_id
SEC11A,5156,stable_id
SEC11C,4531,stable_id
SEC13,7758,stable_id
SEC14L1,2753,stable_id
SEC14L2,613,stable_id
SEC14L3,15848,stable_id
SEC14L4,2083,stable_id
SEC14L5,31666,stable_id
SEC16A,5837,stable_id
SEC16B,5634,stable_id
SEC22A,9694,stable_id
SEC22B,6358,stable_id
SEC22C,17265,stable_id
SEC23A,2856,stable_id
SEC23B,6111,stable_id
SEC23IP,15918,stable_id
SEC24A,10333,stable_id
SEC24B,181,stable_id
SEC24C,11516,stable_id
SEC24D,11468,stable_id
SEC31A,9997,stable_id
SEC31B,15192,stable_id
SEC61A1,7629,stable_id
SEC61A2,5207,stable_id
SEC61B,15483,stable_id
SEC61G,22645,stable_id
SEC62,6269,stable_id
SEC63,2146,stable_id
SECISBP2,9924,stable_id
SECISBP2L,9911,stable_id
SEH1L,22934,stable_id
SEL1L,2851,stable_id
SEL1L2,20937,stable_id
SEL1L3,7152,stable_id
SELE,5629,stable_id
SELENOF,10578,stable_id
SELENOI,21308,stable_id
SELENOK,12669,stable_id
SELENOM,21307,stable_id
SELENON,14940,stable_id
SELENOO,10130,stable_id
SELENOP,17952,stable_id
SELENOS,21306,stable_id
SELENOT,21305,stable_id
SELENOW,12285,stable_id
SELL,5628,stable_id
SELP,5627,stable_id
SEM1,12620,stable_id
SEMA3A,6957,stable_id
SEMA3B,16483,stable_id
SEMA3C,6893,stable_id
SEMA3D,11832,stable_id
SEMA3E,17717,stable_id
SEMA3F,9768,stable_id
SEMA3G,3358,stable_id
SEMA4A,6471,stable_id
SEMA4B,7882,stable_id
SEMA4C,5368,stable_id
SEMA4D,3103,stable_id
SEMA4F,108,stable_id
SEMA4G,4922,stable_id
SEMA5A,3559,stable_id
SEMA5B,15218,stable_id
SEMA6A,2110,stable_id
SEMA6B,216,stable_id
SEMA6C,11282,stable_id
SEMA6D,5966,stable_id
SEMA7A,11055,stable_id
SENP1,9237,stable_id
SENP3,813,stable_id
SENP5,3880,stable_id
SENP6,9609,stable_id
SENP7,15395,stable_id
SENP8,15133,stable_id
SEPHS1,5679,stable_id
SEPHS2,14434,stable_id
SEPSECS,7140,stable_id
SEPTIN1,86,stable_id
SEPTIN10,2214,stable_id
SEPTIN11,16491,stable_id
SEPTIN12,3746,stable_id
SEPTIN14,9598,stable_id
SEPTIN2,5460,stable_id
SEPTIN3,3694,stable_id
SEPTIN5,20172,stable_id
SEPTIN6,14781,stable_id
SEPTIN7,325,stable_id
SEPTIN8,1919,stable_id
SEPTIN9,16765,stable_id
SERAC1,1629,stable_id
SERBP1,10327,stable_id
SERF1A,3211,stable_id
SERGEF,8054,stable_id
SERHL2,16616,stable_id
SERINC1,2194,stable_id
SERINC2,4095,stable_id
SERINC3,1831,stable_id
SERINC4,13612,stable_id
SERINC5,3245,stable_id
SERP1,6318,stable_id
SERP2,15329,stable_id
SERPINA10,17346,stable_id
SERPINA11,17651,stable_id
SERPINA12,12283,stable_id
SERPINA5,12276,stable_id
SERPINA6,17128,stable_id
SERPINA7,8257,stable_id
SERPINA9,16549,stable_id
SERPINB10,32181,stable_id
SERPINB11,5486,stable_id
SERPINB12,16935,stable_id
SERPINB13,14358,stable_id
SERPINB2,17454,stable_id
SERPINB5,19111,stable_id
SERPINB7,19110,stable_id
SERPINB8,5481,stable_id
SERPINC1,5709,stable_id
SERPIND1,3875,stable_id
SERPINE1,10707,stable_id
SERPINE2,5445,stable_id
SERPINE3,31416,stable_id
SERPINF1,130,stable_id
SERPINF2,11034,stable_id
SERPING1,4094,stable_id
SERPINH1,19778,stable_id
SERPINI1,6332,stable_id
SERPINI2,9563,stable_id
SERTAD1,1165,stable_id
SERTAD2,14627,stable_id
SERTAD3,15899,stable_id
SERTAD4,1704,stable_id
SERTM1,16134,stable_id
SESN1,11084,stable_id
SESN2,6963,stable_id
SESN3,8712,stable_id
SESTD1,12518,stable_id
SETBP1,4553,stable_id
SETD1B,11106,stable_id
SETD2,13248,stable_id
SETD3,16228,stable_id
SETD4,3981,stable_id
SETD5,9617,stable_id
SETD6,8501,stable_id
SETD7,10592,stable_id
SETDB1,1634,stable_id
SETDB2,20028,stable_id
SETX,12893,stable_id
SEZ6,111,stable_id
SEZ6L,16523,stable_id
SEZ6L2,7960,stable_id
SF1,4773,stable_id
SF3A1,384,stable_id
SF3A2,2377,stable_id
SF3A3,6969,stable_id
SF3B1,5292,stable_id
SF3B2,4716,stable_id
SF3B3,9429,stable_id
SF3B4,19451,stable_id
SF3B5,22389,stable_id
SF3B6,10687,stable_id
SFI1,4149,stable_id
SFMBT1,1020,stable_id
SFMBT2,17195,stable_id
SFN,13946,stable_id
SFPQ,6917,stable_id
SFRP1,8424,stable_id
SFRP2,6423,stable_id
SFRP4,3039,stable_id
SFRP5,2001,stable_id
SFSWAP,7304,stable_id
SFT2D2,12075,stable_id
SFT2D3,13295,stable_id
SFTA2,31130,stable_id
SFTPB,16146,stable_id
SFTPC,3473,stable_id
SFTPD,3304,stable_id
SFXN1,3115,stable_id
SFXN2,4829,stable_id
SFXN3,4925,stable_id
SFXN4,17757,stable_id
SFXN5,9422,stable_id
SGCA,266,stable_id
SGCB,7129,stable_id
SGCD,2462,stable_id
SGCE,732,stable_id
SGCG,9989,stable_id
SGCZ,11572,stable_id
SGF29,7977,stable_id
SGIP1,6730,stable_id
SGK1,2235,stable_id
SGK2,1865,stable_id
SGK3,5250,stable_id
SGMS1,11908,stable_id
SGMS2,14922,stable_id
SGO1,4198,stable_id
SGPL1,2309,stable_id
SGPP1,2887,stable_id
SGPP2,9180,stable_id
SGSH,793,stable_id
SGSM1,12497,stable_id
SGSM2,11091,stable_id
SGSM3,12529,stable_id
SGTA,780,stable_id
SGTB,12689,stable_id
SH2B1,7990,stable_id
SH2B2,796,stable_id
SH2B3,12635,stable_id
SH2D1A,886,stable_id
SH2D2A,6476,stable_id
SH2D3C,16710,stable_id
SH2D4A,15604,stable_id
SH2D4B,10861,stable_id
SH2D5,13413,stable_id
SH2D6,15338,stable_id
SH2D7,13710,stable_id
SH3BGRL,8246,stable_id
SH3BGRL2,8846,stable_id
SH3BGRL3,6932,stable_id
SH3BP1,3678,stable_id
SH3BP2,15751,stable_id
SH3BP4,10279,stable_id
SH3BP5,3350,stable_id
SH3BP5L,1440,stable_id
SH3D19,6483,stable_id
SH3GL1,543,stable_id
SH3GL2,6716,stable_id
SH3GL3,7932,stable_id
SH3GLB1,10574,stable_id
SH3GLB2,5804,stable_id
SH3KBP1,12118,stable_id
SH3PXD2A,15546,stable_id
SH3PXD2B,12020,stable_id
SH3RF1,8484,stable_id
SH3RF2,16437,stable_id
SH3RF3,10918,stable_id
SH3TC1,10382,stable_id
SH3TC2,13488,stable_id
SH3YL1,2656,stable_id
SHANK1,11261,stable_id
SHANK2,10755,stable_id
SHANK3,3800,stable_id
SHARPIN,3754,stable_id
SHB,13255,stable_id
SHBG,812,stable_id
SHC1,12648,stable_id
SHC3,3102,stable_id
SHC4,9916,stable_id
SHCBP1,3606,stable_id
SHCBP1L,12678,stable_id
SHD,11423,stable_id
SHE,13659,stable_id
SHFL,11320,stable_id
SHH,453,stable_id
SHISA2,13152,stable_id
SHISA3,14673,stable_id
SHISA4,12398,stable_id
SHISA5,5142,stable_id
SHISA6,15615,stable_id
SHISA7,15530,stable_id
SHISA8,35504,stable_id
SHISA9,3716,stable_id
SHISAL1,17550,stable_id
SHISAL2A,16894,stable_id
SHISAL2B,12658,stable_id
SHKBP1,30720,stable_id
SHLD1,13299,stable_id
SHLD2,12253,stable_id
SHLD3,-1,missing
SHMT1,2573,stable_id
SHMT2,5024,stable_id
SHOC1,11199,stable_id
SHOC2,4792,stable_id
SHOX2,6331,stable_id
SHPK,923,stable_id
SHPRH,30917,stable_id
SHQ1,10015,stable_id
SHROOM1,1917,stable_id
SHROOM2,13358,stable_id
SHROOM3,7263,stable_id
SHROOM4,19354,stable_id
SHTN1,12225,stable_id
SI,6305,stable_id
SIAE,340,stable_id
SIAH2,10344,stable_id
SIAH3,31670,stable_id
SIDT1,3837,stable_id
SIDT2,9853,stable_id
SIGIRR,5076,stable_id
SIGLEC1,6038,stable_id
SIGLEC15,31374,stable_id
SIGLECL1,46462,stable_id
SIGMAR1,10233,stable_id
SIK1,4258,stable_id
SIK2,10593,stable_id
SIK3,9562,stable_id
SIKE1,6340,stable_id
SIL1,4447,stable_id
SIM1,2212,stable_id
SIM2,17539,stable_id
SIMC1,12804,stable_id
SIN3A,12624,stable_id
SIN3B,8470,stable_id
SINHCAF,11734,stable_id
SIPA1,16263,stable_id
SIPA1L1,12675,stable_id
SIPA1L2,350,stable_id
SIPA1L3,7900,stable_id
SIRT1,2285,stable_id
SIRT2,1565,stable_id
SIRT3,5070,stable_id
SIRT4,7355,stable_id
SIRT5,15633,stable_id
SIRT6,9789,stable_id
SIRT7,4875,stable_id
SIT1,6698,stable_id
SIVA1,17912,stable_id
SIX1,15049,stable_id
SIX2,4318,stable_id
SIX3,11292,stable_id
SIX4,9688,stable_id
SIX5,12072,stable_id
SIX6,2914,stable_id
SKA1,10285,stable_id
SKA2,2553,stable_id
SKA3,3396,stable_id
SKAP1,16291,stable_id
SKAP2,16748,stable_id
SKI,7061,stable_id
SKIDA1,15648,stable_id
SKIL,6244,stable_id
SKOR1,3568,stable_id
SKOR2,31578,stable_id
SKP1,10312,stable_id
SKP2,15656,stable_id
SLA,3639,stable_id
SLA2,6230,stable_id
SLAIN1,15995,stable_id
SLAIN2,10236,stable_id
SLAMF1,1583,stable_id
SLAMF8,15484,stable_id
SLAMF9,5606,stable_id
SLBP,735,stable_id
SLC10A1,2936,stable_id
SLC10A2,4054,stable_id
SLC10A3,9140,stable_id
SLC10A5,16692,stable_id
SLC10A6,7229,stable_id
SLC10A7,8507,stable_id
SLC11A1,5399,stable_id
SLC11A2,4029,stable_id
SLC12A1,5968,stable_id
SLC12A2,4579,stable_id
SLC12A3,8551,stable_id
SLC12A4,1849,stable_id
SLC12A5,1843,stable_id
SLC12A6,5933,stable_id
SLC12A7,1846,stable_id
SLC12A8,10058,stable_id
SLC12A9,10678,stable_id
SLC13A1,7467,stable_id
SLC13A2,190,stable_id
SLC13A3,1934,stable_id
SLC13A4,7543,stable_id
SLC13A5,2742,stable_id
SLC14A1,16787,stable_id
SLC15A1,5109,stable_id
SLC15A2,3963,stable_id
SLC15A3,4645,stable_id
SLC15A4,7287,stable_id
SLC15A5,13131,stable_id
SLC16A1,9178,stable_id
SLC16A10,2168,stable_id
SLC16A11,12103,stable_id
SLC16A12,1235,stable_id
SLC16A13,13128,stable_id
SLC16A14,5426,stable_id
SLC16A2,9505,stable_id
SLC16A3,4892,stable_id
SLC16A4,6371,stable_id
SLC16A6,12406,stable_id
SLC16A7,2314,stable_id
SLC16A8,9203,stable_id
SLC16A9,10836,stable_id
SLC17A1,3043,stable_id
SLC17A2,10247,stable_id
SLC17A3,10234,stable_id
SLC17A4,3044,stable_id
SLC17A5,14578,stable_id
SLC17A6,7859,stable_id
SLC17A7,19822,stable_id
SLC17A8,2221,stable_id
SLC17A9,4128,stable_id
SLC18A1,10317,stable_id
SLC18A2,4861,stable_id
SLC18A3,38550,stable_id
SLC18B1,10724,stable_id
SLC19A1,250,stable_id
SLC19A2,12097,stable_id
SLC19A3,11144,stable_id
SLC1A1,4762,stable_id
SLC1A2,800,stable_id
SLC1A3,831,stable_id
SLC1A4,2338,stable_id
SLC1A5,337,stable_id
SLC1A6,830,stable_id
SLC1A7,1199,stable_id
SLC20A1,6089,stable_id
SLC20A2,10796,stable_id
SLC22A1,4161,stable_id
SLC22A12,17305,stable_id
SLC22A14,19720,stable_id
SLC22A15,9254,stable_id
SLC22A17,3533,stable_id
SLC22A2,12112,stable_id
SLC22A23,11056,stable_id
SLC22A3,4160,stable_id
SLC22A4,2457,stable_id
SLC22A6,4601,stable_id
SLC22A7,19129,stable_id
SLC22A8,17778,stable_id
SLC23A1,4446,stable_id
SLC23A2,6051,stable_id
SLC23A3,5419,stable_id
SLC24A1,9683,stable_id
SLC24A2,10924,stable_id
SLC24A3,17800,stable_id
SLC24A4,12359,stable_id
SLC24A5,9941,stable_id
SLC25A1,601,stable_id
SLC25A10,5196,stable_id
SLC25A11,1509,stable_id
SLC25A12,5894,stable_id
SLC25A13,1558,stable_id
SLC25A14,8167,stable_id
SLC25A15,8377,stable_id
SLC25A16,20001,stable_id
SLC25A17,3657,stable_id
SLC25A18,774,stable_id
SLC25A19,2711,stable_id
SLC25A2,14761,stable_id
SLC25A20,9069,stable_id
SLC25A21,10047,stable_id
SLC25A22,2046,stable_id
SLC25A23,13672,stable_id
SLC25A24,11858,stable_id
SLC25A25,5773,stable_id
SLC25A26,13336,stable_id
SLC25A27,4182,stable_id
SLC25A28,11893,stable_id
SLC25A29,3010,stable_id
SLC25A3,17340,stable_id
SLC25A30,3421,stable_id
SLC25A31,19486,stable_id
SLC25A32,3592,stable_id
SLC25A33,7022,stable_id
SLC25A34,12039,stable_id
SLC25A35,1987,stable_id
SLC25A36,8970,stable_id
SLC25A37,9608,stable_id
SLC25A38,9016,stable_id
SLC25A39,1979,stable_id
SLC25A4,8476,stable_id
SLC25A40,15653,stable_id
SLC25A41,1369,stable_id
SLC25A42,419,stable_id
SLC25A43,10788,stable_id
SLC25A44,14716,stable_id
SLC25A45,4698,stable_id
SLC25A46,4398,stable_id
SLC25A47,14378,stable_id
SLC25A48,3139,stable_id
SLC25A5,1707,stable_id
SLC25A53,13119,stable_id
SLC26A1,13850,stable_id
SLC26A11,11707,stable_id
SLC26A2,9635,stable_id
SLC26A3,215,stable_id
SLC26A4,2644,stable_id
SLC26A5,7041,stable_id
SLC26A6,4102,stable_id
SLC26A7,11961,stable_id
SLC26A8,10274,stable_id
SLC26A9,12515,stable_id
SLC27A1,8578,stable_id
SLC27A2,6066,stable_id
SLC27A3,6385,stable_id
SLC27A4,16780,stable_id
SLC27A5,7809,stable_id
SLC27A6,4581,stable_id
SLC28A1,5157,stable_id
SLC28A3,3159,stable_id
SLC29A1,4199,stable_id
SLC29A2,4737,stable_id
SLC29A3,2312,stable_id
SLC29A4,14892,stable_id
SLC2A1,6811,stable_id
SLC2A10,6245,stable_id
SLC2A12,10738,stable_id
SLC2A13,10307,stable_id
SLC2A2,6261,stable_id
SLC2A4,1953,stable_id
SLC2A5,7017,stable_id
SLC2A6,10231,stable_id
SLC2A7,17379,stable_id
SLC2A8,5754,stable_id
SLC2A9,803,stable_id
SLC30A1,10716,stable_id
SLC30A10,5648,stable_id
SLC30A2,6926,stable_id
SLC30A3,7124,stable_id
SLC30A4,897,stable_id
SLC30A5,3204,stable_id
SLC30A6,4277,stable_id
SLC30A7,15720,stable_id
SLC30A8,3604,stable_id
SLC30A9,7175,stable_id
SLC31A1,18942,stable_id
SLC31A2,18944,stable_id
SLC32A1,10837,stable_id
SLC33A1,6323,stable_id
SLC34A1,3126,stable_id
SLC34A2,7151,stable_id
SLC34A3,1009,stable_id
SLC35A1,6601,stable_id
SLC35A2,8196,stable_id
SLC35A3,6403,stable_id
SLC35A4,9293,stable_id
SLC35A5,3817,stable_id
SLC35B1,2786,stable_id
SLC35B2,10582,stable_id
SLC35B3,3098,stable_id
SLC35B4,2039,stable_id
SLC35C1,14655,stable_id
SLC35C2,1822,stable_id
SLC35D1,6727,stable_id
SLC35D2,9249,stable_id
SLC35D3,14801,stable_id
SLC35E1,2118,stable_id
SLC35E2B,12488,stable_id
SLC35E3,16986,stable_id
SLC35E4,14367,stable_id
SLC35F1,11202,stable_id
SLC35F2,12484,stable_id
SLC35F3,16292,stable_id
SLC35F4,3334,stable_id
SLC35F5,5493,stable_id
SLC35F6,7142,stable_id
SLC35G1,13011,stable_id
SLC35G2,19724,stable_id
SLC36A1,2408,stable_id
SLC36A2,2411,stable_id
SLC36A3,14532,stable_id
SLC36A4,12970,stable_id
SLC37A1,4253,stable_id
SLC37A2,8788,stable_id
SLC37A4,8781,stable_id
SLC38A1,4083,stable_id
SLC38A10,17213,stable_id
SLC38A11,17192,stable_id
SLC38A2,3695,stable_id
SLC38A3,1292,stable_id
SLC38A4,3697,stable_id
SLC38A5,8208,stable_id
SLC38A6,13226,stable_id
SLC38A7,10376,stable_id
SLC38A8,9600,stable_id
SLC38A9,14086,stable_id
SLC39A1,15261,stable_id
SLC39A10,5294,stable_id
SLC39A11,12313,stable_id
SLC39A12,10527,stable_id
SLC39A13,379,stable_id
SLC39A14,3470,stable_id
SLC39A2,20203,stable_id
SLC39A3,13814,stable_id
SLC39A4,17678,stable_id
SLC39A5,11697,stable_id
SLC39A6,4404,stable_id
SLC39A7,4432,stable_id
SLC39A8,15607,stable_id
SLC39A9,14375,stable_id
SLC3A1,4316,stable_id
SLC3A2,1297,stable_id
SLC40A1,5296,stable_id
SLC41A1,1421,stable_id
SLC41A2,9731,stable_id
SLC41A3,7635,stable_id
SLC43A1,5912,stable_id
SLC43A2,11009,stable_id
SLC43A3,5911,stable_id
SLC44A1,6664,stable_id
SLC44A2,16329,stable_id
SLC44A3,11695,stable_id
SLC44A4,1078,stable_id
SLC44A5,6635,stable_id
SLC45A1,11684,stable_id
SLC45A2,3566,stable_id
SLC45A3,5547,stable_id
SLC45A4,22669,stable_id
SLC46A1,2757,stable_id
SLC46A2,6647,stable_id
SLC46A3,7435,stable_id
SLC47A1,1300,stable_id
SLC48A1,23947,stable_id
SLC49A4,3930,stable_id
SLC4A1,1027,stable_id
SLC4A10,5828,stable_id
SLC4A11,20949,stable_id
SLC4A1AP,7118,stable_id
SLC4A2,7005,stable_id
SLC4A3,1029,stable_id
SLC4A4,17151,stable_id
SLC4A5,19362,stable_id
SLC4A7,3267,stable_id
SLC4A8,4031,stable_id
SLC4A9,4513,stable_id
SLC50A1,6399,stable_id
SLC51A,10120,stable_id
SLC51B,15598,stable_id
SLC52A3,6132,stable_id
SLC5A1,1348,stable_id
SLC5A10,12554,stable_id
SLC5A11,8014,stable_id
SLC5A12,12308,stable_id
SLC5A2,8021,stable_id
SLC5A3,30673,stable_id
SLC5A4,2390,stable_id
SLC5A5,137,stable_id
SLC5A6,1037,stable_id
SLC5A7,4202,stable_id
SLC5A8,2284,stable_id
SLC5A9,6743,stable_id
SLC66A1,6871,stable_id
SLC66A2,9517,stable_id
SLC6A1,7766,stable_id
SLC6A11,7764,stable_id
SLC6A12,7650,stable_id
SLC6A13,7649,stable_id
SLC6A15,2204,stable_id
SLC6A17,6369,stable_id
SLC6A18,3195,stable_id
SLC6A19,3164,stable_id
SLC6A2,15927,stable_id
SLC6A3,3192,stable_id
SLC6A4,2763,stable_id
SLC6A5,11641,stable_id
SLC6A6,7641,stable_id
SLC6A7,15202,stable_id
SLC6A9,6742,stable_id
SLC7A1,12206,stable_id
SLC7A10,7856,stable_id
SLC7A11,6282,stable_id
SLC7A13,12133,stable_id
SLC7A14,19491,stable_id
SLC7A2,8455,stable_id
SLC7A3,8271,stable_id
SLC7A4,3866,stable_id
SLC7A5,11745,stable_id
SLC7A6,8643,stable_id
SLC7A6OS,9246,stable_id
SLC7A7,163,stable_id
SLC7A8,3522,stable_id
SLC7A9,7853,stable_id
SLC8A1,15772,stable_id
SLC8A2,7806,stable_id
SLC8A3,22688,stable_id
SLC8B1,9124,stable_id
SLC9A1,6939,stable_id
SLC9A2,5331,stable_id
SLC9A3,10253,stable_id
SLC9A4,5334,stable_id
SLC9A5,1526,stable_id
SLC9A6,17094,stable_id
SLC9A7,10676,stable_id
SLC9A8,11543,stable_id
SLC9A9,8175,stable_id
SLC9B1,14719,stable_id
SLC9B2,10922,stable_id
SLC9C1,9276,stable_id
SLCO1C1,7724,stable_id
SLCO2A1,9030,stable_id
SLCO2B1,7992,stable_id
SLCO3A1,5194,stable_id
SLCO4A1,11343,stable_id
SLCO4C1,12011,stable_id
SLCO5A1,5267,stable_id
SLF1,3185,stable_id
SLF2,10240,stable_id
SLFN14,24451,stable_id
SLFN5,15714,stable_id
SLFNL1,14007,stable_id
SLIRP,2882,stable_id
SLIT1,4822,stable_id
SLIT2,8433,stable_id
SLIT3,16158,stable_id
SLITRK1,21252,stable_id
SLITRK2,10456,stable_id
SLITRK3,14228,stable_id
SLITRK4,13772,stable_id
SLITRK5,9278,stable_id
SLITRK6,13552,stable_id
SLK,4843,stable_id
SLMAP,3338,stable_id
SLPI,1760,stable_id
SLTM,8819,stable_id
SLU7,2497,stable_id
SLURP1,3784,stable_id
SLX4,11644,stable_id
SLX4IP,6012,stable_id
SMAD1,8504,stable_id
SMAD2,4560,stable_id
SMAD3,8945,stable_id
SMAD4,4530,stable_id
SMAD5,3151,stable_id
SMAD6,10487,stable_id
SMAD7,5232,stable_id
SMAGP,15533,stable_id
SMAP1,5384,stable_id
SMAP2,9165,stable_id
SMARCA1,8163,stable_id
SMARCA2,4756,stable_id
SMARCA4,8809,stable_id
SMARCA5,8523,stable_id
SMARCAD1,7573,stable_id
SMARCAL1,11510,stable_id
SMARCB1,154,stable_id
SMARCC1,8988,stable_id
SMARCC2,5004,stable_id
SMARCD1,4021,stable_id
SMARCD2,22479,stable_id
SMARCD3,6994,stable_id
SMARCE1,10894,stable_id
SMC1A,12154,stable_id
SMC1B,3674,stable_id
SMC2,6609,stable_id
SMC3,4790,stable_id
SMC4,9649,stable_id
SMC5,4769,stable_id
SMC6,2613,stable_id
SMCHD1,4267,stable_id
SMCO1,13678,stable_id
SMCO3,12829,stable_id
SMCO4,16527,stable_id
SMCR8,14497,stable_id
SMDT1,3690,stable_id
SMG1,7942,stable_id
SMG5,243,stable_id
SMG6,11064,stable_id
SMG7,12701,stable_id
SMG8,2555,stable_id
SMG9,389,stable_id
SMIM1,22391,stable_id
SMIM10L1,20250,stable_id
SMIM11,15195,stable_id
SMIM12,12558,stable_id
SMIM13,31457,stable_id
SMIM14,10857,stable_id
SMIM15,19985,stable_id
SMIM17,32761,stable_id
SMIM18,33527,stable_id
SMIM19,8414,stable_id
SMIM20,17244,stable_id
SMIM22,34950,stable_id
SMIM24,22403,stable_id
SMIM3,10957,stable_id
SMIM30,15290,stable_id
SMIM31,20768,stable_id
SMIM34,54132,stable_id
SMIM38,47044,stable_id
SMIM43,26926,stable_id
SMIM44,51529,stable_id
SMIM45,19308,stable_id
SMIM5,14268,stable_id
SMIM7,13193,stable_id
SMIM8,6603,stable_id
SMNDC1,4823,stable_id
SMO,308,stable_id
SMOC1,2937,stable_id
SMOC2,4172,stable_id
SMOX,6047,stable_id
SMPD1,10570,stable_id
SMPD2,2159,stable_id
SMPD3,8644,stable_id
SMPD4,916,stable_id
SMPDL3A,2190,stable_id
SMPDL3B,6959,stable_id
SMPX,12254,stable_id
SMS,20116,stable_id
SMTN,2517,stable_id
SMTNL1,5914,stable_id
SMTNL2,13500,stable_id
SMU1,6661,stable_id
SMUG1,10229,stable_id
SMURF1,11283,stable_id
SMURF2,1911,stable_id
SMYD1,15859,stable_id
SMYD2,5641,stable_id
SMYD3,15869,stable_id
SMYD4,1997,stable_id
SMYD5,9416,stable_id
SNAI1,12720,stable_id
SNAI2,3825,stable_id
SNAI3,1032,stable_id
SNAP23,6017,stable_id
SNAP25,6009,stable_id
SNAP29,3874,stable_id
SNAP47,1276,stable_id
SNAP91,9337,stable_id
SNAPC1,2922,stable_id
SNAPC2,1377,stable_id
SNAPC3,6713,stable_id
SNAPC4,10301,stable_id
SNAPC5,8941,stable_id
SNAPIN,171,stable_id
SNCA,5236,stable_id
SNCAIP,4545,stable_id
SNCB,9846,stable_id
SNCG,4048,stable_id
SND1,248,stable_id
SNED1,14087,stable_id
SNF8,944,stable_id
SNIP1,14736,stable_id
SNN,10910,stable_id
SNORC,5450,stable_id
SNPH,6129,stable_id
SNRK,10991,stable_id
SNRNP200,619,stable_id
SNRNP25,12048,stable_id
SNRNP27,209,stable_id
SNRNP35,7275,stable_id
SNRNP40,20687,stable_id
SNRNP48,3097,stable_id
SNRNP70,17712,stable_id
SNRPA,17249,stable_id
SNRPA1,7864,stable_id
SNRPB,6095,stable_id
SNRPB2,1162,stable_id
SNRPC,4369,stable_id
SNRPD1,435,stable_id
SNRPD2,12066,stable_id
SNRPD3,2363,stable_id
SNRPE,31149,stable_id
SNRPF,2260,stable_id
SNRPN,40449,stable_id
SNTA1,6150,stable_id
SNTB1,17038,stable_id
SNTB2,12204,stable_id
SNTG1,5247,stable_id
SNTG2,2658,stable_id
SNTN,13243,stable_id
SNU13,17708,stable_id
SNUPN,15923,stable_id
SNURF,40801,stable_id
SNW1,2881,stable_id
SNX1,8930,stable_id
SNX10,11072,stable_id
SNX11,2788,stable_id
SNX12,13593,stable_id
SNX13,2601,stable_id
SNX14,8959,stable_id
SNX15,4677,stable_id
SNX16,6178,stable_id
SNX17,7120,stable_id
SNX18,12551,stable_id
SNX19,8703,stable_id
SNX2,9697,stable_id
SNX20,8495,stable_id
SNX21,14779,stable_id
SNX22,11537,stable_id
SNX24,4546,stable_id
SNX25,11065,stable_id
SNX27,6513,stable_id
SNX29,20110,stable_id
SNX3,2148,stable_id
SNX30,6646,stable_id
SNX31,1436,stable_id
SNX32,16104,stable_id
SNX33,9114,stable_id
SNX4,3903,stable_id
SNX5,6106,stable_id
SNX6,876,stable_id
SNX7,6431,stable_id
SNX8,7376,stable_id
SNX9,420,stable_id
SOAT1,5638,stable_id
SOAT2,4039,stable_id
SOBP,11046,stable_id
SOCS1,10945,stable_id
SOCS2,2267,stable_id
SOCS3,15434,stable_id
SOCS4,14250,stable_id
SOCS5,10588,stable_id
SOCS6,16097,stable_id
SOCS7,11139,stable_id
SOD1,3999,stable_id
SOD2,1063,stable_id
SOD3,20313,stable_id
SON,3988,stable_id
SORBS1,4813,stable_id
SORBS2,8471,stable_id
SORBS3,3468,stable_id
SORCS1,12892,stable_id
SORCS2,7088,stable_id
SORCS3,17697,stable_id
SORD,5985,stable_id
SORL1,14493,stable_id
SORT1,19429,stable_id
SOS1,4387,stable_id
SOS2,9815,stable_id
SOST,260,stable_id
SOSTDC1,10266,stable_id
SOWAHA,13122,stable_id
SOWAHB,13395,stable_id
SOWAHC,36666,stable_id
SOWAHD,13135,stable_id
SOX1,34782,stable_id
SOX10,9208,stable_id
SOX11,17740,stable_id
SOX12,15160,stable_id
SOX13,19843,stable_id
SOX14,15572,stable_id
SOX15,12198,stable_id
SOX17,5243,stable_id
SOX18,13712,stable_id
SOX2,20892,stable_id
SOX21,17256,stable_id
SOX3,13357,stable_id
SOX30,11928,stable_id
SOX4,21475,stable_id
SOX5,12273,stable_id
SOX6,15177,stable_id
SOX7,17614,stable_id
SOX8,4344,stable_id
SOX9,99,stable_id
SP1,225,stable_id
SP2,1980,stable_id
SP3,5928,stable_id
SP4,4980,stable_id
SP5,21207,stable_id
SP6,11183,stable_id
SP7,17011,stable_id
SP8,14305,stable_id
SP9,19452,stable_id
SPA17,343,stable_id
SPAAR,6708,stable_id
SPACA1,6585,stable_id
SPACA3,15455,stable_id
SPACA4,19818,stable_id
SPACA6,23058,stable_id
SPACA9,5764,stable_id
SPAG1,10781,stable_id
SPAG16,15444,stable_id
SPAG17,6350,stable_id
SPAG4,11011,stable_id
SPAG5,367,stable_id
SPAG7,1901,stable_id
SPAG8,18955,stable_id
SPAG9,2775,stable_id
SPARC,1963,stable_id
SPARCL1,7221,stable_id
SPAST,4276,stable_id
SPATA1,6545,stable_id
SPATA13,3411,stable_id
SPATA16,11503,stable_id
SPATA17,5647,stable_id
SPATA18,7128,stable_id
SPATA19,8702,stable_id
SPATA2,13872,stable_id
SPATA20,2780,stable_id
SPATA22,50449,stable_id
SPATA24,4444,stable_id
SPATA25,1850,stable_id
SPATA2L,9389,stable_id
SPATA4,8404,stable_id
SPATA45,16296,stable_id
SPATA46,12710,stable_id
SPATA6,9664,stable_id
SPATA6L,17877,stable_id
SPATA7,2864,stable_id
SPATA9,3179,stable_id
SPATC1,14585,stable_id
SPATC1L,1219,stable_id
SPATS1,4195,stable_id
SPATS2,15180,stable_id
SPATS2L,11075,stable_id
SPC24,20836,stable_id
SPC25,817,stable_id
SPCS1,3367,stable_id
SPCS2,9959,stable_id
SPDEF,4368,stable_id
SPDL1,19635,stable_id
SPDYA,15312,stable_id
SPECC1,12537,stable_id
SPECC1L,9346,stable_id
SPEF1,6043,stable_id
SPEF2,20234,stable_id
SPEG,5420,stable_id
SPEM1,12165,stable_id
SPEM2,13037,stable_id
SPEN,12047,stable_id
SPG11,9330,stable_id
SPG21,8935,stable_id
SPG7,125,stable_id
SPHK1,17334,stable_id
SPHK2,16358,stable_id
SPHKAP,5389,stable_id
SPI1,383,stable_id
SPIB,1154,stable_id
SPIC,698,stable_id
SPICE1,12774,stable_id
SPIDR,12422,stable_id
SPIN1,3080,stable_id
SPIN4,20124,stable_id
SPINDOC,4787,stable_id
SPINK1,4523,stable_id
SPINK13,20472,stable_id
SPINK14,14958,stable_id
SPINK4,6667,stable_id
SPINK5,15968,stable_id
SPINK6,15875,stable_id
SPINK7,16991,stable_id
SPINK8,14692,stable_id
SPINT1,6034,stable_id
SPINT2,20738,stable_id
SPIRE1,4544,stable_id
SPIRE2,1303,stable_id
SPN,15075,stable_id
SPNS1,7995,stable_id
SPNS2,11907,stable_id
SPNS3,2736,stable_id
SPO11,910,stable_id
SPOCK1,16116,stable_id
SPOCK2,16558,stable_id
SPOCK3,15670,stable_id
SPON1,10999,stable_id
SPON2,10697,stable_id
SPOPL,5740,stable_id
SPOUT1,11612,stable_id
SPP1,7218,stable_id
SPP2,5470,stable_id
SPPL2A,6072,stable_id
SPPL2B,9953,stable_id
SPPL2C,14537,stable_id
SPPL3,7368,stable_id
SPR,9430,stable_id
SPRED1,6060,stable_id
SPRED2,13501,stable_id
SPRED3,10637,stable_id
SPRING1,9151,stable_id
SPRN,13518,stable_id
SPRR4,13470,stable_id
SPRTN,8698,stable_id
SPRY1,10627,stable_id
SPRY2,3488,stable_id
SPRY4,4489,stable_id
SPRYD3,10537,stable_id
SPRYD4,15042,stable_id
SPRYD7,3374,stable_id
SPSB1,11709,stable_id
SPSB2,11128,stable_id
SPSB3,4332,stable_id
SPSB4,13862,stable_id
SPTA1,5599,stable_id
SPTAN1,16443,stable_id
SPTB,2891,stable_id
SPTBN1,2443,stable_id
SPTBN2,19267,stable_id
SPTBN4,1373,stable_id
SPTBN5,20994,stable_id
SPTLC1,3112,stable_id
SPTLC2,2878,stable_id
SPTLC3,11395,stable_id
SPTSSA,13137,stable_id
SPTSSB,12875,stable_id
SPTY2D1,14540,stable_id
SPX,19969,stable_id
SQLE,3623,stable_id
SQOR,898,stable_id
SQSTM1,1657,stable_id
SRA1,941,stable_id
SRBD1,4319,stable_id
SRC,6236,stable_id
SRCAP,15603,stable_id
SRCIN1,11129,stable_id
SRD5A1,3182,stable_id
SRD5A2,11174,stable_id
SRD5A3,7181,stable_id
SREBF1,2576,stable_id
SREBF2,3696,stable_id
SREK1IP1,3257,stable_id
SRF,1622,stable_id
SRFBP1,4540,stable_id
SRGAP1,2324,stable_id
SRGAP3,7736,stable_id
SRGN,2294,stable_id
SRI,537,stable_id
SRM,1002,stable_id
SRMS,6201,stable_id
SRP14,1244,stable_id
SRP19,1496,stable_id
SRP68,2725,stable_id
SRP72,10315,stable_id
SRP9,5589,stable_id
SRPK1,764,stable_id
SRPK2,17517,stable_id
SRPK3,354,stable_id
SRPRB,9033,stable_id
SRPX,30895,stable_id
SRPX2,8248,stable_id
SRR,233,stable_id
SRRM1,6914,stable_id
SRRM2,11459,stable_id
SRRM3,11694,stable_id
SRRM4,17818,stable_id
SRRT,10690,stable_id
SRSF1,1915,stable_id
SRSF10,6831,stable_id
SRSF11,15944,stable_id
SRSF12,15782,stable_id
SRSF2,9557,stable_id
SRSF3,19980,stable_id
SRSF4,6974,stable_id
SRSF5,2935,stable_id
SRSF6,1750,stable_id
SRSF7,4296,stable_id
SRSF9,7362,stable_id
SRXN1,9138,stable_id
SS18,10556,stable_id
SS18L1,11392,stable_id
SS18L2,9019,stable_id
SSB,19458,stable_id
SSBP1,7566,stable_id
SSBP2,654,stable_id
SSBP3,17336,stable_id
SSBP4,19652,stable_id
SSC4D,7466,stable_id
SSC5D,9983,stable_id
SSH1,12466,stable_id
SSH2,10892,stable_id
SSH3,9741,stable_id
SSMEM1,7513,stable_id
SSNA1,5866,stable_id
SSPN,7734,stable_id
SSR1,3095,stable_id
SSR2,12220,stable_id
SSR3,6327,stable_id
SSR4,357,stable_id
SSRP1,5905,stable_id
SST,701,stable_id
SSTR1,10033,stable_id
SSTR2,14121,stable_id
SSTR3,13282,stable_id
SSTR4,10557,stable_id
SSTR5,14893,stable_id
SSU72,7056,stable_id
SSUH2,9660,stable_id
SSX2IP,10469,stable_id
ST13,3656,stable_id
ST14,8705,stable_id
ST18,9433,stable_id
ST3GAL1,1453,stable_id
ST3GAL2,8539,stable_id
ST3GAL3,6738,stable_id
ST3GAL4,8732,stable_id
ST3GAL5,16085,stable_id
ST3GAL6,3857,stable_id
ST6GAL1,3952,stable_id
ST6GAL2,4340,stable_id
ST6GALNAC1,1253,stable_id
ST6GALNAC3,15317,stable_id
ST6GALNAC4,22846,stable_id
ST6GALNAC5,11371,stable_id
ST6GALNAC6,5766,stable_id
ST7,7359,stable_id
ST7L,13474,stable_id
ST8SIA1,7752,stable_id
ST8SIA2,5193,stable_id
ST8SIA3,16234,stable_id
ST8SIA4,12019,stable_id
ST8SIA5,5038,stable_id
ST8SIA6,579,stable_id
STAB1,12523,stable_id
STAB2,10045,stable_id
STAC,9004,stable_id
STAC2,1797,stable_id
STAC3,11848,stable_id
STAG1,10656,stable_id
STAG2,5220,stable_id
STAG3,10517,stable_id
STAM,5710,stable_id
STAM2,15929,stable_id
STAMBP,1065,stable_id
STAMBPL1,4668,stable_id
STAP1,7193,stable_id
STAP2,11284,stable_id
STAR,8441,stable_id
STARD10,7962,stable_id
STARD13,1691,stable_id
STARD3,1886,stable_id
STARD3NL,525,stable_id
STARD4,4456,stable_id
STARD5,13591,stable_id
STARD6,22932,stable_id
STARD7,6073,stable_id
STARD8,8230,stable_id
STAT1,5358,stable_id
STAT2,11756,stable_id
STAT3,660,stable_id
STAT4,17589,stable_id
STAT5A,661,stable_id
STAT5B,2823,stable_id
STAT6,385,stable_id
STAU1,11571,stable_id
STAU2,5253,stable_id
STBD1,14135,stable_id
STC1,1528,stable_id
STC2,2435,stable_id
STEAP2,1627,stable_id
STEAP3,5517,stable_id
STEAP4,1397,stable_id
STEEP1,1000,stable_id
STIL,6862,stable_id
STIM1,8125,stable_id
STIM2,11425,stable_id
STIMATE,1019,stable_id
STING1,4442,stable_id
STIP1,4784,stable_id
STK10,2417,stable_id
STK11,526,stable_id
STK11IP,5424,stable_id
STK16,5415,stable_id
STK17B,5350,stable_id
STK24,17692,stable_id
STK25,5461,stable_id
STK26,8171,stable_id
STK3,3610,stable_id
STK31,4129,stable_id
STK32A,11720,stable_id
STK32B,7107,stable_id
STK32C,1685,stable_id
STK33,8140,stable_id
STK35,10876,stable_id
STK36,9294,stable_id
STK38,4236,stable_id
STK38L,286,stable_id
STK39,5902,stable_id
STK4,1893,stable_id
STK40,12643,stable_id
STKLD1,14649,stable_id
STMN1,6923,stable_id
STMN2,6157,stable_id
STMN3,6203,stable_id
STMN4,3449,stable_id
STMND1,17716,stable_id
STN1,12673,stable_id
STOM,5816,stable_id
STOML1,8897,stable_id
STOML2,6693,stable_id
STOML3,6285,stable_id
STON1,9470,stable_id
STON2,2848,stable_id
STOX1,10514,stable_id
STOX2,10990,stable_id
STPG1,6910,stable_id
STPG3,10450,stable_id
STPG4,10384,stable_id
STRA6,8892,stable_id
STRA8,7546,stable_id
STRADA,19582,stable_id
STRADB,5314,stable_id
STRAP,7717,stable_id
STRBP,5830,stable_id
STRC,9361,stable_id
STRIP1,1506,stable_id
STRIP2,11599,stable_id
STRIT1,41576,stable_id
STRN,4283,stable_id
STRN3,2845,stable_id
STRN4,7805,stable_id
STT3A,8783,stable_id
STT3B,8966,stable_id
STUB1,11592,stable_id
STUM,15620,stable_id
STX11,11466,stable_id
STX12,6955,stable_id
STX16,6170,stable_id
STX17,17241,stable_id
STX18,7108,stable_id
STX19,14105,stable_id
STX1A,1089,stable_id
STX1B,8039,stable_id
STX2,7295,stable_id
STX3,12260,stable_id
STX4,8038,stable_id
STX5,1299,stable_id
STX6,5565,stable_id
STX7,2251,stable_id
STX8,2810,stable_id
STXBP1,5757,stable_id
STXBP2,730,stable_id
STXBP3,6361,stable_id
STXBP4,2581,stable_id
STXBP5,2139,stable_id
STXBP5L,3917,stable_id
STXBP6,13666,stable_id
STYK1,9176,stable_id
STYXL1,2058,stable_id
SUB1,3538,stable_id
SUCLA2,3484,stable_id
SUCLG1,15358,stable_id
SUCLG2,17324,stable_id
SUCNR1,6292,stable_id
SUCO,11851,stable_id
SUDS3,19096,stable_id
SUFU,4941,stable_id
SUGCT,15885,stable_id
SUGP1,1363,stable_id
SUGP2,10227,stable_id
SUGT1,3436,stable_id
SULF1,1749,stable_id
SULF2,1062,stable_id
SULT1B1,7200,stable_id
SULT1C2,4072,stable_id
SULT1C3,4200,stable_id
SULT1E1,7202,stable_id
SULT2B1,553,stable_id
SULT4A1,2012,stable_id
SULT6B1,10949,stable_id
SUMF1,7643,stable_id
SUMF2,5104,stable_id
SUMO1,5311,stable_id
SUMO2,2706,stable_id
SUMO3,2412,stable_id
SUN1,10465,stable_id
SUN2,12614,stable_id
SUN3,12116,stable_id
SUN5,6143,stable_id
SUOX,14638,stable_id
SUPT16H,10126,stable_id
SUPT20H,6289,stable_id
SUPT3H,11341,stable_id
SUPT4H1,2549,stable_id
SUPT5H,584,stable_id
SUPT6H,366,stable_id
SUPT7L,15440,stable_id
SUPV3L1,2296,stable_id
SURF1,1652,stable_id
SURF2,1536,stable_id
SURF4,1535,stable_id
SURF6,10262,stable_id
SUSD1,11191,stable_id
SUSD2,981,stable_id
SUSD3,3074,stable_id
SUSD4,11190,stable_id
SUSD5,28204,stable_id
SUSD6,2934,stable_id
SUV39H1,11465,stable_id
SUV39H2,5671,stable_id
SUZ12,1813,stable_id
SV2A,11140,stable_id
SV2B,15415,stable_id
SV2C,14971,stable_id
SVBP,6809,stable_id
SVEP1,6639,stable_id
SVIL,4384,stable_id
SVIP,20689,stable_id
SVOP,12449,stable_id
SVOPL,7535,stable_id
SWAP70,8133,stable_id
SWI5,13198,stable_id
SWSAP1,15012,stable_id
SWT1,15359,stable_id
SYAP1,8303,stable_id
SYBU,3618,stable_id
SYCE1,5065,stable_id
SYCE1L,9333,stable_id
SYCE2,636,stable_id
SYCE3,22625,stable_id
SYCN,26254,stable_id
SYCP1,6341,stable_id
SYCP2,17041,stable_id
SYCP2L,11225,stable_id
SYDE1,9105,stable_id
SYDE2,10485,stable_id
SYF2,6918,stable_id
SYK,3106,stable_id
SYMPK,4070,stable_id
SYN1,10630,stable_id
SYN2,1236,stable_id
SYN3,16850,stable_id
SYNC,234,stable_id
SYNCRIP,8960,stable_id
SYNDIG1,20925,stable_id
SYNDIG1L,19997,stable_id
SYNE1,34816,stable_id
SYNE2,17703,stable_id
SYNE3,15666,stable_id
SYNE4,2121,stable_id
SYNGAP1,19222,stable_id
SYNGR1,3662,stable_id
SYNGR2,14219,stable_id
SYNGR3,1074,stable_id
SYNGR4,11824,stable_id
SYNJ1,3996,stable_id
SYNJ2,4155,stable_id
SYNJ2BP,31316,stable_id
SYNM,7891,stable_id
SYNPO,12779,stable_id
SYNPO2,14764,stable_id
SYNPO2L,11519,stable_id
SYNPR,16131,stable_id
SYNRG,9868,stable_id
SYP,8186,stable_id
SYPL2,6365,stable_id
SYS1,13451,stable_id
SYT1,10170,stable_id
SYT10,17661,stable_id
SYT11,19468,stable_id
SYT12,14490,stable_id
SYT13,5979,stable_id
SYT14,1696,stable_id
SYT16,13277,stable_id
SYT17,16581,stable_id
SYT2,5555,stable_id
SYT3,7988,stable_id
SYT4,4400,stable_id
SYT5,787,stable_id
SYT6,6338,stable_id
SYT7,4649,stable_id
SYT8,8162,stable_id
SYT9,17498,stable_id
SYTL1,6942,stable_id
SYTL2,7924,stable_id
SYTL3,12379,stable_id
SYTL4,8249,stable_id
SYTL5,15733,stable_id
SYVN1,4691,stable_id
SZRD1,12073,stable_id
SZT2,9288,stable_id
TAAR1,16147,stable_id
TAAR2,16885,stable_id
TAAR5,19589,stable_id
TAAR9,10712,stable_id
TAB1,3661,stable_id
TAB2,1646,stable_id
TAB3,10049,stable_id
TAC1,17310,stable_id
TAC3,5021,stable_id
TACC1,18903,stable_id
TACC2,8062,stable_id
TACO1,346,stable_id
TACR1,7604,stable_id
TACR2,2298,stable_id
TACR3,6532,stable_id
TACSTD2,15058,stable_id
TADA1,5612,stable_id
TADA2A,1971,stable_id
TADA2B,7158,stable_id
TADA3,14396,stable_id
TAF10,12964,stable_id
TAF11,4370,stable_id
TAF12,6967,stable_id
TAF13,14175,stable_id
TAF15,2664,stable_id
TAF1A,20177,stable_id
TAF1B,16868,stable_id
TAF1C,8595,stable_id
TAF2,10677,stable_id
TAF3,5187,stable_id
TAF4,11411,stable_id
TAF4B,15700,stable_id
TAF5,4837,stable_id
TAF5L,11244,stable_id
TAF6,10542,stable_id
TAF6L,622,stable_id
TAF7,15031,stable_id
TAF8,4223,stable_id
TAF9B,13936,stable_id
TAFA1,16750,stable_id
TAFA2,13032,stable_id
TAFA3,16031,stable_id
TAFA4,13720,stable_id
TAFA5,15818,stable_id
TAFAZZIN,1282,stable_id
TAGLN,8761,stable_id
TAGLN2,5605,stable_id
TAGLN3,3813,stable_id
TAL1,6861,stable_id
TAL2,6669,stable_id
TALDO1,5083,stable_id
TAMALIN,89,stable_id
TAMM41,7770,stable_id
TANC1,9934,stable_id
TANC2,15537,stable_id
TANGO2,1432,stable_id
TANGO6,12415,stable_id
TANK,17902,stable_id
TAOK1,1784,stable_id
TAOK2,16941,stable_id
TAOK3,17208,stable_id
TAP1,10667,stable_id
TAP2,4438,stable_id
TAPBP,4425,stable_id
TAPBPL,11028,stable_id
TAPT1,13857,stable_id
TARBP1,31026,stable_id
TARBP2,4044,stable_id
TARDBP,12250,stable_id
TARS2,6497,stable_id
TAS1R1,6995,stable_id
TAS1R2,6868,stable_id
TAS1R3,7076,stable_id
TAS2R16,12963,stable_id
TAS2R3,15383,stable_id
TAS2R38,16544,stable_id
TAS2R39,13894,stable_id
TAS2R4,10602,stable_id
TAS2R40,15178,stable_id
TAS2R41,14223,stable_id
TAS2R60,16107,stable_id
TAS2R7,15743,stable_id
TASL,4841,stable_id
TASOR,11993,stable_id
TASOR2,9453,stable_id
TASP1,11370,stable_id
TAT,296,stable_id
TATDN1,14909,stable_id
TATDN2,16272,stable_id
TATDN3,5661,stable_id
TAX1BP1,716,stable_id
TAX1BP3,11799,stable_id
TBATA,2308,stable_id
TBC1D1,7141,stable_id
TBC1D10A,9667,stable_id
TBC1D10B,12598,stable_id
TBC1D10C,11828,stable_id
TBC1D12,14343,stable_id
TBC1D13,11619,stable_id
TBC1D14,7155,stable_id
TBC1D15,2330,stable_id
TBC1D16,11729,stable_id
TBC1D17,11157,stable_id
TBC1D19,11436,stable_id
TBC1D2,11675,stable_id
TBC1D20,6133,stable_id
TBC1D21,10290,stable_id
TBC1D22A,15169,stable_id
TBC1D22B,12489,stable_id
TBC1D23,3859,stable_id
TBC1D24,10358,stable_id
TBC1D25,11450,stable_id
TBC1D2B,10706,stable_id
TBC1D30,15258,stable_id
TBC1D31,3632,stable_id
TBC1D32,10983,stable_id
TBC1D4,9240,stable_id
TBC1D5,4189,stable_id
TBC1D7,3065,stable_id
TBC1D8,533,stable_id
TBC1D8B,12591,stable_id
TBC1D9,8518,stable_id
TBC1D9B,10416,stable_id
TBCA,12440,stable_id
TBCB,945,stable_id
TBCC,10343,stable_id
TBCCD1,711,stable_id
TBCD,11464,stable_id
TBCE,11467,stable_id
TBCEL,10657,stable_id
TBCK,6448,stable_id
TBK1,2321,stable_id
TBKBP1,11155,stable_id
TBL1XR1,6227,stable_id
TBL2,837,stable_id
TBL3,12009,stable_id
TBP,1519,stable_id
TBPL1,20030,stable_id
TBPL2,17318,stable_id
TBR1,9895,stable_id
TBRG1,1350,stable_id
TBRG4,71,stable_id
TBX1,1215,stable_id
TBX15,6351,stable_id
TBX18,8957,stable_id
TBX19,5619,stable_id
TBX2,11,stable_id
TBX20,8682,stable_id
TBX21,253,stable_id
TBX22,8243,stable_id
TBX3,1966,stable_id
TBX4,12,stable_id
TBX5,1899,stable_id
TBX6,7968,stable_id
TBXA2R,9843,stable_id
TBXAS1,7577,stable_id
TBXT,17450,stable_id
TC2N,2956,stable_id
TCAF1,10422,stable_id
TCAIM,13743,stable_id
TCAP,1133,stable_id
TCEA1,9457,stable_id
TCEA2,16838,stable_id
TCEA3,283,stable_id
TCEAL1,14547,stable_id
TCEAL7,22836,stable_id
TCEAL8,15101,stable_id
TCEAL9,12680,stable_id
TCEANC,15004,stable_id
TCEANC2,6793,stable_id
TCERG1,4519,stable_id
TCERG1L,31343,stable_id
TCF12,8828,stable_id
TCF15,19303,stable_id
TCF19,14788,stable_id
TCF21,13505,stable_id
TCF23,1038,stable_id
TCF24,37432,stable_id
TCF25,256,stable_id
TCF3,2353,stable_id
TCF4,15518,stable_id
TCF7,134,stable_id
TCF7L1,16016,stable_id
TCF7L2,4798,stable_id
TCFL5,11337,stable_id
TCIM,16136,stable_id
TCIRG1,305,stable_id
TCN2,2512,stable_id
TCOF1,4587,stable_id
TCP1,19292,stable_id
TCP11,17570,stable_id
TCP11L1,5950,stable_id
TCP11L2,2271,stable_id
TCTA,11541,stable_id
TCTE1,4204,stable_id
TCTN1,11197,stable_id
TCTN2,-1,missing
TCTN3,4815,stable_id
TDG,9763,stable_id
TDO2,6435,stable_id
TDP1,2949,stable_id
TDP2,10202,stable_id
TDRD1,4852,stable_id
TDRD12,7852,stable_id
TDRD3,3431,stable_id
TDRD5,17157,stable_id
TDRD6,11792,stable_id
TDRD7,10061,stable_id
TDRD9,15628,stable_id
TDRKH,12404,stable_id
TDRP,14685,stable_id
TEAD1,15919,stable_id
TEAD2,8032,stable_id
TEAD3,396,stable_id
TEAD4,7795,stable_id
TEC,7173,stable_id
TECPR1,19034,stable_id
TECPR2,3016,stable_id
TECR,8517,stable_id
TECRL,14548,stable_id
TECTA,10811,stable_id
TECTB,4794,stable_id
TEDC1,10729,stable_id
TEDC2,4307,stable_id
TEF,3650,stable_id
TEFM,13837,stable_id
TEK,990,stable_id
TEKT1,2737,stable_id
TEKT2,6933,stable_id
TEKT3,12482,stable_id
TEKT5,11437,stable_id
TELO2,4338,stable_id
TENM1,1692,stable_id
TENM2,14500,stable_id
TENM3,8435,stable_id
TENM4,14171,stable_id
TENT2,12476,stable_id
TENT4A,9725,stable_id
TENT4B,10453,stable_id
TENT5A,8850,stable_id
TENT5B,13770,stable_id
TENT5C,13154,stable_id
TENT5D,20339,stable_id
TEP1,968,stable_id
TEPSIN,5011,stable_id
TERB1,15335,stable_id
TERB2,5986,stable_id
TERF1,5256,stable_id
TERF2,8652,stable_id
TERF2IP,9342,stable_id
TERT,3194,stable_id
TESK1,6696,stable_id
TESK2,9512,stable_id
TESMIN,4746,stable_id
TESPA1,9825,stable_id
TET1,13906,stable_id
TET2,12105,stable_id
TET3,9824,stable_id
TEX10,6626,stable_id
TEX101,17553,stable_id
TEX11,1264,stable_id
TEX12,8750,stable_id
TEX14,1310,stable_id
TEX2,11950,stable_id
TEX26,7442,stable_id
TEX261,1517,stable_id
TEX264,12062,stable_id
TEX28,17508,stable_id
TEX30,5328,stable_id
TEX36,8117,stable_id
TEX38,13181,stable_id
TEX47,11936,stable_id
TEX50,14459,stable_id
TEX52,22783,stable_id
TEX9,31183,stable_id
TF,9034,stable_id
TFAM,646,stable_id
TFAP2A,3056,stable_id
TFAP2B,5257,stable_id
TFAP2C,6806,stable_id
TFAP2D,12637,stable_id
TFAP2E,12594,stable_id
TFAP4,891,stable_id
TFB1M,10543,stable_id
TFB2M,5578,stable_id
TFCP2,1268,stable_id
TFCP2L1,5511,stable_id
TFDP1,11138,stable_id
TFDP2,8951,stable_id
TFE3,19,stable_id
TFEB,4228,stable_id
TFEC,7371,stable_id
TFF1,4250,stable_id
TFF2,4247,stable_id
TFF3,4248,stable_id
TFG,3867,stable_id
TFIP11,7241,stable_id
TFPI,5918,stable_id
TFPI2,7445,stable_id
TFPT,980,stable_id
TFR2,7480,stable_id
TFRC,3894,stable_id
TG,15514,stable_id
TGDS,3498,stable_id
TGFA,7582,stable_id
TGFB1,449,stable_id
TGFB1I1,8022,stable_id
TGFB2,11471,stable_id
TGFB3,2999,stable_id
TGFBI,10053,stable_id
TGFBR1,1109,stable_id
TGFBR2,8967,stable_id
TGFBR3,7212,stable_id
TGFBR3L,30647,stable_id
TGFBRAP1,19926,stable_id
TGIF1,13973,stable_id
TGIF2,17413,stable_id
TGM1,3549,stable_id
TGM2,10856,stable_id
TGM3,6093,stable_id
TGM4,5192,stable_id
TGM5,15555,stable_id
TGM6,6094,stable_id
TGM7,22706,stable_id
TGS1,6566,stable_id
TH,36,stable_id
THADA,4393,stable_id
THAP1,10628,stable_id
THAP11,10348,stable_id
THAP12,8004,stable_id
THAP2,2336,stable_id
THAP3,11654,stable_id
THAP4,5463,stable_id
THAP7,3870,stable_id
THBD,20929,stable_id
THBS1,11797,stable_id
THBS2,4171,stable_id
THBS3,6461,stable_id
THBS4,3244,stable_id
THEM4,6519,stable_id
THEM5,6520,stable_id
THEM6,16202,stable_id
THEMIS,14444,stable_id
THEMIS2,10823,stable_id
THG1L,1357,stable_id
THNSL1,14303,stable_id
THNSL2,15738,stable_id
THOC1,4412,stable_id
THOC3,5226,stable_id
THOC5,9619,stable_id
THOC6,12207,stable_id
THOC7,15510,stable_id
THOP1,775,stable_id
THPO,3929,stable_id
THRA,16661,stable_id
THRAP3,12991,stable_id
THRB,3295,stable_id
THRSP,10115,stable_id
THSD1,8375,stable_id
THSD4,8862,stable_id
THSD7A,9080,stable_id
THSD7B,12632,stable_id
THSD8,48826,stable_id
THTPA,13509,stable_id
THUMPD1,8104,stable_id
THUMPD2,4390,stable_id
THUMPD3,7739,stable_id
THY1,8714,stable_id
THYN1,10038,stable_id
TIA1,20022,stable_id
TIAL1,8057,stable_id
TIAM1,437,stable_id
TIAM2,4153,stable_id
TICAM1,13900,stable_id
TICRR,13740,stable_id
TIE1,9269,stable_id
TIFA,13768,stable_id
TIFAB,14579,stable_id
TIGAR,10943,stable_id
TIGD2,14473,stable_id
TIGD3,13133,stable_id
TIGD4,14095,stable_id
TIGD5,41968,stable_id
TIGIT,20075,stable_id
TIMELESS,11739,stable_id
TIMM10,5913,stable_id
TIMM10B,30731,stable_id
TIMM13,2383,stable_id
TIMM17A,17509,stable_id
TIMM17B,8198,stable_id
TIMM21,4598,stable_id
TIMM22,2767,stable_id
TIMM29,14265,stable_id
TIMM44,505,stable_id
TIMM50,587,stable_id
TIMM8A,14152,stable_id
TIMM8B,11365,stable_id
TIMM9,2903,stable_id
TIMMDC1,492,stable_id
TIMP1,200,stable_id
TIMP2,1807,stable_id
TIMP3,2275,stable_id
TIMP4,7771,stable_id
TINAG,8913,stable_id
TINAGL1,6889,stable_id
TINCR,47939,stable_id
TINF2,1104,stable_id
TIPARP,9749,stable_id
TIPIN,8940,stable_id
TIPRL,12074,stable_id
TIRAP,8734,stable_id
TJAP1,1392,stable_id
TJP1,7867,stable_id
TJP2,4694,stable_id
TJP3,9858,stable_id
TK1,5114,stable_id
TK2,10153,stable_id
TKFC,9655,stable_id
TKT,3390,stable_id
TKTL1,8335,stable_id
TKTL2,5093,stable_id
TLCD1,2090,stable_id
TLCD2,11032,stable_id
TLCD3A,19614,stable_id
TLCD3B,16702,stable_id
TLCD4,6510,stable_id
TLCD5,14292,stable_id
TLDC2,20888,stable_id
TLE1,1159,stable_id
TLE2,9799,stable_id
TLE3,8858,stable_id
TLE4,4596,stable_id
TLE5,15732,stable_id
TLE7,34719,stable_id
TLK1,12430,stable_id
TLK2,2674,stable_id
TLL1,15548,stable_id
TLL2,4817,stable_id
TLN1,6702,stable_id
TLN2,15349,stable_id
TLNRD1,19786,stable_id
TLR1,13261,stable_id
TLR2,6422,stable_id
TLR3,8481,stable_id
TLR4,11362,stable_id
TLR5,22729,stable_id
TLR6,15084,stable_id
TLR7,13189,stable_id
TLR8,11939,stable_id
TLR9,13399,stable_id
TLX1,4927,stable_id
TLX2,19364,stable_id
TLX3,11976,stable_id
TM2D1,6757,stable_id
TM2D2,8431,stable_id
TM2D3,22512,stable_id
TM4SF1,6312,stable_id
TM4SF19,22937,stable_id
TM4SF20,5380,stable_id
TM4SF4,6313,stable_id
TM4SF5,2023,stable_id
TM6SF1,11213,stable_id
TM6SF2,10259,stable_id
TM7SF2,4686,stable_id
TM7SF3,11825,stable_id
TM9SF1,409,stable_id
TM9SF2,5105,stable_id
TM9SF3,4819,stable_id
TM9SF4,19293,stable_id
TMA16,5126,stable_id
TMA7,31585,stable_id
TMBIM1,972,stable_id
TMBIM4,2386,stable_id
TMBIM6,4016,stable_id
TMC1,4651,stable_id
TMC2,17018,stable_id
TMC3,11173,stable_id
TMC4,2120,stable_id
TMC5,7937,stable_id
TMC6,5112,stable_id
TMC7,12505,stable_id
TMC8,14705,stable_id
TMCC1,7661,stable_id
TMCC2,12447,stable_id
TMCC3,2265,stable_id
TMCO1,15293,stable_id
TMCO2,22456,stable_id
TMCO3,11145,stable_id
TMCO4,12159,stable_id
TMCO5A,6062,stable_id
TMCO6,1064,stable_id
TMED1,8803,stable_id
TMED10,2996,stable_id
TMED2,7270,stable_id
TMED3,8910,stable_id
TMED4,705,stable_id
TMED5,17690,stable_id
TMED6,8651,stable_id
TMED7,9266,stable_id
TMED8,9551,stable_id
TMED9,16612,stable_id
TMEFF1,6627,stable_id
TMEFF2,5360,stable_id
TMEM100,19605,stable_id
TMEM101,2824,stable_id
TMEM102,30748,stable_id
TMEM104,13578,stable_id
TMEM106A,9869,stable_id
TMEM106B,7382,stable_id
TMEM106C,15271,stable_id
TMEM107,2803,stable_id
TMEM108,12695,stable_id
TMEM109,9757,stable_id
TMEM11,12824,stable_id
TMEM114,3848,stable_id
TMEM115,1286,stable_id
TMEM116,7312,stable_id
TMEM117,17668,stable_id
TMEM119,15780,stable_id
TMEM120A,11700,stable_id
TMEM120B,15728,stable_id
TMEM121,14421,stable_id
TMEM121B,33637,stable_id
TMEM123,14915,stable_id
TMEM125,14899,stable_id
TMEM126A,7923,stable_id
TMEM126B,7922,stable_id
TMEM127,9831,stable_id
TMEM128,19175,stable_id
TMEM129,2072,stable_id
TMEM130,12854,stable_id
TMEM131,5366,stable_id
TMEM131L,9440,stable_id
TMEM132A,4644,stable_id
TMEM132B,19797,stable_id
TMEM132C,9637,stable_id
TMEM132D,9631,stable_id
TMEM132E,2680,stable_id
TMEM134,4712,stable_id
TMEM135,11532,stable_id
TMEM138,4611,stable_id
TMEM139,20059,stable_id
TMEM140,16312,stable_id
TMEM141,5850,stable_id
TMEM143,476,stable_id
TMEM144,6402,stable_id
TMEM145,12958,stable_id
TMEM147,978,stable_id
TMEM14A,5262,stable_id
TMEM14C,3058,stable_id
TMEM150A,16041,stable_id
TMEM150B,13709,stable_id
TMEM150C,14843,stable_id
TMEM151A,17240,stable_id
TMEM151B,35471,stable_id
TMEM154,16173,stable_id
TMEM158,15819,stable_id
TMEM160,2056,stable_id
TMEM161A,416,stable_id
TMEM161B,10132,stable_id
TMEM163,5496,stable_id
TMEM164,13881,stable_id
TMEM165,7182,stable_id
TMEM167A,1396,stable_id
TMEM168,7380,stable_id
TMEM169,5406,stable_id
TMEM17,14651,stable_id
TMEM170A,8673,stable_id
TMEM170B,28834,stable_id
TMEM171,15304,stable_id
TMEM174,13604,stable_id
TMEM175,1430,stable_id
TMEM176A,4125,stable_id
TMEM176B,7521,stable_id
TMEM177,10540,stable_id
TMEM178A,4389,stable_id
TMEM178B,16436,stable_id
TMEM179,15632,stable_id
TMEM179B,55489,stable_id
TMEM18,12773,stable_id
TMEM181,10989,stable_id
TMEM182,22919,stable_id
TMEM183A,12530,stable_id
TMEM184A,10427,stable_id
TMEM184B,1205,stable_id
TMEM184C,8466,stable_id
TMEM185A,20372,stable_id
TMEM185B,37334,stable_id
TMEM186,12793,stable_id
TMEM19,19567,stable_id
TMEM190,1415,stable_id
TMEM192,5094,stable_id
TMEM198,15132,stable_id
TMEM200A,14518,stable_id
TMEM200B,19866,stable_id
TMEM200C,34278,stable_id
TMEM201,13218,stable_id
TMEM203,22345,stable_id
TMEM204,4336,stable_id
TMEM205,12088,stable_id
TMEM207,31781,stable_id
TMEM208,1533,stable_id
TMEM209,7512,stable_id
TMEM210,5864,stable_id
TMEM212,12801,stable_id
TMEM213,7534,stable_id
TMEM214,11300,stable_id
TMEM215,13741,stable_id
TMEM216,4612,stable_id
TMEM218,8787,stable_id
TMEM219,17063,stable_id
TMEM220,14752,stable_id
TMEM221,12921,stable_id
TMEM222,6940,stable_id
TMEM223,55073,stable_id
TMEM229A,14156,stable_id
TMEM229B,13622,stable_id
TMEM230,6052,stable_id
TMEM231,8671,stable_id
TMEM232,13315,stable_id
TMEM233,22775,stable_id
TMEM234,6906,stable_id
TMEM235,19737,stable_id
TMEM236,17262,stable_id
TMEM237,10969,stable_id
TMEM238,7831,stable_id
TMEM238L,27472,stable_id
TMEM239,14599,stable_id
TMEM240,26796,stable_id
TMEM241,14516,stable_id
TMEM242,782,stable_id
TMEM243,22959,stable_id
TMEM245,15911,stable_id
TMEM247,10807,stable_id
TMEM248,15430,stable_id
TMEM249,53636,stable_id
TMEM25,363,stable_id
TMEM252,14306,stable_id
TMEM253,20202,stable_id
TMEM254,20240,stable_id
TMEM255A,10365,stable_id
TMEM255B,11131,stable_id
TMEM256,19767,stable_id
TMEM258,10328,stable_id
TMEM259,1454,stable_id
TMEM26,16956,stable_id
TMEM260,10320,stable_id
TMEM262,14072,stable_id
TMEM263,17147,stable_id
TMEM266,8883,stable_id
TMEM267,20890,stable_id
TMEM268,13562,stable_id
TMEM270,11963,stable_id
TMEM273,12333,stable_id
TMEM30A,8893,stable_id
TMEM30B,9676,stable_id
TMEM33,10818,stable_id
TMEM35A,9383,stable_id
TMEM35B,19871,stable_id
TMEM37,14878,stable_id
TMEM38A,8570,stable_id
TMEM38B,6671,stable_id
TMEM39A,491,stable_id
TMEM39B,15568,stable_id
TMEM40,16925,stable_id
TMEM41B,14016,stable_id
TMEM42,18959,stable_id
TMEM43,7640,stable_id
TMEM44,3743,stable_id
TMEM45B,12348,stable_id
TMEM47,5150,stable_id
TMEM50A,6919,stable_id
TMEM50B,3990,stable_id
TMEM51,11980,stable_id
TMEM52,4079,stable_id
TMEM52B,7680,stable_id
TMEM53,14357,stable_id
TMEM54,6897,stable_id
TMEM59,6792,stable_id
TMEM59L,10205,stable_id
TMEM60,13434,stable_id
TMEM62,15740,stable_id
TMEM63A,5592,stable_id
TMEM63B,10218,stable_id
TMEM63C,9564,stable_id
TMEM64,12815,stable_id
TMEM65,17460,stable_id
TMEM67,14530,stable_id
TMEM68,6565,stable_id
TMEM69,16040,stable_id
TMEM70,5269,stable_id
TMEM71,10525,stable_id
TMEM72,14178,stable_id
TMEM74,15718,stable_id
TMEM74B,13126,stable_id
TMEM79,247,stable_id
TMEM80,5085,stable_id
TMEM81,14193,stable_id
TMEM82,12780,stable_id
TMEM86A,1308,stable_id
TMEM86B,13386,stable_id
TMEM87A,9455,stable_id
TMEM87B,1484,stable_id
TMEM88,13418,stable_id
TMEM88B,20512,stable_id
TMEM89,5146,stable_id
TMEM8B,22526,stable_id
TMEM9,5529,stable_id
TMEM91,17297,stable_id
TMEM94,2713,stable_id
TMEM95,33821,stable_id
TMEM97,10653,stable_id
TMEM98,10029,stable_id
TMEM9B,8135,stable_id
TMF1,7617,stable_id
TMIE,14555,stable_id
TMIGD1,2764,stable_id
TMOD1,6614,stable_id
TMOD2,8808,stable_id
TMOD3,16617,stable_id
TMOD4,873,stable_id
TMPPE,22761,stable_id
TMPRSS11A,20289,stable_id
TMPRSS11D,17204,stable_id
TMPRSS11E,15754,stable_id
TMPRSS11F,14355,stable_id
TMPRSS12,13489,stable_id
TMPRSS13,10597,stable_id
TMPRSS15,3935,stable_id
TMPRSS2,72,stable_id
TMPRSS3,4252,stable_id
TMPRSS4,8765,stable_id
TMPRSS5,8852,stable_id
TMPRSS6,1753,stable_id
TMPRSS7,9264,stable_id
TMPRSS9,16802,stable_id
TMSB4Y,14621,stable_id
TMTC1,7763,stable_id
TMTC2,10215,stable_id
TMTC3,10424,stable_id
TMTC4,12290,stable_id
TMUB2,9792,stable_id
TMX1,2900,stable_id
TMX2,14683,stable_id
TMX3,4588,stable_id
TMX4,9780,stable_id
TNC,6637,stable_id
TNF,4472,stable_id
TNFAIP1,1818,stable_id
TNFAIP2,3022,stable_id
TNFAIP3,2176,stable_id
TNFAIP6,15517,stable_id
TNFAIP8,17426,stable_id
TNFAIP8L1,13155,stable_id
TNFAIP8L2,1447,stable_id
TNFAIP8L3,20778,stable_id
TNFRSF11A,5484,stable_id
TNFRSF11B,17762,stable_id
TNFRSF12A,4177,stable_id
TNFRSF17,3717,stable_id
TNFRSF19,17064,stable_id
TNFRSF1A,7786,stable_id
TNFRSF1B,6779,stable_id
TNFRSF21,4185,stable_id
TNFRSF25,4682,stable_id
TNFRSF4,7079,stable_id
TNFRSF9,7008,stable_id
TNFSF10,11491,stable_id
TNFSF11,3428,stable_id
TNFSF12,35899,stable_id
TNFSF13,30593,stable_id
TNFSF13B,8390,stable_id
TNFSF14,902,stable_id
TNFSF15,14786,stable_id
TNFSF18,19065,stable_id
TNFSF8,6636,stable_id
TNIK,6262,stable_id
TNIP1,2492,stable_id
TNIP2,16912,stable_id
TNK1,281,stable_id
TNK2,3891,stable_id
TNKS,8410,stable_id
TNKS1BP1,9500,stable_id
TNKS2,4693,stable_id
TNMD,8247,stable_id
TNN,5713,stable_id
TNNC1,31746,stable_id
TNNC2,1786,stable_id
TNNI1,5535,stable_id
TNNI2,8161,stable_id
TNNI3,10044,stable_id
TNNI3K,11771,stable_id
TNNT1,17872,stable_id
TNNT2,5531,stable_id
TNNT3,17300,stable_id
TNP1,5403,stable_id
TNPO1,1239,stable_id
TNPO2,8509,stable_id
TNPO3,1403,stable_id
TNR,1656,stable_id
TNRC6A,15350,stable_id
TNRC6B,14116,stable_id
TNRC6C,5111,stable_id
TNS1,15920,stable_id
TNS2,10551,stable_id
TNS3,2504,stable_id
TNS4,1817,stable_id
TNXB,9310,stable_id
TOB1,10765,stable_id
TOB2,14302,stable_id
TOE1,6839,stable_id
TOGARAM1,10093,stable_id
TOGARAM2,13524,stable_id
TOLLIP,4876,stable_id
TOM1,12736,stable_id
TOM1L1,2577,stable_id
TOM1L2,91,stable_id
TOMM20,33026,stable_id
TOMM20L,2902,stable_id
TOMM22,3670,stable_id
TOMM34,1903,stable_id
TOMM40,512,stable_id
TOMM40L,879,stable_id
TOMM6,9355,stable_id
TOMM7,7031,stable_id
TOMM70,3862,stable_id
TOMT,22487,stable_id
TONSL,16782,stable_id
TOP1,19812,stable_id
TOP1MT,158,stable_id
TOP2A,2819,stable_id
TOP2B,1809,stable_id
TOP3A,484,stable_id
TOP3B,3883,stable_id
TOPAZ1,33942,stable_id
TOPBP1,9035,stable_id
TOPORS,10468,stable_id
TOR1A,5797,stable_id
TOR1AIP1,5562,stable_id
TOR1AIP2,14824,stable_id
TOR1B,5796,stable_id
TOR2A,1247,stable_id
TOR3A,17059,stable_id
TOR4A,16842,stable_id
TOX,12196,stable_id
TOX2,20881,stable_id
TOX3,12922,stable_id
TOX4,1747,stable_id
TP53,16840,stable_id
TP53BP1,12976,stable_id
TP53BP2,5588,stable_id
TP53I11,19423,stable_id
TP53I13,13112,stable_id
TP53INP1,6553,stable_id
TP53INP2,11103,stable_id
TP63,3726,stable_id
TP73,7047,stable_id
TPBG,9979,stable_id
TPBGL,35267,stable_id
TPCN1,9119,stable_id
TPCN2,14332,stable_id
TPD52,6160,stable_id
TPD52L1,52,stable_id
TPD52L2,145,stable_id
TPGS1,2438,stable_id
TPGS2,4403,stable_id
TPH1,11763,stable_id
TPH2,1058,stable_id
TPI1,4135,stable_id
TPK1,7490,stable_id
TPM1,8918,stable_id
TPM2,6701,stable_id
TPM3,6392,stable_id
TPM4,8573,stable_id
TPMT,3070,stable_id
TPO,2659,stable_id
TPP1,8089,stable_id
TPP2,12356,stable_id
TPPP,3169,stable_id
TPPP2,1191,stable_id
TPPP3,1530,stable_id
TPR,934,stable_id
TPRA1,495,stable_id
TPRKB,15681,stable_id
TPRN,14341,stable_id
TPSG1,9272,stable_id
TPST1,9556,stable_id
TPST2,7240,stable_id
TPX2,6136,stable_id
TRA2A,7527,stable_id
TRA2B,3936,stable_id
TRABD,1592,stable_id
TRABD2B,19907,stable_id
TRADD,8633,stable_id
TRAF1,5813,stable_id
TRAF2,5853,stable_id
TRAF3,3018,stable_id
TRAF3IP1,9625,stable_id
TRAF3IP2,2170,stable_id
TRAF3IP3,10666,stable_id
TRAF4,1795,stable_id
TRAF5,5663,stable_id
TRAF6,5942,stable_id
TRAF7,15362,stable_id
TRAFD1,12684,stable_id
TRAIP,9058,stable_id
TRAK1,9026,stable_id
TRAK2,5315,stable_id
TRAM1,5264,stable_id
TRAM1L1,13171,stable_id
TRAM2,12364,stable_id
TRANK1,17443,stable_id
TRAP1,929,stable_id
TRAPPC1,14488,stable_id
TRAPPC10,68,stable_id
TRAPPC11,10977,stable_id
TRAPPC12,2626,stable_id
TRAPPC13,3252,stable_id
TRAPPC14,10526,stable_id
TRAPPC2,22786,stable_id
TRAPPC2L,1545,stable_id
TRAPPC3,6934,stable_id
TRAPPC3L,20023,stable_id
TRAPPC4,8779,stable_id
TRAPPC5,11826,stable_id
TRAPPC6A,365,stable_id
TRAPPC6B,2860,stable_id
TRAPPC8,9325,stable_id
TRAPPC9,14127,stable_id
TRARG1,13658,stable_id
TRAT1,8018,stable_id
TRDMT1,5712,stable_id
TRDN,2137,stable_id
TREH,8771,stable_id
TREM2,4230,stable_id
TREML1,4231,stable_id
TREML2,19959,stable_id
TRERF1,17840,stable_id
TREX1,14609,stable_id
TREX2,8312,stable_id
TRH,913,stable_id
TRHDE,14848,stable_id
TRHR,11270,stable_id
TRIAP1,7360,stable_id
TRIB1,9003,stable_id
TRIB2,2609,stable_id
TRIB3,9106,stable_id
TRIL,12885,stable_id
TRIM10,20420,stable_id
TRIM11,2526,stable_id
TRIM13,9963,stable_id
TRIM14,11693,stable_id
TRIM16,14096,stable_id
TRIM17,10536,stable_id
TRIM2,6420,stable_id
TRIM21,8112,stable_id
TRIM23,3253,stable_id
TRIM24,7538,stable_id
TRIM25,46,stable_id
TRIM26,4502,stable_id
TRIM27,3041,stable_id
TRIM28,863,stable_id
TRIM29,8716,stable_id
TRIM3,10546,stable_id
TRIM32,15126,stable_id
TRIM33,9211,stable_id
TRIM35,3448,stable_id
TRIM36,9497,stable_id
TRIM37,1949,stable_id
TRIM38,17864,stable_id
TRIM39,13427,stable_id
TRIM40,20419,stable_id
TRIM41,11875,stable_id
TRIM42,8971,stable_id
TRIM44,5959,stable_id
TRIM45,9285,stable_id
TRIM46,12699,stable_id
TRIM47,2719,stable_id
TRIM50,15497,stable_id
TRIM54,17384,stable_id
TRIM55,17143,stable_id
TRIM56,12822,stable_id
TRIM58,10595,stable_id
TRIM59,9634,stable_id
TRIM6,20174,stable_id
TRIM60,15520,stable_id
TRIM61,47448,stable_id
TRIM62,12121,stable_id
TRIM63,6925,stable_id
TRIM65,15749,stable_id
TRIM66,8139,stable_id
TRIM67,10509,stable_id
TRIM68,20642,stable_id
TRIM69,9321,stable_id
TRIM7,11868,stable_id
TRIM71,22760,stable_id
TRIM72,12722,stable_id
TRIM8,4827,stable_id
TRIM9,2899,stable_id
TRIML1,8488,stable_id
TRIML2,31563,stable_id
TRIO,3578,stable_id
TRIOBP,9241,stable_id
TRIP10,2097,stable_id
TRIP11,2957,stable_id
TRIP12,5425,stable_id
TRIP13,3167,stable_id
TRIP4,8933,stable_id
TRIP6,4121,stable_id
TRIQK,16055,stable_id
TRIR,12173,stable_id
TRIT1,6817,stable_id
TRMO,6617,stable_id
TRMT1,334,stable_id
TRMT10A,676,stable_id
TRMT10B,10091,stable_id
TRMT10C,13240,stable_id
TRMT11,2141,stable_id
TRMT112,11296,stable_id
TRMT12,10580,stable_id
TRMT13,9345,stable_id
TRMT1L,15475,stable_id
TRMT2A,3850,stable_id
TRMT2B,19177,stable_id
TRMT44,7092,stable_id
TRMT5,9679,stable_id
TRMT6,10696,stable_id
TRMT61A,17149,stable_id
TRMT9B,11595,stable_id
TRMU,3647,stable_id
TRNAU1AP,6966,stable_id
TRNP1,16189,stable_id
TRNT1,1448,stable_id
TROAP,9134,stable_id
TRPA1,9129,stable_id
TRPC1,9150,stable_id
TRPC3,6277,stable_id
TRPC4,6287,stable_id
TRPC4AP,11080,stable_id
TRPC5,12335,stable_id
TRPC5OS,20311,stable_id
TRPC6,8707,stable_id
TRPC7,3152,stable_id
TRPM1,7872,stable_id
TRPM2,1230,stable_id
TRPM3,15279,stable_id
TRPM4,11054,stable_id
TRPM5,1226,stable_id
TRPM6,4636,stable_id
TRPM7,6071,stable_id
TRPM8,10293,stable_id
TRPS1,11236,stable_id
TRPT1,14046,stable_id
TRPV1,924,stable_id
TRPV2,1943,stable_id
TRPV3,12767,stable_id
TRPV4,1468,stable_id
TRPV5,10502,stable_id
TRPV6,7557,stable_id
TRRAP,13447,stable_id
TRUB1,4856,stable_id
TRUB2,11678,stable_id
TSACC,1324,stable_id
TSC1,5767,stable_id
TSC2,438,stable_id
TSC22D1,3424,stable_id
TSC22D2,6317,stable_id
TSC22D3,8350,stable_id
TSEN15,1542,stable_id
TSEN2,12562,stable_id
TSEN34,10085,stable_id
TSEN54,2726,stable_id
TSFM,11938,stable_id
TSG101,1487,stable_id
TSGA10,17118,stable_id
TSGA10IP,11502,stable_id
TSGA13,11369,stable_id
TSHB,6342,stable_id
TSHR,2850,stable_id
TSHZ1,13856,stable_id
TSHZ2,14123,stable_id
TSHZ3,2976,stable_id
TSKS,16921,stable_id
TSKU,14565,stable_id
TSN,5509,stable_id
TSNAX,16236,stable_id
TSNAXIP1,8636,stable_id
TSPAN1,6847,stable_id
TSPAN10,11625,stable_id
TSPAN11,7793,stable_id
TSPAN12,7446,stable_id
TSPAN13,2595,stable_id
TSPAN14,10858,stable_id
TSPAN15,10565,stable_id
TSPAN17,5228,stable_id
TSPAN18,5977,stable_id
TSPAN2,6343,stable_id
TSPAN3,8891,stable_id
TSPAN31,1055,stable_id
TSPAN32,40,stable_id
TSPAN33,309,stable_id
TSPAN4,5090,stable_id
TSPAN5,6523,stable_id
TSPAN6,19179,stable_id
TSPAN7,16547,stable_id
TSPAN8,9561,stable_id
TSPAN9,7794,stable_id
TSPEAR,19572,stable_id
TSPO,12347,stable_id
TSPO2,4233,stable_id
TSPOAP1,9568,stable_id
TSPYL1,14004,stable_id
TSPYL2,12144,stable_id
TSPYL4,11553,stable_id
TSPYL5,11353,stable_id
TSR1,11085,stable_id
TSR2,4958,stable_id
TSR3,1560,stable_id
TSSC4,13522,stable_id
TSSK1B,12282,stable_id
TSSK2,13459,stable_id
TSSK3,79,stable_id
TSSK4,1105,stable_id
TSSK6,14044,stable_id
TST,13297,stable_id
TSTD1,41789,stable_id
TSTD2,10054,stable_id
TTBK1,1621,stable_id
TTBK2,30906,stable_id
TTC1,12197,stable_id
TTC12,11820,stable_id
TTC13,10660,stable_id
TTC14,6256,stable_id
TTC17,5961,stable_id
TTC19,12527,stable_id
TTC21A,9012,stable_id
TTC21B,9830,stable_id
TTC22,9860,stable_id
TTC23,7892,stable_id
TTC23L,3572,stable_id
TTC27,4284,stable_id
TTC28,9275,stable_id
TTC29,10586,stable_id
TTC3,12054,stable_id
TTC32,19038,stable_id
TTC33,3510,stable_id
TTC34,13754,stable_id
TTC36,11534,stable_id
TTC38,10195,stable_id
TTC39A,6751,stable_id
TTC39B,11005,stable_id
TTC39C,4486,stable_id
TTC4,5031,stable_id
TTC5,969,stable_id
TTC6,13798,stable_id
TTC7A,10512,stable_id
TTC7B,9369,stable_id
TTC8,2868,stable_id
TTC9,12686,stable_id
TTC9B,1140,stable_id
TTC9C,20106,stable_id
TTF2,9282,stable_id
TTI1,6238,stable_id
TTI2,8444,stable_id
TTK,11104,stable_id
TTL,6087,stable_id
TTLL1,3684,stable_id
TTLL10,7078,stable_id
TTLL11,5819,stable_id
TTLL12,1744,stable_id
TTLL13,13442,stable_id
TTLL2,22981,stable_id
TTLL3,7747,stable_id
TTLL4,9291,stable_id
TTLL6,11268,stable_id
TTLL7,10440,stable_id
TTLL8,3649,stable_id
TTLL9,20908,stable_id
TTN,15146,stable_id
TTPA,20658,stable_id
TTPAL,1826,stable_id
TTR,17317,stable_id
TTYH1,7830,stable_id
TTYH2,9779,stable_id
TTYH3,10388,stable_id
TUB,8141,stable_id
TUBA1A,20173,stable_id
TUBA1B,4012,stable_id
TUBA1C,12785,stable_id
TUBA3C,19168,stable_id
TUBA4A,5416,stable_id
TUBA8,7665,stable_id
TUBAL3,2975,stable_id
TUBB,273,stable_id
TUBB1,1701,stable_id
TUBB2A,16642,stable_id
TUBB2B,13348,stable_id
TUBB3,17462,stable_id
TUBB4A,17514,stable_id
TUBB4B,10444,stable_id
TUBB6,257,stable_id
TUBD1,2557,stable_id
TUBE1,2172,stable_id
TUBG1,9947,stable_id
TUBG2,13304,stable_id
TUBGCP2,5060,stable_id
TUBGCP3,131,stable_id
TUBGCP4,6006,stable_id
TUBGCP5,9449,stable_id
TUBGCP6,15152,stable_id
TUFM,20570,stable_id
TUFT1,926,stable_id
TUG1,16186,stable_id
TULP1,10721,stable_id
TULP2,4137,stable_id
TULP3,271,stable_id
TULP4,9656,stable_id
TUNAR,36422,stable_id
TUSC1,15627,stable_id
TUSC2,1290,stable_id
TUSC3,-1,missing
TUT1,20092,stable_id
TUT4,9737,stable_id
TUT7,9972,stable_id
TVP23A,14913,stable_id
TWF1,3689,stable_id
TWF2,4109,stable_id
TWIST1,10148,stable_id
TWIST2,1122,stable_id
TWNK,4924,stable_id
TWSG1,4297,stable_id
TXK,15824,stable_id
TXLNA,15593,stable_id
TXLNB,11702,stable_id
TXLNG,11087,stable_id
TXN,6638,stable_id
TXN2,828,stable_id
TXNDC11,3718,stable_id
TXNDC12,6759,stable_id
TXNDC15,3132,stable_id
TXNDC16,3324,stable_id
TXNDC17,2740,stable_id
TXNDC5,11356,stable_id
TXNDC8,11250,stable_id
TXNDC9,16580,stable_id
TXNIP,11110,stable_id
TXNL1,4571,stable_id
TXNL4A,16307,stable_id
TXNL4B,8525,stable_id
TXNRD1,2400,stable_id
TXNRD2,21309,stable_id
TXNRD3,141,stable_id
TYK2,8799,stable_id
TYMP,3794,stable_id
TYMS,5173,stable_id
TYR,736,stable_id
TYRO3,6023,stable_id
TYROBP,7899,stable_id
TYRP1,933,stable_id
TYSND1,2302,stable_id
TYW3,14021,stable_id
TYW5,14286,stable_id
U2AF1,17280,stable_id
U2AF1L4,22542,stable_id
U2AF2,7834,stable_id
U2SURP,8948,stable_id
UACA,9698,stable_id
UAP1,5685,stable_id
UAP1L1,5859,stable_id
UBA1,338,stable_id
UBA2,15410,stable_id
UBA3,7619,stable_id
UBA5,9037,stable_id
UBA52,30937,stable_id
UBA6,10180,stable_id
UBA7,9065,stable_id
UBAC1,10321,stable_id
UBAC2,12357,stable_id
UBALD1,11582,stable_id
UBALD2,14841,stable_id
UBAP1,6681,stable_id
UBAP1L,27915,stable_id
UBAP2,6677,stable_id
UBAP2L,12612,stable_id
UBASH3A,12540,stable_id
UBASH3B,8721,stable_id
UBB,2100,stable_id
UBC,1163,stable_id
UBD,9943,stable_id
UBE2A,1706,stable_id
UBE2B,2485,stable_id
UBE2C,242,stable_id
UBE2D1,2217,stable_id
UBE2D2,31744,stable_id
UBE2D3,22457,stable_id
UBE2E1,3293,stable_id
UBE2E2,16561,stable_id
UBE2E3,5895,stable_id
UBE2F,9647,stable_id
UBE2G1,2735,stable_id
UBE2G2,1231,stable_id
UBE2H,11428,stable_id
UBE2I,1559,stable_id
UBE2J1,6592,stable_id
UBE2J2,4112,stable_id
UBE2K,7163,stable_id
UBE2L6,5915,stable_id
UBE2M,864,stable_id
UBE2N,20943,stable_id
UBE2O,2739,stable_id
UBE2Q1,12630,stable_id
UBE2Q2,8877,stable_id
UBE2QL1,15409,stable_id
UBE2R2,10288,stable_id
UBE2T,5542,stable_id
UBE2V1,22616,stable_id
UBE2V2,3824,stable_id
UBE2W,5268,stable_id
UBE2Z,1482,stable_id
UBE3A,4982,stable_id
UBE3B,7385,stable_id
UBE3C,11359,stable_id
UBE4A,16920,stable_id
UBE4B,7003,stable_id
UBFD1,8073,stable_id
UBIAD1,14066,stable_id
UBL3,299,stable_id
UBL4A,1578,stable_id
UBL4B,16037,stable_id
UBL5,26747,stable_id
UBL7,15996,stable_id
UBLCP1,12181,stable_id
UBN1,11545,stable_id
UBN2,11171,stable_id
UBOX5,6024,stable_id
UBP1,1271,stable_id
UBQLN1,824,stable_id
UBQLN2,14718,stable_id
UBQLN3,15115,stable_id
UBQLN4,1181,stable_id
UBR1,6008,stable_id
UBR2,4220,stable_id
UBR3,13105,stable_id
UBR4,18917,stable_id
UBR5,10737,stable_id
UBR7,12336,stable_id
UBTD1,4898,stable_id
UBTD2,13287,stable_id
UBTF,2826,stable_id
UBTFL1,20848,stable_id
UBXN1,20101,stable_id
UBXN10,12910,stable_id
UBXN11,1388,stable_id
UBXN2A,2630,stable_id
UBXN2B,6571,stable_id
UBXN4,5499,stable_id
UBXN6,2107,stable_id
UBXN7,15579,stable_id
UBXN8,15389,stable_id
UCHL1,7176,stable_id
UCHL5,1890,stable_id
UCK1,443,stable_id
UCK2,5610,stable_id
UCKL1,30777,stable_id
UCMA,5683,stable_id
UCN,11234,stable_id
UCN2,14601,stable_id
UCN3,13298,stable_id
UCP1,8519,stable_id
UCP2,9410,stable_id
UCP3,9191,stable_id
UEVLD,12818,stable_id
UFC1,17596,stable_id
UFD1,820,stable_id
UFL1,11872,stable_id
UFM1,6286,stable_id
UFSP1,15086,stable_id
UFSP2,8477,stable_id
UGCG,6643,stable_id
UGDH,7161,stable_id
UGGT1,10731,stable_id
UGGT2,12458,stable_id
UGP2,332,stable_id
UGT1A1,30807,stable_id
UGT2A1,44675,stable_id
UGT2A2,7199,stable_id
UGT8,9159,stable_id
UHMK1,5682,stable_id
UHRF1,217,stable_id
UHRF2,4697,stable_id
UIMC1,5231,stable_id
ULK1,7348,stable_id
ULK2,754,stable_id
ULK3,8878,stable_id
ULK4,12102,stable_id
UMAD1,30738,stable_id
UMOD,8110,stable_id
UMODL1,15660,stable_id
UMPS,3907,stable_id
UNC119,369,stable_id
UNC119B,13731,stable_id
UNC13A,9813,stable_id
UNC13B,6694,stable_id
UNC13C,17404,stable_id
UNC13D,16480,stable_id
UNC45A,7878,stable_id
UNC45B,2005,stable_id
UNC50,5362,stable_id
UNC5A,5229,stable_id
UNC5B,2311,stable_id
UNC5C,16931,stable_id
UNC5CL,12904,stable_id
UNC5D,17738,stable_id
UNC79,2964,stable_id
UNC80,15969,stable_id
UNC93B1,10507,stable_id
UNCX,7366,stable_id
UNG,7391,stable_id
UNK,2718,stable_id
UNKL,1561,stable_id
UPB1,9340,stable_id
UPF1,16560,stable_id
UPF2,12812,stable_id
UPF3A,11111,stable_id
UPF3B,10391,stable_id
UPK1A,977,stable_id
UPK1B,14522,stable_id
UPK2,12267,stable_id
UPK3A,3677,stable_id
UPK3B,12753,stable_id
UPP1,2496,stable_id
UPP2,5791,stable_id
UPRT,20343,stable_id
UQCC1,909,stable_id
UQCC2,4362,stable_id
UQCC3,20100,stable_id
UQCR10,16837,stable_id
UQCR11,2350,stable_id
UQCRC1,5145,stable_id
UQCRC2,8084,stable_id
UQCRQ,13272,stable_id
URB1,11713,stable_id
URB2,8690,stable_id
URGCP,14593,stable_id
URI1,7826,stable_id
URM1,19483,stable_id
UROC1,9685,stable_id
UROD,6837,stable_id
UROS,8119,stable_id
USB1,8571,stable_id
USE1,425,stable_id
USF1,5667,stable_id
USF2,16539,stable_id
USF3,19355,stable_id
USH1C,8053,stable_id
USH1G,13389,stable_id
USH2A,5645,stable_id
USHBP1,9855,stable_id
USO1,7280,stable_id
USP1,6756,stable_id
USP10,8591,stable_id
USP11,8146,stable_id
USP12,7427,stable_id
USP13,16258,stable_id
USP14,14112,stable_id
USP15,2327,stable_id
USP16,5136,stable_id
USP18,7648,stable_id
USP19,1043,stable_id
USP2,8713,stable_id
USP20,5800,stable_id
USP21,15519,stable_id
USP22,12606,stable_id
USP24,6722,stable_id
USP25,3942,stable_id
USP27X,13656,stable_id
USP28,8851,stable_id
USP3,8926,stable_id
USP30,7392,stable_id
USP31,17673,stable_id
USP33,5046,stable_id
USP34,16141,stable_id
USP35,10123,stable_id
USP36,9486,stable_id
USP37,9319,stable_id
USP38,11047,stable_id
USP39,16133,stable_id
USP4,9075,stable_id
USP40,852,stable_id
USP42,15028,stable_id
USP43,2812,stable_id
USP44,2262,stable_id
USP45,11910,stable_id
USP46,15810,stable_id
USP47,16769,stable_id
USP48,12858,stable_id
USP49,30920,stable_id
USP5,11125,stable_id
USP50,6070,stable_id
USP51,19146,stable_id
USP53,11629,stable_id
USP54,9603,stable_id
USP6NL,11374,stable_id
USP7,3846,stable_id
USP8,6069,stable_id
USP9X,8131,stable_id
USP9Y,19487,stable_id
USPL1,12194,stable_id
UST,14063,stable_id
UTP11,6971,stable_id
UTP15,12351,stable_id
UTP18,15649,stable_id
UTP20,697,stable_id
UTP23,3602,stable_id
UTP25,1694,stable_id
UTP3,19856,stable_id
UTP4,12243,stable_id
UTP6,10080,stable_id
UTRN,2158,stable_id
UVRAG,10003,stable_id
UVSSA,10685,stable_id
UXS1,16362,stable_id
UXT,201,stable_id
VAC14,1346,stable_id
VAMP1,7783,stable_id
VAMP2,2802,stable_id
VAMP3,6999,stable_id
VAMP4,5699,stable_id
VAMP5,20337,stable_id
VAMP8,14865,stable_id
VANGL1,6345,stable_id
VANGL2,5609,stable_id
VAPA,4293,stable_id
VAPB,15734,stable_id
VARS2,11303,stable_id
VASH1,3002,stable_id
VASH2,10762,stable_id
VASN,11607,stable_id
VASP,7818,stable_id
VAT1,9881,stable_id
VAT1L,13821,stable_id
VAV1,9554,stable_id
VAV2,1256,stable_id
VAV3,9423,stable_id
VAX1,965,stable_id
VAX2,9802,stable_id
VBP1,8219,stable_id
VCAM1,6406,stable_id
VCAN,3197,stable_id
VCL,3322,stable_id
VCP,6690,stable_id
VCPIP1,13364,stable_id
VCPKMT,14645,stable_id
VDAC1,2494,stable_id
VDAC2,3290,stable_id
VDAC3,1198,stable_id
VDR,3707,stable_id
VEGFA,4205,stable_id
VEGFB,4781,stable_id
VEGFC,8406,stable_id
VEGFD,8320,stable_id
VEPH1,6329,stable_id
VEZF1,1913,stable_id
VEZT,10242,stable_id
VGF,10714,stable_id
VGLL2,14581,stable_id
VGLL3,31452,stable_id
VGLL4,7769,stable_id
VHL,9492,stable_id
VIL1,5397,stable_id
VILL,11280,stable_id
VIM,5716,stable_id
VIP,2129,stable_id
VIPAS39,2880,stable_id
VIPR1,9021,stable_id
VIPR2,1355,stable_id
VIRMA,12026,stable_id
VIT,4282,stable_id
VKORC1,34887,stable_id
VKORC1L1,19059,stable_id
VLDLR,4758,stable_id
VMA21,20371,stable_id
VMAC,15791,stable_id
VMO1,2758,stable_id
VMP1,1889,stable_id
VNN1,10719,stable_id
VOPP1,10843,stable_id
VPREB3,155,stable_id
VPS11,8792,stable_id
VPS13A,13648,stable_id
VPS13B,10792,stable_id
VPS13C,9985,stable_id
VPS13D,2384,stable_id
VPS16,6100,stable_id
VPS18,9596,stable_id
VPS25,22499,stable_id
VPS26A,2295,stable_id
VPS26B,8700,stable_id
VPS26C,3962,stable_id
VPS28,53431,stable_id
VPS29,7318,stable_id
VPS33A,7300,stable_id
VPS33B,7879,stable_id
VPS35,8510,stable_id
VPS35L,8122,stable_id
VPS36,8374,stable_id
VPS37A,8456,stable_id
VPS37B,18975,stable_id
VPS37C,14374,stable_id
VPS37D,12908,stable_id
VPS39,6019,stable_id
VPS41,12183,stable_id
VPS45,1642,stable_id
VPS4A,8647,stable_id
VPS4B,1279,stable_id
VPS50,239,stable_id
VPS51,4684,stable_id
VPS52,4430,stable_id
VPS53,1783,stable_id
VPS54,2329,stable_id
VPS72,1200,stable_id
VPS8,9404,stable_id
VPS9D1,185,stable_id
VRK1,2924,stable_id
VRK2,17851,stable_id
VRK3,388,stable_id
VRTN,19998,stable_id
VSIG1,8349,stable_id
VSIG10,19092,stable_id
VSIG10L,19830,stable_id
VSIG2,341,stable_id
VSIG8,14569,stable_id
VSIR,2313,stable_id
VSNL1,15736,stable_id
VSTM2A,14376,stable_id
VSTM2B,11478,stable_id
VSTM2L,10862,stable_id
VSTM4,14849,stable_id
VSTM5,8665,stable_id
VSX1,9238,stable_id
VSX2,2989,stable_id
VTA1,2189,stable_id
VTCN1,14966,stable_id
VTI1A,4797,stable_id
VTI1B,2929,stable_id
VTN,1793,stable_id
VWA1,12464,stable_id
VWA2,4853,stable_id
VWA3A,8087,stable_id
VWA3B,14710,stable_id
VWA5B1,6877,stable_id
VWA5B2,13747,stable_id
VWA7,1076,stable_id
VWA8,16707,stable_id
VWC2,14894,stable_id
VWC2L,13492,stable_id
VWCE,12946,stable_id
VWF,339,stable_id
VXN,19265,stable_id
WAC,4410,stable_id
WAPL,12235,stable_id
WARS2,682,stable_id
WAS,8203,stable_id
WASF1,2163,stable_id
WASF2,6948,stable_id
WASF3,7425,stable_id
WASHC3,2280,stable_id
WASHC4,9719,stable_id
WASHC5,3622,stable_id
WASL,7460,stable_id
WBP1,7599,stable_id
WBP1L,14071,stable_id
WBP2,9645,stable_id
WBP2NL,3693,stable_id
WBP4,3435,stable_id
WDCP,15136,stable_id
WDFY1,20502,stable_id
WDFY2,1500,stable_id
WDFY3,12986,stable_id
WDFY4,15089,stable_id
WDHD1,10764,stable_id
WDPCP,2445,stable_id
WDR1,802,stable_id
WDR11,12444,stable_id
WDR12,5309,stable_id
WDR13,8204,stable_id
WDR17,11518,stable_id
WDR18,10129,stable_id
WDR19,10878,stable_id
WDR24,5166,stable_id
WDR25,12087,stable_id
WDR26,11259,stable_id
WDR27,13858,stable_id
WDR3,9297,stable_id
WDR31,6649,stable_id
WDR33,4471,stable_id
WDR35,19040,stable_id
WDR36,11070,stable_id
WDR37,2942,stable_id
WDR38,9988,stable_id
WDR4,4254,stable_id
WDR41,12433,stable_id
WDR43,12134,stable_id
WDR44,10449,stable_id
WDR45,11521,stable_id
WDR45B,4900,stable_id
WDR46,4427,stable_id
WDR47,11885,stable_id
WDR48,9010,stable_id
WDR49,42337,stable_id
WDR5,5831,stable_id
WDR53,3887,stable_id
WDR54,7597,stable_id
WDR55,12660,stable_id
WDR59,8678,stable_id
WDR5B,9657,stable_id
WDR6,18981,stable_id
WDR62,10560,stable_id
WDR64,5594,stable_id
WDR7,11956,stable_id
WDR70,11679,stable_id
WDR72,13294,stable_id
WDR73,5154,stable_id
WDR74,12685,stable_id
WDR75,5297,stable_id
WDR76,5992,stable_id
WDR77,96,stable_id
WDR81,13417,stable_id
WDR82,2405,stable_id
WDR83,809,stable_id
WDR83OS,16790,stable_id
WDR86,15906,stable_id
WDR89,13508,stable_id
WDR90,20442,stable_id
WDR91,16594,stable_id
WDR93,11400,stable_id
WDSUB1,5883,stable_id
WDTC1,10783,stable_id
WEE1,8134,stable_id
WEE2,10610,stable_id
WFDC1,4118,stable_id
WFDC5,11798,stable_id
WFDC9,20876,stable_id
WFIKKN1,19988,stable_id
WFIKKN2,13065,stable_id
WFS1,11546,stable_id
WHAMM,13534,stable_id
WHRN,11417,stable_id
WIF1,2382,stable_id
WIPF1,21200,stable_id
WIPF2,10934,stable_id
WIPF3,27767,stable_id
WIPI1,12401,stable_id
WIPI2,7386,stable_id
WIZ,4264,stable_id
WLS,6533,stable_id
WNK1,13572,stable_id
WNK2,10917,stable_id
WNK3,12187,stable_id
WNK4,9917,stable_id
WNT1,4009,stable_id
WNT10A,5391,stable_id
WNT10B,4008,stable_id
WNT11,1677,stable_id
WNT16,7448,stable_id
WNT2,1339,stable_id
WNT2B,6334,stable_id
WNT3,15,stable_id
WNT3A,1277,stable_id
WNT4,10481,stable_id
WNT5A,3414,stable_id
WNT5B,7687,stable_id
WNT6,9283,stable_id
WNT7A,7638,stable_id
WNT7B,3644,stable_id
WNT8A,1391,stable_id
WNT8B,10534,stable_id
WNT9A,16,stable_id
WNT9B,1940,stable_id
WRAP53,12215,stable_id
WRAP73,7050,stable_id
WRN,8446,stable_id
WRNIP1,3082,stable_id
WSB1,1825,stable_id
WSB2,7249,stable_id
WSCD1,2747,stable_id
WSCD2,17696,stable_id
WT1,1717,stable_id
WTAP,17048,stable_id
WTIP,10353,stable_id
WWC1,2008,stable_id
WWC2,8437,stable_id
WWOX,734,stable_id
WWP1,12135,stable_id
WWP2,8658,stable_id
WWTR1,6314,stable_id
XAB2,2094,stable_id
XBP1,2548,stable_id
XCR1,17056,stable_id
XDH,4274,stable_id
XIAP,5219,stable_id
XIRP1,22756,stable_id
XIRP2,5901,stable_id
XK,1588,stable_id
XKR4,15184,stable_id
XKR5,11676,stable_id
XKR6,9906,stable_id
XKR7,12650,stable_id
XKR8,10832,stable_id
XKR9,19251,stable_id
XKRX,8252,stable_id
XPA,6615,stable_id
XPC,7639,stable_id
XPNPEP1,4826,stable_id
XPNPEP2,10552,stable_id
XPNPEP3,3655,stable_id
XPO1,2430,stable_id
XPO4,3388,stable_id
XPO5,19133,stable_id
XPO6,18,stable_id
XPO7,3476,stable_id
XPOT,9761,stable_id
XPR1,5564,stable_id
XRCC1,15149,stable_id
XRCC2,6984,stable_id
XRCC3,3026,stable_id
XRCC4,3198,stable_id
XRCC5,5405,stable_id
XRCC6,3701,stable_id
XRN1,8950,stable_id
XRN2,6114,stable_id
XRRA1,9955,stable_id
XXYLT1,13983,stable_id
XYLB,10135,stable_id
XYLT1,7943,stable_id
XYLT2,2781,stable_id
YAE1,21052,stable_id
YAF2,3802,stable_id
YAP1,15432,stable_id
YARS2,3892,stable_id
YBEY,9252,stable_id
YBX1,6805,stable_id
YBX2,1950,stable_id
YBX3,7695,stable_id
YDJC,12361,stable_id
YEATS2,12175,stable_id
YEATS4,2357,stable_id
YES1,1539,stable_id
YIF1A,4731,stable_id
YIF1B,7903,stable_id
YIPF1,16365,stable_id
YIPF2,8805,stable_id
YIPF3,19962,stable_id
YIPF4,4279,stable_id
YIPF5,4515,stable_id
YIPF6,14059,stable_id
YIPF7,7130,stable_id
YJEFN3,14403,stable_id
YJU2,545,stable_id
YKT6,468,stable_id
YLPM1,2994,stable_id
YME1L1,5743,stable_id
YOD1,13691,stable_id
YPEL1,3881,stable_id
YPEL2,1927,stable_id
YPEL3,12665,stable_id
YPEL4,9535,stable_id
YPEL5,11659,stable_id
YRDC,6961,stable_id
YTHDC1,10165,stable_id
YTHDC2,9755,stable_id
YTHDF1,11308,stable_id
YTHDF2,11752,stable_id
YTHDF3,13924,stable_id
YWHAB,1904,stable_id
YWHAE,2772,stable_id
YWHAG,15055,stable_id
YWHAH,2033,stable_id
YWHAZ,3585,stable_id
YY1,3009,stable_id
ZAP70,5367,stable_id
ZAR1L,16187,stable_id
ZBED3,12429,stable_id
ZBED4,9641,stable_id
ZBTB1,9350,stable_id
ZBTB10,19498,stable_id
ZBTB11,3786,stable_id
ZBTB12,14634,stable_id
ZBTB14,14590,stable_id
ZBTB16,19049,stable_id
ZBTB17,956,stable_id
ZBTB18,17745,stable_id
ZBTB2,21215,stable_id
ZBTB20,3845,stable_id
ZBTB21,13852,stable_id
ZBTB22,15054,stable_id
ZBTB24,2161,stable_id
ZBTB25,16164,stable_id
ZBTB26,14862,stable_id
ZBTB3,20107,stable_id
ZBTB32,975,stable_id
ZBTB33,14163,stable_id
ZBTB34,19477,stable_id
ZBTB37,12877,stable_id
ZBTB38,11902,stable_id
ZBTB39,13195,stable_id
ZBTB4,1988,stable_id
ZBTB40,17135,stable_id
ZBTB41,9504,stable_id
ZBTB42,10789,stable_id
ZBTB43,5752,stable_id
ZBTB44,13975,stable_id
ZBTB45,14570,stable_id
ZBTB46,6205,stable_id
ZBTB48,6996,stable_id
ZBTB49,7110,stable_id
ZBTB5,14586,stable_id
ZBTB6,19072,stable_id
ZBTB7A,9888,stable_id
ZBTB7B,6459,stable_id
ZBTB7C,13206,stable_id
ZBTB8A,6913,stable_id
ZBTB8B,14282,stable_id
ZBTB8OS,16407,stable_id
ZBTB9,22930,stable_id
ZC2HC1A,12896,stable_id
ZC2HC1B,2155,stable_id
ZC2HC1C,13324,stable_id
ZC3H10,11674,stable_id
ZC3H12A,12666,stable_id
ZC3H12B,9898,stable_id
ZC3H12C,9932,stable_id
ZC3H12D,11731,stable_id
ZC3H13,3419,stable_id
ZC3H14,2867,stable_id
ZC3H15,5922,stable_id
ZC3H18,1808,stable_id
ZC3H3,21298,stable_id
ZC3H4,16770,stable_id
ZC3H6,12730,stable_id
ZC3H7A,10907,stable_id
ZC3H7B,3651,stable_id
ZC3H8,6086,stable_id
ZC3HAV1,7532,stable_id
ZC3HAV1L,14076,stable_id
ZC3HC1,11414,stable_id
ZC4H2,9904,stable_id
ZCCHC10,1897,stable_id
ZCCHC13,8289,stable_id
ZCCHC14,17236,stable_id
ZCCHC17,6887,stable_id
ZCCHC2,11313,stable_id
ZCCHC24,15960,stable_id
ZCCHC3,20915,stable_id
ZCCHC4,7146,stable_id
ZCCHC7,10105,stable_id
ZCCHC8,7294,stable_id
ZCCHC9,3201,stable_id
ZCRB1,3803,stable_id
ZCWPW1,10590,stable_id
ZCWPW2,8968,stable_id
ZDHHC1,11448,stable_id
ZDHHC12,1584,stable_id
ZDHHC13,7846,stable_id
ZDHHC14,9615,stable_id
ZDHHC15,9485,stable_id
ZDHHC16,4889,stable_id
ZDHHC17,10147,stable_id
ZDHHC18,10760,stable_id
ZDHHC19,15268,stable_id
ZDHHC2,11544,stable_id
ZDHHC20,3399,stable_id
ZDHHC21,6658,stable_id
ZDHHC22,14280,stable_id
ZDHHC23,10309,stable_id
ZDHHC24,1007,stable_id
ZDHHC3,5191,stable_id
ZDHHC4,326,stable_id
ZDHHC5,9540,stable_id
ZDHHC6,4796,stable_id
ZDHHC7,8588,stable_id
ZDHHC8,16981,stable_id
ZDHHC9,10544,stable_id
ZEB1,4385,stable_id
ZEB2,5810,stable_id
ZER1,11624,stable_id
ZFAND1,11669,stable_id
ZFAND2A,15538,stable_id
ZFAND2B,5411,stable_id
ZFAND3,13158,stable_id
ZFAND4,12495,stable_id
ZFAND5,4652,stable_id
ZFAND6,7929,stable_id
ZFAT,3613,stable_id
ZFC3H1,9574,stable_id
ZFHX2,12027,stable_id
ZFHX3,11315,stable_id
ZFHX4,4953,stable_id
ZFP1,16026,stable_id
ZFP14,15626,stable_id
ZFP2,14496,stable_id
ZFP28,17571,stable_id
ZFP3,12905,stable_id
ZFP30,13992,stable_id
ZFP36,13245,stable_id
ZFP36L1,2931,stable_id
ZFP36L2,13541,stable_id
ZFP37,6648,stable_id
ZFP41,13865,stable_id
ZFP42,14989,stable_id
ZFP62,13664,stable_id
ZFP64,6185,stable_id
ZFP69,17865,stable_id
ZFP82,36510,stable_id
ZFP90,8645,stable_id
ZFP91,4629,stable_id
ZFP92,8314,stable_id
ZFPL1,4681,stable_id
ZFPM1,14564,stable_id
ZFPM2,3597,stable_id
ZFR,3535,stable_id
ZFR2,9870,stable_id
ZFTA,15426,stable_id
ZFX,22880,stable_id
ZFYVE1,12649,stable_id
ZFYVE19,19401,stable_id
ZFYVE21,3025,stable_id
ZFYVE26,18999,stable_id
ZFYVE27,1999,stable_id
ZFYVE28,10632,stable_id
ZFYVE9,9718,stable_id
ZG16,14503,stable_id
ZGLP1,22965,stable_id
ZGPAT,6204,stable_id
ZHX1,3630,stable_id
ZHX2,20134,stable_id
ZHX3,10174,stable_id
ZIC1,8919,stable_id
ZIC2,17259,stable_id
ZIC3,19259,stable_id
ZIC4,10539,stable_id
ZIC5,12332,stable_id
ZIK1,7812,stable_id
ZKSCAN1,7488,stable_id
ZKSCAN2,8006,stable_id
ZKSCAN5,16062,stable_id
ZKSCAN7,17709,stable_id
ZKSCAN8,17809,stable_id
ZMAT1,15345,stable_id
ZMAT2,241,stable_id
ZMAT3,6246,stable_id
ZMAT4,10739,stable_id
ZMAT5,1210,stable_id
ZMIZ1,1125,stable_id
ZMIZ2,12164,stable_id
ZMPSTE24,12807,stable_id
ZMYM1,12966,stable_id
ZMYM2,3383,stable_id
ZMYM3,8278,stable_id
ZMYM4,12582,stable_id
ZMYM5,11781,stable_id
ZMYM6,12568,stable_id
ZMYND10,1285,stable_id
ZMYND11,2945,stable_id
ZMYND12,19883,stable_id
ZMYND15,12068,stable_id
ZMYND19,5871,stable_id
ZMYND8,11616,stable_id
ZNF106,6018,stable_id
ZNF112,15344,stable_id
ZNF12,7390,stable_id
ZNF131,33841,stable_id
ZNF142,5376,stable_id
ZNF143,17173,stable_id
ZNF146,10564,stable_id
ZNF148,3905,stable_id
ZNF169,14929,stable_id
ZNF174,15836,stable_id
ZNF18,1909,stable_id
ZNF180,16301,stable_id
ZNF182,15795,stable_id
ZNF189,11603,stable_id
ZNF2,9814,stable_id
ZNF202,5129,stable_id
ZNF205,17365,stable_id
ZNF207,1803,stable_id
ZNF212,15365,stable_id
ZNF213,20002,stable_id
ZNF217,15206,stable_id
ZNF219,14487,stable_id
ZNF22,16917,stable_id
ZNF23,13212,stable_id
ZNF236,12191,stable_id
ZNF24,15076,stable_id
ZNF248,7670,stable_id
ZNF25,20226,stable_id
ZNF250,15845,stable_id
ZNF251,3737,stable_id
ZNF260,14519,stable_id
ZNF263,3739,stable_id
ZNF266,17057,stable_id
ZNF276,186,stable_id
ZNF277,16042,stable_id
ZNF280B,14620,stable_id
ZNF280C,10511,stable_id
ZNF280D,11169,stable_id
ZNF281,12259,stable_id
ZNF282,5209,stable_id
ZNF286A,13955,stable_id
ZNF287,821,stable_id
ZNF292,11727,stable_id
ZNF296,1361,stable_id
ZNF316,13758,stable_id
ZNF317,16403,stable_id
ZNF318,1620,stable_id
ZNF319,13729,stable_id
ZNF32,16871,stable_id
ZNF322,13679,stable_id
ZNF326,7214,stable_id
ZNF329,16471,stable_id
ZNF330,8520,stable_id
ZNF334,1823,stable_id
ZNF335,11682,stable_id
ZNF341,16904,stable_id
ZNF346,3119,stable_id
ZNF35,16472,stable_id
ZNF354A,2469,stable_id
ZNF354B,2458,stable_id
ZNF354C,13253,stable_id
ZNF358,13945,stable_id
ZNF362,6908,stable_id
ZNF365,10869,stable_id
ZNF366,14918,stable_id
ZNF367,13283,stable_id
ZNF382,20735,stable_id
ZNF383,38030,stable_id
ZNF384,11088,stable_id
ZNF385A,93,stable_id
ZNF385B,5899,stable_id
ZNF385C,1472,stable_id
ZNF394,7418,stable_id
ZNF395,9707,stable_id
ZNF397,4408,stable_id
ZNF398,17493,stable_id
ZNF407,14260,stable_id
ZNF408,21046,stable_id
ZNF410,12590,stable_id
ZNF414,20437,stable_id
ZNF423,13405,stable_id
ZNF426,16824,stable_id
ZNF428,17895,stable_id
ZNF436,15043,stable_id
ZNF438,14926,stable_id
ZNF444,13270,stable_id
ZNF445,13876,stable_id
ZNF449,20384,stable_id
ZNF45,20763,stable_id
ZNF451,12485,stable_id
ZNF454,14345,stable_id
ZNF462,16994,stable_id
ZNF467,19397,stable_id
ZNF474,13833,stable_id
ZNF48,13481,stable_id
ZNF483,11216,stable_id
ZNF488,13168,stable_id
ZNF496,2539,stable_id
ZNF503,11390,stable_id
ZNF507,13147,stable_id
ZNF511,5058,stable_id
ZNF512,17551,stable_id
ZNF512B,143,stable_id
ZNF513,12771,stable_id
ZNF516,16682,stable_id
ZNF518A,14460,stable_id
ZNF518B,13733,stable_id
ZNF521,4482,stable_id
ZNF524,14993,stable_id
ZNF526,13726,stable_id
ZNF532,12580,stable_id
ZNF536,12872,stable_id
ZNF541,22558,stable_id
ZNF551,9539,stable_id
ZNF558,20846,stable_id
ZNF566,22543,stable_id
ZNF569,16940,stable_id
ZNF574,13378,stable_id
ZNF575,19057,stable_id
ZNF579,15099,stable_id
ZNF580,15979,stable_id
ZNF583,7835,stable_id
ZNF592,871,stable_id
ZNF593,6929,stable_id
ZNF597,11668,stable_id
ZNF598,12152,stable_id
ZNF605,4111,stable_id
ZNF606,7811,stable_id
ZNF608,15352,stable_id
ZNF609,11940,stable_id
ZNF618,6633,stable_id
ZNF622,15245,stable_id
ZNF623,14897,stable_id
ZNF627,20834,stable_id
ZNF628,20802,stable_id
ZNF629,13491,stable_id
ZNF638,7589,stable_id
ZNF639,6248,stable_id
ZNF641,4002,stable_id
ZNF644,14573,stable_id
ZNF646,14611,stable_id
ZNF648,19071,stable_id
ZNF652,21294,stable_id
ZNF653,11326,stable_id
ZNF654,13904,stable_id
ZNF655,1123,stable_id
ZNF664,22747,stable_id
ZNF667,15825,stable_id
ZNF668,14608,stable_id
ZNF672,14616,stable_id
ZNF687,2080,stable_id
ZNF688,13377,stable_id
ZNF689,14393,stable_id
ZNF691,13382,stable_id
ZNF692,10639,stable_id
ZNF697,14688,stable_id
ZNF7,9406,stable_id
ZNF703,27565,stable_id
ZNF704,11816,stable_id
ZNF706,17466,stable_id
ZNF711,5098,stable_id
ZNF740,13834,stable_id
ZNF746,16429,stable_id
ZNF750,11470,stable_id
ZNF76,4372,stable_id
ZNF768,13966,stable_id
ZNF770,11857,stable_id
ZNF771,15788,stable_id
ZNF777,20050,stable_id
ZNF784,12827,stable_id
ZNF786,15085,stable_id
ZNF787,13802,stable_id
ZNF791,20720,stable_id
ZNF8,17027,stable_id
ZNF800,11686,stable_id
ZNF804A,19906,stable_id
ZNF804B,31833,stable_id
ZNF821,8528,stable_id
ZNF827,19957,stable_id
ZNF830,13588,stable_id
ZNF831,14830,stable_id
ZNF839,3014,stable_id
ZNF853,33032,stable_id
ZNF865,20801,stable_id
ZNF879,13102,stable_id
ZNFX1,11558,stable_id
ZNHIT1,16836,stable_id
ZNHIT2,21180,stable_id
ZNHIT3,2568,stable_id
ZNHIT6,20717,stable_id
ZNRD2,22863,stable_id
ZNRF1,9376,stable_id
ZNRF2,16589,stable_id
ZNRF3,12420,stable_id
ZP1,4642,stable_id
ZP2,8095,stable_id
ZPBP,2373,stable_id
ZPBP2,1776,stable_id
ZPLD1,17909,stable_id
ZPR1,8756,stable_id
ZRANB1,8113,stable_id
ZRANB2,6539,stable_id
ZRANB3,10235,stable_id
ZSCAN10,4174,stable_id
ZSCAN12,10434,stable_id
ZSCAN2,11289,stable_id
ZSCAN20,17337,stable_id
ZSCAN21,10559,stable_id
ZSCAN22,15787,stable_id
ZSCAN25,19771,stable_id
ZSCAN26,3557,stable_id
ZSCAN29,14836,stable_id
ZSWIM1,1848,stable_id
ZSWIM2,9716,stable_id
ZSWIM3,13542,stable_id
ZSWIM4,10109,stable_id
ZSWIM5,9496,stable_id
ZSWIM6,9155,stable_id
ZSWIM7,1475,stable_id
ZSWIM8,3319,stable_id
ZSWIM9,19887,stable_id
ZUP1,11569,stable_id
ZW10,8849,stable_id
ZWILCH,8943,stable_id
ZXDC,9674,stable_id
ZYG11A,9751,stable_id
ZYG11B,9747,stable_id
ZYX,7549,stable_id
ZZEF1,15985,stable_id
ZZZ3,11386,stable_id
