gene,source_row,method
A1CF,9113,exact_symbol
A2M,13991,exact_symbol
A3GALT2,15751,exact_symbol
A4GALT,6004,exact_symbol
A4GNT,4772,exact_symbol
AAAS,2009,exact_symbol
AACS,1542,exact_symbol
AADAC,4324,exact_symbol
AADACL2,17626,exact_symbol
AADACL3,16883,exact_symbol
AADAT,3679,exact_symbol
AAGAB,2841,exact_symbol
AAK1,4511,exact_symbol
AAMDC,1755,exact_symbol
AAMP,5955,exact_symbol
AANAT,6169,exact_symbol
AAR2,6389,exact_symbol
AARD,20155,exact_symbol
AARS2,5557,exact_symbol
AARSD1,51058,exact_symbol
AASDH,10105,exact_symbol
AASDHPPT,9200,exact_symbol
AASS,213,exact_symbol
AATF,56009,exact_symbol
AATK,15062,exact_symbol
ABAT,15412,exact_symbol
ABCA1,11511,exact_symbol
ABCA12,8568,exact_symbol
ABCA13,14768,exact_symbol
ABCA2,3410,exact_symbol
ABCA3,12249,exact_symbol
ABCA4,17860,exact_symbol
ABCA5,9752,exact_symbol
ABCA6,9750,exact_symbol
ABCA7,894,exact_symbol
ABCA8,8091,exact_symbol
ABCA9,9749,exact_symbol
ABCB10,7152,exact_symbol
ABCB11,1237,exact_symbol
ABCB4,99,exact_symbol
ABCB5,63,exact_symbol
ABCB6,4467,exact_symbol
ABCB7,6430,exact_symbol
ABCB8,17369,exact_symbol
ABCB9,9349,exact_symbol
ABCC1,2781,exact_symbol
ABCC10,5550,exact_symbol
ABCC12,8020,exact_symbol
ABCC2,434,exact_symbol
ABCC3,3600,exact_symbol
ABCC4,5625,exact_symbol
ABCC5,4323,exact_symbol
ABCC6,1922,exact_symbol
ABCC8,122,exact_symbol
ABCC9,1074,exact_symbol
ABCD1,2605,exact_symbol
ABCD2,13475,exact_symbol
ABCD3,4726,exact_symbol
ABCD4,4942,exact_symbol
ABCE1,11276,exact_symbol
ABCF1,19991,exact_symbol
ABCF2,498,exact_symbol
ABCF3,10595,exact_symbol
ABCG1,10435,exact_symbol
ABCG4,13296,exact_symbol
ABCG5,7603,exact_symbol
ABCG8,8492,exact_symbol
ABHD1,8503,exact_symbol
ABHD10,8628,exact_symbol
ABHD11,3255,exact_symbol
ABHD12,2422,exact_symbol
ABHD12B,6525,exact_symbol
ABHD13,7886,exact_symbol
ABHD14A,38861,exact_symbol
ABHD14B,4325,exact_symbol
ABHD15,12444,exact_symbol
ABHD16A,19931,exact_symbol
ABHD16B,15465,exact_symbol
ABHD17A,6193,exact_symbol
ABHD17B,3413,exact_symbol
ABHD17C,7273,exact_symbol
ABHD18,11234,exact_symbol
ABHD2,7989,exact_symbol
ABHD3,10197,exact_symbol
ABHD4,2311,exact_symbol
ABHD5,284,exact_symbol
ABHD6,11105,exact_symbol
ABHD8,5896,exact_symbol
ABI1,7333,exact_symbol
ABI2,7674,exact_symbol
ABI3,3587,exact_symbol
ABI3BP,9739,exact_symbol
ABITRAM,4890,stable_id
ABL1,2071,exact_symbol
ABL2,8365,exact_symbol
ABLIM1,2079,exact_symbol
ABLIM2,11203,exact_symbol
ABLIM3,13477,exact_symbol
ABO,13845,exact_symbol
ABR,10398,exact_symbol
ABRA,13703,exact_symbol
ABRACL,8842,exact_symbol
ABRAXAS1,10978,exact_symbol
ABRAXAS2,11657,exact_symbol
ABT1,8806,exact_symbol
ABTB1,4303,exact_symbol
ABTB2,11747,exact_symbol
ACAA2,12076,exact_symbol
ACACA,57816,exact_symbol
ACACB,1348,exact_symbol
ACAD11,36507,exact_symbol
ACAD8,9419,exact_symbol
ACAD9,14355,exact_symbol
ACADL,4414,exact_symbol
ACADM,4663,exact_symbol
ACADS,5333,exact_symbol
ACADSB,17047,exact_symbol
ACADVL,1203,exact_symbol
ACAN,10141,exact_symbol
ACAP1,1206,exact_symbol
ACAP2,4273,exact_symbol
ACAP3,6472,exact_symbol
ACAT1,1295,exact_symbol
ACBD3,15357,exact_symbol
ACBD4,15074,exact_symbol
ACBD5,3468,exact_symbol
ACBD6,30041,exact_symbol
ACBD7,14058,exact_symbol
ACCS,3783,exact_symbol
ACCSL,20186,exact_symbol
ACD,2736,exact_symbol
ACE,10377,exact_symbol
ACE2,6234,exact_symbol
ACER1,12198,exact_symbol
ACER2,14232,exact_symbol
ACER3,1411,exact_symbol
ACHE,1718,exact_symbol
ACIN1,2388,exact_symbol
ACKR1,22357,exact_symbol
ACKR2,8598,exact_symbol
ACKR3,8572,exact_symbol
ACKR4,6099,exact_symbol
ACLY,6458,exact_symbol
ACMSD,9622,exact_symbol
ACO1,5305,exact_symbol
ACO2,2300,exact_symbol
ACOD1,2703,exact_symbol
ACOT11,10723,exact_symbol
ACOT12,13337,exact_symbol
ACOT13,4043,exact_symbol
ACOT4,14318,exact_symbol
ACOT6,20317,exact_symbol
ACOT7,2072,exact_symbol
ACOT8,2543,exact_symbol
ACOX1,10612,exact_symbol
ACOX2,12339,exact_symbol
ACOX3,1713,exact_symbol
ACOXL,9623,exact_symbol
ACP1,8454,exact_symbol
ACP2,6931,exact_symbol
ACP4,8242,exact_symbol
ACP5,2686,exact_symbol
ACP6,10847,exact_symbol
ACP7,15596,exact_symbol
ACR,2259,exact_symbol
ACRBP,3917,exact_symbol
ACRV1,6990,exact_symbol
ACSBG1,2851,exact_symbol
ACSBG2,6260,exact_symbol
ACSF2,12031,exact_symbol
ACSF3,14144,exact_symbol
ACSL1,9454,exact_symbol
ACSL3,5438,exact_symbol
ACSL4,1039,exact_symbol
ACSL5,17366,exact_symbol
ACSL6,11348,exact_symbol
ACSM1,11928,exact_symbol
ACSM3,84,exact_symbol
ACSM4,23215,exact_symbol
ACSM5,15530,exact_symbol
ACSS1,9828,exact_symbol
ACSS2,6398,exact_symbol
ACSS3,3844,exact_symbol
ACTA1,8446,exact_symbol
ACTA2,3449,exact_symbol
ACTB,1316,exact_symbol
ACTBL2,12515,exact_symbol
ACTC1,10332,exact_symbol
ACTG1,15657,exact_symbol
ACTG2,10902,exact_symbol
ACTL10,15303,exact_symbol
ACTL6A,7294,exact_symbol
ACTL6B,1366,exact_symbol
ACTL7A,16408,exact_symbol
ACTL7B,9055,exact_symbol
ACTL9,15122,exact_symbol
ACTN1,1176,exact_symbol
ACTN2,1390,exact_symbol
ACTN3,39029,exact_symbol
ACTN4,6265,exact_symbol
ACTR10,6524,exact_symbol
ACTR1A,7614,exact_symbol
ACTR1B,4358,exact_symbol
ACTR2,7600,exact_symbol
ACTR3,4361,exact_symbol
ACTR5,2530,exact_symbol
ACTR6,1286,exact_symbol
ACTR8,4233,exact_symbol
ACTRT1,5355,exact_symbol
ACTRT2,12663,exact_symbol
ACTRT3,15746,exact_symbol
ACVR1,4374,exact_symbol
ACVR1B,7101,exact_symbol
ACVR1C,5415,exact_symbol
ACVR2A,5222,exact_symbol
ACVR2B,4317,exact_symbol
ACVRL1,7844,exact_symbol
ACY1,38041,exact_symbol
ACY3,6653,exact_symbol
ACYP2,12883,exact_symbol
ADA,17271,exact_symbol
ADAD1,11257,exact_symbol
ADAD2,8044,exact_symbol
ADAM10,7557,exact_symbol
ADAM11,1234,exact_symbol
ADAM12,9149,exact_symbol
ADAM15,8422,exact_symbol
ADAM17,9448,exact_symbol
ADAM18,12408,exact_symbol
ADAM2,2956,exact_symbol
ADAM21,7907,exact_symbol
ADAM22,208,exact_symbol
ADAM23,4345,exact_symbol
ADAM28,592,exact_symbol
ADAM29,12404,exact_symbol
ADAM30,6866,exact_symbol
ADAM32,17365,exact_symbol
ADAM33,9210,exact_symbol
ADAM7,1067,exact_symbol
ADAM8,9439,exact_symbol
ADAM9,12407,exact_symbol
ADAMDEC1,6825,exact_symbol
ADAMTS1,9804,exact_symbol
ADAMTS10,8224,exact_symbol
ADAMTS12,9403,exact_symbol
ADAMTS13,10480,exact_symbol
ADAMTS14,7646,exact_symbol
ADAMTS15,11763,exact_symbol
ADAMTS16,8715,exact_symbol
ADAMTS17,7974,exact_symbol
ADAMTS18,8032,exact_symbol
ADAMTS19,8751,exact_symbol
ADAMTS2,1724,exact_symbol
ADAMTS20,13466,exact_symbol
ADAMTS3,9952,exact_symbol
ADAMTS4,10280,exact_symbol
ADAMTS5,9805,exact_symbol
ADAMTS6,654,exact_symbol
ADAMTS7,7272,exact_symbol
ADAMTS8,6989,exact_symbol
ADAMTS9,11091,exact_symbol
ADAMTSL1,14430,exact_symbol
ADAMTSL2,17591,exact_symbol
ADAMTSL3,9960,exact_symbol
ADAMTSL4,8384,exact_symbol
ADAMTSL5,16090,exact_symbol
ADAP1,3224,exact_symbol
ADAP2,15668,exact_symbol
ADAR,10524,exact_symbol
ADARB1,17442,exact_symbol
ADARB2,16082,exact_symbol
ADAT1,928,exact_symbol
ADAT2,16894,exact_symbol
ADCK1,865,exact_symbol
ADCK2,6770,exact_symbol
ADCK5,13461,exact_symbol
ADCY1,11435,exact_symbol
ADCY10,8343,exact_symbol
ADCY2,1418,exact_symbol
ADCY3,7591,exact_symbol
ADCY4,6144,exact_symbol
ADCY5,13470,exact_symbol
ADCY6,13671,exact_symbol
ADCY7,5148,exact_symbol
ADCY8,9920,exact_symbol
ADCY9,10689,exact_symbol
ADCYAP1,8108,exact_symbol
ADCYAP1R1,1427,exact_symbol
ADD1,1738,exact_symbol
ADD2,1302,exact_symbol
ADD3,9127,exact_symbol
ADGB,4815,exact_symbol
ADGRA1,17380,exact_symbol
ADGRA2,397,exact_symbol
ADGRA3,9608,exact_symbol
ADGRB1,15125,exact_symbol
ADGRB2,5193,exact_symbol
ADGRB3,7046,exact_symbol
ADGRD1,3900,exact_symbol
ADGRE1,13776,exact_symbol
ADGRE5,5352,exact_symbol
ADGRF1,9650,exact_symbol
ADGRF3,13552,exact_symbol
ADGRF4,9651,exact_symbol
ADGRF5,1065,exact_symbol
ADGRG1,20235,exact_symbol
ADGRG2,13580,exact_symbol
ADGRG3,15369,exact_symbol
ADGRG4,10040,exact_symbol
ADGRG5,10375,exact_symbol
ADGRG6,4063,exact_symbol
ADGRG7,8625,exact_symbol
ADGRL1,1174,exact_symbol
ADGRL2,4667,exact_symbol
ADGRL3,9306,exact_symbol
ADGRL4,10782,exact_symbol
ADGRV1,11293,exact_symbol
ADH4,17681,exact_symbol
ADH5,17607,exact_symbol
ADH6,13429,exact_symbol
ADH7,17101,exact_symbol
ADHFE1,8995,exact_symbol
ADI1,15292,exact_symbol
ADIG,15172,exact_symbol
ADIPOQ,15012,exact_symbol
ADIPOR1,10345,exact_symbol
ADIPOR2,160,exact_symbol
ADK,9948,exact_symbol
ADM,9152,exact_symbol
ADM2,5988,exact_symbol
ADNP,2442,exact_symbol
ADNP2,2548,exact_symbol
ADO,15147,exact_symbol
ADORA1,11025,exact_symbol
ADORA2A,6002,exact_symbol
ADORA2B,12826,exact_symbol
ADORA3,60336,exact_symbol
ADPGK,10341,exact_symbol
ADPRH,8632,exact_symbol
ADPRM,12773,exact_symbol
ADPRS,4634,stable_id
ADRA1A,5114,exact_symbol
ADRA1B,12772,exact_symbol
ADRA1D,13182,exact_symbol
ADRA2A,9315,exact_symbol
ADRA2B,55103,exact_symbol
ADRA2C,15688,exact_symbol
ADRB1,599,exact_symbol
ADRB2,12567,exact_symbol
ADRB3,16833,exact_symbol
ADSL,36336,exact_symbol
ADTRP,3972,exact_symbol
AEBP1,3339,exact_symbol
AEBP2,7776,exact_symbol
AEN,14999,exact_symbol
AFAP1,17173,exact_symbol
AFAP1L1,10114,exact_symbol
AFAP1L2,12529,exact_symbol
AFDN,6264,exact_symbol
AFF1,13336,exact_symbol
AFF2,9929,exact_symbol
AFF3,8537,exact_symbol
AFF4,1189,exact_symbol
AFG1L,7108,exact_symbol
AFG3L2,8099,exact_symbol
AFM,1470,exact_symbol
AFMID,15421,exact_symbol
AFP,1521,exact_symbol
AFTPH,4968,exact_symbol
AGA,544,exact_symbol
AGAP1,10166,exact_symbol
AGAP2,7083,exact_symbol
AGAP3,6772,exact_symbol
AGBL1,54614,exact_symbol
AGBL2,11723,exact_symbol
AGBL3,8895,exact_symbol
AGBL4,16182,exact_symbol
AGBL5,1636,exact_symbol
AGER,19880,exact_symbol
AGFG1,13590,exact_symbol
AGFG2,3296,exact_symbol
AGGF1,11304,exact_symbol
AGK,138,exact_symbol
AGL,10804,exact_symbol
AGMAT,4619,exact_symbol
AGMO,16506,exact_symbol
AGO1,1983,exact_symbol
AGO2,5433,exact_symbol
AGO3,5789,exact_symbol
AGO4,6947,exact_symbol
AGPAT1,19882,exact_symbol
AGPAT2,12657,exact_symbol
AGPAT3,10456,exact_symbol
AGPAT4,458,exact_symbol
AGPAT5,9853,exact_symbol
AGPS,380,exact_symbol
AGR2,3324,exact_symbol
AGR3,13535,exact_symbol
AGRN,16673,exact_symbol
AGRP,10389,exact_symbol
AGT,7144,exact_symbol
AGTPBP1,7006,exact_symbol
AGTR2,14939,exact_symbol
AGTRAP,14360,exact_symbol
AGXT,13333,exact_symbol
AGXT2,4187,exact_symbol
AHCTF1,9637,exact_symbol
AHCYL1,12426,exact_symbol
AHCYL2,10223,exact_symbol
AHDC1,5842,exact_symbol
AHI1,7110,exact_symbol
AHNAK,5606,exact_symbol
AHR,3325,exact_symbol
AHRR,860,exact_symbol
AHSA1,2347,exact_symbol
AHSG,8666,exact_symbol
AICDA,3947,exact_symbol
AIDA,16171,exact_symbol
AIF1,19951,exact_symbol
AIF1L,5870,exact_symbol
AIFM1,10021,exact_symbol
AIFM2,582,exact_symbol
AIFM3,15601,exact_symbol
AIG1,8848,exact_symbol
AIM2,11058,exact_symbol
AIMP1,11209,exact_symbol
AIMP2,3285,exact_symbol
AIP,3801,exact_symbol
AIPL1,6121,exact_symbol
AIRE,10461,exact_symbol
AJAP1,17193,exact_symbol
AJM1,31638,exact_symbol
AJUBA,6147,exact_symbol
AK1,3378,exact_symbol
AK2,49,exact_symbol
AK3,9027,exact_symbol
AK5,9716,exact_symbol
AK7,7919,exact_symbol
AK8,11670,exact_symbol
AK9,9842,exact_symbol
AKAIN1,31221,exact_symbol
AKAP1,5130,exact_symbol
AKAP10,3560,exact_symbol
AKAP11,429,exact_symbol
AKAP12,6383,exact_symbol
AKAP13,12901,exact_symbol
AKAP3,3868,exact_symbol
AKAP4,8919,exact_symbol
AKAP6,9390,exact_symbol
AKAP7,4819,exact_symbol
AKAP8,3034,exact_symbol
AKAP8L,286,exact_symbol
AKAP9,5961,exact_symbol
AKIP1,11868,exact_symbol
AKIRIN1,13733,exact_symbol
AKIRIN2,7056,exact_symbol
AKNA,3374,exact_symbol
AKR1A1,4710,exact_symbol
AKR1D1,5314,exact_symbol
AKR1E2,11635,exact_symbol
AKR7L,21588,exact_symbol
AKT1,8215,exact_symbol
AKT1S1,20040,exact_symbol
AKT2,3055,exact_symbol
AKT3,4661,exact_symbol
AKTIP,12002,exact_symbol
ALAD,9063,exact_symbol
ALAS1,427,exact_symbol
ALAS2,10246,exact_symbol
ALB,11084,exact_symbol
ALCAM,12735,exact_symbol
ALDH16A1,10621,exact_symbol
ALDH18A1,799,exact_symbol
ALDH1A2,6086,exact_symbol
ALDH1A3,15712,exact_symbol
ALDH1B1,7418,exact_symbol
ALDH1L1,8642,exact_symbol
ALDH1L2,7201,exact_symbol
ALDH2,3874,exact_symbol
ALDH3A1,3561,exact_symbol
ALDH3A2,1185,exact_symbol
ALDH3B1,139,exact_symbol
ALDH4A1,10357,exact_symbol
ALDH5A1,4039,exact_symbol
ALDH6A1,4949,exact_symbol
ALDH7A1,11479,exact_symbol
ALDH8A1,4822,exact_symbol
ALDOB,7363,exact_symbol
ALDOC,3635,exact_symbol
ALG11,42584,exact_symbol
ALG12,15363,exact_symbol
ALG13,2589,exact_symbol
ALG14,13289,exact_symbol
ALG2,4914,exact_symbol
ALG3,22904,exact_symbol
ALG5,5085,exact_symbol
ALG6,1759,exact_symbol
ALG8,10296,exact_symbol
ALG9,1710,exact_symbol
ALK,12981,exact_symbol
ALKAL1,17235,exact_symbol
ALKAL2,16964,exact_symbol
ALKBH1,2353,exact_symbol
ALKBH2,16903,exact_symbol
ALKBH3,11796,exact_symbol
ALKBH4,10571,exact_symbol
ALKBH5,1933,exact_symbol
ALKBH6,36119,exact_symbol
ALKBH7,5686,exact_symbol
ALKBH8,7529,exact_symbol
ALLC,9397,exact_symbol
ALOX12,3598,exact_symbol
ALOX12B,14709,exact_symbol
ALOX15,10652,exact_symbol
ALOX15B,14724,exact_symbol
ALOX5,319,exact_symbol
ALOX5AP,6693,exact_symbol
ALOXE3,14647,exact_symbol
ALPK1,1224,exact_symbol
ALPK2,17913,exact_symbol
ALPK3,7275,exact_symbol
ALPL,10763,exact_symbol
ALS2,37,exact_symbol
ALS2CL,14433,exact_symbol
ALX1,14860,exact_symbol
ALX3,9953,exact_symbol
ALX4,704,exact_symbol
AMACR,37256,exact_symbol
AMBN,14518,exact_symbol
AMBP,3373,exact_symbol
AMBRA1,3786,exact_symbol
AMDHD1,7816,exact_symbol
AMDHD2,10682,exact_symbol
AMELX,5637,exact_symbol
AMER1,15815,exact_symbol
AMER2,11634,exact_symbol
AMER3,14457,exact_symbol
AMFR,10363,exact_symbol
AMH,2997,exact_symbol
AMHR2,7075,exact_symbol
AMIGO1,15114,exact_symbol
AMIGO2,7794,exact_symbol
AMIGO3,14006,exact_symbol
AMMECR1,2593,exact_symbol
AMMECR1L,8544,exact_symbol
AMN,11767,exact_symbol
AMN1,9456,exact_symbol
AMOT,5786,exact_symbol
AMOTL1,11749,exact_symbol
AMOTL2,4245,exact_symbol
AMPD1,4614,exact_symbol
AMPD2,4564,exact_symbol
AMPD3,6797,exact_symbol
AMPH,1405,exact_symbol
AMT,8651,exact_symbol
AMTN,16545,exact_symbol
AMZ1,13802,exact_symbol
AMZ2,17233,exact_symbol
ANAPC1,9625,exact_symbol
ANAPC10,11275,exact_symbol
ANAPC11,8138,exact_symbol
ANAPC13,6100,exact_symbol
ANAPC15,3756,exact_symbol
ANAPC16,11821,exact_symbol
ANAPC2,14060,exact_symbol
ANAPC4,716,exact_symbol
ANAPC5,1811,exact_symbol
ANAPC7,17170,exact_symbol
ANGEL1,336,exact_symbol
ANGEL2,13739,exact_symbol
ANGPT1,9740,exact_symbol
ANGPT2,1945,exact_symbol
ANGPT4,2487,exact_symbol
ANGPTL1,4545,exact_symbol
ANGPTL2,7356,exact_symbol
ANGPTL3,6676,exact_symbol
ANGPTL4,12201,exact_symbol
ANGPTL6,6351,exact_symbol
ANGPTL7,13163,exact_symbol
ANGPTL8,6219,exact_symbol
ANK1,477,exact_symbol
ANK2,8693,exact_symbol
ANKAR,9443,exact_symbol
ANKDD1A,11956,exact_symbol
ANKDD1B,16902,exact_symbol
ANKEF1,6627,exact_symbol
ANKFN1,9702,exact_symbol
ANKFY1,16079,exact_symbol
ANKH,9727,exact_symbol
ANKHD1,6465,exact_symbol
ANKIB1,16,exact_symbol
ANKK1,12771,exact_symbol
ANKLE1,10429,exact_symbol
ANKLE2,14195,exact_symbol
ANKMY1,8576,exact_symbol
ANKMY2,3318,exact_symbol
ANKRA2,11334,exact_symbol
ANKRD1,9123,exact_symbol
ANKRD10,1776,exact_symbol
ANKRD11,12113,exact_symbol
ANKRD12,2565,exact_symbol
ANKRD13A,1346,exact_symbol
ANKRD13B,17872,exact_symbol
ANKRD13C,4811,exact_symbol
ANKRD13D,13421,exact_symbol
ANKRD16,6911,exact_symbol
ANKRD17,6596,exact_symbol
ANKRD2,11712,exact_symbol
ANKRD22,9582,exact_symbol
ANKRD23,10930,exact_symbol
ANKRD24,1855,exact_symbol
ANKRD27,3046,exact_symbol
ANKRD28,20478,exact_symbol
ANKRD29,9719,exact_symbol
ANKRD31,8731,exact_symbol
ANKRD33,12141,exact_symbol
ANKRD33B,11299,exact_symbol
ANKRD34A,53737,exact_symbol
ANKRD34B,16923,exact_symbol
ANKRD34C,33913,exact_symbol
ANKRD35,17791,exact_symbol
ANKRD37,16255,exact_symbol
ANKRD39,22496,exact_symbol
ANKRD40,9829,exact_symbol
ANKRD40CL,12036,exact_symbol
ANKRD42,7482,exact_symbol
ANKRD44,926,exact_symbol
ANKRD45,15621,exact_symbol
ANKRD46,16186,exact_symbol
ANKRD49,12463,exact_symbol
ANKRD52,7862,exact_symbol
ANKRD54,2197,exact_symbol
ANKRD55,11378,exact_symbol
ANKRD6,7047,exact_symbol
ANKRD60,5493,exact_symbol
ANKRD61,10168,exact_symbol
ANKRD63,30506,exact_symbol
ANKRD65,33498,exact_symbol
ANKRD66,29992,exact_symbol
ANKRD9,9980,exact_symbol
ANKS1A,907,exact_symbol
ANKS1B,15910,exact_symbol
ANKS3,12290,exact_symbol
ANKS4B,13877,exact_symbol
ANKS6,11538,exact_symbol
ANKUB1,20448,exact_symbol
ANKZF1,11037,exact_symbol
ANLN,297,exact_symbol
ANO1,6474,exact_symbol
ANO10,10529,exact_symbol
ANO2,625,exact_symbol
ANO3,6893,exact_symbol
ANO4,9426,exact_symbol
ANO5,13134,exact_symbol
ANO6,14242,exact_symbol
ANO7,8815,exact_symbol
ANO8,1279,exact_symbol
ANO9,15926,exact_symbol
ANP32B,7386,exact_symbol
ANP32E,8390,exact_symbol
ANPEP,11952,exact_symbol
ANTKMT,2789,stable_id
ANTXR1,12636,exact_symbol
ANTXR2,10974,exact_symbol
ANXA1,7003,exact_symbol
ANXA10,3674,exact_symbol
ANXA11,5254,exact_symbol
ANXA13,2936,exact_symbol
ANXA2,15333,exact_symbol
ANXA3,7739,exact_symbol
ANXA4,17311,exact_symbol
ANXA5,11255,exact_symbol
ANXA6,17329,exact_symbol
ANXA7,7640,exact_symbol
ANXA9,8392,exact_symbol
AOAH,7252,exact_symbol
AOC2,6461,exact_symbol
AOC3,6457,exact_symbol
AOPEP,9049,stable_id
AOX1,7651,exact_symbol
AP1AR,7707,exact_symbol
AP1B1,2242,exact_symbol
AP1G1,11929,exact_symbol
AP1G2,22829,exact_symbol
AP1M1,1214,exact_symbol
AP1M2,6135,exact_symbol
AP1S1,3299,exact_symbol
AP1S2,15233,exact_symbol
AP1S3,9488,exact_symbol
AP2A1,17306,exact_symbol
AP2A2,15404,exact_symbol
AP2B1,125,exact_symbol
AP2M1,10594,exact_symbol
AP2S1,588,exact_symbol
AP3B1,6672,exact_symbol
AP3B2,2850,exact_symbol
AP3D1,908,exact_symbol
AP3M1,15895,exact_symbol
AP3M2,1123,exact_symbol
AP3S1,14404,exact_symbol
AP3S2,10146,exact_symbol
AP4B1,6873,exact_symbol
AP4E1,1517,exact_symbol
AP4M1,24709,exact_symbol
AP4S1,2321,exact_symbol
AP5B1,43222,exact_symbol
AP5M1,715,exact_symbol
AP5S1,5733,exact_symbol
AP5Z1,37549,exact_symbol
APAF1,5107,exact_symbol
APBA1,3406,exact_symbol
APBA2,507,exact_symbol
APBA3,282,exact_symbol
APBB1,11823,exact_symbol
APBB1IP,1384,exact_symbol
APBB2,11109,exact_symbol
APBB3,4140,exact_symbol
APC,6995,exact_symbol
APC2,4392,exact_symbol
APCDD1,9819,exact_symbol
APCS,6648,exact_symbol
APEH,11229,exact_symbol
APEX1,2391,exact_symbol
APEX2,12541,exact_symbol
APH1A,4698,exact_symbol
API5,11790,exact_symbol
APIP,9166,exact_symbol
APLF,12642,exact_symbol
APLN,13049,exact_symbol
APLNR,6968,exact_symbol
APLP1,3072,exact_symbol
APLP2,1626,exact_symbol
APMAP,2544,exact_symbol
APOA1,4778,exact_symbol
APOA2,10285,exact_symbol
APOA4,3761,exact_symbol
APOA5,3760,exact_symbol
APOB,1634,exact_symbol
APOBEC1,3935,exact_symbol
APOBEC2,5569,exact_symbol
APOBEC4,13568,exact_symbol
APOC1,6229,exact_symbol
APOC2,33362,exact_symbol
APOC4,51472,exact_symbol
APOD,16909,exact_symbol
APOE,6227,exact_symbol
APOF,13886,exact_symbol
APOH,1934,exact_symbol
APOLD1,14580,exact_symbol
APOM,19940,exact_symbol
APOO,15846,exact_symbol
APOOL,9834,exact_symbol
APP,8212,exact_symbol
APPBP2,847,exact_symbol
APPL1,10112,exact_symbol
APPL2,7207,exact_symbol
APRT,17994,exact_symbol
APTX,7405,exact_symbol
AQP1,36628,exact_symbol
AQP11,14484,exact_symbol
AQP2,12134,exact_symbol
AQP3,11571,exact_symbol
AQP4,13184,exact_symbol
AQP5,10640,exact_symbol
AQP6,1686,exact_symbol
AQP8,2811,exact_symbol
AQP9,2840,exact_symbol
AQR,411,exact_symbol
AR,12518,exact_symbol
ARAF,1406,exact_symbol
ARAP1,16323,exact_symbol
ARAP2,619,exact_symbol
ARAP3,5037,exact_symbol
ARC,17822,exact_symbol
ARCN1,2018,exact_symbol
AREG,3658,exact_symbol
AREL1,4938,exact_symbol
ARF1,8461,exact_symbol
ARF3,6878,exact_symbol
ARF4,12350,exact_symbol
ARF5,45,exact_symbol
ARF6,11628,exact_symbol
ARFGAP1,2467,exact_symbol
ARFGAP2,9178,exact_symbol
ARFGAP3,37316,exact_symbol
ARFGEF1,985,exact_symbol
ARFGEF2,5477,exact_symbol
ARFGEF3,4060,exact_symbol
ARFIP1,11272,exact_symbol
ARFIP2,6555,exact_symbol
ARFRP1,2479,exact_symbol
ARG1,4825,exact_symbol
ARG2,1529,exact_symbol
ARGLU1,6981,exact_symbol
ARHGAP1,13861,exact_symbol
ARHGAP10,1149,exact_symbol
ARHGAP11A,17929,exact_symbol
ARHGAP12,11581,exact_symbol
ARHGAP15,1326,exact_symbol
ARHGAP17,8018,exact_symbol
ARHGAP18,8838,exact_symbol
ARHGAP19,22521,exact_symbol
ARHGAP20,7523,exact_symbol
ARHGAP21,3462,exact_symbol
ARHGAP22,6074,exact_symbol
ARHGAP23,56087,exact_symbol
ARHGAP24,7699,exact_symbol
ARHGAP25,10955,exact_symbol
ARHGAP26,8753,exact_symbol
ARHGAP27,10340,exact_symbol
ARHGAP28,1783,exact_symbol
ARHGAP29,7578,exact_symbol
ARHGAP30,16300,exact_symbol
ARHGAP31,488,exact_symbol
ARHGAP32,6987,exact_symbol
ARHGAP33,58,exact_symbol
ARHGAP35,10413,exact_symbol
ARHGAP36,8955,exact_symbol
ARHGAP39,9023,exact_symbol
ARHGAP4,1854,exact_symbol
ARHGAP40,5461,exact_symbol
ARHGAP42,11714,exact_symbol
ARHGAP44,154,exact_symbol
ARHGAP45,14888,exact_symbol
ARHGAP5,2394,exact_symbol
ARHGAP6,629,exact_symbol
ARHGAP8,36997,exact_symbol
ARHGAP9,5369,exact_symbol
ARHGDIA,8130,exact_symbol
ARHGDIB,3888,exact_symbol
ARHGDIG,37287,exact_symbol
ARHGEF1,1360,exact_symbol
ARHGEF10,2953,exact_symbol
ARHGEF10L,1281,exact_symbol
ARHGEF11,6645,exact_symbol
ARHGEF12,17290,exact_symbol
ARHGEF15,17943,exact_symbol
ARHGEF16,6338,exact_symbol
ARHGEF17,3759,exact_symbol
ARHGEF18,2986,exact_symbol
ARHGEF19,8265,exact_symbol
ARHGEF2,4583,exact_symbol
ARHGEF25,36702,exact_symbol
ARHGEF26,4328,exact_symbol
ARHGEF28,23191,exact_symbol
ARHGEF3,11192,exact_symbol
ARHGEF33,23093,exact_symbol
ARHGEF37,15427,exact_symbol
ARHGEF38,34589,exact_symbol
ARHGEF39,7420,exact_symbol
ARHGEF40,11691,exact_symbol
ARHGEF5,675,exact_symbol
ARHGEF6,6170,exact_symbol
ARHGEF7,2689,exact_symbol
ARHGEF9,6400,exact_symbol
ARID1A,4754,exact_symbol
ARID1B,665,exact_symbol
ARID2,16915,exact_symbol
ARID3A,4518,exact_symbol
ARID3B,14683,exact_symbol
ARID3C,20190,exact_symbol
ARID4A,492,exact_symbol
ARID4B,723,exact_symbol
ARID5A,17272,exact_symbol
ARID5B,9296,exact_symbol
ARIH1,11805,exact_symbol
ARIH2,14322,exact_symbol
ARL1,5101,exact_symbol
ARL10,13898,exact_symbol
ARL11,9509,exact_symbol
ARL13B,12591,exact_symbol
ARL14,14738,exact_symbol
ARL14EP,9512,exact_symbol
ARL14EPL,51874,exact_symbol
ARL15,15982,exact_symbol
ARL16,22878,exact_symbol
ARL2,22566,exact_symbol
ARL2BP,2729,exact_symbol
ARL3,7630,exact_symbol
ARL4A,5291,exact_symbol
ARL4C,16648,exact_symbol
ARL4D,13992,exact_symbol
ARL5A,10887,exact_symbol
ARL5B,11740,exact_symbol
ARL5C,8170,exact_symbol
ARL6,4242,exact_symbol
ARL6IP1,12858,exact_symbol
ARL6IP4,15213,exact_symbol
ARL6IP5,8615,exact_symbol
ARL6IP6,14409,exact_symbol
ARL8A,8483,exact_symbol
ARL8B,6839,exact_symbol
ARMC1,2924,exact_symbol
ARMC10,12881,exact_symbol
ARMC12,10095,exact_symbol
ARMC2,4838,exact_symbol
ARMC3,11579,exact_symbol
ARMC5,8012,exact_symbol
ARMC6,3165,exact_symbol
ARMC7,5651,exact_symbol
ARMC8,4252,exact_symbol
ARMC9,7184,exact_symbol
ARMCX1,5878,exact_symbol
ARMCX2,15855,exact_symbol
ARMCX3,2672,exact_symbol
ARMCX4,17147,exact_symbol
ARMCX5,5767,exact_symbol
ARMCX6,18009,exact_symbol
ARMH1,17801,exact_symbol
ARMH2,47126,exact_symbol
ARMH3,4997,exact_symbol
ARMH4,7903,exact_symbol
ARMT1,8856,exact_symbol
ARNT,8399,exact_symbol
ARNT2,13306,exact_symbol
ARPC1A,37081,exact_symbol
ARPC2,11018,exact_symbol
ARPC3,3860,exact_symbol
ARPC4,37024,exact_symbol
ARPC5,10810,exact_symbol
ARPC5L,7392,exact_symbol
ARPIN,37420,exact_symbol
ARPP19,6093,exact_symbol
ARPP21,13440,exact_symbol
ARR3,5058,exact_symbol
ARRB1,7479,exact_symbol
ARRB2,8120,exact_symbol
ARRDC1,17341,exact_symbol
ARRDC2,3152,exact_symbol
ARRDC3,4175,exact_symbol
ARRDC4,7967,exact_symbol
ARRDC5,20345,exact_symbol
ARSA,2253,exact_symbol
ARSB,4160,exact_symbol
ARSG,8090,exact_symbol
ARSI,15632,exact_symbol
ARSJ,14945,exact_symbol
ARSK,11314,exact_symbol
ART1,6175,exact_symbol
ART3,9961,exact_symbol
ART4,3885,exact_symbol
ART5,12075,exact_symbol
ARTN,4704,exact_symbol
ARV1,13522,exact_symbol
ARVCF,2130,exact_symbol
ARX,64,exact_symbol
AS3MT,23019,exact_symbol
ASAH1,2959,exact_symbol
ASAP1,9654,exact_symbol
ASAP2,9447,exact_symbol
ASAP3,1766,exact_symbol
ASB1,945,exact_symbol
ASB10,8904,exact_symbol
ASB11,11553,exact_symbol
ASB12,17964,exact_symbol
ASB13,17117,exact_symbol
ASB14,36121,exact_symbol
ASB15,8887,exact_symbol
ASB16,10632,exact_symbol
ASB17,9713,exact_symbol
ASB18,15206,exact_symbol
ASB2,2361,exact_symbol
ASB3,4386,exact_symbol
ASB4,113,exact_symbol
ASB5,11263,exact_symbol
ASB6,9076,exact_symbol
ASB7,15514,exact_symbol
ASB8,14419,exact_symbol
ASB9,2618,exact_symbol
ASCC1,7642,exact_symbol
ASCC2,2266,exact_symbol
ASCC3,4032,exact_symbol
ASCL1,7819,exact_symbol
ASCL2,15589,exact_symbol
ASCL3,14003,exact_symbol
ASCL4,16594,exact_symbol
ASCL5,31511,exact_symbol
ASF1A,3973,exact_symbol
ASF1B,3025,exact_symbol
ASGR1,8126,exact_symbol
ASGR2,10661,exact_symbol
ASH1L,4578,exact_symbol
ASH2L,6173,exact_symbol
ASIC1,3822,exact_symbol
ASIC2,3572,exact_symbol
ASIC3,22421,exact_symbol
ASIC4,1182,exact_symbol
ASIC5,44575,exact_symbol
ASIP,2528,exact_symbol
ASL,5829,exact_symbol
ASNS,1122,exact_symbol
ASNSD1,7658,exact_symbol
ASPA,3517,exact_symbol
ASPDH,20028,exact_symbol
ASPG,11791,exact_symbol
ASPH,17756,exact_symbol
ASPHD1,13798,exact_symbol
ASPHD2,5991,exact_symbol
ASPM,966,exact_symbol
ASPN,3367,exact_symbol
ASPRV1,38318,exact_symbol
ASPSCR1,12658,exact_symbol
ASRGL1,10695,exact_symbol
ASS1,6319,exact_symbol
ASTE1,511,exact_symbol
ASTL,16866,exact_symbol
ASTN1,9494,exact_symbol
ASTN2,9064,exact_symbol
ASXL1,13069,exact_symbol
ASXL2,8500,exact_symbol
ASXL3,8107,exact_symbol
ASZ1,9770,exact_symbol
ATAD1,7623,exact_symbol
ATAD2,10028,exact_symbol
ATAD2B,4962,exact_symbol
ATAD3A,17571,exact_symbol
ATAD5,14047,exact_symbol
ATAT1,7460,exact_symbol
ATCAY,12160,exact_symbol
ATE1,3436,exact_symbol
ATF1,5366,exact_symbol
ATF2,4509,exact_symbol
ATF3,10835,exact_symbol
ATF4,6003,exact_symbol
ATF5,12531,exact_symbol
ATF6,4787,exact_symbol
ATF6B,22672,exact_symbol
ATF7,12886,exact_symbol
ATF7IP,13129,exact_symbol
ATG10,9528,exact_symbol
ATG101,5381,exact_symbol
ATG12,8749,exact_symbol
ATG13,13863,exact_symbol
ATG14,5853,exact_symbol
ATG16L1,1677,exact_symbol
ATG16L2,12266,exact_symbol
ATG2A,3733,exact_symbol
ATG2B,984,exact_symbol
ATG3,8634,exact_symbol
ATG4B,12357,exact_symbol
ATG4C,5694,exact_symbol
ATG4D,6331,exact_symbol
ATG5,775,exact_symbol
ATG7,17490,exact_symbol
ATG9A,17991,exact_symbol
ATG9B,15098,exact_symbol
ATIC,7652,exact_symbol
ATL1,17798,exact_symbol
ATL2,4964,exact_symbol
ATL3,15831,exact_symbol
ATM,9199,exact_symbol
ATMIN,11869,exact_symbol
ATN1,3929,exact_symbol
ATOH1,13262,exact_symbol
ATOH7,14751,exact_symbol
ATOH8,12461,exact_symbol
ATOX1,14336,exact_symbol
ATP10A,20445,exact_symbol
ATP10B,4801,exact_symbol
ATP10D,8676,exact_symbol
ATP11A,1046,exact_symbol
ATP11B,780,exact_symbol
ATP11C,2602,exact_symbol
ATP12A,1319,exact_symbol
ATP13A1,3183,exact_symbol
ATP13A2,10348,exact_symbol
ATP13A3,6780,exact_symbol
ATP13A4,5898,exact_symbol
ATP13A5,16498,exact_symbol
ATP1A1,11002,exact_symbol
ATP1A2,383,exact_symbol
ATP1A3,3103,exact_symbol
ATP1A4,6641,exact_symbol
ATP1B1,8324,exact_symbol
ATP1B2,6124,exact_symbol
ATP1B3,1085,exact_symbol
ATP1B4,2587,exact_symbol
ATP23,11975,exact_symbol
ATP2A1,17089,exact_symbol
ATP2A2,13704,exact_symbol
ATP2A3,1261,exact_symbol
ATP2B1,1140,exact_symbol
ATP2B2,10063,exact_symbol
ATP2B3,1023,exact_symbol
ATP2B4,789,exact_symbol
ATP2C1,372,exact_symbol
ATP2C2,878,exact_symbol
ATP4A,3164,exact_symbol
ATP4B,16160,exact_symbol
ATP5PB,4570,exact_symbol
ATP6AP1,1157,exact_symbol
ATP6AP2,15218,exact_symbol
ATP6V0A1,504,exact_symbol
ATP6V0A2,15991,exact_symbol
ATP6V0A4,3219,exact_symbol
ATP6V0B,4706,exact_symbol
ATP6V0C,16120,exact_symbol
ATP6V0D1,10388,exact_symbol
ATP6V0D2,9004,exact_symbol
ATP6V0E1,4221,exact_symbol
ATP6V1A,4302,exact_symbol
ATP6V1B1,4523,exact_symbol
ATP6V1B2,8969,exact_symbol
ATP6V1C1,9847,exact_symbol
ATP6V1C2,8488,exact_symbol
ATP6V1D,2335,exact_symbol
ATP6V1E1,6405,exact_symbol
ATP6V1E2,40220,exact_symbol
ATP6V1F,6032,exact_symbol
ATP6V1G1,7370,exact_symbol
ATP6V1G2,22719,exact_symbol
ATP6V1G3,9406,exact_symbol
ATP6V1H,616,exact_symbol
ATP7A,11564,exact_symbol
ATP7B,5359,exact_symbol
ATP8A1,5521,exact_symbol
ATP8A2,6685,exact_symbol
ATP8B1,1551,exact_symbol
ATP8B2,8419,exact_symbol
ATP8B3,6238,exact_symbol
ATP8B4,2866,exact_symbol
ATP9A,733,exact_symbol
ATP9B,11843,exact_symbol
ATPAF1,5392,exact_symbol
ATPAF2,13197,exact_symbol
ATPSCKMT,9333,stable_id
ATR,13822,exact_symbol
ATRAID,7609,exact_symbol
ATRIP,11225,exact_symbol
ATRN,1787,exact_symbol
ATRNL1,3421,exact_symbol
ATRX,1647,exact_symbol
ATXN1,5588,exact_symbol
ATXN10,6303,exact_symbol
ATXN1L,26142,exact_symbol
ATXN2,20092,exact_symbol
ATXN2L,12378,exact_symbol
ATXN7,11088,exact_symbol
ATXN7L1,8885,exact_symbol
ATXN7L2,10796,exact_symbol
ATXN7L3,1726,exact_symbol
ATXN7L3B,42592,exact_symbol
AUH,9047,exact_symbol
AUNIP,5918,exact_symbol
AUP1,4405,exact_symbol
AURKA,1752,exact_symbol
AURKAIP1,13961,exact_symbol
AURKB,14607,exact_symbol
AUTS2,10209,exact_symbol
AVEN,12693,exact_symbol
AVIL,7074,exact_symbol
AVL9,3191,exact_symbol
AVP,2468,exact_symbol
AVPI1,4995,exact_symbol
AVPR1A,11777,exact_symbol
AVPR1B,17662,exact_symbol
AVPR2,5874,exact_symbol
AWAT1,19843,exact_symbol
AWAT2,8938,exact_symbol
AXDND1,10838,exact_symbol
AXIN1,2763,exact_symbol
AXIN2,12413,exact_symbol
AXL,12138,exact_symbol
AZGP1,10548,exact_symbol
AZI2,11034,exact_symbol
AZIN1,9846,exact_symbol
AZIN2,8296,exact_symbol
B2M,11923,exact_symbol
B3GALNT1,12569,exact_symbol
B3GALNT2,10859,exact_symbol
B3GALT1,13283,exact_symbol
B3GALT2,10788,exact_symbol
B3GALT4,34013,exact_symbol
B3GALT5,15603,exact_symbol
B3GALT6,14007,exact_symbol
B3GALT9,23079,stable_id
B3GAT1,3724,exact_symbol
B3GAT2,4047,exact_symbol
B3GAT3,9228,exact_symbol
B3GLCT,16540,exact_symbol
B3GNT2,12803,exact_symbol
B3GNT3,14776,exact_symbol
B3GNT4,14084,exact_symbol
B3GNT5,14125,exact_symbol
B3GNT6,17792,exact_symbol
B3GNT7,10046,exact_symbol
B3GNT8,14258,exact_symbol
B3GNT9,34912,exact_symbol
B3GNTL1,13952,exact_symbol
B4GALNT1,7090,exact_symbol
B4GALNT2,12019,exact_symbol
B4GALNT3,7763,exact_symbol
B4GALNT4,15232,exact_symbol
B4GALT1,1683,exact_symbol
B4GALT2,4707,exact_symbol
B4GALT3,10278,exact_symbol
B4GALT4,5177,exact_symbol
B4GALT5,10224,exact_symbol
B4GALT6,4796,exact_symbol
B4GALT7,465,exact_symbol
B4GAT1,13751,exact_symbol
B9D1,3565,exact_symbol
B9D2,5425,exact_symbol
BAALC,11484,exact_symbol
BAAT,7368,exact_symbol
BABAM1,3097,exact_symbol
BABAM2,10172,exact_symbol
BACE1,16247,exact_symbol
BACE2,15222,exact_symbol
BACH1,9971,exact_symbol
BACH2,4015,exact_symbol
BAD,21,exact_symbol
BAG1,3403,exact_symbol
BAG2,4020,exact_symbol
BAG3,9480,exact_symbol
BAG4,10023,exact_symbol
BAG5,11787,exact_symbol
BAG6,19947,exact_symbol
BAHCC1,50467,exact_symbol
BAHD1,7946,exact_symbol
BAIAP2,13982,exact_symbol
BAIAP2L1,135,exact_symbol
BAIAP2L2,6010,exact_symbol
BAIAP3,186,exact_symbol
BAK1,483,exact_symbol
BAMBI,2040,exact_symbol
BANF1,13885,exact_symbol
BANF2,5753,exact_symbol
BANK1,9619,exact_symbol
BANP,13341,exact_symbol
BAP1,11183,exact_symbol
BARD1,7654,exact_symbol
BARHL1,5661,exact_symbol
BARHL2,8307,exact_symbol
BARX1,6480,exact_symbol
BARX2,593,exact_symbol
BASP1,14165,exact_symbol
BATF,9950,exact_symbol
BATF2,12278,exact_symbol
BATF3,5419,exact_symbol
BAX,1721,exact_symbol
BAZ1A,17831,exact_symbol
BAZ1B,243,exact_symbol
BAZ2A,1336,exact_symbol
BAZ2B,5416,exact_symbol
BBC3,3077,exact_symbol
BBIP1,23008,exact_symbol
BBLN,13003,stable_id
BBOF1,4928,exact_symbol
BBOX1,6107,exact_symbol
BBS1,13716,exact_symbol
BBS10,14788,exact_symbol
BBS12,14991,exact_symbol
BBS2,5613,exact_symbol
BBS4,7971,exact_symbol
BBS5,10921,exact_symbol
BBS7,7717,exact_symbol
BBS9,5272,exact_symbol
BBX,4287,exact_symbol
BCAM,16468,exact_symbol
BCAN,6643,exact_symbol
BCAP29,1323,exact_symbol
BCAP31,16104,exact_symbol
BCAR1,686,exact_symbol
BCAR3,7569,exact_symbol
BCAS1,899,exact_symbol
BCAS2,4616,exact_symbol
BCAS3,8095,exact_symbol
BCAT1,824,exact_symbol
BCAT2,3133,exact_symbol
BCCIP,3473,exact_symbol
BCDIN3D,16332,exact_symbol
BCHE,4262,exact_symbol
BCKDHA,38619,exact_symbol
BCKDHB,1587,exact_symbol
BCKDK,2829,exact_symbol
BCL10,8291,exact_symbol
BCL11A,4971,exact_symbol
BCL11B,5893,exact_symbol
BCL2,13151,exact_symbol
BCL2L1,13101,exact_symbol
BCL2L11,9624,exact_symbol
BCL2L12,5820,exact_symbol
BCL2L13,2146,exact_symbol
BCL2L14,5160,exact_symbol
BCL2L15,16827,exact_symbol
BCL2L2,6146,exact_symbol
BCL3,1072,exact_symbol
BCL6,4239,exact_symbol
BCL6B,10660,exact_symbol
BCL7A,3837,exact_symbol
BCL7B,3343,exact_symbol
BCL7C,2100,exact_symbol
BCL9,4532,exact_symbol
BCL9L,16208,exact_symbol
BCLAF1,475,exact_symbol
BCLAF3,13578,exact_symbol
BCO1,7135,exact_symbol
BCO2,17505,exact_symbol
BCOR,15487,exact_symbol
BCORL1,1646,exact_symbol
BCR,16342,exact_symbol
BCS1L,1265,exact_symbol
BDH1,10600,exact_symbol
BDH2,11217,exact_symbol
BDKRB1,2378,exact_symbol
BDKRB2,12358,exact_symbol
BDNF,14141,exact_symbol
BDP1,8739,exact_symbol
BEAN1,11893,exact_symbol
BECN1,5836,exact_symbol
BECN2,17086,exact_symbol
BEGAIN,15425,exact_symbol
BEND3,14501,exact_symbol
BEND4,16856,exact_symbol
BEND5,10716,exact_symbol
BEND6,9478,exact_symbol
BEND7,11646,exact_symbol
BEST1,12259,exact_symbol
BEST2,563,exact_symbol
BEST3,5904,exact_symbol
BET1L,14415,exact_symbol
BEX3,11916,exact_symbol
BFAR,2817,exact_symbol
BFSP1,5742,exact_symbol
BFSP2,12913,exact_symbol
BGN,15279,exact_symbol
BHLHA15,14899,exact_symbol
BHLHA9,20382,exact_symbol
BHLHE22,14952,exact_symbol
BHLHE23,5671,exact_symbol
BHLHE40,6838,exact_symbol
BHLHE41,5341,exact_symbol
BHMT2,6671,exact_symbol
BICC1,5321,exact_symbol
BICD1,9457,exact_symbol
BICD2,16147,exact_symbol
BICDL1,7025,exact_symbol
BICDL2,10684,exact_symbol
BICRA,852,exact_symbol
BICRAL,4086,exact_symbol
BID,359,exact_symbol
BIN1,7326,exact_symbol
BIN2,3832,exact_symbol
BIN3,8975,exact_symbol
BIRC2,3769,exact_symbol
BIRC3,428,exact_symbol
BIRC5,1847,exact_symbol
BIRC6,4480,exact_symbol
BIRC7,2465,exact_symbol
BLCAP,11910,exact_symbol
BLK,7305,exact_symbol
BLM,17414,exact_symbol
BLMH,3553,exact_symbol
BLNK,2034,exact_symbol
BLOC1S1,7084,exact_symbol
BLOC1S2,17008,exact_symbol
BLOC1S3,16921,exact_symbol
BLOC1S4,16222,exact_symbol
BLOC1S5,16743,exact_symbol
BLOC1S6,2883,exact_symbol
BLVRA,3333,exact_symbol
BLVRB,1860,exact_symbol
BLZF1,4714,exact_symbol
BMERB1,11935,stable_id
BMF,2873,exact_symbol
BMI1,12330,exact_symbol
BMP1,12377,exact_symbol
BMP10,10953,exact_symbol
BMP15,6263,exact_symbol
BMP2,5735,exact_symbol
BMP2K,7729,exact_symbol
BMP3,9588,exact_symbol
BMP4,5639,exact_symbol
BMP5,4014,exact_symbol
BMP6,9632,exact_symbol
BMP7,2446,exact_symbol
BMPER,11401,exact_symbol
BMPR1A,3447,exact_symbol
BMPR1B,7719,exact_symbol
BMPR2,19846,exact_symbol
BMS1,11681,exact_symbol
BMX,2610,exact_symbol
BNC1,12633,exact_symbol
BNC2,13449,exact_symbol
BNIP1,4222,exact_symbol
BNIP2,7943,exact_symbol
BNIP3,14039,exact_symbol
BNIP3L,2960,exact_symbol
BNIPL,10934,exact_symbol
BOC,8636,exact_symbol
BOD1L1,546,exact_symbol
BOK,14146,exact_symbol
BOLA1,14444,exact_symbol
BOLA3,10944,exact_symbol
BOLL,9538,exact_symbol
BOP1,47830,exact_symbol
BORA,7222,exact_symbol
BORCS5,11675,exact_symbol
BORCS6,17179,exact_symbol
BORCS7,11817,exact_symbol
BORCS8,43613,exact_symbol
BPGM,13287,exact_symbol
BPHL,7450,exact_symbol
BPI,2524,exact_symbol
BPIFA3,6394,exact_symbol
BPIFB1,5780,exact_symbol
BPIFB2,1442,exact_symbol
BPIFB3,16213,exact_symbol
BPIFB4,16214,exact_symbol
BPIFB6,12028,exact_symbol
BPIFC,15765,exact_symbol
BPNT1,10842,exact_symbol
BPNT2,2903,stable_id
BPTF,13121,exact_symbol
BRAF,10139,exact_symbol
BRAP,1831,exact_symbol
BRAT1,3241,exact_symbol
BRCA1,309,exact_symbol
BRCA2,7851,exact_symbol
BRD1,2306,exact_symbol
BRD2,19859,exact_symbol
BRD3,12714,exact_symbol
BRD4,8178,exact_symbol
BRD7,11782,exact_symbol
BRD8,4128,exact_symbol
BRD9,471,exact_symbol
BRDT,7574,exact_symbol
BRF1,15901,exact_symbol
BRF2,2889,exact_symbol
BRI3,11428,exact_symbol
BRI3BP,15889,exact_symbol
BRICD5,15326,exact_symbol
BRINP1,1436,exact_symbol
BRINP2,17914,exact_symbol
BRINP3,10800,exact_symbol
BRIP1,7291,exact_symbol
BRIX1,4186,exact_symbol
BRK1,43697,exact_symbol
BRMS1,13761,exact_symbol
BRMS1L,2407,exact_symbol
BROX,10845,exact_symbol
BRPF1,10051,exact_symbol
BRPF3,2054,exact_symbol
BRS3,2649,exact_symbol
BRSK1,10500,exact_symbol
BRSK2,13747,exact_symbol
BRWD1,16061,exact_symbol
BRWD3,11576,exact_symbol
BSCL2,12261,exact_symbol
BSDC1,10420,exact_symbol
BSG,13272,exact_symbol
BSN,11228,exact_symbol
BSND,10727,exact_symbol
BSPRY,4901,exact_symbol
BST1,3697,exact_symbol
BSX,16870,exact_symbol
BTAF1,2032,exact_symbol
BTBD1,897,exact_symbol
BTBD10,9151,exact_symbol
BTBD16,7624,exact_symbol
BTBD17,19893,exact_symbol
BTBD18,32344,exact_symbol
BTBD19,24779,exact_symbol
BTBD2,6739,exact_symbol
BTBD3,6631,exact_symbol
BTBD6,15857,exact_symbol
BTBD7,281,exact_symbol
BTBD8,16947,exact_symbol
BTBD9,15619,exact_symbol
BTC,13774,exact_symbol
BTD,12685,exact_symbol
BTF3,8742,exact_symbol
BTG1,6777,exact_symbol
BTG2,10352,exact_symbol
BTG3,9792,exact_symbol
BTG4,7516,exact_symbol
BTK,268,exact_symbol
BTLA,16232,exact_symbol
BTN1A1,5544,exact_symbol
BTN2A2,5538,exact_symbol
BTNL2,19873,exact_symbol
BTNL9,11697,exact_symbol
BTRC,11785,exact_symbol
BUB1,12651,exact_symbol
BUB1B,10048,exact_symbol
BUB3,9773,exact_symbol
BUD13,7506,exact_symbol
BUD23,1154,exact_symbol
BUD31,3273,exact_symbol
BYSL,4081,exact_symbol
BZW1,1558,exact_symbol
BZW2,7253,exact_symbol
C1D,17392,exact_symbol
C1GALT1,3301,exact_symbol
C1GALT1C1,13002,exact_symbol
C1QA,13514,exact_symbol
C1QB,13513,exact_symbol
C1QBP,3551,exact_symbol
C1QC,10315,exact_symbol
C1QL1,6401,exact_symbol
C1QL2,8524,exact_symbol
C1QL3,11737,exact_symbol
C1QL4,16383,exact_symbol
C1QTNF1,13622,exact_symbol
C1QTNF12,15690,exact_symbol
C1QTNF2,8762,exact_symbol
C1QTNF3,1560,exact_symbol
C1QTNF4,13266,exact_symbol
C1QTNF5,25786,exact_symbol
C1QTNF6,6763,exact_symbol
C1QTNF7,10935,exact_symbol
C1RL,7783,exact_symbol
C2,11818,exact_symbol
C2CD2,10128,exact_symbol
C2CD2L,13304,exact_symbol
C2CD3,12267,exact_symbol
C2CD4C,15449,exact_symbol
C2CD4D,26903,exact_symbol
C2CD5,3946,exact_symbol
C3,5696,exact_symbol
C3AR1,13174,exact_symbol
C5AR1,17446,exact_symbol
C5AR2,6972,exact_symbol
C6,559,exact_symbol
C7,4122,exact_symbol
C8A,10071,exact_symbol
C8B,413,exact_symbol
C8G,14196,exact_symbol
C9,4206,exact_symbol
CA1,6792,exact_symbol
CA10,9831,exact_symbol
CA11,855,exact_symbol
CA12,1262,exact_symbol
CA13,15898,exact_symbol
CA14,4798,exact_symbol
CA2,2893,exact_symbol
CA3,11469,exact_symbol
CA4,12098,exact_symbol
CA5A,13814,exact_symbol
CA5B,12558,exact_symbol
CA6,6482,exact_symbol
CA7,12431,exact_symbol
CA8,14521,exact_symbol
CA9,3392,exact_symbol
CAAP1,5016,exact_symbol
CAB39,7185,exact_symbol
CAB39L,2683,exact_symbol
CABCOCO1,15489,exact_symbol
CABIN1,2151,exact_symbol
CABLES1,6918,exact_symbol
CABLES2,9255,exact_symbol
CABP1,10143,exact_symbol
CABP2,12208,exact_symbol
CABP4,13921,exact_symbol
CABP5,3122,exact_symbol
CABP7,2260,exact_symbol
CABS1,8683,exact_symbol
CABYR,9717,exact_symbol
CACFD1,10481,exact_symbol
CACHD1,10291,exact_symbol
CACNA1A,8175,exact_symbol
CACNA1B,9095,exact_symbol
CACNA1C,9363,exact_symbol
CACNA1D,10101,exact_symbol
CACNA1E,17718,exact_symbol
CACNA1F,2607,exact_symbol
CACNA1G,130,exact_symbol
CACNA1H,17184,exact_symbol
CACNA1I,2274,exact_symbol
CACNA1S,1532,exact_symbol
CACNA2D1,9706,exact_symbol
CACNA2D2,185,exact_symbol
CACNA2D3,10107,exact_symbol
CACNA2D4,9361,exact_symbol
CACNB1,1002,exact_symbol
CACNB2,11738,exact_symbol
CACNB3,12120,exact_symbol
CACNB4,15261,exact_symbol
CACNG1,3606,exact_symbol
CACNG2,11965,exact_symbol
CACNG3,123,exact_symbol
CACNG4,1312,exact_symbol
CACNG5,1311,exact_symbol
CACNG6,6270,exact_symbol
CACNG7,3139,exact_symbol
CACNG8,8231,exact_symbol
CACTIN,3073,exact_symbol
CACUL1,9476,exact_symbol
CACYBP,4540,exact_symbol
CAD,1643,exact_symbol
CADM1,15397,exact_symbol
CADM2,13844,exact_symbol
CADM3,10811,exact_symbol
CADM4,3189,exact_symbol
CADPS2,1545,exact_symbol
CAGE1,11321,exact_symbol
CALB1,2902,exact_symbol
CALB2,13235,exact_symbol
CALCB,13983,exact_symbol
CALCOCO1,321,exact_symbol
CALCR,69,exact_symbol
CALCRL,905,exact_symbol
CALD1,5313,exact_symbol
CALHM1,16137,exact_symbol
CALHM2,7629,exact_symbol
CALHM3,15431,exact_symbol
CALHM4,11364,exact_symbol
CALHM5,14431,exact_symbol
CALHM6,16848,exact_symbol
CALM1,17847,exact_symbol
CALM2,8494,exact_symbol
CALM3,10415,exact_symbol
CALML3,14490,exact_symbol
CALML4,6095,exact_symbol
CALN1,15444,exact_symbol
CALR,14659,exact_symbol
CALR3,52147,exact_symbol
CALU,6045,exact_symbol
CALY,6305,exact_symbol
CAMK1,6835,exact_symbol
CAMK1D,15414,exact_symbol
CAMK1G,201,exact_symbol
CAMK2A,1133,exact_symbol
CAMK2B,786,exact_symbol
CAMK2G,9120,exact_symbol
CAMK2N1,10762,exact_symbol
CAMK2N2,11172,exact_symbol
CAMK4,9552,exact_symbol
CAMKK1,54,exact_symbol
CAMKK2,3831,exact_symbol
CAMKMT,8491,exact_symbol
CAMKV,11235,exact_symbol
CAMLG,11399,exact_symbol
CAMP,11220,exact_symbol
CAMSAP1,6291,exact_symbol
CAMSAP2,4786,exact_symbol
CAMSAP3,1357,exact_symbol
CAMTA1,13140,exact_symbol
CAMTA2,3539,exact_symbol
CAND1,3903,exact_symbol
CAND2,8608,exact_symbol
CANT1,13034,exact_symbol
CANX,5883,exact_symbol
CAP1,6425,exact_symbol
CAP2,4017,exact_symbol
CAPG,587,exact_symbol
CAPN1,348,exact_symbol
CAPN10,8227,exact_symbol
CAPN11,7440,exact_symbol
CAPN12,15272,exact_symbol
CAPN13,10879,exact_symbol
CAPN15,2801,exact_symbol
CAPN2,10867,exact_symbol
CAPN3,1976,exact_symbol
CAPN5,9188,exact_symbol
CAPN6,1378,exact_symbol
CAPN7,6438,exact_symbol
CAPN8,19685,exact_symbol
CAPN9,7150,exact_symbol
CAPNS1,5804,exact_symbol
CAPNS2,44740,exact_symbol
CAPRIN1,7069,exact_symbol
CAPRIN2,3824,exact_symbol
CAPS2,14964,exact_symbol
CAPSL,9567,exact_symbol
CAPZA2,17974,exact_symbol
CAPZA3,14411,exact_symbol
CAPZB,1391,exact_symbol
CARD10,2176,exact_symbol
CARD11,17739,exact_symbol
CARD14,8133,exact_symbol
CARD19,11562,exact_symbol
CARD6,6574,exact_symbol
CARD9,16578,exact_symbol
CARF,7657,exact_symbol
CARHSP1,9617,exact_symbol
CARM1,8235,exact_symbol
CARMIL1,1473,exact_symbol
CARMIL2,10391,exact_symbol
CARMIL3,16327,exact_symbol
CARNMT1,9937,exact_symbol
CARNS1,13339,exact_symbol
CARS2,6986,exact_symbol
CARTPT,11330,exact_symbol
CASC3,3512,exact_symbol
CASD1,5977,exact_symbol
CASK,8915,exact_symbol
CASKIN1,12248,exact_symbol
CASKIN2,14281,exact_symbol
CASP14,3039,exact_symbol
CASP2,3267,exact_symbol
CASP3,11322,exact_symbol
CASP6,7745,exact_symbol
CASP7,11695,exact_symbol
CASP8,868,exact_symbol
CASP8AP2,4806,exact_symbol
CASP9,6681,exact_symbol
CASQ1,8361,exact_symbol
CASQ2,4842,exact_symbol
CASR,534,exact_symbol
CASS4,1753,exact_symbol
CAST,9626,exact_symbol
CASTOR1,36085,exact_symbol
CASTOR2,54970,exact_symbol
CAT,5187,exact_symbol
CATIP,10218,exact_symbol
CATSPER2,11932,exact_symbol
CATSPER3,9578,exact_symbol
CATSPER4,16835,exact_symbol
CAV1,3228,exact_symbol
CAV2,3227,exact_symbol
CAV3,15287,exact_symbol
CAVIN1,14320,exact_symbol
CAVIN2,12383,exact_symbol
CAVIN3,12956,exact_symbol
CAVIN4,12889,exact_symbol
CBARP,2105,exact_symbol
CBFA2T2,1435,exact_symbol
CBFA2T3,6197,exact_symbol
CBFB,1025,exact_symbol
CBL,3773,exact_symbol
CBLB,4286,exact_symbol
CBLC,8222,exact_symbol
CBLIF,6966,stable_id
CBLL1,3212,exact_symbol
CBLN1,2728,exact_symbol
CBLN2,8161,exact_symbol
CBLN3,7894,exact_symbol
CBLN4,735,exact_symbol
CBR3,10328,exact_symbol
CBR4,8707,exact_symbol
CBS,10447,exact_symbol
CBX1,3534,exact_symbol
CBX2,13615,exact_symbol
CBX3,5281,exact_symbol
CBX4,8151,exact_symbol
CBX5,2010,exact_symbol
CBX6,15591,exact_symbol
CBX7,2257,exact_symbol
CBX8,8145,exact_symbol
CBY1,2219,exact_symbol
CBY2,13640,stable_id
CC2D1A,6537,exact_symbol
CC2D1B,9743,exact_symbol
CC2D2A,638,exact_symbol
CC2D2B,16795,exact_symbol
CCAR1,812,exact_symbol
CCAR2,10289,exact_symbol
CCBE1,15470,exact_symbol
CCDC102A,7142,exact_symbol
CCDC106,13556,exact_symbol
CCDC107,10403,exact_symbol
CCDC112,11298,exact_symbol
CCDC116,10592,exact_symbol
CCDC117,10401,exact_symbol
CCDC12,10540,exact_symbol
CCDC120,8935,exact_symbol
CCDC122,9459,exact_symbol
CCDC124,166,exact_symbol
CCDC125,15484,exact_symbol
CCDC126,12543,exact_symbol
CCDC127,11344,exact_symbol
CCDC13,38315,exact_symbol
CCDC134,2203,exact_symbol
CCDC136,6046,exact_symbol
CCDC137,15979,exact_symbol
CCDC138,10897,exact_symbol
CCDC14,13903,exact_symbol
CCDC141,11027,exact_symbol
CCDC142,7127,exact_symbol
CCDC146,7031,exact_symbol
CCDC148,9643,exact_symbol
CCDC149,15161,exact_symbol
CCDC15,9230,exact_symbol
CCDC150,8560,exact_symbol
CCDC152,17956,exact_symbol
CCDC154,17515,exact_symbol
CCDC157,16596,exact_symbol
CCDC158,11127,exact_symbol
CCDC159,15500,exact_symbol
CCDC160,19766,exact_symbol
CCDC167,17998,exact_symbol
CCDC169,37514,exact_symbol
CCDC17,10371,exact_symbol
CCDC170,5029,exact_symbol
CCDC171,11506,exact_symbol
CCDC172,15319,exact_symbol
CCDC174,9810,exact_symbol
CCDC177,51774,exact_symbol
CCDC178,11998,exact_symbol
CCDC18,5269,exact_symbol
CCDC180,17579,exact_symbol
CCDC181,4715,exact_symbol
CCDC182,11828,exact_symbol
CCDC184,14403,exact_symbol
CCDC185,14496,exact_symbol
CCDC186,11698,exact_symbol
CCDC188,33020,exact_symbol
CCDC190,16112,exact_symbol
CCDC191,11076,exact_symbol
CCDC192,30357,exact_symbol
CCDC194,52352,exact_symbol
CCDC195,-1,missing
CCDC22,2606,exact_symbol
CCDC24,10323,exact_symbol
CCDC25,8970,exact_symbol
CCDC28A,441,exact_symbol
CCDC28B,10417,exact_symbol
CCDC3,9413,exact_symbol
CCDC32,6082,exact_symbol
CCDC34,3714,exact_symbol
CCDC38,11734,exact_symbol
CCDC39,8658,exact_symbol
CCDC40,8129,exact_symbol
CCDC42,10667,exact_symbol
CCDC43,14861,exact_symbol
CCDC47,3556,exact_symbol
CCDC50,9551,exact_symbol
CCDC51,11224,exact_symbol
CCDC54,7681,exact_symbol
CCDC57,14035,exact_symbol
CCDC59,6793,exact_symbol
CCDC6,3489,exact_symbol
CCDC60,15467,exact_symbol
CCDC61,3023,exact_symbol
CCDC62,6346,exact_symbol
CCDC65,7839,exact_symbol
CCDC66,14871,exact_symbol
CCDC68,11885,exact_symbol
CCDC70,5356,exact_symbol
CCDC71,14290,exact_symbol
CCDC71L,42203,exact_symbol
CCDC73,16340,exact_symbol
CCDC77,5070,exact_symbol
CCDC78,10673,exact_symbol
CCDC80,1948,exact_symbol
CCDC81,9181,exact_symbol
CCDC82,9184,exact_symbol
CCDC83,9325,exact_symbol
CCDC85A,752,exact_symbol
CCDC85B,13935,exact_symbol
CCDC85C,20267,exact_symbol
CCDC86,3748,exact_symbol
CCDC87,15347,exact_symbol
CCDC88A,4413,exact_symbol
CCDC88B,12283,exact_symbol
CCDC88C,354,exact_symbol
CCDC89,14626,exact_symbol
CCDC9,3074,exact_symbol
CCDC90B,7485,exact_symbol
CCDC91,5344,exact_symbol
CCDC92,4882,exact_symbol
CCDC92B,48320,exact_symbol
CCDC93,5681,exact_symbol
CCDC97,8195,exact_symbol
CCDC9B,16769,exact_symbol
CCER1,17533,exact_symbol
CCER2,48453,exact_symbol
CCHCR1,19974,exact_symbol
CCIN,16149,exact_symbol
CCK,16430,exact_symbol
CCKAR,11000,exact_symbol
CCKBR,3751,exact_symbol
CCL11,13242,exact_symbol
CCL17,2734,exact_symbol
CCL19,13371,exact_symbol
CCL20,4353,exact_symbol
CCL22,2732,exact_symbol
CCL24,3269,exact_symbol
CCL28,9473,exact_symbol
CCL5,53432,exact_symbol
CCL7,3573,exact_symbol
CCM2,7261,exact_symbol
CCM2L,2499,exact_symbol
CCN1,8292,stable_id
CCN2,4826,stable_id
CCN3,7397,stable_id
CCN4,2919,stable_id
CCN5,875,stable_id
CCN6,4104,stable_id
CCNA1,6713,exact_symbol
CCNA2,8697,exact_symbol
CCNB1,6831,exact_symbol
CCNB1IP1,2389,exact_symbol
CCNB2,10109,exact_symbol
CCNC,4027,exact_symbol
CCND1,3747,exact_symbol
CCND2,4862,exact_symbol
CCND3,4080,exact_symbol
CCNDBP1,11993,exact_symbol
CCNE1,3043,exact_symbol
CCNE2,13875,exact_symbol
CCNF,10680,exact_symbol
CCNG1,4170,exact_symbol
CCNG2,7734,exact_symbol
CCNH,6914,exact_symbol
CCNI,4848,exact_symbol
CCNJ,3418,exact_symbol
CCNJL,7013,exact_symbol
CCNK,1864,exact_symbol
CCNL1,11097,exact_symbol
CCNL2,24765,exact_symbol
CCNO,9571,exact_symbol
CCNT1,6130,exact_symbol
CCNT2,1563,exact_symbol
CCNY,3491,exact_symbol
CCNYL1,10960,exact_symbol
CCP110,2835,exact_symbol
CCPG1,47589,exact_symbol
CCR10,15763,exact_symbol
CCR2,5200,exact_symbol
CCR3,15552,exact_symbol
CCR4,15616,exact_symbol
CCR5,10538,exact_symbol
CCR6,4068,exact_symbol
CCR7,5816,exact_symbol
CCR8,14785,exact_symbol
CCR9,13557,exact_symbol
CCS,13635,exact_symbol
CCSAP,9769,exact_symbol
CCSER1,15727,exact_symbol
CCSER2,3446,exact_symbol
CCT2,11803,exact_symbol
CCT3,11020,exact_symbol
CCT4,4435,exact_symbol
CCT5,9332,exact_symbol
CCT6A,8881,exact_symbol
CCT6B,6543,exact_symbol
CCT7,7122,exact_symbol
CCT8,9968,exact_symbol
CCT8L2,17779,exact_symbol
CD101,6870,exact_symbol
CD109,10006,exact_symbol
CD14,12835,exact_symbol
CD151,14371,exact_symbol
CD160,4690,exact_symbol
CD163,14340,exact_symbol
CD164,7107,exact_symbol
CD164L2,13805,exact_symbol
CD180,6833,exact_symbol
CD19,14313,exact_symbol
CD2,4629,exact_symbol
CD200,1947,exact_symbol
CD207,4520,exact_symbol
CD22,311,exact_symbol
CD226,9321,exact_symbol
CD247,17925,exact_symbol
CD248,13773,exact_symbol
CD27,7789,exact_symbol
CD274,5022,exact_symbol
CD276,2857,exact_symbol
CD28,14523,exact_symbol
CD2AP,17675,exact_symbol
CD2BP2,12549,exact_symbol
CD300E,16266,exact_symbol
CD302,36965,exact_symbol
CD320,12203,exact_symbol
CD34,13646,exact_symbol
CD36,7033,exact_symbol
CD37,2995,exact_symbol
CD38,50,exact_symbol
CD3D,12071,exact_symbol
CD3E,17946,exact_symbol
CD3G,10515,exact_symbol
CD4,266,exact_symbol
CD40,2426,exact_symbol
CD40LG,2652,exact_symbol
CD44,456,exact_symbol
CD47,17253,exact_symbol
CD5,3782,exact_symbol
CD53,8318,exact_symbol
CD5L,1239,exact_symbol
CD6,343,exact_symbol
CD63,7072,exact_symbol
CD69,3816,exact_symbol
CD70,5695,exact_symbol
CD72,7415,exact_symbol
CD74,393,exact_symbol
CD79A,3086,exact_symbol
CD79B,177,exact_symbol
CD81,3792,exact_symbol
CD82,1645,exact_symbol
CD83,4010,exact_symbol
CD84,967,exact_symbol
CD9,252,exact_symbol
CD93,5716,exact_symbol
CD96,9648,exact_symbol
CD99L2,2641,exact_symbol
CDA,10276,exact_symbol
CDADC1,2682,exact_symbol
CDAN1,7948,exact_symbol
CDC123,9411,exact_symbol
CDC14A,1460,exact_symbol
CDC16,6222,exact_symbol
CDC20,4702,exact_symbol
CDC20B,11313,exact_symbol
CDC23,2008,exact_symbol
CDC25A,11219,exact_symbol
CDC25B,2476,exact_symbol
CDC25C,10212,exact_symbol
CDC26,14085,exact_symbol
CDC27,67,exact_symbol
CDC37,3100,exact_symbol
CDC37L1,3379,exact_symbol
CDC40,12367,exact_symbol
CDC42,1135,exact_symbol
CDC42BPA,8466,exact_symbol
CDC42BPB,17890,exact_symbol
CDC42BPG,13020,exact_symbol
CDC42EP1,6006,exact_symbol
CDC42EP2,9264,exact_symbol
CDC42EP3,10945,exact_symbol
CDC42EP4,14728,exact_symbol
CDC42EP5,12145,exact_symbol
CDC42SE1,17524,exact_symbol
CDC42SE2,10292,exact_symbol
CDC45,1993,exact_symbol
CDC6,2006,exact_symbol
CDC7,2074,exact_symbol
CDC73,6898,exact_symbol
CDCA2,15812,exact_symbol
CDCA3,3922,exact_symbol
CDCA4,12903,exact_symbol
CDCA5,8871,exact_symbol
CDCA7,8553,exact_symbol
CDCA7L,11410,exact_symbol
CDCA8,6945,exact_symbol
CDCP1,11147,exact_symbol
CDCP2,10079,exact_symbol
CDH1,554,exact_symbol
CDH10,571,exact_symbol
CDH11,8037,exact_symbol
CDH12,9736,exact_symbol
CDH13,8041,exact_symbol
CDH15,6185,exact_symbol
CDH16,11904,exact_symbol
CDH17,1448,exact_symbol
CDH18,8714,exact_symbol
CDH19,1169,exact_symbol
CDH2,12862,exact_symbol
CDH20,2547,exact_symbol
CDH22,9251,exact_symbol
CDH23,3441,exact_symbol
CDH24,7892,exact_symbol
CDH26,5486,exact_symbol
CDH3,836,exact_symbol
CDH4,14664,exact_symbol
CDH5,14752,exact_symbol
CDH6,4173,exact_symbol
CDH7,1525,exact_symbol
CDH8,9298,exact_symbol
CDH9,4139,exact_symbol
CDHR1,9114,exact_symbol
CDHR2,1257,exact_symbol
CDHR3,6034,exact_symbol
CDHR4,16490,exact_symbol
CDHR5,2122,exact_symbol
CDIN1,16172,stable_id
CDIP1,1841,exact_symbol
CDIPT,2828,exact_symbol
CDK1,12797,exact_symbol
CDK10,15986,exact_symbol
CDK12,12064,exact_symbol
CDK13,949,exact_symbol
CDK14,782,exact_symbol
CDK15,7662,exact_symbol
CDK16,2646,exact_symbol
CDK17,803,exact_symbol
CDK18,4688,exact_symbol
CDK19,9850,exact_symbol
CDK2,5378,exact_symbol
CDK20,9978,exact_symbol
CDK2AP2,12210,exact_symbol
CDK3,40182,exact_symbol
CDK4,7086,exact_symbol
CDK5,11471,exact_symbol
CDK5R1,14154,exact_symbol
CDK5R2,13066,exact_symbol
CDK5RAP1,2516,exact_symbol
CDK5RAP2,7357,exact_symbol
CDK5RAP3,3533,exact_symbol
CDK6,3196,exact_symbol
CDK7,6832,exact_symbol
CDK8,6692,exact_symbol
CDK9,7338,exact_symbol
CDKAL1,8785,exact_symbol
CDKL1,2325,exact_symbol
CDKL2,7737,exact_symbol
CDKL3,161,exact_symbol
CDKL4,20184,exact_symbol
CDKL5,200,exact_symbol
CDKN1A,5577,exact_symbol
CDKN1B,3875,exact_symbol
CDKN2A,9036,exact_symbol
CDKN2AIP,12397,exact_symbol
CDKN2AIPNL,34928,exact_symbol
CDKN2B,9034,exact_symbol
CDKN2C,5338,exact_symbol
CDKN2D,6136,exact_symbol
CDKN3,2332,exact_symbol
CDNF,15968,exact_symbol
CDO1,6162,exact_symbol
CDON,880,exact_symbol
CDPF1,20308,exact_symbol
CDR2,8016,exact_symbol
CDR2L,3631,exact_symbol
CDS1,11079,exact_symbol
CDS2,2489,exact_symbol
CDSN,19976,exact_symbol
CDT1,12111,exact_symbol
CDV3,1931,exact_symbol
CDX1,4220,exact_symbol
CDX2,11633,exact_symbol
CDX4,6429,exact_symbol
CDYL2,11864,exact_symbol
CEACAM16,22779,exact_symbol
CEACAM18,22746,exact_symbol
CEACAM19,16310,exact_symbol
CEACAM20,54774,exact_symbol
CEBPA,38449,exact_symbol
CEBPB,13259,exact_symbol
CEBPD,24723,exact_symbol
CEBPE,1955,exact_symbol
CEBPG,9693,exact_symbol
CEBPZ,4485,exact_symbol
CEBPZOS,23879,exact_symbol
CECR2,2141,exact_symbol
CEL,12917,exact_symbol
CELA1,7849,exact_symbol
CELF1,9179,exact_symbol
CELF2,648,exact_symbol
CELF3,10356,exact_symbol
CELF4,2545,exact_symbol
CELF5,10585,exact_symbol
CELF6,7980,exact_symbol
CELSR1,1297,exact_symbol
CELSR2,8320,exact_symbol
CELSR3,212,exact_symbol
CEMIP,2859,exact_symbol
CEMIP2,7005,exact_symbol
CEND1,15782,exact_symbol
CENPA,4372,exact_symbol
CENPB,5722,exact_symbol
CENPE,7741,exact_symbol
CENPF,4755,exact_symbol
CENPH,9615,exact_symbol
CENPI,2667,exact_symbol
CENPK,5363,exact_symbol
CENPL,5045,exact_symbol
CENPM,2208,exact_symbol
CENPN,11867,exact_symbol
CENPO,7610,exact_symbol
CENPP,16709,exact_symbol
CENPQ,489,exact_symbol
CENPS,13870,exact_symbol
CENPT,2723,exact_symbol
CENPU,9453,exact_symbol
CENPV,11903,exact_symbol
CENPW,19706,exact_symbol
CEP104,4546,exact_symbol
CEP112,9747,exact_symbol
CEP120,12486,exact_symbol
CEP126,3765,exact_symbol
CEP128,2362,exact_symbol
CEP131,8148,exact_symbol
CEP135,13771,exact_symbol
CEP152,2865,exact_symbol
CEP162,7050,exact_symbol
CEP170,8453,exact_symbol
CEP170B,2118,exact_symbol
CEP19,13637,exact_symbol
CEP192,2559,exact_symbol
CEP20,6755,stable_id
CEP250,5781,exact_symbol
CEP290,17866,exact_symbol
CEP295,11742,exact_symbol
CEP350,7161,exact_symbol
CEP41,3313,exact_symbol
CEP43,22339,stable_id
CEP44,11261,exact_symbol
CEP55,7631,exact_symbol
CEP57,11752,exact_symbol
CEP57L1,15434,exact_symbol
CEP63,15382,exact_symbol
CEP68,303,exact_symbol
CEP70,4253,exact_symbol
CEP72,4119,exact_symbol
CEP76,2557,exact_symbol
CEP78,9043,exact_symbol
CEP83,13558,exact_symbol
CEP85,6312,exact_symbol
CEP85L,3971,exact_symbol
CEP89,5149,exact_symbol
CEP95,45977,exact_symbol
CEP97,15280,exact_symbol
CEPT1,6869,exact_symbol
CER1,9030,exact_symbol
CERCAM,12038,exact_symbol
CERK,2305,exact_symbol
CERKL,16747,exact_symbol
CERS1,25682,exact_symbol
CERS2,8394,exact_symbol
CERS3,9744,exact_symbol
CERS4,1893,exact_symbol
CERS5,7853,exact_symbol
CERS6,13277,exact_symbol
CERT1,4145,stable_id
CES4A,13402,exact_symbol
CES5A,10353,exact_symbol
CETN1,14246,exact_symbol
CETN2,8966,exact_symbol
CETN3,9629,exact_symbol
CFAP100,11171,exact_symbol
CFAP126,16875,exact_symbol
CFAP157,10491,exact_symbol
CFAP161,9959,exact_symbol
CFAP20,1129,exact_symbol
CFAP206,54020,exact_symbol
CFAP20DC,11107,stable_id
CFAP221,10916,exact_symbol
CFAP298,10298,exact_symbol
CFAP299,17582,exact_symbol
CFAP300,7511,exact_symbol
CFAP36,10895,exact_symbol
CFAP410,10462,exact_symbol
CFAP418,9957,stable_id
CFAP43,17557,exact_symbol
CFAP44,20468,exact_symbol
CFAP45,22355,exact_symbol
CFAP46,13158,exact_symbol
CFAP52,11907,exact_symbol
CFAP54,16779,exact_symbol
CFAP57,37920,exact_symbol
CFAP58,4999,exact_symbol
CFAP61,1817,exact_symbol
CFAP65,15055,exact_symbol
CFAP69,3193,exact_symbol
CFAP70,9940,exact_symbol
CFAP73,16339,exact_symbol
CFAP74,8258,exact_symbol
CFAP77,16764,exact_symbol
CFAP91,15622,stable_id
CFAP97,11328,exact_symbol
CFAP97D1,30842,exact_symbol
CFAP99,20427,exact_symbol
CFB,37889,exact_symbol
CFD,17562,exact_symbol
CFDP1,9680,exact_symbol
CFI,20247,exact_symbol
CFL1,13382,exact_symbol
CFL2,11596,exact_symbol
CFLAR,39,exact_symbol
CFP,5849,exact_symbol
CFTR,15,exact_symbol
CGA,7060,exact_symbol
CGAS,11359,exact_symbol
CGGBP1,10977,exact_symbol
CGN,8381,exact_symbol
CGNL1,6078,exact_symbol
CGREF1,7588,exact_symbol
CGRRF1,2334,exact_symbol
CH25H,7621,exact_symbol
CHAC1,6091,exact_symbol
CHAC2,8495,exact_symbol
CHAD,7284,exact_symbol
CHADL,2296,exact_symbol
CHAF1A,12165,exact_symbol
CHAF1B,10334,exact_symbol
CHAMP1,17927,exact_symbol
CHAT,1126,exact_symbol
CHCHD1,13353,exact_symbol
CHCHD10,40162,exact_symbol
CHCHD2,3268,exact_symbol
CHCHD3,3326,exact_symbol
CHCHD5,5676,exact_symbol
CHCHD6,10382,exact_symbol
CHCHD7,12908,exact_symbol
CHD1,9700,exact_symbol
CHD1L,6498,exact_symbol
CHD2,13554,exact_symbol
CHD3,12732,exact_symbol
CHD4,3916,exact_symbol
CHD5,4556,exact_symbol
CHD6,5471,exact_symbol
CHD7,13040,exact_symbol
CHD8,2399,exact_symbol
CHD9,14261,exact_symbol
CHDH,367,exact_symbol
CHEK1,9231,exact_symbol
CHEK2,15599,exact_symbol
CHERP,1676,exact_symbol
CHFR,1197,exact_symbol
CHGA,2355,exact_symbol
CHGB,1828,exact_symbol
CHIC1,19811,exact_symbol
CHIC2,3652,exact_symbol
CHID1,14395,exact_symbol
CHIT1,6708,exact_symbol
CHKA,3805,exact_symbol
CHKB,2246,exact_symbol
CHL1,6842,exact_symbol
CHM,16741,exact_symbol
CHML,19680,exact_symbol
CHMP1A,6416,exact_symbol
CHMP1B,43795,exact_symbol
CHMP2A,6326,exact_symbol
CHMP2B,1616,exact_symbol
CHMP3,4451,exact_symbol
CHMP4C,11425,exact_symbol
CHMP5,1684,exact_symbol
CHMP6,14026,exact_symbol
CHMP7,8978,exact_symbol
CHN1,6060,exact_symbol
CHN2,3253,exact_symbol
CHODL,9794,exact_symbol
CHORDC1,3754,exact_symbol
CHP1,16482,exact_symbol
CHP2,11968,exact_symbol
CHPF,5439,exact_symbol
CHPF2,499,exact_symbol
CHPT1,3923,exact_symbol
CHRAC1,2927,exact_symbol
CHRD,1885,exact_symbol
CHRDL1,2594,exact_symbol
CHRDL2,736,exact_symbol
CHRM1,12393,exact_symbol
CHRM2,15008,exact_symbol
CHRM3,6698,exact_symbol
CHRM4,14928,exact_symbol
CHRM5,15883,exact_symbol
CHRNA1,7671,exact_symbol
CHRNA10,6176,exact_symbol
CHRNA2,5113,exact_symbol
CHRNA3,1503,exact_symbol
CHRNA4,2470,exact_symbol
CHRNA5,12654,exact_symbol
CHRNA6,8973,exact_symbol
CHRNA9,13687,exact_symbol
CHRNB1,12765,exact_symbol
CHRNB2,10527,exact_symbol
CHRNB3,8972,exact_symbol
CHRNB4,4767,exact_symbol
CHRND,7170,exact_symbol
CHRNE,3548,exact_symbol
CHRNG,17264,exact_symbol
CHST1,13866,exact_symbol
CHST10,4445,exact_symbol
CHST11,13037,exact_symbol
CHST12,7243,exact_symbol
CHST13,14936,exact_symbol
CHST14,12524,exact_symbol
CHST15,15171,exact_symbol
CHST2,13820,exact_symbol
CHST3,5320,exact_symbol
CHST4,8025,exact_symbol
CHST7,8926,exact_symbol
CHST8,5508,exact_symbol
CHST9,9721,exact_symbol
CHSY1,6513,exact_symbol
CHSY3,17685,exact_symbol
CHTF18,5941,exact_symbol
CHTF8,12446,exact_symbol
CHTOP,10517,exact_symbol
CHUK,22499,exact_symbol
CHURC1,45475,exact_symbol
CIAO1,8507,exact_symbol
CIAO2A,11942,exact_symbol
CIAO2B,11906,exact_symbol
CIAO3,2785,exact_symbol
CIAPIN1,86,exact_symbol
CIART,10320,exact_symbol
CIB1,15909,exact_symbol
CIB2,7277,exact_symbol
CIB3,8189,exact_symbol
CIB4,10156,exact_symbol
CIBAR1,16721,stable_id
CIBAR2,9683,stable_id
CIC,1465,exact_symbol
CIDEA,14043,exact_symbol
CIDEB,7265,exact_symbol
CIDEC,16475,exact_symbol
CIITA,14722,exact_symbol
CILK1,4008,stable_id
CILP,7693,exact_symbol
CILP2,10433,exact_symbol
CINP,2395,exact_symbol
CIP2A,11031,exact_symbol
CIPC,17973,exact_symbol
CIR1,7669,exact_symbol
CIRBP,2103,exact_symbol
CISD1,5323,exact_symbol
CISD2,8691,exact_symbol
CISD3,57465,exact_symbol
CISH,4315,exact_symbol
CIT,5331,exact_symbol
CITED1,5762,exact_symbol
CITED2,11363,exact_symbol
CITED4,14767,exact_symbol
CIZ1,9079,exact_symbol
CKAP2,7218,exact_symbol
CKAP2L,12638,exact_symbol
CKAP4,7205,exact_symbol
CKAP5,13860,exact_symbol
CKB,11783,exact_symbol
CKLF,23742,exact_symbol
CKM,2985,exact_symbol
CKMT2,6488,exact_symbol
CKS2,5436,exact_symbol
CLASP1,1250,exact_symbol
CLASP2,11050,exact_symbol
CLASRP,2980,exact_symbol
CLBA1,7924,exact_symbol
CLCA1,369,exact_symbol
CLCA2,7582,exact_symbol
CLCC1,5217,exact_symbol
CLCF1,13912,exact_symbol
CLCN1,16645,exact_symbol
CLCN2,4337,exact_symbol
CLCN3,3678,exact_symbol
CLCN4,1227,exact_symbol
CLCN5,13046,exact_symbol
CLCN6,276,exact_symbol
CLCN7,2787,exact_symbol
CLDN1,10983,exact_symbol
CLDN10,6978,exact_symbol
CLDN11,328,exact_symbol
CLDN12,10084,exact_symbol
CLDN14,10335,exact_symbol
CLDN15,3305,exact_symbol
CLDN16,4241,exact_symbol
CLDN17,9972,exact_symbol
CLDN18,972,exact_symbol
CLDN19,11205,exact_symbol
CLDN2,11589,exact_symbol
CLDN20,13019,exact_symbol
CLDN23,42796,exact_symbol
CLDN25,29000,exact_symbol
CLDN3,11560,exact_symbol
CLDN5,15678,exact_symbol
CLDN6,15819,exact_symbol
CLDN7,15141,exact_symbol
CLDN8,9973,exact_symbol
CLDN9,22803,exact_symbol
CLDND1,1508,exact_symbol
CLDND2,10478,exact_symbol
CLEC11A,3114,exact_symbol
CLEC12B,44673,exact_symbol
CLEC14A,14098,exact_symbol
CLEC16A,552,exact_symbol
CLEC1A,9281,exact_symbol
CLEC1B,11664,exact_symbol
CLEC2L,34289,exact_symbol
CLEC3A,11884,exact_symbol
CLEC3B,11148,exact_symbol
CLEC4A,3945,exact_symbol
CLEC4D,11888,exact_symbol
CLEC4E,11886,exact_symbol
CLEC4G,15296,exact_symbol
CLEC5A,45441,exact_symbol
CLEC6A,20360,exact_symbol
CLEC9A,17643,exact_symbol
CLGN,9628,exact_symbol
CLHC1,10891,exact_symbol
CLIC1,22695,exact_symbol
CLIC3,12631,exact_symbol
CLIC4,12616,exact_symbol
CLIC6,10322,exact_symbol
CLINT1,4161,exact_symbol
CLIP1,6345,exact_symbol
CLIP2,3347,exact_symbol
CLIP3,3067,exact_symbol
CLIP4,4402,exact_symbol
CLK1,334,exact_symbol
CLK2,14100,exact_symbol
CLK3,14679,exact_symbol
CLK4,4153,exact_symbol
CLMN,11731,exact_symbol
CLMP,11807,exact_symbol
CLN3,16781,exact_symbol
CLN5,2707,exact_symbol
CLN6,6092,exact_symbol
CLN8,15256,exact_symbol
CLNK,3690,exact_symbol
CLNS1A,1253,exact_symbol
CLOCK,6974,exact_symbol
CLP1,13313,exact_symbol
CLPB,10691,exact_symbol
CLPP,5687,exact_symbol
CLPS,7462,exact_symbol
CLPSL2,17246,exact_symbol
CLPTM1,2978,exact_symbol
CLPTM1L,666,exact_symbol
CLPX,11962,exact_symbol
CLRN1,11094,exact_symbol
CLRN2,39569,exact_symbol
CLRN3,14932,exact_symbol
CLSPN,1985,exact_symbol
CLSTN1,13112,exact_symbol
CLSTN2,10201,exact_symbol
CLSTN3,7785,exact_symbol
CLTA,5300,exact_symbol
CLTB,13899,exact_symbol
CLTC,8093,exact_symbol
CLTRN,8910,exact_symbol
CLU,5109,exact_symbol
CLUAP1,2805,exact_symbol
CLUH,6576,exact_symbol
CLVS1,14255,exact_symbol
CLVS2,8834,exact_symbol
CLYBL,5621,exact_symbol
CMA1,1949,exact_symbol
CMAS,3942,exact_symbol
CMBL,11300,exact_symbol
CMC1,16437,exact_symbol
CMC2,2762,exact_symbol
CMC4,15332,exact_symbol
CMIP,9687,exact_symbol
CMKLR1,13738,exact_symbol
CMPK1,10715,exact_symbol
CMPK2,6889,exact_symbol
CMSS1,15706,exact_symbol
CMTM3,8035,exact_symbol
CMTM4,15585,exact_symbol
CMTM5,11760,exact_symbol
CMTM6,1923,exact_symbol
CMTM7,9669,exact_symbol
CMTM8,12793,exact_symbol
CMTR1,7432,exact_symbol
CMTR2,14974,exact_symbol
CMYA5,11326,exact_symbol
CNBD2,9249,exact_symbol
CNBP,12661,exact_symbol
CNDP1,9322,exact_symbol
CNDP2,6747,exact_symbol
CNEP1R1,20253,exact_symbol
CNFN,3106,exact_symbol
CNGA1,17799,exact_symbol
CNGA2,15629,exact_symbol
CNGA3,8534,exact_symbol
CNGA4,6557,exact_symbol
CNGB1,1124,exact_symbol
CNGB3,12790,exact_symbol
CNIH1,2333,exact_symbol
CNIH2,13782,exact_symbol
CNIH3,8467,exact_symbol
CNIH4,8463,exact_symbol
CNKSR1,8271,exact_symbol
CNKSR2,9278,exact_symbol
CNKSR3,9678,exact_symbol
CNMD,7219,exact_symbol
CNN1,6221,exact_symbol
CNN2,893,exact_symbol
CNN3,4723,exact_symbol
CNNM1,4987,exact_symbol
CNNM2,9147,exact_symbol
CNNM3,12435,exact_symbol
CNNM4,10190,exact_symbol
CNOT1,5611,exact_symbol
CNOT10,15393,exact_symbol
CNOT11,10219,exact_symbol
CNOT2,3909,exact_symbol
CNOT3,1760,exact_symbol
CNOT4,1505,exact_symbol
CNOT6,4163,exact_symbol
CNOT6L,7735,exact_symbol
CNOT7,17908,exact_symbol
CNOT8,9881,exact_symbol
CNOT9,8586,exact_symbol
CNP,13594,exact_symbol
CNPPD1,4465,exact_symbol
CNPY2,45173,exact_symbol
CNPY3,7424,exact_symbol
CNPY4,12008,exact_symbol
CNR1,4809,exact_symbol
CNR2,16849,exact_symbol
CNRIP1,4970,exact_symbol
CNST,10852,exact_symbol
CNTD1,14118,exact_symbol
CNTF,37504,exact_symbol
CNTFR,5309,exact_symbol
CNTLN,604,exact_symbol
CNTN1,377,exact_symbol
CNTN2,15683,exact_symbol
CNTN3,4230,exact_symbol
CNTN4,8592,exact_symbol
CNTN5,9279,exact_symbol
CNTN6,6841,exact_symbol
CNTNAP1,3586,exact_symbol
CNTNAP2,13713,exact_symbol
CNTNAP4,9595,exact_symbol
CNTRL,4896,exact_symbol
CNTROB,12738,exact_symbol
COA3,15652,exact_symbol
COA4,15148,exact_symbol
COA5,15523,exact_symbol
COA7,10718,exact_symbol
COA8,44425,stable_id
COASY,1033,exact_symbol
COBL,3256,exact_symbol
COBLL1,1567,exact_symbol
COCH,2320,exact_symbol
COG1,11918,exact_symbol
COG2,7151,exact_symbol
COG3,7229,exact_symbol
COG4,2753,exact_symbol
COG5,11392,exact_symbol
COG6,6714,exact_symbol
COG7,12366,exact_symbol
COG8,22516,exact_symbol
COIL,5131,exact_symbol
COL11A1,820,exact_symbol
COL11A2,19855,exact_symbol
COL12A1,3958,exact_symbol
COL13A1,17470,exact_symbol
COL14A1,16619,exact_symbol
COL15A1,19874,exact_symbol
COL16A1,1632,exact_symbol
COL17A1,940,exact_symbol
COL18A1,15366,exact_symbol
COL19A1,1565,exact_symbol
COL1A1,3591,exact_symbol
COL1A2,11423,exact_symbol
COL20A1,2469,exact_symbol
COL23A1,685,exact_symbol
COL25A1,16762,exact_symbol
COL26A1,10567,exact_symbol
COL27A1,17242,exact_symbol
COL28A1,23219,exact_symbol
COL2A1,7796,exact_symbol
COL3A1,12394,exact_symbol
COL4A1,16491,exact_symbol
COL4A2,6977,exact_symbol
COL4A3,12505,exact_symbol
COL4A4,1522,exact_symbol
COL4A5,16671,exact_symbol
COL4A6,17499,exact_symbol
COL5A1,6302,exact_symbol
COL5A2,19862,exact_symbol
COL5A3,1499,exact_symbol
COL6A1,8202,exact_symbol
COL6A2,8206,exact_symbol
COL6A3,10989,exact_symbol
COL6A5,13381,exact_symbol
COL6A6,20458,exact_symbol
COL8A1,8623,exact_symbol
COL8A2,13159,exact_symbol
COL9A1,4035,exact_symbol
COL9A2,651,exact_symbol
COLEC10,15745,exact_symbol
COLEC11,4770,exact_symbol
COLEC12,10202,exact_symbol
COLGALT1,6248,exact_symbol
COLGALT2,17894,exact_symbol
COLQ,20479,exact_symbol
COMMD1,13467,exact_symbol
COMMD10,8748,exact_symbol
COMMD2,4319,exact_symbol
COMMD3,9099,exact_symbol
COMMD4,7951,exact_symbol
COMMD5,12876,exact_symbol
COMMD6,16695,exact_symbol
COMMD7,9242,exact_symbol
COMMD8,12501,exact_symbol
COMMD9,3780,exact_symbol
COMP,3159,exact_symbol
COMT,1994,exact_symbol
COMTD1,11653,exact_symbol
COP1,8344,exact_symbol
COPA,5246,exact_symbol
COPB1,6102,exact_symbol
COPB2,15758,exact_symbol
COPE,3161,exact_symbol
COPG1,15124,exact_symbol
COPG2,10249,exact_symbol
COPS2,11797,exact_symbol
COPS3,8061,exact_symbol
COPS4,7708,exact_symbol
COPS5,5127,exact_symbol
COPS6,12288,exact_symbol
COPS7A,3919,exact_symbol
COPS7B,8577,exact_symbol
COPS8,17833,exact_symbol
COPZ1,3901,exact_symbol
COPZ2,89,exact_symbol
COQ10A,7092,exact_symbol
COQ10B,4441,exact_symbol
COQ2,13453,exact_symbol
COQ3,6585,exact_symbol
COQ4,12034,exact_symbol
COQ5,3819,exact_symbol
COQ6,4954,exact_symbol
COQ7,12049,exact_symbol
COQ8A,10909,exact_symbol
COQ8B,5426,exact_symbol
COQ9,1780,exact_symbol
CORIN,8675,exact_symbol
CORO1A,2714,exact_symbol
CORO1B,13372,exact_symbol
CORO1C,3821,exact_symbol
CORO2A,3362,exact_symbol
CORO2B,2844,exact_symbol
CORO6,12124,exact_symbol
CORO7,48399,exact_symbol
CORT,37028,exact_symbol
COTL1,2774,exact_symbol
COX10,150,exact_symbol
COX11,11809,exact_symbol
COX14,14507,exact_symbol
COX15,353,exact_symbol
COX16,6817,exact_symbol
COX17,7682,exact_symbol
COX18,11081,exact_symbol
COX19,36476,exact_symbol
COX20,19679,exact_symbol
COX4I1,6411,exact_symbol
COX4I2,6393,exact_symbol
COX5A,14557,exact_symbol
COX6A1,3950,exact_symbol
COX6A2,10038,exact_symbol
COX6B1,5813,exact_symbol
COX6B2,10501,exact_symbol
COX6C,11481,exact_symbol
COX7A1,10603,exact_symbol
COX7A2,4095,exact_symbol
COX7A2L,4504,exact_symbol
COX7B2,12853,exact_symbol
COX7C,5894,exact_symbol
COX8A,14077,exact_symbol
CP,621,exact_symbol
CPA1,1941,exact_symbol
CPA2,10235,exact_symbol
CPA3,11128,exact_symbol
CPA4,6028,exact_symbol
CPA5,10237,exact_symbol
CPA6,11522,exact_symbol
CPB1,9609,exact_symbol
CPB2,1502,exact_symbol
CPD,3554,exact_symbol
CPE,3671,exact_symbol
CPEB1,23056,exact_symbol
CPEB2,7472,exact_symbol
CPEB3,3463,exact_symbol
CPEB4,4224,exact_symbol
CPED1,3248,exact_symbol
CPLANE1,17517,exact_symbol
CPLANE2,6680,exact_symbol
CPLX1,12495,exact_symbol
CPLX2,8776,exact_symbol
CPLX3,22619,exact_symbol
CPLX4,11898,exact_symbol
CPM,7132,exact_symbol
CPN1,5001,exact_symbol
CPN2,14563,exact_symbol
CPNE2,8028,exact_symbol
CPNE3,1666,exact_symbol
CPNE4,17105,exact_symbol
CPNE5,5580,exact_symbol
CPNE6,2398,exact_symbol
CPNE7,14564,exact_symbol
CPNE8,7769,exact_symbol
CPNE9,8579,exact_symbol
CPOX,1507,exact_symbol
CPPED1,2812,exact_symbol
CPQ,2900,exact_symbol
CPS1,412,exact_symbol
CPSF1,1166,exact_symbol
CPSF2,11725,exact_symbol
CPSF3,4879,exact_symbol
CPSF4,10558,exact_symbol
CPSF6,3911,exact_symbol
CPSF7,9226,exact_symbol
CPT1A,3746,exact_symbol
CPT1B,20285,exact_symbol
CPT1C,12536,exact_symbol
CPT2,10076,exact_symbol
CPTP,25855,exact_symbol
CPVL,3252,exact_symbol
CPXM1,1796,exact_symbol
CPXM2,5210,exact_symbol
CPZ,3684,exact_symbol
CRABP1,11856,exact_symbol
CRABP2,8363,exact_symbol
CRACD,3654,stable_id
CRACDL,17281,stable_id
CRACR2A,6205,exact_symbol
CRACR2B,14365,exact_symbol
CRADD,12589,exact_symbol
CRAMP1,189,exact_symbol
CRAT,2024,exact_symbol
CRB1,6900,exact_symbol
CRB2,9061,exact_symbol
CRB3,6289,exact_symbol
CRBN,4236,exact_symbol
CRCP,36911,exact_symbol
CREB1,4793,exact_symbol
CREB3,3395,exact_symbol
CREB3L1,10127,exact_symbol
CREB3L2,15199,exact_symbol
CREB3L3,815,exact_symbol
CREB3L4,8434,exact_symbol
CREB5,8867,exact_symbol
CREBBP,92,exact_symbol
CREBL2,3872,exact_symbol
CREBRF,11366,exact_symbol
CREBZF,7488,exact_symbol
CREG1,8329,exact_symbol
CREG2,13984,exact_symbol
CRELD1,11112,exact_symbol
CRELD2,15691,exact_symbol
CREM,2044,exact_symbol
CRH,8993,exact_symbol
CRHBP,8733,exact_symbol
CRHR1,5008,exact_symbol
CRHR2,3262,exact_symbol
CRIM1,9347,exact_symbol
CRIP1,22386,exact_symbol
CRIP2,15352,exact_symbol
CRIP3,8816,exact_symbol
CRIPT,4972,exact_symbol
CRISP1,5592,exact_symbol
CRISP2,5533,exact_symbol
CRISPLD1,5126,exact_symbol
CRISPLD2,2776,exact_symbol
CRK,12051,exact_symbol
CRKL,2138,exact_symbol
CRLF1,116,exact_symbol
CRLF3,14087,exact_symbol
CRLS1,1784,exact_symbol
CRMP1,1207,exact_symbol
CRNKL1,2505,exact_symbol
CRNN,8421,exact_symbol
CROCC,787,exact_symbol
CROCC2,27429,exact_symbol
CROT,98,exact_symbol
CRP,6644,exact_symbol
CRPPA,23195,stable_id
CRTAC1,2039,exact_symbol
CRTAM,3722,exact_symbol
CRTAP,12787,exact_symbol
CRTC1,3158,exact_symbol
CRTC2,10528,exact_symbol
CRTC3,8001,exact_symbol
CRX,3096,exact_symbol
CRY1,218,exact_symbol
CRY2,5184,exact_symbol
CRYAA,10449,exact_symbol
CRYAB,3710,exact_symbol
CRYBA1,3503,exact_symbol
CRYBA2,11029,exact_symbol
CRYBA4,17143,exact_symbol
CRYBB1,2196,exact_symbol
CRYBB2,38376,exact_symbol
CRYBB3,2171,exact_symbol
CRYBG1,4040,exact_symbol
CRYBG2,14021,exact_symbol
CRYBG3,1487,exact_symbol
CRYGA,12401,exact_symbol
CRYGB,15211,exact_symbol
CRYGC,10962,exact_symbol
CRYGN,5912,exact_symbol
CRYGS,22383,exact_symbol
CRYL1,11608,exact_symbol
CRYM,2799,exact_symbol
CRYZ,4624,exact_symbol
CRYZL1,20339,exact_symbol
CSAD,7857,exact_symbol
CSDC2,13293,exact_symbol
CSDE1,231,exact_symbol
CSE1L,5481,exact_symbol
CSF1,15744,exact_symbol
CSF1R,15300,exact_symbol
CSF2,11350,exact_symbol
CSF3,3510,exact_symbol
CSF3R,4915,exact_symbol
CSGALNACT1,8968,exact_symbol
CSGALNACT2,12686,exact_symbol
CSK,2845,exact_symbol
CSMD1,15429,exact_symbol
CSMD2,5213,exact_symbol
CSMD3,11449,exact_symbol
CSNK1A1,4216,exact_symbol
CSNK1D,8137,exact_symbol
CSNK1E,22793,exact_symbol
CSNK1G1,12526,exact_symbol
CSNK1G2,6745,exact_symbol
CSNK1G3,9387,exact_symbol
CSNK2A2,1130,exact_symbol
CSNK2B,19935,exact_symbol
CSPG4,13548,exact_symbol
CSPG5,4306,exact_symbol
CSPP1,2887,exact_symbol
CSRNP1,8600,exact_symbol
CSRNP2,3830,exact_symbol
CSRNP3,14541,exact_symbol
CSRP1,10311,exact_symbol
CSRP2,13850,exact_symbol
CSRP3,6112,exact_symbol
CST11,5729,exact_symbol
CST6,13878,exact_symbol
CST7,1402,exact_symbol
CST8,5720,exact_symbol
CSTB,10454,exact_symbol
CSTF1,2445,exact_symbol
CSTF2,2571,exact_symbol
CSTF2T,14350,exact_symbol
CSTF3,14024,exact_symbol
CSTL1,5726,exact_symbol
CTBP1,10383,exact_symbol
CTBS,4675,exact_symbol
CTC1,14599,exact_symbol
CTCF,2735,exact_symbol
CTCFL,5449,exact_symbol
CTDNEP1,13977,exact_symbol
CTDP1,807,exact_symbol
CTDSP1,8585,exact_symbol
CTDSP2,13859,exact_symbol
CTDSPL,8605,exact_symbol
CTDSPL2,7533,exact_symbol
CTF1,9293,exact_symbol
CTH,4618,exact_symbol
CTHRC1,11486,exact_symbol
CTIF,6826,exact_symbol
CTLA4,11067,exact_symbol
CTNNA1,602,exact_symbol
CTNNA2,956,exact_symbol
CTNNA3,15455,exact_symbol
CTNNAL1,4889,exact_symbol
CTNNB1,12272,exact_symbol
CTNNBIP1,14527,exact_symbol
CTNNBL1,6661,exact_symbol
CTNND1,17816,exact_symbol
CTNND2,12695,exact_symbol
CTNS,568,exact_symbol
CTPS2,615,exact_symbol
CTR9,17879,exact_symbol
CTRL,8068,exact_symbol
CTSA,888,exact_symbol
CTSB,11431,exact_symbol
CTSC,3713,exact_symbol
CTSD,4769,exact_symbol
CTSE,17052,exact_symbol
CTSF,13647,exact_symbol
CTSG,2315,exact_symbol
CTSH,2854,exact_symbol
CTSK,8386,exact_symbol
CTSO,44421,exact_symbol
CTSS,10931,exact_symbol
CTSW,13345,exact_symbol
CTSZ,2451,exact_symbol
CTTN,1668,exact_symbol
CTTNBP2,1365,exact_symbol
CTTNBP2NL,8312,exact_symbol
CTU1,8250,exact_symbol
CTU2,13664,exact_symbol
CTXN1,14519,exact_symbol
CTXN2,32694,exact_symbol
CTXN3,20217,exact_symbol
CUBN,3431,exact_symbol
CUEDC1,14966,exact_symbol
CUEDC2,3465,exact_symbol
CUL1,743,exact_symbol
CUL2,3490,exact_symbol
CUL3,527,exact_symbol
CUL4A,7889,exact_symbol
CUL4B,10204,exact_symbol
CUL5,11814,exact_symbol
CUL7,601,exact_symbol
CUL9,4091,exact_symbol
CUTA,4072,exact_symbol
CUTC,4984,exact_symbol
CUX1,45283,exact_symbol
CUX2,3866,exact_symbol
CUZD1,7626,exact_symbol
CWC15,9294,exact_symbol
CWC25,54629,exact_symbol
CWC27,9612,exact_symbol
CWF19L1,2030,exact_symbol
CWF19L2,9534,exact_symbol
CWH43,3646,exact_symbol
CX3CL1,128,exact_symbol
CX3CR1,12343,exact_symbol
CXCL10,12561,exact_symbol
CXCL12,3427,exact_symbol
CXCL14,8754,exact_symbol
CXCL17,16990,exact_symbol
CXCL6,5599,exact_symbol
CXCL9,7728,exact_symbol
CXCR1,11017,exact_symbol
CXCR2,14959,exact_symbol
CXCR3,16357,exact_symbol
CXCR4,5220,exact_symbol
CXCR5,10518,exact_symbol
CXCR6,13258,exact_symbol
CXXC1,9816,exact_symbol
CXXC4,12438,exact_symbol
CXXC5,13113,exact_symbol
CYB561,210,exact_symbol
CYB561A3,10693,exact_symbol
CYB561D1,13658,exact_symbol
CYB561D2,4283,stable_id
CYB5A,11835,exact_symbol
CYB5B,2742,exact_symbol
CYB5D1,15220,exact_symbol
CYB5D2,12185,exact_symbol
CYB5R1,10346,exact_symbol
CYB5R2,11846,exact_symbol
CYB5R3,2233,exact_symbol
CYB5R4,939,exact_symbol
CYB5RL,23477,exact_symbol
CYBA,693,exact_symbol
CYBB,11543,exact_symbol
CYBC1,14589,exact_symbol
CYBRD1,1168,exact_symbol
CYC1,14632,exact_symbol
CYFIP1,54756,exact_symbol
CYFIP2,745,exact_symbol
CYGB,10614,exact_symbol
CYLD,1605,exact_symbol
CYP11A1,7970,exact_symbol
CYP17A1,9136,exact_symbol
CYP19A1,7561,exact_symbol
CYP1A1,7973,exact_symbol
CYP1A2,7982,exact_symbol
CYP1B1,7597,exact_symbol
CYP20A1,4868,exact_symbol
CYP21A2,31238,exact_symbol
CYP24A1,389,exact_symbol
CYP26A1,2036,exact_symbol
CYP26B1,34,exact_symbol
CYP26C1,16508,exact_symbol
CYP27A1,7182,exact_symbol
CYP27B1,3839,exact_symbol
CYP2C18,3501,exact_symbol
CYP2E1,6306,exact_symbol
CYP2F1,17462,exact_symbol
CYP2R1,16184,exact_symbol
CYP2S1,12137,exact_symbol
CYP2U1,9836,exact_symbol
CYP2W1,1218,exact_symbol
CYP39A1,8821,exact_symbol
CYP46A1,530,exact_symbol
CYP4B1,8302,exact_symbol
CYP4F22,13198,exact_symbol
CYP4V2,8709,exact_symbol
CYP4X1,16261,exact_symbol
CYP51A1,17,exact_symbol
CYP7A1,12233,exact_symbol
CYP7B1,13399,exact_symbol
CYP8B1,14882,exact_symbol
CYREN,5312,exact_symbol
CYRIA,17596,stable_id
CYRIB,9653,stable_id
CYS1,20350,exact_symbol
CYSLTR1,13472,exact_symbol
CYSRT1,17386,exact_symbol
CYSTM1,5035,exact_symbol
CYTH1,3569,exact_symbol
CYTH2,3110,exact_symbol
CYTH3,207,exact_symbol
CYTH4,2172,exact_symbol
CYTIP,4373,exact_symbol
CYTL1,12933,exact_symbol
CYYR1,11813,exact_symbol
CZIB,10721,stable_id
D2HGDH,14969,exact_symbol
DAAM1,2348,exact_symbol
DAAM2,8808,exact_symbol
DAB1,13521,exact_symbol
DAB2,9621,exact_symbol
DAB2IP,7353,exact_symbol
DACH1,56583,exact_symbol
DACH2,5844,exact_symbol
DACT1,11643,exact_symbol
DACT2,11372,exact_symbol
DACT3,17441,exact_symbol
DAD1,6159,exact_symbol
DAG1,13519,exact_symbol
DAGLA,6963,exact_symbol
DAGLB,11382,exact_symbol
DALRD3,14453,exact_symbol
DAND5,14671,exact_symbol
DAO,3823,exact_symbol
DAP,4126,exact_symbol
DAP3,6638,exact_symbol
DAPK1,17239,exact_symbol
DAPK2,520,exact_symbol
DAPK3,12162,exact_symbol
DAPL1,10980,exact_symbol
DAPP1,1102,exact_symbol
DARS2,4733,exact_symbol
DAW1,5437,exact_symbol
DAXX,19845,exact_symbol
DAZAP1,1160,exact_symbol
DAZAP2,15469,exact_symbol
DAZL,1970,exact_symbol
DBF4,146,exact_symbol
DBH,5391,exact_symbol
DBN1,4226,exact_symbol
DBNDD1,36,exact_symbol
DBNDD2,38179,exact_symbol
DBNL,7260,exact_symbol
DBP,3125,exact_symbol
DBR1,7637,exact_symbol
DBT,7584,exact_symbol
DBX1,3711,exact_symbol
DBX2,16044,exact_symbol
DCAF1,8655,exact_symbol
DCAF10,5308,exact_symbol
DCAF11,2402,exact_symbol
DCAF12,17961,exact_symbol
DCAF13,11488,exact_symbol
DCAF15,6536,exact_symbol
DCAF17,4487,exact_symbol
DCAF5,7909,exact_symbol
DCAF6,8330,exact_symbol
DCAF7,7287,exact_symbol
DCAF8,6650,exact_symbol
DCAKD,13439,exact_symbol
DCBLD1,11367,exact_symbol
DCBLD2,767,exact_symbol
DCC,16476,exact_symbol
DCDC2,8792,exact_symbol
DCDC2B,24802,exact_symbol
DCHS1,11832,exact_symbol
DCHS2,17450,exact_symbol
DCK,9951,exact_symbol
DCLK1,6712,exact_symbol
DCLK2,12818,exact_symbol
DCLK3,11100,exact_symbol
DCLRE1A,17990,exact_symbol
DCLRE1B,4835,exact_symbol
DCLRE1C,9544,exact_symbol
DCN,300,exact_symbol
DCP1A,54235,exact_symbol
DCP1B,9362,exact_symbol
DCP2,13395,exact_symbol
DCPS,3738,exact_symbol
DCST1,10988,exact_symbol
DCST2,10987,exact_symbol
DCSTAMP,11489,exact_symbol
DCT,1485,exact_symbol
DCTD,6114,exact_symbol
DCTN1,20093,exact_symbol
DCTN2,13856,exact_symbol
DCTN3,7414,exact_symbol
DCTN4,6683,exact_symbol
DCTN5,11959,exact_symbol
DCTN6,2944,exact_symbol
DCTPP1,14792,exact_symbol
DCUN1D2,9299,exact_symbol
DCUN1D3,16688,exact_symbol
DCUN1D4,3647,exact_symbol
DCUN1D5,7512,exact_symbol
DCX,1379,exact_symbol
DCXR,12667,exact_symbol
DDA1,6249,exact_symbol
DDAH1,9698,exact_symbol
DDAH2,22697,exact_symbol
DDB1,12255,exact_symbol
DDB2,6930,exact_symbol
DDC,6591,exact_symbol
DDHD1,2331,exact_symbol
DDHD2,1671,exact_symbol
DDI1,12962,exact_symbol
DDIT3,13853,exact_symbol
DDIT4,12309,exact_symbol
DDIT4L,8692,exact_symbol
DDN,15063,exact_symbol
DDO,19719,exact_symbol
DDOST,38063,exact_symbol
DDR1,19994,exact_symbol
DDR2,10819,exact_symbol
DDRGK1,17705,exact_symbol
DDX1,1475,exact_symbol
DDX10,14446,exact_symbol
DDX11,339,exact_symbol
DDX17,2215,exact_symbol
DDX18,1763,exact_symbol
DDX19A,12460,exact_symbol
DDX19B,10096,exact_symbol
DDX20,896,exact_symbol
DDX21,11680,exact_symbol
DDX23,13674,exact_symbol
DDX24,1851,exact_symbol
DDX25,3709,exact_symbol
DDX27,5494,exact_symbol
DDX28,15353,exact_symbol
DDX31,5660,exact_symbol
DDX39A,5349,exact_symbol
DDX39B,17817,exact_symbol
DDX3X,23323,exact_symbol
DDX3Y,992,exact_symbol
DDX4,9572,exact_symbol
DDX41,15464,exact_symbol
DDX42,17724,exact_symbol
DDX46,8757,exact_symbol
DDX47,22732,exact_symbol
DDX49,3162,exact_symbol
DDX5,3567,exact_symbol
DDX50,3433,exact_symbol
DDX51,15940,exact_symbol
DDX52,57518,exact_symbol
DDX54,5336,exact_symbol
DDX55,3891,exact_symbol
DDX56,7256,exact_symbol
DDX59,4785,exact_symbol
DDX6,3771,exact_symbol
DDX60,7502,exact_symbol
DEAF1,14224,exact_symbol
DECR1,2901,exact_symbol
DECR2,37472,exact_symbol
DEDD,10270,exact_symbol
DEDD2,10507,exact_symbol
DEF6,435,exact_symbol
DEF8,8054,exact_symbol
DEFB110,19769,exact_symbol
DEFB113,23072,exact_symbol
DEFB119,14893,exact_symbol
DEFB123,14880,exact_symbol
DEFB124,14872,exact_symbol
DEFB136,20377,exact_symbol
DEGS2,12347,exact_symbol
DEK,5590,exact_symbol
DELE1,1543,exact_symbol
DENND10,4994,stable_id
DENND11,44852,stable_id
DENND1A,4913,exact_symbol
DENND1B,22325,exact_symbol
DENND1C,20334,exact_symbol
DENND2A,8909,exact_symbol
DENND2C,14000,exact_symbol
DENND2D,10837,exact_symbol
DENND3,3079,exact_symbol
DENND4A,13717,exact_symbol
DENND4B,17936,exact_symbol
DENND4C,7422,exact_symbol
DENND5A,15659,exact_symbol
DENND5B,12834,exact_symbol
DENND6A,13777,exact_symbol
DENND6B,20295,exact_symbol
DENR,7877,exact_symbol
DEPDC1,440,exact_symbol
DEPDC1B,519,exact_symbol
DEPDC5,2204,exact_symbol
DEPDC7,5186,exact_symbol
DEPP1,11620,exact_symbol
DEPTOR,9906,exact_symbol
DERA,432,exact_symbol
DERL1,7395,exact_symbol
DERL2,1209,exact_symbol
DERL3,2144,exact_symbol
DERPC,-1,missing
DES,13829,exact_symbol
DESI1,2304,exact_symbol
DESI2,5182,exact_symbol
DET1,7993,exact_symbol
DEUP1,11583,exact_symbol
DEXI,15187,exact_symbol
DFFA,10416,exact_symbol
DFFB,12634,exact_symbol
DGAT1,15892,exact_symbol
DGAT2,839,exact_symbol
DGAT2L6,15704,exact_symbol
DGCR2,1111,exact_symbol
DGCR8,5990,exact_symbol
DGKA,923,exact_symbol
DGKB,7254,exact_symbol
DGKD,1364,exact_symbol
DGKE,9703,exact_symbol
DGKG,794,exact_symbol
DGKH,2700,exact_symbol
DGKI,10134,exact_symbol
DGKK,55301,exact_symbol
DGKQ,8669,exact_symbol
DGKZ,9168,exact_symbol
DGLUCY,6812,exact_symbol
DGUOK,4346,exact_symbol
DHCR24,4534,exact_symbol
DHCR7,13414,exact_symbol
DHDDS,4750,exact_symbol
DHDH,2965,exact_symbol
DHH,7843,exact_symbol
DHODH,2733,exact_symbol
DHPS,2015,exact_symbol
DHRS1,10100,exact_symbol
DHRS11,57813,exact_symbol
DHRS13,12121,exact_symbol
DHRS2,2396,exact_symbol
DHRS3,10751,exact_symbol
DHRS7B,3619,exact_symbol
DHRS7C,15784,exact_symbol
DHRS9,1238,exact_symbol
DHTKD1,15024,exact_symbol
DHX15,3681,exact_symbol
DHX16,19984,exact_symbol
DHX29,1006,exact_symbol
DHX30,6544,exact_symbol
DHX32,1856,exact_symbol
DHX33,79,exact_symbol
DHX34,6967,exact_symbol
DHX35,2537,exact_symbol
DHX36,13807,exact_symbol
DHX37,9351,exact_symbol
DHX38,8022,exact_symbol
DHX40,3523,exact_symbol
DHX57,10951,exact_symbol
DHX58,3579,exact_symbol
DHX8,1013,exact_symbol
DHX9,7159,exact_symbol
DIABLO,15664,exact_symbol
DIAPH1,6466,exact_symbol
DIAPH2,8946,exact_symbol
DIAPH3,7878,exact_symbol
DICER1,2371,exact_symbol
DIDO1,2462,exact_symbol
DIMT1,1687,exact_symbol
DIO1,21587,exact_symbol
DIO2,21584,exact_symbol
DIO3,17447,exact_symbol
DIP2A,10475,exact_symbol
DIP2B,959,exact_symbol
DIP2C,9383,exact_symbol
DIPK1A,9778,exact_symbol
DIPK1B,11676,exact_symbol
DIPK1C,16571,exact_symbol
DIPK2A,15111,exact_symbol
DIPK2B,8923,exact_symbol
DIRAS1,14107,exact_symbol
DIRAS2,11508,exact_symbol
DIS3,1596,exact_symbol
DIS3L,11992,exact_symbol
DIS3L2,8578,exact_symbol
DISC1,10877,exact_symbol
DISP1,9757,exact_symbol
DISP2,7947,exact_symbol
DISP3,20016,exact_symbol
DIXDC1,9335,exact_symbol
DKC1,6357,exact_symbol
DKK1,3480,exact_symbol
DKK2,9835,exact_symbol
DKK3,674,exact_symbol
DKK4,2912,exact_symbol
DKKL1,2998,exact_symbol
DLAT,9336,exact_symbol
DLC1,11434,exact_symbol
DLD,1918,exact_symbol
DLEC1,206,exact_symbol
DLEU7,16167,exact_symbol
DLG1,1321,exact_symbol
DLG2,9324,exact_symbol
DLG3,1568,exact_symbol
DLG4,6611,exact_symbol
DLG5,9378,exact_symbol
DLGAP1,12866,exact_symbol
DLGAP2,17648,exact_symbol
DLGAP3,4579,exact_symbol
DLGAP4,1512,exact_symbol
DLGAP5,5857,exact_symbol
DLK1,16034,exact_symbol
DLK2,13071,exact_symbol
DLL1,17871,exact_symbol
DLL3,1903,exact_symbol
DLL4,6085,exact_symbol
DLST,4943,exact_symbol
DLX1,8554,exact_symbol
DLX2,4492,exact_symbol
DLX3,872,exact_symbol
DLX4,3589,exact_symbol
DLX5,3213,exact_symbol
DLX6,132,exact_symbol
DMAC1,7399,exact_symbol
DMAC2,3080,exact_symbol
DMAC2L,5638,exact_symbol
DMAP1,14429,exact_symbol
DMBX1,17510,exact_symbol
DMC1,2216,exact_symbol
DMD,18003,exact_symbol
DMGDH,6670,exact_symbol
DMKN,10598,exact_symbol
DMP1,9564,exact_symbol
DMPK,3005,exact_symbol
DMRT1,7411,exact_symbol
DMRT2,13490,exact_symbol
DMRT3,876,exact_symbol
DMRTA1,14090,exact_symbol
DMRTA2,8279,exact_symbol
DMRTC2,8194,exact_symbol
DMTN,10279,exact_symbol
DMWD,16096,exact_symbol
DMXL1,13409,exact_symbol
DMXL2,2874,exact_symbol
DNA2,7649,exact_symbol
DNAAF1,9723,exact_symbol
DNAAF10,37898,stable_id
DNAAF2,11619,exact_symbol
DNAAF3,12158,exact_symbol
DNAAF4,44428,exact_symbol
DNAAF5,11453,exact_symbol
DNAAF9,1793,stable_id
DNAH1,4332,exact_symbol
DNAH10,17534,exact_symbol
DNAH11,3211,exact_symbol
DNAH12,13780,exact_symbol
DNAH14,16110,exact_symbol
DNAH17,16572,exact_symbol
DNAH2,15640,exact_symbol
DNAH3,10232,exact_symbol
DNAH5,556,exact_symbol
DNAH6,4426,exact_symbol
DNAH8,5572,exact_symbol
DNAH9,170,exact_symbol
DNAI1,5307,exact_symbol
DNAI2,13110,exact_symbol
DNAI3,10794,stable_id
DNAI4,9581,stable_id
DNAJA1,1682,exact_symbol
DNAJA2,1071,exact_symbol
DNAJA3,2815,exact_symbol
DNAJA4,7963,exact_symbol
DNAJB1,6530,exact_symbol
DNAJB11,1882,exact_symbol
DNAJB12,9130,exact_symbol
DNAJB13,16555,exact_symbol
DNAJB14,11212,exact_symbol
DNAJB2,7179,exact_symbol
DNAJB4,10781,exact_symbol
DNAJB5,7412,exact_symbol
DNAJB6,3235,exact_symbol
DNAJB7,13312,exact_symbol
DNAJB8,14694,exact_symbol
DNAJB9,6042,exact_symbol
DNAJC1,7335,exact_symbol
DNAJC10,1373,exact_symbol
DNAJC11,192,exact_symbol
DNAJC12,3495,exact_symbol
DNAJC13,7638,exact_symbol
DNAJC14,7071,exact_symbol
DNAJC15,5077,exact_symbol
DNAJC16,4535,exact_symbol
DNAJC17,2876,exact_symbol
DNAJC18,12836,exact_symbol
DNAJC19,20402,exact_symbol
DNAJC2,3198,exact_symbol
DNAJC21,12427,exact_symbol
DNAJC22,14498,exact_symbol
DNAJC24,12950,exact_symbol
DNAJC25,804,exact_symbol
DNAJC27,4367,exact_symbol
DNAJC28,14368,exact_symbol
DNAJC3,2687,exact_symbol
DNAJC30,14095,exact_symbol
DNAJC4,3728,exact_symbol
DNAJC5,2449,exact_symbol
DNAJC5B,8992,exact_symbol
DNAJC5G,11136,exact_symbol
DNAJC6,4594,exact_symbol
DNAJC7,12320,exact_symbol
DNAJC8,5841,exact_symbol
DNAJC9,22607,exact_symbol
DNAL1,4934,exact_symbol
DNAL4,2234,exact_symbol
DNALI1,11168,exact_symbol
DNASE1,22790,exact_symbol
DNASE1L1,338,exact_symbol
DNASE1L2,12246,exact_symbol
DNASE1L3,11106,exact_symbol
DNASE2,3143,exact_symbol
DNASE2B,7583,exact_symbol
DND1,44594,exact_symbol
DNER,16620,exact_symbol
DNHD1,14714,exact_symbol
DNLZ,22435,exact_symbol
DNM1,3376,exact_symbol
DNM1L,1747,exact_symbol
DNM2,1476,exact_symbol
DNM3,17629,exact_symbol
DNMBP,3425,exact_symbol
DNMT1,6353,exact_symbol
DNMT3A,4960,exact_symbol
DNMT3L,8208,exact_symbol
DNPEP,5440,exact_symbol
DNPH1,4092,exact_symbol
DNTT,3419,exact_symbol
DNTTIP1,2538,exact_symbol
DNTTIP2,1007,exact_symbol
DOC2A,9272,exact_symbol
DOC2B,54087,exact_symbol
DOCK1,9334,exact_symbol
DOCK10,7172,exact_symbol
DOCK11,8953,exact_symbol
DOCK2,6919,exact_symbol
DOCK3,1778,exact_symbol
DOCK4,6029,exact_symbol
DOCK5,8979,exact_symbol
DOCK6,6214,exact_symbol
DOCK7,4586,exact_symbol
DOCK8,3386,exact_symbol
DOCK9,1775,exact_symbol
DOHH,6188,exact_symbol
DOK1,4409,exact_symbol
DOK2,8976,exact_symbol
DOK3,8805,exact_symbol
DOK4,5618,exact_symbol
DOK5,2444,exact_symbol
DOK6,20412,exact_symbol
DOK7,13993,exact_symbol
DOLK,13871,exact_symbol
DOLPP1,12039,exact_symbol
DONSON,10306,exact_symbol
DOP1A,1585,exact_symbol
DOP1B,8213,exact_symbol
DOT1L,2990,exact_symbol
DPAGT1,13271,exact_symbol
DPCD,11788,exact_symbol
DPEP1,358,exact_symbol
DPEP2NB,48619,exact_symbol
DPEP3,8069,exact_symbol
DPF1,292,exact_symbol
DPF2,6808,exact_symbol
DPF3,20321,exact_symbol
DPH1,3617,exact_symbol
DPH2,6657,exact_symbol
DPH3,9813,exact_symbol
DPH5,4728,exact_symbol
DPH6,6844,exact_symbol
DPH7,9093,exact_symbol
DPM1,2,exact_symbol
DPM2,7374,exact_symbol
DPM3,14630,exact_symbol
DPP10,13911,exact_symbol
DPP3,43685,exact_symbol
DPP4,17528,exact_symbol
DPP6,6232,exact_symbol
DPP7,14214,exact_symbol
DPP8,1267,exact_symbol
DPP9,8193,exact_symbol
DPPA4,5175,exact_symbol
DPPA5,19756,exact_symbol
DPT,8341,exact_symbol
DPY19L1,13608,exact_symbol
DPY19L2,14422,exact_symbol
DPY19L3,14583,exact_symbol
DPY19L4,9954,exact_symbol
DPY30,10882,exact_symbol
DPYD,16791,exact_symbol
DPYS,9006,exact_symbol
DPYSL2,1989,exact_symbol
DPYSL3,4214,exact_symbol
DPYSL4,9437,exact_symbol
DPYSL5,10150,exact_symbol
DQX1,8517,exact_symbol
DR1,4721,exact_symbol
DRAM1,7209,exact_symbol
DRAM2,9956,exact_symbol
DRAP1,13923,exact_symbol
DRAXIN,10748,exact_symbol
DRC1,10151,exact_symbol
DRC3,13201,exact_symbol
DRC7,10376,exact_symbol
DRD1,15850,exact_symbol
DRD2,9195,exact_symbol
DRD3,9429,exact_symbol
DRD4,1080,exact_symbol
DRD5,12650,exact_symbol
DRG1,16078,exact_symbol
DRG2,3558,exact_symbol
DROSHA,4172,exact_symbol
DRP2,2668,exact_symbol
DSC1,6959,exact_symbol
DSC2,6953,exact_symbol
DSC3,6958,exact_symbol
DSCAM,13109,exact_symbol
DSCAML1,14237,exact_symbol
DSCC1,7394,exact_symbol
DSE,3962,exact_symbol
DSEL,13067,exact_symbol
DSG2,607,exact_symbol
DSG3,6954,exact_symbol
DSG4,13825,exact_symbol
DSN1,9247,exact_symbol
DSP,2065,exact_symbol
DST,9477,exact_symbol
DSTN,5743,exact_symbol
DSTYK,6707,exact_symbol
DTD1,5725,exact_symbol
DTD2,6148,exact_symbol
DTHD1,17336,exact_symbol
DTL,8408,exact_symbol
DTNA,6960,exact_symbol
DTNBP1,623,exact_symbol
DTWD1,2868,exact_symbol
DTWD2,12629,exact_symbol
DTX1,7026,exact_symbol
DTX2,1910,exact_symbol
DTX3,14515,exact_symbol
DTX3L,11157,exact_symbol
DTX4,3732,exact_symbol
DTYMK,12354,exact_symbol
DUOX1,7558,exact_symbol
DUOX2,7937,exact_symbol
DUOXA1,7930,exact_symbol
DUOXA2,7936,exact_symbol
DUS1L,12664,exact_symbol
DUS2,12066,exact_symbol
DUS3L,8192,exact_symbol
DUS4L,3208,exact_symbol
DUSP1,5011,exact_symbol
DUSP10,8416,exact_symbol
DUSP11,8518,exact_symbol
DUSP12,1541,exact_symbol
DUSP14,56208,exact_symbol
DUSP15,9241,exact_symbol
DUSP16,3871,exact_symbol
DUSP18,12016,exact_symbol
DUSP19,10894,exact_symbol
DUSP2,10176,exact_symbol
DUSP21,16899,exact_symbol
DUSP22,4093,exact_symbol
DUSP23,10259,exact_symbol
DUSP26,6807,exact_symbol
DUSP28,16768,exact_symbol
DUSP29,16816,stable_id
DUSP4,5108,exact_symbol
DUSP5,7628,exact_symbol
DUSP6,7810,exact_symbol
DUSP7,11241,exact_symbol
DUSP8,15785,exact_symbol
DUSP9,6359,exact_symbol
DUT,6090,exact_symbol
DVL1,3416,exact_symbol
DVL2,71,exact_symbol
DVL3,10593,exact_symbol
DXO,19894,exact_symbol
DYDC1,12906,exact_symbol
DYM,8153,exact_symbol
DYNC1H1,17351,exact_symbol
DYNC1I1,10244,exact_symbol
DYNC1I2,1383,exact_symbol
DYNC1LI1,8593,exact_symbol
DYNC1LI2,7139,exact_symbol
DYNC2H1,16465,exact_symbol
DYNC2I1,5869,stable_id
DYNC2I2,4891,stable_id
DYNC2LI1,7594,exact_symbol
DYNLL1,1802,exact_symbol
DYNLL2,49351,exact_symbol
DYNLRB1,5773,exact_symbol
DYNLRB2,12402,exact_symbol
DYNLT2B,22376,stable_id
DYNLT3,11544,exact_symbol
DYNLT4,16736,stable_id
DYNLT5,9580,stable_id
DYRK1A,10117,exact_symbol
DYRK1B,3051,exact_symbol
DYRK2,5907,exact_symbol
DYRK3,8409,exact_symbol
DYRK4,248,exact_symbol
DYSF,7126,exact_symbol
DYTN,31432,exact_symbol
DZANK1,1815,exact_symbol
DZIP1,6979,exact_symbol
DZIP1L,10192,exact_symbol
DZIP3,17987,exact_symbol
E2F1,2520,exact_symbol
E2F2,196,exact_symbol
E2F3,4029,exact_symbol
E2F4,20210,exact_symbol
E2F5,6791,exact_symbol
E2F6,12499,exact_symbol
E2F7,11713,exact_symbol
E2F8,6113,exact_symbol
E4F1,12245,exact_symbol
EAF1,8591,exact_symbol
EAF2,8660,exact_symbol
EAPP,6153,exact_symbol
EARS2,2808,exact_symbol
EBAG9,9009,exact_symbol
EBF1,11333,exact_symbol
EBF2,24701,exact_symbol
EBF3,3481,exact_symbol
EBF4,1795,exact_symbol
EBI3,3060,exact_symbol
EBNA1BP2,4701,exact_symbol
EBP,8937,exact_symbol
EBPL,5358,exact_symbol
ECD,5325,exact_symbol
ECE1,4691,exact_symbol
ECE2,8667,exact_symbol
ECEL1,13100,exact_symbol
ECH1,2969,exact_symbol
ECHDC1,1998,exact_symbol
ECHDC2,5151,exact_symbol
ECHDC3,6912,exact_symbol
ECHS1,5959,exact_symbol
ECI1,12247,exact_symbol
ECM1,8378,exact_symbol
ECM2,3368,exact_symbol
ECPAS,7341,exact_symbol
ECRG4,4877,stable_id
ECSIT,6215,exact_symbol
ECT2,4274,exact_symbol
ECT2L,19698,exact_symbol
EDA,10273,exact_symbol
EDA2R,6399,exact_symbol
EDAR,7191,exact_symbol
EDARADD,16216,exact_symbol
EDC3,14648,exact_symbol
EDC4,549,exact_symbol
EDEM1,6840,exact_symbol
EDEM2,1767,exact_symbol
EDEM3,4568,exact_symbol
EDF1,3400,exact_symbol
EDIL3,11284,exact_symbol
EDN1,1424,exact_symbol
EDN2,5892,exact_symbol
EDN3,5480,exact_symbol
EDNRA,9433,exact_symbol
EDNRB,7235,exact_symbol
EDRF1,3472,exact_symbol
EEA1,2642,exact_symbol
EED,1256,exact_symbol
EEF1A2,2471,exact_symbol
EEF1AKMT1,9303,exact_symbol
EEF1AKMT2,19717,exact_symbol
EEF1AKMT3,5387,exact_symbol
EEF1AKMT4,-1,missing
EEF1B2,4344,exact_symbol
EEF1D,2935,exact_symbol
EEF1E1,5591,exact_symbol
EEF1G,43497,exact_symbol
EEF2,12163,exact_symbol
EEF2K,2800,exact_symbol
EEFSEC,6582,exact_symbol
EEPD1,5277,exact_symbol
EFCAB11,7915,exact_symbol
EFCAB12,13386,exact_symbol
EFCAB14,10380,exact_symbol
EFCAB2,19678,exact_symbol
EFCAB5,14201,exact_symbol
EFCAB6,16403,exact_symbol
EFCAB7,19768,exact_symbol
EFCAB8,23400,exact_symbol
EFCAB9,22993,exact_symbol
EFCC1,4309,exact_symbol
EFEMP1,4419,exact_symbol
EFEMP2,13358,exact_symbol
EFHB,11059,exact_symbol
EFHC1,2058,exact_symbol
EFHC2,15575,exact_symbol
EFHD1,4433,exact_symbol
EFHD2,8266,exact_symbol
EFL1,8002,exact_symbol
EFNA1,12560,exact_symbol
EFNA2,2102,exact_symbol
EFNA3,8435,exact_symbol
EFNA4,37773,exact_symbol
EFNA5,15737,exact_symbol
EFNB1,1896,exact_symbol
EFNB2,5626,exact_symbol
EFNB3,3611,exact_symbol
EFR3A,6561,exact_symbol
EFR3B,1637,exact_symbol
EFS,2393,exact_symbol
EFTUD2,3607,exact_symbol
EGF,7748,exact_symbol
EGFL6,17896,exact_symbol
EGFL7,13412,exact_symbol
EGFL8,36967,exact_symbol
EGFLAM,11327,exact_symbol
EGFR,8869,exact_symbol
EGLN1,7149,exact_symbol
EGLN2,52402,exact_symbol
EGLN3,6154,exact_symbol
EGR1,5094,exact_symbol
EGR2,5324,exact_symbol
EGR3,14689,exact_symbol
EGR4,7123,exact_symbol
EHBP1,4438,exact_symbol
EHBP1L1,13528,exact_symbol
EHD1,3734,exact_symbol
EHD2,439,exact_symbol
EHD3,324,exact_symbol
EHD4,2862,exact_symbol
EHF,7066,exact_symbol
EHHADH,4229,exact_symbol
EHMT1,15011,exact_symbol
EHMT2,19905,exact_symbol
EI24,9229,exact_symbol
EID1,43973,exact_symbol
EID2,14089,exact_symbol
EID2B,14091,exact_symbol
EID3,43832,exact_symbol
EIF1,13600,exact_symbol
EIF1AD,13892,exact_symbol
EIF1AX,13575,exact_symbol
EIF1B,4326,exact_symbol
EIF2A,8641,exact_symbol
EIF2AK1,1690,exact_symbol
EIF2AK2,748,exact_symbol
EIF2AK3,13227,exact_symbol
EIF2AK4,6076,exact_symbol
EIF2B1,3890,exact_symbol
EIF2B2,4952,exact_symbol
EIF2B3,1132,exact_symbol
EIF2B4,4379,exact_symbol
EIF2B5,8665,exact_symbol
EIF2D,8410,exact_symbol
EIF2S1,6820,exact_symbol
EIF2S2,5775,exact_symbol
EIF3A,3429,exact_symbol
EIF3B,3277,exact_symbol
EIF3D,2279,exact_symbol
EIF3E,2916,exact_symbol
EIF3F,13894,exact_symbol
EIF3G,6350,exact_symbol
EIF3H,9013,exact_symbol
EIF3I,1630,exact_symbol
EIF3K,14603,exact_symbol
EIF3L,2198,exact_symbol
EIF3M,9169,exact_symbol
EIF4A1,10665,exact_symbol
EIF4A2,10050,exact_symbol
EIF4E,9384,exact_symbol
EIF4E1B,13963,exact_symbol
EIF4E2,7183,exact_symbol
EIF4E3,11004,exact_symbol
EIF4EBP2,9131,exact_symbol
EIF4EBP3,37655,exact_symbol
EIF4ENIF1,15822,exact_symbol
EIF4G1,4339,exact_symbol
EIF4G2,3766,exact_symbol
EIF4G3,1289,exact_symbol
EIF4H,3348,exact_symbol
EIF5,2368,exact_symbol
EIF5A2,11060,exact_symbol
EIF5B,10215,exact_symbol
EIF6,37377,exact_symbol
EIPR1,493,exact_symbol
ELAC1,8155,exact_symbol
ELAC2,155,exact_symbol
ELANE,17496,exact_symbol
ELAPOR1,4562,stable_id
ELAPOR2,11413,stable_id
ELAVL1,957,exact_symbol
ELAVL2,3388,exact_symbol
ELAVL3,17108,exact_symbol
ELAVL4,10717,exact_symbol
ELF1,5081,exact_symbol
ELF2,3662,exact_symbol
ELF3,11010,exact_symbol
ELF4,2615,exact_symbol
ELF5,7067,exact_symbol
ELFN1,27180,exact_symbol
ELFN2,11976,stable_id
ELK1,5850,exact_symbol
ELK3,3850,exact_symbol
ELK4,10256,exact_symbol
ELL,3157,exact_symbol
ELL2,4865,exact_symbol
ELL3,6081,exact_symbol
ELMO1,9911,exact_symbol
ELMO2,844,exact_symbol
ELMO3,2717,exact_symbol
ELMOD1,3795,exact_symbol
ELMOD2,14688,exact_symbol
ELMOD3,4430,exact_symbol
ELN,663,exact_symbol
ELOA,274,exact_symbol
ELOB,2809,exact_symbol
ELOC,9786,exact_symbol
ELOF1,6217,exact_symbol
ELOVL1,968,exact_symbol
ELOVL2,17635,exact_symbol
ELOVL3,4979,exact_symbol
ELOVL4,4804,exact_symbol
ELOVL5,318,exact_symbol
ELOVL6,12854,exact_symbol
ELOVL7,11286,exact_symbol
ELP1,1097,exact_symbol
ELP2,6956,exact_symbol
ELP3,6823,exact_symbol
ELP4,3716,exact_symbol
ELP5,12792,exact_symbol
ELP6,11155,exact_symbol
EMB,12864,exact_symbol
EMC1,5921,exact_symbol
EMC10,10633,exact_symbol
EMC2,2917,exact_symbol
EMC3,5607,exact_symbol
EMC4,6025,exact_symbol
EMC6,5950,exact_symbol
EMC7,6846,exact_symbol
EMC8,6412,exact_symbol
EMC9,2405,exact_symbol
EMCN,11214,exact_symbol
EMD,2632,exact_symbol
EME1,9826,exact_symbol
EME2,17566,exact_symbol
EMG1,5846,exact_symbol
EMID1,16407,exact_symbol
EMILIN1,7606,exact_symbol
EMILIN2,6553,exact_symbol
EMILIN3,15612,exact_symbol
EML1,979,exact_symbol
EML2,5705,exact_symbol
EML3,9219,exact_symbol
EML4,8493,exact_symbol
EML5,11625,exact_symbol
EML6,23061,exact_symbol
EMP1,6920,exact_symbol
EMP2,22753,exact_symbol
EMP3,8217,exact_symbol
EMSY,10250,exact_symbol
EMX1,7128,exact_symbol
EMX2,12811,exact_symbol
EN1,10912,exact_symbol
EN2,11447,exact_symbol
ENAH,9767,exact_symbol
ENAM,6594,exact_symbol
ENC1,13118,exact_symbol
ENDOD1,9183,exact_symbol
ENDOG,12041,exact_symbol
ENDOU,3894,exact_symbol
ENDOV,13601,exact_symbol
ENG,3377,exact_symbol
ENGASE,12068,exact_symbol
ENHO,12475,exact_symbol
ENKD1,5446,exact_symbol
ENKUR,9358,exact_symbol
ENO2,3928,exact_symbol
ENO3,3542,exact_symbol
ENO4,16713,exact_symbol
ENOPH1,8682,exact_symbol
ENOX1,5072,exact_symbol
ENOX2,11662,exact_symbol
ENPEP,7744,exact_symbol
ENPP1,17513,exact_symbol
ENPP2,7393,exact_symbol
ENPP3,9753,exact_symbol
ENPP4,13,exact_symbol
ENPP5,4110,exact_symbol
ENPP6,11320,exact_symbol
ENPP7,15198,exact_symbol
ENSA,8395,exact_symbol
ENTHD1,14040,exact_symbol
ENTPD1,7633,exact_symbol
ENTPD2,721,exact_symbol
ENTPD3,12271,exact_symbol
ENTPD5,16431,exact_symbol
ENTPD6,17509,exact_symbol
ENTPD7,17650,exact_symbol
ENTPD8,16854,exact_symbol
ENTR1,11668,exact_symbol
ENY2,5062,exact_symbol
EOGT,10995,exact_symbol
EOMES,11032,exact_symbol
EP300,2294,exact_symbol
EP400,15519,exact_symbol
EPAS1,4517,exact_symbol
EPB41,10294,exact_symbol
EPB41L1,1773,exact_symbol
EPB41L2,1477,exact_symbol
EPB41L3,1566,exact_symbol
EPB41L4A,6161,exact_symbol
EPB41L4B,2019,exact_symbol
EPB41L5,4363,exact_symbol
EPB42,11994,exact_symbol
EPC1,5068,exact_symbol
EPC2,7198,exact_symbol
EPCAM,4973,exact_symbol
EPDR1,1692,exact_symbol
EPG5,9513,exact_symbol
EPGN,15304,exact_symbol
EPHA1,8900,exact_symbol
EPHA2,8264,exact_symbol
EPHA3,605,exact_symbol
EPHA4,4528,exact_symbol
EPHA5,8674,exact_symbol
EPHA6,1488,exact_symbol
EPHA7,7055,exact_symbol
EPHA8,1137,exact_symbol
EPHB1,9827,exact_symbol
EPHB2,6737,exact_symbol
EPHB3,15301,exact_symbol
EPHB4,17133,exact_symbol
EPHB6,3263,exact_symbol
EPHX1,8475,exact_symbol
EPHX2,5117,exact_symbol
EPHX3,3035,exact_symbol
EPHX4,13218,exact_symbol
EPM2A,4065,exact_symbol
EPM2AIP1,14524,exact_symbol
EPN1,858,exact_symbol
EPN2,1179,exact_symbol
EPN3,660,exact_symbol
EPO,6268,exact_symbol
EPOP,54661,exact_symbol
EPOR,16472,exact_symbol
EPPIN,2536,exact_symbol
EPPK1,47763,exact_symbol
EPS15,1673,exact_symbol
EPS15L1,5929,exact_symbol
EPS8,9418,exact_symbol
EPS8L1,6387,exact_symbol
EPS8L2,14239,exact_symbol
EPS8L3,17895,exact_symbol
EPSTI1,6717,exact_symbol
EPX,5129,exact_symbol
EPYC,1604,exact_symbol
ERAL1,6620,exact_symbol
ERAP1,11324,exact_symbol
ERAS,16542,exact_symbol
ERBB2,8166,exact_symbol
ERBB3,924,exact_symbol
ERBB4,14525,exact_symbol
ERBIN,4115,exact_symbol
ERC1,1579,exact_symbol
ERC2,16539,exact_symbol
ERCC1,310,exact_symbol
ERCC2,2989,exact_symbol
ERCC3,10941,exact_symbol
ERCC4,13933,exact_symbol
ERCC6,27085,exact_symbol
ERCC6L,16377,exact_symbol
ERCC8,653,exact_symbol
EREG,5600,exact_symbol
ERF,3181,exact_symbol
ERFE,14559,exact_symbol
ERFL,51805,stable_id
ERG,10120,exact_symbol
ERG28,6810,exact_symbol
ERGIC1,4218,exact_symbol
ERGIC2,1750,exact_symbol
ERGIC3,5776,exact_symbol
ERI1,2940,exact_symbol
ERI2,17226,exact_symbol
ERI3,4708,exact_symbol
ERICH4,20147,exact_symbol
ERICH5,14314,exact_symbol
ERICH6,11093,exact_symbol
ERLEC1,1058,exact_symbol
ERLIN1,3428,exact_symbol
ERLIN2,8982,exact_symbol
ERMAP,11207,exact_symbol
ERMN,7301,exact_symbol
ERMP1,2080,exact_symbol
ERN1,14534,exact_symbol
ERN2,6902,exact_symbol
ERO1A,17617,exact_symbol
ERO1B,1702,exact_symbol
ERP27,7765,exact_symbol
ERP29,1832,exact_symbol
ERP44,426,exact_symbol
ERRFI1,4560,exact_symbol
ESAM,9233,exact_symbol
ESCO1,8112,exact_symbol
ESCO2,13041,exact_symbol
ESD,7869,exact_symbol
ESF1,1809,exact_symbol
ESM1,11311,exact_symbol
ESPL1,7095,exact_symbol
ESPNL,8575,exact_symbol
ESR1,1943,exact_symbol
ESR2,7912,exact_symbol
ESRP1,2918,exact_symbol
ESRP2,2758,exact_symbol
ESRRA,13464,exact_symbol
ESRRB,4951,exact_symbol
ESRRG,17162,exact_symbol
ESS2,2173,exact_symbol
ESYT1,7860,exact_symbol
ESYT2,4763,exact_symbol
ESYT3,10198,exact_symbol
ETAA1,8501,exact_symbol
ETF1,5087,exact_symbol
ETFA,7954,exact_symbol
ETFB,3093,exact_symbol
ETFBKMT,7778,exact_symbol
ETFDH,13091,exact_symbol
ETFRF1,20327,exact_symbol
ETHE1,3188,exact_symbol
ETNK1,7779,exact_symbol
ETNK2,8478,exact_symbol
ETNPPL,11244,exact_symbol
ETS1,6991,exact_symbol
ETS2,10121,exact_symbol
ETV1,137,exact_symbol
ETV2,3163,exact_symbol
ETV3,4662,exact_symbol
ETV3L,42689,exact_symbol
ETV4,13978,exact_symbol
ETV5,38240,exact_symbol
ETV6,7766,exact_symbol
EVA1A,4415,exact_symbol
EVA1B,8277,exact_symbol
EVA1C,12004,exact_symbol
EVC,1208,exact_symbol
EVC2,13445,exact_symbol
EVI2A,5867,exact_symbol
EVI2B,16113,exact_symbol
EVI5,1003,exact_symbol
EVI5L,8236,exact_symbol
EVL,17129,exact_symbol
EVPL,12227,exact_symbol
EVX1,3249,exact_symbol
EVX2,13677,exact_symbol
EWSR1,15386,exact_symbol
EXD1,14606,exact_symbol
EXD2,1528,exact_symbol
EXO1,13693,exact_symbol
EXO5,11204,exact_symbol
EXOC1,1906,exact_symbol
EXOC1L,40395,exact_symbol
EXOC2,4094,exact_symbol
EXOC3,14820,exact_symbol
EXOC3L1,14618,exact_symbol
EXOC3L2,-1,missing
EXOC3L4,20257,exact_symbol
EXOC4,6471,exact_symbol
EXOC5,1107,exact_symbol
EXOC6,7634,exact_symbol
EXOC6B,8514,exact_symbol
EXOC7,15273,exact_symbol
EXOC8,4641,exact_symbol
EXOG,10058,exact_symbol
EXOSC1,13038,exact_symbol
EXOSC10,13165,exact_symbol
EXOSC2,6321,exact_symbol
EXOSC3,3414,exact_symbol
EXOSC4,14582,exact_symbol
EXOSC5,1382,exact_symbol
EXOSC6,25468,exact_symbol
EXOSC7,1329,exact_symbol
EXOSC8,5086,exact_symbol
EXOSC9,5423,exact_symbol
EXPH5,3806,exact_symbol
EXT1,15214,exact_symbol
EXT2,9395,exact_symbol
EXTL1,10170,exact_symbol
EXTL2,10806,exact_symbol
EXTL3,316,exact_symbol
EYA1,2897,exact_symbol
EYA2,892,exact_symbol
EYA3,10191,exact_symbol
EYA4,4049,exact_symbol
EZH1,3588,exact_symbol
EZH2,3312,exact_symbol
EZR,1981,exact_symbol
F10,5798,exact_symbol
F11,1799,exact_symbol
F11R,10265,exact_symbol
F12,6420,exact_symbol
F13A1,5534,exact_symbol
F13B,8355,exact_symbol
F2,14839,exact_symbol
F2R,15015,exact_symbol
F2RL1,11303,exact_symbol
F2RL2,11297,exact_symbol
F2RL3,5933,exact_symbol
F3,4725,exact_symbol
F5,17881,exact_symbol
F7,772,exact_symbol
F8,15896,exact_symbol
F9,2604,exact_symbol
FA2H,2759,exact_symbol
FAAH,4717,exact_symbol
FAAP100,16023,exact_symbol
FAAP20,10768,exact_symbol
FAAP24,6522,exact_symbol
FABP1,11063,exact_symbol
FABP12,17452,exact_symbol
FABP2,8696,exact_symbol
FABP3,5196,exact_symbol
FABP4,12800,exact_symbol
FABP5,11420,exact_symbol
FABP6,12774,exact_symbol
FABP7,11360,exact_symbol
FABP9,20197,exact_symbol
FADD,12274,exact_symbol
FADS1,9216,exact_symbol
FADS2,6969,exact_symbol
FADS3,24760,exact_symbol
FADS6,13391,exact_symbol
FAF1,15927,exact_symbol
FAF2,4146,exact_symbol
FAH,2858,exact_symbol
FAHD1,14833,exact_symbol
FAHD2A,4356,exact_symbol
FAIM2,7093,exact_symbol
FAM107A,12340,exact_symbol
FAM107B,946,exact_symbol
FAM110A,5755,exact_symbol
FAM110B,12527,exact_symbol
FAM110D,17397,exact_symbol
FAM114A1,17546,exact_symbol
FAM114A2,744,exact_symbol
FAM117A,5140,exact_symbol
FAM117B,7672,exact_symbol
FAM118A,2289,exact_symbol
FAM118B,17575,exact_symbol
FAM120A,649,exact_symbol
FAM120B,4082,exact_symbol
FAM120C,15671,exact_symbol
FAM124A,9308,exact_symbol
FAM124B,5444,exact_symbol
FAM131A,13849,exact_symbol
FAM131B,10394,exact_symbol
FAM131C,16028,exact_symbol
FAM133B,33111,exact_symbol
FAM135A,1564,exact_symbol
FAM135B,9019,exact_symbol
FAM136A,517,exact_symbol
FAM13A,7700,exact_symbol
FAM13B,487,exact_symbol
FAM13C,9111,exact_symbol
FAM149A,3705,exact_symbol
FAM149B1,7641,exact_symbol
FAM151A,10724,exact_symbol
FAM151B,9531,exact_symbol
FAM161B,9942,exact_symbol
FAM162A,4247,exact_symbol
FAM162B,15614,exact_symbol
FAM163A,8369,exact_symbol
FAM163B,17315,exact_symbol
FAM167A,9760,exact_symbol
FAM167B,15548,exact_symbol
FAM168A,737,exact_symbol
FAM168B,9496,exact_symbol
FAM169A,17902,exact_symbol
FAM170A,11336,exact_symbol
FAM171A1,9102,exact_symbol
FAM171A2,10636,exact_symbol
FAM171B,8558,exact_symbol
FAM174A,13654,exact_symbol
FAM174B,16010,exact_symbol
FAM174C,28792,hgnc_previous_symbol
FAM178B,12432,exact_symbol
FAM180A,16972,exact_symbol
FAM181A,7920,exact_symbol
FAM181B,15185,exact_symbol
FAM184A,3975,exact_symbol
FAM184B,630,exact_symbol
FAM185A,24780,exact_symbol
FAM186B,7081,exact_symbol
FAM187A,23021,exact_symbol
FAM193A,5642,exact_symbol
FAM193B,8799,exact_symbol
FAM199X,5406,exact_symbol
FAM204A,11659,exact_symbol
FAM20A,3612,exact_symbol
FAM20B,4547,exact_symbol
FAM20C,14374,exact_symbol
FAM210A,14248,exact_symbol
FAM210B,5451,exact_symbol
FAM216A,20098,exact_symbol
FAM216B,14755,exact_symbol
FAM217B,17064,exact_symbol
FAM219A,11499,exact_symbol
FAM219B,14560,exact_symbol
FAM221A,16820,exact_symbol
FAM222A,7830,exact_symbol
FAM222B,13448,exact_symbol
FAM227B,11811,exact_symbol
FAM228B,23995,exact_symbol
FAM229A,27084,exact_symbol
FAM229B,19709,exact_symbol
FAM234A,12239,exact_symbol
FAM234B,1627,exact_symbol
FAM240A,-1,missing
FAM240B,-1,missing
FAM241A,13763,exact_symbol
FAM241B,13023,exact_symbol
FAM32A,3028,exact_symbol
FAM3A,1165,exact_symbol
FAM3B,15625,exact_symbol
FAM3C,17299,exact_symbol
FAM3D,17840,exact_symbol
FAM43A,15929,exact_symbol
FAM43B,15428,exact_symbol
FAM47E,16934,exact_symbol
FAM50A,1164,exact_symbol
FAM50B,8779,exact_symbol
FAM53A,13656,exact_symbol
FAM53B,16971,exact_symbol
FAM53C,5089,exact_symbol
FAM76A,238,exact_symbol
FAM76B,1386,exact_symbol
FAM78A,5871,exact_symbol
FAM78B,16859,exact_symbol
FAM81A,10110,exact_symbol
FAM81B,9656,exact_symbol
FAM83A,9017,exact_symbol
FAM83B,12302,exact_symbol
FAM83C,5779,exact_symbol
FAM83D,2535,exact_symbol
FAM83E,3129,exact_symbol
FAM83F,6765,exact_symbol
FAM83G,16763,exact_symbol
FAM83H,14976,exact_symbol
FAM89A,15191,exact_symbol
FAM89B,14212,exact_symbol
FAM8A1,7468,exact_symbol
FAM91A1,14175,exact_symbol
FAM98A,4966,exact_symbol
FAM98B,13030,exact_symbol
FAM98C,6235,exact_symbol
FAN1,17859,exact_symbol
FANCA,16560,exact_symbol
FANCC,10194,exact_symbol
FANCD2,8580,exact_symbol
FANCD2OS,11114,exact_symbol
FANCE,3992,exact_symbol
FANCG,24706,exact_symbol
FANCI,7988,exact_symbol
FANCL,4421,exact_symbol
FANCM,16575,exact_symbol
FANK1,19710,exact_symbol
FAP,1409,exact_symbol
FAR1,17516,exact_symbol
FAR2,898,exact_symbol
FARP1,9583,exact_symbol
FARP2,143,exact_symbol
FARS2,8783,exact_symbol
FARSA,14638,exact_symbol
FARSB,4530,exact_symbol
FASLG,4729,exact_symbol
FASN,12660,exact_symbol
FASTK,11474,exact_symbol
FASTKD1,7664,exact_symbol
FASTKD2,4791,exact_symbol
FASTKD3,5506,exact_symbol
FASTKD5,23303,exact_symbol
FAT1,1614,exact_symbol
FAT2,1699,exact_symbol
FAT3,11582,exact_symbol
FAT4,17041,exact_symbol
FAU,9265,exact_symbol
FAXC,8827,exact_symbol
FBF1,16864,exact_symbol
FBH1,6908,exact_symbol
FBL,3050,exact_symbol
FBLIM1,10744,exact_symbol
FBLL1,16774,exact_symbol
FBLN1,1400,exact_symbol
FBLN2,11041,exact_symbol
FBLN5,7922,exact_symbol
FBLN7,8529,exact_symbol
FBN1,11776,exact_symbol
FBN2,7755,exact_symbol
FBP1,11539,exact_symbol
FBP2,6373,exact_symbol
FBRS,10033,exact_symbol
FBRSL1,4109,exact_symbol
FBXL12,5920,exact_symbol
FBXL13,10581,exact_symbol
FBXL14,13164,exact_symbol
FBXL15,3464,exact_symbol
FBXL16,5940,exact_symbol
FBXL17,8743,exact_symbol
FBXL18,9838,exact_symbol
FBXL19,2096,exact_symbol
FBXL2,9670,exact_symbol
FBXL20,3507,exact_symbol
FBXL22,17434,exact_symbol
FBXL3,106,exact_symbol
FBXL4,4026,exact_symbol
FBXL5,4829,exact_symbol
FBXL6,15240,exact_symbol
FBXL7,15541,exact_symbol
FBXL8,7140,exact_symbol
FBXO10,9040,exact_symbol
FBXO11,7607,exact_symbol
FBXO15,8160,exact_symbol
FBXO16,22864,exact_symbol
FBXO17,52190,exact_symbol
FBXO2,4589,exact_symbol
FBXO21,7019,exact_symbol
FBXO22,12054,exact_symbol
FBXO24,3291,exact_symbol
FBXO25,8961,exact_symbol
FBXO27,10597,exact_symbol
FBXO28,8460,exact_symbol
FBXO3,3777,exact_symbol
FBXO30,4817,exact_symbol
FBXO31,2792,exact_symbol
FBXO32,10029,exact_symbol
FBXO33,11586,exact_symbol
FBXO34,14600,exact_symbol
FBXO36,9692,exact_symbol
FBXO38,8765,exact_symbol
FBXO39,14277,exact_symbol
FBXO4,9471,exact_symbol
FBXO40,11156,exact_symbol
FBXO41,10900,exact_symbol
FBXO42,539,exact_symbol
FBXO43,10001,exact_symbol
FBXO44,6679,exact_symbol
FBXO45,13639,exact_symbol
FBXO46,14229,exact_symbol
FBXO47,20133,exact_symbol
FBXO48,20121,exact_symbol
FBXO5,3988,exact_symbol
FBXO6,4590,exact_symbol
FBXO7,2225,exact_symbol
FBXO8,11260,exact_symbol
FBXO9,4009,exact_symbol
FBXW11,1205,exact_symbol
FBXW2,4898,exact_symbol
FBXW4,3456,exact_symbol
FBXW5,10297,exact_symbol
FBXW7,3687,exact_symbol
FBXW8,13813,exact_symbol
FBXW9,6532,exact_symbol
FCER1G,10284,exact_symbol
FCER2,3004,exact_symbol
FCF1,4925,exact_symbol
FCGR1A,9295,exact_symbol
FCGRT,2983,exact_symbol
FCHO1,6272,exact_symbol
FCHO2,10067,exact_symbol
FCHSD1,17624,exact_symbol
FCHSD2,7478,exact_symbol
FCMR,10864,exact_symbol
FCN1,1649,exact_symbol
FCRLA,6549,exact_symbol
FCRLB,10826,exact_symbol
FCSK,10098,stable_id
FDFT1,1467,exact_symbol
FDPS,10530,exact_symbol
FDX1,7520,exact_symbol
FDX2,51633,exact_symbol
FDXACB1,44217,exact_symbol
FECH,990,exact_symbol
FEM1B,12500,exact_symbol
FEM1C,8747,exact_symbol
FEN1,12382,exact_symbol
FER,9407,exact_symbol
FER1L5,39648,exact_symbol
FER1L6,23134,exact_symbol
FERD3L,8868,exact_symbol
FERMT1,2496,exact_symbol
FERMT2,1236,exact_symbol
FERMT3,9261,exact_symbol
FES,15282,exact_symbol
FETUB,1881,exact_symbol
FEV,11028,exact_symbol
FEZ1,9232,exact_symbol
FEZ2,12976,exact_symbol
FEZF1,6052,exact_symbol
FEZF2,9647,exact_symbol
FFAR1,5812,exact_symbol
FFAR2,5810,exact_symbol
FFAR4,16212,exact_symbol
FGB,13105,exact_symbol
FGD1,2657,exact_symbol
FGD2,8813,exact_symbol
FGD3,5889,exact_symbol
FGD4,7771,exact_symbol
FGD5,9811,exact_symbol
FGD6,14851,exact_symbol
FGF1,4199,exact_symbol
FGF10,1103,exact_symbol
FGF11,10664,exact_symbol
FGF12,4269,exact_symbol
FGF13,6172,exact_symbol
FGF14,2676,exact_symbol
FGF16,17157,exact_symbol
FGF17,10274,exact_symbol
FGF18,9987,exact_symbol
FGF2,7716,exact_symbol
FGF20,1428,exact_symbol
FGF21,3132,exact_symbol
FGF22,1109,exact_symbol
FGF23,4863,exact_symbol
FGF3,16382,exact_symbol
FGF4,1303,exact_symbol
FGF5,7713,exact_symbol
FGF6,3863,exact_symbol
FGF7,7940,exact_symbol
FGF8,3457,exact_symbol
FGF9,2690,exact_symbol
FGFBP1,7470,exact_symbol
FGFBP3,13758,exact_symbol
FGFR1,1397,exact_symbol
FGFR1OP2,3956,exact_symbol
FGFR2,976,exact_symbol
FGFR3,1030,exact_symbol
FGFR4,10549,exact_symbol
FGFRL1,5916,exact_symbol
FGG,13102,exact_symbol
FGGY,13320,exact_symbol
FGL1,2958,exact_symbol
FGL2,5968,exact_symbol
FGR,5,exact_symbol
FH,1928,exact_symbol
FHAD1,8262,exact_symbol
FHDC1,7473,exact_symbol
FHIP1A,11271,stable_id
FHIP1B,687,stable_id
FHIP2A,9425,stable_id
FHIP2B,10281,stable_id
FHIT,16963,exact_symbol
FHL2,4463,exact_symbol
FHL3,15495,exact_symbol
FHL5,4023,exact_symbol
FHOD1,7141,exact_symbol
FHOD3,6961,exact_symbol
FIBCD1,6324,exact_symbol
FIBIN,14211,exact_symbol
FIBP,13338,exact_symbol
FICD,17949,exact_symbol
FIG4,4058,exact_symbol
FIGLA,15588,exact_symbol
FIGN,15229,exact_symbol
FIGNL1,6590,exact_symbol
FIGNL2,47886,exact_symbol
FILIP1,4805,exact_symbol
FILIP1L,12352,exact_symbol
FIS1,22940,exact_symbol
FITM1,7897,exact_symbol
FITM2,17413,exact_symbol
FIZ1,14789,exact_symbol
FJX1,14699,exact_symbol
FKBP10,8173,exact_symbol
FKBP11,6877,exact_symbol
FKBP14,3257,exact_symbol
FKBP15,4888,exact_symbol
FKBP1B,4963,exact_symbol
FKBP2,13539,exact_symbol
FKBP3,2313,exact_symbol
FKBP4,51,exact_symbol
FKBP5,2052,exact_symbol
FKBP6,1398,exact_symbol
FKBP7,1450,exact_symbol
FKBP8,3175,exact_symbol
FKBP9,5289,exact_symbol
FKBPL,19885,exact_symbol
FKRP,15000,exact_symbol
FKTN,3353,exact_symbol
FLACC1,9901,stable_id
FLAD1,10520,exact_symbol
FLCN,9812,exact_symbol
FLI1,9449,exact_symbol
FLII,14380,exact_symbol
FLNA,17294,exact_symbol
FLNB,7213,exact_symbol
FLNC,6043,exact_symbol
FLOT1,7456,exact_symbol
FLOT2,6619,exact_symbol
FLRT1,5828,exact_symbol
FLRT2,15918,exact_symbol
FLRT3,5737,exact_symbol
FLT1,2697,exact_symbol
FLT3,5225,exact_symbol
FLT3LG,1886,exact_symbol
FLT4,537,exact_symbol
FLVCR1,10833,exact_symbol
FLVCR2,4941,exact_symbol
FLYWCH1,795,exact_symbol
FLYWCH2,10686,exact_symbol
FMC1,11476,exact_symbol
FMN1,39133,exact_symbol
FMN2,9907,exact_symbol
FMNL1,15868,exact_symbol
FMNL2,10147,exact_symbol
FMNL3,10639,exact_symbol
FMO1,273,exact_symbol
FMO2,2011,exact_symbol
FMO3,193,exact_symbol
FMO4,1340,exact_symbol
FMO5,6500,exact_symbol
FMOD,5241,exact_symbol
FMR1,2625,exact_symbol
FN1,4422,exact_symbol
FN3K,12085,exact_symbol
FN3KRP,8140,exact_symbol
FNBP1,16464,exact_symbol
FNBP1L,7571,exact_symbol
FNBP4,3719,exact_symbol
FNDC1,11424,exact_symbol
FNDC10,28990,exact_symbol
FNDC11,5670,exact_symbol
FNDC3A,2680,exact_symbol
FNDC3B,1309,exact_symbol
FNDC4,4382,exact_symbol
FNDC5,10426,exact_symbol
FNDC7,8316,exact_symbol
FNDC8,1231,exact_symbol
FNDC9,13349,exact_symbol
FNIP1,23691,exact_symbol
FNIP2,701,exact_symbol
FNTA,12389,exact_symbol
FNTB,44993,exact_symbol
FOCAD,16722,exact_symbol
FOLH1,1689,exact_symbol
FOLR2,11603,exact_symbol
FOS,12804,exact_symbol
FOSB,5701,exact_symbol
FOSL1,13932,exact_symbol
FOSL2,1310,exact_symbol
FOXA1,6151,exact_symbol
FOXA2,5714,exact_symbol
FOXA3,12873,exact_symbol
FOXB1,13199,exact_symbol
FOXB2,20007,exact_symbol
FOXC1,729,exact_symbol
FOXC2,14139,exact_symbol
FOXD1,40862,exact_symbol
FOXD2,16308,exact_symbol
FOXD3,16442,exact_symbol
FOXE1,14586,exact_symbol
FOXE3,16352,exact_symbol
FOXF1,2784,exact_symbol
FOXF2,7449,exact_symbol
FOXG1,14037,exact_symbol
FOXH1,10569,exact_symbol
FOXI1,12325,exact_symbol
FOXI2,16347,exact_symbol
FOXI3,22983,exact_symbol
FOXJ1,6166,exact_symbol
FOXJ2,952,exact_symbol
FOXJ3,17922,exact_symbol
FOXK1,11480,exact_symbol
FOXK2,8143,exact_symbol
FOXL1,14136,exact_symbol
FOXL2,15600,exact_symbol
FOXL3,39046,stable_id
FOXM1,3856,exact_symbol
FOXN1,3633,exact_symbol
FOXN2,12910,exact_symbol
FOXN3,706,exact_symbol
FOXN4,7831,exact_symbol
FOXO1,9346,exact_symbol
FOXO3,4837,exact_symbol
FOXO4,15770,exact_symbol
FOXO6,19797,exact_symbol
FOXP1,4338,exact_symbol
FOXP2,6038,exact_symbol
FOXP3,668,exact_symbol
FOXP4,7425,exact_symbol
FOXQ1,11345,exact_symbol
FOXR2,16967,exact_symbol
FOXRED1,3740,exact_symbol
FOXRED2,2277,exact_symbol
FOXS1,14750,exact_symbol
FPGS,7366,exact_symbol
FPGT,43417,exact_symbol
FPR1,12973,exact_symbol
FRA10AC1,9126,exact_symbol
FRAS1,7732,exact_symbol
FREM1,11493,exact_symbol
FREM2,9345,exact_symbol
FREM3,15423,exact_symbol
FRK,3961,exact_symbol
FRMD3,13243,exact_symbol
FRMD4A,9415,exact_symbol
FRMD4B,4298,exact_symbol
FRMD5,13183,exact_symbol
FRMD6,7900,exact_symbol
FRMD7,11669,exact_symbol
FRMD8,5818,exact_symbol
FRMPD1,1119,exact_symbol
FRMPD2,12801,exact_symbol
FRMPD3,8951,exact_symbol
FRMPD4,12716,exact_symbol
FRRS1,10034,exact_symbol
FRRS1L,47078,exact_symbol
FRS2,11802,exact_symbol
FRS3,7438,exact_symbol
FRY,1246,exact_symbol
FRYL,1313,exact_symbol
FRZB,10893,exact_symbol
FSBP,50309,exact_symbol
FSCN1,1315,exact_symbol
FSCN2,16346,exact_symbol
FSCN3,3287,exact_symbol
FSD1,3064,exact_symbol
FSD1L,3354,exact_symbol
FSD2,16322,exact_symbol
FSHB,6504,exact_symbol
FSHR,12914,exact_symbol
FSIP1,9323,exact_symbol
FSIP2,16822,exact_symbol
FST,6895,exact_symbol
FSTL1,11008,exact_symbol
FSTL3,1110,exact_symbol
FSTL4,705,exact_symbol
FSTL5,12458,exact_symbol
FTCD,10468,exact_symbol
FTH1,12260,exact_symbol
FTMT,15139,exact_symbol
FTO,8014,exact_symbol
FTSJ1,1043,exact_symbol
FTSJ3,3559,exact_symbol
FUBP1,10779,exact_symbol
FUBP3,3393,exact_symbol
FUCA1,14651,exact_symbol
FUCA2,7,exact_symbol
FUNDC1,1077,exact_symbol
FUOM,9138,exact_symbol
FURIN,7999,exact_symbol
FUS,1834,exact_symbol
FUT1,13806,exact_symbol
FUT10,13373,exact_symbol
FUT11,17308,exact_symbol
FUT4,17116,exact_symbol
FUT7,14903,exact_symbol
FUT8,501,exact_symbol
FUT9,13325,exact_symbol
FUZ,261,exact_symbol
FXN,11516,exact_symbol
FXR1,4285,exact_symbol
FXR2,6125,exact_symbol
FXYD1,51056,exact_symbol
FXYD2,7524,exact_symbol
FXYD3,1839,exact_symbol
FXYD4,9287,exact_symbol
FXYD6,7522,exact_symbol
FXYD7,24750,exact_symbol
FYB2,16602,exact_symbol
FYCO1,11151,exact_symbol
FYN,271,exact_symbol
FYTTD1,5232,exact_symbol
FZD1,10086,exact_symbol
FZD10,3897,exact_symbol
FZD2,14864,exact_symbol
FZD3,2894,exact_symbol
FZD4,13772,exact_symbol
FZD5,10961,exact_symbol
FZD6,11485,exact_symbol
FZD7,9904,exact_symbol
FZD8,14275,exact_symbol
FZD9,16828,exact_symbol
FZR1,3076,exact_symbol
G0S2,5420,exact_symbol
G2E3,1961,exact_symbol
G3BP1,8770,exact_symbol
G3BP2,7730,exact_symbol
G6PC2,9519,exact_symbol
G6PC3,8092,exact_symbol
GAA,13033,exact_symbol
GAB1,3668,exact_symbol
GAB2,503,exact_symbol
GAB3,10458,exact_symbol
GABARAP,12794,exact_symbol
GABARAPL1,7767,exact_symbol
GABARAPL2,514,exact_symbol
GABBR1,20042,exact_symbol
GABBR2,7377,exact_symbol
GABPA,9803,exact_symbol
GABPB1,2871,exact_symbol
GABPB2,8405,exact_symbol
GABRA1,416,exact_symbol
GABRA2,9466,exact_symbol
GABRA3,308,exact_symbol
GABRA4,3641,exact_symbol
GABRA5,16239,exact_symbol
GABRA6,8763,exact_symbol
GABRB1,10970,exact_symbol
GABRB2,8764,exact_symbol
GABRB3,11798,exact_symbol
GABRD,16556,exact_symbol
GABRG1,10968,exact_symbol
GABRG2,4169,exact_symbol
GABRG3,15226,exact_symbol
GABRP,2004,exact_symbol
GABRQ,51829,exact_symbol
GABRR1,8828,exact_symbol
GABRR2,3978,exact_symbol
GABRR3,15448,exact_symbol
GAD1,6061,exact_symbol
GAD2,7332,exact_symbol
GADD45A,4606,exact_symbol
GADD45B,2125,exact_symbol
GADD45G,6230,exact_symbol
GADD45GIP1,14669,exact_symbol
GADL1,8595,exact_symbol
GAK,14594,exact_symbol
GAL,1075,exact_symbol
GAL3ST1,5994,exact_symbol
GAL3ST3,13864,exact_symbol
GAL3ST4,17349,exact_symbol
GALC,739,exact_symbol
GALE,4693,exact_symbol
GALK1,3537,exact_symbol
GALK2,10044,exact_symbol
GALM,8490,exact_symbol
GALNS,8056,exact_symbol
GALNT1,8106,exact_symbol
GALNT10,11387,exact_symbol
GALNT11,14474,exact_symbol
GALNT12,4912,exact_symbol
GALNT13,8545,exact_symbol
GALNT14,10181,exact_symbol
GALNT15,6442,exact_symbol
GALNT16,2360,exact_symbol
GALNT17,15972,exact_symbol
GALNT18,3768,exact_symbol
GALNT2,8448,exact_symbol
GALNT3,4410,exact_symbol
GALNT4,45108,exact_symbol
GALNT5,7302,exact_symbol
GALNT6,7856,exact_symbol
GALNT7,3680,exact_symbol
GALNT9,15365,exact_symbol
GALNTL5,3346,exact_symbol
GALNTL6,13714,exact_symbol
GALP,17478,exact_symbol
GALR1,11899,exact_symbol
GALR2,15327,exact_symbol
GALR3,6012,exact_symbol
GALT,22799,exact_symbol
GAMT,6198,exact_symbol
GAN,48109,exact_symbol
GANAB,1844,exact_symbol
GANC,22841,exact_symbol
GAP43,13216,exact_symbol
GAPDHS,3167,exact_symbol
GAPT,13981,exact_symbol
GAPVD1,11561,exact_symbol
GAR1,3676,exact_symbol
GAREM1,8111,exact_symbol
GAREM2,10148,exact_symbol
GARNL3,7372,exact_symbol
GARRE1,11848,stable_id
GART,10304,exact_symbol
GAS1,14887,exact_symbol
GAS2,9153,exact_symbol
GAS2L1,15990,exact_symbol
GAS2L2,52950,exact_symbol
GAS2L3,7820,exact_symbol
GAS6,15422,exact_symbol
GAS7,173,exact_symbol
GAS8,8057,exact_symbol
GASK1A,8599,stable_id
GASK1B,11266,stable_id
GAST,15776,exact_symbol
GATA1,2636,exact_symbol
GATA2,14682,exact_symbol
GATA3,3420,exact_symbol
GATA4,7306,exact_symbol
GATA5,6314,exact_symbol
GATA6,8114,exact_symbol
GATAD1,10087,exact_symbol
GATAD2A,12108,exact_symbol
GATAD2B,8439,exact_symbol
GATB,801,exact_symbol
GATC,44914,exact_symbol
GATD1,14265,exact_symbol
GATD3,10459,stable_id
GATM,13145,exact_symbol
GBA2,1120,exact_symbol
GBE1,4292,exact_symbol
GBF1,3461,exact_symbol
GBGT1,9068,exact_symbol
GBP5,9772,exact_symbol
GBX1,11477,exact_symbol
GBX2,12385,exact_symbol
GC,8684,exact_symbol
GCA,4395,exact_symbol
GCAT,2194,exact_symbol
GCC1,14717,exact_symbol
GCC2,7193,exact_symbol
GCDH,3140,exact_symbol
GCFC2,96,exact_symbol
GCG,4391,exact_symbol
GCGR,23428,exact_symbol
GCH1,6526,exact_symbol
GCHFR,7568,exact_symbol
GCK,3342,exact_symbol
GCKR,1640,exact_symbol
GCLC,8,exact_symbol
GCLM,437,exact_symbol
GCM1,7448,exact_symbol
GCM2,5595,exact_symbol
GCN1,1821,exact_symbol
GCNT1,16459,exact_symbol
GCNT3,7942,exact_symbol
GCNT4,14202,exact_symbol
GCSAM,13720,exact_symbol
GCSH,8034,exact_symbol
GDA,4874,exact_symbol
GDAP1,2914,exact_symbol
GDAP1L1,5475,exact_symbol
GDAP2,17168,exact_symbol
GDE1,114,exact_symbol
GDF1,6239,exact_symbol
GDF10,50768,exact_symbol
GDF11,7077,exact_symbol
GDF15,6279,exact_symbol
GDF2,48935,exact_symbol
GDF3,15734,exact_symbol
GDF5,5768,exact_symbol
GDF6,9990,exact_symbol
GDF7,8485,exact_symbol
GDF9,11353,exact_symbol
GDI1,19747,exact_symbol
GDI2,773,exact_symbol
GDNF,12409,exact_symbol
GDPD1,9709,exact_symbol
GDPD2,6209,exact_symbol
GDPD3,2716,exact_symbol
GDPD4,14567,exact_symbol
GDPD5,10243,exact_symbol
GDPGP1,15454,exact_symbol
GEM,11494,exact_symbol
GEMIN2,1967,exact_symbol
GEMIN4,14695,exact_symbol
GEMIN5,1573,exact_symbol
GEMIN6,9503,exact_symbol
GEMIN7,8221,exact_symbol
GEMIN8,608,exact_symbol
GEN1,14482,exact_symbol
GET1,15183,stable_id
GET3,17754,stable_id
GET4,36319,exact_symbol
GFAP,6402,exact_symbol
GFER,5935,exact_symbol
GFI1,10801,exact_symbol
GFI1B,11673,exact_symbol
GFM1,12455,exact_symbol
GFM2,11341,exact_symbol
GFOD1,8784,exact_symbol
GFOD2,8070,exact_symbol
GFPT1,17760,exact_symbol
GFPT2,6452,exact_symbol
GFRA1,9475,exact_symbol
GFRA2,12395,exact_symbol
GFRA3,8790,exact_symbol
GFRA4,5740,exact_symbol
GFRAL,16601,exact_symbol
GFUS,2933,stable_id
GFY,48318,exact_symbol
GGA1,2182,exact_symbol
GGA2,2810,exact_symbol
GGA3,5650,exact_symbol
GGACT,6976,exact_symbol
GGCT,145,exact_symbol
GGCX,4436,exact_symbol
GGH,7496,exact_symbol
GGN,14653,exact_symbol
GGNBP2,57670,exact_symbol
GGPS1,9594,exact_symbol
GGT5,2155,exact_symbol
GGT6,12186,exact_symbol
GGT7,6396,exact_symbol
GHDC,12238,exact_symbol
GHITM,11663,exact_symbol
GHR,4124,exact_symbol
GHRH,4839,exact_symbol
GHRHR,3265,exact_symbol
GHRL,10055,exact_symbol
GHSR,5202,exact_symbol
GID4,8062,exact_symbol
GID8,2463,exact_symbol
GIGYF1,8890,exact_symbol
GIGYF2,19814,exact_symbol
GIMAP1,22423,exact_symbol
GIMAP4,6769,exact_symbol
GIMAP7,14646,exact_symbol
GIMAP8,12989,exact_symbol
GIMD1,40029,exact_symbol
GIN1,8736,exact_symbol
GINM1,747,exact_symbol
GINS1,2424,exact_symbol
GINS2,6415,exact_symbol
GINS3,15152,exact_symbol
GINS4,8990,exact_symbol
GIP,10326,exact_symbol
GIPC1,5354,exact_symbol
GIPC2,7577,exact_symbol
GIPC3,14765,exact_symbol
GIPR,256,exact_symbol
GIT1,3505,exact_symbol
GIT2,7828,exact_symbol
GJA1,9570,exact_symbol
GJA10,7061,exact_symbol
GJA3,5191,exact_symbol
GJA4,16494,exact_symbol
GJA5,49833,exact_symbol
GJA8,5181,exact_symbol
GJB1,12626,exact_symbol
GJB2,11607,exact_symbol
GJB3,16871,exact_symbol
GJB4,17002,exact_symbol
GJB5,16962,exact_symbol
GJB6,5190,exact_symbol
GJC1,15390,exact_symbol
GJC2,17934,exact_symbol
GJC3,14092,exact_symbol
GJD2,10331,exact_symbol
GJD3,15439,exact_symbol
GJD4,14276,exact_symbol
GJE1,19697,exact_symbol
GK2,17160,exact_symbol
GK5,13826,exact_symbol
GKAP1,11529,exact_symbol
GKN1,12637,exact_symbol
GKN2,15547,exact_symbol
GLA,2671,exact_symbol
GLB1,12784,exact_symbol
GLB1L,11042,exact_symbol
GLB1L2,9201,exact_symbol
GLB1L3,11762,exact_symbol
GLCCI1,3307,exact_symbol
GLCE,7689,exact_symbol
GLDC,14506,exact_symbol
GLDN,16269,exact_symbol
GLE1,4894,exact_symbol
GLG1,1899,exact_symbol
GLI1,3846,exact_symbol
GLI2,1249,exact_symbol
GLI3,3329,exact_symbol
GLIPR1,7804,exact_symbol
GLIPR1L2,14892,exact_symbol
GLIPR2,5298,exact_symbol
GLIS1,13685,exact_symbol
GLIS2,5839,exact_symbol
GLIS3,3402,exact_symbol
GLMN,13779,exact_symbol
GLMP,17869,exact_symbol
GLO1,5579,exact_symbol
GLOD4,12173,exact_symbol
GLOD5,13060,exact_symbol
GLP1R,4012,exact_symbol
GLP2R,921,exact_symbol
GLRA1,8768,exact_symbol
GLRA2,2599,exact_symbol
GLRA3,8708,exact_symbol
GLRB,3696,exact_symbol
GLRX,13482,exact_symbol
GLRX3,3482,exact_symbol
GLRX5,15283,exact_symbol
GLS,4424,exact_symbol
GLS2,7078,exact_symbol
GLT1D1,9481,exact_symbol
GLT6D1,19781,exact_symbol
GLT8D1,371,exact_symbol
GLT8D2,5102,exact_symbol
GLTP,7827,exact_symbol
GLTPD2,15242,exact_symbol
GLUL,7155,exact_symbol
GLYAT,9171,exact_symbol
GLYATL3,19771,exact_symbol
GLYCTK,12315,exact_symbol
GLYR1,8006,exact_symbol
GM2A,17244,exact_symbol
GMDS,4097,exact_symbol
GMEB1,10734,exact_symbol
GMEB2,2473,exact_symbol
GMFB,17331,exact_symbol
GMFG,6336,exact_symbol
GMIP,1845,exact_symbol
GMNC,20357,exact_symbol
GMNN,4048,exact_symbol
GMPPA,8589,exact_symbol
GMPPB,13545,exact_symbol
GMPR,7431,exact_symbol
GMPR2,2411,exact_symbol
GMPS,11095,exact_symbol
GNA11,1765,exact_symbol
GNA12,8860,exact_symbol
GNA13,5004,exact_symbol
GNA14,9941,exact_symbol
GNA15,814,exact_symbol
GNAI1,5971,exact_symbol
GNAI2,4276,exact_symbol
GNAI3,913,exact_symbol
GNAL,8102,exact_symbol
GNAO1,1734,exact_symbol
GNAT1,4275,exact_symbol
GNAT2,6848,exact_symbol
GNAT3,23010,exact_symbol
GNAZ,6000,exact_symbol
GNB1,1422,exact_symbol
GNB1L,16108,exact_symbol
GNB2,13298,exact_symbol
GNB3,3921,exact_symbol
GNB4,4289,exact_symbol
GNB5,1089,exact_symbol
GNE,10410,exact_symbol
GNG10,37476,exact_symbol
GNG11,5962,exact_symbol
GNG12,13307,exact_symbol
GNG13,5942,exact_symbol
GNG2,16284,exact_symbol
GNG3,10696,exact_symbol
GNG4,12316,exact_symbol
GNG5,13642,exact_symbol
GNG7,14113,exact_symbol
GNG8,12096,exact_symbol
GNGT1,5964,exact_symbol
GNGT2,12021,exact_symbol
GNL1,19999,exact_symbol
GNL2,6946,exact_symbol
GNL3,11188,exact_symbol
GNL3L,6211,exact_symbol
GNMT,5571,exact_symbol
GNPAT,4642,exact_symbol
GNPDA1,4194,exact_symbol
GNPDA2,10966,exact_symbol
GNPNAT1,2330,exact_symbol
GNPTAB,3926,exact_symbol
GNPTG,1888,exact_symbol
GNRH1,8974,exact_symbol
GNRHR,3642,exact_symbol
GNS,7131,exact_symbol
GOLGA1,7383,exact_symbol
GOLGA3,1890,exact_symbol
GOLGA4,8604,exact_symbol
GOLGA5,975,exact_symbol
GOLGA7,8988,exact_symbol
GOLGA7B,9859,exact_symbol
GOLGB1,13485,exact_symbol
GOLIM4,13617,exact_symbol
GOLM1,7007,exact_symbol
GOLM2,11925,stable_id
GOLPH3,4176,exact_symbol
GOLPH3L,8404,exact_symbol
GOLT1A,13731,exact_symbol
GOLT1B,3938,exact_symbol
GON7,12785,exact_symbol
GOPC,632,exact_symbol
GORAB,5048,exact_symbol
GORASP1,4320,exact_symbol
GORASP2,4483,exact_symbol
GOSR1,3555,exact_symbol
GOSR2,3527,exact_symbol
GOT1,5000,exact_symbol
GOT1L1,12533,exact_symbol
GOT2,5617,exact_symbol
GP1BA,15960,exact_symbol
GP1BB,19666,exact_symbol
GP2,12586,exact_symbol
GP5,14555,exact_symbol
GP6,1761,exact_symbol
GP9,12659,exact_symbol
GPA33,8331,exact_symbol
GPAA1,17590,exact_symbol
GPAM,4983,exact_symbol
GPANK1,19937,exact_symbol
GPAT2,16236,exact_symbol
GPAT3,7714,exact_symbol
GPAT4,10252,exact_symbol
GPATCH1,1351,exact_symbol
GPATCH11,9501,exact_symbol
GPATCH2,1991,exact_symbol
GPATCH2L,1858,exact_symbol
GPATCH3,17889,exact_symbol
GPATCH4,10545,exact_symbol
GPATCH8,16309,exact_symbol
GPBAR1,14781,exact_symbol
GPBP1,838,exact_symbol
GPBP1L1,10372,exact_symbol
GPC1,864,exact_symbol
GPC2,22540,exact_symbol
GPC3,8956,exact_symbol
GPC4,1355,exact_symbol
GPC5,14691,exact_symbol
GPC6,15426,exact_symbol
GPCPD1,5708,exact_symbol
GPD1,12135,exact_symbol
GPD1L,9569,exact_symbol
GPD2,4371,exact_symbol
GPER1,11463,exact_symbol
GPHA2,9257,exact_symbol
GPHB5,14726,exact_symbol
GPHN,13137,exact_symbol
GPI,3054,exact_symbol
GPKOW,1041,exact_symbol
GPLD1,4038,exact_symbol
GPM6A,9316,exact_symbol
GPM6B,610,exact_symbol
GPN1,17803,exact_symbol
GPN2,8283,exact_symbol
GPN3,3861,exact_symbol
GPNMB,7245,exact_symbol
GPR101,11588,exact_symbol
GPR107,9087,exact_symbol
GPR108,5699,exact_symbol
GPR119,8957,exact_symbol
GPR12,6697,exact_symbol
GPR135,15091,exact_symbol
GPR137,13494,exact_symbol
GPR137B,1392,exact_symbol
GPR137C,14988,exact_symbol
GPR139,14853,exact_symbol
GPR141,16418,exact_symbol
GPR142,44815,exact_symbol
GPR143,2579,exact_symbol
GPR146,11462,exact_symbol
GPR149,13804,exact_symbol
GPR15,9737,exact_symbol
GPR151,13489,exact_symbol
GPR152,13915,exact_symbol
GPR153,10205,exact_symbol
GPR155,10979,exact_symbol
GPR156,13948,exact_symbol
GPR157,14934,exact_symbol
GPR158,9359,exact_symbol
GPR160,13614,exact_symbol
GPR161,8322,exact_symbol
GPR162,40186,exact_symbol
GPR17,8542,exact_symbol
GPR171,13803,exact_symbol
GPR173,15697,exact_symbol
GPR174,8933,exact_symbol
GPR176,11757,exact_symbol
GPR179,57071,exact_symbol
GPR18,5620,exact_symbol
GPR180,9579,exact_symbol
GPR182,11963,exact_symbol
GPR183,12618,exact_symbol
GPR19,15438,exact_symbol
GPR20,20107,exact_symbol
GPR21,16735,exact_symbol
GPR22,13257,exact_symbol
GPR25,12754,exact_symbol
GPR26,9774,exact_symbol
GPR27,12919,exact_symbol
GPR3,15117,exact_symbol
GPR31,5049,exact_symbol
GPR33,23190,exact_symbol
GPR34,13126,exact_symbol
GPR35,14535,exact_symbol
GPR37,12900,exact_symbol
GPR37L1,12744,exact_symbol
GPR39,15624,exact_symbol
GPR4,14317,exact_symbol
GPR45,7195,exact_symbol
GPR50,2643,exact_symbol
GPR52,19699,exact_symbol
GPR55,7167,exact_symbol
GPR6,8835,exact_symbol
GPR61,9946,exact_symbol
GPR62,14978,exact_symbol
GPR63,4024,exact_symbol
GPR65,7916,exact_symbol
GPR68,4950,exact_symbol
GPR75,4957,exact_symbol
GPR82,13124,exact_symbol
GPR83,5432,exact_symbol
GPR85,11395,exact_symbol
GPR87,7639,exact_symbol
GPR88,15099,exact_symbol
GPRASP1,17995,exact_symbol
GPRASP2,10207,exact_symbol
GPRC5A,341,exact_symbol
GPRC5B,12050,exact_symbol
GPRC5C,12821,exact_symbol
GPRC5D,3876,exact_symbol
GPRC6A,13564,exact_symbol
GPRIN1,12570,exact_symbol
GPRIN2,19832,exact_symbol
GPRIN3,16015,exact_symbol
GPS1,12665,exact_symbol
GPS2,6609,exact_symbol
GPSM1,10488,exact_symbol
GPSM2,5218,exact_symbol
GPSM3,22659,exact_symbol
GPT,12175,exact_symbol
GPT2,11766,exact_symbol
GPX1,32233,exact_symbol
GPX2,14034,exact_symbol
GPX3,21583,exact_symbol
GPX4,12103,exact_symbol
GPX6,17865,exact_symbol
GPX7,4539,exact_symbol
GPX8,11316,exact_symbol
GRAMD1A,1838,exact_symbol
GRAMD1B,422,exact_symbol
GRAMD1C,14438,exact_symbol
GRAMD4,1296,exact_symbol
GRAP2,2278,exact_symbol
GRB10,3254,exact_symbol
GRB14,4401,exact_symbol
GRB2,14405,exact_symbol
GRB7,8167,exact_symbol
GREB1,17058,exact_symbol
GREB1L,8115,exact_symbol
GREM1,11985,exact_symbol
GREM2,14961,exact_symbol
GRHL1,6884,exact_symbol
GRHL2,1591,exact_symbol
GRHL3,10177,exact_symbol
GRHPR,7417,exact_symbol
GRIA1,9882,exact_symbol
GRIA2,5025,exact_symbol
GRIA3,5689,exact_symbol
GRIA4,9559,exact_symbol
GRID1,15342,exact_symbol
GRID2,9508,exact_symbol
GRID2IP,23232,exact_symbol
GRIFIN,55928,exact_symbol
GRIK1,13010,exact_symbol
GRIK2,11358,exact_symbol
GRIK3,11164,exact_symbol
GRIK4,9205,exact_symbol
GRIK5,3185,exact_symbol
GRIN1,14182,exact_symbol
GRIN2A,15509,exact_symbol
GRIN2B,54357,exact_symbol
GRIN2C,10609,exact_symbol
GRIN2D,3112,exact_symbol
GRIN3A,17904,exact_symbol
GRIN3B,4521,exact_symbol
GRINA,14551,exact_symbol
GRIP1,9931,exact_symbol
GRIP2,8590,exact_symbol
GRIPAP1,1042,exact_symbol
GRK1,16151,exact_symbol
GRK2,13443,exact_symbol
GRK3,2179,exact_symbol
GRK4,5643,exact_symbol
GRK5,17959,exact_symbol
GRK6,17665,exact_symbol
GRM1,9592,exact_symbol
GRM2,11240,exact_symbol
GRM3,17926,exact_symbol
GRM4,5535,exact_symbol
GRM5,12490,exact_symbol
GRM6,4156,exact_symbol
GRM7,17084,exact_symbol
GRM8,14727,exact_symbol
GRN,486,exact_symbol
GRP,6906,exact_symbol
GRPEL1,3675,exact_symbol
GRPEL2,11312,exact_symbol
GRPR,5784,exact_symbol
GRSF1,6593,exact_symbol
GRTP1,7888,exact_symbol
GRWD1,3111,exact_symbol
GRXCR1,23288,exact_symbol
GRXCR2,20122,exact_symbol
GSAP,16179,exact_symbol
GSC,6811,exact_symbol
GSC2,861,exact_symbol
GSDMD,2932,exact_symbol
GSDME,3218,exact_symbol
GSE1,6413,exact_symbol
GSG1,3878,exact_symbol
GSG1L,12539,exact_symbol
GSG1L2,23202,exact_symbol
GSK3A,3182,exact_symbol
GSK3B,1577,exact_symbol
GSKIP,2379,exact_symbol
GSN,9058,exact_symbol
GSPT1,2803,exact_symbol
GSPT2,16986,exact_symbol
GSR,2946,exact_symbol
GSS,2417,exact_symbol
GSTCD,7742,exact_symbol
GSTK1,17463,exact_symbol
GSTM2,22510,exact_symbol
GSTM3,6855,exact_symbol
GSTM4,12436,exact_symbol
GSTO1,9143,exact_symbol
GSTO2,941,exact_symbol
GSTT4,56784,exact_symbol
GSTZ1,2343,exact_symbol
GSX1,12688,exact_symbol
GSX2,14911,exact_symbol
GTDC1,5219,exact_symbol
GTF2A1,11598,exact_symbol
GTF2A1L,37403,exact_symbol
GTF2A2,7944,exact_symbol
GTF2B,7573,exact_symbol
GTF2E1,9679,exact_symbol
GTF2E2,17406,exact_symbol
GTF2F1,5685,exact_symbol
GTF2F2,16720,exact_symbol
GTF2H1,3808,exact_symbol
GTF2H3,3889,exact_symbol
GTF2H4,22730,exact_symbol
GTF2H5,53746,exact_symbol
GTF2I,48572,exact_symbol
GTF2IRD1,151,exact_symbol
GTF3A,5228,exact_symbol
GTF3C1,1374,exact_symbol
GTF3C2,4378,exact_symbol
GTF3C3,4870,exact_symbol
GTF3C4,5659,exact_symbol
GTF3C5,9075,exact_symbol
GTF3C6,9851,exact_symbol
GTPBP1,2226,exact_symbol
GTPBP10,3194,exact_symbol
GTPBP2,13319,exact_symbol
GTPBP3,6242,exact_symbol
GTPBP4,3471,exact_symbol
GTPBP6,14533,exact_symbol
GTPBP8,11072,exact_symbol
GTSE1,1292,exact_symbol
GTSF1,12878,exact_symbol
GTSF1L,5476,exact_symbol
GUCA1A,645,exact_symbol
GUCA1B,4084,exact_symbol
GUCA2A,17408,exact_symbol
GUCA2B,600,exact_symbol
GUCD1,7758,exact_symbol
GUCY1A1,11259,exact_symbol
GUCY1A2,9533,exact_symbol
GUCY1B1,832,exact_symbol
GUCY2C,1094,exact_symbol
GUCY2D,6608,exact_symbol
GUCY2F,2586,exact_symbol
GUF1,9464,exact_symbol
GUK1,8465,exact_symbol
GULP1,8557,exact_symbol
GUSB,12713,exact_symbol
GXYLT1,9381,exact_symbol
GXYLT2,13437,exact_symbol
GYPC,7330,exact_symbol
GYS1,2966,exact_symbol
GYS2,3939,exact_symbol
GZF1,5717,exact_symbol
GZMA,8725,exact_symbol
GZMK,4138,exact_symbol
GZMM,17489,exact_symbol
H1-0,16910,stable_id
H1-1,5558,stable_id
H1-10,15859,stable_id
H1-2,16589,stable_id
H1-3,5551,stable_id
H1-4,12335,stable_id
H1-5,15740,stable_id
H1-6,16485,stable_id
H2AC1,11376,stable_id
H2AC19,53837,hgnc_previous_symbol
H2AC20,15714,stable_id
H2AC21,15716,stable_id
H2AJ,38518,stable_id
H2AX,16753,stable_id
H2AZ2,3226,stable_id
H2BC1,8794,stable_id
H2BC18,19728,stable_id
H3-4,12303,stable_id
H3C1,56020,stable_id
H3C14,19726,stable_id
H6PD,655,exact_symbol
HAAO,10858,exact_symbol
HABP2,9128,exact_symbol
HABP4,6372,exact_symbol
HACD1,11739,exact_symbol
HACD2,20467,exact_symbol
HACD3,1272,exact_symbol
HACD4,16874,exact_symbol
HACE1,1654,exact_symbol
HACL1,6436,exact_symbol
HADH,7747,exact_symbol
HADHA,1641,exact_symbol
HADHB,7589,exact_symbol
HAGH,866,exact_symbol
HAGHL,2788,exact_symbol
HAL,1623,exact_symbol
HAND1,4147,exact_symbol
HAND2,11253,exact_symbol
HAO1,2497,exact_symbol
HAO2,4637,exact_symbol
HAP1,13596,exact_symbol
HAPLN1,8727,exact_symbol
HAPLN2,6647,exact_symbol
HAPLN3,7984,exact_symbol
HAPLN4,16538,exact_symbol
HARBI1,14879,exact_symbol
HARS2,4117,exact_symbol
HAS1,3123,exact_symbol
HAS2,12959,exact_symbol
HAS3,2751,exact_symbol
HASPIN,14348,exact_symbol
HAT1,6065,exact_symbol
HAUS1,9516,exact_symbol
HAUS2,7543,exact_symbol
HAUS3,22996,exact_symbol
HAUS4,1952,exact_symbol
HAUS5,39273,exact_symbol
HAUS6,9033,exact_symbol
HAUS7,22525,exact_symbol
HAVCR2,7012,exact_symbol
HAX1,8433,exact_symbol
HBE1,22800,exact_symbol
HBEGF,4135,exact_symbol
HBP1,3207,exact_symbol
HBS1L,4054,exact_symbol
HBZ,6308,exact_symbol
HCAR1,17291,exact_symbol
HCCS,70,exact_symbol
HCFC1,13343,exact_symbol
HCFC1R1,2764,exact_symbol
HCFC2,3943,exact_symbol
HCK,2502,exact_symbol
HCLS1,14867,exact_symbol
HCN1,11390,exact_symbol
HCN2,2121,exact_symbol
HCN3,8444,exact_symbol
HCN4,7696,exact_symbol
HCRT,10620,exact_symbol
HCRTR1,5194,exact_symbol
HCRTR2,7442,exact_symbol
HCST,5811,exact_symbol
HDAC1,4572,exact_symbol
HDAC10,2309,exact_symbol
HDAC11,11038,exact_symbol
HDAC2,17198,exact_symbol
HDAC3,13135,exact_symbol
HDAC4,1028,exact_symbol
HDAC5,3599,exact_symbol
HDAC6,2002,exact_symbol
HDAC7,825,exact_symbol
HDAC8,8921,exact_symbol
HDAC9,635,exact_symbol
HDC,7941,exact_symbol
HDDC2,3980,exact_symbol
HDDC3,15778,exact_symbol
HDGF,8364,exact_symbol
HDGFL2,12167,exact_symbol
HDGFL3,11881,exact_symbol
HDHD2,12060,exact_symbol
HDHD3,4904,exact_symbol
HDHD5,1091,exact_symbol
HDLBP,4470,exact_symbol
HDX,11567,exact_symbol
HEATR1,4885,exact_symbol
HEATR3,9874,exact_symbol
HEATR4,16434,exact_symbol
HEATR5A,6150,exact_symbol
HEATR5B,228,exact_symbol
HEATR6,1032,exact_symbol
HEATR9,52709,exact_symbol
HEBP1,340,exact_symbol
HEBP2,695,exact_symbol
HECA,4062,exact_symbol
HECTD1,1962,exact_symbol
HECTD2,11584,exact_symbol
HECTD3,5793,exact_symbol
HECTD4,13447,exact_symbol
HECW1,27,exact_symbol
HECW2,7666,exact_symbol
HEG1,13584,exact_symbol
HELB,5900,exact_symbol
HELLS,4991,exact_symbol
HELQ,10975,exact_symbol
HELT,16585,exact_symbol
HELZ,17732,exact_symbol
HELZ2,6295,exact_symbol
HEMK1,4314,exact_symbol
HENMT1,10791,exact_symbol
HEPACAM,11610,exact_symbol
HEPACAM2,16679,exact_symbol
HEPH,1840,exact_symbol
HEPHL1,15048,exact_symbol
HERC1,2846,exact_symbol
HERC2,6070,exact_symbol
HERC3,7701,exact_symbol
HERC4,9118,exact_symbol
HERC6,7702,exact_symbol
HERPUD1,688,exact_symbol
HERPUD2,5280,exact_symbol
HES1,4271,exact_symbol
HES2,1084,exact_symbol
HES3,13574,exact_symbol
HES5,17614,exact_symbol
HES6,8574,exact_symbol
HES7,14637,exact_symbol
HESX1,11099,exact_symbol
HEXA,22640,exact_symbol
HEXB,670,exact_symbol
HEXIM1,16366,exact_symbol
HEXIM2,12388,exact_symbol
HEY1,11418,exact_symbol
HEY2,7111,exact_symbol
HEYL,11177,exact_symbol
HFE,269,exact_symbol
HFM1,10799,exact_symbol
HGD,4240,exact_symbol
HGF,394,exact_symbol
HGFAC,3699,exact_symbol
HGH1,33554,exact_symbol
HGS,15995,exact_symbol
HGSNAT,11527,exact_symbol
HHAT,727,exact_symbol
HHATL,253,exact_symbol
HHIP,11274,exact_symbol
HHIPL1,15217,exact_symbol
HHIPL2,8417,exact_symbol
HHLA1,6562,exact_symbol
HIBADH,3250,exact_symbol
HIBCH,17691,exact_symbol
HIC1,14296,exact_symbol
HIC2,12645,exact_symbol
HID1,12223,exact_symbol
HIF1A,2364,exact_symbol
HIF1AN,11771,exact_symbol
HIF3A,5524,exact_symbol
HIGD1A,15007,exact_symbol
HIGD1B,6404,exact_symbol
HIGD1C,23032,exact_symbol
HIKESHI,9180,exact_symbol
HILPDA,7038,exact_symbol
HINFP,13273,exact_symbol
HINT1,12628,exact_symbol
HINT2,7419,exact_symbol
HINT3,3982,exact_symbol
HIP1,5965,exact_symbol
HIP1R,6347,exact_symbol
HIPK1,10985,exact_symbol
HIPK2,882,exact_symbol
HIPK3,3775,exact_symbol
HIPK4,10490,exact_symbol
HIRA,2183,exact_symbol
HIRIP3,9273,exact_symbol
HIVEP1,2048,exact_symbol
HIVEP2,272,exact_symbol
HIVEP3,5890,exact_symbol
HJV,12386,exact_symbol
HK1,10003,exact_symbol
HK3,10554,exact_symbol
HKDC1,10002,exact_symbol
HLA-DMA,19860,exact_symbol
HLA-DOA,19857,exact_symbol
HLA-DOB,36837,exact_symbol
HLA-DQB2,31778,exact_symbol
HLA-DRA,19872,exact_symbol
HLCS,10337,exact_symbol
HLF,3608,exact_symbol
HLTF,1163,exact_symbol
HLX,7309,exact_symbol
HM13,2491,exact_symbol
HMBOX1,8971,exact_symbol
HMBS,44517,exact_symbol
HMCES,15551,exact_symbol
HMCN1,8370,exact_symbol
HMCN2,9086,exact_symbol
HMG20A,7956,exact_symbol
HMG20B,904,exact_symbol
HMGA2,9276,exact_symbol
HMGB2,11250,exact_symbol
HMGB3,481,exact_symbol
HMGB4,14062,exact_symbol
HMGCL,4692,exact_symbol
HMGCLL1,8811,exact_symbol
HMGCR,4144,exact_symbol
HMGCS1,4125,exact_symbol
HMGCS2,6860,exact_symbol
HMGN1,20291,exact_symbol
HMGN3,4807,exact_symbol
HMGXB3,4217,exact_symbol
HMGXB4,2243,exact_symbol
HMMR,1196,exact_symbol
HMOX1,2248,exact_symbol
HMOX2,2814,exact_symbol
HMX1,23426,exact_symbol
HMX2,16845,exact_symbol
HMX3,16786,exact_symbol
HNF1A,7018,exact_symbol
HNF1B,55830,exact_symbol
HNF4A,2433,exact_symbol
HNF4G,11439,exact_symbol
HNMT,9311,exact_symbol
HNRNPA0,14382,exact_symbol
HNRNPA1,7099,exact_symbol
HNRNPA2B1,5282,exact_symbol
HNRNPAB,17464,exact_symbol
HNRNPD,7709,exact_symbol
HNRNPF,12684,exact_symbol
HNRNPH1,12509,exact_symbol
HNRNPH2,5877,exact_symbol
HNRNPH3,2067,exact_symbol
HNRNPK,11532,exact_symbol
HNRNPL,2970,exact_symbol
HNRNPLL,8489,exact_symbol
HNRNPM,2110,exact_symbol
HNRNPR,5763,exact_symbol
HNRNPU,9635,exact_symbol
HNRNPUL1,3075,exact_symbol
HNRNPUL2,23111,exact_symbol
HOATZ,15560,stable_id
HOGA1,37179,exact_symbol
HOMER1,9536,exact_symbol
HOMER2,2861,exact_symbol
HOMER3,689,exact_symbol
HOMEZ,23313,exact_symbol
HOOK1,6948,exact_symbol
HOOK2,2016,exact_symbol
HOOK3,12307,exact_symbol
HOPX,13076,exact_symbol
HORMAD1,8403,exact_symbol
HORMAD2,14131,exact_symbol
HOXA1,3234,exact_symbol
HOXA10,42217,exact_symbol
HOXA11,77,exact_symbol
HOXA13,3247,exact_symbol
HOXA2,3236,exact_symbol
HOXA3,3237,exact_symbol
HOXA4,17503,exact_symbol
HOXA5,3239,exact_symbol
HOXA6,3240,exact_symbol
HOXA7,5287,exact_symbol
HOXA9,1423,exact_symbol
HOXB1,5010,exact_symbol
HOXB13,10313,exact_symbol
HOXB2,13621,exact_symbol
HOXB3,5009,exact_symbol
HOXB4,15336,exact_symbol
HOXB5,5007,exact_symbol
HOXB6,3541,exact_symbol
HOXB7,46935,exact_symbol
HOXB8,5005,exact_symbol
HOXB9,12893,exact_symbol
HOXC10,14950,exact_symbol
HOXC11,5380,exact_symbol
HOXC12,5383,exact_symbol
HOXC13,5377,exact_symbol
HOXC4,17751,exact_symbol
HOXC5,13393,exact_symbol
HOXC6,17560,exact_symbol
HOXC8,543,exact_symbol
HOXC9,14947,exact_symbol
HOXD1,6056,exact_symbol
HOXD10,6067,exact_symbol
HOXD11,6068,exact_symbol
HOXD12,12766,exact_symbol
HOXD13,6069,exact_symbol
HOXD3,6057,exact_symbol
HOXD4,12764,exact_symbol
HOXD8,13986,exact_symbol
HOXD9,6066,exact_symbol
HP1BP3,5924,exact_symbol
HPCA,5214,exact_symbol
HPCAL4,4650,exact_symbol
HPD,10183,exact_symbol
HPDL,16319,exact_symbol
HPF1,757,exact_symbol
HPGD,11262,exact_symbol
HPGDS,10924,exact_symbol
HPN,3177,exact_symbol
HPS1,3422,exact_symbol
HPS3,11130,exact_symbol
HPS4,2187,exact_symbol
HPS5,3807,exact_symbol
HPS6,11793,exact_symbol
HPSE,13452,exact_symbol
HPSE2,13438,exact_symbol
HPX,3752,exact_symbol
HR,12370,exact_symbol
HRAS,13764,exact_symbol
HRC,6284,exact_symbol
HRCT1,17054,exact_symbol
HRG,4238,exact_symbol
HRH1,17211,exact_symbol
HRH2,4225,exact_symbol
HRH3,2455,exact_symbol
HRH4,6915,exact_symbol
HRK,7022,exact_symbol
HROB,5629,stable_id
HS1BP3,4859,exact_symbol
HS2ST1,9704,exact_symbol
HS3ST1,24,exact_symbol
HS3ST2,5249,exact_symbol
HS3ST3A1,9708,exact_symbol
HS3ST3B1,5647,exact_symbol
HS3ST4,15308,exact_symbol
HS3ST5,39738,exact_symbol
HS3ST6,10678,exact_symbol
HS6ST1,7328,exact_symbol
HS6ST2,12965,exact_symbol
HS6ST3,15994,exact_symbol
HSBP1,30650,exact_symbol
HSBP1L1,27723,exact_symbol
HSCB,2218,exact_symbol
HSD11B1,4734,exact_symbol
HSD11B2,14086,exact_symbol
HSD17B1,3584,exact_symbol
HSD17B10,1194,exact_symbol
HSD17B11,17712,exact_symbol
HSD17B12,9165,exact_symbol
HSD17B13,12851,exact_symbol
HSD17B14,1716,exact_symbol
HSD17B2,1704,exact_symbol
HSD17B3,6370,exact_symbol
HSD17B4,6802,exact_symbol
HSD17B6,445,exact_symbol
HSD17B7,6550,exact_symbol
HSD3B7,2098,exact_symbol
HSDL1,2769,exact_symbol
HSDL2,4908,exact_symbol
HSF1,15931,exact_symbol
HSF2,443,exact_symbol
HSF2BP,10450,exact_symbol
HSF4,2713,exact_symbol
HSF5,14036,exact_symbol
HSH2D,17228,exact_symbol
HSP90AA1,1510,exact_symbol
HSP90AB1,2060,exact_symbol
HSP90B1,11908,exact_symbol
HSPA12A,11708,exact_symbol
HSPA12B,6626,exact_symbol
HSPA13,9863,exact_symbol
HSPA14,16497,exact_symbol
HSPA1L,19915,exact_symbol
HSPA2,5859,exact_symbol
HSPA4,12872,exact_symbol
HSPA4L,11232,exact_symbol
HSPA5,606,exact_symbol
HSPA8,3725,exact_symbol
HSPA9,4132,exact_symbol
HSPB1,3270,exact_symbol
HSPB2,12788,exact_symbol
HSPB3,12571,exact_symbol
HSPB6,57,exact_symbol
HSPB7,13570,exact_symbol
HSPB8,9502,exact_symbol
HSPBAP1,12521,exact_symbol
HSPBP1,6744,exact_symbol
HSPD1,8559,exact_symbol
HSPG2,8288,exact_symbol
HSPH1,5083,exact_symbol
HTATIP2,3712,exact_symbol
HTATSF1,2650,exact_symbol
HTR1A,14495,exact_symbol
HTR1B,7048,exact_symbol
HTR1F,14634,exact_symbol
HTR2A,2677,exact_symbol
HTR2B,7175,exact_symbol
HTR2C,8952,exact_symbol
HTR3A,11926,exact_symbol
HTR3B,9197,exact_symbol
HTR4,11310,exact_symbol
HTR5A,10083,exact_symbol
HTR6,10263,exact_symbol
HTR7,9124,exact_symbol
HTRA1,11750,exact_symbol
HTRA2,4407,exact_symbol
HTRA3,12909,exact_symbol
HTRA4,12614,exact_symbol
HTT,17444,exact_symbol
HUNK,8201,exact_symbol
HUS1,7257,exact_symbol
HUS1B,16890,exact_symbol
HUWE1,1708,exact_symbol
HVCN1,5334,exact_symbol
HYAL1,4279,exact_symbol
HYAL2,1027,exact_symbol
HYAL3,16353,exact_symbol
HYAL4,3283,exact_symbol
HYDIN,10104,exact_symbol
HYKK,16698,exact_symbol
HYLS1,17747,exact_symbol
HYOU1,9207,exact_symbol
HYPK,37216,exact_symbol
IAH1,6890,exact_symbol
IAPP,5157,exact_symbol
IARS2,1017,exact_symbol
IBA57,15140,exact_symbol
IBSP,478,exact_symbol
IBTK,103,exact_symbol
ICA1,35,exact_symbol
ICA1L,11065,exact_symbol
ICAM1,1872,exact_symbol
ICAM2,3563,exact_symbol
ICAM4,3088,exact_symbol
ICAM5,3092,exact_symbol
ICE1,11273,exact_symbol
ICE2,6084,exact_symbol
ICMT,4554,exact_symbol
ICOS,11068,exact_symbol
ID1,5771,exact_symbol
ID2,4476,exact_symbol
ID3,4694,exact_symbol
ID4,13255,exact_symbol
IDE,4977,exact_symbol
IDH1,7667,exact_symbol
IDH2,15177,exact_symbol
IDH3A,11854,exact_symbol
IDH3B,2513,exact_symbol
IDH3G,1020,exact_symbol
IDI1,994,exact_symbol
IDNK,9045,exact_symbol
IDO1,6423,exact_symbol
IDO2,16804,exact_symbol
IDS,263,exact_symbol
IDUA,5915,exact_symbol
IER2,10556,exact_symbol
IER3,7457,exact_symbol
IER3IP1,6829,exact_symbol
IER5,10840,exact_symbol
IER5L,16752,exact_symbol
IFFO1,255,exact_symbol
IFFO2,12729,exact_symbol
IFI30,23611,exact_symbol
IFI35,1031,exact_symbol
IFI44,7579,exact_symbol
IFIH1,4393,exact_symbol
IFIT2,4982,exact_symbol
IFITM10,38159,exact_symbol
IFITM5,20404,exact_symbol
IFNE,15890,exact_symbol
IFNGR1,464,exact_symbol
IFNGR2,10303,exact_symbol
IFNLR1,16008,exact_symbol
IFRD1,148,exact_symbol
IFRD2,23097,exact_symbol
IFT122,11178,exact_symbol
IFT140,16502,exact_symbol
IFT172,7586,exact_symbol
IFT20,3629,exact_symbol
IFT22,6040,exact_symbol
IFT27,2282,exact_symbol
IFT43,4931,exact_symbol
IFT46,4776,exact_symbol
IFT52,2430,exact_symbol
IFT57,4288,exact_symbol
IFT74,2068,exact_symbol
IFT80,1056,exact_symbol
IFT81,5332,exact_symbol
IFT88,495,exact_symbol
IFTAP,11839,stable_id
IGDCC3,13719,exact_symbol
IGDCC4,2852,exact_symbol
IGF1,373,exact_symbol
IGF1R,7966,exact_symbol
IGF2,12062,exact_symbol
IGF2BP1,10325,exact_symbol
IGF2BP2,1241,exact_symbol
IGF2BP3,7244,exact_symbol
IGF2R,17344,exact_symbol
IGFALS,2109,exact_symbol
IGFBP1,8875,exact_symbol
IGFBP2,4429,exact_symbol
IGFBP3,8872,exact_symbol
IGFBP4,8172,exact_symbol
IGFBP5,4431,exact_symbol
IGFBP6,12205,exact_symbol
IGFBP7,11014,exact_symbol
IGFBPL1,7421,exact_symbol
IGFLR1,5803,exact_symbol
IGHMBP2,6652,exact_symbol
IGIP,15329,exact_symbol
IGLON5,8252,exact_symbol
IGSF1,8954,exact_symbol
IGSF10,9560,exact_symbol
IGSF11,8633,exact_symbol
IGSF21,4678,exact_symbol
IGSF3,8310,exact_symbol
IGSF6,8017,exact_symbol
IGSF8,10818,exact_symbol
IGSF9,1662,exact_symbol
IGSF9B,1513,exact_symbol
IHH,11030,exact_symbol
IHO1,13524,stable_id
IKBKB,2909,exact_symbol
IKBKE,48776,exact_symbol
IKBKG,52228,exact_symbol
IKZF1,16099,exact_symbol
IKZF2,485,exact_symbol
IKZF3,10608,exact_symbol
IKZF4,5384,exact_symbol
IKZF5,2033,exact_symbol
IL10,7311,exact_symbol
IL10RA,3767,exact_symbol
IL10RB,37887,exact_symbol
IL11,2041,exact_symbol
IL12A,12450,exact_symbol
IL12B,4164,exact_symbol
IL12RB2,1552,exact_symbol
IL13,12544,exact_symbol
IL13RA1,6486,exact_symbol
IL13RA2,5395,exact_symbol
IL15,11270,exact_symbol
IL15RA,6913,exact_symbol
IL16,13295,exact_symbol
IL17A,4002,exact_symbol
IL17B,5949,exact_symbol
IL17C,5519,exact_symbol
IL17D,13322,exact_symbol
IL17F,4003,exact_symbol
IL17RA,14356,exact_symbol
IL17RB,764,exact_symbol
IL17RC,11111,exact_symbol
IL17RD,8611,exact_symbol
IL17RE,11110,exact_symbol
IL18,9340,exact_symbol
IL18BP,7483,exact_symbol
IL18R1,4460,exact_symbol
IL18RAP,4461,exact_symbol
IL19,8216,exact_symbol
IL1A,4352,exact_symbol
IL1B,5673,exact_symbol
IL1F10,7320,exact_symbol
IL1R1,4456,exact_symbol
IL1R2,4453,exact_symbol
IL1RAP,17011,exact_symbol
IL1RAPL1,12578,exact_symbol
IL1RAPL2,16920,exact_symbol
IL1RL1,4459,exact_symbol
IL1RL2,4458,exact_symbol
IL1RN,7316,exact_symbol
IL2,3670,exact_symbol
IL20,10862,exact_symbol
IL20RA,368,exact_symbol
IL20RB,13730,exact_symbol
IL21,7715,exact_symbol
IL21R,2832,exact_symbol
IL22RA1,8273,exact_symbol
IL22RA2,11371,exact_symbol
IL23A,3833,exact_symbol
IL23R,10771,exact_symbol
IL24,10863,exact_symbol
IL25,11759,exact_symbol
IL27,17407,exact_symbol
IL27RA,3024,exact_symbol
IL2RA,6910,exact_symbol
IL2RB,2292,exact_symbol
IL2RG,8942,exact_symbol
IL31RA,11377,exact_symbol
IL33,7398,exact_symbol
IL34,10099,exact_symbol
IL36A,7317,exact_symbol
IL36RN,7318,exact_symbol
IL4I1,3009,exact_symbol
IL4R,1375,exact_symbol
IL5,4192,exact_symbol
IL5RA,1921,exact_symbol
IL6R,10525,exact_symbol
IL6ST,6894,exact_symbol
IL7,2922,exact_symbol
IL7R,12422,exact_symbol
IL9,8759,exact_symbol
IL9R,5511,exact_symbol
ILDR1,8661,exact_symbol
ILDR2,8340,exact_symbol
ILF2,8440,exact_symbol
ILF3,6133,exact_symbol
ILK,11829,exact_symbol
ILKAP,6567,exact_symbol
ILRUN,17267,stable_id
ILVBL,3036,exact_symbol
IMMP1L,9157,exact_symbol
IMMP2L,15862,exact_symbol
IMMT,6564,exact_symbol
IMP3,14418,exact_symbol
IMP4,7327,exact_symbol
IMPA1,6789,exact_symbol
IMPA2,8101,exact_symbol
IMPACT,9718,exact_symbol
IMPDH1,3295,exact_symbol
IMPDH2,14432,exact_symbol
IMPG1,4099,exact_symbol
IMPG2,1526,exact_symbol
INA,9137,exact_symbol
INAFM1,45164,exact_symbol
INAFM2,46365,exact_symbol
INAVA,10990,exact_symbol
INCA1,17123,exact_symbol
INCENP,9220,exact_symbol
INF2,19643,exact_symbol
ING1,9665,exact_symbol
ING2,12396,exact_symbol
ING3,1151,exact_symbol
ING4,3920,exact_symbol
ING5,12356,exact_symbol
INHA,5441,exact_symbol
INHBA,5288,exact_symbol
INHBB,10919,exact_symbol
INHBC,13851,exact_symbol
INHBE,7803,exact_symbol
INIP,9053,exact_symbol
INKA1,16045,exact_symbol
INKA2,17588,exact_symbol
INMT,37061,exact_symbol
INO80,6083,exact_symbol
INO80B,4396,exact_symbol
INO80C,9658,exact_symbol
INO80D,4343,exact_symbol
INO80E,12632,exact_symbol
INPP1,9444,exact_symbol
INPP4A,572,exact_symbol
INPP4B,3667,exact_symbol
INPP5A,1040,exact_symbol
INPP5B,19802,exact_symbol
INPP5D,12478,exact_symbol
INPP5E,9090,exact_symbol
INPP5F,17928,exact_symbol
INPP5J,15935,exact_symbol
INPP5K,6577,exact_symbol
INPPL1,11604,exact_symbol
INSC,16754,exact_symbol
INSIG1,16290,exact_symbol
INSIG2,5678,exact_symbol
INSL3,38620,exact_symbol
INSL5,13314,exact_symbol
INSM1,13520,exact_symbol
INSM2,12346,exact_symbol
INSR,12987,exact_symbol
INSRR,463,exact_symbol
INSYN1,20244,exact_symbol
INSYN2A,16872,stable_id
INSYN2B,20071,exact_symbol
INTS1,11470,exact_symbol
INTS10,2939,exact_symbol
INTS11,5884,exact_symbol
INTS12,7743,exact_symbol
INTS13,870,exact_symbol
INTS14,7692,exact_symbol
INTS2,3538,exact_symbol
INTS3,8442,exact_symbol
INTS4,9189,exact_symbol
INTS5,15921,exact_symbol
INTS6,2702,exact_symbol
INTS6L,11587,exact_symbol
INTS7,8411,exact_symbol
INTS8,11491,exact_symbol
INTS9,2895,exact_symbol
INTU,11230,exact_symbol
INVS,4911,exact_symbol
IP6K1,14022,exact_symbol
IP6K2,1050,exact_symbol
IP6K3,10650,exact_symbol
IPCEF1,1273,exact_symbol
IPMK,9375,exact_symbol
IPO11,1688,exact_symbol
IPO13,4705,exact_symbol
IPO4,17163,exact_symbol
IPO5,914,exact_symbol
IPO7,20236,exact_symbol
IPO8,6786,exact_symbol
IPO9,17863,exact_symbol
IPP,17456,exact_symbol
IPPK,5886,exact_symbol
IQANK1,19649,exact_symbol
IQCA1L,57922,exact_symbol
IQCB1,13483,exact_symbol
IQCC,10418,exact_symbol
IQCD,11901,exact_symbol
IQCF1,13516,exact_symbol
IQCF5,23088,exact_symbol
IQCF6,23090,exact_symbol
IQCG,4291,exact_symbol
IQCH,2842,exact_symbol
IQCJ,22929,exact_symbol
IQCK,13742,exact_symbol
IQCM,33311,exact_symbol
IQGAP1,8000,exact_symbol
IQGAP2,8732,exact_symbol
IQGAP3,15628,exact_symbol
IQSEC1,8607,exact_symbol
IQSEC2,5509,exact_symbol
IQSEC3,5069,exact_symbol
IQUB,11417,exact_symbol
IRAG1,1212,stable_id
IRAG2,4800,stable_id
IRAK1,15705,exact_symbol
IRAK1BP1,8823,exact_symbol
IRAK2,6834,exact_symbol
IRAK3,1874,exact_symbol
IRAK4,17646,exact_symbol
IREB2,7274,exact_symbol
IRF1,5631,exact_symbol
IRF2,12341,exact_symbol
IRF2BP1,12870,exact_symbol
IRF2BP2,12322,exact_symbol
IRF2BPL,4935,exact_symbol
IRF3,5821,exact_symbol
IRF4,7444,exact_symbol
IRF5,6048,exact_symbol
IRF6,4735,exact_symbol
IRF7,16024,exact_symbol
IRF8,8046,exact_symbol
IRF9,22798,exact_symbol
IRGQ,12088,exact_symbol
IRS1,12510,exact_symbol
IRS2,16142,exact_symbol
IRS4,6727,exact_symbol
IRX1,12861,exact_symbol
IRX2,12863,exact_symbol
IRX3,14328,exact_symbol
IRX4,4182,exact_symbol
IRX5,14173,exact_symbol
IRX6,10351,exact_symbol
ISCA2,11715,exact_symbol
ISCU,7200,exact_symbol
ISG15,16523,exact_symbol
ISG20L2,8362,exact_symbol
ISL1,366,exact_symbol
ISL2,10369,exact_symbol
ISLR,6096,exact_symbol
ISLR2,12046,exact_symbol
ISM1,2477,exact_symbol
ISM2,2349,exact_symbol
ISOC1,978,exact_symbol
IST1,15195,exact_symbol
ISY1,36668,exact_symbol
ISYNA1,3156,exact_symbol
ITCH,1437,exact_symbol
ITFG1,6164,exact_symbol
ITFG2,3855,exact_symbol
ITGA1,22810,exact_symbol
ITGA10,8321,exact_symbol
ITGA11,7541,exact_symbol
ITGA2,11281,exact_symbol
ITGA2B,112,exact_symbol
ITGA3,109,exact_symbol
ITGA4,4383,exact_symbol
ITGA5,10623,exact_symbol
ITGA6,1924,exact_symbol
ITGA7,7079,exact_symbol
ITGA8,1401,exact_symbol
ITGA9,8602,exact_symbol
ITGAD,10039,exact_symbol
ITGAE,1595,exact_symbol
ITGAL,107,exact_symbol
ITGAM,12704,exact_symbol
ITGAV,7675,exact_symbol
ITGAX,8009,exact_symbol
ITGB1,9285,exact_symbol
ITGB1BP1,4878,exact_symbol
ITGB1BP2,8941,exact_symbol
ITGB2,10465,exact_symbol
ITGB3,46261,exact_symbol
ITGB3BP,8289,exact_symbol
ITGB4,6598,exact_symbol
ITGB5,1578,exact_symbol
ITGB6,4381,exact_symbol
ITGB7,7855,exact_symbol
ITGB8,3206,exact_symbol
ITGBL1,17808,exact_symbol
ITIH1,756,exact_symbol
ITIH2,9440,exact_symbol
ITIH3,10705,exact_symbol
ITIH4,755,exact_symbol
ITIH5,5365,exact_symbol
ITK,4157,exact_symbol
ITM2A,1430,exact_symbol
ITM2B,7232,exact_symbol
ITM2C,7176,exact_symbol
ITPA,5749,exact_symbol
ITPK1,2356,exact_symbol
ITPKA,7551,exact_symbol
ITPKB,8464,exact_symbol
ITPKC,1697,exact_symbol
ITPR1,9353,exact_symbol
ITPR2,5343,exact_symbol
ITPR3,2063,exact_symbol
ITPRID1,14866,exact_symbol
ITPRID2,7670,exact_symbol
ITPRIP,9146,exact_symbol
ITPRIPL1,17966,exact_symbol
ITPRIPL2,20332,exact_symbol
ITSN1,20331,exact_symbol
ITSN2,17766,exact_symbol
IVD,6088,exact_symbol
IVNS1ABP,4596,exact_symbol
IWS1,10943,exact_symbol
IYD,237,exact_symbol
IZUMO1R,15532,exact_symbol
IZUMO2,10629,exact_symbol
IZUMO3,20259,exact_symbol
IZUMO4,2123,exact_symbol
JADE1,1394,exact_symbol
JADE2,595,exact_symbol
JADE3,2645,exact_symbol
JAG1,2515,exact_symbol
JAG2,15867,exact_symbol
JAGN1,12998,exact_symbol
JAK1,10738,exact_symbol
JAK2,2069,exact_symbol
JAK3,3148,exact_symbol
JAKMIP1,9606,exact_symbol
JAKMIP2,14013,exact_symbol
JAKMIP3,16730,exact_symbol
JAM2,9801,exact_symbol
JAM3,11758,exact_symbol
JARID2,199,exact_symbol
JAZF1,9686,exact_symbol
JCAD,11683,exact_symbol
JCHAIN,6595,exact_symbol
JDP2,7918,exact_symbol
JHY,3723,exact_symbol
JMJD1C,13205,exact_symbol
JMJD4,1540,exact_symbol
JMJD6,1115,exact_symbol
JMJD7,37951,exact_symbol
JMJD8,10672,exact_symbol
JMY,9535,exact_symbol
JOSD1,2224,exact_symbol
JOSD2,10634,exact_symbol
JPH1,2911,exact_symbol
JPH2,9240,exact_symbol
JPH3,9726,exact_symbol
JPH4,1953,exact_symbol
JPT1,16935,exact_symbol
JRK,33160,exact_symbol
JRKL,15488,exact_symbol
JSRP1,12105,exact_symbol
JTB,8423,exact_symbol
JUN,14349,exact_symbol
JUNB,13022,exact_symbol
JUND,6283,exact_symbol
JUP,13595,exact_symbol
KALRN,10432,exact_symbol
KANK1,3387,exact_symbol
KANK2,17402,exact_symbol
KANK3,16406,exact_symbol
KANK4,6675,exact_symbol
KANSL1,5006,exact_symbol
KANSL1L,8566,exact_symbol
KANSL2,7852,exact_symbol
KANSL3,4348,exact_symbol
KANTR,31747,exact_symbol
KASH5,10619,stable_id
KAT14,9212,exact_symbol
KAT2A,3580,exact_symbol
KAT2B,4261,exact_symbol
KAT5,13435,exact_symbol
KAT6A,1588,exact_symbol
KAT6B,10015,exact_symbol
KAT7,7292,exact_symbol
KAT8,2830,exact_symbol
KATNA1,16321,exact_symbol
KATNAL1,2701,exact_symbol
KATNAL2,12059,exact_symbol
KATNB1,8030,exact_symbol
KATNBL1,6845,exact_symbol
KATNIP,622,stable_id
KAZALD1,3455,exact_symbol
KAZN,16977,exact_symbol
KBTBD11,14124,exact_symbol
KBTBD12,16552,exact_symbol
KBTBD13,33040,exact_symbol
KBTBD2,12922,exact_symbol
KBTBD3,15252,exact_symbol
KBTBD4,5388,exact_symbol
KBTBD6,11636,exact_symbol
KBTBD7,5084,exact_symbol
KBTBD8,10993,exact_symbol
KCMF1,14094,exact_symbol
KCNA1,3870,exact_symbol
KCNA10,8314,exact_symbol
KCNA2,14279,exact_symbol
KCNA3,14273,exact_symbol
KCNA4,15225,exact_symbol
KCNA5,6204,exact_symbol
KCNA6,9364,exact_symbol
KCNA7,2976,exact_symbol
KCNAB1,12572,exact_symbol
KCNAB2,1073,exact_symbol
KCNAB3,12741,exact_symbol
KCNB1,10220,exact_symbol
KCNC1,6110,exact_symbol
KCNC2,11743,exact_symbol
KCNC3,6444,exact_symbol
KCNC4,4567,exact_symbol
KCND1,2622,exact_symbol
KCND2,15754,exact_symbol
KCND3,13048,exact_symbol
KCNE1,14895,exact_symbol
KCNE2,10316,exact_symbol
KCNE3,13920,exact_symbol
KCNE4,9487,exact_symbol
KCNF1,10885,exact_symbol
KCNG1,457,exact_symbol
KCNG2,14487,exact_symbol
KCNG3,12994,exact_symbol
KCNG4,12363,exact_symbol
KCNH1,8407,exact_symbol
KCNH2,742,exact_symbol
KCNH3,7104,exact_symbol
KCNH4,1843,exact_symbol
KCNH5,7913,exact_symbol
KCNH6,13604,exact_symbol
KCNH7,15799,exact_symbol
KCNH8,15648,exact_symbol
KCNIP1,15192,exact_symbol
KCNIP2,4998,exact_symbol
KCNIP3,4355,exact_symbol
KCNIP4,16091,exact_symbol
KCNJ1,9450,exact_symbol
KCNJ10,14393,exact_symbol
KCNJ11,16489,exact_symbol
KCNJ13,4434,exact_symbol
KCNJ14,15239,exact_symbol
KCNJ15,10119,exact_symbol
KCNJ16,9689,exact_symbol
KCNJ2,5421,exact_symbol
KCNJ3,10889,exact_symbol
KCNJ4,12299,exact_symbol
KCNJ5,5054,exact_symbol
KCNJ6,10118,exact_symbol
KCNJ8,5158,exact_symbol
KCNJ9,10817,exact_symbol
KCNK1,7147,exact_symbol
KCNK10,2310,exact_symbol
KCNK12,15715,exact_symbol
KCNK13,9526,exact_symbol
KCNK15,5499,exact_symbol
KCNK18,16354,exact_symbol
KCNK2,1569,exact_symbol
KCNK3,13035,exact_symbol
KCNK4,15269,exact_symbol
KCNK5,11404,exact_symbol
KCNK6,2093,exact_symbol
KCNK7,13509,exact_symbol
KCNK9,12601,exact_symbol
KCNMA1,9949,exact_symbol
KCNMB1,8778,exact_symbol
KCNMB2,17507,exact_symbol
KCNMB3,12992,exact_symbol
KCNMB4,7129,exact_symbol
KCNN1,3151,exact_symbol
KCNN2,1504,exact_symbol
KCNN3,8437,exact_symbol
KCNN4,2962,exact_symbol
KCNQ1,717,exact_symbol
KCNQ2,1284,exact_symbol
KCNQ3,15687,exact_symbol
KCNQ4,4659,exact_symbol
KCNQ5,16089,exact_symbol
KCNRG,17812,exact_symbol
KCNS1,5459,exact_symbol
KCNS2,9996,exact_symbol
KCNS3,12897,exact_symbol
KCNT1,3391,exact_symbol
KCNT2,10803,exact_symbol
KCNV1,11448,exact_symbol
KCNV2,12321,exact_symbol
KCP,7042,exact_symbol
KCTD1,6917,exact_symbol
KCTD10,3826,exact_symbol
KCTD11,22757,exact_symbol
KCTD12,14547,exact_symbol
KCTD13,13800,exact_symbol
KCTD15,9694,exact_symbol
KCTD16,15602,exact_symbol
KCTD17,2290,exact_symbol
KCTD18,9899,exact_symbol
KCTD19,12420,exact_symbol
KCTD2,14968,exact_symbol
KCTD20,3997,exact_symbol
KCTD21,16891,exact_symbol
KCTD3,7312,exact_symbol
KCTD4,14862,exact_symbol
KCTD5,12250,exact_symbol
KCTD6,12337,exact_symbol
KCTD7,37761,exact_symbol
KCTD8,15606,exact_symbol
KCTD9,2957,exact_symbol
KDELR1,3109,exact_symbol
KDELR2,7248,exact_symbol
KDELR3,2213,exact_symbol
KDF1,13951,exact_symbol
KDM1A,52,exact_symbol
KDM1B,11526,exact_symbol
KDM2A,13459,exact_symbol
KDM2B,1816,exact_symbol
KDM3A,4449,exact_symbol
KDM3B,5093,exact_symbol
KDM4A,961,exact_symbol
KDM4B,5946,exact_symbol
KDM4C,3385,exact_symbol
KDM4D,16235,exact_symbol
KDM5A,1233,exact_symbol
KDM5B,4672,exact_symbol
KDM5D,320,exact_symbol
KDM6A,8916,exact_symbol
KDM6B,6605,exact_symbol
KDM7A,136,exact_symbol
KDM8,9896,exact_symbol
KDR,5985,exact_symbol
KDSR,4916,exact_symbol
KEAP1,1482,exact_symbol
KEL,17644,exact_symbol
KERA,7814,exact_symbol
KHDC4,6640,exact_symbol
KHDRBS1,5197,exact_symbol
KHDRBS2,4025,exact_symbol
KHDRBS3,6497,exact_symbol
KHK,7590,exact_symbol
KHNYN,2312,exact_symbol
KHSRP,1764,exact_symbol
KIAA0040,33941,exact_symbol
KIAA0232,12927,exact_symbol
KIAA0319,7443,exact_symbol
KIAA0319L,8276,exact_symbol
KIAA0408,16985,exact_symbol
KIAA0513,7138,exact_symbol
KIAA0586,2344,exact_symbol
KIAA0753,17988,exact_symbol
KIAA0825,15965,exact_symbol
KIAA0930,2284,exact_symbol
KIAA1143,11142,exact_symbol
KIAA1191,5245,exact_symbol
KIAA1217,5064,exact_symbol
KIAA1328,9307,exact_symbol
KIAA1549,5310,exact_symbol
KIAA1549L,3776,exact_symbol
KIAA1614,7160,exact_symbol
KIAA1671,17342,exact_symbol
KIAA1755,9244,exact_symbol
KIAA1958,11550,exact_symbol
KIAA2012,15243,exact_symbol
KIAA2013,4597,exact_symbol
KICS2,13666,stable_id
KIDINS220,6883,exact_symbol
KIF11,7625,exact_symbol
KIF12,7369,exact_symbol
KIF13A,7428,exact_symbol
KIF13B,17605,exact_symbol
KIF14,4783,exact_symbol
KIF15,11143,exact_symbol
KIF17,4686,exact_symbol
KIF18A,5180,exact_symbol
KIF18B,16210,exact_symbol
KIF19,17044,exact_symbol
KIF1A,6241,exact_symbol
KIF1B,728,exact_symbol
KIF1C,6126,exact_symbol
KIF20A,4129,exact_symbol
KIF20B,7632,exact_symbol
KIF21A,7768,exact_symbol
KIF21B,4632,exact_symbol
KIF22,1471,exact_symbol
KIF23,7539,exact_symbol
KIF24,16324,exact_symbol
KIF26A,983,exact_symbol
KIF26B,10850,exact_symbol
KIF27,11530,exact_symbol
KIF2A,1053,exact_symbol
KIF2B,8077,exact_symbol
KIF2C,8298,exact_symbol
KIF3A,6450,exact_symbol
KIF3B,2509,exact_symbol
KIF3C,1638,exact_symbol
KIF4A,1900,exact_symbol
KIF4B,27662,exact_symbol
KIF5A,9933,exact_symbol
KIF5B,12899,exact_symbol
KIF5C,12328,exact_symbol
KIF6,11405,exact_symbol
KIF7,11946,exact_symbol
KIF9,1782,exact_symbol
KIFAP3,1330,exact_symbol
KIFBP,18007,stable_id
KIFC2,12176,exact_symbol
KIFC3,8031,exact_symbol
KIN,9441,exact_symbol
KIRREL2,5808,exact_symbol
KIRREL3,9234,exact_symbol
KISS1R,4516,exact_symbol
KIT,10103,exact_symbol
KITLG,652,exact_symbol
KIZ,1801,exact_symbol
KL,6724,exact_symbol
KLB,6993,exact_symbol
KLC1,5794,exact_symbol
KLC2,13816,exact_symbol
KLC3,2994,exact_symbol
KLC4,7427,exact_symbol
KLF1,3142,exact_symbol
KLF10,9844,exact_symbol
KLF11,13224,exact_symbol
KLF12,4856,exact_symbol
KLF13,12715,exact_symbol
KLF14,50597,exact_symbol
KLF15,11170,exact_symbol
KLF16,6186,exact_symbol
KLF2,5930,exact_symbol
KLF3,3703,exact_symbol
KLF4,7345,exact_symbol
KLF5,2684,exact_symbol
KLF6,996,exact_symbol
KLF7,4794,exact_symbol
KLF8,2663,exact_symbol
KLF9,4875,exact_symbol
KLHDC1,17567,exact_symbol
KLHDC10,6050,exact_symbol
KLHDC2,11624,exact_symbol
KLHDC3,5570,exact_symbol
KLHDC4,2954,exact_symbol
KLHDC7A,14612,exact_symbol
KLHDC7B,6275,exact_symbol
KLHDC8A,10854,exact_symbol
KLHDC8B,16131,exact_symbol
KLHDC9,10829,exact_symbol
KLHL1,9297,exact_symbol
KLHL10,10618,exact_symbol
KLHL11,14516,exact_symbol
KLHL12,4677,exact_symbol
KLHL13,33,exact_symbol
KLHL14,17544,exact_symbol
KLHL15,13638,exact_symbol
KLHL18,4307,exact_symbol
KLHL2,3669,exact_symbol
KLHL20,1341,exact_symbol
KLHL21,10732,exact_symbol
KLHL22,2134,exact_symbol
KLHL23,22397,exact_symbol
KLHL24,4329,exact_symbol
KLHL25,15564,exact_symbol
KLHL26,12107,exact_symbol
KLHL28,14703,exact_symbol
KLHL29,4959,exact_symbol
KLHL3,8791,exact_symbol
KLHL30,12365,exact_symbol
KLHL31,5575,exact_symbol
KLHL32,16226,exact_symbol
KLHL33,15970,exact_symbol
KLHL34,16132,exact_symbol
KLHL35,9185,exact_symbol
KLHL36,7134,exact_symbol
KLHL38,13997,exact_symbol
KLHL4,2654,exact_symbol
KLHL40,10070,exact_symbol
KLHL41,36163,exact_symbol
KLHL42,1745,exact_symbol
KLHL5,3704,exact_symbol
KLHL6,13352,exact_symbol
KLHL7,5279,exact_symbol
KLHL8,8686,exact_symbol
KLHL9,17839,exact_symbol
KLK10,6140,exact_symbol
KLK11,12193,exact_symbol
KLK12,16288,exact_symbol
KLK13,12194,exact_symbol
KLK14,6138,exact_symbol
KLK15,13729,exact_symbol
KLK4,12189,exact_symbol
KLK5,12191,exact_symbol
KLK6,12192,exact_symbol
KLK7,12507,exact_symbol
KLK8,6141,exact_symbol
KLK9,22310,exact_symbol
KLKB1,11339,exact_symbol
KLRD1,6924,exact_symbol
KLRG1,7786,exact_symbol
KLRG2,16865,exact_symbol
KLRK1,22743,exact_symbol
KMO,4657,exact_symbol
KMT2A,4774,exact_symbol
KMT2B,53906,exact_symbol
KMT2C,750,exact_symbol
KMT2D,12123,exact_symbol
KMT2E,100,exact_symbol
KMT5A,15647,exact_symbol
KMT5B,3739,exact_symbol
KMT5C,6741,exact_symbol
KNCN,10743,exact_symbol
KNDC1,13155,exact_symbol
KNL1,7542,exact_symbol
KNOP1,2839,exact_symbol
KNSTRN,6089,exact_symbol
KNTC1,15762,exact_symbol
KPNA1,4249,exact_symbol
KPNA3,2696,exact_symbol
KPNA4,16271,exact_symbol
KPNA6,451,exact_symbol
KPNA7,16013,exact_symbol
KPNB1,3526,exact_symbol
KPRP,19716,exact_symbol
KPTN,4781,exact_symbol
KRAS,6785,exact_symbol
KRBA1,6773,exact_symbol
KRCC1,13230,exact_symbol
KREMEN1,15597,exact_symbol
KREMEN2,6477,exact_symbol
KRI1,6132,exact_symbol
KRIT1,18,exact_symbol
KRR1,3912,exact_symbol
KRT1,12197,exact_symbol
KRT10,16263,exact_symbol
KRT12,16466,exact_symbol
KRT14,16370,exact_symbol
KRT15,13043,exact_symbol
KRT16,16365,exact_symbol
KRT17,6023,exact_symbol
KRT18,3843,exact_symbol
KRT19,13042,exact_symbol
KRT2,13408,exact_symbol
KRT20,13059,exact_symbol
KRT222,22543,exact_symbol
KRT23,3502,exact_symbol
KRT24,12236,exact_symbol
KRT25,20111,exact_symbol
KRT26,16262,exact_symbol
KRT27,13064,exact_symbol
KRT28,13618,exact_symbol
KRT32,3578,exact_symbol
KRT34,6490,exact_symbol
KRT35,17343,exact_symbol
KRT36,5814,exact_symbol
KRT39,17275,exact_symbol
KRT4,12843,exact_symbol
KRT40,20109,exact_symbol
KRT7,7097,exact_symbol
KRT71,7863,exact_symbol
KRT72,12847,exact_symbol
KRT73,16168,exact_symbol
KRT75,12833,exact_symbol
KRT76,15917,exact_symbol
KRT77,16943,exact_symbol
KRT79,16056,exact_symbol
KRT8,12824,exact_symbol
KRT80,12196,exact_symbol
KRT82,10647,exact_symbol
KRT84,10646,exact_symbol
KRT9,13053,exact_symbol
KRTAP11-1,15306,exact_symbol
KRTAP16-1,22258,exact_symbol
KRTAP24-1,16811,exact_symbol
KRTAP26-1,17539,exact_symbol
KRTAP27-1,20426,exact_symbol
KRTAP3-1,22286,exact_symbol
KRTAP7-1,55406,exact_symbol
KRTAP8-1,15558,exact_symbol
KRTCAP2,11016,exact_symbol
KRTCAP3,10167,exact_symbol
KRTDAP,16759,exact_symbol
KSR1,8065,exact_symbol
KSR2,13061,exact_symbol
KTI12,17940,exact_symbol
KTN1,5854,exact_symbol
KXD1,3174,exact_symbol
KY,13741,exact_symbol
KYAT1,12982,exact_symbol
KYAT3,7572,exact_symbol
KYNU,4500,exact_symbol
L1CAM,17980,exact_symbol
L2HGDH,1739,exact_symbol
L3HYPDH,5858,exact_symbol
L3MBTL1,16025,exact_symbol
L3MBTL2,2295,exact_symbol
L3MBTL3,18002,exact_symbol
L3MBTL4,9797,exact_symbol
LACC1,14733,exact_symbol
LACTB,2843,exact_symbol
LACTB2,8998,exact_symbol
LACTBL1,23484,exact_symbol
LAD1,10308,exact_symbol
LAG3,1848,exact_symbol
LALBA,12119,exact_symbol
LAMA1,2563,exact_symbol
LAMA2,17189,exact_symbol
LAMA3,714,exact_symbol
LAMA4,4106,exact_symbol
LAMA5,6316,exact_symbol
LAMB1,1915,exact_symbol
LAMB2,13219,exact_symbol
LAMB3,17284,exact_symbol
LAMC1,7165,exact_symbol
LAMC2,781,exact_symbol
LAMC3,681,exact_symbol
LAMP1,16124,exact_symbol
LAMP2,111,exact_symbol
LAMP5,5744,exact_symbol
LAMTOR1,9203,exact_symbol
LAMTOR2,4584,exact_symbol
LAMTOR3,3655,exact_symbol
LAMTOR4,16683,exact_symbol
LAMTOR5,6865,exact_symbol
LANCL1,4417,exact_symbol
LANCL2,6589,exact_symbol
LANCL3,8913,exact_symbol
LAP3,22,exact_symbol
LAPTM4A,1048,exact_symbol
LAPTM4B,2905,exact_symbol
LAPTM5,10753,exact_symbol
LARGE1,6759,exact_symbol
LARGE2,11717,exact_symbol
LARP1,9880,exact_symbol
LARP4,10643,exact_symbol
LARP6,11789,exact_symbol
LARS2,294,exact_symbol
LAS1L,12,exact_symbol
LASP1,29,exact_symbol
LAT,22662,exact_symbol
LAT2,1707,exact_symbol
LATS1,6386,exact_symbol
LATS2,9304,exact_symbol
LAX1,5243,exact_symbol
LAYN,19908,exact_symbol
LBH,22645,exact_symbol
LBP,6194,exact_symbol
LBR,8473,exact_symbol
LBX1,7622,exact_symbol
LBX2,14713,exact_symbol
LCA5,7058,exact_symbol
LCA5L,10123,exact_symbol
LCAT,22526,exact_symbol
LCE7A,-1,missing
LCK,15364,exact_symbol
LCLAT1,13428,exact_symbol
LCMT1,20302,exact_symbol
LCMT2,12448,exact_symbol
LCN10,16611,exact_symbol
LCN12,15871,exact_symbol
LCN2,9084,exact_symbol
LCN6,51258,exact_symbol
LCN8,19778,exact_symbol
LCOR,17067,exact_symbol
LCORL,14460,exact_symbol
LCP1,7237,exact_symbol
LCP2,597,exact_symbol
LCT,4493,exact_symbol
LCTL,16757,exact_symbol
LDAH,4860,exact_symbol
LDB1,17877,exact_symbol
LDB2,12669,exact_symbol
LDB3,5255,exact_symbol
LDHA,6891,exact_symbol
LDHAL6B,13206,exact_symbol
LDHB,3940,exact_symbol
LDHC,11941,exact_symbol
LDHD,11947,exact_symbol
LDLR,6216,exact_symbol
LDLRAD1,19772,exact_symbol
LDLRAD2,16612,exact_symbol
LDLRAD3,14663,exact_symbol
LDLRAD4,12419,exact_symbol
LDLRAP1,10165,exact_symbol
LDOC1,15212,exact_symbol
LEAP2,11355,exact_symbol
LECT2,8755,exact_symbol
LEF1,7746,exact_symbol
LEKR1,17637,exact_symbol
LEMD1,16158,exact_symbol
LEMD2,10651,exact_symbol
LEMD3,13649,exact_symbol
LENEP,10986,exact_symbol
LENG1,3145,exact_symbol
LENG8,12144,exact_symbol
LENG9,55688,exact_symbol
LEO1,11873,exact_symbol
LEP,13753,exact_symbol
LEPR,4595,exact_symbol
LEPROT,22644,exact_symbol
LEPROTL1,2943,exact_symbol
LETM1,12479,exact_symbol
LETM2,11513,exact_symbol
LETMD1,679,exact_symbol
LFNG,3238,exact_symbol
LGALS1,2186,exact_symbol
LGALS12,6750,exact_symbol
LGALS2,2181,exact_symbol
LGALS3,6527,exact_symbol
LGALS3BP,3571,exact_symbol
LGALS4,13141,exact_symbol
LGALS8,4648,exact_symbol
LGI1,3499,exact_symbol
LGI2,9611,exact_symbol
LGI3,12375,exact_symbol
LGI4,9697,exact_symbol
LGMN,2352,exact_symbol
LGR4,20202,exact_symbol
LGR5,7808,exact_symbol
LGR6,6710,exact_symbol
LGSN,8812,exact_symbol
LHCGR,7595,exact_symbol
LHFPL1,15281,exact_symbol
LHFPL2,8728,exact_symbol
LHFPL3,16481,exact_symbol
LHFPL4,10045,exact_symbol
LHFPL5,17558,exact_symbol
LHPP,3469,exact_symbol
LHX1,54730,exact_symbol
LHX2,3352,exact_symbol
LHX3,3398,exact_symbol
LHX4,5170,exact_symbol
LHX5,1818,exact_symbol
LHX6,3370,exact_symbol
LHX8,10786,exact_symbol
LHX9,8373,exact_symbol
LIAS,5209,exact_symbol
LIF,6018,exact_symbol
LIFR,4203,exact_symbol
LIG1,3117,exact_symbol
LIG3,82,exact_symbol
LIG4,13697,exact_symbol
LIM2,3087,exact_symbol
LIMA1,678,exact_symbol
LIMCH1,869,exact_symbol
LIMD1,8620,exact_symbol
LIMD2,7290,exact_symbol
LIME1,19751,exact_symbol
LIMK1,3349,exact_symbol
LIMK2,15289,exact_symbol
LIMS2,1181,exact_symbol
LIN28A,6518,exact_symbol
LIN28B,16570,exact_symbol
LIN37,51741,exact_symbol
LIN52,20312,exact_symbol
LIN54,16969,exact_symbol
LIN7A,3842,exact_symbol
LIN7B,2981,exact_symbol
LIN7C,9155,exact_symbol
LIN9,15617,exact_symbol
LINGO1,12679,exact_symbol
LINGO2,13715,exact_symbol
LINGO3,24042,exact_symbol
LINGO4,22401,exact_symbol
LINS1,7975,exact_symbol
LIPA,3450,exact_symbol
LIPC,11751,exact_symbol
LIPE,1466,exact_symbol
LIPF,15245,exact_symbol
LIPG,2562,exact_symbol
LIPH,11173,exact_symbol
LIPI,16887,exact_symbol
LIPK,19786,exact_symbol
LIPM,13488,exact_symbol
LIPN,19785,exact_symbol
LIPT1,8532,exact_symbol
LIPT2,13919,exact_symbol
LITAF,16912,exact_symbol
LIX1,8735,exact_symbol
LIX1L,53489,exact_symbol
LKAAEAR1,13130,exact_symbol
LLGL1,6516,exact_symbol
LLGL2,1225,exact_symbol
LLPH,7799,exact_symbol
LMAN1,1271,exact_symbol
LMAN1L,7983,exact_symbol
LMAN2,12553,exact_symbol
LMAN2L,4349,exact_symbol
LMBR1,3231,exact_symbol
LMBR1L,7858,exact_symbol
LMBRD1,12311,exact_symbol
LMBRD2,11289,exact_symbol
LMCD1,1153,exact_symbol
LMF1,2783,exact_symbol
LMF2,2237,exact_symbol
LMLN,16048,exact_symbol
LMNA,10537,exact_symbol
LMNB1,4174,exact_symbol
LMNB2,14128,exact_symbol
LMNTD1,9599,exact_symbol
LMO1,11852,exact_symbol
LMO2,7063,exact_symbol
LMO3,643,exact_symbol
LMO4,8305,exact_symbol
LMO7,7230,exact_symbol
LMOD1,11009,exact_symbol
LMOD2,12912,exact_symbol
LMOD3,10996,exact_symbol
LMTK2,11429,exact_symbol
LMTK3,8220,exact_symbol
LMX1A,10831,exact_symbol
LMX1B,7391,exact_symbol
LNP1,20471,exact_symbol
LNPEP,4183,exact_symbol
LNPK,8550,exact_symbol
LNX1,1184,exact_symbol
LNX2,7837,exact_symbol
LONP1,17111,exact_symbol
LONP2,2726,exact_symbol
LONRF1,9765,exact_symbol
LONRF2,12849,exact_symbol
LONRF3,13924,exact_symbol
LOX,4137,exact_symbol
LOXHD1,12058,exact_symbol
LOXL1,6098,exact_symbol
LOXL2,6822,exact_symbol
LOXL3,4408,exact_symbol
LOXL4,7619,exact_symbol
LPAR1,17687,exact_symbol
LPAR2,887,exact_symbol
LPAR3,13094,exact_symbol
LPAR4,8936,exact_symbol
LPAR5,15791,exact_symbol
LPAR6,7868,exact_symbol
LPCAT1,9659,exact_symbol
LPCAT2,1733,exact_symbol
LPCAT3,3932,exact_symbol
LPCAT4,14101,exact_symbol
LPGAT1,5418,exact_symbol
LPIN1,6888,exact_symbol
LPIN2,2553,exact_symbol
LPIN3,6662,exact_symbol
LPL,13901,exact_symbol
LPO,12097,exact_symbol
LPP,8648,exact_symbol
LPXN,3731,exact_symbol
LRAT,5142,exact_symbol
LRATD1,10888,stable_id
LRATD2,12418,stable_id
LRBA,17826,exact_symbol
LRCH1,7223,exact_symbol
LRCH2,6231,exact_symbol
LRCH3,16157,exact_symbol
LRCH4,1385,exact_symbol
LRFN1,5979,exact_symbol
LRFN2,10007,exact_symbol
LRFN3,5802,exact_symbol
LRFN4,13566,exact_symbol
LRFN5,11590,exact_symbol
LRG1,13026,exact_symbol
LRIF1,5215,exact_symbol
LRIG1,8617,exact_symbol
LRIG2,17916,exact_symbol
LRIG3,7801,exact_symbol
LRIT1,9115,exact_symbol
LRIT2,19790,exact_symbol
LRIT3,15502,exact_symbol
LRMDA,9119,exact_symbol
LRP1,5379,exact_symbol
LRP10,17424,exact_symbol
LRP11,5028,exact_symbol
LRP12,9008,exact_symbol
LRP1B,12424,exact_symbol
LRP2,1538,exact_symbol
LRP2BP,3701,exact_symbol
LRP3,6364,exact_symbol
LRP4,6928,exact_symbol
LRP5,10709,exact_symbol
LRP6,1093,exact_symbol
LRP8,10078,exact_symbol
LRPAP1,11194,exact_symbol
LRPPRC,7611,exact_symbol
LRR1,11617,exact_symbol
LRRC1,7447,exact_symbol
LRRC10,17920,exact_symbol
LRRC10B,20132,exact_symbol
LRRC14,10565,exact_symbol
LRRC14B,15902,exact_symbol
LRRC15,13225,exact_symbol
LRRC17,6049,exact_symbol
LRRC18,11591,exact_symbol
LRRC19,15759,exact_symbol
LRRC2,11154,exact_symbol
LRRC20,13374,exact_symbol
LRRC23,267,exact_symbol
LRRC24,43162,exact_symbol
LRRC26,15823,exact_symbol
LRRC27,9139,exact_symbol
LRRC28,12472,exact_symbol
LRRC3,10464,exact_symbol
LRRC30,20461,exact_symbol
LRRC31,4265,exact_symbol
LRRC32,7489,exact_symbol
LRRC34,13142,exact_symbol
LRRC36,10384,exact_symbol
LRRC38,10750,exact_symbol
LRRC39,5266,exact_symbol
LRRC3B,14753,exact_symbol
LRRC3C,20115,exact_symbol
LRRC4,6044,exact_symbol
LRRC40,977,exact_symbol
LRRC41,6542,exact_symbol
LRRC42,4550,exact_symbol
LRRC43,10186,exact_symbol
LRRC45,12653,exact_symbol
LRRC46,8085,exact_symbol
LRRC47,6339,exact_symbol
LRRC49,7548,exact_symbol
LRRC4B,6448,exact_symbol
LRRC4C,9156,exact_symbol
LRRC51,15685,stable_id
LRRC52,10832,exact_symbol
LRRC55,15637,exact_symbol
LRRC56,10605,exact_symbol
LRRC57,14985,exact_symbol
LRRC58,11007,exact_symbol
LRRC59,3596,exact_symbol
LRRC61,5913,exact_symbol
LRRC69,23193,exact_symbol
LRRC7,500,exact_symbol
LRRC71,10546,exact_symbol
LRRC73,19793,exact_symbol
LRRC74A,2339,exact_symbol
LRRC74B,16607,exact_symbol
LRRC75A,15049,exact_symbol
LRRC75B,14428,exact_symbol
LRRC8A,7337,exact_symbol
LRRC8B,17367,exact_symbol
LRRC8C,13082,exact_symbol
LRRC8D,13085,exact_symbol
LRRC8E,12968,exact_symbol
LRRC9,6523,exact_symbol
LRRCC1,6790,exact_symbol
LRRD1,36680,exact_symbol
LRRFIP2,1999,exact_symbol
LRRIQ1,6778,exact_symbol
LRRIQ3,10783,exact_symbol
LRRIQ4,16708,exact_symbol
LRRK1,9746,exact_symbol
LRRK2,16869,exact_symbol
LRRN1,13994,exact_symbol
LRRN2,12816,exact_symbol
LRRN3,13458,exact_symbol
LRRN4,5747,exact_symbol
LRRN4CL,14293,exact_symbol
LRRTM1,10880,exact_symbol
LRRTM2,8788,exact_symbol
LRRTM3,17884,exact_symbol
LRRTM4,14046,exact_symbol
LRSAM1,9085,exact_symbol
LRTM1,8618,exact_symbol
LRTM2,11780,exact_symbol
LRWD1,10580,exact_symbol
LSAMP,16036,exact_symbol
LSG1,576,exact_symbol
LSM1,13882,exact_symbol
LSM10,15130,exact_symbol
LSM11,9913,exact_symbol
LSM12,10631,exact_symbol
LSM14A,44858,exact_symbol
LSM14B,9253,exact_symbol
LSM2,19916,exact_symbol
LSM3,12926,exact_symbol
LSM4,6282,exact_symbol
LSM5,3297,exact_symbol
LSM6,11278,exact_symbol
LSM7,6252,exact_symbol
LSM8,6033,exact_symbol
LSMEM1,14995,exact_symbol
LSMEM2,14718,exact_symbol
LSP1,6297,exact_symbol
LSR,3173,exact_symbol
LSS,10470,exact_symbol
LTA,27899,exact_symbol
LTA4H,3849,exact_symbol
LTB,28268,exact_symbol
LTB4R2,22785,exact_symbol
LTBP1,661,exact_symbol
LTBP2,4937,exact_symbol
LTBP3,12275,exact_symbol
LTBP4,1859,exact_symbol
LTBR,3880,exact_symbol
LTC4S,22488,exact_symbol
LTF,315,exact_symbol
LTK,842,exact_symbol
LTN1,17954,exact_symbol
LTO1,9256,exact_symbol
LTV1,7105,exact_symbol
LUC7L,184,exact_symbol
LUC7L2,8908,exact_symbol
LUC7L3,3601,exact_symbol
LUM,7813,exact_symbol
LURAP1,13044,exact_symbol
LURAP1L,9677,exact_symbol
LUZP1,12646,exact_symbol
LUZP2,16480,exact_symbol
LVRN,13416,exact_symbol
LXN,1454,exact_symbol
LY6D,12161,exact_symbol
LY6E,10559,exact_symbol
LY6G5B,36408,exact_symbol
LY6G5C,19932,exact_symbol
LY6G6C,19928,exact_symbol
LY6G6D,38214,exact_symbol
LY6G6F,19930,exact_symbol
LY6H,14209,exact_symbol
LY75,722,exact_symbol
LY86,4111,exact_symbol
LY9,5248,exact_symbol
LY96,9787,exact_symbol
LYAR,8672,exact_symbol
LYG1,8536,exact_symbol
LYG2,16068,exact_symbol
LYL1,2999,exact_symbol
LYN,42907,exact_symbol
LYPD1,9312,exact_symbol
LYPD2,17430,exact_symbol
LYPD3,5528,exact_symbol
LYPD4,54375,exact_symbol
LYPD5,10400,exact_symbol
LYPD6,16439,exact_symbol
LYPD6B,9313,exact_symbol
LYPLA1,5125,exact_symbol
LYPLA2,275,exact_symbol
LYPLAL1,8372,exact_symbol
LYRM1,2720,exact_symbol
LYRM2,1586,exact_symbol
LYRM4,22889,exact_symbol
LYRM7,16337,exact_symbol
LYRM9,31943,exact_symbol
LYSMD1,10937,exact_symbol
LYSMD2,7938,exact_symbol
LYSMD3,14005,exact_symbol
LYSMD4,15417,exact_symbol
LYST,8451,exact_symbol
LYVE1,6796,exact_symbol
LYZL4,10064,exact_symbol
LYZL6,56025,exact_symbol
LZIC,10741,exact_symbol
LZTFL1,11150,exact_symbol
LZTR1,2139,exact_symbol
LZTS1,826,exact_symbol
LZTS2,3453,exact_symbol
LZTS3,1798,exact_symbol
M1AP,10349,exact_symbol
M6PR,32,exact_symbol
MAB21L1,14918,exact_symbol
MAB21L2,15079,exact_symbol
MAB21L3,13478,exact_symbol
MAB21L4,13332,exact_symbol
MACC1,15592,exact_symbol
MACF1,5944,exact_symbol
MACIR,15112,stable_id
MACO1,19835,exact_symbol
MACROD1,6748,exact_symbol
MACROD2,13270,exact_symbol
MACROH2A1,4212,stable_id
MACROH2A2,2087,stable_id
MAD1L1,28,exact_symbol
MAD2L1,11254,exact_symbol
MAD2L1BP,5568,exact_symbol
MAD2L2,4593,exact_symbol
MADD,3787,exact_symbol
MAEA,1871,exact_symbol
MAEL,8339,exact_symbol
MAF,14526,exact_symbol
MAF1,14734,exact_symbol
MAFA,15340,exact_symbol
MAFB,19807,exact_symbol
MAFF,15900,exact_symbol
MAFG,17339,exact_symbol
MAFK,17800,exact_symbol
MAG,3169,exact_symbol
MAGEB18,14161,exact_symbol
MAGED1,14661,exact_symbol
MAGED2,2661,exact_symbol
MAGEE1,17997,exact_symbol
MAGEE2,16333,exact_symbol
MAGEH1,16520,exact_symbol
MAGEL2,43326,exact_symbol
MAGI1,9385,exact_symbol
MAGI2,16479,exact_symbol
MAGI3,1519,exact_symbol
MAGIX,52222,exact_symbol
MAGOH,10722,exact_symbol
MAGOHB,3853,exact_symbol
MAGT1,2637,exact_symbol
MAIP1,10884,exact_symbol
MAJIN,12282,exact_symbol
MAK,3965,exact_symbol
MAK16,17660,exact_symbol
MAL,13210,exact_symbol
MAL2,9012,exact_symbol
MALL,8521,exact_symbol
MALRD1,20066,exact_symbol
MALSU1,10042,exact_symbol
MALT1,13248,exact_symbol
MAMDC2,11520,exact_symbol
MAMDC4,14412,exact_symbol
MAML1,10578,exact_symbol
MAML2,15748,exact_symbol
MAML3,17256,exact_symbol
MAMLD1,342,exact_symbol
MAMSTR,14193,exact_symbol
MAN1A1,3977,exact_symbol
MAN1A2,17702,exact_symbol
MAN1B1,14269,exact_symbol
MAN1C1,4747,exact_symbol
MAN2A1,4120,exact_symbol
MAN2A2,17180,exact_symbol
MAN2B1,2961,exact_symbol
MAN2B2,326,exact_symbol
MAN2C1,7962,exact_symbol
MANBA,3659,exact_symbol
MANBAL,2512,exact_symbol
MANEA,13330,exact_symbol
MANEAL,15924,exact_symbol
MANF,8656,exact_symbol
MANSC1,3869,exact_symbol
MANSC4,20322,exact_symbol
MAOA,16950,exact_symbol
MAOB,1078,exact_symbol
MAP1A,12000,exact_symbol
MAP1B,6484,exact_symbol
MAP1LC3A,2539,exact_symbol
MAP1S,6274,exact_symbol
MAP2,1403,exact_symbol
MAP2K1,12506,exact_symbol
MAP2K2,5876,exact_symbol
MAP2K3,508,exact_symbol
MAP2K4,935,exact_symbol
MAP2K5,7530,exact_symbol
MAP2K6,3618,exact_symbol
MAP2K7,1362,exact_symbol
MAP3K1,2014,exact_symbol
MAP3K10,6337,exact_symbol
MAP3K11,13506,exact_symbol
MAP3K12,7854,exact_symbol
MAP3K13,1242,exact_symbol
MAP3K14,121,exact_symbol
MAP3K15,14948,exact_symbol
MAP3K19,14126,exact_symbol
MAP3K2,12724,exact_symbol
MAP3K20,1926,exact_symbol
MAP3K21,8452,exact_symbol
MAP3K3,17979,exact_symbol
MAP3K4,1660,exact_symbol
MAP3K5,17459,exact_symbol
MAP3K6,8281,exact_symbol
MAP3K7,7059,exact_symbol
MAP3K8,3479,exact_symbol
MAP3K9,133,exact_symbol
MAP4K1,2967,exact_symbol
MAP4K2,12281,exact_symbol
MAP4K3,304,exact_symbol
MAP4K4,1143,exact_symbol
MAP4K5,323,exact_symbol
MAP6,13098,exact_symbol
MAP6D1,14953,exact_symbol
MAP7,7106,exact_symbol
MAP7D1,4635,exact_symbol
MAP7D2,15743,exact_symbol
MAP9,11258,exact_symbol
MAPK1,2165,exact_symbol
MAPK10,3661,exact_symbol
MAPK11,16000,exact_symbol
MAPK12,16668,exact_symbol
MAPK13,10022,exact_symbol
MAPK14,3995,exact_symbol
MAPK15,15010,exact_symbol
MAPK3,2715,exact_symbol
MAPK4,8154,exact_symbol
MAPK6,1088,exact_symbol
MAPK7,11878,exact_symbol
MAPK8,3434,exact_symbol
MAPK8IP1,5183,exact_symbol
MAPK8IP2,225,exact_symbol
MAPK8IP3,7756,exact_symbol
MAPK9,684,exact_symbol
MAPKAP1,4909,exact_symbol
MAPKAPK2,10861,exact_symbol
MAPKAPK3,4316,exact_symbol
MAPKAPK5,1807,exact_symbol
MAPKBP1,7536,exact_symbol
MAPRE1,2514,exact_symbol
MAPRE2,12003,exact_symbol
MAPRE3,1642,exact_symbol
MAPT,16376,exact_symbol
MARCHF1,8702,stable_id
MARCHF10,13605,stable_id
MARCHF11,15563,stable_id
MARCHF2,2111,stable_id
MARCHF3,13623,stable_id
MARCHF4,8587,stable_id
MARCHF5,17667,stable_id
MARCHF6,8712,stable_id
MARCHF7,7300,stable_id
MARCHF8,11594,stable_id
MARCHF9,7802,stable_id
MARCKS,57093,exact_symbol
MARCKSL1,13839,exact_symbol
MARCO,388,exact_symbol
MARF1,11936,exact_symbol
MARK1,4536,exact_symbol
MARK2,1195,exact_symbol
MARK3,1307,exact_symbol
MARK4,164,exact_symbol
MARS1,12006,stable_id
MARS2,38579,exact_symbol
MARVELD1,9857,exact_symbol
MARVELD2,9600,exact_symbol
MARVELD3,8024,exact_symbol
MAS1,6259,exact_symbol
MASP1,5897,exact_symbol
MASP2,236,exact_symbol
MAST1,3144,exact_symbol
MAST2,1681,exact_symbol
MAST3,2089,exact_symbol
MAST4,1064,exact_symbol
MASTL,5063,exact_symbol
MAT1A,9379,exact_symbol
MAT2A,12473,exact_symbol
MAT2B,547,exact_symbol
MATK,175,exact_symbol
MATN1,10752,exact_symbol
MATN2,6615,exact_symbol
MATN3,6539,exact_symbol
MATN4,5466,exact_symbol
MATR3,360,stable_id
MAU2,6189,exact_symbol
MAX,5765,exact_symbol
MAZ,2826,exact_symbol
MB,17688,exact_symbol
MB21D2,14910,exact_symbol
MBD1,8156,exact_symbol
MBD2,6828,exact_symbol
MBD3,1161,exact_symbol
MBD3L1,12951,exact_symbol
MBD4,6101,exact_symbol
MBD5,19924,exact_symbol
MBD6,12007,exact_symbol
MBIP,9393,exact_symbol
MBL2,11606,exact_symbol
MBLAC1,22971,exact_symbol
MBLAC2,14015,exact_symbol
MBNL1,9566,exact_symbol
MBNL2,7883,exact_symbol
MBNL3,1356,exact_symbol
MBOAT1,13253,exact_symbol
MBOAT2,8469,exact_symbol
MBOAT4,14358,exact_symbol
MBOAT7,5664,exact_symbol
MBP,17633,exact_symbol
MBTD1,287,exact_symbol
MBTPS1,8040,exact_symbol
MBTPS2,313,exact_symbol
MC1R,45932,exact_symbol
MC2R,15957,exact_symbol
MC3R,5447,exact_symbol
MC4R,11909,exact_symbol
MC5R,14031,exact_symbol
MCAM,1354,exact_symbol
MCAT,2249,exact_symbol
MCC,13063,exact_symbol
MCCC1,1407,exact_symbol
MCCC2,6507,exact_symbol
MCEE,5515,exact_symbol
MCF2,2603,exact_symbol
MCF2L,5797,exact_symbol
MCFD2,14876,exact_symbol
MCHR1,6008,exact_symbol
MCIDAS,33152,exact_symbol
MCL1,8385,exact_symbol
MCM10,922,exact_symbol
MCM2,1219,exact_symbol
MCM3,4004,exact_symbol
MCM3AP,10472,exact_symbol
MCM4,2955,exact_symbol
MCM5,2251,exact_symbol
MCM6,1332,exact_symbol
MCM7,11883,exact_symbol
MCM8,5752,exact_symbol
MCM9,3974,exact_symbol
MCMBP,17565,exact_symbol
MCMDC2,14510,exact_symbol
MCOLN1,1894,exact_symbol
MCOLN2,9696,exact_symbol
MCOLN3,751,exact_symbol
MCPH1,8959,exact_symbol
MCRIP1,26971,exact_symbol
MCRIP2,13302,exact_symbol
MCRS1,16573,exact_symbol
MCTP1,13907,exact_symbol
MCTP2,7998,exact_symbol
MCTS1,31428,exact_symbol
MCU,9938,exact_symbol
MCUB,76,exact_symbol
MCUR1,677,exact_symbol
MDFI,4077,exact_symbol
MDFIC,7044,exact_symbol
MDFIC2,37262,exact_symbol
MDGA1,4007,exact_symbol
MDGA2,7898,exact_symbol
MDH1,350,exact_symbol
MDH1B,7665,exact_symbol
MDH2,8877,exact_symbol
MDK,3785,exact_symbol
MDM1,3907,exact_symbol
MDM2,7133,exact_symbol
MDM4,17836,exact_symbol
MDN1,4011,exact_symbol
ME1,947,exact_symbol
ME2,1561,exact_symbol
ME3,9401,exact_symbol
MEA1,5574,exact_symbol
MEAF6,11166,exact_symbol
MEAK7,8043,exact_symbol
MECOM,1651,exact_symbol
MECP2,12511,exact_symbol
MECR,4566,exact_symbol
MED1,5691,exact_symbol
MED10,6756,exact_symbol
MED11,10656,exact_symbol
MED12,15806,exact_symbol
MED12L,8640,exact_symbol
MED13,3540,exact_symbol
MED13L,5337,exact_symbol
MED14,14832,exact_symbol
MED15,2135,exact_symbol
MED16,13862,exact_symbol
MED17,585,exact_symbol
MED18,6343,exact_symbol
MED19,10012,exact_symbol
MED20,5563,exact_symbol
MED21,9602,exact_symbol
MED22,9072,exact_symbol
MED23,4036,exact_symbol
MED24,226,exact_symbol
MED25,3018,exact_symbol
MED26,3031,exact_symbol
MED27,10506,exact_symbol
MED28,4830,exact_symbol
MED29,859,exact_symbol
MED30,11443,exact_symbol
MED31,3557,exact_symbol
MED4,7226,exact_symbol
MED6,6819,exact_symbol
MED7,9914,exact_symbol
MED8,10364,exact_symbol
MED9,8058,exact_symbol
MEDAG,2705,exact_symbol
MEF2A,1035,exact_symbol
MEF2B,22837,exact_symbol
MEF2C,1530,exact_symbol
MEF2D,4585,exact_symbol
MEGF10,8750,exact_symbol
MEGF11,10157,exact_symbol
MEGF6,10769,exact_symbol
MEGF8,3108,exact_symbol
MEGF9,3360,exact_symbol
MEI1,12018,exact_symbol
MEI4,52472,exact_symbol
MEIG1,17603,exact_symbol
MEIKIN,36236,exact_symbol
MEIOB,10677,exact_symbol
MEIOC,14863,exact_symbol
MEIS1,8504,exact_symbol
MEIS2,6843,exact_symbol
MELK,11578,exact_symbol
MELTF,11200,exact_symbol
MEMO1,10881,exact_symbol
MEN1,6809,exact_symbol
MEOX1,80,exact_symbol
MEOX2,3317,exact_symbol
MEP1B,8109,exact_symbol
MEPCE,8892,exact_symbol
MERTK,9638,exact_symbol
MESD,4765,exact_symbol
MESP1,11951,exact_symbol
MESP2,16661,exact_symbol
MEST,3316,exact_symbol
MET,3229,exact_symbol
METAP1,11211,exact_symbol
METAP1D,13410,exact_symbol
METAP2,3848,exact_symbol
METRN,2791,exact_symbol
METRNL,14174,exact_symbol
METTL1,542,exact_symbol
METTL14,8698,exact_symbol
METTL15,12621,exact_symbol
METTL16,5952,exact_symbol
METTL17,11687,exact_symbol
METTL18,13157,exact_symbol
METTL21A,8561,exact_symbol
METTL21C,7882,exact_symbol
METTL22,1008,exact_symbol
METTL23,15005,exact_symbol
METTL24,707,exact_symbol
METTL25,5948,exact_symbol
METTL26,6329,exact_symbol
METTL27,11545,exact_symbol
METTL3,11700,exact_symbol
METTL5,7659,exact_symbol
METTL6,20480,exact_symbol
METTL8,5411,exact_symbol
METTL9,17318,exact_symbol
MEX3A,43456,exact_symbol
MEX3B,15520,exact_symbol
MEX3C,14130,exact_symbol
MEX3D,15086,exact_symbol
MFAP2,4670,exact_symbol
MFAP3,540,exact_symbol
MFAP3L,18004,exact_symbol
MFAP4,11876,exact_symbol
MFAP5,17519,exact_symbol
MFF,12489,exact_symbol
MFGE8,7994,exact_symbol
MFHAS1,8960,exact_symbol
MFN1,12988,exact_symbol
MFN2,4598,exact_symbol
MFNG,2175,exact_symbol
MFRP,33917,exact_symbol
MFSD1,4850,exact_symbol
MFSD10,3695,exact_symbol
MFSD11,1988,exact_symbol
MFSD12,10586,exact_symbol
MFSD13A,7616,exact_symbol
MFSD14A,10036,exact_symbol
MFSD14B,9048,exact_symbol
MFSD2A,12353,exact_symbol
MFSD2B,20306,exact_symbol
MFSD3,12174,exact_symbol
MFSD4A,13723,exact_symbol
MFSD5,15290,exact_symbol
MFSD6,9445,exact_symbol
MFSD6L,15938,exact_symbol
MFSD8,11233,exact_symbol
MFSD9,7189,exact_symbol
MGA,13665,exact_symbol
MGAM,44978,exact_symbol
MGAM2,45183,exact_symbol
MGAT1,6451,exact_symbol
MGAT2,12329,exact_symbol
MGAT3,6001,exact_symbol
MGAT4A,1144,exact_symbol
MGAT4B,10576,exact_symbol
MGAT4C,15175,exact_symbol
MGAT4D,20220,exact_symbol
MGAT5,9499,exact_symbol
MGAT5B,12229,exact_symbol
MGLL,1263,exact_symbol
MGME1,5746,exact_symbol
MGMT,12828,exact_symbol
MGP,3886,exact_symbol
MGRN1,2710,exact_symbol
MGST1,217,exact_symbol
MGST2,1675,exact_symbol
MGST3,8342,exact_symbol
MIA,48296,exact_symbol
MIA3,9756,exact_symbol
MIB1,2568,exact_symbol
MIB2,17485,exact_symbol
MICAL1,7116,exact_symbol
MICAL2,6800,exact_symbol
MICAL3,37695,exact_symbol
MICALL1,2200,exact_symbol
MICALL2,11468,exact_symbol
MICOS10,13527,stable_id
MICOS13,13793,stable_id
MICU1,3444,exact_symbol
MICU2,11612,exact_symbol
MICU3,9930,exact_symbol
MID1,2582,exact_symbol
MID1IP1,11546,exact_symbol
MID2,1497,exact_symbol
MIDEAS,9939,stable_id
MIDN,12104,exact_symbol
MIEF1,2268,exact_symbol
MIEF2,14308,exact_symbol
MIEN1,8168,exact_symbol
MIER1,17701,exact_symbol
MIER2,3134,exact_symbol
MIER3,9885,exact_symbol
MIF,36780,exact_symbol
MIF4GD,5654,exact_symbol
MIGA1,14894,exact_symbol
MIGA2,9082,exact_symbol
MIIP,4600,exact_symbol
MINAR1,12583,exact_symbol
MINAR2,16258,exact_symbol
MINDY1,8391,exact_symbol
MINDY2,6087,exact_symbol
MINDY3,9103,exact_symbol
MINDY4,3264,exact_symbol
MINDY4B,22933,exact_symbol
MINK1,8124,exact_symbol
MINPP1,3448,exact_symbol
MIOS,11412,exact_symbol
MIOX,2236,exact_symbol
MIP,7103,exact_symbol
MIPEP,461,exact_symbol
MIPOL1,9394,exact_symbol
MIS12,12219,exact_symbol
MIS18A,10295,exact_symbol
MISP,2117,exact_symbol
MISP3,8176,exact_symbol
MITD1,10214,exact_symbol
MITF,16432,exact_symbol
MIXL1,15937,exact_symbol
MKKS,5741,exact_symbol
MKLN1,6041,exact_symbol
MKNK1,1456,exact_symbol
MKNK2,2129,exact_symbol
MKRN1,6771,exact_symbol
MKRN2,1331,exact_symbol
MKRN2OS,26880,exact_symbol
MKRN3,14704,exact_symbol
MKS1,283,exact_symbol
MKX,9282,exact_symbol
MLANA,5021,exact_symbol
MLC1,2308,exact_symbol
MLEC,3828,exact_symbol
MLF1,14434,exact_symbol
MLF2,1849,exact_symbol
MLH1,1338,exact_symbol
MLH3,4939,exact_symbol
MLIP,8810,exact_symbol
MLKL,12359,exact_symbol
MLLT1,6261,exact_symbol
MLLT10,1425,exact_symbol
MLLT11,22418,exact_symbol
MLLT3,13168,exact_symbol
MLLT6,55580,exact_symbol
MLPH,4464,exact_symbol
MLST8,12244,exact_symbol
MLX,3585,exact_symbol
MLXIP,13954,exact_symbol
MLXIPL,242,exact_symbol
MLYCD,2766,exact_symbol
MMAA,9430,exact_symbol
MMAB,7826,exact_symbol
MMACHC,6656,exact_symbol
MMADHC,12332,exact_symbol
MMD,3615,exact_symbol
MMD2,7264,exact_symbol
MME,17181,exact_symbol
MMEL1,8257,exact_symbol
MMGT1,12608,exact_symbol
MMP11,2140,exact_symbol
MMP12,48434,exact_symbol
MMP13,7525,exact_symbol
MMP14,10085,exact_symbol
MMP15,2740,exact_symbol
MMP16,9947,exact_symbol
MMP17,17829,exact_symbol
MMP19,5371,exact_symbol
MMP2,1731,exact_symbol
MMP20,7509,exact_symbol
MMP21,9776,exact_symbol
MMP23B,16995,exact_symbol
MMP24,5769,exact_symbol
MMP25,222,exact_symbol
MMP27,7510,exact_symbol
MMP28,53399,exact_symbol
MMP3,9277,exact_symbol
MMP7,7508,exact_symbol
MMP8,4777,exact_symbol
MMP9,2418,exact_symbol
MMRN1,7722,exact_symbol
MMRN2,13496,exact_symbol
MMS19,9854,exact_symbol
MMS22L,8826,exact_symbol
MMUT,8803,stable_id
MN1,12540,exact_symbol
MNAT1,400,exact_symbol
MND1,5144,exact_symbol
MNS1,7684,exact_symbol
MNT,1113,exact_symbol
MNX1,6310,exact_symbol
MOAP1,11727,exact_symbol
MOB1A,4347,exact_symbol
MOB1B,13546,exact_symbol
MOB2,15216,exact_symbol
MOB3A,13229,exact_symbol
MOB3B,5018,exact_symbol
MOB3C,8301,exact_symbol
MOB4,4447,exact_symbol
MOBP,12342,exact_symbol
MOCOS,1317,exact_symbol
MOCS1,5561,exact_symbol
MOCS2,11282,exact_symbol
MOCS3,5488,exact_symbol
MOG,20029,exact_symbol
MOGAT1,5442,exact_symbol
MOGAT2,11845,exact_symbol
MOGS,4397,exact_symbol
MOK,1509,exact_symbol
MON1A,11236,exact_symbol
MON1B,2761,exact_symbol
MON2,835,exact_symbol
MORC1,4293,exact_symbol
MORC3,10333,exact_symbol
MORC4,6728,exact_symbol
MORF4L1,16093,exact_symbol
MORF4L2,5402,exact_symbol
MORN1,4538,exact_symbol
MORN2,16636,exact_symbol
MORN3,7872,exact_symbol
MORN4,13004,exact_symbol
MORN5,16069,exact_symbol
MOS,13366,exact_symbol
MOSMO,16077,exact_symbol
MOSPD1,2592,exact_symbol
MOSPD2,6213,exact_symbol
MOSPD3,3288,exact_symbol
MOV10,9869,exact_symbol
MOV10L1,1220,exact_symbol
MOXD1,1479,exact_symbol
MPC1L,35651,exact_symbol
MPC2,8328,exact_symbol
MPDU1,6127,exact_symbol
MPDZ,3397,exact_symbol
MPG,2767,exact_symbol
MPHOSPH10,5518,exact_symbol
MPHOSPH6,7136,exact_symbol
MPHOSPH8,17055,exact_symbol
MPHOSPH9,696,exact_symbol
MPI,14569,exact_symbol
MPIG6B,19927,exact_symbol
MPL,4703,exact_symbol
MPND,216,exact_symbol
MPO,94,exact_symbol
MPP1,6360,exact_symbol
MPP2,3603,exact_symbol
MPP3,10627,exact_symbol
MPP4,1556,exact_symbol
MPP7,9283,exact_symbol
MPPE1,9822,exact_symbol
MPPED1,16344,exact_symbol
MPPED2,971,exact_symbol
MPRIP,6703,exact_symbol
MPST,6011,exact_symbol
MPV17,4377,exact_symbol
MPV17L,10047,exact_symbol
MPV17L2,43575,exact_symbol
MPZ,10287,exact_symbol
MPZL1,17631,exact_symbol
MPZL2,9235,exact_symbol
MPZL3,10509,exact_symbol
MR1,9613,exact_symbol
MRAP2,7054,exact_symbol
MRAS,10195,exact_symbol
MRC1,47146,exact_symbol
MRC2,277,exact_symbol
MRE11,403,exact_symbol
MREG,4789,exact_symbol
MRGBP,2460,exact_symbol
MRGPRD,13424,exact_symbol
MRGPRE,15738,exact_symbol
MRGPRF,13422,exact_symbol
MRGPRG,15203,exact_symbol
MRI1,541,exact_symbol
MRLN,28504,exact_symbol
MRM1,57876,exact_symbol
MRM2,5295,exact_symbol
MRM3,13175,exact_symbol
MRNIP,10574,exact_symbol
MRO,6827,exact_symbol
MROH1,14760,exact_symbol
MROH2A,15906,exact_symbol
MROH2B,13086,exact_symbol
MROH5,27774,exact_symbol
MROH6,20091,exact_symbol
MROH7,15729,exact_symbol
MROH8,2510,exact_symbol
MROH9,4720,exact_symbol
MRPL1,12573,exact_symbol
MRPL10,10302,exact_symbol
MRPL11,13728,exact_symbol
MRPL12,48526,exact_symbol
MRPL13,13247,exact_symbol
MRPL14,14987,exact_symbol
MRPL15,7493,exact_symbol
MRPL16,11978,exact_symbol
MRPL17,10175,exact_symbol
MRPL18,4001,exact_symbol
MRPL19,4416,exact_symbol
MRPL2,4088,exact_symbol
MRPL20,37417,exact_symbol
MRPL21,17429,exact_symbol
MRPL24,8359,exact_symbol
MRPL27,3594,exact_symbol
MRPL28,1695,exact_symbol
MRPL3,4312,exact_symbol
MRPL30,16003,exact_symbol
MRPL32,3331,exact_symbol
MRPL33,37690,exact_symbol
MRPL34,6250,exact_symbol
MRPL35,6565,exact_symbol
MRPL36,13056,exact_symbol
MRPL37,4553,exact_symbol
MRPL38,19886,exact_symbol
MRPL39,9800,exact_symbol
MRPL4,3084,exact_symbol
MRPL40,16043,exact_symbol
MRPL41,15197,exact_symbol
MRPL42,17649,exact_symbol
MRPL43,754,exact_symbol
MRPL44,7169,exact_symbol
MRPL45,58017,exact_symbol
MRPL46,46509,exact_symbol
MRPL47,7296,exact_symbol
MRPL48,13929,exact_symbol
MRPL49,9263,exact_symbol
MRPL50,7373,exact_symbol
MRPL51,3913,exact_symbol
MRPL52,13354,exact_symbol
MRPL53,20088,exact_symbol
MRPL54,15549,exact_symbol
MRPL55,10868,exact_symbol
MRPL57,13462,exact_symbol
MRPL58,12224,exact_symbol
MRPL9,8398,exact_symbol
MRPS10,644,exact_symbol
MRPS11,15163,exact_symbol
MRPS12,6054,exact_symbol
MRPS14,5044,exact_symbol
MRPS15,4640,exact_symbol
MRPS16,15208,exact_symbol
MRPS17,36290,exact_symbol
MRPS18A,2055,exact_symbol
MRPS18B,19987,exact_symbol
MRPS18C,10976,exact_symbol
MRPS2,5239,exact_symbol
MRPS21,50728,exact_symbol
MRPS22,13836,exact_symbol
MRPS23,15088,exact_symbol
MRPS24,843,exact_symbol
MRPS25,6434,exact_symbol
MRPS26,5758,exact_symbol
MRPS27,4133,exact_symbol
MRPS28,8996,exact_symbol
MRPS30,4131,exact_symbol
MRPS31,2694,exact_symbol
MRPS33,1868,exact_symbol
MRPS34,1251,exact_symbol
MRPS35,831,exact_symbol
MRPS5,8510,exact_symbol
MRPS6,38012,exact_symbol
MRPS7,5649,exact_symbol
MRPS9,7194,exact_symbol
MRRF,9059,exact_symbol
MRS2,5540,exact_symbol
MRTFA,17196,exact_symbol
MRTFB,16231,exact_symbol
MRTO4,709,exact_symbol
MS4A1,10024,exact_symbol
MS4A12,1148,exact_symbol
MS4A15,11999,exact_symbol
MS4A2,9227,exact_symbol
MS4A3,9223,exact_symbol
MS4A5,11991,exact_symbol
MS4A8,11997,exact_symbol
MSANTD1,16882,exact_symbol
MSANTD2,5055,exact_symbol
MSANTD3,982,exact_symbol
MSANTD4,12937,exact_symbol
MSC,14579,exact_symbol
MSGN1,9402,exact_symbol
MSH2,2013,exact_symbol
MSH3,4167,exact_symbol
MSH4,771,exact_symbol
MSH5,19925,exact_symbol
MSH6,4525,exact_symbol
MSI1,7017,exact_symbol
MSI2,9705,exact_symbol
MSL1,16867,exact_symbol
MSL2,13735,exact_symbol
MSL3,91,exact_symbol
MSLN,2709,exact_symbol
MSLNL,10674,exact_symbol
MSMO1,702,exact_symbol
MSMP,23278,exact_symbol
MSN,8918,exact_symbol
MSR1,553,exact_symbol
MSRA,13974,exact_symbol
MSRB1,17882,exact_symbol
MSRB2,9100,exact_symbol
MSRB3,13648,exact_symbol
MSS51,11834,exact_symbol
MST1,13543,exact_symbol
MST1R,11237,exact_symbol
MSTN,7656,exact_symbol
MSTO1,5656,exact_symbol
MSX1,10932,exact_symbol
MSX2,5013,exact_symbol
MT-ATP6,17975,exact_symbol
MT-CO1,17917,exact_symbol
MT-CO2,17868,exact_symbol
MT-CO3,17999,exact_symbol
MT-CYB,17876,exact_symbol
MT-ND1,17969,exact_symbol
MT-ND2,17897,exact_symbol
MT-ND3,17939,exact_symbol
MT-ND4,17967,exact_symbol
MT-ND4L,22287,exact_symbol
MT-ND5,17905,exact_symbol
MT-ND6,17862,exact_symbol
MT1X,16458,exact_symbol
MT3,1732,exact_symbol
MT4,2718,exact_symbol
MTA1,15395,exact_symbol
MTA2,9214,exact_symbol
MTA3,778,exact_symbol
MTAP,2116,exact_symbol
MTARC1,16219,stable_id
MTARC2,4759,stable_id
MTBP,13245,exact_symbol
MTCH1,7465,exact_symbol
MTCH2,3718,exact_symbol
MTCL1,12384,exact_symbol
MTCP1,23143,exact_symbol
MTDH,9007,exact_symbol
MTERF2,5103,exact_symbol
MTERF3,9992,exact_symbol
MTERF4,5233,exact_symbol
MTF1,16839,exact_symbol
MTF2,8308,exact_symbol
MTFMT,2848,exact_symbol
MTFP1,37259,exact_symbol
MTFR1,988,exact_symbol
MTFR1L,4746,exact_symbol
MTFR2,8845,exact_symbol
MTG1,9140,exact_symbol
MTG2,2456,exact_symbol
MTHFD1,2373,exact_symbol
MTHFD1L,5027,exact_symbol
MTHFD2,950,exact_symbol
MTHFD2L,11123,exact_symbol
MTHFR,14221,exact_symbol
MTHFSD,2786,exact_symbol
MTIF2,1670,exact_symbol
MTIF3,5227,exact_symbol
MTLN,13950,exact_symbol
MTM1,12983,exact_symbol
MTMR1,863,exact_symbol
MTMR10,11980,exact_symbol
MTMR11,352,exact_symbol
MTMR12,9328,exact_symbol
MTMR14,11117,exact_symbol
MTMR2,1714,exact_symbol
MTMR3,2267,exact_symbol
MTMR4,3520,exact_symbol
MTMR6,7833,exact_symbol
MTMR7,43,exact_symbol
MTMR9,2942,exact_symbol
MTNR1A,12362,exact_symbol
MTNR1B,6940,exact_symbol
MTO1,7045,exact_symbol
MTOR,17910,exact_symbol
MTPAP,3474,exact_symbol
MTPN,3214,exact_symbol
MTR,4651,exact_symbol
MTRES1,6257,stable_id
MTREX,555,exact_symbol
MTRF1,5074,exact_symbol
MTRF1L,3989,exact_symbol
MTRFR,6365,stable_id
MTRR,5505,exact_symbol
MTSS1,12928,exact_symbol
MTSS2,6625,stable_id
MTTP,7754,exact_symbol
MTURN,14868,exact_symbol
MTUS1,6137,exact_symbol
MTUS2,6686,exact_symbol
MTX1,13469,exact_symbol
MTX2,6058,exact_symbol
MTX3,14225,exact_symbol
MUC15,12623,exact_symbol
MUL1,1877,exact_symbol
MUS81,13375,exact_symbol
MUSK,484,exact_symbol
MUSTN1,54053,exact_symbol
MUTYH,6660,exact_symbol
MVB12A,8188,exact_symbol
MVB12B,17266,exact_symbol
MVD,12110,exact_symbol
MVK,3829,exact_symbol
MVP,330,exact_symbol
MXD1,802,exact_symbol
MXD3,22502,exact_symbol
MXD4,5434,exact_symbol
MXI1,4988,exact_symbol
MXRA8,10767,exact_symbol
MYADM,14758,exact_symbol
MYADML2,15928,exact_symbol
MYB,4821,exact_symbol
MYBBP1A,6578,exact_symbol
MYBL1,16073,exact_symbol
MYBL2,2431,exact_symbol
MYBPC1,17014,exact_symbol
MYBPC2,1711,exact_symbol
MYBPC3,6929,exact_symbol
MYBPH,6705,exact_symbol
MYBPHL,24767,exact_symbol
MYC,7396,exact_symbol
MYCBP,22890,exact_symbol
MYCBP2,105,exact_symbol
MYCBPAP,7281,exact_symbol
MYCL,4653,exact_symbol
MYCT1,5032,exact_symbol
MYD88,13423,exact_symbol
MYDGF,1278,exact_symbol
MYF5,3841,exact_symbol
MYF6,3840,exact_symbol
MYG1,7859,stable_id
MYH1,3622,exact_symbol
MYH10,6700,exact_symbol
MYH11,6754,exact_symbol
MYH13,159,exact_symbol
MYH14,3083,exact_symbol
MYH15,8626,exact_symbol
MYH3,3624,exact_symbol
MYH6,17520,exact_symbol
MYH7,1954,exact_symbol
MYH7B,1441,exact_symbol
MYH8,6699,exact_symbol
MYH9,2273,exact_symbol
MYL1,12391,exact_symbol
MYL10,3308,exact_symbol
MYL12A,2556,exact_symbol
MYL12B,4836,exact_symbol
MYL2,3864,exact_symbol
MYL3,10543,exact_symbol
MYL4,17748,exact_symbol
MYL6B,17155,exact_symbol
MYL7,3341,exact_symbol
MYL9,2501,exact_symbol
MYLIP,194,exact_symbol
MYLK,933,exact_symbol
MYLK2,2493,exact_symbol
MYLK3,8019,exact_symbol
MYMK,16526,exact_symbol
MYMX,48382,exact_symbol
MYNN,1650,exact_symbol
MYO10,8717,exact_symbol
MYO15B,50899,exact_symbol
MYO16,575,exact_symbol
MYO18A,17176,exact_symbol
MYO18B,6761,exact_symbol
MYO19,57643,exact_symbol
MYO1A,11967,exact_symbol
MYO1B,6055,exact_symbol
MYO1C,17597,exact_symbol
MYO1D,14134,exact_symbol
MYO1E,10111,exact_symbol
MYO1F,8228,exact_symbol
MYO1G,7262,exact_symbol
MYO1H,13726,exact_symbol
MYO3A,2042,exact_symbol
MYO3B,1167,exact_symbol
MYO5A,17487,exact_symbol
MYO5B,12074,exact_symbol
MYO5C,6077,exact_symbol
MYO6,17195,exact_symbol
MYO7A,7477,exact_symbol
MYO7B,12731,exact_symbol
MYO9A,991,exact_symbol
MYO9B,2092,exact_symbol
MYOC,515,exact_symbol
MYOCD,8064,exact_symbol
MYOD1,6108,exact_symbol
MYOF,7618,exact_symbol
MYOG,5242,exact_symbol
MYOM1,2555,exact_symbol
MYOM2,528,exact_symbol
MYOM3,8269,exact_symbol
MYORG,11502,exact_symbol
MYOT,5092,exact_symbol
MYOZ1,14390,exact_symbol
MYOZ2,13310,exact_symbol
MYOZ3,11391,exact_symbol
MYPN,7650,exact_symbol
MYPOP,14041,exact_symbol
MYRF,5603,exact_symbol
MYRFL,11815,exact_symbol
MYRIP,12734,exact_symbol
MYSM1,10776,exact_symbol
MYT1,17030,exact_symbol
MYT1L,16292,exact_symbol
MYZAP,48607,exact_symbol
MZB1,12842,exact_symbol
MZF1,2090,exact_symbol
MZT1,20112,exact_symbol
N4BP1,2727,exact_symbol
N4BP2,1414,exact_symbol
N4BP2L1,7848,exact_symbol
N4BP2L2,38378,exact_symbol
N4BP3,8772,exact_symbol
NAA10,2613,exact_symbol
NAA15,11269,exact_symbol
NAA16,13384,exact_symbol
NAA20,13523,exact_symbol
NAA25,3877,exact_symbol
NAA30,7906,exact_symbol
NAA35,7001,exact_symbol
NAA38,15401,exact_symbol
NAA40,3789,exact_symbol
NAA50,5178,exact_symbol
NAA60,5260,exact_symbol
NAA80,37817,exact_symbol
NAAA,7726,exact_symbol
NAALAD2,1393,exact_symbol
NAALADL1,12276,exact_symbol
NAALADL2,14370,exact_symbol
NAB1,7661,exact_symbol
NAB2,11971,exact_symbol
NABP1,13551,exact_symbol
NABP2,7847,exact_symbol
NACAD,7258,exact_symbol
NACC1,10552,exact_symbol
NACC2,9096,exact_symbol
NADK,203,exact_symbol
NADK2,9568,exact_symbol
NADSYN1,13413,exact_symbol
NAE1,10373,exact_symbol
NAF1,8701,exact_symbol
NAGA,18005,exact_symbol
NAGK,5514,exact_symbol
NAGLU,3582,exact_symbol
NAGPA,2771,exact_symbol
NAGS,10630,exact_symbol
NAIF1,13007,exact_symbol
NALCN,2675,exact_symbol
NALF1,19939,stable_id
NALF2,6208,stable_id
NAMPT,3201,exact_symbol
NANOS1,16785,exact_symbol
NANOS2,16742,exact_symbol
NANOS3,16511,exact_symbol
NANP,12770,exact_symbol
NANS,2026,exact_symbol
NAP1L1,16435,exact_symbol
NAP1L2,16281,exact_symbol
NAP1L3,16244,exact_symbol
NAP1L4,20278,exact_symbol
NAP1L5,14309,exact_symbol
NAPA,3101,exact_symbol
NAPB,5719,exact_symbol
NAPEPLD,10582,exact_symbol
NAPG,6874,exact_symbol
NAPRT,9025,exact_symbol
NAPSA,6445,exact_symbol
NARF,8141,exact_symbol
NARS2,7491,exact_symbol
NASP,6659,exact_symbol
NAT10,7065,exact_symbol
NAT14,1904,exact_symbol
NAT8L,16101,exact_symbol
NAT9,3625,exact_symbol
NATD1,55030,exact_symbol
NAV1,6897,exact_symbol
NAV2,11955,exact_symbol
NAV3,1019,exact_symbol
NAXD,22834,exact_symbol
NAXE,10997,exact_symbol
NBAS,9461,exact_symbol
NBDY,19866,exact_symbol
NBEA,13418,exact_symbol
NBEAL1,8565,exact_symbol
NBEAL2,10539,exact_symbol
NBL1,10262,exact_symbol
NBN,2898,exact_symbol
NBR1,16770,exact_symbol
NCALD,2928,exact_symbol
NCAM1,9194,exact_symbol
NCAM2,9796,exact_symbol
NCAN,6240,exact_symbol
NCAPD2,254,exact_symbol
NCAPD3,9422,exact_symbol
NCAPG,3706,exact_symbol
NCAPG2,8903,exact_symbol
NCAPH,5141,exact_symbol
NCAPH2,448,exact_symbol
NCBP1,7385,exact_symbol
NCBP2,4295,exact_symbol
NCBP3,1260,exact_symbol
NCCRP1,16758,exact_symbol
NCDN,396,exact_symbol
NCEH1,8645,exact_symbol
NCF1,10236,exact_symbol
NCF2,4602,exact_symbol
NCF4,2285,exact_symbol
NCK1,10182,exact_symbol
NCK2,1142,exact_symbol
NCKAP1,830,exact_symbol
NCKAP1L,5370,exact_symbol
NCKAP5,14160,exact_symbol
NCKAP5L,12132,exact_symbol
NCKIPSD,22670,exact_symbol
NCL,4357,exact_symbol
NCLN,5761,exact_symbol
NCMAP,15764,exact_symbol
NCOA1,1635,exact_symbol
NCOA2,7960,exact_symbol
NCOA3,5463,exact_symbol
NCOA4,50692,exact_symbol
NCOA5,5467,exact_symbol
NCOA6,17841,exact_symbol
NCOA7,3983,exact_symbol
NCOR1,8059,exact_symbol
NCOR2,17164,exact_symbol
NCR1,17000,exact_symbol
NCS1,3389,exact_symbol
NCSTN,10822,exact_symbol
NDC1,793,exact_symbol
NDC80,1516,exact_symbol
NDE1,1211,exact_symbol
NDEL1,11902,exact_symbol
NDFIP1,6467,exact_symbol
NDFIP2,2678,exact_symbol
NDN,15318,exact_symbol
NDNF,13515,exact_symbol
NDOR1,16773,exact_symbol
NDP,5531,exact_symbol
NDRG1,2920,exact_symbol
NDRG2,11689,exact_symbol
NDRG3,2434,exact_symbol
NDRG4,2746,exact_symbol
NDST1,1121,exact_symbol
NDST2,11882,exact_symbol
NDST3,11249,exact_symbol
NDST4,7705,exact_symbol
NDUFA1,5636,exact_symbol
NDUFA10,6267,exact_symbol
NDUFA11,13785,exact_symbol
NDUFA12,15832,exact_symbol
NDUFA13,16161,exact_symbol
NDUFA2,6464,exact_symbol
NDUFA3,12938,exact_symbol
NDUFA4,16901,exact_symbol
NDUFA4L2,16053,exact_symbol
NDUFA5,6051,exact_symbol
NDUFA6,15882,exact_symbol
NDUFA7,51755,exact_symbol
NDUFA8,4903,exact_symbol
NDUFA9,7784,exact_symbol
NDUFAB1,59,exact_symbol
NDUFAF1,7538,exact_symbol
NDUFAF2,11287,exact_symbol
NDUFAF3,14436,exact_symbol
NDUFAF4,5398,exact_symbol
NDUFAF5,2480,exact_symbol
NDUFAF6,9955,exact_symbol
NDUFAF7,41,exact_symbol
NDUFAF8,26434,exact_symbol
NDUFB1,15562,exact_symbol
NDUFB10,8051,exact_symbol
NDUFB2,1869,exact_symbol
NDUFB3,4869,exact_symbol
NDUFB4,931,exact_symbol
NDUFB5,7295,exact_symbol
NDUFB6,11568,exact_symbol
NDUFB7,2112,exact_symbol
NDUFB8,11772,exact_symbol
NDUFB9,9015,exact_symbol
NDUFC1,3663,exact_symbol
NDUFC2,9400,exact_symbol
NDUFS1,424,exact_symbol
NDUFS2,10282,exact_symbol
NDUFS3,22641,exact_symbol
NDUFS4,11307,exact_symbol
NDUFS5,12414,exact_symbol
NDUFS6,8711,exact_symbol
NDUFS7,4399,exact_symbol
NDUFS8,3803,exact_symbol
NDUFV1,12209,exact_symbol
NDUFV2,14450,exact_symbol
NDUFV3,10445,exact_symbol
NEB,15424,exact_symbol
NEBL,1410,exact_symbol
NECAB1,5345,exact_symbol
NECAB2,2768,exact_symbol
NECAB3,5770,exact_symbol
NECAP1,1853,exact_symbol
NECAP2,10077,exact_symbol
NECTIN1,3774,exact_symbol
NECTIN2,6226,exact_symbol
NECTIN3,14375,exact_symbol
NECTIN4,8345,exact_symbol
NEDD1,7817,exact_symbol
NEDD4,1086,exact_symbol
NEDD4L,667,exact_symbol
NEDD8,6158,exact_symbol
NEDD9,3970,exact_symbol
NEFH,2245,exact_symbol
NEFL,57199,exact_symbol
NEGR1,13268,exact_symbol
NEIL1,7961,exact_symbol
NEIL2,9761,exact_symbol
NEIL3,3688,exact_symbol
NEK1,7501,exact_symbol
NEK10,11026,exact_symbol
NEK11,4311,exact_symbol
NEK2,4748,exact_symbol
NEK3,7214,exact_symbol
NEK4,4341,exact_symbol
NEK5,17375,exact_symbol
NEK6,4900,exact_symbol
NEK7,9405,exact_symbol
NEK8,10511,exact_symbol
NEK9,4929,exact_symbol
NELFA,15911,exact_symbol
NELFB,16885,exact_symbol
NELFCD,2450,exact_symbol
NELFE,19897,exact_symbol
NELL1,11735,exact_symbol
NELL2,15801,exact_symbol
NEMF,11626,exact_symbol
NEMP1,11969,exact_symbol
NEMP2,16983,exact_symbol
NENF,4751,exact_symbol
NEO1,998,exact_symbol
NEPRO,11073,exact_symbol
NES,6642,exact_symbol
NET1,13607,exact_symbol
NETO1,11833,exact_symbol
NETO2,13017,exact_symbol
NEU1,19911,exact_symbol
NEU2,4437,exact_symbol
NEU3,10692,exact_symbol
NEU4,19806,exact_symbol
NEURL1,3475,exact_symbol
NEURL1B,22991,exact_symbol
NEURL2,5503,exact_symbol
NEURL3,10928,exact_symbol
NEURL4,23230,exact_symbol
NEUROD1,10890,exact_symbol
NEUROD2,13097,exact_symbol
NEUROD4,5368,exact_symbol
NEUROD6,11393,exact_symbol
NEUROG1,15159,exact_symbol
NEUROG2,14499,exact_symbol
NEUROG3,5317,exact_symbol
NEXMIF,672,exact_symbol
NEXN,10780,exact_symbol
NF1,17236,exact_symbol
NF2,16312,exact_symbol
NFASC,11046,exact_symbol
NFAT5,2725,exact_symbol
NFATC1,6422,exact_symbol
NFATC2,2437,exact_symbol
NFATC2IP,14208,exact_symbol
NFATC3,1201,exact_symbol
NFATC4,2414,exact_symbol
NFE2,5382,exact_symbol
NFE2L1,1575,exact_symbol
NFE2L2,4524,exact_symbol
NFE2L3,676,exact_symbol
NFIA,10774,exact_symbol
NFIB,9029,exact_symbol
NFIC,8180,exact_symbol
NFIL3,11512,exact_symbol
NFIX,220,exact_symbol
NFKB1,3657,exact_symbol
NFKB2,1370,exact_symbol
NFKBIA,2404,exact_symbol
NFKBIB,2971,exact_symbol
NFKBID,12139,exact_symbol
NFKBIE,8820,exact_symbol
NFKBIL1,19958,exact_symbol
NFKBIZ,8622,exact_symbol
NFRKB,12799,exact_symbol
NFS1,38049,exact_symbol
NFU1,12635,exact_symbol
NFX1,1685,exact_symbol
NFXL1,12832,exact_symbol
NFYA,9,exact_symbol
NFYB,5105,exact_symbol
NFYC,962,exact_symbol
NGB,11631,exact_symbol
NGDN,6142,exact_symbol
NGEF,965,exact_symbol
NGF,6872,exact_symbol
NGFR,879,exact_symbol
NGLY1,9366,exact_symbol
NGRN,15341,exact_symbol
NHEJ1,16559,exact_symbol
NHLH1,13149,exact_symbol
NHLH2,14334,exact_symbol
NHLRC1,16513,exact_symbol
NHLRC2,17278,exact_symbol
NHLRC3,16844,exact_symbol
NHLRC4,44860,exact_symbol
NHP2,8773,exact_symbol
NHS,16674,exact_symbol
NHSL1,7109,exact_symbol
NHSL2,19818,exact_symbol
NIBAN1,7163,stable_id
NIBAN2,7348,stable_id
NIBAN3,12106,stable_id
NICN1,8653,exact_symbol
NID1,4647,exact_symbol
NID2,1742,exact_symbol
NIF3L1,17087,exact_symbol
NIFK,9876,exact_symbol
NIM1K,14312,exact_symbol
NIN,2326,exact_symbol
NINJ1,6481,exact_symbol
NINJ2,13167,exact_symbol
NINL,2425,exact_symbol
NIP7,6622,exact_symbol
NIPA1,12752,exact_symbol
NIPA2,7928,exact_symbol
NIPAL1,10972,exact_symbol
NIPAL2,2908,exact_symbol
NIPAL3,11,exact_symbol
NIPAL4,13346,exact_symbol
NIPBL,11291,exact_symbol
NIPSNAP1,15680,exact_symbol
NIPSNAP2,8880,exact_symbol
NISCH,259,exact_symbol
NIT1,10269,exact_symbol
NIT2,4246,exact_symbol
NKAIN1,1631,exact_symbol
NKAIN2,16775,exact_symbol
NKAIN3,16139,exact_symbol
NKAIN4,2466,exact_symbol
NKAP,2583,exact_symbol
NKAPD1,9338,exact_symbol
NKAPL,16926,exact_symbol
NKD1,8021,exact_symbol
NKD2,8713,exact_symbol
NKG7,3091,exact_symbol
NKIRAS1,17600,exact_symbol
NKIRAS2,12319,exact_symbol
NKPD1,14764,exact_symbol
NKRF,16268,exact_symbol
NKTR,4336,exact_symbol
NKX1-1,33843,exact_symbol
NKX1-2,29626,exact_symbol
NKX2-1,7269,exact_symbol
NKX2-2,5724,exact_symbol
NKX2-3,4981,exact_symbol
NKX2-4,5721,exact_symbol
NKX2-5,15420,exact_symbol
NKX2-6,14810,exact_symbol
NKX2-8,7268,exact_symbol
NKX3-1,12013,exact_symbol
NKX3-2,3694,exact_symbol
NKX6-1,11078,exact_symbol
NKX6-2,9141,exact_symbol
NKX6-3,11518,exact_symbol
NLE1,1228,exact_symbol
NLGN1,12674,exact_symbol
NLGN2,12730,exact_symbol
NLGN3,17099,exact_symbol
NLK,1722,exact_symbol
NLN,5362,exact_symbol
NLRC3,12253,exact_symbol
NLRC4,1911,exact_symbol
NLRC5,8029,exact_symbol
NLRP10,15228,exact_symbol
NLRP12,8230,exact_symbol
NLRP14,10179,exact_symbol
NLRP3,10812,exact_symbol
NLRP6,13784,exact_symbol
NLRX1,10523,exact_symbol
NMB,17542,exact_symbol
NMBR,7114,exact_symbol
NMD3,12566,exact_symbol
NME1,36246,exact_symbol
NME2,37904,exact_symbol
NME3,2745,exact_symbol
NME4,2780,exact_symbol
NME5,4127,exact_symbol
NME6,13231,exact_symbol
NME7,8326,exact_symbol
NME8,1691,exact_symbol
NME9,15045,exact_symbol
NMI,5413,exact_symbol
NMNAT1,13565,exact_symbol
NMNAT2,10061,exact_symbol
NMNAT3,11159,exact_symbol
NMRAL1,9661,exact_symbol
NMRK1,3357,exact_symbol
NMRK2,1363,exact_symbol
NMS,20022,exact_symbol
NMT1,7280,exact_symbol
NMT2,9547,exact_symbol
NMU,3653,exact_symbol
NMUR1,13111,exact_symbol
NMUR2,6682,exact_symbol
NNMT,11927,exact_symbol
NOA1,1621,exact_symbol
NOB1,8071,exact_symbol
NOC2L,16881,exact_symbol
NOC3L,13463,exact_symbol
NOC4L,15880,exact_symbol
NOCT,9357,exact_symbol
NOD1,3260,exact_symbol
NOD2,12056,exact_symbol
NODAL,10008,exact_symbol
NOG,15576,exact_symbol
NOL10,4481,exact_symbol
NOL11,6366,exact_symbol
NOL12,54857,exact_symbol
NOL3,8038,exact_symbol
NOL4,2566,exact_symbol
NOL4L,17384,exact_symbol
NOL6,11570,exact_symbol
NOL7,27145,exact_symbol
NOL8,17645,exact_symbol
NOL9,10730,exact_symbol
NOLC1,11795,exact_symbol
NOM1,8901,exact_symbol
NONO,8934,exact_symbol
NOP10,15190,exact_symbol
NOP14,1737,exact_symbol
NOP16,637,exact_symbol
NOP2,3915,exact_symbol
NOP53,3090,exact_symbol
NOP56,2511,exact_symbol
NOP58,740,exact_symbol
NOP9,17300,exact_symbol
NOPCHAP1,9370,stable_id
NOS1,1833,exact_symbol
NOS1AP,17992,exact_symbol
NOS2,169,exact_symbol
NOS3,11466,exact_symbol
NOSIP,8251,exact_symbol
NOSTRIN,10915,exact_symbol
NOTCH1,9094,exact_symbol
NOTCH2,6867,exact_symbol
NOTCH3,1252,exact_symbol
NOTO,23033,exact_symbol
NOTUM,15969,exact_symbol
NOVA1,7896,exact_symbol
NOVA2,3014,exact_symbol
NOX1,195,exact_symbol
NOX3,1275,exact_symbol
NOX4,1712,exact_symbol
NOXA1,16824,exact_symbol
NOXO1,17132,exact_symbol
NOXRED1,11632,exact_symbol
NPAS1,6335,exact_symbol
NPAS2,12846,exact_symbol
NPAS3,9391,exact_symbol
NPAS4,13734,exact_symbol
NPAT,9198,exact_symbol
NPB,15653,exact_symbol
NPBWR1,15587,exact_symbol
NPC1,8118,exact_symbol
NPC1L1,361,exact_symbol
NPC2,4932,exact_symbol
NPDC1,3405,exact_symbol
NPEPL1,23368,exact_symbol
NPEPPS,8083,exact_symbol
NPFF,7846,exact_symbol
NPFFR1,9132,exact_symbol
NPFFR2,760,exact_symbol
NPHP1,8520,exact_symbol
NPHP3,4243,exact_symbol
NPHP4,6483,exact_symbol
NPHS1,10601,exact_symbol
NPHS2,4552,exact_symbol
NPL,7162,exact_symbol
NPLOC4,15267,exact_symbol
NPM2,10272,exact_symbol
NPM3,3458,exact_symbol
NPNT,12429,exact_symbol
NPPA,13857,exact_symbol
NPPC,10965,exact_symbol
NPR1,12600,exact_symbol
NPR2,10405,exact_symbol
NPR3,4178,exact_symbol
NPRL2,4281,exact_symbol
NPRL3,2765,exact_symbol
NPS,22959,exact_symbol
NPSR1,16470,exact_symbol
NPTN,10014,exact_symbol
NPTX1,13029,exact_symbol
NPTX2,3271,exact_symbol
NPTXR,24734,exact_symbol
NPVF,3223,exact_symbol
NPW,15650,exact_symbol
NPY,5285,exact_symbol
NPY1R,11267,exact_symbol
NPY2R,15936,exact_symbol
NPY5R,11268,exact_symbol
NQO1,14997,exact_symbol
NQO2,5553,exact_symbol
NR0B1,12575,exact_symbol
NR0B2,6517,exact_symbol
NR1D1,5817,exact_symbol
NR1D2,13759,exact_symbol
NR1H2,6447,exact_symbol
NR1H3,446,exact_symbol
NR1H4,317,exact_symbol
NR1I2,8635,exact_symbol
NR1I3,8353,exact_symbol
NR2C1,5098,exact_symbol
NR2C2,14316,exact_symbol
NR2C2AP,15689,exact_symbol
NR2E1,4051,exact_symbol
NR2E3,57835,exact_symbol
NR2F1,13958,exact_symbol
NR2F2,16033,exact_symbol
NR2F6,10428,exact_symbol
NR3C1,4200,exact_symbol
NR3C2,9434,exact_symbol
NR4A1,5375,exact_symbol
NR4A2,9642,exact_symbol
NR4A3,4910,exact_symbol
NR5A1,7380,exact_symbol
NR5A2,4631,exact_symbol
NR6A1,9060,exact_symbol
NRAP,17606,exact_symbol
NRARP,17776,exact_symbol
NRAS,22468,exact_symbol
NRBF2,9112,exact_symbol
NRBP1,4380,exact_symbol
NRBP2,15948,exact_symbol
NRCAM,1914,exact_symbol
NRDE2,4953,exact_symbol
NREP,6996,exact_symbol
NRF1,3310,exact_symbol
NRG2,10222,exact_symbol
NRG3,16083,exact_symbol
NRG4,12671,exact_symbol
NRGN,9734,exact_symbol
NRIP1,14897,exact_symbol
NRIP2,713,exact_symbol
NRIP3,13889,exact_symbol
NRK,5405,exact_symbol
NRL,6156,exact_symbol
NRM,7464,exact_symbol
NRN1,5585,exact_symbol
NRN1L,16646,exact_symbol
NRP1,2082,exact_symbol
NRP2,4792,exact_symbol
NRROS,13636,exact_symbol
NRSN1,9605,exact_symbol
NRSN2,5732,exact_symbol
NRTN,12991,exact_symbol
NRXN1,14778,exact_symbol
NRXN2,3742,exact_symbol
NRXN3,409,exact_symbol
NSA2,11340,exact_symbol
NSD1,11660,exact_symbol
NSD2,3691,exact_symbol
NSD3,8991,exact_symbol
NSDHL,8964,exact_symbol
NSF,1248,exact_symbol
NSFL1C,1791,exact_symbol
NSG1,12453,exact_symbol
NSG2,12748,exact_symbol
NSL1,4752,exact_symbol
NSMAF,521,exact_symbol
NSMCE1,12542,exact_symbol
NSMCE2,10030,exact_symbol
NSMCE4A,3437,exact_symbol
NSMF,11692,exact_symbol
NSRP1,5840,exact_symbol
NSUN2,538,exact_symbol
NSUN3,14546,exact_symbol
NSUN5,6246,exact_symbol
NSUN6,36817,exact_symbol
NSUN7,14674,exact_symbol
NT5C,5655,exact_symbol
NT5C1A,4649,exact_symbol
NT5C1B,15897,exact_symbol
NT5C2,1353,exact_symbol
NT5C3A,5290,exact_symbol
NT5C3B,8164,exact_symbol
NT5DC1,14503,exact_symbol
NT5DC2,12324,exact_symbol
NT5DC3,3933,exact_symbol
NT5E,7053,exact_symbol
NT5M,20223,exact_symbol
NTAN1,10059,exact_symbol
NTF3,16060,exact_symbol
NTF4,27169,exact_symbol
NTHL1,911,exact_symbol
NTM,15322,exact_symbol
NTMT1,9078,exact_symbol
NTN1,920,exact_symbol
NTN3,10683,exact_symbol
NTN4,1264,exact_symbol
NTN5,8219,exact_symbol
NTNG1,10789,exact_symbol
NTNG2,17107,exact_symbol
NTPCR,7153,exact_symbol
NTRK1,17767,exact_symbol
NTRK2,9044,exact_symbol
NTRK3,7992,exact_symbol
NTS,6776,exact_symbol
NTSR1,2459,exact_symbol
NTSR2,12498,exact_symbol
NUAK1,1266,exact_symbol
NUAK2,11052,exact_symbol
NUB1,331,exact_symbol
NUBP1,2795,exact_symbol
NUBP2,2045,exact_symbol
NUBPL,9404,exact_symbol
NUCB1,2964,exact_symbol
NUCB2,1098,exact_symbol
NUCKS1,1069,exact_symbol
NUDC,1870,exact_symbol
NUDCD1,5061,exact_symbol
NUDCD2,12868,exact_symbol
NUDCD3,365,exact_symbol
NUDT1,3279,exact_symbol
NUDT12,4118,exact_symbol
NUDT13,11825,exact_symbol
NUDT14,15620,exact_symbol
NUDT15,7234,exact_symbol
NUDT16L1,12291,exact_symbol
NUDT17,16257,exact_symbol
NUDT18,55616,exact_symbol
NUDT19,22819,exact_symbol
NUDT2,11503,exact_symbol
NUDT21,12010,exact_symbol
NUDT22,9260,exact_symbol
NUDT3,53902,exact_symbol
NUDT5,11642,exact_symbol
NUDT6,12941,exact_symbol
NUDT7,8033,exact_symbol
NUDT9,12850,exact_symbol
NUF2,8349,exact_symbol
NUFIP1,1600,exact_symbol
NUFIP2,3504,exact_symbol
NUMA1,7484,exact_symbol
NUMB,6814,exact_symbol
NUMBL,3059,exact_symbol
NUP107,3908,exact_symbol
NUP133,1068,exact_symbol
NUP153,5589,exact_symbol
NUP155,4197,exact_symbol
NUP160,482,exact_symbol
NUP188,2023,exact_symbol
NUP205,9886,exact_symbol
NUP210,6548,exact_symbol
NUP210L,8427,exact_symbol
NUP214,5872,exact_symbol
NUP35,10896,exact_symbol
NUP37,1290,exact_symbol
NUP43,5026,exact_symbol
NUP54,7727,exact_symbol
NUP58,7832,exact_symbol
NUP62,22312,exact_symbol
NUP85,5652,exact_symbol
NUP88,3550,exact_symbol
NUP93,2722,exact_symbol
NUP98,3802,exact_symbol
NUPR1,14012,exact_symbol
NUS1,9710,exact_symbol
NUSAP1,7537,exact_symbol
NUTM1,15777,exact_symbol
NVL,8457,exact_symbol
NWD1,16647,exact_symbol
NWD2,13657,exact_symbol
NXF1,10701,exact_symbol
NXN,12171,exact_symbol
NXNL1,13147,exact_symbol
NXNL2,6206,exact_symbol
NXPE2,19898,exact_symbol
NXPE3,8624,exact_symbol
NXPE4,7503,exact_symbol
NXPH1,5284,exact_symbol
NXPH2,8539,exact_symbol
NXPH3,15299,exact_symbol
NXPH4,15259,exact_symbol
NXT1,6633,exact_symbol
NXT2,2585,exact_symbol
NYAP1,11986,exact_symbol
NYAP2,8570,exact_symbol
NYNRIN,20401,exact_symbol
NYX,16877,exact_symbol
OAF,15711,exact_symbol
OARD1,5555,exact_symbol
OAS2,3884,exact_symbol
OAS3,3883,exact_symbol
OASL,7021,exact_symbol
OAT,915,exact_symbol
OAZ1,3000,exact_symbol
OAZ2,14857,exact_symbol
OAZ3,8402,exact_symbol
OBI1,9506,stable_id
OBSCN,9764,exact_symbol
OBSL1,5443,exact_symbol
OC90,42067,exact_symbol
OCA2,2867,exact_symbol
OCIAD1,3644,exact_symbol
OCIAD2,8677,exact_symbol
OCLN,17581,exact_symbol
OCRL,5236,exact_symbol
OCSTAMP,9246,exact_symbol
ODAD2,12528,stable_id
ODAD3,17647,stable_id
ODAD4,20085,stable_id
ODAM,3650,exact_symbol
ODAPH,13769,exact_symbol
ODC1,4479,exact_symbol
ODF1,9843,exact_symbol
ODF2,7340,exact_symbol
ODF2L,5262,exact_symbol
ODR4,10075,exact_symbol
OFD1,609,exact_symbol
OGA,17769,exact_symbol
OGDH,3222,exact_symbol
OGDHL,17460,exact_symbol
OGFOD1,1735,exact_symbol
OGFOD2,3881,exact_symbol
OGFOD3,15059,exact_symbol
OGFRL1,4975,exact_symbol
OGG1,4248,exact_symbol
OGN,3366,exact_symbol
OGT,8939,exact_symbol
OIP5,2881,exact_symbol
OIT3,7645,exact_symbol
OLA1,7668,exact_symbol
OLAH,9545,exact_symbol
OLFM1,6290,exact_symbol
OLFM2,3032,exact_symbol
OLFM3,4843,exact_symbol
OLFM4,2708,exact_symbol
OLFML2A,16038,exact_symbol
OLFML2B,10825,exact_symbol
OLFML3,4620,exact_symbol
OLIG1,15707,exact_symbol
OLIG2,20389,exact_symbol
OLIG3,14319,exact_symbol
OMA1,10775,exact_symbol
OMD,5888,exact_symbol
OMG,5868,exact_symbol
OMP,43292,exact_symbol
ONECUT1,12692,exact_symbol
ONECUT2,4918,exact_symbol
ONECUT3,20387,exact_symbol
OPA1,17935,exact_symbol
OPA3,5702,exact_symbol
OPALIN,17457,exact_symbol
OPCML,15582,exact_symbol
OPHN1,1469,exact_symbol
OPLAH,14573,exact_symbol
OPN1SW,6053,exact_symbol
OPN3,724,exact_symbol
OPN4,5256,exact_symbol
OPN5,5594,exact_symbol
OPRD1,4563,exact_symbol
OPRK1,1574,exact_symbol
OPRL1,5666,exact_symbol
OPRM1,3991,exact_symbol
OPTC,16831,exact_symbol
OPTN,5364,exact_symbol
ORAI1,56222,exact_symbol
ORAI2,10570,exact_symbol
ORAI3,13996,exact_symbol
ORC1,1674,exact_symbol
ORC2,4503,exact_symbol
ORC3,7057,exact_symbol
ORC4,4506,exact_symbol
ORC5,11451,exact_symbol
ORC6,1938,exact_symbol
ORMDL1,6064,exact_symbol
ORMDL2,5374,exact_symbol
ORMDL3,13222,exact_symbol
OS9,7102,exact_symbol
OSBP,3735,exact_symbol
OSBP2,15840,exact_symbol
OSBPL10,8596,exact_symbol
OSBPL11,8643,exact_symbol
OSBPL1A,8113,exact_symbol
OSBPL2,6317,exact_symbol
OSBPL3,1136,exact_symbol
OSBPL5,410,exact_symbol
OSBPL6,1451,exact_symbol
OSBPL7,117,exact_symbol
OSBPL8,1909,exact_symbol
OSBPL9,4761,exact_symbol
OSCAR,12939,exact_symbol
OSCP1,4639,exact_symbol
OSER1,6666,exact_symbol
OSGEP,1957,exact_symbol
OSGEPL1,6063,exact_symbol
OSGIN1,8045,exact_symbol
OSGIN2,11456,exact_symbol
OSMR,8721,exact_symbol
OSR1,8484,exact_symbol
OSR2,11482,exact_symbol
OST4,28912,exact_symbol
OSTC,17950,exact_symbol
OSTF1,6998,exact_symbol
OSTM1,1524,exact_symbol
OSTN,16818,exact_symbol
OTC,529,exact_symbol
OTOA,9898,exact_symbol
OTOF,4370,exact_symbol
OTOG,16675,exact_symbol
OTOGL,11716,exact_symbol
OTOL1,15268,exact_symbol
OTOP1,11201,exact_symbol
OTOP2,15409,exact_symbol
OTOP3,15385,exact_symbol
OTOR,5751,exact_symbol
OTOS,14532,exact_symbol
OTP,13099,exact_symbol
OTUB1,12199,exact_symbol
OTUB2,1850,exact_symbol
OTUD1,11580,exact_symbol
OTUD3,12711,exact_symbol
OTUD4,11277,exact_symbol
OTUD5,1036,exact_symbol
OTUD6A,16993,exact_symbol
OTUD6B,9849,exact_symbol
OTUD7A,12712,exact_symbol
OTUD7B,49450,exact_symbol
OTULIN,9728,exact_symbol
OTULINL,8718,exact_symbol
OTX1,4439,exact_symbol
OTX2,11639,exact_symbol
OVCA2,48497,exact_symbol
OVCH2,15492,exact_symbol
OVGP1,1658,exact_symbol
OVOL1,13400,exact_symbol
OVOL2,5738,exact_symbol
OVOL3,3066,exact_symbol
OXA1L,9877,exact_symbol
OXCT1,1602,exact_symbol
OXGR1,11644,exact_symbol
OXR1,11459,exact_symbol
OXSM,9367,exact_symbol
OXSR1,13425,exact_symbol
OXT,2518,exact_symbol
OXTR,14973,exact_symbol
P2RX1,3522,exact_symbol
P2RX2,16593,exact_symbol
P2RX3,3726,exact_symbol
P2RX4,7024,exact_symbol
P2RX5,1594,exact_symbol
P2RX6,2143,exact_symbol
P2RX7,1808,exact_symbol
P2RY1,12694,exact_symbol
P2RY10,1429,exact_symbol
P2RY12,12579,exact_symbol
P2RY13,15094,exact_symbol
P2RY14,13801,exact_symbol
P2RY2,13931,exact_symbol
P2RY4,16387,exact_symbol
P2RY6,13120,exact_symbol
P3H1,4699,exact_symbol
P3H2,1883,exact_symbol
P3H3,3813,exact_symbol
P3H4,8163,exact_symbol
P3R3URF,40328,stable_id
P4HA1,5326,exact_symbol
P4HA2,1199,exact_symbol
P4HA3,9204,exact_symbol
P4HB,16049,exact_symbol
P4HTM,14513,exact_symbol
PA2G4,12852,exact_symbol
PABPC1L,2439,exact_symbol
PABPC4,1891,exact_symbol
PABPC4L,43278,exact_symbol
PABPC5,13760,exact_symbol
PABPN1,2392,exact_symbol
PABPN1L,20158,exact_symbol
PACC1,936,stable_id
PACRG,4073,exact_symbol
PACRGL,10933,exact_symbol
PACS1,13837,exact_symbol
PACS2,14686,exact_symbol
PACSIN1,5537,exact_symbol
PACSIN2,2239,exact_symbol
PACSIN3,11718,exact_symbol
PADI1,8263,exact_symbol
PADI2,4668,exact_symbol
PADI3,8261,exact_symbol
PADI4,10344,exact_symbol
PADI6,56654,exact_symbol
PAF1,152,exact_symbol
PAFAH1B1,168,exact_symbol
PAFAH1B2,12289,exact_symbol
PAFAH1B3,1468,exact_symbol
PAFAH2,10169,exact_symbol
PAG1,1350,exact_symbol
PAH,13143,exact_symbol
PAICS,5984,exact_symbol
PAIP1,13263,exact_symbol
PAIP2,5091,exact_symbol
PAIP2B,5516,exact_symbol
PAK1,9190,exact_symbol
PAK1IP1,3967,exact_symbol
PAK2,14870,exact_symbol
PAK3,1377,exact_symbol
PAK4,6309,exact_symbol
PAK5,2508,exact_symbol
PAK6,7556,exact_symbol
PALB2,1584,exact_symbol
PALD1,3439,exact_symbol
PALLD,6105,exact_symbol
PALM,2126,exact_symbol
PALM2AKAP2,10132,stable_id
PALM3,16599,exact_symbol
PALMD,2085,exact_symbol
PALS1,1191,stable_id
PALS2,3217,stable_id
PAM,8738,exact_symbol
PAMR1,9167,exact_symbol
PAN2,7094,exact_symbol
PAN3,9555,exact_symbol
PANK1,9586,exact_symbol
PANK2,5710,exact_symbol
PANK3,5012,exact_symbol
PANK4,10155,exact_symbol
PANX1,3758,exact_symbol
PANX2,1221,exact_symbol
PANX3,9732,exact_symbol
PAOX,9142,exact_symbol
PAPLN,2382,exact_symbol
PAPOLA,1863,exact_symbol
PAPOLB,23894,exact_symbol
PAPOLG,4425,exact_symbol
PAPPA,15339,exact_symbol
PAPPA2,4543,exact_symbol
PAPSS1,7749,exact_symbol
PAPSS2,17856,exact_symbol
PAQR3,10971,exact_symbol
PAQR4,10685,exact_symbol
PAQR5,7547,exact_symbol
PAQR6,10534,exact_symbol
PAQR7,15338,exact_symbol
PAQR8,12940,exact_symbol
PAQR9,16777,exact_symbol
PARD3,9108,exact_symbol
PARD3B,4529,exact_symbol
PARD6A,2738,exact_symbol
PARD6B,5469,exact_symbol
PARD6G,14461,exact_symbol
PARG,28155,exact_symbol
PARK7,4561,exact_symbol
PARL,13852,exact_symbol
PARM1,12525,exact_symbol
PARN,8013,exact_symbol
PARP1,8470,exact_symbol
PARP10,14543,exact_symbol
PARP11,3859,exact_symbol
PARP12,798,exact_symbol
PARP14,13471,exact_symbol
PARP16,7694,exact_symbol
PARP2,6149,exact_symbol
PARP3,577,exact_symbol
PARP4,2692,exact_symbol
PARP6,7545,exact_symbol
PARP8,9474,exact_symbol
PARP9,7683,exact_symbol
PARPBP,16017,exact_symbol
PARS2,10725,exact_symbol
PARVA,17543,exact_symbol
PARVB,16805,exact_symbol
PARVG,7762,exact_symbol
PASK,4472,exact_symbol
PATE1,12974,exact_symbol
PATE3,34119,exact_symbol
PATJ,6674,exact_symbol
PATL1,11974,exact_symbol
PATL2,29583,exact_symbol
PATZ1,2191,exact_symbol
PAWR,14306,exact_symbol
PAX1,5718,exact_symbol
PAX2,1328,exact_symbol
PAX3,7171,exact_symbol
PAX4,3289,exact_symbol
PAX5,17015,exact_symbol
PAX6,181,exact_symbol
PAX7,235,exact_symbol
PAX8,5677,exact_symbol
PAX9,17919,exact_symbol
PAXBP1,10300,exact_symbol
PAXIP1,10080,exact_symbol
PAXX,9088,exact_symbol
PBDC1,2670,exact_symbol
PBK,12285,exact_symbol
PBRM1,11189,exact_symbol
PBX1,16051,exact_symbol
PBX2,19879,exact_symbol
PBX3,12020,exact_symbol
PBX4,3180,exact_symbol
PBXIP1,10982,exact_symbol
PC,13561,exact_symbol
PCARE,14668,exact_symbol
PCBD1,11804,exact_symbol
PCBD2,6617,exact_symbol
PCBP1,12627,exact_symbol
PCBP2,17354,exact_symbol
PCBP3,15536,exact_symbol
PCBP4,1865,exact_symbol
PCCA,13854,exact_symbol
PCCB,4250,exact_symbol
PCDH1,9988,exact_symbol
PCDH10,7704,exact_symbol
PCDH12,4195,exact_symbol
PCDH15,9291,exact_symbol
PCDH17,4858,exact_symbol
PCDH18,16944,exact_symbol
PCDH19,11554,exact_symbol
PCDH20,59190,exact_symbol
PCDH7,12690,exact_symbol
PCDH8,7215,exact_symbol
PCDH9,15709,exact_symbol
PCDHA1,20144,exact_symbol
PCDHA10,39918,exact_symbol
PCDHA11,39296,exact_symbol
PCDHA13,36122,exact_symbol
PCDHA2,20143,exact_symbol
PCDHA3,44072,exact_symbol
PCDHA5,20141,exact_symbol
PCDHAC1,38789,exact_symbol
PCDHAC2,37718,exact_symbol
PCDHB1,13161,exact_symbol
PCDHB13,16478,exact_symbol
PCDHB14,5040,exact_symbol
PCDHB15,4154,exact_symbol
PCDHB16,54111,exact_symbol
PCDHB2,4116,exact_symbol
PCDHB3,4148,exact_symbol
PCDHB6,4150,exact_symbol
PCDHB7,4151,exact_symbol
PCDHGA1,20135,exact_symbol
PCDHGA10,42703,exact_symbol
PCDHGA11,42724,exact_symbol
PCDHGA12,42102,exact_symbol
PCDHGA2,1548,exact_symbol
PCDHGA3,43035,exact_symbol
PCDHGA4,48476,exact_symbol
PCDHGA5,42384,exact_symbol
PCDHGA6,42602,exact_symbol
PCDHGA7,42427,exact_symbol
PCDHGA8,42633,exact_symbol
PCDHGA9,48315,exact_symbol
PCDHGB1,43014,exact_symbol
PCDHGB2,42755,exact_symbol
PCDHGB4,42791,exact_symbol
PCDHGB5,56518,exact_symbol
PCDHGB6,42228,exact_symbol
PCDHGB7,42935,exact_symbol
PCDHGC3,36456,exact_symbol
PCDHGC4,37394,exact_symbol
PCDHGC5,36698,exact_symbol
PCED1A,6629,exact_symbol
PCED1B,14743,exact_symbol
PCF11,11614,exact_symbol
PCGF1,4400,exact_symbol
PCGF2,56984,exact_symbol
PCGF3,16047,exact_symbol
PCGF5,14914,exact_symbol
PCGF6,9979,exact_symbol
PCID2,5799,exact_symbol
PCIF1,2416,exact_symbol
PCK1,5501,exact_symbol
PCK2,2400,exact_symbol
PCLAF,11945,exact_symbol
PCLO,16287,exact_symbol
PCM1,1433,exact_symbol
PCMT1,5030,exact_symbol
PCMTD1,12336,exact_symbol
PCMTD2,19748,exact_symbol
PCNA,6632,exact_symbol
PCNP,1527,exact_symbol
PCNT,10474,exact_symbol
PCNX2,7146,exact_symbol
PCNX3,17364,exact_symbol
PCNX4,5852,exact_symbol
PCOLCE,3290,exact_symbol
PCOLCE2,11115,exact_symbol
PCP2,13767,exact_symbol
PCP4,15411,exact_symbol
PCP4L1,38859,exact_symbol
PCSK1,13900,exact_symbol
PCSK1N,2631,exact_symbol
PCSK2,5739,exact_symbol
PCSK4,4390,exact_symbol
PCSK5,2076,exact_symbol
PCSK6,7978,exact_symbol
PCSK7,10513,exact_symbol
PCSK9,12537,exact_symbol
PCTP,8074,exact_symbol
PCYOX1,4515,exact_symbol
PCYOX1L,8767,exact_symbol
PCYT1A,10596,exact_symbol
PCYT1B,2648,exact_symbol
PCYT2,16100,exact_symbol
PDAP1,3272,exact_symbol
PDC,4603,exact_symbol
PDCD1,16733,exact_symbol
PDCD10,4264,exact_symbol
PDCD11,9148,exact_symbol
PDCD1LG2,17531,exact_symbol
PDCD2,1170,exact_symbol
PDCD2L,5805,exact_symbol
PDCD4,9314,exact_symbol
PDCD5,3045,exact_symbol
PDCD6,39783,exact_symbol
PDCD7,1879,exact_symbol
PDCL,7388,exact_symbol
PDCL2,11011,exact_symbol
PDCL3,4446,exact_symbol
PDE10A,4076,exact_symbol
PDE11A,6059,exact_symbol
PDE12,13778,exact_symbol
PDE1A,4388,exact_symbol
PDE1B,5376,exact_symbol
PDE1C,9798,exact_symbol
PDE2A,16325,exact_symbol
PDE3A,13350,exact_symbol
PDE3B,9522,exact_symbol
PDE4A,954,exact_symbol
PDE4B,15794,exact_symbol
PDE4C,3155,exact_symbol
PDE4D,4184,exact_symbol
PDE4DIP,14445,exact_symbol
PDE5A,7723,exact_symbol
PDE6A,6684,exact_symbol
PDE6B,6743,exact_symbol
PDE6C,2029,exact_symbol
PDE6D,10049,exact_symbol
PDE6G,16031,exact_symbol
PDE6H,7764,exact_symbol
PDE7A,20213,exact_symbol
PDE7B,13055,exact_symbol
PDE8A,1226,exact_symbol
PDE8B,4152,exact_symbol
PDE9A,10443,exact_symbol
PDF,45569,exact_symbol
PDGFA,17467,exact_symbol
PDGFB,2258,exact_symbol
PDGFC,8706,exact_symbol
PDGFD,12960,exact_symbol
PDGFRA,6975,exact_symbol
PDGFRB,4219,exact_symbol
PDGFRL,2886,exact_symbol
PDHA1,6505,exact_symbol
PDHA2,10926,exact_symbol
PDHB,12333,exact_symbol
PDHX,3778,exact_symbol
PDIA2,16046,exact_symbol
PDIA3,12009,exact_symbol
PDIA4,9895,exact_symbol
PDIA5,929,exact_symbol
PDIA6,8486,exact_symbol
PDIK1L,13830,exact_symbol
PDILT,12584,exact_symbol
PDK1,9520,exact_symbol
PDK2,108,exact_symbol
PDK3,1026,exact_symbol
PDK4,60,exact_symbol
PDLIM1,3417,exact_symbol
PDLIM2,5116,exact_symbol
PDLIM3,9784,exact_symbol
PDLIM4,6449,exact_symbol
PDLIM5,10925,exact_symbol
PDLIM7,17293,exact_symbol
PDP1,11495,exact_symbol
PDP2,13406,exact_symbol
PDPK1,8052,exact_symbol
PDPR,1897,exact_symbol
PDRG1,1772,exact_symbol
PDS5A,5207,exact_symbol
PDS5B,1601,exact_symbol
PDSS1,9101,exact_symbol
PDSS2,11373,exact_symbol
PDX1,7836,exact_symbol
PDXDC1,14771,exact_symbol
PDXK,10452,exact_symbol
PDXP,36952,exact_symbol
PDYN,2498,exact_symbol
PDZD11,5059,exact_symbol
PDZD2,6757,exact_symbol
PDZD4,1022,exact_symbol
PDZD7,16373,exact_symbol
PDZD8,11655,exact_symbol
PDZD9,9897,exact_symbol
PDZK1,13775,exact_symbol
PDZK1IP1,10713,exact_symbol
PDZRN3,5168,exact_symbol
PDZRN4,11732,exact_symbol
PEA15,10820,exact_symbol
PEAK1,13541,exact_symbol
PEAR1,16579,exact_symbol
PECAM1,47931,exact_symbol
PECR,4427,exact_symbol
PEDS1,36731,stable_id
PEF1,10755,exact_symbol
PEG3,17741,exact_symbol
PELI1,17425,exact_symbol
PELI2,7901,exact_symbol
PELI3,13724,exact_symbol
PELO,9575,exact_symbol
PELP1,8117,exact_symbol
PEMT,6701,exact_symbol
PENK,15025,exact_symbol
PEPD,5507,exact_symbol
PER1,14633,exact_symbol
PER2,6568,exact_symbol
PER3,657,exact_symbol
PERCC1,-1,missing
PERM1,16533,exact_symbol
PERP,4059,exact_symbol
PES1,2164,exact_symbol
PET100,29828,exact_symbol
PET117,31928,exact_symbol
PEX1,5973,exact_symbol
PEX10,10159,exact_symbol
PEX11A,11949,exact_symbol
PEX11B,6499,exact_symbol
PEX11G,2988,exact_symbol
PEX12,3577,exact_symbol
PEX13,10873,exact_symbol
PEX14,8267,exact_symbol
PEX16,5185,exact_symbol
PEX19,10821,exact_symbol
PEX2,11440,exact_symbol
PEX26,23283,exact_symbol
PEX3,513,exact_symbol
PEX5,7791,exact_symbol
PEX5L,4321,exact_symbol
PEX6,5552,exact_symbol
PEX7,4056,exact_symbol
PFAS,14587,exact_symbol
PFDN1,4134,exact_symbol
PFDN2,8352,exact_symbol
PFDN4,2443,exact_symbol
PFDN5,5372,exact_symbol
PFDN6,19848,exact_symbol
PFKFB1,10245,exact_symbol
PFKFB2,5427,exact_symbol
PFKFB3,12856,exact_symbol
PFKFB4,4267,exact_symbol
PFKL,8185,exact_symbol
PFKM,9557,exact_symbol
PFKP,993,exact_symbol
PFN1,3544,exact_symbol
PFN2,1099,exact_symbol
PFN3,17190,exact_symbol
PFN4,14150,exact_symbol
PGAM2,11427,exact_symbol
PGAM5,38540,exact_symbol
PGAP1,17357,exact_symbol
PGAP2,9159,exact_symbol
PGAP3,10607,exact_symbol
PGAP4,11540,stable_id
PGAP6,6187,stable_id
PGBD5,14351,exact_symbol
PGC,2056,exact_symbol
PGD,8268,exact_symbol
PGF,4926,exact_symbol
PGGHG,8200,exact_symbol
PGGT1B,11296,exact_symbol
PGK1,2635,exact_symbol
PGK2,12953,exact_symbol
PGLS,6251,exact_symbol
PGLYRP1,219,exact_symbol
PGLYRP2,10579,exact_symbol
PGLYRP3,10368,exact_symbol
PGLYRP4,10954,exact_symbol
PGM1,1474,exact_symbol
PGM2,12576,exact_symbol
PGM2L1,11600,exact_symbol
PGM3,332,exact_symbol
PGM5,9762,exact_symbol
PGP,15701,exact_symbol
PGPEP1,6280,exact_symbol
PGR,1559,exact_symbol
PGRMC1,2580,exact_symbol
PGRMC2,11218,exact_symbol
PGS1,1727,exact_symbol
PHACTR1,4006,exact_symbol
PHACTR2,4064,exact_symbol
PHACTR3,1749,exact_symbol
PHACTR4,19820,exact_symbol
PHAF1,5616,stable_id
PHAX,11478,exact_symbol
PHB2,23220,exact_symbol
PHC1,3949,exact_symbol
PHC2,6944,exact_symbol
PHC3,13613,exact_symbol
PHETA1,17745,exact_symbol
PHETA2,14235,exact_symbol
PHEX,2639,exact_symbol
PHF1,4071,exact_symbol
PHF10,6201,exact_symbol
PHF12,3638,exact_symbol
PHF13,4559,exact_symbol
PHF14,3309,exact_symbol
PHF19,4899,exact_symbol
PHF2,17550,exact_symbol
PHF20,444,exact_symbol
PHF20L1,6128,exact_symbol
PHF21A,7064,exact_symbol
PHF21B,761,exact_symbol
PHF23,570,exact_symbol
PHF24,5306,exact_symbol
PHF3,4813,exact_symbol
PHF5A,2299,exact_symbol
PHF6,10005,exact_symbol
PHF7,257,exact_symbol
PHF8,13427,exact_symbol
PHGDH,1979,exact_symbol
PHIP,8824,exact_symbol
PHKA1,1000,exact_symbol
PHKA2,603,exact_symbol
PHKB,2719,exact_symbol
PHKG1,11446,exact_symbol
PHKG2,10035,exact_symbol
PHLDA1,7806,exact_symbol
PHLDA2,15097,exact_symbol
PHLDA3,13681,exact_symbol
PHLDB1,387,exact_symbol
PHLDB2,8627,exact_symbol
PHLDB3,14111,exact_symbol
PHLPP1,1550,exact_symbol
PHLPP2,564,exact_symbol
PHOSPHO1,13611,exact_symbol
PHOSPHO2,8556,exact_symbol
PHOX2A,11605,exact_symbol
PHOX2B,3639,exact_symbol
PHPT1,720,exact_symbol
PHRF1,1096,exact_symbol
PHTF1,4625,exact_symbol
PHTF2,141,exact_symbol
PHYH,3423,exact_symbol
PHYHD1,13872,exact_symbol
PHYHIP,12379,exact_symbol
PHYHIPL,11601,exact_symbol
PHYKPL,13876,exact_symbol
PI15,7494,exact_symbol
PI16,11380,exact_symbol
PI4K2A,9856,exact_symbol
PI4K2B,545,exact_symbol
PI4KA,37196,exact_symbol
PI4KB,8388,exact_symbol
PIANP,7792,exact_symbol
PIAS1,505,exact_symbol
PIAS2,1404,exact_symbol
PIAS3,6501,exact_symbol
PIAS4,3058,exact_symbol
PIBF1,1597,exact_symbol
PICALM,1247,exact_symbol
PICK1,2205,exact_symbol
PID1,9690,exact_symbol
PIDD1,14344,exact_symbol
PIEZO1,2802,exact_symbol
PIEZO2,9820,exact_symbol
PIF1,7968,exact_symbol
PIGA,11555,exact_symbol
PIGB,1087,exact_symbol
PIGBOS1,27185,exact_symbol
PIGC,7164,exact_symbol
PIGF,9442,exact_symbol
PIGG,13669,exact_symbol
PIGH,2338,exact_symbol
PIGK,8294,exact_symbol
PIGL,3536,exact_symbol
PIGM,8360,exact_symbol
PIGN,17498,exact_symbol
PIGO,11574,exact_symbol
PIGP,16098,exact_symbol
PIGQ,188,exact_symbol
PIGR,10865,exact_symbol
PIGS,1723,exact_symbol
PIGT,5464,exact_symbol
PIGU,2541,exact_symbol
PIGV,816,exact_symbol
PIGW,56920,exact_symbol
PIGX,11199,exact_symbol
PIH1D1,2984,exact_symbol
PIH1D2,9337,exact_symbol
PIK3AP1,9890,exact_symbol
PIK3C2A,295,exact_symbol
PIK3C2B,6706,exact_symbol
PIK3C2G,7773,exact_symbol
PIK3C3,1413,exact_symbol
PIK3CA,5206,exact_symbol
PIK3CB,692,exact_symbol
PIK3CD,13115,exact_symbol
PIK3CG,3203,exact_symbol
PIK3IP1,2188,exact_symbol
PIK3R1,8726,exact_symbol
PIK3R2,3153,exact_symbol
PIK3R3,4712,exact_symbol
PIK3R4,17150,exact_symbol
PIK3R5,8127,exact_symbol
PIK3R6,56337,exact_symbol
PIKFYVE,4354,exact_symbol
PIM1,7430,exact_symbol
PIM2,2626,exact_symbol
PIM3,17753,exact_symbol
PIMREG,6116,exact_symbol
PIN4,2658,exact_symbol
PINK1,10277,exact_symbol
PINLYP,33060,exact_symbol
PINX1,42913,stable_id
PIP4K2A,9343,exact_symbol
PIP4K2B,56373,exact_symbol
PIP4K2C,11979,exact_symbol
PIP4P1,11686,exact_symbol
PIP4P2,9848,exact_symbol
PIP5K1A,8389,exact_symbol
PIP5K1B,3401,exact_symbol
PIP5K1C,16187,exact_symbol
PIP5KL1,12027,exact_symbol
PIPOX,14748,exact_symbol
PIR,1754,exact_symbol
PIRT,32509,exact_symbol
PITHD1,777,exact_symbol
PITPNA,13673,exact_symbol
PITPNB,14982,exact_symbol
PITPNM1,3799,exact_symbol
PITPNM2,1905,exact_symbol
PITPNM3,1936,exact_symbol
PITRM1,3477,exact_symbol
PITX1,1062,exact_symbol
PITX2,11246,exact_symbol
PITX3,3460,exact_symbol
PIWIL1,5619,exact_symbol
PIWIL2,17382,exact_symbol
PIWIL4,6939,exact_symbol
PJA1,15023,exact_symbol
PJA2,18010,exact_symbol
PJVK,19883,exact_symbol
PKD1,224,exact_symbol
PKD1L1,10253,exact_symbol
PKD1L2,11872,exact_symbol
PKD2,4844,exact_symbol
PKD2L1,3430,exact_symbol
PKD2L2,1438,exact_symbol
PKDCC,10856,exact_symbol
PKDREJ,6369,exact_symbol
PKHD1,12947,exact_symbol
PKHD1L1,20164,exact_symbol
PKIA,12969,exact_symbol
PKIB,7112,exact_symbol
PKIG,12428,exact_symbol
PKLR,8443,exact_symbol
PKM,1005,exact_symbol
PKMYT1,5937,exact_symbol
PKN1,5350,exact_symbol
PKN2,917,exact_symbol
PKN3,10498,exact_symbol
PKNOX1,10446,exact_symbol
PKNOX2,11615,exact_symbol
PKP1,1533,exact_symbol
PKP2,770,exact_symbol
PKP3,15742,exact_symbol
PKP4,8546,exact_symbol
PLA1A,8630,exact_symbol
PLA2G10,1083,exact_symbol
PLA2G12A,5424,exact_symbol
PLA2G12B,7643,exact_symbol
PLA2G15,2757,exact_symbol
PLA2G1B,12932,exact_symbol
PLA2G2C,16625,exact_symbol
PLA2G2D,4681,exact_symbol
PLA2G2E,16837,exact_symbol
PLA2G2F,10267,exact_symbol
PLA2G3,2180,exact_symbol
PLA2G4A,4605,exact_symbol
PLA2G4B,37918,exact_symbol
PLA2G4C,3120,exact_symbol
PLA2G4D,10343,exact_symbol
PLA2G4E,16659,exact_symbol
PLA2G4F,12474,exact_symbol
PLA2G5,5922,exact_symbol
PLA2G6,15747,exact_symbol
PLA2G7,8800,exact_symbol
PLA2R1,9644,exact_symbol
PLAA,7402,exact_symbol
PLAAT1,5899,stable_id
PLAAT3,14106,stable_id
PLAAT5,12264,stable_id
PLAC8,8681,exact_symbol
PLAC8L1,13492,exact_symbol
PLAC9,16924,exact_symbol
PLAG1,15102,exact_symbol
PLAGL2,5782,exact_symbol
PLAT,2910,exact_symbol
PLAU,5318,exact_symbol
PLAUR,296,exact_symbol
PLB1,11140,exact_symbol
PLBD1,5153,exact_symbol
PLBD2,9377,exact_symbol
PLCB1,15312,exact_symbol
PLCB2,7554,exact_symbol
PLCB3,9262,exact_symbol
PLCB4,2500,exact_symbol
PLCD1,16429,exact_symbol
PLCD3,10638,exact_symbol
PLCD4,4450,exact_symbol
PLCE1,7635,exact_symbol
PLCG1,5472,exact_symbol
PLCG2,17623,exact_symbol
PLCH1,4330,exact_symbol
PLCH2,9224,exact_symbol
PLCL1,4497,exact_symbol
PLCL2,9815,exact_symbol
PLCXD1,15258,exact_symbol
PLCXD2,36752,exact_symbol
PLCXD3,15359,exact_symbol
PLCZ1,7775,exact_symbol
PLD1,1318,exact_symbol
PLD2,6120,exact_symbol
PLD3,3056,exact_symbol
PLD4,11857,exact_symbol
PLD5,14856,exact_symbol
PLD6,14725,exact_symbol
PLEC,14468,exact_symbol
PLEK,4507,exact_symbol
PLEK2,2337,exact_symbol
PLEKHA1,3438,exact_symbol
PLEKHA2,12615,exact_symbol
PLEKHA3,4526,exact_symbol
PLEKHA4,3135,exact_symbol
PLEKHA5,697,exact_symbol
PLEKHA6,8480,exact_symbol
PLEKHA7,11919,exact_symbol
PLEKHA8,3258,exact_symbol
PLEKHB1,404,exact_symbol
PLEKHB2,4482,exact_symbol
PLEKHD1,14001,exact_symbol
PLEKHF1,11819,exact_symbol
PLEKHF2,13990,exact_symbol
PLEKHG1,5031,exact_symbol
PLEKHG2,1902,exact_symbol
PLEKHG3,5863,exact_symbol
PLEKHG4,17039,exact_symbol
PLEKHG5,13128,exact_symbol
PLEKHG6,214,exact_symbol
PLEKHH1,732,exact_symbol
PLEKHH2,9556,exact_symbol
PLEKHH3,1034,exact_symbol
PLEKHJ1,2991,exact_symbol
PLEKHM1,26649,exact_symbol
PLEKHM2,4623,exact_symbol
PLEKHM3,14493,exact_symbol
PLEKHN1,16516,exact_symbol
PLEKHO1,436,exact_symbol
PLEKHO2,37143,exact_symbol
PLEKHS1,9133,exact_symbol
PLG,5244,exact_symbol
PLGRKT,3382,exact_symbol
PLIN1,11948,exact_symbol
PLIN2,9031,exact_symbol
PLIN3,3082,exact_symbol
PLIN4,12168,exact_symbol
PLIN5,23023,exact_symbol
PLK1,11961,exact_symbol
PLK2,8723,exact_symbol
PLK3,13606,exact_symbol
PLK4,8280,exact_symbol
PLLP,2730,exact_symbol
PLN,17804,exact_symbol
PLOD1,1593,exact_symbol
PLOD2,9603,exact_symbol
PLOD3,3302,exact_symbol
PLP1,5400,exact_symbol
PLPBP,8981,exact_symbol
PLPP1,997,exact_symbol
PLPP2,8182,exact_symbol
PLPP3,10729,exact_symbol
PLPP4,19723,exact_symbol
PLPP5,8989,exact_symbol
PLPP6,20351,exact_symbol
PLPP7,10504,exact_symbol
PLPPR1,9050,exact_symbol
PLPPR2,3128,exact_symbol
PLPPR3,6191,exact_symbol
PLPPR4,4738,exact_symbol
PLPPR5,4737,exact_symbol
PLRG1,13106,exact_symbol
PLS1,5096,exact_symbol
PLS3,2612,exact_symbol
PLSCR3,16590,exact_symbol
PLSCR4,4313,exact_symbol
PLSCR5,30812,exact_symbol
PLTP,2415,exact_symbol
PLVAP,6243,exact_symbol
PLXDC1,10606,exact_symbol
PLXDC2,5067,exact_symbol
PLXNA1,4301,exact_symbol
PLXNA2,1344,exact_symbol
PLXNA3,6358,exact_symbol
PLXNA4,24721,exact_symbol
PLXNB1,11223,exact_symbol
PLXNB2,17191,exact_symbol
PLXNB3,17891,exact_symbol
PLXNC1,7206,exact_symbol
PLXND1,48,exact_symbol
PM20D1,10855,exact_symbol
PM20D2,8830,exact_symbol
PMCH,15497,exact_symbol
PMEL,16063,exact_symbol
PMEPA1,5491,exact_symbol
PMF1,10535,exact_symbol
PMFBP1,4828,exact_symbol
PML,7972,exact_symbol
PMM1,2303,exact_symbol
PMM2,8007,exact_symbol
PMP2,8997,exact_symbol
PMP22,3632,exact_symbol
PMPCA,11667,exact_symbol
PMPCB,3197,exact_symbol
PMS1,903,exact_symbol
PMS2,5273,exact_symbol
PMVK,10981,exact_symbol
PNCK,6356,exact_symbol
PNISR,6586,exact_symbol
PNKD,5956,exact_symbol
PNKP,562,exact_symbol
PNLDC1,8852,exact_symbol
PNLIP,13918,exact_symbol
PNLIPRP1,16414,exact_symbol
PNLIPRP2,50547,exact_symbol
PNMA1,14190,exact_symbol
PNMA2,36671,exact_symbol
PNMA3,15623,exact_symbol
PNMA8A,15169,exact_symbol
PNMA8B,20096,exact_symbol
PNMA8C,57161,exact_symbol
PNMT,8169,exact_symbol
PNN,2412,exact_symbol
PNO1,4505,exact_symbol
PNOC,12287,exact_symbol
PNPLA1,14859,exact_symbol
PNPLA2,14357,exact_symbol
PNPLA3,2272,exact_symbol
PNPLA5,2270,exact_symbol
PNPLA6,494,exact_symbol
PNPLA7,6307,exact_symbol
PNPLA8,7037,exact_symbol
PNPO,3528,exact_symbol
PNPT1,7593,exact_symbol
PNRC1,8829,exact_symbol
PNRC2,16959,exact_symbol
POC1A,11242,exact_symbol
POC1B,7811,exact_symbol
POC5,9529,exact_symbol
PODN,13688,exact_symbol
PODNL1,6529,exact_symbol
PODXL2,4304,exact_symbol
POF1B,5523,exact_symbol
POFUT1,2506,exact_symbol
POFUT2,16374,exact_symbol
POGK,8327,exact_symbol
POGLUT1,10998,exact_symbol
POGLUT2,6985,stable_id
POGLUT3,14467,stable_id
POGZ,8400,exact_symbol
POLA1,2581,exact_symbol
POLA2,346,exact_symbol
POLB,1116,exact_symbol
POLD1,848,exact_symbol
POLD2,3340,exact_symbol
POLD4,13908,exact_symbol
POLDIP2,47,exact_symbol
POLDIP3,2227,exact_symbol
POLE,14234,exact_symbol
POLE2,2322,exact_symbol
POLE3,9066,exact_symbol
POLE4,4411,exact_symbol
POLG,7986,exact_symbol
POLG2,44618,exact_symbol
POLH,12895,exact_symbol
POLI,2567,exact_symbol
POLK,5223,exact_symbol
POLL,11786,exact_symbol
POLM,5293,exact_symbol
POLN,6378,exact_symbol
POLQ,691,exact_symbol
POLR1A,1047,exact_symbol
POLR1B,5679,exact_symbol
POLR1C,13068,exact_symbol
POLR1D,16209,exact_symbol
POLR1E,7401,exact_symbol
POLR1F,3202,stable_id
POLR1H,970,stable_id
POLR2A,15032,exact_symbol
POLR2B,617,exact_symbol
POLR2C,2737,exact_symbol
POLR2D,8543,exact_symbol
POLR2E,2119,exact_symbol
POLR2F,2201,exact_symbol
POLR2G,12262,exact_symbol
POLR2H,11169,exact_symbol
POLR2I,3065,exact_symbol
POLR2K,9011,exact_symbol
POLR2L,14373,exact_symbol
POLR2M,44185,exact_symbol
POLR3A,9117,exact_symbol
POLR3B,335,exact_symbol
POLR3C,16197,exact_symbol
POLR3D,12381,exact_symbol
POLR3E,788,exact_symbol
POLR3F,6634,exact_symbol
POLR3H,2301,exact_symbol
POLRMT,2120,exact_symbol
POMC,4368,exact_symbol
POMGNT1,1679,exact_symbol
POMGNT2,8597,exact_symbol
POMK,16127,exact_symbol
POMP,6691,exact_symbol
POMT1,6322,exact_symbol
POMT2,240,exact_symbol
PON1,95,exact_symbol
PON2,3205,exact_symbol
PON3,3204,exact_symbol
POP1,2907,exact_symbol
POP4,3042,exact_symbol
POP5,12067,exact_symbol
POP7,13288,exact_symbol
POPDC2,5176,exact_symbol
POPDC3,6587,exact_symbol
POR,5967,exact_symbol
PORCN,2659,exact_symbol
POSTN,6719,exact_symbol
POU1F1,900,exact_symbol
POU2AF1,3809,exact_symbol
POU2F1,8338,exact_symbol
POU2F2,470,exact_symbol
POU2F3,7517,exact_symbol
POU3F1,16065,exact_symbol
POU3F2,15771,exact_symbol
POU3F3,17983,exact_symbol
POU3F4,17251,exact_symbol
POU4F1,9505,exact_symbol
POU4F2,9432,exact_symbol
POU4F3,1908,exact_symbol
POU5F2,38857,exact_symbol
POU6F1,15717,exact_symbol
POU6F2,3320,exact_symbol
PP2D1,15651,exact_symbol
PPA1,14949,exact_symbol
PPA2,7740,exact_symbol
PPAN,6349,exact_symbol
PPARA,16395,exact_symbol
PPARD,3990,exact_symbol
PPARG,6547,exact_symbol
PPARGC1A,3708,exact_symbol
PPARGC1B,9910,exact_symbol
PPAT,5986,exact_symbol
PPCDC,7695,exact_symbol
PPCS,5891,exact_symbol
PPDPF,5672,exact_symbol
PPEF1,1706,exact_symbol
PPEF2,9958,exact_symbol
PPFIA1,6475,exact_symbol
PPFIA2,7797,exact_symbol
PPFIA3,14297,exact_symbol
PPFIA4,8479,exact_symbol
PPFIBP1,3814,exact_symbol
PPFIBP2,11844,exact_symbol
PPHLN1,6876,exact_symbol
PPIB,11940,exact_symbol
PPIC,12484,exact_symbol
PPID,13088,exact_symbol
PPIE,1618,exact_symbol
PPIF,3496,exact_symbol
PPIG,7663,exact_symbol
PPIH,13200,exact_symbol
PPIL1,7426,exact_symbol
PPIL2,2160,exact_symbol
PPIL3,36520,exact_symbol
PPIL4,6381,exact_symbol
PPIL6,15963,exact_symbol
PPIP5K1,12441,exact_symbol
PPIP5K2,8737,exact_symbol
PPL,4853,exact_symbol
PPM1A,2358,exact_symbol
PPM1B,7592,exact_symbol
PPM1D,12918,exact_symbol
PPM1E,13848,exact_symbol
PPM1F,2168,exact_symbol
PPM1G,4387,exact_symbol
PPM1H,3847,exact_symbol
PPM1J,9871,exact_symbol
PPM1K,11092,exact_symbol
PPM1L,11064,exact_symbol
PPM1M,11243,exact_symbol
PPM1N,22777,exact_symbol
PPME1,23035,exact_symbol
PPOX,8347,exact_symbol
PPP1CA,13342,exact_symbol
PPP1CB,22648,exact_symbol
PPP1CC,16240,exact_symbol
PPP1R10,19988,exact_symbol
PPP1R11,20012,exact_symbol
PPP1R12A,784,exact_symbol
PPP1R12B,1372,exact_symbol
PPP1R12C,5663,exact_symbol
PPP1R13B,1786,exact_symbol
PPP1R13L,2987,exact_symbol
PPP1R14A,12154,exact_symbol
PPP1R14C,17878,exact_symbol
PPP1R14D,11774,exact_symbol
PPP1R15B,10248,exact_symbol
PPP1R16A,10568,exact_symbol
PPP1R16B,2533,exact_symbol
PPP1R17,3292,exact_symbol
PPP1R18,8807,exact_symbol
PPP1R1A,7087,exact_symbol
PPP1R1B,6496,exact_symbol
PPP1R1C,9329,exact_symbol
PPP1R21,10853,exact_symbol
PPP1R26,17140,exact_symbol
PPP1R27,15325,exact_symbol
PPP1R35,10544,exact_symbol
PPP1R36,11696,exact_symbol
PPP1R37,2982,exact_symbol
PPP1R3A,9768,exact_symbol
PPP1R3B,13501,exact_symbol
PPP1R3C,4985,exact_symbol
PPP1R3D,6668,exact_symbol
PPP1R3E,33568,exact_symbol
PPP1R3F,669,exact_symbol
PPP1R3G,23991,exact_symbol
PPP1R42,14449,exact_symbol
PPP1R8,4757,exact_symbol
PPP1R9A,10239,exact_symbol
PPP1R9B,3590,exact_symbol
PPP2CA,4198,exact_symbol
PPP2CB,2949,exact_symbol
PPP2R1A,3136,exact_symbol
PPP2R1B,7519,exact_symbol
PPP2R2A,24739,exact_symbol
PPP2R2B,9994,exact_symbol
PPP2R2C,1254,exact_symbol
PPP2R2D,13906,exact_symbol
PPP2R3A,1235,exact_symbol
PPP2R3C,1951,exact_symbol
PPP2R5A,955,exact_symbol
PPP2R5B,1059,exact_symbol
PPP2R5C,1419,exact_symbol
PPP2R5D,4087,exact_symbol
PPP2R5E,9712,exact_symbol
PPP3CA,7752,exact_symbol
PPP3CB,3445,exact_symbol
PPP3CC,5115,exact_symbol
PPP3R1,24704,exact_symbol
PPP3R2,16731,exact_symbol
PPP4C,9269,exact_symbol
PPP4R1,9818,exact_symbol
PPP4R3A,2384,exact_symbol
PPP4R3B,55599,exact_symbol
PPP4R4,4944,exact_symbol
PPP5C,302,exact_symbol
PPP6C,4902,exact_symbol
PPP6R1,3029,exact_symbol
PPP6R2,2230,exact_symbol
PPP6R3,3741,exact_symbol
PPRC1,9145,exact_symbol
PPT2,24768,exact_symbol
PPTC7,17274,exact_symbol
PPWD1,4202,exact_symbol
PPY,3602,exact_symbol
PQBP1,2629,exact_symbol
PRADC1,7120,exact_symbol
PRAF2,37736,exact_symbol
PRAG1,55786,exact_symbol
PRAM1,6740,exact_symbol
PRC1,17977,exact_symbol
PRCC,8356,exact_symbol
PRCD,22897,exact_symbol
PRCP,7490,exact_symbol
PRDM1,774,exact_symbol
PRDM10,12802,exact_symbol
PRDM11,390,exact_symbol
PRDM12,6320,exact_symbol
PRDM13,4028,exact_symbol
PRDM14,8999,exact_symbol
PRDM15,8184,exact_symbol
PRDM16,8259,exact_symbol
PRDM2,4610,exact_symbol
PRDM4,3817,exact_symbol
PRDM5,7724,exact_symbol
PRDM6,827,exact_symbol
PRDM8,9587,exact_symbol
PRDX1,4711,exact_symbol
PRDX2,12215,exact_symbol
PRDX3,11661,exact_symbol
PRDX4,5348,exact_symbol
PRDX5,5819,exact_symbol
PREB,7601,exact_symbol
PRELID1,12556,exact_symbol
PRELID2,16246,exact_symbol
PRELID3A,8100,exact_symbol
PRELID3B,2454,exact_symbol
PRELP,16836,exact_symbol
PREP,1653,exact_symbol
PREPL,7604,exact_symbol
PREX1,5458,exact_symbol
PREX2,612,exact_symbol
PRF1,14916,exact_symbol
PRG2,16328,exact_symbol
PRG3,10009,exact_symbol
PRG4,4599,exact_symbol
PRICKLE1,7782,exact_symbol
PRICKLE2,11090,exact_symbol
PRICKLE3,314,exact_symbol
PRICKLE4,57623,exact_symbol
PRIM1,17666,exact_symbol
PRIM2,8809,exact_symbol
PRIMA1,13969,exact_symbol
PRIMPOL,11323,exact_symbol
PRKAA1,6573,exact_symbol
PRKAA2,10731,exact_symbol
PRKAB1,3941,exact_symbol
PRKAB2,6502,exact_symbol
PRKACA,1173,exact_symbol
PRKACB,8293,exact_symbol
PRKAG1,15150,exact_symbol
PRKAG2,3338,exact_symbol
PRKAG3,4454,exact_symbol
PRKAR1A,3610,exact_symbol
PRKAR1B,16684,exact_symbol
PRKAR2A,4270,exact_symbol
PRKAR2B,90,exact_symbol
PRKCA,9745,exact_symbol
PRKCB,11880,exact_symbol
PRKCD,11185,exact_symbol
PRKCE,12996,exact_symbol
PRKCG,5837,exact_symbol
PRKCH,462,exact_symbol
PRKCI,11054,exact_symbol
PRKCQ,943,exact_symbol
PRKCSH,6220,exact_symbol
PRKCZ,1015,exact_symbol
PRKD1,15726,exact_symbol
PRKD2,3070,exact_symbol
PRKD3,4486,exact_symbol
PRKDC,42600,exact_symbol
PRKG1,16032,exact_symbol
PRKG2,7710,exact_symbol
PRKN,15992,exact_symbol
PRKRA,14843,exact_symbol
PRKRIP1,6035,exact_symbol
PRKX,15646,exact_symbol
PRLH,1162,exact_symbol
PRLHR,4992,exact_symbol
PRLR,4188,exact_symbol
PRM2,5252,exact_symbol
PRM3,14479,exact_symbol
PRMT1,5822,exact_symbol
PRMT2,10477,exact_symbol
PRMT3,15959,exact_symbol
PRMT5,2319,exact_symbol
PRMT6,17971,exact_symbol
PRMT7,6621,exact_symbol
PRMT8,3858,exact_symbol
PRMT9,11280,exact_symbol
PRND,13178,exact_symbol
PRNP,13180,exact_symbol
PROB1,29045,exact_symbol
PROCR,2423,exact_symbol
PRODH2,40380,exact_symbol
PROK1,8319,exact_symbol
PROK2,11005,exact_symbol
PROKR2,2490,exact_symbol
PROM1,165,exact_symbol
PROM2,9840,exact_symbol
PROP1,13883,exact_symbol
PRORP,2401,stable_id
PROS1,15775,exact_symbol
PROSER1,5078,exact_symbol
PROSER2,9097,exact_symbol
PROSER3,12136,exact_symbol
PROX1,4753,exact_symbol
PROX2,4923,exact_symbol
PROZ,5800,exact_symbol
PRPF18,11648,exact_symbol
PRPF19,3749,exact_symbol
PRPF3,4697,exact_symbol
PRPF31,3146,exact_symbol
PRPF38A,6952,exact_symbol
PRPF39,15961,exact_symbol
PRPF4,7365,exact_symbol
PRPF40A,17167,exact_symbol
PRPF40B,3815,exact_symbol
PRPF6,2452,exact_symbol
PRPF8,13670,exact_symbol
PRPH,7073,exact_symbol
PRPH2,4085,exact_symbol
PRPS1,8949,exact_symbol
PRPS1L1,29901,exact_symbol
PRPS2,2590,exact_symbol
PRPSAP1,10613,exact_symbol
PRPSAP2,8072,exact_symbol
PRR11,1044,exact_symbol
PRR12,5826,exact_symbol
PRR14,10032,exact_symbol
PRR14L,15527,exact_symbol
PRR15,14112,exact_symbol
PRR15L,12048,exact_symbol
PRR16,15847,exact_symbol
PRR18,14083,exact_symbol
PRR19,16724,exact_symbol
PRR22,21975,exact_symbol
PRR3,19992,exact_symbol
PRR30,16198,exact_symbol
PRR32,15555,exact_symbol
PRR33,-1,missing
PRR5,16329,exact_symbol
PRR5L,7062,exact_symbol
PRR7,6421,exact_symbol
PRR9,19713,exact_symbol
PRRC1,11302,exact_symbol
PRRC2A,19949,exact_symbol
PRRC2B,6325,exact_symbol
PRRC2C,4724,exact_symbol
PRRG1,6375,exact_symbol
PRRG2,5824,exact_symbol
PRRG3,6202,exact_symbol
PRRG4,7068,exact_symbol
PRRT1,19884,exact_symbol
PRRT2,12086,exact_symbol
PRRT3,11113,exact_symbol
PRRT4,26478,exact_symbol
PRRX1,4533,exact_symbol
PRRX2,12043,exact_symbol
PRSS12,11248,exact_symbol
PRSS16,4112,exact_symbol
PRSS22,72,exact_symbol
PRSS23,9327,exact_symbol
PRSS27,13309,exact_symbol
PRSS33,2807,exact_symbol
PRSS35,8825,exact_symbol
PRSS36,14471,exact_symbol
PRSS37,11521,exact_symbol
PRSS38,16122,exact_symbol
PRSS48,16919,exact_symbol
PRSS50,20474,exact_symbol
PRSS51,42528,exact_symbol
PRSS53,9355,exact_symbol
PRSS54,2744,exact_symbol
PRSS55,15809,exact_symbol
PRSS56,35085,exact_symbol
PRSS57,15949,exact_symbol
PRSS58,45438,exact_symbol
PRSS8,698,exact_symbol
PRTG,11866,exact_symbol
PRTN3,17134,exact_symbol
PRUNE1,8374,exact_symbol
PRUNE2,3359,exact_symbol
PRX,3057,exact_symbol
PRXL2A,5258,exact_symbol
PRXL2B,10153,exact_symbol
PRXL2C,10187,exact_symbol
PSAP,17555,exact_symbol
PSAPL1,14531,exact_symbol
PSAT1,7009,exact_symbol
PSCA,12159,exact_symbol
PSD,806,exact_symbol
PSD2,8787,exact_symbol
PSD3,9936,exact_symbol
PSD4,5682,exact_symbol
PSEN1,1506,exact_symbol
PSEN2,8471,exact_symbol
PSENEN,20191,exact_symbol
PSIP1,11505,exact_symbol
PSKH1,10396,exact_symbol
PSMA1,6103,exact_symbol
PSMA2,3330,exact_symbol
PSMA3,2340,exact_symbol
PSMA4,574,exact_symbol
PSMA5,8315,exact_symbol
PSMA6,2403,exact_symbol
PSMA7,2457,exact_symbol
PSMA8,9789,exact_symbol
PSMB1,197,exact_symbol
PSMB10,20204,exact_symbol
PSMB11,24789,exact_symbol
PSMB2,5788,exact_symbol
PSMB3,57345,exact_symbol
PSMB4,10350,exact_symbol
PSMB5,2386,exact_symbol
PSMB6,8239,exact_symbol
PSMB7,7379,exact_symbol
PSMB8,19863,exact_symbol
PSMB9,36413,exact_symbol
PSMC1,2381,exact_symbol
PSMC2,10584,exact_symbol
PSMC3,11721,exact_symbol
PSMC3IP,6456,exact_symbol
PSMC4,325,exact_symbol
PSMC5,1728,exact_symbol
PSMC6,2329,exact_symbol
PSMD1,13579,exact_symbol
PSMD10,2575,exact_symbol
PSMD11,3570,exact_symbol
PSMD12,17376,exact_symbol
PSMD13,16050,exact_symbol
PSMD14,4384,exact_symbol
PSMD2,13846,exact_symbol
PSMD3,3511,exact_symbol
PSMD4,10347,exact_symbol
PSMD5,2021,exact_symbol
PSMD6,11089,exact_symbol
PSMD7,2747,exact_symbol
PSMD8,2095,exact_symbol
PSMD9,3812,exact_symbol
PSME1,1950,exact_symbol
PSME3,6454,exact_symbol
PSME3IP1,13389,stable_id
PSME4,1055,exact_symbol
PSMF1,5723,exact_symbol
PSMG1,15526,exact_symbol
PSMG2,6072,exact_symbol
PSMG3,10142,exact_symbol
PSMG4,14951,exact_symbol
PSORS1C2,19975,exact_symbol
PSPC1,5163,exact_symbol
PSPH,8882,exact_symbol
PSPN,5684,exact_symbol
PSRC1,6859,exact_symbol
PSTK,14798,exact_symbol
PSTPIP1,7953,exact_symbol
PSTPIP2,9514,exact_symbol
PTAFR,12597,exact_symbol
PTAR1,16794,exact_symbol
PTBP1,291,exact_symbol
PTBP2,4730,exact_symbol
PTBP3,4886,exact_symbol
PTCD1,3274,exact_symbol
PTCD2,671,exact_symbol
PTCD3,6563,exact_symbol
PTCH1,16134,exact_symbol
PTCH2,4709,exact_symbol
PTCHD1,11551,exact_symbol
PTCHD3,15180,exact_symbol
PTCHD4,38353,exact_symbol
PTDSS1,9993,exact_symbol
PTDSS2,13792,exact_symbol
PTER,11736,exact_symbol
PTF1A,12323,exact_symbol
PTGDR,12313,exact_symbol
PTGDR2,15433,exact_symbol
PTGDS,3409,exact_symbol
PTGER1,10562,exact_symbol
PTGER2,5640,exact_symbol
PTGER3,682,exact_symbol
PTGER4,13095,exact_symbol
PTGES,9083,exact_symbol
PTGES2,9077,exact_symbol
PTGES3,3835,exact_symbol
PTGES3L,51133,exact_symbol
PTGFR,5263,exact_symbol
PTGFRN,6864,exact_symbol
PTGIR,10414,exact_symbol
PTGIS,5484,exact_symbol
PTGR1,3371,exact_symbol
PTGR2,7917,exact_symbol
PTGS1,2022,exact_symbol
PTGS2,1240,exact_symbol
PTH,9521,exact_symbol
PTH1R,10541,exact_symbol
PTH2,8247,exact_symbol
PTH2R,8563,exact_symbol
PTHLH,1748,exact_symbol
PTK2,12595,exact_symbol
PTK2B,5112,exact_symbol
PTK6,2472,exact_symbol
PTK7,4089,exact_symbol
PTMA,16495,exact_symbol
PTN,3216,exact_symbol
PTOV1,3012,exact_symbol
PTP4A2,15656,exact_symbol
PTP4A3,15772,exact_symbol
PTPA,4893,exact_symbol
PTPDC1,10180,exact_symbol
PTPMT1,3788,exact_symbol
PTPN1,17127,exact_symbol
PTPN11,14673,exact_symbol
PTPN12,5966,exact_symbol
PTPN13,11082,exact_symbol
PTPN14,9497,exact_symbol
PTPN18,1180,exact_symbol
PTPN2,13890,exact_symbol
PTPN20,19836,exact_symbol
PTPN21,1131,exact_symbol
PTPN22,6861,exact_symbol
PTPN23,1337,exact_symbol
PTPN3,1100,exact_symbol
PTPN4,1762,exact_symbol
PTPN5,3810,exact_symbol
PTPN6,3931,exact_symbol
PTPN7,8481,exact_symbol
PTPN9,12598,exact_symbol
PTPRA,6636,exact_symbol
PTPRB,5906,exact_symbol
PTPRC,1531,exact_symbol
PTPRCAP,22530,exact_symbol
PTPRD,9676,exact_symbol
PTPRE,6571,exact_symbol
PTPRF,8299,exact_symbol
PTPRH,1484,exact_symbol
PTPRJ,9176,exact_symbol
PTPRK,9593,exact_symbol
PTPRM,13538,exact_symbol
PTPRN,726,exact_symbol
PTPRN2,9845,exact_symbol
PTPRO,9417,exact_symbol
PTPRQ,7809,exact_symbol
PTPRR,9641,exact_symbol
PTPRS,3105,exact_symbol
PTPRT,17013,exact_symbol
PTPRU,817,exact_symbol
PTPRZ1,3280,exact_symbol
PTRH1,16415,exact_symbol
PTRH2,8096,exact_symbol
PTRHD1,15870,exact_symbol
PTS,9342,exact_symbol
PTTG1IP,15463,exact_symbol
PTX3,11098,exact_symbol
PTX4,40999,exact_symbol
PUDP,6199,exact_symbol
PUF60,14790,exact_symbol
PUM1,6941,exact_symbol
PUM2,753,exact_symbol
PUM3,1501,exact_symbol
PURA,15933,exact_symbol
PURB,8873,exact_symbol
PURG,13376,exact_symbol
PUS1,14259,exact_symbol
PUS10,10872,exact_symbol
PUS3,3737,exact_symbol
PUS7,1912,exact_symbol
PUS7L,6131,exact_symbol
PUSL1,12725,exact_symbol
PVALB,2283,exact_symbol
PWP1,7208,exact_symbol
PWP2,37184,exact_symbol
PWWP2A,12775,exact_symbol
PWWP2B,13160,exact_symbol
PWWP3A,10563,stable_id
PWWP3B,10113,stable_id
PXDC1,12496,exact_symbol
PXDN,6277,exact_symbol
PXK,12334,exact_symbol
PXMP2,14186,exact_symbol
PXMP4,2522,exact_symbol
PXN,1823,exact_symbol
PXYLP1,9919,exact_symbol
PYCARD,2824,exact_symbol
PYCR1,15400,exact_symbol
PYCR2,8472,exact_symbol
PYGB,2421,exact_symbol
PYGL,2327,exact_symbol
PYGM,1060,exact_symbol
PYGO1,12967,exact_symbol
PYGO2,10984,exact_symbol
PYM1,12841,exact_symbol
PYROXD1,5156,exact_symbol
PYROXD2,4986,exact_symbol
PYY,6403,exact_symbol
QDPR,9424,exact_symbol
QPCT,4488,exact_symbol
QPCTL,301,exact_symbol
QPRT,2822,exact_symbol
QRFP,16814,exact_symbol
QRICH1,17720,exact_symbol
QRSL1,6256,exact_symbol
QSER1,821,exact_symbol
QSOX1,4557,exact_symbol
QSOX2,11658,exact_symbol
QTRT1,22498,exact_symbol
QTRT2,9428,exact_symbol
R3HCC1,2945,exact_symbol
R3HCC1L,11748,exact_symbol
R3HDM1,650,exact_symbol
R3HDM2,14775,exact_symbol
R3HDM4,17952,exact_symbol
R3HDML,2432,exact_symbol
RAB10,1639,exact_symbol
RAB11A,2853,exact_symbol
RAB11B,15958,exact_symbol
RAB11FIP1,10017,exact_symbol
RAB11FIP2,3426,exact_symbol
RAB11FIP3,1887,exact_symbol
RAB11FIP4,6427,exact_symbol
RAB11FIP5,7124,exact_symbol
RAB12,20460,exact_symbol
RAB13,8424,exact_symbol
RAB14,4895,exact_symbol
RAB15,7910,exact_symbol
RAB17,5598,exact_symbol
RAB18,2081,exact_symbol
RAB19,8907,exact_symbol
RAB1A,7599,exact_symbol
RAB1B,13789,exact_symbol
RAB20,7887,exact_symbol
RAB21,1492,exact_symbol
RAB22A,5483,exact_symbol
RAB23,4021,exact_symbol
RAB24,12555,exact_symbol
RAB25,6646,exact_symbol
RAB26,12243,exact_symbol
RAB27A,1090,exact_symbol
RAB27B,573,exact_symbol
RAB28,10152,exact_symbol
RAB29,4689,exact_symbol
RAB2A,2915,exact_symbol
RAB2B,6145,exact_symbol
RAB30,7487,exact_symbol
RAB31,12372,exact_symbol
RAB33A,6934,exact_symbol
RAB33B,13212,exact_symbol
RAB34,3637,exact_symbol
RAB35,3948,exact_symbol
RAB36,2228,exact_symbol
RAB37,13394,exact_symbol
RAB38,5431,exact_symbol
RAB39A,14678,exact_symbol
RAB39B,9927,exact_symbol
RAB3A,3154,exact_symbol
RAB3B,12547,exact_symbol
RAB3C,9598,exact_symbol
RAB3D,3124,exact_symbol
RAB3GAP1,4489,exact_symbol
RAB3GAP2,4851,exact_symbol
RAB3IL1,12258,exact_symbol
RAB3IP,5905,exact_symbol
RAB40B,8135,exact_symbol
RAB40C,17497,exact_symbol
RAB42,16652,exact_symbol
RAB43,13390,exact_symbol
RAB44,44232,exact_symbol
RAB4A,12293,exact_symbol
RAB4B,12133,exact_symbol
RAB5A,8583,exact_symbol
RAB5B,3906,exact_symbol
RAB5C,3581,exact_symbol
RAB5IF,2436,exact_symbol
RAB6A,13930,exact_symbol
RAB6B,9825,exact_symbol
RAB7B,56553,exact_symbol
RAB8A,12102,exact_symbol
RAB8B,11768,exact_symbol
RAB9A,5410,exact_symbol
RAB9B,5404,exact_symbol
RABAC1,3102,exact_symbol
RABEP1,480,exact_symbol
RABEP2,14333,exact_symbol
RABEPK,7382,exact_symbol
RABGAP1,299,exact_symbol
RABGAP1L,9489,exact_symbol
RABGEF1,9799,exact_symbol
RABGGTA,2413,exact_symbol
RABGGTB,7575,exact_symbol
RABIF,15441,exact_symbol
RABL3,8631,exact_symbol
RABL6,17212,exact_symbol
RAC1,7247,exact_symbol
RAC2,6017,exact_symbol
RAC3,12670,exact_symbol
RACGAP1,10641,exact_symbol
RACK1,20018,exact_symbol
RAD1,4185,exact_symbol
RAD17,9601,exact_symbol
RAD18,1139,exact_symbol
RAD21,11441,exact_symbol
RAD21L1,38312,exact_symbol
RAD23A,14667,exact_symbol
RAD23B,4887,exact_symbol
RAD50,4191,exact_symbol
RAD51,690,exact_symbol
RAD51AP1,3865,exact_symbol
RAD51B,15210,exact_symbol
RAD51C,3518,exact_symbol
RAD51D,15998,exact_symbol
RAD52,19,exact_symbol
RAD54B,17409,exact_symbol
RAD54L,1680,exact_symbol
RAD54L2,11238,exact_symbol
RAD9A,13357,exact_symbol
RAD9B,9376,exact_symbol
RADIL,10161,exact_symbol
RADX,8950,exact_symbol
RAE1,2447,exact_symbol
RAF1,6545,exact_symbol
RAG1,11837,exact_symbol
RAG2,13832,exact_symbol
RAI1,3549,exact_symbol
RAI14,560,exact_symbol
RAI2,6506,exact_symbol
RALA,134,exact_symbol
RALB,8523,exact_symbol
RALBP1,375,exact_symbol
RALGAPA1,13694,exact_symbol
RALGAPA2,16772,exact_symbol
RALGAPB,12840,exact_symbol
RALGDS,10467,exact_symbol
RALGPS1,7347,exact_symbol
RALGPS2,4544,exact_symbol
RALY,5772,exact_symbol
RALYL,15814,exact_symbol
RAMP1,6569,exact_symbol
RAMP2,6460,exact_symbol
RAMP3,5294,exact_symbol
RAN,6572,exact_symbol
RANBP1,2132,exact_symbol
RANBP10,8067,exact_symbol
RANBP17,20070,exact_symbol
RANBP2,9636,exact_symbol
RANBP3,491,exact_symbol
RANBP3L,11290,exact_symbol
RANBP6,7400,exact_symbol
RANBP9,244,exact_symbol
RANGAP1,2297,exact_symbol
RANGRF,3616,exact_symbol
RAP1A,4571,exact_symbol
RAP1B,5901,exact_symbol
RAP1GAP,1358,exact_symbol
RAP1GAP2,6575,exact_symbol
RAP1GDS1,7720,exact_symbol
RAP2A,5623,exact_symbol
RAP2B,15069,exact_symbol
RAP2C,5422,exact_symbol
RAPGEF1,3404,exact_symbol
RAPGEF2,3698,exact_symbol
RAPGEF3,1461,exact_symbol
RAPGEF4,1925,exact_symbol
RAPGEF5,7246,exact_symbol
RAPGEF6,10293,exact_symbol
RAPGEFL1,3513,exact_symbol
RAPH1,13468,exact_symbol
RAPSN,11722,exact_symbol
RARA,6495,exact_symbol
RARB,1367,exact_symbol
RARG,13401,exact_symbol
RARRES1,4849,exact_symbol
RARRES2,3322,exact_symbol
RARS2,8831,exact_symbol
RASA1,8734,exact_symbol
RASA2,9921,exact_symbol
RASA3,16156,exact_symbol
RASAL1,3887,exact_symbol
RASAL2,1304,exact_symbol
RASAL3,3033,exact_symbol
RASD1,3547,exact_symbol
RASD2,2255,exact_symbol
RASEF,11528,exact_symbol
RASGEF1A,17984,exact_symbol
RASGEF1B,7711,exact_symbol
RASGEF1C,8804,exact_symbol
RASGRF1,785,exact_symbol
RASGRF2,4168,exact_symbol
RASGRP1,13351,exact_symbol
RASGRP2,1054,exact_symbol
RASGRP3,9576,exact_symbol
RASGRP4,13148,exact_symbol
RASIP1,3130,exact_symbol
RASL10A,2241,exact_symbol
RASL10B,53027,exact_symbol
RASL11A,5229,exact_symbol
RASL11B,5983,exact_symbol
RASL12,2849,exact_symbol
RASSF1,1029,exact_symbol
RASSF10,17001,exact_symbol
RASSF2,2483,exact_symbol
RASSF3,9634,exact_symbol
RASSF4,3424,exact_symbol
RASSF5,50479,exact_symbol
RASSF6,12604,exact_symbol
RASSF7,2124,exact_symbol
RASSF8,5340,exact_symbol
RASSF9,17901,exact_symbol
RAVER1,10645,exact_symbol
RAVER2,10739,exact_symbol
RAX,6904,exact_symbol
RB1,7870,exact_symbol
RB1CC1,425,exact_symbol
RBAK,8866,exact_symbol
RBBP4,10757,exact_symbol
RBBP5,4682,exact_symbol
RBBP6,5250,exact_symbol
RBBP7,2620,exact_symbol
RBBP8,2569,exact_symbol
RBBP8NL,6315,exact_symbol
RBBP9,1810,exact_symbol
RBCK1,5727,exact_symbol
RBFA,2549,exact_symbol
RBFOX1,1421,exact_symbol
RBFOX2,2263,exact_symbol
RBFOX3,12069,exact_symbol
RBIS,14149,stable_id
RBKS,13008,exact_symbol
RBL1,1511,exact_symbol
RBL2,2821,exact_symbol
RBM10,15367,exact_symbol
RBM11,15971,exact_symbol
RBM14,36092,exact_symbol
RBM15,10836,exact_symbol
RBM15B,46878,exact_symbol
RBM17,6909,exact_symbol
RBM18,4906,exact_symbol
RBM19,5330,exact_symbol
RBM20,19740,exact_symbol
RBM22,1700,exact_symbol
RBM24,4016,exact_symbol
RBM25,4948,exact_symbol
RBM26,7880,exact_symbol
RBM27,1907,exact_symbol
RBM28,3293,exact_symbol
RBM3,2662,exact_symbol
RBM33,15854,exact_symbol
RBM34,16823,exact_symbol
RBM38,6664,exact_symbol
RBM39,6392,exact_symbol
RBM4,13626,exact_symbol
RBM41,1846,exact_symbol
RBM42,5807,exact_symbol
RBM43,15860,exact_symbol
RBM44,14323,exact_symbol
RBM45,9891,exact_symbol
RBM46,9483,exact_symbol
RBM47,11108,exact_symbol
RBM48,5976,exact_symbol
RBM4B,13619,exact_symbol
RBM5,42,exact_symbol
RBM6,53,exact_symbol
RBM7,1334,exact_symbol
RBMS1,9645,exact_symbol
RBMS2,1335,exact_symbol
RBMS3,8594,exact_symbol
RBMX,8958,exact_symbol
RBMX2,6936,exact_symbol
RBP1,4255,exact_symbol
RBP2,4254,exact_symbol
RBP3,49895,exact_symbol
RBP4,7636,exact_symbol
RBP7,10742,exact_symbol
RBPJ,12310,exact_symbol
RBPJL,5495,exact_symbol
RBPMS,10068,exact_symbol
RBPMS2,11954,exact_symbol
RBSN,6441,exact_symbol
RBX1,2293,exact_symbol
RC3H1,7166,exact_symbol
RC3H2,763,exact_symbol
RCAN1,10318,exact_symbol
RCAN2,13294,exact_symbol
RCAN3,4740,exact_symbol
RCBTB1,7225,exact_symbol
RCBTB2,7236,exact_symbol
RCC1,14836,exact_symbol
RCC1L,55262,exact_symbol
RCC2,14620,exact_symbol
RCCD1,12001,exact_symbol
RCE1,13571,exact_symbol
RCHY1,11125,exact_symbol
RCL1,5015,exact_symbol
RCN1,662,exact_symbol
RCN2,4766,exact_symbol
RCN3,8253,exact_symbol
RCOR1,1857,exact_symbol
RCOR2,12200,exact_symbol
RCOR3,4744,exact_symbol
RCSD1,17900,exact_symbol
RCVRN,3621,exact_symbol
RD3,17819,exact_symbol
RD3L,28415,exact_symbol
RDH10,5128,exact_symbol
RDH11,1172,exact_symbol
RDH12,7908,exact_symbol
RDH13,10495,exact_symbol
RDH14,36734,exact_symbol
RDH5,7082,exact_symbol
RDH8,1495,exact_symbol
RDX,7518,exact_symbol
REC114,15485,exact_symbol
REC8,2408,exact_symbol
RECK,5301,exact_symbol
RECQL,55,exact_symbol
RECQL4,10564,exact_symbol
RECQL5,3535,exact_symbol
REEP1,1045,exact_symbol
REEP2,6616,exact_symbol
REEP3,11609,exact_symbol
REEP4,12373,exact_symbol
REEP5,6163,exact_symbol
REG4,6851,exact_symbol
REL,10871,exact_symbol
RELA,13444,exact_symbol
RELB,2979,exact_symbol
RELCH,6907,exact_symbol
RELL1,15132,exact_symbol
RELL2,11402,exact_symbol
RELN,16907,exact_symbol
RELT,738,exact_symbol
REM1,1769,exact_symbol
REM2,7893,exact_symbol
REN,8476,exact_symbol
RENBP,2614,exact_symbol
REP15,13672,exact_symbol
REPIN1,22848,exact_symbol
REPS1,7117,exact_symbol
REPS2,12701,exact_symbol
RER1,10160,exact_symbol
RERE,8256,exact_symbol
RERG,6922,exact_symbol
RERGL,3893,exact_symbol
REST,1622,exact_symbol
RET,11679,exact_symbol
RETN,3003,exact_symbol
RETREG1,9735,exact_symbol
RETREG2,8584,exact_symbol
RETREG3,8165,exact_symbol
RETSAT,586,exact_symbol
REV1,7187,exact_symbol
REV3L,233,exact_symbol
REX1BD,115,exact_symbol
REXO1,1458,exact_symbol
REXO2,1333,exact_symbol
REXO4,9073,exact_symbol
REXO5,85,exact_symbol
RFC1,525,exact_symbol
RFC2,664,exact_symbol
RFC3,6725,exact_symbol
RFC4,11181,exact_symbol
RFC5,3898,exact_symbol
RFESD,13902,exact_symbol
RFFL,1986,exact_symbol
RFK,6999,exact_symbol
RFLNA,14581,exact_symbol
RFLNB,15574,exact_symbol
RFNG,12666,exact_symbol
RFT1,11186,exact_symbol
RFTN1,6439,exact_symbol
RFTN2,10876,exact_symbol
RFWD3,12361,exact_symbol
RFX1,6533,exact_symbol
RFX2,1756,exact_symbol
RFX3,1490,exact_symbol
RFX4,3952,exact_symbol
RFX5,8387,exact_symbol
RFX6,15893,exact_symbol
RFX7,15133,exact_symbol
RFX8,17154,exact_symbol
RFXANK,885,exact_symbol
RFXAP,6720,exact_symbol
RGCC,2698,exact_symbol
RGL1,8371,exact_symbol
RGL2,35109,exact_symbol
RGL3,20277,exact_symbol
RGMA,15205,exact_symbol
RGMB,13655,exact_symbol
RGN,6377,exact_symbol
RGP1,3396,exact_symbol
RGR,9116,exact_symbol
RGS1,1866,exact_symbol
RGS10,9150,exact_symbol
RGS11,1342,exact_symbol
RGS12,10395,exact_symbol
RGS13,5885,exact_symbol
RGS14,12551,exact_symbol
RGS16,8367,exact_symbol
RGS17,1944,exact_symbol
RGS18,9326,exact_symbol
RGS19,13131,exact_symbol
RGS2,4611,exact_symbol
RGS20,8986,exact_symbol
RGS21,42094,exact_symbol
RGS22,6614,exact_symbol
RGS3,7757,exact_symbol
RGS4,4676,exact_symbol
RGS5,8350,stable_id
RGS6,15335,exact_symbol
RGS7,15375,exact_symbol
RGS7BP,16289,exact_symbol
RGS8,7157,exact_symbol
RGS9,3514,exact_symbol
RGS9BP,16248,exact_symbol
RGSL1,5169,exact_symbol
RHAG,3996,exact_symbol
RHBDD1,8571,exact_symbol
RHBDD2,101,exact_symbol
RHBDD3,2238,exact_symbol
RHBDF1,183,exact_symbol
RHBDF2,6168,exact_symbol
RHBDL1,2794,exact_symbol
RHBDL2,10208,exact_symbol
RHBDL3,8088,exact_symbol
RHBG,6639,exact_symbol
RHCG,7985,exact_symbol
RHEB,3337,exact_symbol
RHEBL1,12125,exact_symbol
RHNO1,13152,exact_symbol
RHO,11179,exact_symbol
RHOA,1012,exact_symbol
RHOB,8487,exact_symbol
RHOBTB1,1192,exact_symbol
RHOBTB2,227,exact_symbol
RHOBTB3,11315,exact_symbol
RHOC,9870,exact_symbol
RHOD,13465,exact_symbol
RHOF,7876,exact_symbol
RHOG,14238,exact_symbol
RHOH,12364,exact_symbol
RHOJ,5856,exact_symbol
RHOQ,4956,exact_symbol
RHOT1,5866,exact_symbol
RHOT2,8047,exact_symbol
RHOU,4581,exact_symbol
RHOV,2879,exact_symbol
RHPN1,10184,exact_symbol
RHPN2,6520,exact_symbol
RIBC1,10216,exact_symbol
RIBC2,6022,exact_symbol
RIC1,3384,exact_symbol
RIC3,11851,exact_symbol
RIC8A,14417,exact_symbol
RIC8B,3953,exact_symbol
RICTOR,11331,exact_symbol
RIDA,6612,exact_symbol
RIF1,1491,exact_symbol
RIIAD1,14568,exact_symbol
RILP,12178,exact_symbol
RILPL1,16641,exact_symbol
RILPL2,9350,exact_symbol
RIMBP2,819,exact_symbol
RIMKLA,14254,exact_symbol
RIMKLB,11891,exact_symbol
RIMS1,1478,exact_symbol
RIMS2,14093,exact_symbol
RIMS3,4660,exact_symbol
RIMS4,2438,exact_symbol
RIN1,13768,exact_symbol
RIN2,6635,exact_symbol
RIN3,2351,exact_symbol
RING1,19849,exact_symbol
RINL,16629,exact_symbol
RINT1,7040,exact_symbol
RIOK1,5584,exact_symbol
RIOK2,791,exact_symbol
RIOK3,2570,exact_symbol
RIOX1,12838,exact_symbol
RIOX2,12923,exact_symbol
RIPK1,7451,exact_symbol
RIPK2,2896,exact_symbol
RIPK3,6143,exact_symbol
RIPK4,15501,exact_symbol
RIPOR1,558,exact_symbol
RIPOR2,3984,exact_symbol
RIPOR3,580,exact_symbol
RIPPLY2,19745,exact_symbol
RIPPLY3,15435,exact_symbol
RIT1,8441,exact_symbol
RIT2,9510,exact_symbol
RITA1,7824,exact_symbol
RLBP1,7987,exact_symbol
RLF,4656,exact_symbol
RLIM,6428,exact_symbol
RLN3,12999,exact_symbol
RMC1,8116,exact_symbol
RMDN1,14129,exact_symbol
RMDN2,4491,exact_symbol
RMDN3,7550,exact_symbol
RMI1,14598,exact_symbol
RMI2,13941,exact_symbol
RMND1,9922,exact_symbol
RMND5A,9672,exact_symbol
RMND5B,8774,exact_symbol
RNASE1,6157,exact_symbol
RNASE10,15291,exact_symbol
RNASE12,45574,exact_symbol
RNASE13,20437,exact_symbol
RNASE4,45914,exact_symbol
RNASE6,12599,exact_symbol
RNASEH1,13179,exact_symbol
RNASEH2A,2993,exact_symbol
RNASEH2B,7217,exact_symbol
RNASEH2C,13419,exact_symbol
RNASEK,23934,exact_symbol
RNASEL,7158,exact_symbol
RND1,13356,exact_symbol
RND2,3597,exact_symbol
RND3,4508,exact_symbol
RNF10,419,exact_symbol
RNF103,36091,exact_symbol
RNF11,5339,exact_symbol
RNF111,10108,exact_symbol
RNF112,6026,exact_symbol
RNF114,5492,exact_symbol
RNF115,50093,exact_symbol
RNF121,7492,exact_symbol
RNF122,6806,exact_symbol
RNF123,11231,exact_symbol
RNF125,2564,exact_symbol
RNF126,1112,exact_symbol
RNF128,6730,exact_symbol
RNF13,1582,exact_symbol
RNF130,4158,exact_symbol
RNF133,16649,exact_symbol
RNF138,6955,exact_symbol
RNF139,12930,exact_symbol
RNF14,337,exact_symbol
RNF141,3764,exact_symbol
RNF144A,9446,exact_symbol
RNF144B,7463,exact_symbol
RNF145,8761,exact_symbol
RNF146,4824,exact_symbol
RNF148,33861,exact_symbol
RNF149,10942,exact_symbol
RNF150,12759,exact_symbol
RNF151,14721,exact_symbol
RNF152,14132,exact_symbol
RNF157,8147,exact_symbol
RNF166,10260,exact_symbol
RNF167,3545,exact_symbol
RNF168,11198,exact_symbol
RNF169,11861,exact_symbol
RNF17,6696,exact_symbol
RNF170,5118,exact_symbol
RNF180,11292,exact_symbol
RNF182,14900,exact_symbol
RNF183,11552,exact_symbol
RNF185,7760,exact_symbol
RNF186,14576,exact_symbol
RNF19B,4575,exact_symbol
RNF2,5171,exact_symbol
RNF20,9908,exact_symbol
RNF207,10203,exact_symbol
RNF208,22283,exact_symbol
RNF212,14470,exact_symbol
RNF212B,23315,exact_symbol
RNF213,13602,exact_symbol
RNF214,12063,exact_symbol
RNF215,2156,exact_symbol
RNF216,289,exact_symbol
RNF217,8836,exact_symbol
RNF220,16444,exact_symbol
RNF222,16905,exact_symbol
RNF223,35031,exact_symbol
RNF224,32178,exact_symbol
RNF225,52401,exact_symbol
RNF227,14766,exact_symbol
RNF24,2478,exact_symbol
RNF25,11023,exact_symbol
RNF31,1959,exact_symbol
RNF32,3230,exact_symbol
RNF34,12882,exact_symbol
RNF38,7406,exact_symbol
RNF39,20011,exact_symbol
RNF4,867,exact_symbol
RNF40,2838,exact_symbol
RNF41,15137,exact_symbol
RNF43,3515,exact_symbol
RNF44,8802,exact_symbol
RNF5,19881,exact_symbol
RNF6,5958,exact_symbol
RNF8,4005,exact_symbol
RNFT1,16904,exact_symbol
RNFT2,7023,exact_symbol
RNGTT,3976,exact_symbol
RNH1,423,exact_symbol
RNLS,15825,exact_symbol
RNMT,2560,exact_symbol
RNPC3,16140,exact_symbol
RNPEP,14088,exact_symbol
RNPEPL1,8226,exact_symbol
RNPS1,20393,exact_symbol
RO60,4613,stable_id
ROBO1,12691,exact_symbol
ROBO2,15894,exact_symbol
ROBO3,9731,exact_symbol
ROBO4,9730,exact_symbol
ROCK1,1024,exact_symbol
ROCK2,6885,exact_symbol
ROGDI,1021,exact_symbol
ROM1,9218,exact_symbol
ROMO1,5777,exact_symbol
ROPN1L,8710,exact_symbol
ROR1,16019,exact_symbol
ROR2,12516,exact_symbol
RORA,1079,exact_symbol
RORB,18011,exact_symbol
RORC,8375,exact_symbol
ROS1,633,exact_symbol
RP1,2892,exact_symbol
RP2,2644,exact_symbol
RP9,11397,exact_symbol
RPA1,6579,exact_symbol
RPA2,4756,exact_symbol
RPA3,3303,exact_symbol
RPAIN,6117,exact_symbol
RPAP1,2860,exact_symbol
RPAP2,5270,exact_symbol
RPAP3,83,exact_symbol
RPE65,4612,exact_symbol
RPF1,4671,exact_symbol
RPF2,17481,exact_symbol
RPGRIP1,1964,exact_symbol
RPGRIP1L,2825,exact_symbol
RPH3A,1825,exact_symbol
RPH3AL,15002,exact_symbol
RPIA,9674,exact_symbol
RPL10,8967,exact_symbol
RPL10A,17893,exact_symbol
RPL10L,11616,exact_symbol
RPL11,8272,exact_symbol
RPL12,17628,exact_symbol
RPL13,12117,exact_symbol
RPL13A,8249,exact_symbol
RPL14,16855,exact_symbol
RPL15,13762,exact_symbol
RPL18A,3149,exact_symbol
RPL19,3506,exact_symbol
RPL22,4555,exact_symbol
RPL22L1,11062,exact_symbol
RPL23,5692,exact_symbol
RPL23A,17726,exact_symbol
RPL26,10666,exact_symbol
RPL27,6455,exact_symbol
RPL27A,11862,exact_symbol
RPL28,3493,exact_symbol
RPL3,2261,exact_symbol
RPL32,8609,exact_symbol
RPL34,3672,exact_symbol
RPL35A,15374,exact_symbol
RPL36,6237,exact_symbol
RPL37,8719,exact_symbol
RPL37A,17559,exact_symbol
RPL38,13398,exact_symbol
RPL39,17986,exact_symbol
RPL3L,8048,exact_symbol
RPL4,13706,exact_symbol
RPL5,5261,exact_symbol
RPL6,1805,exact_symbol
RPL7A,9074,exact_symbol
RPL7L1,8819,exact_symbol
RPL8,10577,exact_symbol
RPN1,11175,exact_symbol
RPN2,4840,exact_symbol
RPP14,11104,exact_symbol
RPP21,36957,exact_symbol
RPP25,14550,exact_symbol
RPP25L,11498,exact_symbol
RPP30,9125,exact_symbol
RPP38,9546,exact_symbol
RPP40,5587,exact_symbol
RPRD1A,8104,exact_symbol
RPRD1B,2521,exact_symbol
RPRD2,10929,exact_symbol
RPRM,14330,exact_symbol
RPRML,14737,exact_symbol
RPS11,8246,exact_symbol
RPS13,3800,exact_symbol
RPS14,11389,exact_symbol
RPS15,4394,exact_symbol
RPS15A,6903,exact_symbol
RPS16,3047,exact_symbol
RPS17,15343,exact_symbol
RPS18,31000,exact_symbol
RPS19BP1,16422,exact_symbol
RPS2,8050,exact_symbol
RPS20,230,exact_symbol
RPS21,13173,exact_symbol
RPS23,16283,exact_symbol
RPS27A,8496,exact_symbol
RPS27L,15923,exact_symbol
RPS28,32690,exact_symbol
RPS5,1613,exact_symbol
RPS6,7423,exact_symbol
RPS6KA1,4749,exact_symbol
RPS6KA2,1150,exact_symbol
RPS6KA3,14257,exact_symbol
RPS6KA4,10708,exact_symbol
RPS6KA5,2383,exact_symbol
RPS6KA6,1178,exact_symbol
RPS6KB1,3530,exact_symbol
RPS6KB2,13940,exact_symbol
RPS6KC1,7313,exact_symbol
RPS6KL1,17716,exact_symbol
RPS7,13177,exact_symbol
RPS8,8297,exact_symbol
RPS9,12931,exact_symbol
RPTOR,8142,exact_symbol
RPUSD1,182,exact_symbol
RPUSD2,11770,exact_symbol
RPUSD3,10052,exact_symbol
RPUSD4,11627,exact_symbol
RRAD,11905,exact_symbol
RRAGA,9916,exact_symbol
RRAGB,1603,exact_symbol
RRAGC,4645,exact_symbol
RRAGD,442,exact_symbol
RRAS,5823,exact_symbol
RRAS2,6801,exact_symbol
RRBP1,5734,exact_symbol
RREB1,5582,exact_symbol
RRH,14847,exact_symbol
RRM1,12078,exact_symbol
RRM2,13170,exact_symbol
RRM2B,639,exact_symbol
RRN3,1667,exact_symbol
RRP1,10455,exact_symbol
RRP12,700,exact_symbol
RRP15,1011,exact_symbol
RRP1B,10451,exact_symbol
RRP36,5542,exact_symbol
RRP7A,16968,exact_symbol
RRP8,6559,exact_symbol
RRP9,4322,exact_symbol
RRS1,14617,exact_symbol
RS1,2630,exact_symbol
RSAD1,7279,exact_symbol
RSAD2,6886,exact_symbol
RSBN1,1518,exact_symbol
RSBN1L,16469,exact_symbol
RSF1,646,exact_symbol
RSKR,12115,stable_id
RSL1D1,13084,exact_symbol
RSL24D1,7565,exact_symbol
RSPH1,10441,exact_symbol
RSPH14,2221,exact_symbol
RSPH4A,3964,exact_symbol
RSPH6A,3007,exact_symbol
RSPH9,13317,exact_symbol
RSPO1,12550,exact_symbol
RSPO2,9010,exact_symbol
RSPO3,8837,exact_symbol
RSPO4,2488,exact_symbol
RSPRY1,10370,exact_symbol
RSRC1,13786,exact_symbol
RSRC2,3838,exact_symbol
RSRP1,4742,exact_symbol
RSU1,9106,exact_symbol
RTBDN,6538,exact_symbol
RTCA,7585,exact_symbol
RTCB,2223,exact_symbol
RTEL1,45518,exact_symbol
RTF1,7544,exact_symbol
RTF2,415,exact_symbol
RTKN,4350,exact_symbol
RTKN2,15168,exact_symbol
RTL3,14675,exact_symbol
RTL4,16586,exact_symbol
RTL5,37520,exact_symbol
RTL6,16790,exact_symbol
RTL9,38035,exact_symbol
RTN1,7902,exact_symbol
RTN2,5704,exact_symbol
RTN3,6751,exact_symbol
RTN4,4406,exact_symbol
RTN4IP1,6255,exact_symbol
RTN4R,569,exact_symbol
RTN4RL1,16135,exact_symbol
RTN4RL2,16384,exact_symbol
RTP1,13828,exact_symbol
RTP2,17788,exact_symbol
RTRAF,1741,exact_symbol
RTTN,14051,exact_symbol
RUBCN,8650,exact_symbol
RUBCNL,2674,exact_symbol
RUFY1,14163,exact_symbol
RUFY2,19817,exact_symbol
RUFY3,376,exact_symbol
RUFY4,16702,exact_symbol
RUNDC1,17955,exact_symbol
RUNDC3A,3508,exact_symbol
RUNDC3B,3192,exact_symbol
RUNX1,10324,exact_symbol
RUNX1T1,1447,exact_symbol
RUNX2,5593,exact_symbol
RUNX3,402,exact_symbol
RUSC1,10531,exact_symbol
RUSC2,17947,exact_symbol
RUSF1,8011,stable_id
RUVBL1,13971,exact_symbol
RUVBL2,15453,exact_symbol
RWDD1,3963,exact_symbol
RWDD2A,333,exact_symbol
RWDD2B,9966,exact_symbol
RWDD3,5267,exact_symbol
RWDD4,15293,exact_symbol
RXFP1,13093,exact_symbol
RXFP2,6716,exact_symbol
RXFP4,13451,exact_symbol
RXRA,16254,exact_symbol
RXRB,19851,exact_symbol
RXRG,8332,exact_symbol
RXYLT1,4832,exact_symbol
RYBP,11069,exact_symbol
RYK,11133,exact_symbol
RYR1,17061,exact_symbol
RYR2,17837,exact_symbol
RYR3,17937,exact_symbol
S100A1,10516,exact_symbol
S100A10,17556,exact_symbol
S100A11,10946,exact_symbol
S100A13,16940,exact_symbol
S100A14,16976,exact_symbol
S100A16,16792,exact_symbol
S100A3,16639,exact_symbol
S100A4,17038,exact_symbol
S100A5,17138,exact_symbol
S100A6,17627,exact_symbol
S100A8,8425,exact_symbol
S100B,10476,exact_symbol
S100G,12709,exact_symbol
S100PBP,4574,exact_symbol
S100Z,13122,exact_symbol
S1PR1,12964,exact_symbol
S1PR2,51524,exact_symbol
S1PR3,22678,exact_symbol
S1PR4,5760,exact_symbol
S1PR5,14931,exact_symbol
SAA4,9158,exact_symbol
SAAL1,11938,exact_symbol
SAC3D1,12277,exact_symbol
SACM1L,21590,exact_symbol
SACS,9467,exact_symbol
SAE1,8218,exact_symbol
SAFB,10514,exact_symbol
SAFB2,6236,exact_symbol
SAG,6293,exact_symbol
SALL1,2818,exact_symbol
SALL2,11701,exact_symbol
SALL3,44597,exact_symbol
SALL4,2441,exact_symbol
SAMD10,6296,exact_symbol
SAMD12,14339,exact_symbol
SAMD13,19764,exact_symbol
SAMD14,12026,exact_symbol
SAMD3,11369,exact_symbol
SAMD4A,401,exact_symbol
SAMD4B,14642,exact_symbol
SAMD5,19694,exact_symbol
SAMD7,16417,exact_symbol
SAMD8,10016,exact_symbol
SAMD9L,14302,exact_symbol
SAMHD1,2507,exact_symbol
SAMM50,2275,exact_symbol
SAMSN1,9864,exact_symbol
SANBR,10874,stable_id
SAP130,7325,exact_symbol
SAP30,11251,exact_symbol
SAP30BP,10611,exact_symbol
SAP30L,11388,exact_symbol
SAPCD1,29081,exact_symbol
SAPCD2,16215,exact_symbol
SAR1A,1459,exact_symbol
SAR1B,9577,exact_symbol
SARAF,6805,exact_symbol
SARDH,5390,exact_symbol
SARM1,46,exact_symbol
SARNP,20226,exact_symbol
SARS2,2975,exact_symbol
SART1,13905,exact_symbol
SART3,1325,exact_symbol
SASH1,3985,exact_symbol
SASH3,5235,exact_symbol
SASS6,10037,exact_symbol
SAT1,6210,exact_symbol
SAT2,8125,exact_symbol
SATB1,15297,exact_symbol
SATB2,4871,exact_symbol
SAV1,9458,exact_symbol
SAXO2,16798,exact_symbol
SAYSD1,4013,exact_symbol
SBDS,5830,exact_symbol
SBF1,2231,exact_symbol
SBF2,6799,exact_symbol
SBK1,16715,exact_symbol
SBK2,16507,exact_symbol
SBK3,30852,exact_symbol
SBNO1,7871,exact_symbol
SBNO2,902,exact_symbol
SBSPON,11445,exact_symbol
SC5D,3721,exact_symbol
SCAF1,5825,exact_symbol
SCAF11,7795,exact_symbol
SCAF4,9976,exact_symbol
SCAF8,22350,exact_symbol
SCAI,13563,exact_symbol
SCAMP1,1652,exact_symbol
SCAMP2,7981,exact_symbol
SCAMP3,4576,exact_symbol
SCAMP4,28265,exact_symbol
SCAMP5,17911,exact_symbol
SCAND1,13021,exact_symbol
SCAP,4308,exact_symbol
SCAPER,7957,exact_symbol
SCARA3,12284,exact_symbol
SCARA5,12286,exact_symbol
SCARB1,1217,exact_symbol
SCARB2,7733,exact_symbol
SCARF1,1270,exact_symbol
SCARF2,38268,exact_symbol
SCCPDH,8450,exact_symbol
SCEL,7231,exact_symbol
SCFD1,1960,exact_symbol
SCFD2,15693,exact_symbol
SCG2,13196,exact_symbol
SCG3,2875,exact_symbol
SCG5,11984,exact_symbol
SCGB1A1,9161,exact_symbol
SCGB3A1,10583,exact_symbol
SCGN,1472,exact_symbol
SCHIP1,9485,exact_symbol
SCIMP,10658,exact_symbol
SCIN,156,exact_symbol
SCLT1,9412,exact_symbol
SCLY,6570,exact_symbol
SCMH1,270,exact_symbol
SCML4,8832,exact_symbol
SCN10A,15984,exact_symbol
SCN11A,12348,exact_symbol
SCN1A,8547,exact_symbol
SCN1B,3179,exact_symbol
SCN2A,7298,exact_symbol
SCN2B,9236,exact_symbol
SCN3A,9646,exact_symbol
SCN3B,11808,exact_symbol
SCN4A,178,exact_symbol
SCN4B,14236,exact_symbol
SCN5A,15631,exact_symbol
SCN7A,7303,exact_symbol
SCN8A,17283,exact_symbol
SCN9A,12603,exact_symbol
SCNM1,10938,exact_symbol
SCNN1A,3879,exact_symbol
SCNN1B,12369,exact_symbol
SCNN1G,11953,exact_symbol
SCO1,6702,exact_symbol
SCO2,6276,exact_symbol
SCOC,9627,exact_symbol
SCP2,4541,exact_symbol
SCP2D1,6628,exact_symbol
SCPEP1,5133,exact_symbol
SCRG1,11252,exact_symbol
SCRIB,14967,exact_symbol
SCRN1,7239,exact_symbol
SCRN2,8086,exact_symbol
SCRN3,8549,exact_symbol
SCRT1,48166,exact_symbol
SCRT2,23358,exact_symbol
SCT,1095,exact_symbol
SCTR,1489,exact_symbol
SCUBE1,10339,exact_symbol
SCUBE2,13891,exact_symbol
SCUBE3,8814,exact_symbol
SCX,47228,exact_symbol
SCYL1,8210,exact_symbol
SCYL2,7204,exact_symbol
SCYL3,3,exact_symbol
SDAD1,17742,exact_symbol
SDC1,4496,exact_symbol
SDC2,12606,exact_symbol
SDC3,10754,exact_symbol
SDC4,5462,exact_symbol
SDCBP,7500,exact_symbol
SDCBP2,5709,exact_symbol
SDCCAG8,725,exact_symbol
SDE2,8458,exact_symbol
SDF2,6618,exact_symbol
SDF2L1,5993,exact_symbol
SDF4,1440,exact_symbol
SDHA,1229,exact_symbol
SDHAF1,20189,exact_symbol
SDHAF2,12254,exact_symbol
SDHAF3,17210,exact_symbol
SDHAF4,9720,exact_symbol
SDHB,4669,exact_symbol
SDHC,8351,exact_symbol
SDHD,19904,exact_symbol
SDK1,8862,exact_symbol
SDK2,1066,exact_symbol
SDR16C5,12905,exact_symbol
SDR39U1,2314,exact_symbol
SDR42E1,15853,exact_symbol
SDR9C7,12827,exact_symbol
SDS,7016,exact_symbol
SDSL,7825,exact_symbol
SEBOX,55268,exact_symbol
SEC11A,8004,exact_symbol
SEC11C,11897,exact_symbol
SEC13,10056,exact_symbol
SEC14L1,6167,exact_symbol
SEC14L2,2157,exact_symbol
SEC14L3,2158,exact_symbol
SEC14L4,6766,exact_symbol
SEC14L5,2773,exact_symbol
SEC16A,9092,exact_symbol
SEC16B,5047,exact_symbol
SEC22A,5173,exact_symbol
SEC22B,50303,exact_symbol
SEC22C,2000,exact_symbol
SEC23A,2410,exact_symbol
SEC23B,2495,exact_symbol
SEC23IP,3435,exact_symbol
SEC24A,4207,exact_symbol
SEC24B,7750,exact_symbol
SEC24C,14217,exact_symbol
SEC24D,9348,exact_symbol
SEC31A,7712,exact_symbol
SEC31B,1324,exact_symbol
SEC61A1,783,exact_symbol
SEC61A2,942,exact_symbol
SEC61B,3364,exact_symbol
SEC61G,6588,exact_symbol
SEC62,229,exact_symbol
SEC63,450,exact_symbol
SECISBP2,16561,exact_symbol
SECISBP2L,7686,exact_symbol
SEH1L,1655,exact_symbol
SEL1L,1155,exact_symbol
SEL1L2,2481,exact_symbol
SEL1L3,1929,exact_symbol
SELE,191,exact_symbol
SELENOF,15471,exact_symbol
SELENOI,7587,exact_symbol
SELENOK,4232,exact_symbol
SELENOM,17932,exact_symbol
SELENON,10736,exact_symbol
SELENOO,1222,exact_symbol
SELENOP,40330,exact_symbol
SELENOS,6512,exact_symbol
SELENOT,17942,exact_symbol
SELENOW,14602,exact_symbol
SELL,16739,exact_symbol
SELP,13663,exact_symbol
SEM1,5963,exact_symbol
SEMA3A,1291,exact_symbol
SEMA3B,312,exact_symbol
SEMA3C,1293,exact_symbol
SEMA3D,9711,exact_symbol
SEMA3E,12815,exact_symbol
SEMA3F,14,exact_symbol
SEMA3G,258,exact_symbol
SEMA4A,17053,exact_symbol
SEMA4B,15904,exact_symbol
SEMA4C,12434,exact_symbol
SEMA4D,16568,exact_symbol
SEMA4F,7121,exact_symbol
SEMA4G,2031,exact_symbol
SEMA5A,4121,exact_symbol
SEMA5B,1576,exact_symbol
SEMA6A,1972,exact_symbol
SEMA6B,12169,exact_symbol
SEMA6C,8397,exact_symbol
SEMA6D,7563,exact_symbol
SEMA7A,7697,exact_symbol
SENP1,1463,exact_symbol
SENP3,10663,exact_symbol
SENP5,4881,exact_symbol
SENP6,4098,exact_symbol
SENP7,7679,exact_symbol
SENP8,11794,exact_symbol
SEPHS1,1694,exact_symbol
SEPHS2,14779,exact_symbol
SEPSECS,3683,exact_symbol
SEPTIN1,14818,stable_id
SEPTIN10,16301,stable_id
SEPTIN11,7731,stable_id
SEPTIN12,8005,stable_id
SEPTIN14,9833,stable_id
SEPTIN2,12351,stable_id
SEPTIN3,2209,stable_id
SEPTIN5,15821,stable_id
SEPTIN6,5634,stable_id
SEPTIN7,5276,stable_id
SEPTIN8,11351,stable_id
SEPTIN9,15808,stable_id
SERAC1,5253,exact_symbol
SERBP1,8290,exact_symbol
SERF1A,13223,exact_symbol
SERGEF,6109,exact_symbol
SERHL2,15535,exact_symbol
SERINC1,3979,exact_symbol
SERINC2,12390,exact_symbol
SERINC3,6667,exact_symbol
SERINC4,15824,exact_symbol
SERINC5,11319,exact_symbol
SERP1,5095,exact_symbol
SERP2,9460,exact_symbol
SERPINA10,7923,exact_symbol
SERPINA11,16386,exact_symbol
SERPINA12,11730,exact_symbol
SERPINA5,16755,exact_symbol
SERPINA6,12750,exact_symbol
SERPINA7,5401,exact_symbol
SERPINA9,12742,exact_symbol
SERPINB10,37441,exact_symbol
SERPINB11,20417,exact_symbol
SERPINB12,11911,exact_symbol
SERPINB13,17529,exact_symbol
SERPINB2,17527,exact_symbol
SERPINB5,20419,exact_symbol
SERPINB7,11847,exact_symbol
SERPINB8,11849,exact_symbol
SERPINC1,4739,exact_symbol
SERPIND1,2136,exact_symbol
SERPINE1,3298,exact_symbol
SERPINE2,7178,exact_symbol
SERPINE3,42231,exact_symbol
SERPINF1,6580,exact_symbol
SERPINF2,12179,exact_symbol
SERPING1,9172,exact_symbol
SERPINH1,9187,exact_symbol
SERPINI1,11049,exact_symbol
SERPINI2,4263,exact_symbol
SERTAD1,17322,exact_symbol
SERTAD2,14761,exact_symbol
SERTAD3,12131,exact_symbol
SERTAD4,1570,exact_symbol
SERTM1,14886,exact_symbol
SESN1,1496,exact_symbol
SESN2,6340,exact_symbol
SESN3,9182,exact_symbol
SESTD1,16462,exact_symbol
SETBP1,9511,exact_symbol
SETD1B,7873,exact_symbol
SETD2,15082,exact_symbol
SETD3,15538,exact_symbol
SETD4,16133,exact_symbol
SETD5,12300,exact_symbol
SETD6,2748,exact_symbol
SETD7,8700,exact_symbol
SETDB1,8383,exact_symbol
SETDB2,7238,exact_symbol
SETX,3407,exact_symbol
SEZ6,849,exact_symbol
SEZ6L,2185,exact_symbol
SEZ6L2,13797,exact_symbol
SF1,12280,exact_symbol
SF3A1,2154,exact_symbol
SF3A2,2996,exact_symbol
SF3A3,15504,exact_symbol
SF3B1,4443,exact_symbol
SF3B2,1744,exact_symbol
SF3B3,16918,exact_symbol
SF3B4,8377,exact_symbol
SF3B5,12726,exact_symbol
SF3B6,4365,exact_symbol
SFI1,17677,exact_symbol
SFMBT1,11187,exact_symbol
SFMBT2,17963,exact_symbol
SFN,13972,exact_symbol
SFPQ,4580,exact_symbol
SFRP1,2904,exact_symbol
SFRP2,8703,exact_symbol
SFRP4,3315,exact_symbol
SFRP5,5003,exact_symbol
SFSWAP,833,exact_symbol
SFT2D2,22337,exact_symbol
SFT2D3,13510,exact_symbol
SFTA2,17075,exact_symbol
SFTPB,12464,exact_symbol
SFTPC,12376,exact_symbol
SFTPD,6781,exact_symbol
SFXN1,11368,exact_symbol
SFXN2,9983,exact_symbol
SFXN3,3454,exact_symbol
SFXN4,15546,exact_symbol
SFXN5,8515,exact_symbol
SGCA,3592,exact_symbol
SGCB,10913,exact_symbol
SGCD,12877,exact_symbol
SGCE,5975,exact_symbol
SGCG,2691,exact_symbol
SGCZ,15913,exact_symbol
SGF29,14105,exact_symbol
SGIP1,4812,exact_symbol
SGK1,4823,exact_symbol
SGK2,2429,exact_symbol
SGK3,2885,exact_symbol
SGMS1,18012,exact_symbol
SGMS2,11210,exact_symbol
SGO1,6178,exact_symbol
SGPL1,11801,exact_symbol
SGPP1,5862,exact_symbol
SGPP2,10918,exact_symbol
SGSH,15077,exact_symbol
SGSM1,12014,exact_symbol
SGSM2,8082,exact_symbol
SGSM3,2281,exact_symbol
SGTA,3015,exact_symbol
SGTB,17592,exact_symbol
SH2B1,14463,exact_symbol
SH2B2,10573,exact_symbol
SH2B3,3867,exact_symbol
SH2D1A,15641,exact_symbol
SH2D2A,466,exact_symbol
SH2D3C,2025,exact_symbol
SH2D4A,2938,exact_symbol
SH2D4B,14469,exact_symbol
SH2D5,16996,exact_symbol
SH2D6,9525,exact_symbol
SH2D7,15515,exact_symbol
SH3BGRL,6417,exact_symbol
SH3BGRL2,17789,exact_symbol
SH3BGRL3,8270,exact_symbol
SH3BP1,2184,exact_symbol
SH3BP2,1736,exact_symbol
SH3BP4,6212,exact_symbol
SH3BP5,6435,exact_symbol
SH3BP5L,13840,exact_symbol
SH3D19,3692,exact_symbol
SH3GL1,8191,exact_symbol
SH3GL2,3408,exact_symbol
SH3GL3,8003,exact_symbol
SH3GLB1,2073,exact_symbol
SH3GLB2,9081,exact_symbol
SH3KBP1,8911,exact_symbol
SH3PXD2A,3476,exact_symbol
SH3PXD2B,13754,exact_symbol
SH3RF1,9771,exact_symbol
SH3RF2,9989,exact_symbol
SH3RF3,13436,exact_symbol
SH3TC1,5610,exact_symbol
SH3TC2,12563,exact_symbol
SH3YL1,516,exact_symbol
SHANK1,10635,exact_symbol
SHANK2,10690,exact_symbol
SHANK3,40731,exact_symbol
SHARPIN,14712,exact_symbol
SHB,3411,exact_symbol
SHBG,6119,exact_symbol
SHC1,10521,exact_symbol
SHC3,9046,exact_symbol
SHC4,16054,exact_symbol
SHCBP1,13027,exact_symbol
SHCBP1L,10060,exact_symbol
SHD,3062,exact_symbol
SHE,12574,exact_symbol
SHFL,6352,stable_id
SHH,11421,exact_symbol
SHISA2,14930,exact_symbol
SHISA3,14488,exact_symbol
SHISA4,17972,exact_symbol
SHISA5,11226,exact_symbol
SHISA6,16842,exact_symbol
SHISA7,16605,exact_symbol
SHISA8,33403,exact_symbol
SHISA9,35163,exact_symbol
SHISAL1,7761,exact_symbol
SHISAL2A,15209,exact_symbol
SHISAL2B,8724,exact_symbol
SHKBP1,10494,exact_symbol
SHLD1,13203,exact_symbol
SHLD2,5257,exact_symbol
SHLD3,42183,exact_symbol
SHMT1,14213,exact_symbol
SHMT2,15215,exact_symbol
SHOC1,11548,stable_id
SHOC2,3487,exact_symbol
SHOX2,12440,exact_symbol
SHPK,17453,exact_symbol
SHPRH,8847,exact_symbol
SHQ1,8612,exact_symbol
SHROOM1,11352,exact_symbol
SHROOM2,8906,exact_symbol
SHROOM3,7738,exact_symbol
SHROOM4,10210,exact_symbol
SHTN1,16446,exact_symbol
SI,1876,exact_symbol
SIAE,3729,exact_symbol
SIAH2,15123,exact_symbol
SIAH3,23384,exact_symbol
SIDT1,1210,exact_symbol
SIDT2,9237,exact_symbol
SIGIRR,15947,exact_symbol
SIGLEC1,1789,exact_symbol
SIGLEC15,17332,exact_symbol
SIGLECL1,14658,exact_symbol
SIGMAR1,9041,exact_symbol
SIK1,8207,exact_symbol
SIK2,12757,exact_symbol
SIK3,10508,exact_symbol
SIKE1,699,exact_symbol
SIL1,5090,exact_symbol
SIM1,4031,exact_symbol
SIM2,10336,exact_symbol
SIMC1,12745,exact_symbol
SIN3A,12590,exact_symbol
SIN3B,5926,exact_symbol
SINHCAF,7774,exact_symbol
SIPA1,22555,exact_symbol
SIPA1L1,17493,exact_symbol
SIPA1L2,4654,exact_symbol
SIPA1L3,3186,exact_symbol
SIRT1,2066,exact_symbol
SIRT2,1057,exact_symbol
SIRT3,8198,exact_symbol
SIRT4,1824,exact_symbol
SIRT5,5539,exact_symbol
SIRT6,1387,exact_symbol
SIRT7,16499,exact_symbol
SIT1,7409,exact_symbol
SIVA1,15887,exact_symbol
SIX1,5855,exact_symbol
SIX2,12865,exact_symbol
SIX3,7608,exact_symbol
SIX4,2359,exact_symbol
SIX5,14227,exact_symbol
SIX6,15724,exact_symbol
SKA1,9817,exact_symbol
SKA2,15314,exact_symbol
SKA3,11611,exact_symbol
SKAP1,8084,exact_symbol
SKAP2,74,exact_symbol
SKI,10162,exact_symbol
SKIDA1,14907,exact_symbol
SKIL,7307,exact_symbol
SKOR1,16834,exact_symbol
SKOR2,23383,exact_symbol
SKP1,4196,exact_symbol
SKP2,8720,exact_symbol
SLA,9924,exact_symbol
SLA2,2435,exact_symbol
SLAIN1,7879,exact_symbol
SLAIN2,3643,exact_symbol
SLAMF1,4665,exact_symbol
SLAMF8,10257,exact_symbol
SLAMF9,10815,exact_symbol
SLBP,11193,exact_symbol
SLC10A1,2367,exact_symbol
SLC10A2,5624,exact_symbol
SLC10A3,5875,exact_symbol
SLC10A5,42482,exact_symbol
SLC10A6,8679,exact_symbol
SLC10A7,5060,exact_symbol
SLC11A1,378,exact_symbol
SLC11A2,3827,exact_symbol
SLC12A1,1277,exact_symbol
SLC12A2,890,exact_symbol
SLC12A3,1138,exact_symbol
SLC12A4,5445,exact_symbol
SLC12A5,5460,exact_symbol
SLC12A6,7929,exact_symbol
SLC12A7,4189,exact_symbol
SLC12A8,24755,exact_symbol
SLC12A9,8889,exact_symbol
SLC13A1,1544,exact_symbol
SLC13A2,172,exact_symbol
SLC13A3,10206,exact_symbol
SLC13A4,11426,exact_symbol
SLC13A5,8121,exact_symbol
SLC14A1,8119,exact_symbol
SLC15A1,1774,exact_symbol
SLC15A2,11003,exact_symbol
SLC15A3,3781,exact_symbol
SLC15A4,7822,exact_symbol
SLC15A5,16886,exact_symbol
SLC16A1,9873,exact_symbol
SLC16A10,4061,exact_symbol
SLC16A11,13683,exact_symbol
SLC16A12,9585,exact_symbol
SLC16A13,13684,exact_symbol
SLC16A14,10910,exact_symbol
SLC16A2,8922,exact_symbol
SLC16A3,8132,exact_symbol
SLC16A4,12421,exact_symbol
SLC16A6,3609,exact_symbol
SLC16A7,4831,exact_symbol
SLC16A8,2207,exact_symbol
SLC16A9,11602,exact_symbol
SLC17A1,5547,exact_symbol
SLC17A2,4053,exact_symbol
SLC17A3,5546,exact_symbol
SLC17A4,8793,exact_symbol
SLC17A5,4974,exact_symbol
SLC17A6,1940,exact_symbol
SLC17A7,2992,exact_symbol
SLC17A8,14710,exact_symbol
SLC17A9,2464,exact_symbol
SLC18A1,532,exact_symbol
SLC18A2,11654,exact_symbol
SLC18A3,16551,exact_symbol
SLC18B1,8844,exact_symbol
SLC19A1,13569,exact_symbol
SLC19A2,4716,exact_symbol
SLC19A3,7177,exact_symbol
SLC1A1,3351,exact_symbol
SLC1A2,3779,exact_symbol
SLC1A3,1452,exact_symbol
SLC1A4,4498,exact_symbol
SLC1A5,3069,exact_symbol
SLC1A6,3040,exact_symbol
SLC1A7,10720,exact_symbol
SLC20A1,8528,exact_symbol
SLC20A2,12400,exact_symbol
SLC22A1,13817,exact_symbol
SLC22A12,17604,exact_symbol
SLC22A14,8603,exact_symbol
SLC22A15,10999,exact_symbol
SLC22A17,1958,exact_symbol
SLC22A2,4070,exact_symbol
SLC22A23,7445,exact_symbol
SLC22A3,8857,exact_symbol
SLC22A4,17387,exact_symbol
SLC22A6,17608,exact_symbol
SLC22A7,7434,exact_symbol
SLC22A8,9211,exact_symbol
SLC23A1,12844,exact_symbol
SLC23A2,1812,exact_symbol
SLC23A3,22782,exact_symbol
SLC24A1,1268,exact_symbol
SLC24A2,9917,exact_symbol
SLC24A3,15912,exact_symbol
SLC24A4,7921,exact_symbol
SLC24A5,16750,exact_symbol
SLC25A1,2178,exact_symbol
SLC25A10,15413,exact_symbol
SLC25A11,3546,exact_symbol
SLC25A12,4490,exact_symbol
SLC25A13,65,exact_symbol
SLC25A14,2624,exact_symbol
SLC25A15,2695,exact_symbol
SLC25A16,5327,exact_symbol
SLC25A17,2287,exact_symbol
SLC25A18,15376,exact_symbol
SLC25A19,5653,exact_symbol
SLC25A2,5042,exact_symbol
SLC25A20,14520,exact_symbol
SLC25A21,15408,exact_symbol
SLC25A22,14332,exact_symbol
SLC25A23,5683,exact_symbol
SLC25A24,1659,exact_symbol
SLC25A25,9080,exact_symbol
SLC25A26,8613,exact_symbol
SLC25A27,9649,exact_symbol
SLC25A28,9862,exact_symbol
SLC25A29,17356,exact_symbol
SLC25A3,1308,exact_symbol
SLC25A30,13644,exact_symbol
SLC25A31,9416,exact_symbol
SLC25A32,11487,exact_symbol
SLC25A33,13117,exact_symbol
SLC25A34,10746,exact_symbol
SLC25A35,5648,exact_symbol
SLC25A36,4256,exact_symbol
SLC25A37,8977,exact_symbol
SLC25A38,8601,exact_symbol
SLC25A39,329,exact_symbol
SLC25A4,9455,exact_symbol
SLC25A40,1300,exact_symbol
SLC25A41,15035,exact_symbol
SLC25A42,15003,exact_symbol
SLC25A43,1395,exact_symbol
SLC25A44,10536,exact_symbol
SLC25A45,10703,exact_symbol
SLC25A46,11294,exact_symbol
SLC25A47,7926,exact_symbol
SLC25A48,8756,exact_symbol
SLC25A5,75,exact_symbol
SLC25A53,52360,exact_symbol
SLC26A1,8671,exact_symbol
SLC26A11,15006,exact_symbol
SLC26A2,9912,exact_symbol
SLC26A3,1917,exact_symbol
SLC26A4,1916,exact_symbol
SLC26A5,12875,exact_symbol
SLC26A6,26992,exact_symbol
SLC26A7,9002,exact_symbol
SLC26A8,3994,exact_symbol
SLC26A9,13722,exact_symbol
SLC27A1,6245,exact_symbol
SLC27A2,7939,exact_symbol
SLC27A3,8429,exact_symbol
SLC27A4,12035,exact_symbol
SLC27A5,1606,exact_symbol
SLC27A6,4180,exact_symbol
SLC28A1,9962,exact_symbol
SLC28A3,17483,exact_symbol
SLC29A1,4103,exact_symbol
SLC29A2,13746,exact_symbol
SLC29A3,17727,exact_symbol
SLC29A4,11407,exact_symbol
SLC2A1,4700,exact_symbol
SLC2A10,17479,exact_symbol
SLC2A12,8846,exact_symbol
SLC2A13,9380,exact_symbol
SLC2A2,11061,exact_symbol
SLC2A4,15138,exact_symbol
SLC2A5,8255,exact_symbol
SLC2A6,10482,exact_symbol
SLC2A7,17396,exact_symbol
SLC2A8,7355,exact_symbol
SLC2A9,3686,exact_symbol
SLC30A1,12817,exact_symbol
SLC30A10,17219,exact_symbol
SLC30A2,10171,exact_symbol
SLC30A3,4376,exact_symbol
SLC30A4,2882,exact_symbol
SLC30A5,8741,exact_symbol
SLC30A6,9574,exact_symbol
SLC30A7,10807,exact_symbol
SLC30A8,11442,exact_symbol
SLC30A9,351,exact_symbol
SLC31A1,7360,exact_symbol
SLC31A2,7359,exact_symbol
SLC32A1,2526,exact_symbol
SLC33A1,12587,exact_symbol
SLC34A1,6419,exact_symbol
SLC34A2,10140,exact_symbol
SLC34A3,17818,exact_symbol
SLC35A1,11357,exact_symbol
SLC35A2,2628,exact_symbol
SLC35A3,4743,exact_symbol
SLC35A4,14020,exact_symbol
SLC35A5,7677,exact_symbol
SLC35B1,5136,exact_symbol
SLC35B2,10124,exact_symbol
SLC35B3,5586,exact_symbol
SLC35B4,20171,exact_symbol
SLC35C1,15134,exact_symbol
SLC35C2,1486,exact_symbol
SLC35D1,4604,exact_symbol
SLC35D2,6374,exact_symbol
SLC35D3,15337,exact_symbol
SLC35E1,5928,exact_symbol
SLC35E2B,16978,exact_symbol
SLC35E3,13968,exact_symbol
SLC35E4,2169,exact_symbol
SLC35F1,17118,exact_symbol
SLC35F2,3793,exact_symbol
SLC35F3,15605,exact_symbol
SLC35F4,9465,exact_symbol
SLC35F5,4359,exact_symbol
SLC35F6,22682,exact_symbol
SLC35G1,14066,exact_symbol
SLC35G2,12477,exact_symbol
SLC36A1,5417,exact_symbol
SLC36A2,16252,exact_symbol
SLC36A3,16251,exact_symbol
SLC36A4,14940,exact_symbol
SLC37A1,10442,exact_symbol
SLC37A2,6992,exact_symbol
SLC37A4,7515,exact_symbol
SLC38A1,3892,exact_symbol
SLC38A10,10130,exact_symbol
SLC38A11,12617,exact_symbol
SLC38A2,6880,exact_symbol
SLC38A3,16718,exact_symbol
SLC38A4,7793,exact_symbol
SLC38A5,374,exact_symbol
SLC38A6,7905,exact_symbol
SLC38A7,2749,exact_symbol
SLC38A8,11896,exact_symbol
SLC38A9,14231,exact_symbol
SLC39A1,8432,exact_symbol
SLC39A10,17303,exact_symbol
SLC39A11,6736,exact_symbol
SLC39A12,9104,exact_symbol
SLC39A13,11720,exact_symbol
SLC39A14,2941,exact_symbol
SLC39A2,11688,exact_symbol
SLC39A3,8179,exact_symbol
SLC39A4,9024,exact_symbol
SLC39A5,7840,exact_symbol
SLC39A6,8103,exact_symbol
SLC39A7,4067,exact_symbol
SLC39A8,7753,exact_symbol
SLC39A9,476,exact_symbol
SLC3A1,7605,exact_symbol
SLC3A2,12263,exact_symbol
SLC40A1,7676,exact_symbol
SLC41A1,6709,exact_symbol
SLC41A2,7211,exact_symbol
SLC41A3,4299,exact_symbol
SLC43A1,9175,exact_symbol
SLC43A2,12177,exact_symbol
SLC43A3,6964,exact_symbol
SLC44A1,1104,exact_symbol
SLC44A2,6134,exact_symbol
SLC44A3,8309,exact_symbol
SLC44A4,19910,exact_symbol
SLC44A5,7580,exact_symbol
SLC45A1,10735,exact_symbol
SLC45A2,11283,exact_symbol
SLC45A3,10258,exact_symbol
SLC45A4,418,exact_symbol
SLC46A1,1343,exact_symbol
SLC46A2,4907,exact_symbol
SLC46A3,7834,exact_symbol
SLC47A1,8238,exact_symbol
SLC48A1,21636,exact_symbol
SLC49A4,7678,stable_id
SLC4A1,68,exact_symbol
SLC4A10,8548,exact_symbol
SLC4A11,1792,exact_symbol
SLC4A1AP,11139,exact_symbol
SLC4A2,11472,exact_symbol
SLC4A3,4342,exact_symbol
SLC4A4,1493,exact_symbol
SLC4A5,16807,exact_symbol
SLC4A7,506,exact_symbol
SLC4A8,680,exact_symbol
SLC4A9,4136,exact_symbol
SLC50A1,12559,exact_symbol
SLC51A,11196,exact_symbol
SLC51B,16217,exact_symbol
SLC52A3,2485,exact_symbol
SLC5A1,2210,exact_symbol
SLC5A10,9715,exact_symbol
SLC5A11,10283,exact_symbol
SLC5A12,9154,exact_symbol
SLC5A2,8008,exact_symbol
SLC5A3,17887,exact_symbol
SLC5A4,2212,exact_symbol
SLC5A5,3150,exact_symbol
SLC5A6,7602,exact_symbol
SLC5A7,4469,exact_symbol
SLC5A8,44759,exact_symbol
SLC5A9,4760,exact_symbol
SLC66A1,567,stable_id
SLC66A2,5271,stable_id
SLC6A1,10065,exact_symbol
SLC6A11,6546,exact_symbol
SLC6A12,3851,exact_symbol
SLC6A13,262,exact_symbol
SLC6A15,1171,exact_symbol
SLC6A17,17352,exact_symbol
SLC6A18,11343,exact_symbol
SLC6A19,13690,exact_symbol
SLC6A2,2837,exact_symbol
SLC6A3,8225,exact_symbol
SLC6A4,3552,exact_symbol
SLC6A5,11733,exact_symbol
SLC6A6,6443,exact_symbol
SLC6A7,279,exact_symbol
SLC6A9,17172,exact_symbol
SLC7A1,7835,exact_symbol
SLC7A10,6363,exact_symbol
SLC7A11,9356,exact_symbol
SLC7A13,11473,exact_symbol
SLC7A14,327,exact_symbol
SLC7A2,44,exact_symbol
SLC7A3,11585,exact_symbol
SLC7A4,2145,exact_symbol
SLC7A5,2790,exact_symbol
SLC7A6,2756,exact_symbol
SLC7A6OS,2755,exact_symbol
SLC7A7,9878,exact_symbol
SLC7A8,1956,exact_symbol
SLC7A9,407,exact_symbol
SLC8A1,15406,exact_symbol
SLC8A2,4780,exact_symbol
SLC8A3,2370,exact_symbol
SLC8B1,1813,exact_symbol
SLC9A1,1861,exact_symbol
SLC9A2,4462,exact_symbol
SLC9A3,964,exact_symbol
SLC9A4,14848,exact_symbol
SLC9A5,7143,exact_symbol
SLC9A6,17858,exact_symbol
SLC9A7,951,exact_symbol
SLC9A8,17580,exact_symbol
SLC9A9,15129,exact_symbol
SLC9B1,11215,exact_symbol
SLC9B2,11216,exact_symbol
SLC9C1,13236,exact_symbol
SLCO1C1,7777,exact_symbol
SLCO2A1,13743,exact_symbol
SLCO2B1,7480,exact_symbol
SLCO3A1,14102,exact_symbol
SLCO4A1,2458,exact_symbol
SLCO4C1,13625,exact_symbol
SLCO5A1,7497,exact_symbol
SLF1,6746,exact_symbol
SLF2,4976,exact_symbol
SLFN14,34320,exact_symbol
SLFN5,11931,exact_symbol
SLFNL1,13150,exact_symbol
SLIRP,4947,exact_symbol
SLIT1,16438,exact_symbol
SLIT2,8664,exact_symbol
SLIT3,15736,exact_symbol
SLITRK1,14475,exact_symbol
SLITRK2,16153,exact_symbol
SLITRK3,5205,exact_symbol
SLITRK4,14715,exact_symbol
SLITRK5,11577,exact_symbol
SLITRK6,15788,exact_symbol
SLK,938,exact_symbol
SLMAP,11101,exact_symbol
SLPI,5455,exact_symbol
SLTM,7534,exact_symbol
SLU7,11396,exact_symbol
SLURP1,5801,exact_symbol
SLX4,16851,exact_symbol
SLX4IP,9202,exact_symbol
SMAD1,12808,exact_symbol
SMAD2,13893,exact_symbol
SMAD3,11996,exact_symbol
SMAD4,8157,exact_symbol
SMAD5,4215,exact_symbol
SMAD6,7553,exact_symbol
SMAD7,2561,exact_symbol
SMAGP,12860,exact_symbol
SMAP1,4044,exact_symbol
SMAP2,1617,exact_symbol
SMARCA1,2616,exact_symbol
SMARCA2,1494,exact_symbol
SMARCA4,5945,exact_symbol
SMARCA5,9630,exact_symbol
SMARCAD1,10923,exact_symbol
SMARCAL1,7653,exact_symbol
SMARCB1,2142,exact_symbol
SMARCC1,13536,exact_symbol
SMARCC2,7850,exact_symbol
SMARCD1,960,exact_symbol
SMARCD2,3562,exact_symbol
SMARCD3,1553,exact_symbol
SMARCE1,1230,exact_symbol
SMC1A,1193,exact_symbol
SMC1B,1399,exact_symbol
SMC2,7344,exact_symbol
SMC3,3486,exact_symbol
SMC4,4231,exact_symbol
SMC5,17968,exact_symbol
SMC6,10904,exact_symbol
SMCHD1,2554,exact_symbol
SMCO1,22881,exact_symbol
SMCO3,14666,exact_symbol
SMCO4,11741,exact_symbol
SMCR8,14219,exact_symbol
SMDT1,15447,exact_symbol
SMG1,10066,exact_symbol
SMG5,18006,exact_symbol
SMG6,1106,exact_symbol
SMG7,4601,exact_symbol
SMG8,12099,exact_symbol
SMG9,3190,exact_symbol
SMIM1,33551,exact_symbol
SMIM10L1,44620,exact_symbol
SMIM11,20318,stable_id
SMIM12,11160,exact_symbol
SMIM13,26182,exact_symbol
SMIM14,11103,exact_symbol
SMIM15,16817,exact_symbol
SMIM17,51857,exact_symbol
SMIM18,42361,exact_symbol
SMIM19,14048,exact_symbol
SMIM20,40045,exact_symbol
SMIM22,51740,exact_symbol
SMIM24,2047,exact_symbol
SMIM3,44502,exact_symbol
SMIM30,22917,exact_symbol
SMIM31,39049,exact_symbol
SMIM34,37879,stable_id
SMIM38,-1,missing
SMIM43,11256,stable_id
SMIM44,-1,missing
SMIM45,20326,stable_id
SMIM5,19887,exact_symbol
SMIM7,22861,exact_symbol
SMIM8,3969,exact_symbol
SMNDC1,4989,exact_symbol
SMO,6047,exact_symbol
SMOC1,17880,exact_symbol
SMOC2,4079,exact_symbol
SMOX,1788,exact_symbol
SMPD1,11822,exact_symbol
SMPD2,7115,exact_symbol
SMPD3,2754,exact_symbol
SMPD4,7322,exact_symbol
SMPDL3A,13355,exact_symbol
SMPDL3B,6341,exact_symbol
SMPX,1927,exact_symbol
SMS,2638,exact_symbol
SMTN,15649,exact_symbol
SMTNL1,23160,exact_symbol
SMTNL2,16680,exact_symbol
SMU1,5297,exact_symbol
SMUG1,5385,exact_symbol
SMURF1,17886,exact_symbol
SMURF2,3604,exact_symbol
SMYD1,4455,exact_symbol
SMYD2,8414,exact_symbol
SMYD3,16005,exact_symbol
SMYD4,16305,exact_symbol
SMYD5,7125,exact_symbol
SNAI1,5487,exact_symbol
SNAI2,392,exact_symbol
SNAI3,16066,exact_symbol
SNAP23,1977,exact_symbol
SNAP25,6630,exact_symbol
SNAP29,2137,exact_symbol
SNAP47,8455,exact_symbol
SNAP91,937,exact_symbol
SNAPC1,431,exact_symbol
SNAPC2,3020,exact_symbol
SNAPC3,11501,exact_symbol
SNAPC4,11665,exact_symbol
SNAPC5,13707,exact_symbol
SNAPIN,8428,exact_symbol
SNCA,8687,exact_symbol
SNCAIP,895,exact_symbol
SNCB,1258,exact_symbol
SNCG,13495,exact_symbol
SND1,17371,exact_symbol
SNED1,10841,exact_symbol
SNF8,10321,exact_symbol
SNIP1,11167,exact_symbol
SNN,15797,exact_symbol
SNORC,15307,exact_symbol
SNPH,2492,exact_symbol
SNRK,11134,exact_symbol
SNRNP200,8509,exact_symbol
SNRNP25,10669,exact_symbol
SNRNP27,5517,exact_symbol
SNRNP35,15703,exact_symbol
SNRNP40,818,exact_symbol
SNRNP48,12398,exact_symbol
SNRNP70,2977,exact_symbol
SNRPA,1380,exact_symbol
SNRPA1,6514,exact_symbol
SNRPB,5731,exact_symbol
SNRPB2,5745,exact_symbol
SNRPC,5545,exact_symbol
SNRPD1,12023,exact_symbol
SNRPD2,5703,exact_symbol
SNRPD3,2163,exact_symbol
SNRPE,15167,exact_symbol
SNRPF,7815,exact_symbol
SNRPN,6071,exact_symbol
SNTA1,2517,exact_symbol
SNTB1,13244,exact_symbol
SNTB2,12449,exact_symbol
SNTG1,8983,exact_symbol
SNTG2,13348,exact_symbol
SNTN,16846,exact_symbol
SNU13,2199,exact_symbol
SNUPN,12588,exact_symbol
SNURF,54410,exact_symbol
SNW1,2354,exact_symbol
SNX1,472,exact_symbol
SNX10,1693,exact_symbol
SNX11,30,exact_symbol
SNX12,8940,exact_symbol
SNX13,1147,exact_symbol
SNX14,7052,exact_symbol
SNX15,3730,exact_symbol
SNX16,2929,exact_symbol
SNX17,4385,exact_symbol
SNX18,14605,exact_symbol
SNX19,5053,exact_symbol
SNX2,20221,exact_symbol
SNX20,12057,exact_symbol
SNX21,5454,exact_symbol
SNX22,10137,exact_symbol
SNX24,891,exact_symbol
SNX25,3700,exact_symbol
SNX27,8382,exact_symbol
SNX29,642,exact_symbol
SNX3,4052,exact_symbol
SNX30,9056,exact_symbol
SNX31,13668,exact_symbol
SNX32,13397,exact_symbol
SNX33,13549,exact_symbol
SNX4,4296,exact_symbol
SNX5,1804,exact_symbol
SNX6,6152,exact_symbol
SNX7,10787,exact_symbol
SNX8,3278,exact_symbol
SNX9,6254,exact_symbol
SOAT1,769,exact_symbol
SOAT2,12206,exact_symbol
SOBP,4050,exact_symbol
SOCS1,15988,exact_symbol
SOCS2,5104,exact_symbol
SOCS3,15786,exact_symbol
SOCS4,14801,exact_symbol
SOCS5,13001,exact_symbol
SOCS6,12888,exact_symbol
SOCS7,55050,exact_symbol
SOD1,8205,exact_symbol
SOD2,4000,exact_symbol
SOD3,3682,exact_symbol
SON,10305,exact_symbol
SORBS1,2038,exact_symbol
SORBS2,9785,exact_symbol
SORBS3,5111,exact_symbol
SORCS1,3483,exact_symbol
SORCS2,15884,exact_symbol
SORCS3,9982,exact_symbol
SORD,7933,exact_symbol
SORL1,7504,exact_symbol
SORT1,6862,exact_symbol
SOS1,4499,exact_symbol
SOS2,2324,exact_symbol
SOST,12240,exact_symbol
SOSTDC1,13028,exact_symbol
SOWAHA,18001,exact_symbol
SOWAHB,16221,exact_symbol
SOWAHC,17695,exact_symbol
SOWAHD,16582,exact_symbol
SOX1,15392,exact_symbol
SOX10,2202,exact_symbol
SOX11,14183,exact_symbol
SOX12,14381,exact_symbol
SOX13,8477,exact_symbol
SOX14,12462,exact_symbol
SOX15,6115,exact_symbol
SOX17,11432,exact_symbol
SOX18,19749,exact_symbol
SOX2,15066,exact_symbol
SOX21,5627,exact_symbol
SOX3,6935,exact_symbol
SOX30,561,exact_symbol
SOX4,5578,exact_symbol
SOX5,6921,exact_symbol
SOX6,3797,exact_symbol
SOX7,12977,exact_symbol
SOX8,102,exact_symbol
SOX9,5644,exact_symbol
SP1,16039,exact_symbol
SP2,12047,exact_symbol
SP3,13407,exact_symbol
SP4,3209,exact_symbol
SP5,19889,exact_symbol
SP6,16922,exact_symbol
SP7,12813,exact_symbol
SP8,11411,exact_symbol
SP9,23706,exact_symbol
SPA17,873,exact_symbol
SPAAR,33698,exact_symbol
SPACA1,4810,exact_symbol
SPACA3,8089,exact_symbol
SPACA4,14263,exact_symbol
SPACA6,15236,exact_symbol
SPACA9,11671,exact_symbol
SPAG1,2926,exact_symbol
SPAG16,8567,exact_symbol
SPAG17,9905,exact_symbol
SPAG4,829,exact_symbol
SPAG5,1345,exact_symbol
SPAG7,1937,exact_symbol
SPAG8,7413,exact_symbol
SPAG9,211,exact_symbol
SPARC,4142,exact_symbol
SPARCL1,9562,exact_symbol
SPAST,408,exact_symbol
SPATA1,5264,exact_symbol
SPATA13,15389,stable_id
SPATA16,8646,exact_symbol
SPATA17,10843,exact_symbol
SPATA18,10914,exact_symbol
SPATA19,11765,exact_symbol
SPATA2,10227,exact_symbol
SPATA20,129,exact_symbol
SPATA22,8081,exact_symbol
SPATA24,12839,exact_symbol
SPATA25,9245,exact_symbol
SPATA2L,10268,exact_symbol
SPATA4,9318,exact_symbol
SPATA45,16030,exact_symbol
SPATA46,13136,exact_symbol
SPATA6,6541,exact_symbol
SPATA6L,3350,exact_symbol
SPATA7,584,exact_symbol
SPATA9,8744,exact_symbol
SPATC1,16315,exact_symbol
SPATC1L,10469,exact_symbol
SPATS1,39508,exact_symbol
SPATS2,5373,exact_symbol
SPATS2L,17033,exact_symbol
SPC24,10649,exact_symbol
SPC25,9518,exact_symbol
SPCS1,4340,exact_symbol
SPCS2,4802,exact_symbol
SPDEF,5566,exact_symbol
SPDL1,565,exact_symbol
SPDYA,11141,exact_symbol
SPECC1,6027,exact_symbol
SPECC1L,2159,exact_symbol
SPEF1,2475,exact_symbol
SPEF2,9561,exact_symbol
SPEG,1183,exact_symbol
SPEM1,15046,exact_symbol
SPEM2,15787,exact_symbol
SPEN,932,exact_symbol
SPG11,2878,exact_symbol
SPG21,1880,exact_symbol
SPG7,17611,exact_symbol
SPHK1,14038,exact_symbol
SPHK2,853,exact_symbol
SPHKAP,9688,exact_symbol
SPI1,969,exact_symbol
SPIB,52255,exact_symbol
SPIC,11799,exact_symbol
SPICE1,11074,exact_symbol
SPIDR,11450,exact_symbol
SPIN1,3356,exact_symbol
SPIN4,16348,exact_symbol
SPINDOC,12265,exact_symbol
SPINK1,11309,exact_symbol
SPINK13,23031,exact_symbol
SPINK14,17261,exact_symbol
SPINK4,5302,exact_symbol
SPINK5,6788,exact_symbol
SPINK6,14458,exact_symbol
SPINK7,8766,exact_symbol
SPINK8,29570,exact_symbol
SPINT1,11775,exact_symbol
SPINT2,12155,exact_symbol
SPIRE1,6875,exact_symbol
SPIRE2,20153,exact_symbol
SPN,17472,exact_symbol
SPNS1,12652,exact_symbol
SPNS2,15402,exact_symbol
SPNS3,15294,exact_symbol
SPO11,734,exact_symbol
SPOCK1,9530,exact_symbol
SPOCK2,3443,exact_symbol
SPOCK3,17019,exact_symbol
SPON1,48493,exact_symbol
SPON2,10381,exact_symbol
SPOPL,8540,exact_symbol
SPOUT1,17985,exact_symbol
SPP1,4846,exact_symbol
SPP2,1175,exact_symbol
SPPL2A,7688,exact_symbol
SPPL2B,87,exact_symbol
SPPL2C,15977,exact_symbol
SPPL3,10149,exact_symbol
SPR,4527,exact_symbol
SPRED1,11755,exact_symbol
SPRED2,17758,exact_symbol
SPRED3,16830,exact_symbol
SPRING1,3895,stable_id
SPRN,19708,exact_symbol
SPRR4,15684,exact_symbol
SPRTN,246,exact_symbol
SPRY1,11227,exact_symbol
SPRY2,7233,exact_symbol
SPRY4,16541,exact_symbol
SPRYD3,12204,exact_symbol
SPRYD4,14096,exact_symbol
SPRYD7,5357,exact_symbol
SPSB1,13119,exact_symbol
SPSB2,3927,exact_symbol
SPSB3,10676,exact_symbol
SPSB4,13831,exact_symbol
SPTA1,11053,exact_symbol
SPTAN1,17541,exact_symbol
SPTB,1101,exact_symbol
SPTBN1,4404,exact_symbol
SPTBN2,13616,exact_symbol
SPTBN4,10499,exact_symbol
SPTBN5,7566,exact_symbol
SPTLC1,1862,exact_symbol
SPTLC2,2350,exact_symbol
SPTLC3,13279,exact_symbol
SPTSSA,11592,exact_symbol
SPTSSB,17178,exact_symbol
SPTY2D1,14639,exact_symbol
SPX,6926,exact_symbol
SQLE,2937,exact_symbol
SQOR,7532,exact_symbol
SQSTM1,10575,exact_symbol
SRA1,22591,exact_symbol
SRBD1,1052,exact_symbol
SRC,17358,exact_symbol
SRCAP,1500,exact_symbol
SRCIN1,57051,exact_symbol
SRD5A1,8716,exact_symbol
SRD5A2,57415,exact_symbol
SRD5A3,5981,exact_symbol
SREBF1,1187,exact_symbol
SREBF2,17981,exact_symbol
SREK1IP1,9610,exact_symbol
SRF,4090,exact_symbol
SRFBP1,9389,exact_symbol
SRGAP1,17297,exact_symbol
SRGAP3,17062,exact_symbol
SRGN,5319,exact_symbol
SRI,1288,exact_symbol
SRM,4587,exact_symbol
SRMS,5665,exact_symbol
SRP14,7945,exact_symbol
SRP19,9614,exact_symbol
SRP68,12228,exact_symbol
SRP72,13766,exact_symbol
SRP9,8456,exact_symbol
SRPK1,2053,exact_symbol
SRPK2,7041,exact_symbol
SRPK3,15733,exact_symbol
SRPRB,8637,exact_symbol
SRPX,2598,exact_symbol
SRPX2,2664,exact_symbol
SRR,12181,exact_symbol
SRRM1,6738,exact_symbol
SRRM2,12251,exact_symbol
SRRM3,14362,exact_symbol
SRRM4,7881,exact_symbol
SRRT,1720,exact_symbol
SRSF1,7282,exact_symbol
SRSF10,16766,exact_symbol
SRSF11,4617,exact_symbol
SRSF12,9783,exact_symbol
SRSF2,10615,exact_symbol
SRSF3,3999,exact_symbol
SRSF4,4565,exact_symbol
SRSF5,2366,exact_symbol
SRSF6,5474,exact_symbol
SRSF7,4495,exact_symbol
SRSF9,3954,exact_symbol
SRXN1,53297,exact_symbol
SS18,8097,exact_symbol
SS18L1,15753,exact_symbol
SS18L2,215,exact_symbol
SSB,7660,exact_symbol
SSBP1,3246,exact_symbol
SSBP2,8729,exact_symbol
SSBP3,10082,exact_symbol
SSBP4,6278,exact_symbol
SSC4D,8876,exact_symbol
SSC5D,14791,exact_symbol
SSH1,1624,exact_symbol
SSH2,8087,exact_symbol
SSH3,13404,exact_symbol
SSMEM1,11533,exact_symbol
SSNA1,14023,exact_symbol
SSPN,5342,exact_symbol
SSR1,5583,exact_symbol
SSR2,11022,exact_symbol
SSR3,4333,exact_symbol
SSR4,14963,exact_symbol
SSRP1,9174,exact_symbol
SST,10053,exact_symbol
SSTR1,7891,exact_symbol
SSTR2,14912,exact_symbol
SSTR3,57604,exact_symbol
SSTR4,6637,exact_symbol
SSTR5,10675,exact_symbol
SSU72,10423,exact_symbol
SSUH2,5608,exact_symbol
SSX2IP,4679,exact_symbol
ST13,2291,exact_symbol
ST14,9206,exact_symbol
ST18,8985,exact_symbol
ST3GAL1,221,exact_symbol
ST3GAL2,10097,exact_symbol
ST3GAL3,5791,exact_symbol
ST3GAL4,3745,exact_symbol
ST3GAL5,4444,exact_symbol
ST3GAL6,877,exact_symbol
ST6GAL1,1243,exact_symbol
ST6GAL2,8519,exact_symbol
ST6GALNAC1,1117,exact_symbol
ST6GALNAC3,15655,exact_symbol
ST6GALNAC4,7351,exact_symbol
ST6GALNAC5,4664,exact_symbol
ST6GALNAC6,10493,exact_symbol
ST7,66,exact_symbol
ST7L,179,exact_symbol
ST8SIA1,3944,exact_symbol
ST8SIA2,7997,exact_symbol
ST8SIA3,14329,exact_symbol
ST8SIA4,4193,exact_symbol
ST8SIA5,2558,exact_symbol
ST8SIA6,9107,exact_symbol
STAB1,260,exact_symbol
STAB2,7202,exact_symbol
STAC,8606,exact_symbol
STAC2,8171,exact_symbol
STAC3,16018,exact_symbol
STAG1,4771,exact_symbol
STAG2,2601,exact_symbol
STAG3,989,exact_symbol
STAM,7331,exact_symbol
STAM2,4369,exact_symbol
STAMBP,5513,exact_symbol
STAMBPL1,7620,exact_symbol
STAP1,523,exact_symbol
STAP2,14439,exact_symbol
STAR,8980,exact_symbol
STARD10,23039,exact_symbol
STARD13,6726,exact_symbol
STARD3,6494,exact_symbol
STARD3NL,251,exact_symbol
STARD4,11295,exact_symbol
STARD5,13292,exact_symbol
STARD6,13708,exact_symbol
STARD7,1620,exact_symbol
STARD8,6207,exact_symbol
STAT1,4423,exact_symbol
STAT2,12867,exact_symbol
STAT3,12405,exact_symbol
STAT4,7655,exact_symbol
STAT5A,5834,exact_symbol
STAT5B,13591,exact_symbol
STAT6,11973,exact_symbol
STAU1,5485,exact_symbol
STAU2,566,exact_symbol
STBD1,4847,exact_symbol
STC1,10309,exact_symbol
STC2,4223,exact_symbol
STEAP2,10081,exact_symbol
STEAP3,4362,exact_symbol
STEAP4,5970,exact_symbol
STEEP1,382,stable_id
STIL,5393,exact_symbol
STIM1,12077,exact_symbol
STIM2,3693,exact_symbol
STIMATE,22597,exact_symbol
STING1,15793,stable_id
STIP1,12368,exact_symbol
STK10,1204,exact_symbol
STK11,4773,exact_symbol
STK11IP,8588,exact_symbol
STK16,4468,exact_symbol
STK17B,1535,exact_symbol
STK24,2685,exact_symbol
STK25,4473,exact_symbol
STK26,6937,exact_symbol
STK3,2913,exact_symbol
STK31,17097,exact_symbol
STK32A,12577,exact_symbol
STK32B,9604,exact_symbol
STK32C,11682,exact_symbol
STK33,6266,exact_symbol
STK35,5730,exact_symbol
STK36,11024,exact_symbol
STK38,3998,exact_symbol
STK38L,21589,exact_symbol
STK39,17842,exact_symbol
STK4,2440,exact_symbol
STK40,17048,exact_symbol
STKLD1,17958,exact_symbol
STMN1,4745,exact_symbol
STMN2,2923,exact_symbol
STMN3,17466,exact_symbol
STMN4,364,exact_symbol
STMND1,30577,exact_symbol
STN1,3478,exact_symbol
STOM,9057,exact_symbol
STOML1,1004,exact_symbol
STOML2,11575,exact_symbol
STOML3,6723,exact_symbol
STON1,37723,exact_symbol
STON2,7914,exact_symbol
STOX1,11678,exact_symbol
STOX2,13505,exact_symbol
STPG1,10,exact_symbol
STPG3,17563,exact_symbol
STPG4,36220,exact_symbol
STRA6,7560,exact_symbol
STRA8,8896,exact_symbol
STRADA,50528,exact_symbol
STRADB,1557,exact_symbol
STRAP,433,exact_symbol
STRBP,11559,exact_symbol
STRC,37575,exact_symbol
STRIP1,8313,exact_symbol
STRIP2,6039,exact_symbol
STRIT1,36402,stable_id
STRN,4484,exact_symbol
STRN3,17258,exact_symbol
STRN4,1873,exact_symbol
STT3A,6988,exact_symbol
STT3B,11043,exact_symbol
STUB1,2793,exact_symbol
STUM,19682,exact_symbol
STX11,7118,exact_symbol
STX12,4758,exact_symbol
STX16,5489,exact_symbol
STX17,7364,exact_symbol
STX18,12452,exact_symbol
STX19,14558,exact_symbol
STX1A,3259,exact_symbol
STX1B,2097,exact_symbol
STX2,3899,exact_symbol
STX3,11977,exact_symbol
STX4,2827,exact_symbol
STX5,10702,exact_symbol
STX6,7156,exact_symbol
STX7,1480,exact_symbol
STX8,12796,exact_symbol
STXBP1,7354,exact_symbol
STXBP2,1361,exact_symbol
STXBP3,4558,exact_symbol
STXBP4,11812,exact_symbol
STXBP5,11375,exact_symbol
STXBP5L,8659,exact_symbol
STXBP6,12487,exact_symbol
STYK1,809,exact_symbol
STYXL1,5969,exact_symbol
SUB1,4177,exact_symbol
SUCLA2,7224,exact_symbol
SUCLG1,11051,exact_symbol
SUCLG2,13290,exact_symbol
SUCNR1,17930,exact_symbol
SUCO,2012,exact_symbol
SUDS3,3937,exact_symbol
SUFU,3466,exact_symbol
SUGCT,13934,exact_symbol
SUGP1,3176,exact_symbol
SUGP2,889,exact_symbol
SUGT1,11597,exact_symbol
SULF1,7498,exact_symbol
SULF2,17185,exact_symbol
SULT1B1,13559,exact_symbol
SULT1C2,17714,exact_symbol
SULT1C3,17065,exact_symbol
SULT1E1,3649,exact_symbol
SULT2B1,1758,exact_symbol
SULT4A1,6287,exact_symbol
SULT6B1,7598,exact_symbol
SUMF1,8569,exact_symbol
SUMF2,6104,exact_symbol
SUMO1,4519,exact_symbol
SUMO2,16784,exact_symbol
SUMO3,15861,exact_symbol
SUN1,11458,exact_symbol
SUN2,2232,exact_symbol
SUN3,11437,exact_symbol
SUN5,12025,exact_symbol
SUOX,7838,exact_symbol
SUPT16H,1965,exact_symbol
SUPT20H,2693,exact_symbol
SUPT3H,17085,exact_symbol
SUPT4H1,22451,exact_symbol
SUPT5H,17068,exact_symbol
SUPT6H,3636,exact_symbol
SUPT7L,4958,exact_symbol
SUPV3L1,9998,exact_symbol
SURF1,9069,exact_symbol
SURF2,9070,exact_symbol
SURF4,9067,exact_symbol
SURF6,9071,exact_symbol
SUSD1,3372,exact_symbol
SUSD2,2153,exact_symbol
SUSD3,10088,exact_symbol
SUSD4,8415,exact_symbol
SUSD5,13583,exact_symbol
SUSD6,2365,exact_symbol
SUV39H1,2596,exact_symbol
SUV39H2,9543,exact_symbol
SUZ12,14545,exact_symbol
SV2A,10307,exact_symbol
SV2B,16027,exact_symbol
SV2C,5224,exact_symbol
SVBP,14401,exact_symbol
SVEP1,11535,exact_symbol
SVIL,17421,exact_symbol
SVIP,17703,exact_symbol
SVOP,11764,exact_symbol
SVOPL,10136,exact_symbol
SWAP70,6794,exact_symbol
SWI5,13980,exact_symbol
SWSAP1,13624,exact_symbol
SWT1,4592,exact_symbol
SYAP1,12703,exact_symbol
SYBU,9005,exact_symbol
SYCE1,13146,exact_symbol
SYCE1L,20173,exact_symbol
SYCE2,10648,exact_symbol
SYCE3,23730,exact_symbol
SYCN,14746,exact_symbol
SYCP1,17898,exact_symbol
SYCP2,17009,exact_symbol
SYCP2L,9631,exact_symbol
SYDE1,3038,exact_symbol
SYDE2,2075,exact_symbol
SYF2,4741,exact_symbol
SYK,11509,exact_symbol
SYMPK,5707,exact_symbol
SYN1,198,exact_symbol
SYN2,10073,exact_symbol
SYN3,16064,exact_symbol
SYNC,10756,exact_symbol
SYNCRIP,7051,exact_symbol
SYNDIG1,2540,exact_symbol
SYNDIG1L,15493,exact_symbol
SYNE1,6384,exact_symbol
SYNE2,731,exact_symbol
SYNE3,14099,exact_symbol
SYNE4,15057,exact_symbol
SYNGAP1,17411,exact_symbol
SYNGR1,2264,exact_symbol
SYNGR2,3564,exact_symbol
SYNGR3,5936,exact_symbol
SYNGR4,3113,exact_symbol
SYNJ1,10299,exact_symbol
SYNJ2,1417,exact_symbol
SYNJ2BP,22565,exact_symbol
SYNM,15224,exact_symbol
SYNPO,13207,exact_symbol
SYNPO2,13311,exact_symbol
SYNPO2L,11824,exact_symbol
SYNPR,11083,exact_symbol
SYNRG,55609,exact_symbol
SYP,2608,exact_symbol
SYPL2,8306,exact_symbol
SYS1,19799,exact_symbol
SYT1,1018,exact_symbol
SYT10,3836,exact_symbol
SYT11,6651,exact_symbol
SYT12,13484,exact_symbol
SYT13,391,exact_symbol
SYT14,8406,exact_symbol
SYT16,7904,exact_symbol
SYT17,2833,exact_symbol
SYT2,8482,exact_symbol
SYT3,22311,exact_symbol
SYT4,6677,exact_symbol
SYT5,6195,exact_symbol
SYT6,6856,exact_symbol
SYT7,293,exact_symbol
SYT8,9162,exact_symbol
SYT9,12896,exact_symbol
SYTL1,8284,exact_symbol
SYTL2,7486,exact_symbol
SYTL3,11416,exact_symbol
SYTL4,2665,exact_symbol
SYTL5,8914,exact_symbol
SYVN1,10706,exact_symbol
SZRD1,741,exact_symbol
SZT2,17713,exact_symbol
TAAR1,8843,exact_symbol
TAAR2,8839,exact_symbol
TAAR5,7113,exact_symbol
TAAR9,34872,exact_symbol
TAB1,2265,exact_symbol
TAB2,746,exact_symbol
TAB3,10129,exact_symbol
TAC1,126,exact_symbol
TAC3,11966,exact_symbol
TACC1,8987,exact_symbol
TACC2,7627,exact_symbol
TACO1,7285,exact_symbol
TACR1,4412,exact_symbol
TACR2,1285,exact_symbol
TACR3,12687,exact_symbol
TACSTD2,15722,exact_symbol
TADA1,9532,exact_symbol
TADA2A,56340,exact_symbol
TADA2B,13441,exact_symbol
TADA3,13000,exact_symbol
TAF10,11830,exact_symbol
TAF11,906,exact_symbol
TAF12,5071,exact_symbol
TAF13,17569,exact_symbol
TAF15,52873,exact_symbol
TAF1A,8413,exact_symbol
TAF1B,4477,exact_symbol
TAF1C,2770,exact_symbol
TAF2,881,exact_symbol
TAF3,11649,exact_symbol
TAF4,6313,exact_symbol
TAF4B,8098,exact_symbol
TAF5,9144,exact_symbol
TAF5L,7154,exact_symbol
TAF6,3281,exact_symbol
TAF6L,10700,exact_symbol
TAF7,14584,exact_symbol
TAF8,7467,exact_symbol
TAF9B,16477,exact_symbol
TAFA1,15565,stable_id
TAFA2,17850,stable_id
TAFA3,15795,stable_id
TAFA4,10994,stable_id
TAFA5,23967,stable_id
TAFAZZIN,2633,stable_id
TAGLN,9239,exact_symbol
TAGLN2,10255,exact_symbol
TAGLN3,8629,exact_symbol
TAL1,10714,exact_symbol
TAL2,16169,exact_symbol
TALDO1,14250,exact_symbol
TAMALIN,10644,stable_id
TAMM41,8581,exact_symbol
TANC1,4375,exact_symbol
TANC2,12944,exact_symbol
TANGO2,15543,exact_symbol
TANGO6,2752,exact_symbol
TANK,7304,exact_symbol
TAOK1,10505,exact_symbol
TAOK2,9274,exact_symbol
TAOK3,7014,exact_symbol
TAP1,12355,exact_symbol
TAP2,19864,exact_symbol
TAPBP,31294,exact_symbol
TAPBPL,7788,exact_symbol
TAPT1,12675,exact_symbol
TARBP1,800,exact_symbol
TARBP2,7841,exact_symbol
TARDBP,5121,exact_symbol
TARS2,8380,exact_symbol
TAS1R1,13573,exact_symbol
TAS1R2,14608,exact_symbol
TAS1R3,12722,exact_symbol
TAS2R16,6031,exact_symbol
TAS2R3,5909,exact_symbol
TAS2R38,44878,exact_symbol
TAS2R39,34378,exact_symbol
TAS2R4,5910,exact_symbol
TAS2R40,24747,exact_symbol
TAS2R41,24716,exact_symbol
TAS2R60,16126,exact_symbol
TAS2R7,5159,exact_symbol
TASL,5033,stable_id
TASOR,11191,stable_id
TASOR2,3484,stable_id
TASP1,1819,exact_symbol
TAT,17843,exact_symbol
TATDN1,9016,exact_symbol
TATDN2,10054,exact_symbol
TATDN3,19686,exact_symbol
TAX1BP1,3251,exact_symbol
TAX1BP3,22826,exact_symbol
TBATA,11800,exact_symbol
TBC1D1,948,exact_symbol
TBC1D10A,2152,exact_symbol
TBC1D10B,12552,exact_symbol
TBC1D10C,13904,exact_symbol
TBC1D12,3500,exact_symbol
TBC1D13,3383,exact_symbol
TBC1D14,6583,exact_symbol
TBC1D15,5192,exact_symbol
TBC1D16,12072,exact_symbol
TBC1D17,3008,exact_symbol
TBC1D19,3689,exact_symbol
TBC1D2,2027,exact_symbol
TBC1D20,5748,exact_symbol
TBC1D21,12042,exact_symbol
TBC1D22A,730,exact_symbol
TBC1D22B,930,exact_symbol
TBC1D23,526,exact_symbol
TBC1D24,10681,exact_symbol
TBC1D25,1038,exact_symbol
TBC1D2B,12055,exact_symbol
TBC1D30,3902,exact_symbol
TBC1D31,10026,exact_symbol
TBC1D32,8833,exact_symbol
TBC1D4,7220,exact_symbol
TBC1D5,6437,exact_symbol
TBC1D7,8782,exact_symbol
TBC1D8,20020,exact_symbol
TBC1D8B,6732,exact_symbol
TBC1D9,3665,exact_symbol
TBC1D9B,17393,exact_symbol
TBCA,13096,exact_symbol
TBCB,3063,exact_symbol
TBCC,5565,exact_symbol
TBCCD1,4234,exact_symbol
TBCD,8139,exact_symbol
TBCE,-1,missing
TBCEL,9725,exact_symbol
TBCK,8689,exact_symbol
TBK1,15590,exact_symbol
TBKBP1,17996,exact_symbol
TBL1XR1,14338,exact_symbol
TBL2,3345,exact_symbol
TBL3,15594,exact_symbol
TBP,4083,exact_symbol
TBPL1,473,exact_symbol
TBPL2,15285,exact_symbol
TBR1,7299,exact_symbol
TBRG1,9733,exact_symbol
TBRG4,7255,exact_symbol
TBX1,15667,exact_symbol
TBX15,1978,exact_symbol
TBX18,4114,exact_symbol
TBX19,8333,exact_symbol
TBX2,5135,exact_symbol
TBX20,11381,exact_symbol
TBX21,1244,exact_symbol
TBX22,5240,exact_symbol
TBX3,7020,exact_symbol
TBX4,5137,exact_symbol
TBX5,1830,exact_symbol
TBX6,9268,exact_symbol
TBXA2R,147,exact_symbol
TBXAS1,797,exact_symbol
TBXT,11365,exact_symbol
TC2N,11724,exact_symbol
TCAF1,17773,exact_symbol
TCAIM,14649,exact_symbol
TCAP,13634,exact_symbol
TCEA1,16558,exact_symbol
TCEA2,13132,exact_symbol
TCEA3,19847,exact_symbol
TCEAL1,13327,exact_symbol
TCEAL7,15379,exact_symbol
TCEAL8,14983,exact_symbol
TCEAL9,15956,exact_symbol
TCEANC,14188,exact_symbol
TCEANC2,4548,exact_symbol
TCERG1,4213,exact_symbol
TCERG1L,14159,exact_symbol
TCF12,7932,exact_symbol
TCF15,5750,exact_symbol
TCF19,7455,exact_symbol
TCF21,4827,exact_symbol
TCF23,11135,exact_symbol
TCF24,48248,exact_symbol
TCF25,8055,exact_symbol
TCF3,1158,exact_symbol
TCF4,17207,exact_symbol
TCF7,1523,exact_symbol
TCF7L1,9523,exact_symbol
TCF7L2,9134,exact_symbol
TCFL5,2461,exact_symbol
TCIM,14192,exact_symbol
TCIRG1,3804,exact_symbol
TCN2,15989,exact_symbol
TCOF1,1134,exact_symbol
TCP1,5051,exact_symbol
TCP11,5567,exact_symbol
TCP11L1,14033,exact_symbol
TCP11L2,11753,exact_symbol
TCTA,8652,exact_symbol
TCTE1,8818,exact_symbol
TCTN1,20097,exact_symbol
TCTN2,12439,exact_symbol
TCTN3,4993,exact_symbol
TDG,7823,exact_symbol
TDO2,9463,exact_symbol
TDP1,581,exact_symbol
TDP2,3960,exact_symbol
TDRD1,2037,exact_symbol
TDRD12,13597,exact_symbol
TDRD3,1598,exact_symbol
TDRD5,10839,exact_symbol
TDRD6,14822,exact_symbol
TDRD7,17024,exact_symbol
TDRD9,9986,exact_symbol
TDRKH,15193,exact_symbol
TDRP,14835,exact_symbol
TEAD1,16426,exact_symbol
TEAD2,1255,exact_symbol
TEAD3,190,exact_symbol
TEAD4,17610,exact_symbol
TEC,7119,exact_symbol
TECPR1,20238,exact_symbol
TECPR2,17221,exact_symbol
TECR,2113,exact_symbol
TECRL,20319,exact_symbol
TECTA,3720,exact_symbol
TECTB,4978,exact_symbol
TEDC1,15993,exact_symbol
TEDC2,10679,exact_symbol
TEF,12017,exact_symbol
TEFM,13246,exact_symbol
TEK,5014,exact_symbol
TEKT1,12222,exact_symbol
TEKT2,1984,exact_symbol
TEKT3,5645,exact_symbol
TEKT5,9618,exact_symbol
TELO2,2376,exact_symbol
TENM1,234,exact_symbol
TENM2,8777,exact_symbol
TENM3,23825,exact_symbol
TENM4,9186,exact_symbol
TENT2,11332,exact_symbol
TENT4A,4123,exact_symbol
TENT4B,5147,exact_symbol
TENT5A,4107,exact_symbol
TENT5B,10200,exact_symbol
TENT5C,15522,exact_symbol
TENT5D,13641,exact_symbol
TEP1,6160,exact_symbol
TEPSIN,12073,exact_symbol
TERB1,39813,exact_symbol
TERB2,12012,exact_symbol
TERF1,9000,exact_symbol
TERF2,6623,exact_symbol
TERF2IP,11960,exact_symbol
TERT,11342,exact_symbol
TESK1,3390,exact_symbol
TESK2,1128,exact_symbol
TESMIN,6655,exact_symbol
TESPA1,7080,exact_symbol
TET1,7648,exact_symbol
TET2,12437,exact_symbol
TET3,16521,exact_symbol
TEX10,7371,exact_symbol
TEX101,6408,exact_symbol
TEX11,5057,exact_symbol
TEX12,9341,exact_symbol
TEX14,5139,exact_symbol
TEX2,7286,exact_symbol
TEX26,13945,exact_symbol
TEX261,8516,exact_symbol
TEX264,11239,exact_symbol
TEX28,57522,exact_symbol
TEX30,9386,exact_symbol
TEX36,13818,exact_symbol
TEX38,16191,exact_symbol
TEX47,11408,exact_symbol
TEX50,31423,exact_symbol
TEX52,-1,missing
TEX9,9427,exact_symbol
TF,1930,exact_symbol
TFAM,3488,exact_symbol
TFAP2A,7433,exact_symbol
TFAP2B,204,exact_symbol
TFAP2C,1751,exact_symbol
TFAP2D,205,exact_symbol
TFAP2E,4628,exact_symbol
TFAP4,1878,exact_symbol
TFB1M,479,exact_symbol
TFB2M,10851,exact_symbol
TFCP2,7091,exact_symbol
TFCP2L1,4364,exact_symbol
TFDP1,17707,exact_symbol
TFDP2,4259,exact_symbol
TFE3,1037,exact_symbol
TFEB,4078,exact_symbol
TFEC,3225,exact_symbol
TFF1,10438,exact_symbol
TFF2,10437,exact_symbol
TFF3,10436,exact_symbol
TFG,4277,exact_symbol
TFIP11,2193,exact_symbol
TFPI,40,exact_symbol
TFPI2,3199,exact_symbol
TFPT,3147,exact_symbol
TFR2,3286,exact_symbol
TFRC,1186,exact_symbol
TG,591,exact_symbol
TGDS,1777,exact_symbol
TGFA,10958,exact_symbol
TGFB1,3078,exact_symbol
TGFB1I1,8010,exact_symbol
TGFB2,1990,exact_symbol
TGFB3,4945,exact_symbol
TGFBI,5088,exact_symbol
TGFBR1,3363,exact_symbol
TGFBR2,11035,exact_symbol
TGFBR3,1081,exact_symbol
TGFBR3L,46915,exact_symbol
TGFBRAP1,7192,exact_symbol
TGIF1,14307,exact_symbol
TGIF2,4841,exact_symbol
TGM1,1968,exact_symbol
TGM2,18008,exact_symbol
TGM3,5711,exact_symbol
TGM4,11144,exact_symbol
TGM5,2869,exact_symbol
TGM6,11995,exact_symbol
TGM7,10365,exact_symbol
TGS1,7499,exact_symbol
TH,14830,exact_symbol
THADA,4510,exact_symbol
THAP1,6519,exact_symbol
THAP11,12331,exact_symbol
THAP12,7481,exact_symbol
THAP2,13529,exact_symbol
THAP3,579,exact_symbol
THAP4,14206,exact_symbol
THAP7,15760,exact_symbol
THBD,14554,exact_symbol
THBS1,7535,exact_symbol
THBS2,16253,exact_symbol
THBS3,12557,exact_symbol
THBS4,4162,exact_symbol
THEM4,10359,exact_symbol
THEM5,17131,exact_symbol
THEM6,6224,exact_symbol
THEMIS,13365,exact_symbol
THEMIS2,6344,exact_symbol
THG1L,4159,exact_symbol
THNSL1,16118,exact_symbol
THNSL2,8522,exact_symbol
THOC1,1449,exact_symbol
THOC3,694,exact_symbol
THOC5,2250,exact_symbol
THOC6,6478,exact_symbol
THOC7,11087,exact_symbol
THOP1,13213,exact_symbol
THPO,1884,exact_symbol
THRA,5815,exact_symbol
THRAP3,719,exact_symbol
THRB,9365,exact_symbol
THRSP,9399,exact_symbol
THSD1,7221,exact_symbol
THSD4,16553,exact_symbol
THSD7A,81,exact_symbol
THSD7B,8541,exact_symbol
THSD8,-1,missing
THTPA,46455,exact_symbol
THUMPD1,981,exact_symbol
THUMPD2,7596,exact_symbol
THUMPD3,6836,exact_symbol
THY1,9722,exact_symbol
THYN1,9420,exact_symbol
TIA1,4514,exact_symbol
TIAL1,9479,exact_symbol
TIAM1,9975,exact_symbol
TIAM2,8850,exact_symbol
TICAM1,5947,exact_symbol
TICRR,7991,exact_symbol
TIE1,958,exact_symbol
TIFA,8694,exact_symbol
TIFAB,44321,exact_symbol
TIGAR,1415,exact_symbol
TIGD2,14865,exact_symbol
TIGD3,13603,exact_symbol
TIGD4,12728,exact_symbol
TIGD5,14770,exact_symbol
TIGIT,15136,exact_symbol
TIMELESS,3910,exact_symbol
TIMM10,6965,exact_symbol
TIMM10B,6560,exact_symbol
TIMM13,2114,exact_symbol
TIMM17A,6899,exact_symbol
TIMM17B,5851,exact_symbol
TIMM21,1301,exact_symbol
TIMM22,14295,exact_symbol
TIMM29,8233,exact_symbol
TIMM44,3022,exact_symbol
TIMM50,3048,exact_symbol
TIMM8A,5881,exact_symbol
TIMM8B,9339,exact_symbol
TIMM9,2342,exact_symbol
TIMMDC1,4235,exact_symbol
TIMP1,2653,exact_symbol
TIMP2,524,exact_symbol
TIMP3,2229,exact_symbol
TIMP4,10072,exact_symbol
TINAG,7441,exact_symbol
TINAGL1,8295,exact_symbol
TINCR,25527,exact_symbol
TINF2,1969,exact_symbol
TIPARP,11096,exact_symbol
TIPIN,1287,exact_symbol
TIPRL,8325,exact_symbol
TIRAP,9302,exact_symbol
TJAP1,7439,exact_symbol
TJP1,2872,exact_symbol
TJP2,4876,exact_symbol
TJP3,3071,exact_symbol
TK1,12231,exact_symbol
TK2,11894,exact_symbol
TKFC,9213,exact_symbol
TKT,11184,exact_symbol
TKTL1,180,exact_symbol
TKTL2,9354,exact_symbol
TLCD1,10512,exact_symbol
TLCD2,16035,exact_symbol
TLCD3A,12172,stable_id
TLCD3B,9271,stable_id
TLCD4,9491,stable_id
TLCD5,15037,stable_id
TLDC2,2504,exact_symbol
TLE1,17255,exact_symbol
TLE2,944,exact_symbol
TLE3,7949,exact_symbol
TLE4,3369,exact_symbol
TLE5,3013,stable_id
TLE7,47453,exact_symbol
TLK1,17825,exact_symbol
TLK2,8899,exact_symbol
TLL1,548,exact_symbol
TLL2,2035,exact_symbol
TLN1,7407,exact_symbol
TLN2,13187,exact_symbol
TLNRD1,7964,exact_symbol
TLR1,13652,exact_symbol
TLR2,7474,exact_symbol
TLR3,11338,exact_symbol
TLR4,7361,exact_symbol
TLR5,16509,exact_symbol
TLR6,13653,exact_symbol
TLR7,17222,exact_symbol
TLR8,2591,exact_symbol
TLR9,36275,exact_symbol
TLX1,3451,exact_symbol
TLX2,4403,exact_symbol
TLX3,11361,exact_symbol
TM2D1,10777,exact_symbol
TM2D2,12613,exact_symbol
TM2D3,15720,exact_symbol
TM4SF1,12710,exact_symbol
TM4SF19,8662,exact_symbol
TM4SF20,12488,exact_symbol
TM4SF4,12707,exact_symbol
TM4SF5,8237,exact_symbol
TM6SF1,7276,exact_symbol
TM6SF2,22835,exact_symbol
TM7SF2,9266,exact_symbol
TM7SF3,871,exact_symbol
TM9SF1,2409,exact_symbol
TM9SF2,5628,exact_symbol
TM9SF3,1369,exact_symbol
TM9SF4,2503,exact_symbol
TMA16,17796,exact_symbol
TMA7,31422,exact_symbol
TMBIM1,7181,exact_symbol
TMBIM4,9925,exact_symbol
TMBIM6,7861,exact_symbol
TMC1,11524,exact_symbol
TMC2,9217,exact_symbol
TMC3,16861,exact_symbol
TMC4,12140,exact_symbol
TMC5,2834,exact_symbol
TMC6,8131,exact_symbol
TMC7,12857,exact_symbol
TMC8,12230,exact_symbol
TMCC1,13383,exact_symbol
TMCC2,6711,exact_symbol
TMCC3,776,exact_symbol
TMCO1,8335,exact_symbol
TMCO2,16840,exact_symbol
TMCO3,9300,exact_symbol
TMCO4,10760,exact_symbol
TMCO5A,11756,exact_symbol
TMCO6,4141,exact_symbol
TMED1,2078,exact_symbol
TMED10,12805,exact_symbol
TMED2,1701,exact_symbol
TMED3,11895,exact_symbol
TMED4,10247,exact_symbol
TMED5,4719,exact_symbol
TMED6,10090,exact_symbol
TMED7,6994,exact_symbol
TMED8,2345,exact_symbol
TMED9,15848,exact_symbol
TMEFF1,37086,exact_symbol
TMEFF2,8552,exact_symbol
TMEM100,11820,exact_symbol
TMEM101,1946,exact_symbol
TMEM102,15041,exact_symbol
TMEM104,3626,exact_symbol
TMEM106A,15886,exact_symbol
TMEM106B,3311,exact_symbol
TMEM106C,6879,exact_symbol
TMEM107,14614,exact_symbol
TMEM108,8638,exact_symbol
TMEM109,3750,exact_symbol
TMEM11,14485,exact_symbol
TMEM114,31522,exact_symbol
TMEM115,5787,exact_symbol
TMEM116,17733,exact_symbol
TMEM117,7781,exact_symbol
TMEM119,15442,exact_symbol
TMEM120A,16914,exact_symbol
TMEM120B,16821,exact_symbol
TMEM121,15885,exact_symbol
TMEM121B,15477,exact_symbol
TMEM123,9558,exact_symbol
TMEM125,14656,exact_symbol
TMEM126A,13014,exact_symbol
TMEM126B,13015,exact_symbol
TMEM127,7190,exact_symbol
TMEM128,6584,exact_symbol
TMEM129,12483,exact_symbol
TMEM130,11865,exact_symbol
TMEM131,1314,exact_symbol
TMEM131L,5143,exact_symbol
TMEM132A,124,exact_symbol
TMEM132B,7821,exact_symbol
TMEM132C,15034,exact_symbol
TMEM132D,9482,exact_symbol
TMEM132E,15042,exact_symbol
TMEM134,13362,exact_symbol
TMEM135,11900,exact_symbol
TMEM138,9215,exact_symbol
TMEM139,14575,exact_symbol
TMEM140,8898,exact_symbol
TMEM141,38131,exact_symbol
TMEM143,10617,exact_symbol
TMEM144,11265,exact_symbol
TMEM145,12147,exact_symbol
TMEM147,3166,exact_symbol
TMEM14A,2057,exact_symbol
TMEM14C,3966,exact_symbol
TMEM150A,12468,exact_symbol
TMEM150B,14811,exact_symbol
TMEM150C,39351,exact_symbol
TMEM151A,14672,exact_symbol
TMEM151B,14473,exact_symbol
TMEM154,12733,exact_symbol
TMEM158,39834,exact_symbol
TMEM160,6333,exact_symbol
TMEM161A,886,exact_symbol
TMEM161B,11285,exact_symbol
TMEM163,9500,exact_symbol
TMEM164,10125,exact_symbol
TMEM165,6973,exact_symbol
TMEM167A,13752,exact_symbol
TMEM168,8886,exact_symbol
TMEM169,11013,exact_symbol
TMEM17,16380,exact_symbol
TMEM170A,11950,exact_symbol
TMEM170B,20214,exact_symbol
TMEM171,10069,exact_symbol
TMEM174,11329,exact_symbol
TMEM175,5917,exact_symbol
TMEM176A,31,exact_symbol
TMEM176B,3328,exact_symbol
TMEM177,8525,exact_symbol
TMEM178A,9504,exact_symbol
TMEM178B,47740,exact_symbol
TMEM179,46062,exact_symbol
TMEM179B,16014,exact_symbol
TMEM18,9396,exact_symbol
TMEM181,8851,exact_symbol
TMEM182,12822,exact_symbol
TMEM183A,11012,exact_symbol
TMEM184A,11465,exact_symbol
TMEM184B,17909,exact_symbol
TMEM184C,11279,exact_symbol
TMEM185A,52307,exact_symbol
TMEM185B,27544,exact_symbol
TMEM186,15852,exact_symbol
TMEM19,7807,exact_symbol
TMEM190,10502,exact_symbol
TMEM192,12746,exact_symbol
TMEM198,16826,exact_symbol
TMEM200A,11370,exact_symbol
TMEM200B,42227,exact_symbol
TMEM200C,20462,exact_symbol
TMEM201,16843,exact_symbol
TMEM203,16550,exact_symbol
TMEM204,6476,exact_symbol
TMEM205,3126,exact_symbol
TMEM207,17765,exact_symbol
TMEM208,12423,exact_symbol
TMEM209,8894,exact_symbol
TMEM210,16114,exact_symbol
TMEM212,16250,exact_symbol
TMEM213,22894,exact_symbol
TMEM214,4961,exact_symbol
TMEM215,16669,exact_symbol
TMEM216,16421,exact_symbol
TMEM218,9301,exact_symbol
TMEM219,9275,exact_symbol
TMEM220,16587,exact_symbol
TMEM221,16650,exact_symbol
TMEM222,16295,exact_symbol
TMEM223,12399,exact_symbol
TMEM229A,32897,exact_symbol
TMEM229B,17693,exact_symbol
TMEM230,1814,exact_symbol
TMEM231,20174,exact_symbol
TMEM232,16396,exact_symbol
TMEM233,26513,exact_symbol
TMEM234,10419,exact_symbol
TMEM235,19868,exact_symbol
TMEM236,9105,exact_symbol
TMEM237,9903,exact_symbol
TMEM238,32385,exact_symbol
TMEM238L,48715,exact_symbol
TMEM239,17746,exact_symbol
TMEM240,20178,exact_symbol
TMEM241,6916,exact_symbol
TMEM242,23432,exact_symbol
TMEM243,7030,exact_symbol
TMEM245,3358,exact_symbol
TMEM247,-1,missing
TMEM248,3335,exact_symbol
TMEM249,48092,exact_symbol
TMEM25,9238,exact_symbol
TMEM252,15118,exact_symbol
TMEM253,31393,exact_symbol
TMEM254,6783,exact_symbol
TMEM255A,5635,exact_symbol
TMEM255B,15774,exact_symbol
TMEM256,20282,exact_symbol
TMEM258,6970,exact_symbol
TMEM259,15182,exact_symbol
TMEM26,17295,exact_symbol
TMEM260,1105,exact_symbol
TMEM262,16424,exact_symbol
TMEM263,9371,exact_symbol
TMEM266,12673,exact_symbol
TMEM267,9472,exact_symbol
TMEM268,10135,exact_symbol
TMEM270,13985,exact_symbol
TMEM273,19827,exact_symbol
TMEM30A,4096,exact_symbol
TMEM30B,15186,exact_symbol
TMEM33,3640,exact_symbol
TMEM35A,5879,exact_symbol
TMEM35B,37935,exact_symbol
TMEM37,13024,exact_symbol
TMEM38A,1213,exact_symbol
TMEM38B,2020,exact_symbol
TMEM39A,14032,exact_symbol
TMEM39B,5198,exact_symbol
TMEM40,1781,exact_symbol
TMEM41B,11871,exact_symbol
TMEM42,12723,exact_symbol
TMEM43,12929,exact_symbol
TMEM44,8649,exact_symbol
TMEM45B,9451,exact_symbol
TMEM47,8912,exact_symbol
TMEM50A,15586,exact_symbol
TMEM50B,8211,exact_symbol
TMEM51,13139,exact_symbol
TMEM52,14574,exact_symbol
TMEM52B,11666,exact_symbol
TMEM53,5792,exact_symbol
TMEM54,5211,exact_symbol
TMEM59,4549,exact_symbol
TMEM59L,3170,exact_symbol
TMEM60,7032,exact_symbol
TMEM62,7555,exact_symbol
TMEM63A,17051,exact_symbol
TMEM63B,7437,exact_symbol
TMEM63C,11630,exact_symbol
TMEM64,14923,exact_symbol
TMEM65,11504,exact_symbol
TMEM67,11496,exact_symbol
TMEM68,12232,exact_symbol
TMEM69,10374,exact_symbol
TMEM70,13937,exact_symbol
TMEM71,11519,exact_symbol
TMEM72,16574,exact_symbol
TMEM74,11460,exact_symbol
TMEM74B,5754,exact_symbol
TMEM79,11021,exact_symbol
TMEM80,14226,exact_symbol
TMEM81,13727,exact_symbol
TMEM82,10745,exact_symbol
TMEM86A,9369,exact_symbol
TMEM86B,14816,exact_symbol
TMEM87A,2863,exact_symbol
TMEM87B,9639,exact_symbol
TMEM88,12226,exact_symbol
TMEM88B,20185,exact_symbol
TMEM89,15498,exact_symbol
TMEM8B,7416,exact_symbol
TMEM9,4633,exact_symbol
TMEM91,8196,exact_symbol
TMEM94,14379,exact_symbol
TMEM95,15372,exact_symbol
TMEM97,3630,exact_symbol
TMEM98,118,exact_symbol
TMEM9B,13888,exact_symbol
TMF1,8616,exact_symbol
TMIE,15085,exact_symbol
TMIGD1,15231,exact_symbol
TMOD1,7352,exact_symbol
TMOD2,6079,exact_symbol
TMOD3,7687,exact_symbol
TMOD4,10939,exact_symbol
TMPPE,16677,exact_symbol
TMPRSS11A,16423,exact_symbol
TMPRSS11D,9685,exact_symbol
TMPRSS11E,1725,exact_symbol
TMPRSS11F,17679,exact_symbol
TMPRSS12,16278,exact_symbol
TMPRSS13,7526,exact_symbol
TMPRSS15,9795,exact_symbol
TMPRSS2,15658,exact_symbol
TMPRSS3,10439,exact_symbol
TMPRSS4,7505,exact_symbol
TMPRSS5,11917,exact_symbol
TMPRSS6,16419,exact_symbol
TMPRSS7,14010,exact_symbol
TMPRSS9,14483,exact_symbol
TMSB4Y,9790,exact_symbol
TMTC1,6784,exact_symbol
TMTC2,14636,exact_symbol
TMTC3,7812,exact_symbol
TMTC4,5622,exact_symbol
TMUB2,12403,exact_symbol
TMX1,7899,exact_symbol
TMX2,22626,exact_symbol
TMX3,11875,exact_symbol
TMX4,5728,exact_symbol
TNC,578,exact_symbol
TNF,31908,exact_symbol
TNFAIP1,3628,exact_symbol
TNFAIP2,15952,exact_symbol
TNFAIP3,4818,exact_symbol
TNFAIP6,5414,exact_symbol
TNFAIP8,8746,exact_symbol
TNFAIP8L1,15996,exact_symbol
TNFAIP8L2,10936,exact_symbol
TNFAIP8L3,15539,exact_symbol
TNFRSF11A,8158,exact_symbol
TNFRSF11B,11444,exact_symbol
TNFRSF12A,131,exact_symbol
TNFRSF17,641,exact_symbol
TNFRSF19,5957,exact_symbol
TNFRSF1A,1001,exact_symbol
TNFRSF1B,468,exact_symbol
TNFRSF21,8801,exact_symbol
TNFRSF25,23442,exact_symbol
TNFRSF4,16363,exact_symbol
TNFRSF9,659,exact_symbol
TNFSF10,5203,exact_symbol
TNFSF11,5073,exact_symbol
TNFSF12,36257,exact_symbol
TNFSF13,10662,exact_symbol
TNFSF13B,2679,exact_symbol
TNFSF14,5700,exact_symbol
TNFSF15,15095,exact_symbol
TNFSF18,5046,exact_symbol
TNFSF8,3375,exact_symbol
TNIK,9758,exact_symbol
TNIP1,8769,exact_symbol
TNIP2,12466,exact_symbol
TNK1,13679,exact_symbol
TNK2,834,exact_symbol
TNKS,13498,exact_symbol
TNKS1BP1,9170,exact_symbol
TNKS2,3459,exact_symbol
TNMD,1,exact_symbol
TNN,5043,exact_symbol
TNNC1,4335,exact_symbol
TNNC2,2542,exact_symbol
TNNI1,10310,exact_symbol
TNNI2,6299,exact_symbol
TNNI3,6196,exact_symbol
TNNI3K,4621,exact_symbol
TNNT1,3026,exact_symbol
TNNT2,4784,exact_symbol
TNNT3,6298,exact_symbol
TNP1,4790,exact_symbol
TNPO1,1592,exact_symbol
TNPO2,3137,exact_symbol
TNPO3,883,exact_symbol
TNR,4537,exact_symbol
TNRC6A,1901,exact_symbol
TNRC6B,2280,exact_symbol
TNRC6C,1434,exact_symbol
TNS1,1457,exact_symbol
TNS2,3845,exact_symbol
TNS3,7241,exact_symbol
TNS4,6492,exact_symbol
TNXB,12374,exact_symbol
TOB1,8079,exact_symbol
TOB2,15630,exact_symbol
TOE1,6658,exact_symbol
TOGARAM1,17870,exact_symbol
TOGARAM2,16981,exact_symbol
TOLLIP,1444,exact_symbol
TOM1,2244,exact_symbol
TOM1L1,8076,exact_symbol
TOM1L2,13944,exact_symbol
TOMM20,13587,exact_symbol
TOMM20L,17276,exact_symbol
TOMM22,2220,exact_symbol
TOMM34,449,exact_symbol
TOMM40,6228,exact_symbol
TOMM40L,10286,exact_symbol
TOMM6,23107,exact_symbol
TOMM7,17227,exact_symbol
TOMM70,9738,exact_symbol
TOMT,-1,missing
TONSL,10561,exact_symbol
TOP1,17976,exact_symbol
TOP1MT,15757,exact_symbol
TOP2A,6493,exact_symbol
TOP2B,1368,exact_symbol
TOP3A,14280,exact_symbol
TOP3B,2170,exact_symbol
TOPAZ1,13593,exact_symbol
TOPBP1,11132,exact_symbol
TOPORS,17504,exact_symbol
TOR1A,7346,exact_symbol
TOR1AIP1,8368,exact_symbol
TOR1AIP2,12708,exact_symbol
TOR1B,7342,exact_symbol
TOR2A,10492,exact_symbol
TOR3A,16237,exact_symbol
TOR4A,17686,exact_symbol
TOX,17944,exact_symbol
TOX2,5473,exact_symbol
TOX3,2819,exact_symbol
TOX4,1966,exact_symbol
TP53,8128,exact_symbol
TP53BP1,1009,exact_symbol
TP53BP2,8418,exact_symbol
TP53I11,13869,exact_symbol
TP53I13,12122,exact_symbol
TP53INP1,11490,exact_symbol
TP53INP2,1439,exact_symbol
TP63,1223,exact_symbol
TP73,1443,exact_symbol
TPBG,8822,exact_symbol
TPBGL,48097,exact_symbol
TPCN1,16360,exact_symbol
TPCN2,10710,exact_symbol
TPD52,1347,exact_symbol
TPD52L1,3981,exact_symbol
TPD52L2,2448,exact_symbol
TPGS1,8181,exact_symbol
TPGS2,6962,exact_symbol
TPH1,6111,exact_symbol
TPH2,7805,exact_symbol
TPI1,3925,exact_symbol
TPK1,17171,exact_symbol
TPM1,7965,exact_symbol
TPM2,17786,exact_symbol
TPM3,8426,exact_symbol
TPM4,12101,exact_symbol
TPMT,7461,exact_symbol
TPO,4474,exact_symbol
TPP1,11831,exact_symbol
TPP2,6984,exact_symbol
TPPP,13047,exact_symbol
TPPP2,14735,exact_symbol
TPPP3,10386,exact_symbol
TPR,620,exact_symbol
TPRA1,11162,exact_symbol
TPRKB,8512,exact_symbol
TPRN,14016,exact_symbol
TPSG1,4542,exact_symbol
TPST1,12706,exact_symbol
TPST2,6009,exact_symbol
TPX2,1770,exact_symbol
TRA2A,11385,exact_symbol
TRA2B,7297,exact_symbol
TRABD,12884,exact_symbol
TRABD2B,52166,exact_symbol
TRADD,2712,exact_symbol
TRAF1,762,exact_symbol
TRAF2,5895,exact_symbol
TRAF3,6431,exact_symbol
TRAF3IP1,19808,exact_symbol
TRAF3IP2,765,exact_symbol
TRAF3IP3,239,exact_symbol
TRAF4,1349,exact_symbol
TRAF5,1571,exact_symbol
TRAF6,13833,exact_symbol
TRAF7,6479,exact_symbol
TRAFD1,7027,exact_symbol
TRAIP,15598,exact_symbol
TRAK1,15309,exact_symbol
TRAK2,4512,exact_symbol
TRAM1,999,exact_symbol
TRAM1L1,13737,exact_symbol
TRAM2,919,exact_symbol
TRANK1,12268,exact_symbol
TRAP1,5838,exact_symbol
TRAPPC1,12739,exact_symbol
TRAPPC10,10457,exact_symbol
TRAPPC11,12392,exact_symbol
TRAPPC12,13171,exact_symbol
TRAPPC13,4205,exact_symbol
TRAPPC14,8888,stable_id
TRAPPC2,17153,exact_symbol
TRAPPC2L,12112,exact_symbol
TRAPPC3,718,exact_symbol
TRAPPC3L,13567,exact_symbol
TRAPPC4,17216,exact_symbol
TRAPPC5,15001,exact_symbol
TRAPPC6A,174,exact_symbol
TRAPPC6B,15264,exact_symbol
TRAPPC8,9655,exact_symbol
TRAPPC9,12149,exact_symbol
TRARG1,15843,exact_symbol
TRAT1,11040,exact_symbol
TRDMT1,3432,exact_symbol
TRDN,16272,exact_symbol
TREH,4775,exact_symbol
TREM2,2049,exact_symbol
TREML1,10653,exact_symbol
TREML2,4018,exact_symbol
TRERF1,5536,exact_symbol
TREX1,22675,exact_symbol
TREX2,15516,exact_symbol
TRH,12935,exact_symbol
TRHDE,1198,exact_symbol
TRHR,13700,exact_symbol
TRIAP1,12924,exact_symbol
TRIB1,13507,exact_symbol
TRIB2,1159,exact_symbol
TRIB3,2482,exact_symbol
TRIL,44269,exact_symbol
TRIM10,20008,exact_symbol
TRIM11,9766,exact_symbol
TRIM13,20146,exact_symbol
TRIM14,3361,exact_symbol
TRIM16,24742,exact_symbol
TRIM17,10875,exact_symbol
TRIM2,3685,exact_symbol
TRIM21,6540,exact_symbol
TRIM23,4204,exact_symbol
TRIM24,5311,exact_symbol
TRIM25,5132,exact_symbol
TRIM26,32825,exact_symbol
TRIM27,20063,exact_symbol
TRIM28,6328,exact_symbol
TRIM29,7514,exact_symbol
TRIM3,3753,exact_symbol
TRIM32,4897,exact_symbol
TRIM33,17423,exact_symbol
TRIM35,2890,exact_symbol
TRIM36,9553,exact_symbol
TRIM37,3521,exact_symbol
TRIM38,4055,exact_symbol
TRIM39,20002,exact_symbol
TRIM40,20009,exact_symbol
TRIM41,8797,exact_symbol
TRIM42,9918,exact_symbol
TRIM44,11827,exact_symbol
TRIM45,6868,exact_symbol
TRIM46,11015,exact_symbol
TRIM47,6602,exact_symbol
TRIM50,8883,exact_symbol
TRIM54,7612,exact_symbol
TRIM55,8994,exact_symbol
TRIM56,12696,exact_symbol
TRIM58,10814,exact_symbol
TRIM59,22414,exact_symbol
TRIM6,5145,exact_symbol
TRIM60,14215,exact_symbol
TRIM61,15507,exact_symbol
TRIM62,4577,exact_symbol
TRIM63,10173,exact_symbol
TRIM65,8144,exact_symbol
TRIM66,11860,exact_symbol
TRIM67,4884,exact_symbol
TRIM68,12080,exact_symbol
TRIM69,16119,exact_symbol
TRIM7,8796,exact_symbol
TRIM71,20476,exact_symbol
TRIM72,14268,exact_symbol
TRIM8,13016,exact_symbol
TRIM9,2328,exact_symbol
TRIML1,15675,exact_symbol
TRIML2,14619,exact_symbol
TRIO,550,exact_symbol
TRIOBP,2192,exact_symbol
TRIP10,5698,exact_symbol
TRIP11,2390,exact_symbol
TRIP12,9691,exact_symbol
TRIP13,1156,exact_symbol
TRIP4,2847,exact_symbol
TRIP6,1717,exact_symbol
TRIQK,20188,exact_symbol
TRIR,5351,exact_symbol
TRIT1,598,exact_symbol
TRMO,7381,exact_symbol
TRMT1,3001,exact_symbol
TRMT10A,8685,exact_symbol
TRMT10B,11572,exact_symbol
TRMT10C,13662,exact_symbol
TRMT11,980,exact_symbol
TRMT112,13457,exact_symbol
TRMT12,15567,exact_symbol
TRMT13,5265,exact_symbol
TRMT1L,5172,exact_symbol
TRMT2A,2131,exact_symbol
TRMT2B,16873,exact_symbol
TRMT44,9861,exact_symbol
TRMT5,5861,exact_symbol
TRMT6,1827,exact_symbol
TRMT61A,11784,exact_symbol
TRMT9B,40035,exact_symbol
TRMU,2302,exact_symbol
TRNAU1AP,14819,exact_symbol
TRNP1,42283,exact_symbol
TRNT1,1202,exact_symbol
TROAP,7088,exact_symbol
TRPA1,2899,exact_symbol
TRPC1,8644,exact_symbol
TRPC3,7725,exact_symbol
TRPC4,6718,exact_symbol
TRPC4AP,2420,exact_symbol
TRPC5,1188,exact_symbol
TRPC5OS,19788,exact_symbol
TRPC6,7507,exact_symbol
TRPC7,1063,exact_symbol
TRPM1,6847,exact_symbol
TRPM2,8209,exact_symbol
TRPM3,1583,exact_symbol
TRPM4,6285,exact_symbol
TRPM5,1141,exact_symbol
TRPM6,4873,exact_symbol
TRPM7,1973,exact_symbol
TRPM8,8573,exact_symbol
TRPS1,2925,exact_symbol
TRPT1,9259,exact_symbol
TRPV1,17229,exact_symbol
TRPV2,16544,exact_symbol
TRPV3,12183,exact_symbol
TRPV4,3854,exact_symbol
TRPV5,5914,exact_symbol
TRPV6,11536,exact_symbol
TRRAP,17113,exact_symbol
TRUB1,11703,exact_symbol
TRUB2,12033,exact_symbol
TSACC,11019,exact_symbol
TSC1,11672,exact_symbol
TSC2,2777,exact_symbol
TSC22D1,2706,exact_symbol
TSC22D2,17142,exact_symbol
TSC22D3,10115,exact_symbol
TSEN15,17953,exact_symbol
TSEN2,9806,exact_symbol
TSEN34,12934,exact_symbol
TSEN54,15204,exact_symbol
TSFM,5367,exact_symbol
TSG101,1259,exact_symbol
TSGA10,7188,exact_symbol
TSGA10IP,13914,exact_symbol
TSGA13,22460,exact_symbol
TSHB,6853,exact_symbol
TSHR,11595,exact_symbol
TSHZ1,14797,exact_symbol
TSHZ2,15271,exact_symbol
TSHZ3,5150,exact_symbol
TSKS,5827,exact_symbol
TSKU,15330,exact_symbol
TSN,21592,exact_symbol
TSNAX,4643,exact_symbol
TSNAXIP1,2724,exact_symbol
TSPAN1,4713,exact_symbol
TSPAN10,15310,exact_symbol
TSPAN11,3825,exact_symbol
TSPAN12,3245,exact_symbol
TSPAN13,3321,exact_symbol
TSPAN14,3498,exact_symbol
TSPAN15,2086,exact_symbol
TSPAN17,636,exact_symbol
TSPAN18,10122,exact_symbol
TSPAN2,6852,exact_symbol
TSPAN3,7958,exact_symbol
TSPAN31,7089,exact_symbol
TSPAN32,874,exact_symbol
TSPAN33,10221,exact_symbol
TSPAN4,22867,exact_symbol
TSPAN5,12442,exact_symbol
TSPAN6,0,exact_symbol
TSPAN7,9974,exact_symbol
TSPAN8,5903,exact_symbol
TSPAN9,280,exact_symbol
TSPEAR,13989,exact_symbol
TSPO,2254,exact_symbol
TSPO2,4022,exact_symbol
TSPOAP1,93,exact_symbol
TSPYL1,16956,exact_symbol
TSPYL2,15699,exact_symbol
TSPYL4,16456,exact_symbol
TSPYL5,14902,exact_symbol
TSR1,12182,exact_symbol
TSR2,10238,exact_symbol
TSR3,187,exact_symbol
TSSC4,15721,exact_symbol
TSSK1B,21974,exact_symbol
TSSK2,20449,exact_symbol
TSSK3,10759,exact_symbol
TSSK4,7895,exact_symbol
TSSK6,14443,exact_symbol
TST,6013,exact_symbol
TSTD1,23462,exact_symbol
TSTD2,7376,exact_symbol
TTBK1,8817,exact_symbol
TTBK2,6080,exact_symbol
TTC1,4166,exact_symbol
TTC12,9193,exact_symbol
TTC13,8449,exact_symbol
TTC14,11118,exact_symbol
TTC17,703,exact_symbol
TTC19,290,exact_symbol
TTC21A,12269,exact_symbol
TTC21B,5412,exact_symbol
TTC22,140,exact_symbol
TTC23,2856,exact_symbol
TTC23L,20359,exact_symbol
TTC27,384,exact_symbol
TTC28,2206,exact_symbol
TTC29,7476,exact_symbol
TTC3,15323,exact_symbol
TTC32,15636,exact_symbol
TTC33,4209,exact_symbol
TTC34,23488,exact_symbol
TTC36,13316,exact_symbol
TTC38,1294,exact_symbol
TTC39A,1672,exact_symbol
TTC39B,9852,exact_symbol
TTC39C,12314,exact_symbol
TTC4,37927,exact_symbol
TTC5,7267,exact_symbol
TTC6,7890,exact_symbol
TTC7A,1049,exact_symbol
TTC7B,11719,exact_symbol
TTC8,11629,exact_symbol
TTC9,6818,exact_symbol
TTC9B,13725,exact_symbol
TTC9C,10699,exact_symbol
TTF2,4630,exact_symbol
TTI1,2519,exact_symbol
TTI2,6174,exact_symbol
TTK,4102,exact_symbol
TTL,4351,exact_symbol
TTLL1,2240,exact_symbol
TTLL10,10765,exact_symbol
TTLL11,13962,exact_symbol
TTLL12,2256,exact_symbol
TTLL13,22570,stable_id
TTLL2,5052,exact_symbol
TTLL3,22847,exact_symbol
TTLL4,7173,exact_symbol
TTLL6,12894,exact_symbol
TTLL7,7570,exact_symbol
TTLL8,7759,exact_symbol
TTLL9,6390,exact_symbol
TTN,9893,exact_symbol
TTPA,7495,exact_symbol
TTPAL,5457,exact_symbol
TTR,4795,exact_symbol
TTYH1,12143,exact_symbol
TTYH2,8134,exact_symbol
TTYH3,7263,exact_symbol
TUB,11850,exact_symbol
TUBA1A,12126,exact_symbol
TUBA1B,5386,exact_symbol
TUBA1C,12127,exact_symbol
TUBA3C,17656,exact_symbol
TUBA4A,5953,exact_symbol
TUBA8,15608,exact_symbol
TUBAL3,14511,exact_symbol
TUBB,17066,exact_symbol
TUBB1,2453,exact_symbol
TUBB2A,7446,exact_symbol
TUBB2B,7452,exact_symbol
TUBB3,46027,exact_symbol
TUBB4A,2974,exact_symbol
TUBB4B,16692,exact_symbol
TUBB6,14004,exact_symbol
TUBD1,3525,exact_symbol
TUBE1,1280,exact_symbol
TUBG1,6453,exact_symbol
TUBG2,535,exact_symbol
TUBGCP2,6304,exact_symbol
TUBGCP3,5796,exact_symbol
TUBGCP4,7549,exact_symbol
TUBGCP5,56090,exact_symbol
TUBGCP6,5987,exact_symbol
TUFM,14596,exact_symbol
TUFT1,8376,exact_symbol
TUG1,42269,exact_symbol
TULP1,3993,exact_symbol
TULP2,2963,exact_symbol
TULP3,1416,exact_symbol
TULP4,6253,exact_symbol
TUNAR,40087,exact_symbol
TUSC1,17854,exact_symbol
TUSC2,4280,exact_symbol
TUSC3,2952,exact_symbol
TUT1,9160,exact_symbol
TUT4,6951,exact_symbol
TUT7,1589,exact_symbol
TVP23A,11915,exact_symbol
TWF1,9382,exact_symbol
TWF2,38577,exact_symbol
TWIST1,5296,exact_symbol
TWIST2,32467,exact_symbol
TWNK,3452,exact_symbol
TWSG1,6073,exact_symbol
TXK,1282,exact_symbol
TXLNA,1633,exact_symbol
TXLNB,11362,exact_symbol
TXLNG,1705,exact_symbol
TXN,7339,exact_symbol
TXN2,2276,exact_symbol
TXNDC11,9620,exact_symbol
TXNDC12,4762,exact_symbol
TXNDC15,4208,exact_symbol
TXNDC16,1740,exact_symbol
TXNDC17,6123,exact_symbol
TXNDC5,36077,exact_symbol
TXNDC8,19841,exact_symbol
TXNDC9,4440,exact_symbol
TXNIP,50400,exact_symbol
TXNL1,1920,exact_symbol
TXNL4A,8174,exact_symbol
TXNL4B,8023,exact_symbol
TXNRD1,17775,exact_symbol
TXNRD2,15767,exact_symbol
TXNRD3,17561,exact_symbol
TYK2,3098,exact_symbol
TYMP,447,exact_symbol
TYMS,14184,exact_symbol
TYR,1388,exact_symbol
TYRO3,1974,exact_symbol
TYROBP,306,exact_symbol
TYRP1,3394,exact_symbol
TYSND1,10004,exact_symbol
TYW3,10785,exact_symbol
TYW5,10883,exact_symbol
U2AF1,10448,exact_symbol
U2AF1L4,10599,exact_symbol
U2AF2,857,exact_symbol
U2SURP,11116,exact_symbol
UACA,7552,exact_symbol
UAP1,4673,exact_symbol
UAP1L1,17431,exact_symbol
UBA1,6376,exact_symbol
UBA2,5809,exact_symbol
UBA3,8614,exact_symbol
UBA5,1534,exact_symbol
UBA52,24766,exact_symbol
UBA6,502,exact_symbol
UBA7,15207,exact_symbol
UBAC1,6292,exact_symbol
UBAC2,6980,exact_symbol
UBALD1,9662,exact_symbol
UBALD2,15966,exact_symbol
UBAP1,11507,exact_symbol
UBAP1L,38534,exact_symbol
UBAP2,7404,exact_symbol
UBAP2L,8431,exact_symbol
UBASH3A,10440,exact_symbol
UBASH3B,9729,exact_symbol
UBB,12798,exact_symbol
UBC,9352,exact_symbol
UBD,22775,exact_symbol
UBE2A,1396,exact_symbol
UBE2B,4872,exact_symbol
UBE2C,13824,exact_symbol
UBE2D1,1190,exact_symbol
UBE2D2,6468,exact_symbol
UBE2D3,3660,exact_symbol
UBE2E1,12755,exact_symbol
UBE2E2,15223,exact_symbol
UBE2E3,12737,exact_symbol
UBE2F,15694,exact_symbol
UBE2G1,6581,exact_symbol
UBE2G2,15837,exact_symbol
UBE2H,16316,exact_symbol
UBE2I,2796,exact_symbol
UBE2J1,17933,exact_symbol
UBE2J2,10424,exact_symbol
UBE2K,1412,exact_symbol
UBE2L6,10010,exact_symbol
UBE2M,6327,exact_symbol
UBE2N,14407,exact_symbol
UBE2O,13995,exact_symbol
UBE2Q1,10526,exact_symbol
UBE2Q2,7952,exact_symbol
UBE2QL1,23293,exact_symbol
UBE2R2,3412,exact_symbol
UBE2T,1371,exact_symbol
UBE2V1,38349,exact_symbol
UBE2V2,12532,exact_symbol
UBE2W,2906,exact_symbol
UBE2Z,10319,exact_symbol
UBE3A,4251,exact_symbol
UBE3B,9373,exact_symbol
UBE3C,232,exact_symbol
UBE4A,3770,exact_symbol
UBE4B,6367,exact_symbol
UBFD1,2806,exact_symbol
UBIAD1,5120,exact_symbol
UBL3,5230,exact_symbol
UBL4A,2640,exact_symbol
UBL4B,16201,exact_symbol
UBL5,17730,exact_symbol
UBL7,7698,exact_symbol
UBLCP1,11335,exact_symbol
UBN1,4854,exact_symbol
UBN2,10138,exact_symbol
UBOX5,15899,exact_symbol
UBP1,9671,exact_symbol
UBQLN1,7000,exact_symbol
UBQLN2,16640,exact_symbol
UBQLN3,13917,exact_symbol
UBQLN4,10542,exact_symbol
UBR1,10362,exact_symbol
UBR2,438,exact_symbol
UBR3,8555,exact_symbol
UBR4,5923,exact_symbol
UBR5,2931,exact_symbol
UBR7,322,exact_symbol
UBTD1,11711,exact_symbol
UBTD2,12317,exact_symbol
UBTF,3509,exact_symbol
UBTFL1,43707,exact_symbol
UBXN1,10697,exact_symbol
UBXN10,10761,exact_symbol
UBXN11,10178,exact_symbol
UBXN2A,13630,exact_symbol
UBXN2B,23254,exact_symbol
UBXN4,8538,exact_symbol
UBXN6,12166,exact_symbol
UBXN7,11197,exact_symbol
UBXN8,2948,exact_symbol
UCHL1,9755,exact_symbol
UCHL5,4615,exact_symbol
UCK1,6323,exact_symbol
UCK2,8334,exact_symbol
UCKL1,17735,exact_symbol
UCMA,11645,exact_symbol
UCN,11137,exact_symbol
UCN2,8654,exact_symbol
UCN3,14514,exact_symbol
UCP1,3664,exact_symbol
UCP2,13926,exact_symbol
UCP3,13925,exact_symbol
UEVLD,9368,exact_symbol
UFC1,8346,exact_symbol
UFD1,1092,exact_symbol
UFL1,345,exact_symbol
UFM1,5079,exact_symbol
UFSP1,14029,exact_symbol
UFSP2,3702,exact_symbol
UGCG,9054,exact_symbol
UGDH,3707,exact_symbol
UGGT1,7329,exact_symbol
UGGT2,2688,exact_symbol
UGP2,12677,exact_symbol
UGT1A1,37057,exact_symbol
UGT2A1,13562,exact_symbol
UGT2A2,53281,exact_symbol
UGT8,13740,exact_symbol
UHMK1,9527,exact_symbol
UHRF1,56221,exact_symbol
UHRF2,9028,exact_symbol
UIMC1,1729,exact_symbol
ULK1,14251,exact_symbol
ULK2,1590,exact_symbol
ULK3,7976,exact_symbol
ULK4,12273,exact_symbol
UMAD1,23981,exact_symbol
UMOD,12585,exact_symbol
UMODL1,14299,exact_symbol
UMPS,4294,exact_symbol
UNC119,3634,exact_symbol
UNC119B,13999,exact_symbol
UNC13A,6273,exact_symbol
UNC13B,17874,exact_symbol
UNC13C,7531,exact_symbol
UNC13D,1987,exact_symbol
UNC45A,7996,exact_symbol
UNC45B,8073,exact_symbol
UNC50,4428,exact_symbol
UNC5A,4228,exact_symbol
UNC5B,3440,exact_symbol
UNC5C,15202,exact_symbol
UNC5CL,5556,exact_symbol
UNC5D,10018,exact_symbol
UNC79,6813,exact_symbol
UNC80,8562,exact_symbol
UNC93B1,3736,exact_symbol
UNCX,11464,exact_symbol
UNG,1339,exact_symbol
UNK,6601,exact_symbol
UNKL,796,exact_symbol
UPB1,2161,exact_symbol
UPF1,73,exact_symbol
UPF2,9410,exact_symbol
UPF3A,12513,exact_symbol
UPF3B,5632,exact_symbol
UPK1A,3160,exact_symbol
UPK1B,4305,exact_symbol
UPK2,3772,exact_symbol
UPK3A,2288,exact_symbol
UPK3B,37861,exact_symbol
UPP1,15578,exact_symbol
UPP2,162,exact_symbol
UPRT,2007,exact_symbol
UQCC1,2427,exact_symbol
UQCC2,7453,exact_symbol
UQCC3,20120,exact_symbol
UQCR10,15670,exact_symbol
UQCR11,5934,exact_symbol
UQCRC1,250,exact_symbol
UQCRC2,8015,exact_symbol
UQCRQ,11354,exact_symbol
URB1,8214,exact_symbol
URB2,7148,exact_symbol
URGCP,3334,exact_symbol
URI1,3044,exact_symbol
URM1,12037,exact_symbol
UROC1,10379,exact_symbol
UROD,5790,exact_symbol
UROS,16808,exact_symbol
USB1,2741,exact_symbol
USE1,711,exact_symbol
USF1,10266,exact_symbol
USF2,3172,exact_symbol
USF3,14115,exact_symbol
USH1C,144,exact_symbol
USH1G,15173,exact_symbol
USH2A,589,exact_symbol
USHBP1,6247,exact_symbol
USO1,7736,exact_symbol
USP1,10778,exact_symbol
USP10,2775,exact_symbol
USP11,2647,exact_symbol
USP12,9550,exact_symbol
USP13,779,exact_symbol
USP14,2550,exact_symbol
USP15,7130,exact_symbol
USP16,9967,exact_symbol
USP18,15881,exact_symbol
USP19,13220,exact_symbol
USP2,533,exact_symbol
USP20,7367,exact_symbol
USP21,8354,exact_symbol
USP22,5522,exact_symbol
USP24,10728,exact_symbol
USP25,9865,exact_symbol
USP27X,54805,exact_symbol
USP28,634,exact_symbol
USP3,7969,exact_symbol
USP30,7015,exact_symbol
USP31,2813,exact_symbol
USP33,1376,exact_symbol
USP34,4432,exact_symbol
USP35,4803,exact_symbol
USP36,749,exact_symbol
USP37,7174,exact_symbol
USP38,12768,exact_symbol
USP39,12465,exact_symbol
USP4,4272,exact_symbol
USP40,1678,exact_symbol
USP42,3294,exact_symbol
USP43,9824,exact_symbol
USP44,7203,exact_symbol
USP45,5399,exact_symbol
USP46,3648,exact_symbol
USP47,12777,exact_symbol
USP48,1895,exact_symbol
USP49,11414,exact_symbol
USP5,3924,exact_symbol
USP50,12776,exact_symbol
USP51,38588,exact_symbol
USP53,8699,exact_symbol
USP54,11836,exact_symbol
USP6NL,9098,exact_symbol
USP7,16510,exact_symbol
USP8,7685,exact_symbol
USP9X,5532,exact_symbol
USP9Y,4278,exact_symbol
USPL1,6688,exact_symbol
UST,3986,exact_symbol
UTP11,15525,exact_symbol
UTP15,11337,exact_symbol
UTP18,288,exact_symbol
UTP20,5099,exact_symbol
UTP23,9014,exact_symbol
UTP25,4736,exact_symbol
UTP3,6597,exact_symbol
UTP4,8066,exact_symbol
UTP6,3566,exact_symbol
UTRN,9591,exact_symbol
UVRAG,17761,exact_symbol
UVSSA,11190,exact_symbol
UXS1,4466,exact_symbol
UXT,5848,exact_symbol
VAC14,2750,exact_symbol
VAMP1,7787,exact_symbol
VAMP2,24062,exact_symbol
VAMP3,656,exact_symbol
VAMP4,4727,exact_symbol
VAMP5,12470,exact_symbol
VAMP8,4834,exact_symbol
VANGL1,13481,exact_symbol
VANGL2,10823,exact_symbol
VAPA,2551,exact_symbol
VAPB,5468,exact_symbol
VARS2,7466,exact_symbol
VASH1,1152,exact_symbol
VASH2,8412,exact_symbol
VASN,12301,exact_symbol
VASP,5706,exact_symbol
VAT1,3595,exact_symbol
VAT1L,13138,exact_symbol
VAV1,8187,exact_symbol
VAV2,10471,exact_symbol
VAV3,6857,exact_symbol
VAX1,9129,exact_symbol
VAX2,4522,exact_symbol
VBP1,9926,exact_symbol
VCAM1,10805,exact_symbol
VCAN,551,exact_symbol
VCL,518,exact_symbol
VCP,11573,exact_symbol
VCPIP1,13827,exact_symbol
VCPKMT,2323,exact_symbol
VDAC1,22621,exact_symbol
VDAC2,11651,exact_symbol
VDAC3,1432,exact_symbol
VDR,3896,exact_symbol
VEGFA,4100,exact_symbol
VEGFB,13540,exact_symbol
VEGFC,9319,exact_symbol
VEGFD,11556,exact_symbol
VEPH1,17451,exact_symbol
VEZF1,7283,exact_symbol
VEZT,469,exact_symbol
VGF,6036,exact_symbol
VGLL2,12762,exact_symbol
VGLL3,20473,exact_symbol
VGLL4,8582,exact_symbol
VHL,6837,exact_symbol
VIL1,5954,exact_symbol
VILL,7212,exact_symbol
VIM,452,exact_symbol
VIP,8855,exact_symbol
VIPAS39,9408,exact_symbol
VIPR1,4331,exact_symbol
VIPR2,3244,exact_symbol
VIRMA,11492,exact_symbol
VIT,20205,exact_symbol
VKORC1,12095,exact_symbol
VKORC1L1,17237,exact_symbol
VLDLR,9026,exact_symbol
VMA21,10431,exact_symbol
VMAC,16534,exact_symbol
VMO1,15361,exact_symbol
VMP1,846,exact_symbol
VNN1,4041,exact_symbol
VOPP1,9832,exact_symbol
VPREB3,5992,exact_symbol
VPS11,10522,exact_symbol
VPS13A,17632,exact_symbol
VPS13B,6613,exact_symbol
VPS13C,6094,exact_symbol
VPS13D,647,exact_symbol
VPS16,23326,exact_symbol
VPS18,2880,exact_symbol
VPS25,6459,exact_symbol
VPS26A,5329,exact_symbol
VPS26B,9421,exact_symbol
VPS26C,10116,exact_symbol
VPS28,10560,exact_symbol
VPS29,3862,exact_symbol
VPS33A,7874,exact_symbol
VPS33B,15666,exact_symbol
VPS35,1070,exact_symbol
VPS35L,2836,exact_symbol
VPS36,7216,exact_symbol
VPS37A,9932,exact_symbol
VPS37B,7875,exact_symbol
VPS37C,12256,exact_symbol
VPS37D,14097,exact_symbol
VPS39,11972,exact_symbol
VPS41,153,exact_symbol
VPS45,7310,exact_symbol
VPS4A,6624,exact_symbol
VPS4B,4917,exact_symbol
VPS50,56,exact_symbol
VPS51,9267,exact_symbol
VPS52,25472,exact_symbol
VPS53,8080,exact_symbol
VPS54,8498,exact_symbol
VPS72,10940,exact_symbol
VPS8,10043,exact_symbol
VPS9D1,1305,exact_symbol
VRK1,2380,exact_symbol
VRK2,467,exact_symbol
VRK3,3027,exact_symbol
VRTN,6816,exact_symbol
VSIG1,2574,exact_symbol
VSIG10,14171,exact_symbol
VSIG10L,16356,exact_symbol
VSIG2,386,exact_symbol
VSIG8,37738,exact_symbol
VSIR,3442,exact_symbol
VSNL1,10905,exact_symbol
VSTM2A,12823,exact_symbol
VSTM2B,16441,exact_symbol
VSTM2L,6665,exact_symbol
VSTM4,11650,exact_symbol
VSTM5,22999,exact_symbol
VSX1,2419,exact_symbol
VSX2,4924,exact_symbol
VTA1,241,exact_symbol
VTCN1,6871,exact_symbol
VTI1A,9423,exact_symbol
VTI1B,2341,exact_symbol
VTN,3627,exact_symbol
VWA1,14692,exact_symbol
VWA2,11699,exact_symbol
VWA3A,13868,exact_symbol
VWA3B,12415,exact_symbol
VWA5B1,10275,exact_symbol
VWA5B2,8668,exact_symbol
VWA7,19919,exact_symbol
VWA8,2699,exact_symbol
VWC2,16819,exact_symbol
VWC2L,13710,exact_symbol
VWCE,12257,exact_symbol
VWF,3811,exact_symbol
VXN,12520,exact_symbol
WAC,2043,exact_symbol
WAPL,845,exact_symbol
WARS2,4636,exact_symbol
WAS,357,exact_symbol
WASF1,4037,exact_symbol
WASF2,10196,exact_symbol
WASF3,6695,exact_symbol
WASHC3,5106,exact_symbol
WASHC4,7210,exact_symbol
WASHC5,11497,exact_symbol
WASL,3282,exact_symbol
WBP1,36287,exact_symbol
WBP1L,11816,exact_symbol
WBP2,6599,exact_symbol
WBP2NL,15418,exact_symbol
WBP4,5080,exact_symbol
WDCP,10903,exact_symbol
WDFY1,1657,exact_symbol
WDFY2,7866,exact_symbol
WDFY3,11080,exact_symbol
WDFY4,6075,exact_symbol
WDHD1,17813,exact_symbol
WDPCP,8497,exact_symbol
WDR1,1146,exact_symbol
WDR11,4996,exact_symbol
WDR12,7673,exact_symbol
WDR13,2595,exact_symbol
WDR17,9317,exact_symbol
WDR18,918,exact_symbol
WDR19,10144,exact_symbol
WDR24,5939,exact_symbol
WDR25,14104,exact_symbol
WDR26,10870,exact_symbol
WDR27,15766,exact_symbol
WDR3,916,exact_symbol
WDR31,9065,exact_symbol
WDR33,7323,exact_symbol
WDR35,4861,exact_symbol
WDR36,6997,exact_symbol
WDR37,613,exact_symbol
WDR38,7375,exact_symbol
WDR4,10444,exact_symbol
WDR41,11305,exact_symbol
WDR43,11145,exact_symbol
WDR44,6487,exact_symbol
WDR45,17317,exact_symbol
WDR45B,8150,exact_symbol
WDR46,27956,exact_symbol
WDR47,1656,exact_symbol
WDR48,4318,exact_symbol
WDR49,13765,exact_symbol
WDR5,17109,exact_symbol
WDR53,16095,exact_symbol
WDR54,97,exact_symbol
WDR55,5036,exact_symbol
WDR59,2760,exact_symbol
WDR5B,17314,exact_symbol
WDR6,14478,exact_symbol
WDR62,1320,exact_symbol
WDR64,10849,exact_symbol
WDR7,1919,exact_symbol
WDR70,1554,exact_symbol
WDR72,11855,exact_symbol
WDR73,14233,exact_symbol
WDR74,6749,exact_symbol
WDR75,4418,exact_symbol
WDR76,1975,exact_symbol
WDR77,4569,exact_symbol
WDR81,12180,exact_symbol
WDR82,11245,exact_symbol
WDR83,5353,exact_symbol
WDR83OS,3138,exact_symbol
WDR86,16471,exact_symbol
WDR89,7911,exact_symbol
WDR90,10671,exact_symbol
WDR91,3210,exact_symbol
WDR93,7990,exact_symbol
WDSUB1,17036,exact_symbol
WDTC1,8285,exact_symbol
WEE1,11877,exact_symbol
WEE2,22883,exact_symbol
WFDC1,2772,exact_symbol
WFDC5,13838,exact_symbol
WFDC9,14837,exact_symbol
WFIKKN1,5938,exact_symbol
WFIKKN2,13585,exact_symbol
WFS1,3673,exact_symbol
WHAMM,9963,exact_symbol
WHRN,2028,exact_symbol
WIF1,9944,exact_symbol
WIPF1,4502,exact_symbol
WIPF2,13075,exact_symbol
WIPF3,5283,exact_symbol
WIPI1,1118,exact_symbol
WIPI2,10163,exact_symbol
WIZ,298,exact_symbol
WLS,4609,exact_symbol
WNK1,810,exact_symbol
WNK2,11563,exact_symbol
WNK3,17208,exact_symbol
WNK4,5835,exact_symbol
WNT1,5609,exact_symbol
WNT10A,7180,exact_symbol
WNT10B,12699,exact_symbol
WNT11,1669,exact_symbol
WNT16,26,exact_symbol
WNT2,3233,exact_symbol
WNT2B,6863,exact_symbol
WNT3,3516,exact_symbol
WNT3A,9763,exact_symbol
WNT4,10764,exact_symbol
WNT5A,4266,exact_symbol
WNT5B,3852,exact_symbol
WNT6,4457,exact_symbol
WNT7A,9808,exact_symbol
WNT7B,16653,exact_symbol
WNT8A,828,exact_symbol
WNT8B,1298,exact_symbol
WNT9A,8474,exact_symbol
WNT9B,10290,exact_symbol
WRAP53,8123,exact_symbol
WRAP73,4551,exact_symbol
WRN,11593,exact_symbol
WRNIP1,5541,exact_symbol
WSB1,3620,exact_symbol
WSB2,14179,exact_symbol
WSCD1,14677,exact_symbol
WSCD2,1283,exact_symbol
WT1,15873,exact_symbol
WTAP,8853,exact_symbol
WTIP,8223,exact_symbol
WWC1,4211,exact_symbol
WWC2,9452,exact_symbol
WWOX,16203,exact_symbol
WWP1,5346,exact_symbol
WWP2,17759,exact_symbol
WWTR1,379,exact_symbol
XAB2,1359,exact_symbol
XBP1,2222,exact_symbol
XCR1,13555,exact_symbol
XDH,10188,exact_symbol
XIAP,2600,exact_symbol
XIRP1,12345,exact_symbol
XIRP2,10920,exact_symbol
XK,624,exact_symbol
XKR4,20483,exact_symbol
XKR5,55937,exact_symbol
XKR6,12970,exact_symbol
XKR7,47579,exact_symbol
XKR8,10189,exact_symbol
XKR9,24751,exact_symbol
XKRX,15278,exact_symbol
XPA,7384,exact_symbol
XPC,9809,exact_symbol
XPNPEP1,3485,exact_symbol
XPNPEP2,5234,exact_symbol
XPNPEP3,17069,exact_symbol
XPO1,1580,exact_symbol
XPO4,6689,exact_symbol
XPO5,5549,exact_symbol
XPO6,12538,exact_symbol
XPO7,6233,exact_symbol
XPOT,15792,exact_symbol
XPR1,8366,exact_symbol
XRCC1,1216,exact_symbol
XRCC2,17194,exact_symbol
XRCC3,5795,exact_symbol
XRCC4,9537,exact_symbol
XRCC5,1453,exact_symbol
XRCC6,17137,exact_symbol
XRN1,4260,exact_symbol
XRN2,1800,exact_symbol
XRRA1,11859,exact_symbol
XXYLT1,13628,exact_symbol
XYLB,2001,exact_symbol
XYLT1,2823,exact_symbol
XYLT2,362,exact_symbol
YAE1,36844,exact_symbol
YAF2,355,exact_symbol
YAP1,7513,exact_symbol
YARS2,7770,exact_symbol
YBEY,15253,exact_symbol
YBX1,953,exact_symbol
YBX2,119,exact_symbol
YBX3,808,exact_symbol
YDJC,10591,exact_symbol
YEATS2,11163,exact_symbol
YEATS4,5908,exact_symbol
YES1,14025,exact_symbol
YIF1A,13781,exact_symbol
YIF1B,12157,exact_symbol
YIPF1,792,exact_symbol
YIPF2,6330,exact_symbol
YIPF3,7435,exact_symbol
YIPF4,4967,exact_symbol
YIPF5,8752,exact_symbol
YIPF6,15105,exact_symbol
YIPF7,14385,exact_symbol
YJEFN3,39884,exact_symbol
YJU2,3061,exact_symbol
YKT6,3344,exact_symbol
YLPM1,4921,exact_symbol
YME1L1,7334,exact_symbol
YOD1,14921,exact_symbol
YPEL1,2162,exact_symbol
YPEL2,13843,exact_symbol
YPEL3,1867,exact_symbol
YPEL4,11939,exact_symbol
YPEL5,4965,exact_symbol
YRDC,17148,exact_symbol
YTHDC1,1615,exact_symbol
YTHDC2,614,exact_symbol
YTHDF1,9254,exact_symbol
YTHDF2,17794,exact_symbol
YTHDF3,16080,exact_symbol
YWHAB,11981,exact_symbol
YWHAE,3613,exact_symbol
YWHAG,12736,exact_symbol
YWHAH,5995,exact_symbol
YWHAZ,11483,exact_symbol
YY1,2387,exact_symbol
ZAP70,4360,exact_symbol
ZAR1L,16938,exact_symbol
ZBED3,6673,exact_symbol
ZBED4,2307,exact_symbol
ZBTB1,5860,exact_symbol
ZBTB10,20198,exact_symbol
ZBTB11,973,exact_symbol
ZBTB12,19902,exact_symbol
ZBTB14,17673,exact_symbol
ZBTB16,3715,exact_symbol
ZBTB17,4626,exact_symbol
ZBTB18,14705,exact_symbol
ZBTB2,15070,exact_symbol
ZBTB20,15108,exact_symbol
ZBTB21,13500,exact_symbol
ZBTB22,34171,exact_symbol
ZBTB24,4057,exact_symbol
ZBTB25,1852,exact_symbol
ZBTB26,13065,exact_symbol
ZBTB3,16067,exact_symbol
ZBTB32,305,exact_symbol
ZBTB33,14324,exact_symbol
ZBTB34,14243,exact_symbol
ZBTB37,15974,exact_symbol
ZBTB38,14283,exact_symbol
ZBTB39,11964,exact_symbol
ZBTB4,13678,exact_symbol
ZBTB40,15816,exact_symbol
ZBTB41,14406,exact_symbol
ZBTB42,14732,exact_symbol
ZBTB43,12534,exact_symbol
ZBTB44,17095,exact_symbol
ZBTB45,4920,exact_symbol
ZBTB46,6294,exact_symbol
ZBTB48,20099,exact_symbol
ZBTB49,12454,exact_symbol
ZBTB5,12445,exact_symbol
ZBTB6,16194,exact_symbol
ZBTB7A,14595,exact_symbol
ZBTB7B,10519,exact_symbol
ZBTB7C,15845,exact_symbol
ZBTB8A,10421,exact_symbol
ZBTB8B,54472,exact_symbol
ZBTB8OS,14063,exact_symbol
ZBTB9,22623,exact_symbol
ZC2HC1A,2921,exact_symbol
ZC2HC1B,4814,exact_symbol
ZC2HC1C,4946,exact_symbol
ZC3H10,7098,exact_symbol
ZC3H12A,11165,exact_symbol
ZC3H12B,2619,exact_symbol
ZC3H12C,9192,exact_symbol
ZC3H12D,14465,exact_symbol
ZC3H13,5360,exact_symbol
ZC3H14,2375,exact_symbol
ZC3H15,934,exact_symbol
ZC3H18,10240,exact_symbol
ZC3H3,347,exact_symbol
ZC3H4,6334,exact_symbol
ZC3H6,16681,exact_symbol
ZC3H7A,5251,exact_symbol
ZC3H7B,2298,exact_symbol
ZC3H8,8531,exact_symbol
ZC3HAV1,3220,exact_symbol
ZC3HAV1L,8897,exact_symbol
ZC3HC1,1942,exact_symbol
ZC4H2,5882,exact_symbol
ZCCHC10,9867,exact_symbol
ZCCHC13,16623,exact_symbol
ZCCHC14,8042,exact_symbol
ZCCHC17,5195,exact_symbol
ZCCHC2,8159,exact_symbol
ZCCHC24,11599,exact_symbol
ZCCHC3,38559,exact_symbol
ZCCHC4,12312,exact_symbol
ZCCHC7,9039,exact_symbol
ZCCHC8,497,exact_symbol
ZCCHC9,6489,exact_symbol
ZCRB1,7780,exact_symbol
ZCWPW1,1426,exact_symbol
ZCWPW2,20477,exact_symbol
ZDHHC1,10387,exact_symbol
ZDHHC12,10497,exact_symbol
ZDHHC13,14230,exact_symbol
ZDHHC14,13821,exact_symbol
ZDHHC15,2666,exact_symbol
ZDHHC16,13036,exact_symbol
ZDHHC17,16385,exact_symbol
ZDHHC18,19826,exact_symbol
ZDHHC19,11195,exact_symbol
ZDHHC2,2888,exact_symbol
ZDHHC20,14941,exact_symbol
ZDHHC21,13988,exact_symbol
ZDHHC22,14240,exact_symbol
ZDHHC23,15728,exact_symbol
ZDHHC24,13660,exact_symbol
ZDHHC3,11146,exact_symbol
ZDHHC4,7251,exact_symbol
ZDHHC5,10011,exact_symbol
ZDHHC6,421,exact_symbol
ZDHHC7,9682,exact_symbol
ZDHHC8,2133,exact_symbol
ZDHHC9,16812,exact_symbol
ZEB1,9110,exact_symbol
ZEB2,12625,exact_symbol
ZER1,10496,exact_symbol
ZFAND1,2891,exact_symbol
ZFAND2A,14492,exact_symbol
ZFAND2B,10241,exact_symbol
ZFAND3,10013,exact_symbol
ZFAND4,13364,exact_symbol
ZFAND5,3415,exact_symbol
ZFAND6,1703,exact_symbol
ZFAT,987,exact_symbol
ZFC3H1,6803,exact_symbol
ZFHX2,7270,exact_symbol
ZFHX3,8026,exact_symbol
ZFHX4,1939,exact_symbol
ZFP1,15780,exact_symbol
ZFP14,8197,exact_symbol
ZFP2,18000,exact_symbol
ZFP28,17280,exact_symbol
ZFP3,14944,exact_symbol
ZFP30,5097,exact_symbol
ZFP36,5980,exact_symbol
ZFP36L1,16058,exact_symbol
ZFP36L2,9554,exact_symbol
ZFP37,7358,exact_symbol
ZFP41,15096,exact_symbol
ZFP42,14624,exact_symbol
ZFP62,17225,exact_symbol
ZFP64,399,exact_symbol
ZFP69,16584,exact_symbol
ZFP82,14992,exact_symbol
ZFP90,15874,exact_symbol
ZFP91,16330,exact_symbol
ZFP92,16998,exact_symbol
ZFPL1,10707,exact_symbol
ZFPM1,14723,exact_symbol
ZFPM2,12717,exact_symbol
ZFR,758,exact_symbol
ZFR2,3068,exact_symbol
ZFTA,16655,stable_id
ZFX,110,exact_symbol
ZFYVE1,11706,exact_symbol
ZFYVE19,11773,exact_symbol
ZFYVE21,2372,exact_symbol
ZFYVE26,1177,exact_symbol
ZFYVE27,9858,exact_symbol
ZFYVE28,10390,exact_symbol
ZFYVE9,10062,exact_symbol
ZG16,13815,exact_symbol
ZGLP1,24060,exact_symbol
ZGPAT,17355,exact_symbol
ZHX1,11541,exact_symbol
ZHX2,14562,exact_symbol
ZHX3,13680,exact_symbol
ZIC1,9607,exact_symbol
ZIC2,596,exact_symbol
ZIC3,10041,exact_symbol
ZIC4,13809,exact_symbol
ZIC5,7885,exact_symbol
ZIK1,13123,exact_symbol
ZKSCAN1,3276,exact_symbol
ZKSCAN2,9887,exact_symbol
ZKSCAN5,17214,exact_symbol
ZKSCAN7,17102,exact_symbol
ZKSCAN8,17744,exact_symbol
ZMAT1,11858,exact_symbol
ZMAT2,8789,exact_symbol
ZMAT3,13363,exact_symbol
ZMAT4,11517,exact_symbol
ZMAT5,2262,exact_symbol
ZMIZ1,3494,exact_symbol
ZMIZ2,5274,exact_symbol
ZMPSTE24,1619,exact_symbol
ZMYM1,17335,exact_symbol
ZMYM2,5189,exact_symbol
ZMYM3,8931,exact_symbol
ZMYM4,8854,exact_symbol
ZMYM5,6687,exact_symbol
ZMYM6,11161,exact_symbol
ZMYND10,62,exact_symbol
ZMYND11,356,exact_symbol
ZMYND12,963,exact_symbol
ZMYND15,8122,exact_symbol
ZMYND19,11677,exact_symbol
ZMYND8,2428,exact_symbol
ZNF106,2864,exact_symbol
ZNF112,840,exact_symbol
ZNF12,11406,exact_symbol
ZNF131,13269,exact_symbol
ZNF142,4452,exact_symbol
ZNF143,11874,exact_symbol
ZNF146,12152,exact_symbol
ZNF148,11158,exact_symbol
ZNF169,13970,exact_symbol
ZNF174,2804,exact_symbol
ZNF18,9830,exact_symbol
ZNF180,12090,exact_symbol
ZNF182,8925,exact_symbol
ZNF189,7362,exact_symbol
ZNF2,55641,exact_symbol
ZNF202,11810,exact_symbol
ZNF205,5259,exact_symbol
ZNF207,249,exact_symbol
ZNF212,12780,exact_symbol
ZNF213,1664,exact_symbol
ZNF217,13192,exact_symbol
ZNF219,11693,exact_symbol
ZNF22,11623,exact_symbol
ZNF23,12087,exact_symbol
ZNF236,6362,exact_symbol
ZNF24,13328,exact_symbol
ZNF248,17683,exact_symbol
ZNF25,13896,exact_symbol
ZNF250,17035,exact_symbol
ZNF251,17704,exact_symbol
ZNF260,42836,exact_symbol
ZNF263,127,exact_symbol
ZNF266,13744,exact_symbol
ZNF276,10271,exact_symbol
ZNF277,17938,exact_symbol
ZNF280B,55568,exact_symbol
ZNF280C,759,exact_symbol
ZNF280D,7562,exact_symbol
ZNF281,10809,exact_symbol
ZNF282,12783,exact_symbol
ZNF286A,16522,exact_symbol
ZNF287,8063,exact_symbol
ZNF292,16889,exact_symbol
ZNF296,12891,exact_symbol
ZNF316,20383,exact_symbol
ZNF317,6348,exact_symbol
ZNF318,13073,exact_symbol
ZNF319,11792,exact_symbol
ZNF32,12668,exact_symbol
ZNF322,15044,exact_symbol
ZNF326,10798,exact_symbol
ZNF329,15142,exact_symbol
ZNF330,3666,exact_symbol
ZNF334,17711,exact_symbol
ZNF335,17654,exact_symbol
ZNF341,6395,exact_symbol
ZNF346,4227,exact_symbol
ZNF35,12727,exact_symbol
ZNF354A,12530,exact_symbol
ZNF354B,14486,exact_symbol
ZNF354C,14410,exact_symbol
ZNF358,17923,exact_symbol
ZNF362,10425,exact_symbol
ZNF365,7644,exact_symbol
ZNF366,14459,exact_symbol
ZNF367,11565,exact_symbol
ZNF382,10604,exact_symbol
ZNF383,16703,exact_symbol
ZNF384,5845,exact_symbol
ZNF385A,10625,exact_symbol
ZNF385B,8551,exact_symbol
ZNF385C,16518,exact_symbol
ZNF394,10557,exact_symbol
ZNF395,16388,exact_symbol
ZNF397,16358,exact_symbol
ZNF398,17326,exact_symbol
ZNF407,23366,exact_symbol
ZNF408,13858,exact_symbol
ZNF410,4955,exact_symbol
ZNF414,6742,exact_symbol
ZNF423,2731,exact_symbol
ZNF426,6354,exact_symbol
ZNF428,6407,exact_symbol
ZNF436,5764,exact_symbol
ZNF438,15550,exact_symbol
ZNF444,12170,exact_symbol
ZNF445,15953,exact_symbol
ZNF449,13499,exact_symbol
ZNF45,5527,exact_symbol
ZNF451,4019,exact_symbol
ZNF454,14462,exact_symbol
ZNF462,9052,exact_symbol
ZNF467,15065,exact_symbol
ZNF474,11288,exact_symbol
ZNF48,14806,exact_symbol
ZNF483,13491,exact_symbol
ZNF488,50273,exact_symbol
ZNF496,10813,exact_symbol
ZNF503,11656,exact_symbol
ZNF507,12451,exact_symbol
ZNF511,17809,exact_symbol
ZNF512,38016,exact_symbol
ZNF512B,17232,exact_symbol
ZNF513,11138,exact_symbol
ZNF516,2546,exact_symbol
ZNF518A,14398,exact_symbol
ZNF518B,14456,exact_symbol
ZNF521,17912,exact_symbol
ZNF524,13062,exact_symbol
ZNF526,12148,exact_symbol
ZNF532,1269,exact_symbol
ZNF536,17828,exact_symbol
ZNF541,4779,exact_symbol
ZNF551,19966,exact_symbol
ZNF558,12207,exact_symbol
ZNF566,16162,exact_symbol
ZNF569,17146,exact_symbol
ZNF574,3184,exact_symbol
ZNF575,14103,exact_symbol
ZNF579,23902,exact_symbol
ZNF580,22306,exact_symbol
ZNF583,17777,exact_symbol
ZNF592,11924,exact_symbol
ZNF593,8274,exact_symbol
ZNF597,12252,exact_symbol
ZNF598,12242,exact_symbol
ZNF605,17152,exact_symbol
ZNF606,11921,exact_symbol
ZNF608,12476,exact_symbol
ZNF609,14869,exact_symbol
ZNF618,10133,exact_symbol
ZNF622,13547,exact_symbol
ZNF623,15479,exact_symbol
ZNF627,17811,exact_symbol
ZNF628,17477,exact_symbol
ZNF629,2711,exact_symbol
ZNF638,1299,exact_symbol
ZNF639,5204,exact_symbol
ZNF641,12118,exact_symbol
ZNF644,5268,exact_symbol
ZNF646,12094,exact_symbol
ZNF648,14783,exact_symbol
ZNF652,17885,exact_symbol
ZNF653,10655,exact_symbol
ZNF654,13834,exact_symbol
ZNF655,17428,exact_symbol
ZNF664,14657,exact_symbol
ZNF667,17661,exact_symbol
ZNF668,12093,exact_symbol
ZNF672,13005,exact_symbol
ZNF687,8379,exact_symbol
ZNF688,29812,exact_symbol
ZNF689,10031,exact_symbol
ZNF691,11208,exact_symbol
ZNF692,13006,exact_symbol
ZNF697,8311,exact_symbol
ZNF7,9022,exact_symbol
ZNF703,15604,exact_symbol
ZNF704,11419,exact_symbol
ZNF706,5124,exact_symbol
ZNF711,8944,exact_symbol
ZNF740,7864,exact_symbol
ZNF746,15031,exact_symbol
ZNF750,8149,exact_symbol
ZNF76,909,exact_symbol
ZNF768,12721,exact_symbol
ZNF770,17696,exact_symbol
ZNF771,14793,exact_symbol
ZNF777,17149,exact_symbol
ZNF784,14782,exact_symbol
ZNF786,17435,exact_symbol
ZNF787,8232,exact_symbol
ZNF791,13612,exact_symbol
ZNF8,57566,exact_symbol
ZNF800,640,exact_symbol
ZNF804A,12819,exact_symbol
ZNF804B,15249,exact_symbol
ZNF821,2739,exact_symbol
ZNF827,9431,exact_symbol
ZNF830,17903,exact_symbol
ZNF831,5479,exact_symbol
ZNF839,420,exact_symbol
ZNF853,34532,exact_symbol
ZNF865,47820,exact_symbol
ZNF879,32941,exact_symbol
ZNFX1,5478,exact_symbol
ZNHIT1,3304,exact_symbol
ZNHIT2,13676,exact_symbol
ZNHIT3,54665,exact_symbol
ZNHIT6,4680,exact_symbol
ZNRD2,13534,stable_id
ZNRF1,16211,exact_symbol
ZNRF2,14846,exact_symbol
ZNRF3,15540,exact_symbol
ZP1,9221,exact_symbol
ZP2,2797,exact_symbol
ZPBP,590,exact_symbol
ZPBP2,16174,exact_symbol
ZPLD1,12740,exact_symbol
ZPR1,3717,exact_symbol
ZRANB1,395,exact_symbol
ZRANB2,6603,exact_symbol
ZRANB3,5221,exact_symbol
ZSCAN10,6223,exact_symbol
ZSCAN12,10254,exact_symbol
ZSCAN2,14081,exact_symbol
ZSCAN20,5212,exact_symbol
ZSCAN21,11889,exact_symbol
ZSCAN22,15238,exact_symbol
ZSCAN25,17327,exact_symbol
ZSCAN26,17338,exact_symbol
ZSCAN29,7935,exact_symbol
ZSWIM1,12406,exact_symbol
ZSWIM2,10899,exact_symbol
ZSWIM3,6663,exact_symbol
ZSWIM4,6531,exact_symbol
ZSWIM5,10733,exact_symbol
ZSWIM6,6271,exact_symbol
ZSWIM7,23188,exact_symbol
ZSWIM8,23080,exact_symbol
ZSWIM9,16012,exact_symbol
ZUP1,9707,exact_symbol
ZW10,1709,exact_symbol
ZWILCH,13705,exact_symbol
ZXDC,1114,exact_symbol
ZYG11A,19776,exact_symbol
ZYG11B,10719,exact_symbol
ZYX,10397,exact_symbol
ZZEF1,1274,exact_symbol
ZZZ3,531,stable_id
