gene,source_row,method
A1CF,1,exact_symbol
A2M,2,exact_symbol
A3GALT2,5,exact_symbol
A4GALT,6,exact_symbol
A4GNT,7,exact_symbol
AAAS,8,exact_symbol
AACS,9,exact_symbol
AADAC,11,exact_symbol
AADACL2,12,exact_symbol
AADACL3,13,exact_symbol
AADAT,16,exact_symbol
AAGAB,18,exact_symbol
AAK1,19,exact_symbol
AAMDC,20,exact_symbol
AAMP,21,exact_symbol
AANAT,22,exact_symbol
AAR2,23,exact_symbol
AARD,24,exact_symbol
AARS2,26,exact_symbol
AARSD1,27,exact_symbol
AASDH,29,exact_symbol
AASDHPPT,30,exact_symbol
AASS,31,exact_symbol
AATF,32,exact_symbol
AATK,33,exact_symbol
ABAT,37,exact_symbol
ABCA1,52,exact_symbol
ABCA12,55,exact_symbol
ABCA13,56,exact_symbol
ABCA2,58,exact_symbol
ABCA3,59,exact_symbol
ABCA4,60,exact_symbol
ABCA5,61,exact_symbol
ABCA6,62,exact_symbol
ABCA7,63,exact_symbol
ABCA8,64,exact_symbol
ABCA9,65,exact_symbol
ABCB10,67,exact_symbol
ABCB11,71,exact_symbol
ABCB4,72,exact_symbol
ABCB5,73,exact_symbol
ABCB6,74,exact_symbol
ABCB7,75,exact_symbol
ABCB8,76,exact_symbol
ABCB9,77,exact_symbol
ABCC1,78,exact_symbol
ABCC10,79,exact_symbol
ABCC12,81,exact_symbol
ABCC2,83,exact_symbol
ABCC3,84,exact_symbol
ABCC4,85,exact_symbol
ABCC5,86,exact_symbol
ABCC6,87,exact_symbol
ABCC8,90,exact_symbol
ABCC9,91,exact_symbol
ABCD1,92,exact_symbol
ABCD2,97,exact_symbol
ABCD3,98,exact_symbol
ABCD4,99,exact_symbol
ABCE1,100,exact_symbol
ABCF1,101,exact_symbol
ABCF2,102,exact_symbol
ABCF3,105,exact_symbol
ABCG1,106,exact_symbol
ABCG4,108,exact_symbol
ABCG5,109,exact_symbol
ABCG8,110,exact_symbol
ABHD1,111,exact_symbol
ABHD10,112,exact_symbol
ABHD11,113,exact_symbol
ABHD12,114,exact_symbol
ABHD12B,115,exact_symbol
ABHD13,116,exact_symbol
ABHD14A,117,exact_symbol
ABHD14B,119,exact_symbol
ABHD15,120,exact_symbol
ABHD16A,121,exact_symbol
ABHD16B,122,exact_symbol
ABHD17A,123,exact_symbol
ABHD17B,132,exact_symbol
ABHD17C,133,exact_symbol
ABHD18,134,exact_symbol
ABHD2,135,exact_symbol
ABHD3,136,exact_symbol
ABHD4,137,exact_symbol
ABHD5,138,exact_symbol
ABHD6,139,exact_symbol
ABHD8,140,exact_symbol
ABI1,141,exact_symbol
ABI2,142,exact_symbol
ABI3,143,exact_symbol
ABI3BP,144,exact_symbol
ABITRAM,9294,hgnc_previous_symbol
ABL1,145,exact_symbol
ABL2,146,exact_symbol
ABLIM1,147,exact_symbol
ABLIM2,148,exact_symbol
ABLIM3,149,exact_symbol
ABO,150,exact_symbol
ABR,151,exact_symbol
ABRA,152,exact_symbol
ABRACL,153,exact_symbol
ABRAXAS1,9234,hgnc_previous_symbol
ABRAXAS2,9235,hgnc_previous_symbol
ABT1,154,exact_symbol
ABTB1,156,exact_symbol
ABTB2,157,exact_symbol
ACAA2,1365,exact_symbol
ACACA,1366,exact_symbol
ACACB,1367,exact_symbol
ACAD11,1369,exact_symbol
ACAD8,1370,exact_symbol
ACAD9,1371,exact_symbol
ACADL,1372,exact_symbol
ACADM,1373,exact_symbol
ACADS,1374,exact_symbol
ACADSB,1375,exact_symbol
ACADVL,1376,exact_symbol
ACAN,1377,exact_symbol
ACAP1,1378,exact_symbol
ACAP2,1379,exact_symbol
ACAP3,1380,exact_symbol
ACAT1,1381,exact_symbol
ACBD3,1383,exact_symbol
ACBD4,1384,exact_symbol
ACBD5,1385,exact_symbol
ACBD6,1386,exact_symbol
ACBD7,1387,exact_symbol
ACCS,1388,exact_symbol
ACCSL,1389,exact_symbol
ACD,1390,exact_symbol
ACE,1391,exact_symbol
ACE2,1392,exact_symbol
ACER1,1394,exact_symbol
ACER2,1395,exact_symbol
ACER3,1396,exact_symbol
ACHE,1397,exact_symbol
ACIN1,1398,exact_symbol
ACKR1,1399,exact_symbol
ACKR2,1400,exact_symbol
ACKR3,1401,exact_symbol
ACKR4,1402,exact_symbol
ACLY,1403,exact_symbol
ACMSD,1404,exact_symbol
ACO1,1405,exact_symbol
ACO2,1406,exact_symbol
ACOD1,1407,exact_symbol
ACOT11,1409,exact_symbol
ACOT12,1410,exact_symbol
ACOT13,1411,exact_symbol
ACOT4,1413,exact_symbol
ACOT6,1414,exact_symbol
ACOT7,1415,exact_symbol
ACOT8,1416,exact_symbol
ACOX1,1418,exact_symbol
ACOX2,1419,exact_symbol
ACOX3,1420,exact_symbol
ACOXL,1421,exact_symbol
ACP1,1422,exact_symbol
ACP2,1423,exact_symbol
ACP4,1428,hgnc_previous_symbol
ACP5,1424,exact_symbol
ACP6,1425,exact_symbol
ACP7,1426,exact_symbol
ACR,1429,exact_symbol
ACRBP,1430,exact_symbol
ACRV1,1432,exact_symbol
ACSBG1,1433,exact_symbol
ACSBG2,1434,exact_symbol
ACSF2,1435,exact_symbol
ACSF3,1436,exact_symbol
ACSL1,1437,exact_symbol
ACSL3,1438,exact_symbol
ACSL4,1439,exact_symbol
ACSL5,1440,exact_symbol
ACSL6,1441,exact_symbol
ACSM1,1442,exact_symbol
ACSM3,1445,exact_symbol
ACSM4,1446,exact_symbol
ACSM5,1447,exact_symbol
ACSS1,1450,exact_symbol
ACSS2,1451,exact_symbol
ACSS3,1452,exact_symbol
ACTA1,1453,exact_symbol
ACTA2,1454,exact_symbol
ACTB,1455,exact_symbol
ACTBL2,1456,exact_symbol
ACTC1,1467,exact_symbol
ACTG1,1468,exact_symbol
ACTG2,1489,exact_symbol
ACTL10,1490,exact_symbol
ACTL6A,1491,exact_symbol
ACTL6B,1492,exact_symbol
ACTL7A,1493,exact_symbol
ACTL7B,1494,exact_symbol
ACTL9,1496,exact_symbol
ACTN1,1497,exact_symbol
ACTN2,1498,exact_symbol
ACTN3,1499,exact_symbol
ACTN4,1500,exact_symbol
ACTR10,1504,exact_symbol
ACTR1A,1505,exact_symbol
ACTR1B,1506,exact_symbol
ACTR2,1507,exact_symbol
ACTR3,1508,exact_symbol
ACTR5,1519,exact_symbol
ACTR6,1520,exact_symbol
ACTR8,1522,exact_symbol
ACTRT1,1523,exact_symbol
ACTRT2,1524,exact_symbol
ACTRT3,1525,exact_symbol
ACVR1,1526,exact_symbol
ACVR1B,1527,exact_symbol
ACVR1C,1528,exact_symbol
ACVR2A,1529,exact_symbol
ACVR2B,1530,exact_symbol
ACVRL1,1531,exact_symbol
ACY1,1532,exact_symbol
ACY3,1533,exact_symbol
ACYP2,1535,exact_symbol
ADA,1538,exact_symbol
ADAD1,1539,exact_symbol
ADAD2,1541,exact_symbol
ADAM10,1543,exact_symbol
ADAM11,1544,exact_symbol
ADAM12,1545,exact_symbol
ADAM15,1546,exact_symbol
ADAM17,1547,exact_symbol
ADAM18,1548,exact_symbol
ADAM2,1552,exact_symbol
ADAM21,1557,exact_symbol
ADAM22,1559,exact_symbol
ADAM23,1560,exact_symbol
ADAM28,1562,exact_symbol
ADAM29,1563,exact_symbol
ADAM30,1564,exact_symbol
ADAM32,1565,exact_symbol
ADAM33,1566,exact_symbol
ADAM7,1572,exact_symbol
ADAM8,1573,exact_symbol
ADAM9,1574,exact_symbol
ADAMDEC1,1575,exact_symbol
ADAMTS1,1576,exact_symbol
ADAMTS10,1577,exact_symbol
ADAMTS12,1578,exact_symbol
ADAMTS13,1579,exact_symbol
ADAMTS14,1580,exact_symbol
ADAMTS15,1581,exact_symbol
ADAMTS16,1582,exact_symbol
ADAMTS17,1583,exact_symbol
ADAMTS18,1584,exact_symbol
ADAMTS19,1585,exact_symbol
ADAMTS2,1586,exact_symbol
ADAMTS20,1587,exact_symbol
ADAMTS3,1588,exact_symbol
ADAMTS4,1589,exact_symbol
ADAMTS5,1590,exact_symbol
ADAMTS6,1591,exact_symbol
ADAMTS7,1592,exact_symbol
ADAMTS8,1596,exact_symbol
ADAMTS9,1597,exact_symbol
ADAMTSL1,1598,exact_symbol
ADAMTSL2,1599,exact_symbol
ADAMTSL3,1600,exact_symbol
ADAMTSL4,1601,exact_symbol
ADAMTSL5,1602,exact_symbol
ADAP1,1603,exact_symbol
ADAP2,1604,exact_symbol
ADAR,1605,exact_symbol
ADARB1,1606,exact_symbol
ADARB2,1607,exact_symbol
ADAT1,1608,exact_symbol
ADAT2,1609,exact_symbol
ADCK1,1611,exact_symbol
ADCK2,1612,exact_symbol
ADCK5,1615,exact_symbol
ADCY1,1616,exact_symbol
ADCY10,1617,exact_symbol
ADCY2,1619,exact_symbol
ADCY3,1620,exact_symbol
ADCY4,1621,exact_symbol
ADCY5,1622,exact_symbol
ADCY6,1623,exact_symbol
ADCY7,1624,exact_symbol
ADCY8,1625,exact_symbol
ADCY9,1626,exact_symbol
ADCYAP1,1627,exact_symbol
ADCYAP1R1,1628,exact_symbol
ADD1,1629,exact_symbol
ADD2,1630,exact_symbol
ADD3,1631,exact_symbol
ADGB,1632,exact_symbol
ADGRA1,1633,exact_symbol
ADGRA2,1634,exact_symbol
ADGRA3,1635,exact_symbol
ADGRB1,1636,exact_symbol
ADGRB2,1637,exact_symbol
ADGRB3,1638,exact_symbol
ADGRD1,1639,exact_symbol
ADGRE1,1641,exact_symbol
ADGRE5,1645,exact_symbol
ADGRF1,1646,exact_symbol
ADGRF3,1648,exact_symbol
ADGRF4,1649,exact_symbol
ADGRF5,1650,exact_symbol
ADGRG1,1653,exact_symbol
ADGRG2,1654,exact_symbol
ADGRG3,1655,exact_symbol
ADGRG4,1656,exact_symbol
ADGRG5,1657,exact_symbol
ADGRG6,1658,exact_symbol
ADGRG7,1659,exact_symbol
ADGRL1,1660,exact_symbol
ADGRL2,1661,exact_symbol
ADGRL3,1662,exact_symbol
ADGRL4,1663,exact_symbol
ADGRV1,1664,exact_symbol
ADH4,1668,exact_symbol
ADH5,1669,exact_symbol
ADH6,1673,exact_symbol
ADH7,1674,exact_symbol
ADHFE1,1675,exact_symbol
ADI1,1676,exact_symbol
ADIG,1677,exact_symbol
ADIPOQ,1678,exact_symbol
ADIPOR1,1679,exact_symbol
ADIPOR2,1682,exact_symbol
ADK,1684,exact_symbol
ADM,1685,exact_symbol
ADM2,1686,exact_symbol
ADNP,1688,exact_symbol
ADNP2,1689,exact_symbol
ADO,1690,exact_symbol
ADORA1,1691,exact_symbol
ADORA2A,1692,exact_symbol
ADORA2B,1693,exact_symbol
ADORA3,1695,exact_symbol
ADPGK,1696,exact_symbol
ADPRH,1697,exact_symbol
ADPRM,1700,exact_symbol
ADPRS,1699,hgnc_previous_symbol
ADRA1A,1701,exact_symbol
ADRA1B,1702,exact_symbol
ADRA1D,1703,exact_symbol
ADRA2A,1704,exact_symbol
ADRA2B,1705,exact_symbol
ADRA2C,1706,exact_symbol
ADRB1,1707,exact_symbol
ADRB2,1708,exact_symbol
ADRB3,1709,exact_symbol
ADSL,1711,exact_symbol
ADTRP,1714,exact_symbol
AEBP1,1721,exact_symbol
AEBP2,1722,exact_symbol
AEN,1723,exact_symbol
AFAP1,1753,exact_symbol
AFAP1L1,1754,exact_symbol
AFAP1L2,1755,exact_symbol
AFDN,15688,hgnc_previous_symbol
AFF1,1756,exact_symbol
AFF2,1757,exact_symbol
AFF3,1758,exact_symbol
AFF4,1759,exact_symbol
AFG1L,14296,hgnc_previous_symbol
AFG3L2,1761,exact_symbol
AFM,1763,exact_symbol
AFMID,1764,exact_symbol
AFP,1765,exact_symbol
AFTPH,1766,exact_symbol
AGA,1767,exact_symbol
AGAP1,1768,exact_symbol
AGAP2,1773,exact_symbol
AGAP3,1774,exact_symbol
AGBL1,1780,exact_symbol
AGBL2,1781,exact_symbol
AGBL3,1782,exact_symbol
AGBL4,1783,exact_symbol
AGBL5,1784,exact_symbol
AGER,1785,exact_symbol
AGFG1,1786,exact_symbol
AGFG2,1787,exact_symbol
AGGF1,1788,exact_symbol
AGK,1799,exact_symbol
AGL,1801,exact_symbol
AGMAT,1802,exact_symbol
AGMO,1803,exact_symbol
AGO1,1804,exact_symbol
AGO2,1805,exact_symbol
AGO3,1806,exact_symbol
AGO4,1807,exact_symbol
AGPAT1,1808,exact_symbol
AGPAT2,1809,exact_symbol
AGPAT3,1810,exact_symbol
AGPAT4,1811,exact_symbol
AGPAT5,1812,exact_symbol
AGPS,1814,exact_symbol
AGR2,1815,exact_symbol
AGR3,1816,exact_symbol
AGRN,1817,exact_symbol
AGRP,1818,exact_symbol
AGT,1819,exact_symbol
AGTPBP1,1820,exact_symbol
AGTR2,1822,exact_symbol
AGTRAP,1823,exact_symbol
AGXT,1824,exact_symbol
AGXT2,1825,exact_symbol
AHCTF1,1826,exact_symbol
AHCYL1,1828,exact_symbol
AHCYL2,1829,exact_symbol
AHDC1,1836,exact_symbol
AHI1,1837,exact_symbol
AHNAK,1838,exact_symbol
AHR,1840,exact_symbol
AHRR,1841,exact_symbol
AHSA1,1842,exact_symbol
AHSG,1844,exact_symbol
AICDA,1846,exact_symbol
AIDA,1847,exact_symbol
AIF1,1848,exact_symbol
AIF1L,1849,exact_symbol
AIFM1,1850,exact_symbol
AIFM2,1852,exact_symbol
AIFM3,1853,exact_symbol
AIG1,1854,exact_symbol
AIM2,1858,exact_symbol
AIMP1,1859,exact_symbol
AIMP2,1862,exact_symbol
AIP,1863,exact_symbol
AIPL1,1864,exact_symbol
AIRE,1865,exact_symbol
AJAP1,1868,exact_symbol
AJM1,4220,hgnc_previous_symbol
AJUBA,1869,exact_symbol
AK1,1870,exact_symbol
AK2,1871,exact_symbol
AK3,1873,exact_symbol
AK5,1885,exact_symbol
AK7,1889,exact_symbol
AK8,1890,exact_symbol
AK9,1891,exact_symbol
AKAIN1,1892,exact_symbol
AKAP1,1893,exact_symbol
AKAP10,1894,exact_symbol
AKAP11,1895,exact_symbol
AKAP12,1896,exact_symbol
AKAP13,1897,exact_symbol
AKAP3,1902,exact_symbol
AKAP4,1903,exact_symbol
AKAP6,1905,exact_symbol
AKAP7,1906,exact_symbol
AKAP8,1907,exact_symbol
AKAP8L,1908,exact_symbol
AKAP9,1910,exact_symbol
AKIP1,1911,exact_symbol
AKIRIN1,1912,exact_symbol
AKIRIN2,1915,exact_symbol
AKNA,1917,exact_symbol
AKR1A1,1919,exact_symbol
AKR1D1,1939,exact_symbol
AKR1E2,1941,exact_symbol
AKR7L,1945,exact_symbol
AKT1,1946,exact_symbol
AKT1S1,1947,exact_symbol
AKT2,1948,exact_symbol
AKT3,1949,exact_symbol
AKTIP,1950,exact_symbol
ALAD,2050,exact_symbol
ALAS1,2051,exact_symbol
ALAS2,2052,exact_symbol
ALB,2053,exact_symbol
ALCAM,2054,exact_symbol
ALDH16A1,2055,exact_symbol
ALDH18A1,2056,exact_symbol
ALDH1A2,2058,exact_symbol
ALDH1A3,2059,exact_symbol
ALDH1B1,2060,exact_symbol
ALDH1L1,2061,exact_symbol
ALDH1L2,2062,exact_symbol
ALDH2,2063,exact_symbol
ALDH3A1,2064,exact_symbol
ALDH3A2,2065,exact_symbol
ALDH3B1,2066,exact_symbol
ALDH4A1,2068,exact_symbol
ALDH5A1,2069,exact_symbol
ALDH6A1,2070,exact_symbol
ALDH7A1,2071,exact_symbol
ALDH8A1,2076,exact_symbol
ALDOB,2081,exact_symbol
ALDOC,2082,exact_symbol
ALG11,2086,exact_symbol
ALG12,2087,exact_symbol
ALG13,2088,exact_symbol
ALG14,2089,exact_symbol
ALG2,2104,exact_symbol
ALG3,2105,exact_symbol
ALG5,2107,exact_symbol
ALG6,2108,exact_symbol
ALG8,2109,exact_symbol
ALG9,2110,exact_symbol
ALK,2111,exact_symbol
ALKAL1,9182,hgnc_previous_symbol
ALKAL2,9183,hgnc_previous_symbol
ALKBH1,2112,exact_symbol
ALKBH2,2113,exact_symbol
ALKBH3,2114,exact_symbol
ALKBH4,2115,exact_symbol
ALKBH5,2116,exact_symbol
ALKBH6,2117,exact_symbol
ALKBH7,2118,exact_symbol
ALKBH8,2119,exact_symbol
ALLC,2120,exact_symbol
ALOX12,2123,exact_symbol
ALOX12B,2124,exact_symbol
ALOX15,2127,exact_symbol
ALOX15B,2128,exact_symbol
ALOX5,2130,exact_symbol
ALOX5AP,2131,exact_symbol
ALOXE3,2132,exact_symbol
ALPK1,2134,exact_symbol
ALPK2,2135,exact_symbol
ALPK3,2136,exact_symbol
ALPL,2137,exact_symbol
ALS2,2140,exact_symbol
ALS2CL,2141,exact_symbol
ALX1,2144,exact_symbol
ALX3,2145,exact_symbol
ALX4,2146,exact_symbol
AMACR,2148,exact_symbol
AMBN,2149,exact_symbol
AMBP,2150,exact_symbol
AMBRA1,2151,exact_symbol
AMDHD1,2157,exact_symbol
AMDHD2,2158,exact_symbol
AMELX,2159,exact_symbol
AMER1,2161,exact_symbol
AMER2,2162,exact_symbol
AMER3,2163,exact_symbol
AMFR,2164,exact_symbol
AMH,2165,exact_symbol
AMHR2,2166,exact_symbol
AMIGO1,2167,exact_symbol
AMIGO2,2168,exact_symbol
AMIGO3,2169,exact_symbol
AMMECR1,2170,exact_symbol
AMMECR1L,2171,exact_symbol
AMN,2173,exact_symbol
AMN1,2174,exact_symbol
AMOT,2175,exact_symbol
AMOTL1,2176,exact_symbol
AMOTL2,2177,exact_symbol
AMPD1,2178,exact_symbol
AMPD2,2179,exact_symbol
AMPD3,2180,exact_symbol
AMPH,2181,exact_symbol
AMT,2182,exact_symbol
AMTN,2183,exact_symbol
AMZ1,2190,exact_symbol
AMZ2,2191,exact_symbol
ANAPC1,2194,exact_symbol
ANAPC10,2195,exact_symbol
ANAPC11,2197,exact_symbol
ANAPC13,2198,exact_symbol
ANAPC15,2199,exact_symbol
ANAPC16,2200,exact_symbol
ANAPC2,2202,exact_symbol
ANAPC4,2203,exact_symbol
ANAPC5,2204,exact_symbol
ANAPC7,2205,exact_symbol
ANGEL1,2207,exact_symbol
ANGEL2,2208,exact_symbol
ANGPT1,2209,exact_symbol
ANGPT2,2210,exact_symbol
ANGPT4,2211,exact_symbol
ANGPTL1,2212,exact_symbol
ANGPTL2,2213,exact_symbol
ANGPTL3,2214,exact_symbol
ANGPTL4,2215,exact_symbol
ANGPTL6,2217,exact_symbol
ANGPTL7,2218,exact_symbol
ANGPTL8,2219,exact_symbol
ANK1,2221,exact_symbol
ANK2,2222,exact_symbol
ANKAR,2224,exact_symbol
ANKDD1A,2225,exact_symbol
ANKDD1B,2226,exact_symbol
ANKEF1,2227,exact_symbol
ANKFN1,2228,exact_symbol
ANKFY1,2229,exact_symbol
ANKH,2230,exact_symbol
ANKHD1,2231,exact_symbol
ANKIB1,2233,exact_symbol
ANKK1,2234,exact_symbol
ANKLE1,2235,exact_symbol
ANKLE2,2236,exact_symbol
ANKMY1,2237,exact_symbol
ANKMY2,2238,exact_symbol
ANKRA2,2239,exact_symbol
ANKRD1,2240,exact_symbol
ANKRD10,2241,exact_symbol
ANKRD11,2242,exact_symbol
ANKRD12,2243,exact_symbol
ANKRD13A,2244,exact_symbol
ANKRD13B,2245,exact_symbol
ANKRD13C,2246,exact_symbol
ANKRD13D,2247,exact_symbol
ANKRD16,2248,exact_symbol
ANKRD17,2249,exact_symbol
ANKRD2,2256,exact_symbol
ANKRD22,2270,exact_symbol
ANKRD23,2271,exact_symbol
ANKRD24,2272,exact_symbol
ANKRD27,2278,exact_symbol
ANKRD28,2279,exact_symbol
ANKRD29,2280,exact_symbol
ANKRD31,2287,exact_symbol
ANKRD33,2288,exact_symbol
ANKRD33B,2289,exact_symbol
ANKRD34A,2290,exact_symbol
ANKRD34B,2291,exact_symbol
ANKRD34C,2292,exact_symbol
ANKRD35,2293,exact_symbol
ANKRD37,2300,exact_symbol
ANKRD39,2301,exact_symbol
ANKRD40,2302,exact_symbol
ANKRD40CL,-1,missing
ANKRD42,2303,exact_symbol
ANKRD44,2304,exact_symbol
ANKRD45,2305,exact_symbol
ANKRD46,2306,exact_symbol
ANKRD49,2307,exact_symbol
ANKRD52,2309,exact_symbol
ANKRD54,2311,exact_symbol
ANKRD55,2313,exact_symbol
ANKRD6,2314,exact_symbol
ANKRD60,2315,exact_symbol
ANKRD61,2316,exact_symbol
ANKRD63,2319,exact_symbol
ANKRD65,2320,exact_symbol
ANKRD66,2321,exact_symbol
ANKRD9,2323,exact_symbol
ANKS1A,2324,exact_symbol
ANKS1B,2325,exact_symbol
ANKS3,2326,exact_symbol
ANKS4B,2327,exact_symbol
ANKS6,2328,exact_symbol
ANKUB1,2329,exact_symbol
ANKZF1,2330,exact_symbol
ANLN,2331,exact_symbol
ANO1,2332,exact_symbol
ANO10,2333,exact_symbol
ANO2,2334,exact_symbol
ANO3,2335,exact_symbol
ANO4,2336,exact_symbol
ANO5,2337,exact_symbol
ANO6,2338,exact_symbol
ANO7,2339,exact_symbol
ANO8,2341,exact_symbol
ANO9,2342,exact_symbol
ANP32B,2347,exact_symbol
ANP32E,2353,exact_symbol
ANPEP,2354,exact_symbol
ANTKMT,9230,hgnc_previous_symbol
ANTXR1,2355,exact_symbol
ANTXR2,2356,exact_symbol
ANXA1,2359,exact_symbol
ANXA10,2360,exact_symbol
ANXA11,2361,exact_symbol
ANXA13,2362,exact_symbol
ANXA2,2363,exact_symbol
ANXA3,2368,exact_symbol
ANXA4,2369,exact_symbol
ANXA5,2370,exact_symbol
ANXA6,2371,exact_symbol
ANXA7,2372,exact_symbol
ANXA9,2375,exact_symbol
AOAH,2376,exact_symbol
AOC2,2378,exact_symbol
AOC3,2379,exact_symbol
AOPEP,4222,hgnc_previous_symbol
AOX1,2381,exact_symbol
AP1AR,2475,exact_symbol
AP1B1,2476,exact_symbol
AP1G1,2479,exact_symbol
AP1G2,2480,exact_symbol
AP1M1,2481,exact_symbol
AP1M2,2482,exact_symbol
AP1S1,2483,exact_symbol
AP1S2,2484,exact_symbol
AP1S3,2486,exact_symbol
AP2A1,2487,exact_symbol
AP2A2,2488,exact_symbol
AP2B1,2489,exact_symbol
AP2M1,2490,exact_symbol
AP2S1,2491,exact_symbol
AP3B1,2492,exact_symbol
AP3B2,2493,exact_symbol
AP3D1,2494,exact_symbol
AP3M1,2495,exact_symbol
AP3M2,2496,exact_symbol
AP3S1,2497,exact_symbol
AP3S2,2498,exact_symbol
AP4B1,2499,exact_symbol
AP4E1,2500,exact_symbol
AP4M1,2501,exact_symbol
AP4S1,2502,exact_symbol
AP5B1,2503,exact_symbol
AP5M1,2504,exact_symbol
AP5S1,2505,exact_symbol
AP5Z1,2506,exact_symbol
APAF1,2507,exact_symbol
APBA1,2508,exact_symbol
APBA2,2509,exact_symbol
APBA3,2510,exact_symbol
APBB1,2511,exact_symbol
APBB1IP,2512,exact_symbol
APBB2,2513,exact_symbol
APBB3,2514,exact_symbol
APC,2515,exact_symbol
APC2,2516,exact_symbol
APCDD1,2517,exact_symbol
APCS,2519,exact_symbol
APEH,2520,exact_symbol
APEX1,2522,exact_symbol
APEX2,2523,exact_symbol
APH1A,2524,exact_symbol
API5,2526,exact_symbol
APIP,2529,exact_symbol
APLF,2532,exact_symbol
APLN,2533,exact_symbol
APLNR,2534,exact_symbol
APLP1,2535,exact_symbol
APLP2,2536,exact_symbol
APMAP,2537,exact_symbol
APOA1,2538,exact_symbol
APOA2,2539,exact_symbol
APOA4,2540,exact_symbol
APOA5,2541,exact_symbol
APOB,2542,exact_symbol
APOBEC1,2543,exact_symbol
APOBEC2,2544,exact_symbol
APOBEC4,2553,exact_symbol
APOC1,2555,exact_symbol
APOC2,2557,exact_symbol
APOC4,2559,exact_symbol
APOD,2561,exact_symbol
APOE,2562,exact_symbol
APOF,2563,exact_symbol
APOH,2564,exact_symbol
APOLD1,2571,exact_symbol
APOM,2572,exact_symbol
APOO,2573,exact_symbol
APOOL,2574,exact_symbol
APP,2581,exact_symbol
APPBP2,2582,exact_symbol
APPL1,2583,exact_symbol
APPL2,2584,exact_symbol
APRT,2585,exact_symbol
APTX,2586,exact_symbol
AQP1,2587,exact_symbol
AQP11,2589,exact_symbol
AQP2,2592,exact_symbol
AQP3,2593,exact_symbol
AQP4,2594,exact_symbol
AQP5,2595,exact_symbol
AQP6,2596,exact_symbol
AQP8,2603,exact_symbol
AQP9,2604,exact_symbol
AQR,2605,exact_symbol
AR,2606,exact_symbol
ARAF,2607,exact_symbol
ARAP1,2611,exact_symbol
ARAP2,2612,exact_symbol
ARAP3,2613,exact_symbol
ARC,2614,exact_symbol
ARCN1,2615,exact_symbol
AREG,2616,exact_symbol
AREL1,2617,exact_symbol
ARF1,2618,exact_symbol
ARF3,2622,exact_symbol
ARF4,2623,exact_symbol
ARF5,2628,exact_symbol
ARF6,2629,exact_symbol
ARFGAP1,2630,exact_symbol
ARFGAP2,2631,exact_symbol
ARFGAP3,2632,exact_symbol
ARFGEF1,2633,exact_symbol
ARFGEF2,2634,exact_symbol
ARFGEF3,2635,exact_symbol
ARFIP1,2636,exact_symbol
ARFIP2,2637,exact_symbol
ARFRP1,2638,exact_symbol
ARG1,2639,exact_symbol
ARG2,2640,exact_symbol
ARGLU1,2644,exact_symbol
ARHGAP1,2645,exact_symbol
ARHGAP10,2646,exact_symbol
ARHGAP11A,2647,exact_symbol
ARHGAP12,2649,exact_symbol
ARHGAP15,2650,exact_symbol
ARHGAP17,2651,exact_symbol
ARHGAP18,2652,exact_symbol
ARHGAP19,2653,exact_symbol
ARHGAP20,2655,exact_symbol
ARHGAP21,2656,exact_symbol
ARHGAP22,2657,exact_symbol
ARHGAP23,2658,exact_symbol
ARHGAP24,2660,exact_symbol
ARHGAP25,2661,exact_symbol
ARHGAP26,2662,exact_symbol
ARHGAP27,2663,exact_symbol
ARHGAP28,2664,exact_symbol
ARHGAP29,2665,exact_symbol
ARHGAP30,2666,exact_symbol
ARHGAP31,2667,exact_symbol
ARHGAP32,2668,exact_symbol
ARHGAP33,2669,exact_symbol
ARHGAP35,2670,exact_symbol
ARHGAP36,2671,exact_symbol
ARHGAP39,2672,exact_symbol
ARHGAP4,2673,exact_symbol
ARHGAP40,2674,exact_symbol
ARHGAP42,2675,exact_symbol
ARHGAP44,2681,exact_symbol
ARHGAP45,2682,exact_symbol
ARHGAP5,2683,exact_symbol
ARHGAP6,2684,exact_symbol
ARHGAP8,2685,exact_symbol
ARHGAP9,2686,exact_symbol
ARHGDIA,2687,exact_symbol
ARHGDIB,2688,exact_symbol
ARHGDIG,2689,exact_symbol
ARHGEF1,2690,exact_symbol
ARHGEF10,2691,exact_symbol
ARHGEF10L,2692,exact_symbol
ARHGEF11,2693,exact_symbol
ARHGEF12,2694,exact_symbol
ARHGEF15,2695,exact_symbol
ARHGEF16,2696,exact_symbol
ARHGEF17,2697,exact_symbol
ARHGEF18,2698,exact_symbol
ARHGEF19,2699,exact_symbol
ARHGEF2,2700,exact_symbol
ARHGEF25,2701,exact_symbol
ARHGEF26,2702,exact_symbol
ARHGEF28,2703,exact_symbol
ARHGEF3,2704,exact_symbol
ARHGEF33,2705,exact_symbol
ARHGEF37,2708,exact_symbol
ARHGEF38,2709,exact_symbol
ARHGEF39,2710,exact_symbol
ARHGEF40,2712,exact_symbol
ARHGEF5,2713,exact_symbol
ARHGEF6,2714,exact_symbol
ARHGEF7,2715,exact_symbol
ARHGEF9,2716,exact_symbol
ARID1A,2717,exact_symbol
ARID1B,2718,exact_symbol
ARID2,2719,exact_symbol
ARID3A,2720,exact_symbol
ARID3B,2721,exact_symbol
ARID3C,2722,exact_symbol
ARID4A,2723,exact_symbol
ARID4B,2724,exact_symbol
ARID5A,2725,exact_symbol
ARID5B,2726,exact_symbol
ARIH1,2727,exact_symbol
ARIH2,2728,exact_symbol
ARL1,2731,exact_symbol
ARL10,2732,exact_symbol
ARL11,2733,exact_symbol
ARL13B,2735,exact_symbol
ARL14,2736,exact_symbol
ARL14EP,2737,exact_symbol
ARL14EPL,2738,exact_symbol
ARL15,2739,exact_symbol
ARL16,2740,exact_symbol
ARL2,2743,exact_symbol
ARL2BP,2745,exact_symbol
ARL3,2755,exact_symbol
ARL4A,2756,exact_symbol
ARL4C,2759,exact_symbol
ARL4D,2760,exact_symbol
ARL5A,2761,exact_symbol
ARL5B,2766,exact_symbol
ARL5C,2767,exact_symbol
ARL6,2768,exact_symbol
ARL6IP1,2769,exact_symbol
ARL6IP4,2773,exact_symbol
ARL6IP5,2774,exact_symbol
ARL6IP6,2775,exact_symbol
ARL8A,2776,exact_symbol
ARL8B,2777,exact_symbol
ARMC1,2779,exact_symbol
ARMC10,2780,exact_symbol
ARMC12,2782,exact_symbol
ARMC2,2783,exact_symbol
ARMC3,2784,exact_symbol
ARMC5,2787,exact_symbol
ARMC6,2788,exact_symbol
ARMC7,2789,exact_symbol
ARMC8,2790,exact_symbol
ARMC9,2792,exact_symbol
ARMCX1,2793,exact_symbol
ARMCX2,2794,exact_symbol
ARMCX3,2795,exact_symbol
ARMCX4,2796,exact_symbol
ARMCX5,2797,exact_symbol
ARMCX6,2798,exact_symbol
ARMH1,4004,hgnc_previous_symbol
ARMH2,4163,hgnc_previous_symbol
ARMH3,3772,hgnc_previous_symbol
ARMH4,3843,hgnc_previous_symbol
ARMT1,2801,exact_symbol
ARNT,2802,exact_symbol
ARNT2,2803,exact_symbol
ARPC1A,2806,exact_symbol
ARPC2,2808,exact_symbol
ARPC3,2809,exact_symbol
ARPC4,2813,exact_symbol
ARPC5,2815,exact_symbol
ARPC5L,2816,exact_symbol
ARPIN,2817,exact_symbol
ARPP19,2818,exact_symbol
ARPP21,2819,exact_symbol
ARR3,2820,exact_symbol
ARRB1,2821,exact_symbol
ARRB2,2822,exact_symbol
ARRDC1,2823,exact_symbol
ARRDC2,2824,exact_symbol
ARRDC3,2825,exact_symbol
ARRDC4,2826,exact_symbol
ARRDC5,2827,exact_symbol
ARSA,2828,exact_symbol
ARSB,2829,exact_symbol
ARSG,2836,exact_symbol
ARSI,2838,exact_symbol
ARSJ,2839,exact_symbol
ARSK,2840,exact_symbol
ART1,2841,exact_symbol
ART3,2844,exact_symbol
ART4,2845,exact_symbol
ART5,2846,exact_symbol
ARTN,2847,exact_symbol
ARV1,2848,exact_symbol
ARVCF,2849,exact_symbol
ARX,2850,exact_symbol
AS3MT,2851,exact_symbol
ASAH1,2852,exact_symbol
ASAP1,2855,exact_symbol
ASAP2,2856,exact_symbol
ASAP3,2857,exact_symbol
ASB1,2858,exact_symbol
ASB10,2859,exact_symbol
ASB11,2860,exact_symbol
ASB12,2861,exact_symbol
ASB13,2862,exact_symbol
ASB14,2863,exact_symbol
ASB15,2864,exact_symbol
ASB16,2865,exact_symbol
ASB17,2866,exact_symbol
ASB18,2867,exact_symbol
ASB2,2868,exact_symbol
ASB3,2869,exact_symbol
ASB4,2870,exact_symbol
ASB5,2871,exact_symbol
ASB6,2872,exact_symbol
ASB7,2873,exact_symbol
ASB8,2874,exact_symbol
ASB9,2875,exact_symbol
ASCC1,2877,exact_symbol
ASCC2,2878,exact_symbol
ASCC3,2879,exact_symbol
ASCL1,2880,exact_symbol
ASCL2,2881,exact_symbol
ASCL3,2882,exact_symbol
ASCL4,2883,exact_symbol
ASCL5,2884,exact_symbol
ASF1A,2885,exact_symbol
ASF1B,2886,exact_symbol
ASGR1,2887,exact_symbol
ASGR2,2888,exact_symbol
ASH1L,2889,exact_symbol
ASH2L,2890,exact_symbol
ASIC1,2892,exact_symbol
ASIC2,2893,exact_symbol
ASIC3,2894,exact_symbol
ASIC4,2895,exact_symbol
ASIC5,2896,exact_symbol
ASIP,2897,exact_symbol
ASL,2898,exact_symbol
ASNS,2903,exact_symbol
ASNSD1,2904,exact_symbol
ASPA,2909,exact_symbol
ASPDH,2910,exact_symbol
ASPG,2911,exact_symbol
ASPH,2912,exact_symbol
ASPHD1,2913,exact_symbol
ASPHD2,2914,exact_symbol
ASPM,2915,exact_symbol
ASPN,2916,exact_symbol
ASPRV1,2917,exact_symbol
ASPSCR1,2918,exact_symbol
ASRGL1,2919,exact_symbol
ASS1,2920,exact_symbol
ASTE1,2931,exact_symbol
ASTL,2932,exact_symbol
ASTN1,2933,exact_symbol
ASTN2,2934,exact_symbol
ASXL1,2936,exact_symbol
ASXL2,2937,exact_symbol
ASXL3,2938,exact_symbol
ASZ1,2939,exact_symbol
ATAD1,2940,exact_symbol
ATAD2,2941,exact_symbol
ATAD2B,2942,exact_symbol
ATAD3A,2943,exact_symbol
ATAD5,2946,exact_symbol
ATAT1,2947,exact_symbol
ATCAY,2948,exact_symbol
ATE1,2949,exact_symbol
ATF1,2951,exact_symbol
ATF2,2953,exact_symbol
ATF3,2954,exact_symbol
ATF4,2955,exact_symbol
ATF5,2960,exact_symbol
ATF6,2961,exact_symbol
ATF6B,2962,exact_symbol
ATF7,2963,exact_symbol
ATF7IP,2964,exact_symbol
ATG10,2966,exact_symbol
ATG101,2967,exact_symbol
ATG12,2968,exact_symbol
ATG13,2970,exact_symbol
ATG14,2971,exact_symbol
ATG16L1,2972,exact_symbol
ATG16L2,2973,exact_symbol
ATG2A,2974,exact_symbol
ATG2B,2975,exact_symbol
ATG3,2976,exact_symbol
ATG4B,2980,exact_symbol
ATG4C,2981,exact_symbol
ATG4D,2982,exact_symbol
ATG5,2983,exact_symbol
ATG7,2984,exact_symbol
ATG9A,2985,exact_symbol
ATG9B,2986,exact_symbol
ATIC,2988,exact_symbol
ATL1,2989,exact_symbol
ATL2,2990,exact_symbol
ATL3,2991,exact_symbol
ATM,2992,exact_symbol
ATMIN,2993,exact_symbol
ATN1,2994,exact_symbol
ATOH1,2995,exact_symbol
ATOH7,2996,exact_symbol
ATOH8,2997,exact_symbol
ATOX1,2998,exact_symbol
ATP10A,2999,exact_symbol
ATP10B,3000,exact_symbol
ATP10D,3001,exact_symbol
ATP11A,3002,exact_symbol
ATP11B,3003,exact_symbol
ATP11C,3004,exact_symbol
ATP12A,3005,exact_symbol
ATP13A1,3006,exact_symbol
ATP13A2,3007,exact_symbol
ATP13A3,3008,exact_symbol
ATP13A4,3009,exact_symbol
ATP13A5,3010,exact_symbol
ATP1A1,3011,exact_symbol
ATP1A2,3012,exact_symbol
ATP1A3,3013,exact_symbol
ATP1A4,3014,exact_symbol
ATP1B1,3015,exact_symbol
ATP1B2,3017,exact_symbol
ATP1B3,3018,exact_symbol
ATP1B4,3020,exact_symbol
ATP23,3021,exact_symbol
ATP2A1,3022,exact_symbol
ATP2A2,3023,exact_symbol
ATP2A3,3024,exact_symbol
ATP2B1,3025,exact_symbol
ATP2B2,3026,exact_symbol
ATP2B3,3027,exact_symbol
ATP2B4,3028,exact_symbol
ATP2C1,3029,exact_symbol
ATP2C2,3030,exact_symbol
ATP4A,3031,exact_symbol
ATP4B,3032,exact_symbol
ATP5PB,3049,hgnc_previous_symbol
ATP6AP1,3094,exact_symbol
ATP6AP2,3096,exact_symbol
ATP6V0A1,3097,exact_symbol
ATP6V0A2,3098,exact_symbol
ATP6V0A4,3099,exact_symbol
ATP6V0B,3100,exact_symbol
ATP6V0C,3101,exact_symbol
ATP6V0D1,3105,exact_symbol
ATP6V0D2,3106,exact_symbol
ATP6V0E1,3107,exact_symbol
ATP6V1A,3113,exact_symbol
ATP6V1B1,3114,exact_symbol
ATP6V1B2,3115,exact_symbol
ATP6V1C1,3116,exact_symbol
ATP6V1C2,3117,exact_symbol
ATP6V1D,3118,exact_symbol
ATP6V1E1,3119,exact_symbol
ATP6V1E2,3121,exact_symbol
ATP6V1F,3122,exact_symbol
ATP6V1G1,3123,exact_symbol
ATP6V1G2,3129,exact_symbol
ATP6V1G3,3131,exact_symbol
ATP6V1H,3132,exact_symbol
ATP7A,3133,exact_symbol
ATP7B,3134,exact_symbol
ATP8A1,3135,exact_symbol
ATP8A2,3136,exact_symbol
ATP8B1,3140,exact_symbol
ATP8B2,3141,exact_symbol
ATP8B3,3142,exact_symbol
ATP8B4,3143,exact_symbol
ATP9A,3145,exact_symbol
ATP9B,3146,exact_symbol
ATPAF1,3147,exact_symbol
ATPAF2,3148,exact_symbol
ATPSCKMT,9231,hgnc_previous_symbol
ATR,3150,exact_symbol
ATRAID,3151,exact_symbol
ATRIP,3152,exact_symbol
ATRN,3153,exact_symbol
ATRNL1,3154,exact_symbol
ATRX,3155,exact_symbol
ATXN1,3156,exact_symbol
ATXN10,3157,exact_symbol
ATXN1L,3158,exact_symbol
ATXN2,3159,exact_symbol
ATXN2L,3160,exact_symbol
ATXN7,3163,exact_symbol
ATXN7L1,3164,exact_symbol
ATXN7L2,3165,exact_symbol
ATXN7L3,3166,exact_symbol
ATXN7L3B,3167,exact_symbol
AUH,3168,exact_symbol
AUNIP,3169,exact_symbol
AUP1,3170,exact_symbol
AURKA,3171,exact_symbol
AURKAIP1,3172,exact_symbol
AURKB,3174,exact_symbol
AUTS2,3176,exact_symbol
AVEN,3177,exact_symbol
AVIL,3178,exact_symbol
AVL9,3179,exact_symbol
AVP,3180,exact_symbol
AVPI1,3181,exact_symbol
AVPR1A,3182,exact_symbol
AVPR1B,3183,exact_symbol
AVPR2,3184,exact_symbol
AWAT1,3185,exact_symbol
AWAT2,3186,exact_symbol
AXDND1,3187,exact_symbol
AXIN1,3188,exact_symbol
AXIN2,3189,exact_symbol
AXL,3190,exact_symbol
AZGP1,3191,exact_symbol
AZI2,3194,exact_symbol
AZIN1,3195,exact_symbol
AZIN2,3196,exact_symbol
B2M,3199,exact_symbol
B3GALNT1,3200,exact_symbol
B3GALNT2,3202,exact_symbol
B3GALT1,3204,exact_symbol
B3GALT2,3205,exact_symbol
B3GALT4,3206,exact_symbol
B3GALT5,3207,exact_symbol
B3GALT6,3208,exact_symbol
B3GALT9,-1,missing
B3GAT1,3209,exact_symbol
B3GAT2,3210,exact_symbol
B3GAT3,3211,exact_symbol
B3GLCT,3213,exact_symbol
B3GNT2,3214,exact_symbol
B3GNT3,3216,exact_symbol
B3GNT4,3217,exact_symbol
B3GNT5,3218,exact_symbol
B3GNT6,3219,exact_symbol
B3GNT7,3220,exact_symbol
B3GNT8,3221,exact_symbol
B3GNT9,3222,exact_symbol
B3GNTL1,3223,exact_symbol
B4GALNT1,3226,exact_symbol
B4GALNT2,3227,exact_symbol
B4GALNT3,3229,exact_symbol
B4GALNT4,3230,exact_symbol
B4GALT1,3231,exact_symbol
B4GALT2,3232,exact_symbol
B4GALT3,3233,exact_symbol
B4GALT4,3234,exact_symbol
B4GALT5,3235,exact_symbol
B4GALT6,3236,exact_symbol
B4GALT7,3237,exact_symbol
B4GAT1,3238,exact_symbol
B9D1,3239,exact_symbol
B9D2,3240,exact_symbol
BAALC,3241,exact_symbol
BAAT,3242,exact_symbol
BABAM1,3244,exact_symbol
BABAM2,3626,hgnc_previous_symbol
BACE1,3245,exact_symbol
BACE2,3246,exact_symbol
BACH1,3247,exact_symbol
BACH2,3248,exact_symbol
BAD,3249,exact_symbol
BAG1,3250,exact_symbol
BAG2,3251,exact_symbol
BAG3,3252,exact_symbol
BAG4,3253,exact_symbol
BAG5,3254,exact_symbol
BAG6,3255,exact_symbol
BAHCC1,3258,exact_symbol
BAHD1,3259,exact_symbol
BAIAP2,3260,exact_symbol
BAIAP2L1,3261,exact_symbol
BAIAP2L2,3262,exact_symbol
BAIAP3,3263,exact_symbol
BAK1,3264,exact_symbol
BAMBI,3267,exact_symbol
BANF1,3268,exact_symbol
BANF2,3274,exact_symbol
BANK1,3275,exact_symbol
BANP,3276,exact_symbol
BAP1,3277,exact_symbol
BARD1,3278,exact_symbol
BARHL1,3279,exact_symbol
BARHL2,3280,exact_symbol
BARX1,3281,exact_symbol
BARX2,3282,exact_symbol
BASP1,3283,exact_symbol
BATF,3285,exact_symbol
BATF2,3286,exact_symbol
BATF3,3287,exact_symbol
BAX,3288,exact_symbol
BAZ1A,3289,exact_symbol
BAZ1B,3290,exact_symbol
BAZ2A,3291,exact_symbol
BAZ2B,3292,exact_symbol
BBC3,3293,exact_symbol
BBIP1,3294,exact_symbol
BBLN,4219,stable_id
BBOF1,3295,exact_symbol
BBOX1,3296,exact_symbol
BBS1,3297,exact_symbol
BBS10,3298,exact_symbol
BBS12,3299,exact_symbol
BBS2,3300,exact_symbol
BBS4,3301,exact_symbol
BBS5,3302,exact_symbol
BBS7,3303,exact_symbol
BBS9,3304,exact_symbol
BBX,3305,exact_symbol
BCAM,3306,exact_symbol
BCAN,3307,exact_symbol
BCAP29,3308,exact_symbol
BCAP31,3309,exact_symbol
BCAR1,3312,exact_symbol
BCAR3,3315,exact_symbol
BCAS1,3316,exact_symbol
BCAS2,3317,exact_symbol
BCAS3,3321,exact_symbol
BCAT1,3323,exact_symbol
BCAT2,3324,exact_symbol
BCCIP,3325,exact_symbol
BCDIN3D,3326,exact_symbol
BCHE,3327,exact_symbol
BCKDHA,3328,exact_symbol
BCKDHB,3329,exact_symbol
BCKDK,3330,exact_symbol
BCL10,3331,exact_symbol
BCL11A,3332,exact_symbol
BCL11B,3333,exact_symbol
BCL2,3334,exact_symbol
BCL2L1,3336,exact_symbol
BCL2L11,3338,exact_symbol
BCL2L12,3339,exact_symbol
BCL2L13,3341,exact_symbol
BCL2L14,3342,exact_symbol
BCL2L15,3343,exact_symbol
BCL2L2,3344,exact_symbol
BCL3,3346,exact_symbol
BCL6,3347,exact_symbol
BCL6B,3348,exact_symbol
BCL7A,3349,exact_symbol
BCL7B,3350,exact_symbol
BCL7C,3351,exact_symbol
BCL9,3352,exact_symbol
BCL9L,3353,exact_symbol
BCLAF1,3355,exact_symbol
BCLAF3,7188,hgnc_previous_symbol
BCO1,3358,exact_symbol
BCO2,3359,exact_symbol
BCOR,3360,exact_symbol
BCORL1,3361,exact_symbol
BCR,3363,exact_symbol
BCS1L,3373,exact_symbol
BDH1,3374,exact_symbol
BDH2,3375,exact_symbol
BDKRB1,3377,exact_symbol
BDKRB2,3378,exact_symbol
BDNF,3379,exact_symbol
BDP1,3380,exact_symbol
BEAN1,3382,exact_symbol
BECN1,3383,exact_symbol
BECN2,3385,exact_symbol
BEGAIN,3386,exact_symbol
BEND3,3388,exact_symbol
BEND4,3392,exact_symbol
BEND5,3393,exact_symbol
BEND6,3394,exact_symbol
BEND7,3395,exact_symbol
BEST1,3397,exact_symbol
BEST2,3398,exact_symbol
BEST3,3399,exact_symbol
BET1L,3402,exact_symbol
BEX3,3406,exact_symbol
BFAR,3409,exact_symbol
BFSP1,3410,exact_symbol
BFSP2,3411,exact_symbol
BGN,3413,exact_symbol
BHLHA15,3414,exact_symbol
BHLHA9,3415,exact_symbol
BHLHE22,3418,exact_symbol
BHLHE23,3419,exact_symbol
BHLHE40,3420,exact_symbol
BHLHE41,3421,exact_symbol
BHMT2,3424,exact_symbol
BICC1,3425,exact_symbol
BICD1,3426,exact_symbol
BICD2,3428,exact_symbol
BICDL1,3429,exact_symbol
BICDL2,3430,exact_symbol
BICRA,10626,hgnc_previous_symbol
BICRAL,10627,hgnc_previous_symbol
BID,3431,exact_symbol
BIN1,3433,exact_symbol
BIN2,3434,exact_symbol
BIN3,3437,exact_symbol
BIRC2,3438,exact_symbol
BIRC3,3439,exact_symbol
BIRC5,3440,exact_symbol
BIRC6,3441,exact_symbol
BIRC7,3442,exact_symbol
BLCAP,3447,exact_symbol
BLK,3449,exact_symbol
BLM,3450,exact_symbol
BLMH,3451,exact_symbol
BLNK,3452,exact_symbol
BLOC1S1,3453,exact_symbol
BLOC1S2,3454,exact_symbol
BLOC1S3,3456,exact_symbol
BLOC1S4,3457,exact_symbol
BLOC1S5,3458,exact_symbol
BLOC1S6,3460,exact_symbol
BLVRA,3461,exact_symbol
BLVRB,3462,exact_symbol
BLZF1,3463,exact_symbol
BMERB1,3861,hgnc_previous_symbol
BMF,3465,exact_symbol
BMI1,3466,exact_symbol
BMP1,3468,exact_symbol
BMP10,3469,exact_symbol
BMP15,3470,exact_symbol
BMP2,3471,exact_symbol
BMP2K,3472,exact_symbol
BMP3,3474,exact_symbol
BMP4,3475,exact_symbol
BMP5,3476,exact_symbol
BMP6,3477,exact_symbol
BMP7,3479,exact_symbol
BMPER,3482,exact_symbol
BMPR1A,3483,exact_symbol
BMPR1B,3486,exact_symbol
BMPR2,3487,exact_symbol
BMS1,3488,exact_symbol
BMX,3507,exact_symbol
BNC1,3508,exact_symbol
BNC2,3509,exact_symbol
BNIP1,3510,exact_symbol
BNIP2,3511,exact_symbol
BNIP3,3512,exact_symbol
BNIP3L,3513,exact_symbol
BNIPL,3553,exact_symbol
BOC,3554,exact_symbol
BOD1L1,3556,exact_symbol
BOK,3560,exact_symbol
BOLA1,3561,exact_symbol
BOLA3,3567,exact_symbol
BOLL,3572,exact_symbol
BOP1,3573,exact_symbol
BORA,3574,exact_symbol
BORCS5,3575,exact_symbol
BORCS6,3576,exact_symbol
BORCS7,3577,exact_symbol
BORCS8,3579,exact_symbol
BPGM,3581,exact_symbol
BPHL,3582,exact_symbol
BPI,3583,exact_symbol
BPIFA3,3586,exact_symbol
BPIFB1,3588,exact_symbol
BPIFB2,3589,exact_symbol
BPIFB3,3590,exact_symbol
BPIFB4,3591,exact_symbol
BPIFB6,3593,exact_symbol
BPIFC,3595,exact_symbol
BPNT1,3596,exact_symbol
BPNT2,13106,hgnc_previous_symbol
BPTF,3597,exact_symbol
BRAF,3602,exact_symbol
BRAP,3604,exact_symbol
BRAT1,3605,exact_symbol
BRCA1,3606,exact_symbol
BRCA2,3607,exact_symbol
BRD1,3610,exact_symbol
BRD2,3611,exact_symbol
BRD3,3612,exact_symbol
BRD4,3613,exact_symbol
BRD7,3614,exact_symbol
BRD8,3620,exact_symbol
BRD9,3621,exact_symbol
BRDT,3624,exact_symbol
BRF1,3627,exact_symbol
BRF2,3628,exact_symbol
BRI3,3629,exact_symbol
BRI3BP,3630,exact_symbol
BRICD5,3633,exact_symbol
BRINP1,3634,exact_symbol
BRINP2,3635,exact_symbol
BRINP3,3636,exact_symbol
BRIP1,3637,exact_symbol
BRIX1,3638,exact_symbol
BRK1,3640,exact_symbol
BRMS1,3642,exact_symbol
BRMS1L,3643,exact_symbol
BROX,3644,exact_symbol
BRPF1,3645,exact_symbol
BRPF3,3646,exact_symbol
BRS3,3647,exact_symbol
BRSK1,3648,exact_symbol
BRSK2,3649,exact_symbol
BRWD1,3650,exact_symbol
BRWD3,3654,exact_symbol
BSCL2,3655,exact_symbol
BSDC1,3656,exact_symbol
BSG,3657,exact_symbol
BSN,3658,exact_symbol
BSND,3659,exact_symbol
BSPRY,3665,exact_symbol
BST1,3666,exact_symbol
BSX,3668,exact_symbol
BTAF1,3669,exact_symbol
BTBD1,3670,exact_symbol
BTBD10,3671,exact_symbol
BTBD16,3675,exact_symbol
BTBD17,3676,exact_symbol
BTBD18,3677,exact_symbol
BTBD19,3678,exact_symbol
BTBD2,3679,exact_symbol
BTBD3,3680,exact_symbol
BTBD6,3681,exact_symbol
BTBD7,3683,exact_symbol
BTBD8,3686,exact_symbol
BTBD9,3687,exact_symbol
BTC,3688,exact_symbol
BTD,3689,exact_symbol
BTF3,3690,exact_symbol
BTG1,3709,exact_symbol
BTG2,3711,exact_symbol
BTG3,3712,exact_symbol
BTG4,3714,exact_symbol
BTK,3716,exact_symbol
BTLA,3717,exact_symbol
BTN1A1,3718,exact_symbol
BTN2A2,3720,exact_symbol
BTNL2,3726,exact_symbol
BTNL9,3729,exact_symbol
BTRC,3730,exact_symbol
BUB1,3731,exact_symbol
BUB1B,3732,exact_symbol
BUB3,3735,exact_symbol
BUD13,3737,exact_symbol
BUD23,33922,hgnc_previous_symbol
BUD31,3739,exact_symbol
BYSL,3751,exact_symbol
BZW1,3752,exact_symbol
BZW2,3755,exact_symbol
C1D,3934,exact_symbol
C1GALT1,3940,exact_symbol
C1GALT1C1,3941,exact_symbol
C1QA,3946,exact_symbol
C1QB,3947,exact_symbol
C1QBP,3948,exact_symbol
C1QC,3951,exact_symbol
C1QL1,3952,exact_symbol
C1QL2,3954,exact_symbol
C1QL3,3955,exact_symbol
C1QL4,3956,exact_symbol
C1QTNF1,3957,exact_symbol
C1QTNF12,9164,hgnc_previous_symbol
C1QTNF2,3958,exact_symbol
C1QTNF3,3959,exact_symbol
C1QTNF4,3961,exact_symbol
C1QTNF5,3962,exact_symbol
C1QTNF6,3963,exact_symbol
C1QTNF7,3964,exact_symbol
C1RL,3970,exact_symbol
C2,4020,exact_symbol
C2CD2,4045,exact_symbol
C2CD2L,4046,exact_symbol
C2CD3,4047,exact_symbol
C2CD4C,4050,exact_symbol
C2CD4D,4051,exact_symbol
C2CD5,4052,exact_symbol
C3,4087,exact_symbol
C3AR1,4088,exact_symbol
C5AR1,4128,exact_symbol
C5AR2,4129,exact_symbol
C6,4147,exact_symbol
C7,4171,exact_symbol
C8A,4188,exact_symbol
C8B,4189,exact_symbol
C8G,4190,exact_symbol
C9,4210,exact_symbol
CA1,4237,exact_symbol
CA10,4238,exact_symbol
CA11,4239,exact_symbol
CA12,4240,exact_symbol
CA13,4241,exact_symbol
CA14,4242,exact_symbol
CA2,4245,exact_symbol
CA3,4246,exact_symbol
CA4,4247,exact_symbol
CA5A,4248,exact_symbol
CA5B,4250,exact_symbol
CA6,4252,exact_symbol
CA7,4253,exact_symbol
CA8,4254,exact_symbol
CA9,4255,exact_symbol
CAAP1,4256,exact_symbol
CAB39,4257,exact_symbol
CAB39L,4258,exact_symbol
CABCOCO1,3758,hgnc_previous_symbol
CABIN1,4260,exact_symbol
CABLES1,4261,exact_symbol
CABLES2,4262,exact_symbol
CABP1,4263,exact_symbol
CABP2,4264,exact_symbol
CABP4,4265,exact_symbol
CABP5,4266,exact_symbol
CABP7,4267,exact_symbol
CABS1,4268,exact_symbol
CABYR,4269,exact_symbol
CACFD1,4271,exact_symbol
CACHD1,4272,exact_symbol
CACNA1A,4273,exact_symbol
CACNA1B,4274,exact_symbol
CACNA1C,4275,exact_symbol
CACNA1D,4276,exact_symbol
CACNA1E,4277,exact_symbol
CACNA1F,4278,exact_symbol
CACNA1G,4279,exact_symbol
CACNA1H,4280,exact_symbol
CACNA1I,4281,exact_symbol
CACNA1S,4282,exact_symbol
CACNA2D1,4283,exact_symbol
CACNA2D2,4284,exact_symbol
CACNA2D3,4285,exact_symbol
CACNA2D4,4286,exact_symbol
CACNB1,4287,exact_symbol
CACNB2,4288,exact_symbol
CACNB3,4289,exact_symbol
CACNB4,4290,exact_symbol
CACNG1,4291,exact_symbol
CACNG2,4292,exact_symbol
CACNG3,4293,exact_symbol
CACNG4,4294,exact_symbol
CACNG5,4295,exact_symbol
CACNG6,4296,exact_symbol
CACNG7,4297,exact_symbol
CACNG8,4298,exact_symbol
CACTIN,4299,exact_symbol
CACUL1,4300,exact_symbol
CACYBP,4301,exact_symbol
CAD,4305,exact_symbol
CADM1,4306,exact_symbol
CADM2,4307,exact_symbol
CADM3,4308,exact_symbol
CADM4,4309,exact_symbol
CADPS2,4311,exact_symbol
CAGE1,4312,exact_symbol
CALB1,4313,exact_symbol
CALB2,4314,exact_symbol
CALCB,4316,exact_symbol
CALCOCO1,4317,exact_symbol
CALCR,4320,exact_symbol
CALCRL,4321,exact_symbol
CALD1,4322,exact_symbol
CALHM1,4323,exact_symbol
CALHM2,4324,exact_symbol
CALHM3,4325,exact_symbol
CALHM4,9353,hgnc_previous_symbol
CALHM5,9354,hgnc_previous_symbol
CALHM6,9355,hgnc_previous_symbol
CALM1,4326,exact_symbol
CALM2,4329,exact_symbol
CALM3,4334,exact_symbol
CALML3,4335,exact_symbol
CALML4,4336,exact_symbol
CALN1,4339,exact_symbol
CALR,4340,exact_symbol
CALR3,4341,exact_symbol
CALU,4343,exact_symbol
CALY,4344,exact_symbol
CAMK1,4345,exact_symbol
CAMK1D,4346,exact_symbol
CAMK1G,4347,exact_symbol
CAMK2A,4348,exact_symbol
CAMK2B,4349,exact_symbol
CAMK2G,4351,exact_symbol
CAMK2N1,4352,exact_symbol
CAMK2N2,4353,exact_symbol
CAMK4,4354,exact_symbol
CAMKK1,4355,exact_symbol
CAMKK2,4356,exact_symbol
CAMKMT,4357,exact_symbol
CAMKV,4358,exact_symbol
CAMLG,4359,exact_symbol
CAMP,4360,exact_symbol
CAMSAP1,4361,exact_symbol
CAMSAP2,4362,exact_symbol
CAMSAP3,4363,exact_symbol
CAMTA1,4364,exact_symbol
CAMTA2,4365,exact_symbol
CAND1,4366,exact_symbol
CAND2,4367,exact_symbol
CANT1,4368,exact_symbol
CANX,4369,exact_symbol
CAP1,4370,exact_symbol
CAP2,4372,exact_symbol
CAPG,4374,exact_symbol
CAPN1,4375,exact_symbol
CAPN10,4376,exact_symbol
CAPN11,4377,exact_symbol
CAPN12,4378,exact_symbol
CAPN13,4379,exact_symbol
CAPN15,4381,exact_symbol
CAPN2,4382,exact_symbol
CAPN3,4383,exact_symbol
CAPN5,4384,exact_symbol
CAPN6,4385,exact_symbol
CAPN7,4386,exact_symbol
CAPN8,4387,exact_symbol
CAPN9,4388,exact_symbol
CAPNS1,4389,exact_symbol
CAPNS2,4391,exact_symbol
CAPRIN1,4392,exact_symbol
CAPRIN2,4393,exact_symbol
CAPS2,4395,exact_symbol
CAPSL,4396,exact_symbol
CAPZA2,4398,exact_symbol
CAPZA3,4399,exact_symbol
CAPZB,4400,exact_symbol
CARD10,4401,exact_symbol
CARD11,4402,exact_symbol
CARD14,4403,exact_symbol
CARD19,4407,exact_symbol
CARD6,4408,exact_symbol
CARD9,4410,exact_symbol
CARF,4411,exact_symbol
CARHSP1,4412,exact_symbol
CARM1,4413,exact_symbol
CARMIL1,14799,hgnc_previous_symbol
CARMIL2,4415,exact_symbol
CARMIL3,4416,exact_symbol
CARNMT1,4417,exact_symbol
CARNS1,4418,exact_symbol
CARS2,4420,exact_symbol
CARTPT,4423,exact_symbol
CASC3,4426,exact_symbol
CASD1,4430,exact_symbol
CASK,4431,exact_symbol
CASKIN1,4432,exact_symbol
CASKIN2,4433,exact_symbol
CASP14,4438,exact_symbol
CASP2,4442,exact_symbol
CASP3,4443,exact_symbol
CASP6,4447,exact_symbol
CASP7,4448,exact_symbol
CASP8,4449,exact_symbol
CASP8AP2,4450,exact_symbol
CASP9,4451,exact_symbol
CASQ1,4452,exact_symbol
CASQ2,4453,exact_symbol
CASR,4454,exact_symbol
CASS4,4455,exact_symbol
CAST,4456,exact_symbol
CASTOR1,10364,hgnc_previous_symbol
CASTOR2,10363,hgnc_previous_symbol
CAT,4458,exact_symbol
CATIP,4459,exact_symbol
CATSPER2,4461,exact_symbol
CATSPER3,4463,exact_symbol
CATSPER4,4464,exact_symbol
CAV1,4468,exact_symbol
CAV2,4469,exact_symbol
CAV3,4470,exact_symbol
CAVIN1,20963,hgnc_previous_symbol
CAVIN2,28815,hgnc_previous_symbol
CAVIN3,20514,hgnc_previous_symbol
CAVIN4,16606,hgnc_previous_symbol
CBARP,4471,exact_symbol
CBFA2T2,4472,exact_symbol
CBFA2T3,4473,exact_symbol
CBFB,4474,exact_symbol
CBL,4475,exact_symbol
CBLB,4476,exact_symbol
CBLC,4477,exact_symbol
CBLIF,10519,hgnc_previous_symbol
CBLL1,4478,exact_symbol
CBLN1,4479,exact_symbol
CBLN2,4480,exact_symbol
CBLN3,4481,exact_symbol
CBLN4,4482,exact_symbol
CBR3,4484,exact_symbol
CBR4,4485,exact_symbol
CBS,4486,exact_symbol
CBX1,4493,exact_symbol
CBX2,4499,exact_symbol
CBX3,4500,exact_symbol
CBX4,4510,exact_symbol
CBX5,4511,exact_symbol
CBX6,4513,exact_symbol
CBX7,4514,exact_symbol
CBX8,4515,exact_symbol
CBY1,4516,exact_symbol
CBY2,30322,hgnc_previous_symbol
CC2D1A,4518,exact_symbol
CC2D1B,4519,exact_symbol
CC2D2A,4520,exact_symbol
CC2D2B,4521,exact_symbol
CCAR1,4522,exact_symbol
CCAR2,4523,exact_symbol
CCBE1,4524,exact_symbol
CCDC102A,4525,exact_symbol
CCDC106,4529,exact_symbol
CCDC107,4530,exact_symbol
CCDC112,4533,exact_symbol
CCDC116,4537,exact_symbol
CCDC117,4538,exact_symbol
CCDC12,4540,exact_symbol
CCDC120,4541,exact_symbol
CCDC122,4543,exact_symbol
CCDC124,4544,exact_symbol
CCDC125,4545,exact_symbol
CCDC126,4546,exact_symbol
CCDC127,4547,exact_symbol
CCDC13,4549,exact_symbol
CCDC134,4551,exact_symbol
CCDC136,4552,exact_symbol
CCDC137,4553,exact_symbol
CCDC138,4554,exact_symbol
CCDC14,4555,exact_symbol
CCDC141,4557,exact_symbol
CCDC142,4558,exact_symbol
CCDC146,4563,exact_symbol
CCDC148,4564,exact_symbol
CCDC149,4565,exact_symbol
CCDC15,4566,exact_symbol
CCDC150,4567,exact_symbol
CCDC152,4570,exact_symbol
CCDC154,4572,exact_symbol
CCDC157,4574,exact_symbol
CCDC158,4575,exact_symbol
CCDC159,4576,exact_symbol
CCDC160,4577,exact_symbol
CCDC167,4581,exact_symbol
CCDC169,4583,exact_symbol
CCDC17,4585,exact_symbol
CCDC170,4586,exact_symbol
CCDC171,4587,exact_symbol
CCDC172,4588,exact_symbol
CCDC174,4590,exact_symbol
CCDC177,4592,exact_symbol
CCDC178,4593,exact_symbol
CCDC18,4595,exact_symbol
CCDC180,4596,exact_symbol
CCDC181,4597,exact_symbol
CCDC182,4598,exact_symbol
CCDC184,4600,exact_symbol
CCDC185,4601,exact_symbol
CCDC186,4602,exact_symbol
CCDC188,4604,exact_symbol
CCDC190,4606,exact_symbol
CCDC191,4607,exact_symbol
CCDC192,4608,exact_symbol
CCDC194,-1,missing
CCDC195,-1,missing
CCDC22,4609,exact_symbol
CCDC24,4610,exact_symbol
CCDC25,4611,exact_symbol
CCDC28A,4613,exact_symbol
CCDC28B,4614,exact_symbol
CCDC3,4615,exact_symbol
CCDC32,3855,hgnc_previous_symbol
CCDC34,4618,exact_symbol
CCDC38,4621,exact_symbol
CCDC39,4622,exact_symbol
CCDC40,4623,exact_symbol
CCDC42,4624,exact_symbol
CCDC43,4625,exact_symbol
CCDC47,4626,exact_symbol
CCDC50,4627,exact_symbol
CCDC51,4628,exact_symbol
CCDC54,4630,exact_symbol
CCDC57,4631,exact_symbol
CCDC59,4637,exact_symbol
CCDC6,4638,exact_symbol
CCDC60,4639,exact_symbol
CCDC61,4640,exact_symbol
CCDC62,4641,exact_symbol
CCDC65,4643,exact_symbol
CCDC66,4644,exact_symbol
CCDC68,4646,exact_symbol
CCDC70,4649,exact_symbol
CCDC71,4650,exact_symbol
CCDC71L,4651,exact_symbol
CCDC73,4652,exact_symbol
CCDC77,4657,exact_symbol
CCDC78,4658,exact_symbol
CCDC80,4660,exact_symbol
CCDC81,4661,exact_symbol
CCDC82,4662,exact_symbol
CCDC83,4663,exact_symbol
CCDC85A,4665,exact_symbol
CCDC85B,4666,exact_symbol
CCDC85C,4667,exact_symbol
CCDC86,4668,exact_symbol
CCDC87,4669,exact_symbol
CCDC88A,4670,exact_symbol
CCDC88B,4671,exact_symbol
CCDC88C,4672,exact_symbol
CCDC89,4673,exact_symbol
CCDC9,4674,exact_symbol
CCDC90B,4675,exact_symbol
CCDC91,4676,exact_symbol
CCDC92,4677,exact_symbol
CCDC92B,4678,exact_symbol
CCDC93,4679,exact_symbol
CCDC97,4682,exact_symbol
CCDC9B,3853,hgnc_previous_symbol
CCER1,4683,exact_symbol
CCER2,4684,exact_symbol
CCHCR1,4685,exact_symbol
CCIN,4686,exact_symbol
CCK,4687,exact_symbol
CCKAR,4688,exact_symbol
CCKBR,4689,exact_symbol
CCL11,4691,exact_symbol
CCL17,4697,exact_symbol
CCL19,4699,exact_symbol
CCL20,4701,exact_symbol
CCL22,4703,exact_symbol
CCL24,4705,exact_symbol
CCL28,4709,exact_symbol
CCL5,4716,exact_symbol
CCL7,4717,exact_symbol
CCM2,4719,exact_symbol
CCM2L,4720,exact_symbol
CCN1,7375,hgnc_previous_symbol
CCN2,7072,hgnc_previous_symbol
CCN3,17437,hgnc_previous_symbol
CCN4,34041,hgnc_previous_symbol
CCN5,34042,hgnc_previous_symbol
CCN6,34043,hgnc_previous_symbol
CCNA1,4721,exact_symbol
CCNA2,4722,exact_symbol
CCNB1,4723,exact_symbol
CCNB1IP1,4724,exact_symbol
CCNB2,4728,exact_symbol
CCNC,4732,exact_symbol
CCND1,4733,exact_symbol
CCND2,4734,exact_symbol
CCND3,4736,exact_symbol
CCNDBP1,4739,exact_symbol
CCNE1,4740,exact_symbol
CCNE2,4741,exact_symbol
CCNF,4742,exact_symbol
CCNG1,4743,exact_symbol
CCNG2,4745,exact_symbol
CCNH,4747,exact_symbol
CCNI,4749,exact_symbol
CCNJ,4751,exact_symbol
CCNJL,4752,exact_symbol
CCNK,4755,exact_symbol
CCNL1,4756,exact_symbol
CCNL2,4757,exact_symbol
CCNO,4759,exact_symbol
CCNT1,4760,exact_symbol
CCNT2,4761,exact_symbol
CCNY,4763,exact_symbol
CCNYL1,4764,exact_symbol
CCP110,4767,exact_symbol
CCPG1,4768,exact_symbol
CCR10,4770,exact_symbol
CCR2,4772,exact_symbol
CCR3,4773,exact_symbol
CCR4,4774,exact_symbol
CCR5,4775,exact_symbol
CCR6,4776,exact_symbol
CCR7,4777,exact_symbol
CCR8,4778,exact_symbol
CCR9,4779,exact_symbol
CCS,4781,exact_symbol
CCSAP,4782,exact_symbol
CCSER1,4783,exact_symbol
CCSER2,4784,exact_symbol
CCT2,4785,exact_symbol
CCT3,4786,exact_symbol
CCT4,4787,exact_symbol
CCT5,4790,exact_symbol
CCT6A,4793,exact_symbol
CCT6B,4794,exact_symbol
CCT7,4799,exact_symbol
CCT8,4802,exact_symbol
CCT8L2,4804,exact_symbol
CD101,4808,exact_symbol
CD109,4809,exact_symbol
CD14,4810,exact_symbol
CD151,4811,exact_symbol
CD160,4812,exact_symbol
CD163,4813,exact_symbol
CD164,4815,exact_symbol
CD164L2,4816,exact_symbol
CD180,4819,exact_symbol
CD19,4820,exact_symbol
CD2,4826,exact_symbol
CD200,4827,exact_symbol
CD207,4830,exact_symbol
CD22,4832,exact_symbol
CD226,4833,exact_symbol
CD247,4836,exact_symbol
CD248,4837,exact_symbol
CD27,4840,exact_symbol
CD274,4841,exact_symbol
CD276,4842,exact_symbol
CD28,4843,exact_symbol
CD2AP,4844,exact_symbol
CD2BP2,4845,exact_symbol
CD300E,4848,exact_symbol
CD302,4853,exact_symbol
CD320,4854,exact_symbol
CD34,4856,exact_symbol
CD36,4857,exact_symbol
CD37,4858,exact_symbol
CD38,4859,exact_symbol
CD3D,4860,exact_symbol
CD3E,4861,exact_symbol
CD3G,4863,exact_symbol
CD4,4864,exact_symbol
CD40,4865,exact_symbol
CD40LG,4866,exact_symbol
CD44,4867,exact_symbol
CD47,4870,exact_symbol
CD5,4872,exact_symbol
CD53,4874,exact_symbol
CD5L,4878,exact_symbol
CD6,4879,exact_symbol
CD63,4880,exact_symbol
CD69,4882,exact_symbol
CD70,4884,exact_symbol
CD72,4885,exact_symbol
CD74,4886,exact_symbol
CD79A,4887,exact_symbol
CD79B,4888,exact_symbol
CD81,4890,exact_symbol
CD82,4891,exact_symbol
CD83,4892,exact_symbol
CD84,4893,exact_symbol
CD9,4898,exact_symbol
CD93,4899,exact_symbol
CD96,4900,exact_symbol
CD99L2,4902,exact_symbol
CDA,4904,exact_symbol
CDADC1,4905,exact_symbol
CDAN1,4906,exact_symbol
CDC123,4907,exact_symbol
CDC14A,4908,exact_symbol
CDC16,4911,exact_symbol
CDC20,4912,exact_symbol
CDC20B,4913,exact_symbol
CDC23,4915,exact_symbol
CDC25A,4916,exact_symbol
CDC25B,4917,exact_symbol
CDC25C,4918,exact_symbol
CDC26,4919,exact_symbol
CDC27,4920,exact_symbol
CDC37,4925,exact_symbol
CDC37L1,4926,exact_symbol
CDC40,4928,exact_symbol
CDC42,4929,exact_symbol
CDC42BPA,4930,exact_symbol
CDC42BPB,4931,exact_symbol
CDC42BPG,4932,exact_symbol
CDC42EP1,4933,exact_symbol
CDC42EP2,4934,exact_symbol
CDC42EP3,4935,exact_symbol
CDC42EP4,4937,exact_symbol
CDC42EP5,4938,exact_symbol
CDC42SE1,4945,exact_symbol
CDC42SE2,4946,exact_symbol
CDC45,4947,exact_symbol
CDC6,4949,exact_symbol
CDC7,4950,exact_symbol
CDC73,4951,exact_symbol
CDCA2,4952,exact_symbol
CDCA3,4953,exact_symbol
CDCA4,4954,exact_symbol
CDCA5,4959,exact_symbol
CDCA7,4960,exact_symbol
CDCA7L,4961,exact_symbol
CDCA8,4962,exact_symbol
CDCP1,4963,exact_symbol
CDCP2,4964,exact_symbol
CDH1,4965,exact_symbol
CDH10,4966,exact_symbol
CDH11,4967,exact_symbol
CDH12,4968,exact_symbol
CDH13,4973,exact_symbol
CDH15,4974,exact_symbol
CDH16,4975,exact_symbol
CDH17,4976,exact_symbol
CDH18,4977,exact_symbol
CDH19,4978,exact_symbol
CDH2,4979,exact_symbol
CDH20,4980,exact_symbol
CDH22,4981,exact_symbol
CDH23,4982,exact_symbol
CDH24,4983,exact_symbol
CDH26,4984,exact_symbol
CDH3,4985,exact_symbol
CDH4,4986,exact_symbol
CDH5,4987,exact_symbol
CDH6,4988,exact_symbol
CDH7,4989,exact_symbol
CDH8,4990,exact_symbol
CDH9,4991,exact_symbol
CDHR1,4992,exact_symbol
CDHR2,4993,exact_symbol
CDHR3,4994,exact_symbol
CDHR4,4995,exact_symbol
CDHR5,4996,exact_symbol
CDIN1,3851,hgnc_previous_symbol
CDIP1,4997,exact_symbol
CDIPT,4998,exact_symbol
CDK1,5000,exact_symbol
CDK10,5001,exact_symbol
CDK12,5004,exact_symbol
CDK13,5005,exact_symbol
CDK14,5006,exact_symbol
CDK15,5007,exact_symbol
CDK16,5008,exact_symbol
CDK17,5009,exact_symbol
CDK18,5010,exact_symbol
CDK19,5011,exact_symbol
CDK2,5012,exact_symbol
CDK20,5013,exact_symbol
CDK2AP2,5015,exact_symbol
CDK3,5019,exact_symbol
CDK4,5020,exact_symbol
CDK5,5022,exact_symbol
CDK5R1,5024,exact_symbol
CDK5R2,5025,exact_symbol
CDK5RAP1,5026,exact_symbol
CDK5RAP2,5027,exact_symbol
CDK5RAP3,5028,exact_symbol
CDK6,5029,exact_symbol
CDK7,5030,exact_symbol
CDK8,5032,exact_symbol
CDK9,5033,exact_symbol
CDKAL1,5034,exact_symbol
CDKL1,5035,exact_symbol
CDKL2,5036,exact_symbol
CDKL3,5037,exact_symbol
CDKL4,5038,exact_symbol
CDKL5,5039,exact_symbol
CDKN1A,5040,exact_symbol
CDKN1B,5041,exact_symbol
CDKN2A,5043,exact_symbol
CDKN2AIP,5044,exact_symbol
CDKN2AIPNL,5045,exact_symbol
CDKN2B,5049,exact_symbol
CDKN2C,5050,exact_symbol
CDKN2D,5051,exact_symbol
CDKN3,5052,exact_symbol
CDNF,5053,exact_symbol
CDO1,5054,exact_symbol
CDON,5055,exact_symbol
CDPF1,5056,exact_symbol
CDR2,5058,exact_symbol
CDR2L,5059,exact_symbol
CDS1,5066,exact_symbol
CDS2,5067,exact_symbol
CDSN,5068,exact_symbol
CDT1,5069,exact_symbol
CDV3,5070,exact_symbol
CDX1,5072,exact_symbol
CDX2,5073,exact_symbol
CDX4,5074,exact_symbol
CDYL2,5099,exact_symbol
CEACAM16,5101,exact_symbol
CEACAM18,5102,exact_symbol
CEACAM19,5103,exact_symbol
CEACAM20,5104,exact_symbol
CEBPA,5124,exact_symbol
CEBPB,5125,exact_symbol
CEBPD,5126,exact_symbol
CEBPE,5127,exact_symbol
CEBPG,5128,exact_symbol
CEBPZ,5129,exact_symbol
CEBPZOS,5130,exact_symbol
CECR2,5132,exact_symbol
CEL,5136,exact_symbol
CELA1,5137,exact_symbol
CELF1,5142,exact_symbol
CELF2,5143,exact_symbol
CELF3,5144,exact_symbol
CELF4,5145,exact_symbol
CELF5,5146,exact_symbol
CELF6,5147,exact_symbol
CELSR1,5149,exact_symbol
CELSR2,5150,exact_symbol
CELSR3,5151,exact_symbol
CEMIP,5152,exact_symbol
CEMIP2,31826,hgnc_previous_symbol
CEND1,5154,exact_symbol
CENPA,5156,exact_symbol
CENPB,5157,exact_symbol
CENPE,5162,exact_symbol
CENPF,5163,exact_symbol
CENPH,5164,exact_symbol
CENPI,5165,exact_symbol
CENPK,5168,exact_symbol
CENPL,5169,exact_symbol
CENPM,5170,exact_symbol
CENPN,5171,exact_symbol
CENPO,5172,exact_symbol
CENPP,5173,exact_symbol
CENPQ,5174,exact_symbol
CENPS,2530,hgnc_previous_symbol
CENPT,5175,exact_symbol
CENPU,5176,exact_symbol
CENPV,5179,exact_symbol
CENPW,5182,exact_symbol
CEP104,5183,exact_symbol
CEP112,5184,exact_symbol
CEP120,5185,exact_symbol
CEP126,5186,exact_symbol
CEP128,5187,exact_symbol
CEP131,5188,exact_symbol
CEP135,5189,exact_symbol
CEP152,5190,exact_symbol
CEP162,5191,exact_symbol
CEP170,5194,exact_symbol
CEP170B,5195,exact_symbol
CEP19,5197,exact_symbol
CEP192,5198,exact_symbol
CEP20,9916,hgnc_previous_symbol
CEP250,5199,exact_symbol
CEP290,5200,exact_symbol
CEP295,5201,exact_symbol
CEP350,5203,exact_symbol
CEP41,5204,exact_symbol
CEP43,9769,hgnc_previous_symbol
CEP44,5205,exact_symbol
CEP55,5206,exact_symbol
CEP57,5207,exact_symbol
CEP57L1,5208,exact_symbol
CEP63,5210,exact_symbol
CEP68,5211,exact_symbol
CEP70,5212,exact_symbol
CEP72,5213,exact_symbol
CEP76,5214,exact_symbol
CEP78,5215,exact_symbol
CEP83,5216,exact_symbol
CEP85,5217,exact_symbol
CEP85L,5218,exact_symbol
CEP89,5219,exact_symbol
CEP95,5220,exact_symbol
CEP97,5221,exact_symbol
CEPT1,5222,exact_symbol
CER1,5223,exact_symbol
CERCAM,5224,exact_symbol
CERK,5225,exact_symbol
CERKL,5226,exact_symbol
CERS1,5227,exact_symbol
CERS2,5228,exact_symbol
CERS3,5229,exact_symbol
CERS4,5230,exact_symbol
CERS5,5231,exact_symbol
CERS6,5232,exact_symbol
CERT1,5938,hgnc_previous_symbol
CES4A,5238,exact_symbol
CES5A,5239,exact_symbol
CETN1,5241,exact_symbol
CETN2,5242,exact_symbol
CETN3,5243,exact_symbol
CFAP100,5246,exact_symbol
CFAP126,5247,exact_symbol
CFAP157,5248,exact_symbol
CFAP161,5249,exact_symbol
CFAP20,5250,exact_symbol
CFAP206,5251,exact_symbol
CFAP20DC,4102,hgnc_previous_symbol
CFAP221,5252,exact_symbol
CFAP298,4035,hgnc_previous_symbol
CFAP299,4115,hgnc_previous_symbol
CFAP300,3795,hgnc_previous_symbol
CFAP36,5253,exact_symbol
CFAP410,4032,hgnc_previous_symbol
CFAP418,4194,stable_id
CFAP43,5254,exact_symbol
CFAP44,5255,exact_symbol
CFAP45,5256,exact_symbol
CFAP46,5257,exact_symbol
CFAP52,5259,exact_symbol
CFAP54,5261,exact_symbol
CFAP57,5262,exact_symbol
CFAP58,5263,exact_symbol
CFAP61,5264,exact_symbol
CFAP65,5265,exact_symbol
CFAP69,5266,exact_symbol
CFAP70,5267,exact_symbol
CFAP73,5268,exact_symbol
CFAP74,5269,exact_symbol
CFAP77,5270,exact_symbol
CFAP91,15029,hgnc_previous_symbol
CFAP97,5271,exact_symbol
CFAP97D1,3883,hgnc_previous_symbol
CFAP99,5272,exact_symbol
CFB,5273,exact_symbol
CFD,5276,exact_symbol
CFDP1,5277,exact_symbol
CFI,5284,exact_symbol
CFL1,5285,exact_symbol
CFL2,5294,exact_symbol
CFLAR,5295,exact_symbol
CFP,5296,exact_symbol
CFTR,5297,exact_symbol
CGA,5301,exact_symbol
CGAS,15283,hgnc_previous_symbol
CGGBP1,5308,exact_symbol
CGN,5309,exact_symbol
CGNL1,5310,exact_symbol
CGREF1,5311,exact_symbol
CGRRF1,5312,exact_symbol
CH25H,5383,exact_symbol
CHAC1,5408,exact_symbol
CHAC2,5409,exact_symbol
CHAD,5410,exact_symbol
CHADL,5411,exact_symbol
CHAF1A,5412,exact_symbol
CHAF1B,5413,exact_symbol
CHAMP1,5414,exact_symbol
CHAT,5415,exact_symbol
CHCHD1,5416,exact_symbol
CHCHD10,5417,exact_symbol
CHCHD2,5418,exact_symbol
CHCHD3,5429,exact_symbol
CHCHD5,5438,exact_symbol
CHCHD6,5439,exact_symbol
CHCHD7,5440,exact_symbol
CHD1,5441,exact_symbol
CHD1L,5442,exact_symbol
CHD2,5443,exact_symbol
CHD3,5444,exact_symbol
CHD4,5445,exact_symbol
CHD5,5446,exact_symbol
CHD6,5447,exact_symbol
CHD7,5448,exact_symbol
CHD8,5449,exact_symbol
CHD9,5450,exact_symbol
CHDH,5451,exact_symbol
CHEK1,5452,exact_symbol
CHEK2,5453,exact_symbol
CHERP,5458,exact_symbol
CHFR,5459,exact_symbol
CHGA,5460,exact_symbol
CHGB,5461,exact_symbol
CHIC1,5468,exact_symbol
CHIC2,5469,exact_symbol
CHID1,5470,exact_symbol
CHIT1,5471,exact_symbol
CHKA,5472,exact_symbol
CHKB,5473,exact_symbol
CHL1,5475,exact_symbol
CHM,5476,exact_symbol
CHML,5477,exact_symbol
CHMP1A,5478,exact_symbol
CHMP1B,5480,exact_symbol
CHMP2A,5482,exact_symbol
CHMP2B,5483,exact_symbol
CHMP3,5484,exact_symbol
CHMP4C,5488,exact_symbol
CHMP5,5489,exact_symbol
CHMP6,5490,exact_symbol
CHMP7,5491,exact_symbol
CHN1,5492,exact_symbol
CHN2,5493,exact_symbol
CHODL,5494,exact_symbol
CHORDC1,5495,exact_symbol
CHP1,5497,exact_symbol
CHP2,5498,exact_symbol
CHPF,5499,exact_symbol
CHPF2,5500,exact_symbol
CHPT1,5501,exact_symbol
CHRAC1,5502,exact_symbol
CHRD,5503,exact_symbol
CHRDL1,5504,exact_symbol
CHRDL2,5505,exact_symbol
CHRM1,5507,exact_symbol
CHRM2,5508,exact_symbol
CHRM3,5509,exact_symbol
CHRM4,5510,exact_symbol
CHRM5,5511,exact_symbol
CHRNA1,5512,exact_symbol
CHRNA10,5513,exact_symbol
CHRNA2,5514,exact_symbol
CHRNA3,5515,exact_symbol
CHRNA4,5516,exact_symbol
CHRNA5,5517,exact_symbol
CHRNA6,5518,exact_symbol
CHRNA9,5520,exact_symbol
CHRNB1,5521,exact_symbol
CHRNB2,5522,exact_symbol
CHRNB3,5523,exact_symbol
CHRNB4,5524,exact_symbol
CHRND,5525,exact_symbol
CHRNE,5526,exact_symbol
CHRNG,5527,exact_symbol
CHST1,5528,exact_symbol
CHST10,5529,exact_symbol
CHST11,5530,exact_symbol
CHST12,5531,exact_symbol
CHST13,5532,exact_symbol
CHST14,5533,exact_symbol
CHST15,5534,exact_symbol
CHST2,5535,exact_symbol
CHST3,5536,exact_symbol
CHST4,5537,exact_symbol
CHST7,5540,exact_symbol
CHST8,5541,exact_symbol
CHST9,5542,exact_symbol
CHSY1,5543,exact_symbol
CHSY3,5544,exact_symbol
CHTF18,5545,exact_symbol
CHTF8,5546,exact_symbol
CHTOP,5548,exact_symbol
CHUK,5549,exact_symbol
CHURC1,5550,exact_symbol
CIAO1,5552,exact_symbol
CIAO2A,9502,hgnc_previous_symbol
CIAO2B,9505,hgnc_previous_symbol
CIAO3,16850,hgnc_previous_symbol
CIAPIN1,5553,exact_symbol
CIART,5555,exact_symbol
CIB1,5556,exact_symbol
CIB2,5557,exact_symbol
CIB3,5558,exact_symbol
CIB4,5559,exact_symbol
CIBAR1,9498,hgnc_previous_symbol
CIBAR2,9501,hgnc_previous_symbol
CIC,5560,exact_symbol
CIDEA,5585,exact_symbol
CIDEB,5586,exact_symbol
CIDEC,5587,exact_symbol
CIITA,5589,exact_symbol
CILK1,12409,hgnc_previous_symbol
CILP,5590,exact_symbol
CILP2,5591,exact_symbol
CINP,5592,exact_symbol
CIP2A,13694,hgnc_previous_symbol
CIPC,5593,exact_symbol
CIR1,5594,exact_symbol
CIRBP,5598,exact_symbol
CISD1,5599,exact_symbol
CISD2,5601,exact_symbol
CISD3,5602,exact_symbol
CISH,5603,exact_symbol
CIT,5604,exact_symbol
CITED1,5605,exact_symbol
CITED2,5606,exact_symbol
CITED4,5607,exact_symbol
CIZ1,5608,exact_symbol
CKAP2,5609,exact_symbol
CKAP2L,5610,exact_symbol
CKAP4,5612,exact_symbol
CKAP5,5613,exact_symbol
CKB,5614,exact_symbol
CKLF,5616,exact_symbol
CKM,5618,exact_symbol
CKMT2,5621,exact_symbol
CKS2,5627,exact_symbol
CLASP1,5628,exact_symbol
CLASP2,5629,exact_symbol
CLASRP,5630,exact_symbol
CLBA1,3845,hgnc_previous_symbol
CLCA1,5632,exact_symbol
CLCA2,5633,exact_symbol
CLCC1,5636,exact_symbol
CLCF1,5637,exact_symbol
CLCN1,5638,exact_symbol
CLCN2,5639,exact_symbol
CLCN3,5640,exact_symbol
CLCN4,5642,exact_symbol
CLCN5,5643,exact_symbol
CLCN6,5644,exact_symbol
CLCN7,5645,exact_symbol
CLDN1,5650,exact_symbol
CLDN10,5651,exact_symbol
CLDN11,5652,exact_symbol
CLDN12,5653,exact_symbol
CLDN14,5654,exact_symbol
CLDN15,5655,exact_symbol
CLDN16,5656,exact_symbol
CLDN17,5657,exact_symbol
CLDN18,5658,exact_symbol
CLDN19,5659,exact_symbol
CLDN2,5660,exact_symbol
CLDN20,5661,exact_symbol
CLDN23,5663,exact_symbol
CLDN25,5665,exact_symbol
CLDN3,5666,exact_symbol
CLDN5,5669,exact_symbol
CLDN6,5670,exact_symbol
CLDN7,5671,exact_symbol
CLDN8,5672,exact_symbol
CLDN9,5673,exact_symbol
CLDND1,5674,exact_symbol
CLDND2,5675,exact_symbol
CLEC11A,5677,exact_symbol
CLEC12B,5679,exact_symbol
CLEC14A,5680,exact_symbol
CLEC16A,5681,exact_symbol
CLEC1A,5687,exact_symbol
CLEC1B,5688,exact_symbol
CLEC2L,5692,exact_symbol
CLEC3A,5693,exact_symbol
CLEC3B,5694,exact_symbol
CLEC4A,5695,exact_symbol
CLEC4D,5697,exact_symbol
CLEC4E,5698,exact_symbol
CLEC4G,5700,exact_symbol
CLEC5A,5703,exact_symbol
CLEC6A,5704,exact_symbol
CLEC9A,5706,exact_symbol
CLGN,5708,exact_symbol
CLHC1,5709,exact_symbol
CLIC1,5710,exact_symbol
CLIC3,5713,exact_symbol
CLIC4,5714,exact_symbol
CLIC6,5719,exact_symbol
CLINT1,5720,exact_symbol
CLIP1,5721,exact_symbol
CLIP2,5722,exact_symbol
CLIP3,5723,exact_symbol
CLIP4,5724,exact_symbol
CLK1,5725,exact_symbol
CLK2,5726,exact_symbol
CLK3,5728,exact_symbol
CLK4,5730,exact_symbol
CLMN,5733,exact_symbol
CLMP,5734,exact_symbol
CLN3,5735,exact_symbol
CLN5,5736,exact_symbol
CLN6,5737,exact_symbol
CLN8,5738,exact_symbol
CLNK,5739,exact_symbol
CLNS1A,5740,exact_symbol
CLOCK,5742,exact_symbol
CLP1,5743,exact_symbol
CLPB,5744,exact_symbol
CLPP,5745,exact_symbol
CLPS,5746,exact_symbol
CLPSL2,5748,exact_symbol
CLPTM1,5749,exact_symbol
CLPTM1L,5750,exact_symbol
CLPX,5752,exact_symbol
CLRN1,5753,exact_symbol
CLRN2,5754,exact_symbol
CLRN3,5755,exact_symbol
CLSPN,5756,exact_symbol
CLSTN1,5757,exact_symbol
CLSTN2,5758,exact_symbol
CLSTN3,5759,exact_symbol
CLTA,5760,exact_symbol
CLTB,5761,exact_symbol
CLTC,5762,exact_symbol
CLTRN,31900,hgnc_previous_symbol
CLU,5764,exact_symbol
CLUAP1,5765,exact_symbol
CLUH,5766,exact_symbol
CLVS1,5777,exact_symbol
CLVS2,5778,exact_symbol
CLYBL,5779,exact_symbol
CMA1,5780,exact_symbol
CMAS,5782,exact_symbol
CMBL,5785,exact_symbol
CMC1,5786,exact_symbol
CMC2,5787,exact_symbol
CMC4,5788,exact_symbol
CMIP,5789,exact_symbol
CMKLR1,5790,exact_symbol
CMPK1,5791,exact_symbol
CMPK2,5792,exact_symbol
CMSS1,5793,exact_symbol
CMTM3,5796,exact_symbol
CMTM4,5797,exact_symbol
CMTM5,5798,exact_symbol
CMTM6,5799,exact_symbol
CMTM7,5800,exact_symbol
CMTM8,5801,exact_symbol
CMTR1,5802,exact_symbol
CMTR2,5803,exact_symbol
CMYA5,5804,exact_symbol
CNBD2,5806,exact_symbol
CNBP,5807,exact_symbol
CNDP1,5808,exact_symbol
CNDP2,5809,exact_symbol
CNEP1R1,5810,exact_symbol
CNFN,5811,exact_symbol
CNGA1,5812,exact_symbol
CNGA2,5813,exact_symbol
CNGA3,5814,exact_symbol
CNGA4,5815,exact_symbol
CNGB1,5816,exact_symbol
CNGB3,5817,exact_symbol
CNIH1,5818,exact_symbol
CNIH2,5819,exact_symbol
CNIH3,5820,exact_symbol
CNIH4,5821,exact_symbol
CNKSR1,5822,exact_symbol
CNKSR2,5823,exact_symbol
CNKSR3,5824,exact_symbol
CNMD,14450,hgnc_previous_symbol
CNN1,5825,exact_symbol
CNN2,5826,exact_symbol
CNN3,5838,exact_symbol
CNNM1,5840,exact_symbol
CNNM2,5841,exact_symbol
CNNM3,5842,exact_symbol
CNNM4,5843,exact_symbol
CNOT1,5844,exact_symbol
CNOT10,5845,exact_symbol
CNOT11,5846,exact_symbol
CNOT2,5847,exact_symbol
CNOT3,5848,exact_symbol
CNOT4,5849,exact_symbol
CNOT6,5851,exact_symbol
CNOT6L,5852,exact_symbol
CNOT7,5854,exact_symbol
CNOT8,5857,exact_symbol
CNOT9,5858,exact_symbol
CNP,5859,exact_symbol
CNPPD1,5860,exact_symbol
CNPY2,5862,exact_symbol
CNPY3,5863,exact_symbol
CNPY4,5864,exact_symbol
CNR1,5865,exact_symbol
CNR2,5866,exact_symbol
CNRIP1,5867,exact_symbol
CNST,5868,exact_symbol
CNTD1,5869,exact_symbol
CNTF,5871,exact_symbol
CNTFR,5872,exact_symbol
CNTLN,5873,exact_symbol
CNTN1,5874,exact_symbol
CNTN2,5875,exact_symbol
CNTN3,5876,exact_symbol
CNTN4,5877,exact_symbol
CNTN5,5878,exact_symbol
CNTN6,5879,exact_symbol
CNTNAP1,5880,exact_symbol
CNTNAP2,5881,exact_symbol
CNTNAP4,5887,exact_symbol
CNTRL,5889,exact_symbol
CNTROB,5890,exact_symbol
COA3,5892,exact_symbol
COA4,5893,exact_symbol
COA5,5894,exact_symbol
COA7,5896,exact_symbol
COA8,2580,hgnc_previous_symbol
COASY,5897,exact_symbol
COBL,5898,exact_symbol
COBLL1,5899,exact_symbol
COCH,5900,exact_symbol
COG1,5901,exact_symbol
COG2,5902,exact_symbol
COG3,5903,exact_symbol
COG4,5904,exact_symbol
COG5,5905,exact_symbol
COG6,5906,exact_symbol
COG7,5907,exact_symbol
COG8,5908,exact_symbol
COIL,5909,exact_symbol
COL11A1,5911,exact_symbol
COL11A2,5912,exact_symbol
COL12A1,5914,exact_symbol
COL13A1,5915,exact_symbol
COL14A1,5916,exact_symbol
COL15A1,5917,exact_symbol
COL16A1,5918,exact_symbol
COL17A1,5919,exact_symbol
COL18A1,5920,exact_symbol
COL19A1,5921,exact_symbol
COL1A1,5922,exact_symbol
COL1A2,5923,exact_symbol
COL20A1,5924,exact_symbol
COL23A1,5927,exact_symbol
COL25A1,5929,exact_symbol
COL26A1,5930,exact_symbol
COL27A1,5931,exact_symbol
COL28A1,5932,exact_symbol
COL2A1,5933,exact_symbol
COL3A1,5934,exact_symbol
COL4A1,5935,exact_symbol
COL4A2,5936,exact_symbol
COL4A3,5937,exact_symbol
COL4A4,5939,exact_symbol
COL4A5,5940,exact_symbol
COL4A6,5941,exact_symbol
COL5A1,5942,exact_symbol
COL5A2,5943,exact_symbol
COL5A3,5944,exact_symbol
COL6A1,5945,exact_symbol
COL6A2,5946,exact_symbol
COL6A3,5947,exact_symbol
COL6A5,5950,exact_symbol
COL6A6,5951,exact_symbol
COL8A1,5953,exact_symbol
COL8A2,5954,exact_symbol
COL9A1,5955,exact_symbol
COL9A2,5956,exact_symbol
COLEC10,5959,exact_symbol
COLEC11,5960,exact_symbol
COLEC12,5961,exact_symbol
COLGALT1,5962,exact_symbol
COLGALT2,5963,exact_symbol
COLQ,5964,exact_symbol
COMMD1,5965,exact_symbol
COMMD10,5966,exact_symbol
COMMD2,5967,exact_symbol
COMMD3,5968,exact_symbol
COMMD4,5970,exact_symbol
COMMD5,5971,exact_symbol
COMMD6,5972,exact_symbol
COMMD7,5973,exact_symbol
COMMD8,5974,exact_symbol
COMMD9,5975,exact_symbol
COMP,5976,exact_symbol
COMT,5977,exact_symbol
COMTD1,5978,exact_symbol
COP1,21626,hgnc_previous_symbol
COPA,5979,exact_symbol
COPB1,5980,exact_symbol
COPB2,5981,exact_symbol
COPE,5982,exact_symbol
COPG1,5983,exact_symbol
COPG2,5984,exact_symbol
COPS2,5986,exact_symbol
COPS3,5987,exact_symbol
COPS4,5988,exact_symbol
COPS5,5989,exact_symbol
COPS6,5991,exact_symbol
COPS7A,5992,exact_symbol
COPS7B,5993,exact_symbol
COPS8,5994,exact_symbol
COPZ1,5998,exact_symbol
COPZ2,5999,exact_symbol
COQ10A,6000,exact_symbol
COQ10B,6001,exact_symbol
COQ2,6003,exact_symbol
COQ3,6004,exact_symbol
COQ4,6005,exact_symbol
COQ5,6006,exact_symbol
COQ6,6007,exact_symbol
COQ7,6008,exact_symbol
COQ8A,1613,hgnc_previous_symbol
COQ8B,1614,hgnc_previous_symbol
COQ9,6009,exact_symbol
CORIN,6010,exact_symbol
CORO1A,6011,exact_symbol
CORO1B,6012,exact_symbol
CORO1C,6013,exact_symbol
CORO2A,6014,exact_symbol
CORO2B,6015,exact_symbol
CORO6,6016,exact_symbol
CORO7,6017,exact_symbol
CORT,6019,exact_symbol
COTL1,6020,exact_symbol
COX10,6023,exact_symbol
COX11,6024,exact_symbol
COX14,6026,exact_symbol
COX15,6027,exact_symbol
COX16,6028,exact_symbol
COX17,6029,exact_symbol
COX18,6031,exact_symbol
COX19,6032,exact_symbol
COX20,6033,exact_symbol
COX4I1,6036,exact_symbol
COX4I2,6039,exact_symbol
COX5A,6040,exact_symbol
COX6A1,6049,exact_symbol
COX6A2,6052,exact_symbol
COX6B1,6053,exact_symbol
COX6B2,6061,exact_symbol
COX6C,6062,exact_symbol
COX7A1,6080,exact_symbol
COX7A2,6081,exact_symbol
COX7A2L,6082,exact_symbol
COX7B2,6086,exact_symbol
COX7C,6089,exact_symbol
COX8A,6091,exact_symbol
CP,6093,exact_symbol
CPA1,6094,exact_symbol
CPA2,6095,exact_symbol
CPA3,6096,exact_symbol
CPA4,6097,exact_symbol
CPA5,6098,exact_symbol
CPA6,6099,exact_symbol
CPB1,6101,exact_symbol
CPB2,6102,exact_symbol
CPD,6103,exact_symbol
CPE,6104,exact_symbol
CPEB1,6105,exact_symbol
CPEB2,6106,exact_symbol
CPEB3,6107,exact_symbol
CPEB4,6108,exact_symbol
CPED1,6109,exact_symbol
CPLANE1,4136,hgnc_previous_symbol
CPLANE2,28447,hgnc_previous_symbol
CPLX1,6111,exact_symbol
CPLX2,6112,exact_symbol
CPLX3,6113,exact_symbol
CPLX4,6114,exact_symbol
CPM,6115,exact_symbol
CPN1,6116,exact_symbol
CPN2,6117,exact_symbol
CPNE2,6119,exact_symbol
CPNE3,6120,exact_symbol
CPNE4,6121,exact_symbol
CPNE5,6122,exact_symbol
CPNE6,6123,exact_symbol
CPNE7,6124,exact_symbol
CPNE8,6125,exact_symbol
CPNE9,6126,exact_symbol
CPOX,6128,exact_symbol
CPPED1,6129,exact_symbol
CPQ,6130,exact_symbol
CPS1,6131,exact_symbol
CPSF1,6132,exact_symbol
CPSF2,6134,exact_symbol
CPSF3,6135,exact_symbol
CPSF4,6137,exact_symbol
CPSF6,6139,exact_symbol
CPSF7,6140,exact_symbol
CPT1A,6141,exact_symbol
CPT1B,6142,exact_symbol
CPT1C,6143,exact_symbol
CPT2,6144,exact_symbol
CPTP,6145,exact_symbol
CPVL,6146,exact_symbol
CPXM1,6148,exact_symbol
CPXM2,6149,exact_symbol
CPZ,6150,exact_symbol
CRABP1,6164,exact_symbol
CRABP2,6165,exact_symbol
CRACD,13682,hgnc_previous_symbol
CRACDL,13683,hgnc_previous_symbol
CRACR2A,6166,exact_symbol
CRACR2B,6167,exact_symbol
CRADD,6168,exact_symbol
CRAMP1,6169,exact_symbol
CRAT,6170,exact_symbol
CRB1,6171,exact_symbol
CRB2,6172,exact_symbol
CRB3,6173,exact_symbol
CRBN,6175,exact_symbol
CRCP,6176,exact_symbol
CREB1,6178,exact_symbol
CREB3,6179,exact_symbol
CREB3L1,6180,exact_symbol
CREB3L2,6181,exact_symbol
CREB3L3,6182,exact_symbol
CREB3L4,6183,exact_symbol
CREB5,6184,exact_symbol
CREBBP,6185,exact_symbol
CREBL2,6186,exact_symbol
CREBRF,6187,exact_symbol
CREBZF,6188,exact_symbol
CREG1,6189,exact_symbol
CREG2,6190,exact_symbol
CRELD1,6191,exact_symbol
CRELD2,6192,exact_symbol
CREM,6193,exact_symbol
CRH,6194,exact_symbol
CRHBP,6195,exact_symbol
CRHR1,6196,exact_symbol
CRHR2,6198,exact_symbol
CRIM1,6199,exact_symbol
CRIP1,6200,exact_symbol
CRIP2,6205,exact_symbol
CRIP3,6206,exact_symbol
CRIPT,6208,exact_symbol
CRISP1,6209,exact_symbol
CRISP2,6210,exact_symbol
CRISPLD1,6212,exact_symbol
CRISPLD2,6213,exact_symbol
CRK,6214,exact_symbol
CRKL,6215,exact_symbol
CRLF1,6216,exact_symbol
CRLF3,6218,exact_symbol
CRLS1,6219,exact_symbol
CRMP1,6220,exact_symbol
CRNKL1,6221,exact_symbol
CRNN,6222,exact_symbol
CROCC,6223,exact_symbol
CROCC2,6224,exact_symbol
CROT,6230,exact_symbol
CRP,6231,exact_symbol
CRPPA,13280,hgnc_previous_symbol
CRTAC1,6233,exact_symbol
CRTAM,6234,exact_symbol
CRTAP,6235,exact_symbol
CRTC1,6236,exact_symbol
CRTC2,6237,exact_symbol
CRTC3,6238,exact_symbol
CRX,6239,exact_symbol
CRY1,6240,exact_symbol
CRY2,6241,exact_symbol
CRYAA,6242,exact_symbol
CRYAB,6243,exact_symbol
CRYBA1,6244,exact_symbol
CRYBA2,6245,exact_symbol
CRYBA4,6246,exact_symbol
CRYBB1,6247,exact_symbol
CRYBB2,6248,exact_symbol
CRYBB3,6250,exact_symbol
CRYBG1,1856,hgnc_previous_symbol
CRYBG2,1857,hgnc_previous_symbol
CRYBG3,6251,exact_symbol
CRYGA,6252,exact_symbol
CRYGB,6253,exact_symbol
CRYGC,6254,exact_symbol
CRYGN,6259,exact_symbol
CRYGS,6260,exact_symbol
CRYL1,6261,exact_symbol
CRYM,6262,exact_symbol
CRYZ,6263,exact_symbol
CRYZL1,6264,exact_symbol
CSAD,6268,exact_symbol
CSDC2,6274,exact_symbol
CSDE1,6275,exact_symbol
CSE1L,6276,exact_symbol
CSF1,6277,exact_symbol
CSF1R,6278,exact_symbol
CSF2,6279,exact_symbol
CSF3,6283,exact_symbol
CSF3R,6284,exact_symbol
CSGALNACT1,6285,exact_symbol
CSGALNACT2,6286,exact_symbol
CSK,6290,exact_symbol
CSMD1,6291,exact_symbol
CSMD2,6292,exact_symbol
CSMD3,6293,exact_symbol
CSNK1A1,6298,exact_symbol
CSNK1D,6302,exact_symbol
CSNK1E,6303,exact_symbol
CSNK1G1,6304,exact_symbol
CSNK1G2,6305,exact_symbol
CSNK1G3,6307,exact_symbol
CSNK2A2,6309,exact_symbol
CSNK2B,6311,exact_symbol
CSPG4,6312,exact_symbol
CSPG5,6320,exact_symbol
CSPP1,6321,exact_symbol
CSRNP1,6322,exact_symbol
CSRNP2,6323,exact_symbol
CSRNP3,6324,exact_symbol
CSRP1,6325,exact_symbol
CSRP2,6326,exact_symbol
CSRP3,6327,exact_symbol
CST11,6329,exact_symbol
CST6,6337,exact_symbol
CST7,6338,exact_symbol
CST8,6339,exact_symbol
CSTB,6345,exact_symbol
CSTF1,6346,exact_symbol
CSTF2,6347,exact_symbol
CSTF2T,6348,exact_symbol
CSTF3,6349,exact_symbol
CSTL1,6350,exact_symbol
CTBP1,6532,exact_symbol
CTBS,6542,exact_symbol
CTC1,6679,exact_symbol
CTCF,6680,exact_symbol
CTCFL,6681,exact_symbol
CTDNEP1,7064,exact_symbol
CTDP1,7065,exact_symbol
CTDSP1,7066,exact_symbol
CTDSP2,7067,exact_symbol
CTDSPL,7068,exact_symbol
CTDSPL2,7069,exact_symbol
CTF1,7070,exact_symbol
CTH,7073,exact_symbol
CTHRC1,7074,exact_symbol
CTIF,7076,exact_symbol
CTLA4,7077,exact_symbol
CTNNA1,7078,exact_symbol
CTNNA2,7079,exact_symbol
CTNNA3,7080,exact_symbol
CTNNAL1,7081,exact_symbol
CTNNB1,7083,exact_symbol
CTNNBIP1,7084,exact_symbol
CTNNBL1,7085,exact_symbol
CTNND1,7086,exact_symbol
CTNND2,7087,exact_symbol
CTNS,7088,exact_symbol
CTPS2,7090,exact_symbol
CTR9,7091,exact_symbol
CTRL,7095,exact_symbol
CTSA,7096,exact_symbol
CTSB,7097,exact_symbol
CTSC,7098,exact_symbol
CTSD,7099,exact_symbol
CTSE,7100,exact_symbol
CTSF,7101,exact_symbol
CTSG,7102,exact_symbol
CTSH,7103,exact_symbol
CTSK,7104,exact_symbol
CTSO,7112,exact_symbol
CTSS,7113,exact_symbol
CTSW,7115,exact_symbol
CTSZ,7116,exact_symbol
CTTN,7117,exact_symbol
CTTNBP2,7118,exact_symbol
CTTNBP2NL,7119,exact_symbol
CTU1,7120,exact_symbol
CTU2,7121,exact_symbol
CTXN1,7122,exact_symbol
CTXN2,7123,exact_symbol
CTXN3,7124,exact_symbol
CUBN,7126,exact_symbol
CUEDC1,7130,exact_symbol
CUEDC2,7131,exact_symbol
CUL1,7132,exact_symbol
CUL2,7134,exact_symbol
CUL3,7135,exact_symbol
CUL4A,7136,exact_symbol
CUL4B,7138,exact_symbol
CUL5,7139,exact_symbol
CUL7,7140,exact_symbol
CUL9,7141,exact_symbol
CUTA,7142,exact_symbol
CUTC,7143,exact_symbol
CUX1,7144,exact_symbol
CUX2,7145,exact_symbol
CUZD1,7147,exact_symbol
CWC15,7148,exact_symbol
CWC25,7150,exact_symbol
CWC27,7151,exact_symbol
CWF19L1,7152,exact_symbol
CWF19L2,7153,exact_symbol
CWH43,7154,exact_symbol
CX3CL1,7155,exact_symbol
CX3CR1,7156,exact_symbol
CXCL10,7162,exact_symbol
CXCL12,7164,exact_symbol
CXCL14,7166,exact_symbol
CXCL17,7168,exact_symbol
CXCL6,7173,exact_symbol
CXCL9,7175,exact_symbol
CXCR1,7176,exact_symbol
CXCR2,7177,exact_symbol
CXCR3,7179,exact_symbol
CXCR4,7180,exact_symbol
CXCR5,7181,exact_symbol
CXCR6,7182,exact_symbol
CXXC1,7183,exact_symbol
CXXC4,7185,exact_symbol
CXXC5,7186,exact_symbol
CYB561,7203,exact_symbol
CYB561A3,7204,exact_symbol
CYB561D1,7205,exact_symbol
CYB561D2,7206,exact_symbol
CYB5A,7207,exact_symbol
CYB5B,7209,exact_symbol
CYB5D1,7210,exact_symbol
CYB5D2,7211,exact_symbol
CYB5R1,7213,exact_symbol
CYB5R2,7214,exact_symbol
CYB5R3,7215,exact_symbol
CYB5R4,7216,exact_symbol
CYB5RL,7217,exact_symbol
CYBA,7218,exact_symbol
CYBB,7219,exact_symbol
CYBC1,3891,hgnc_previous_symbol
CYBRD1,7220,exact_symbol
CYC1,7221,exact_symbol
CYFIP1,7264,exact_symbol
CYFIP2,7265,exact_symbol
CYGB,7266,exact_symbol
CYLD,7270,exact_symbol
CYP11A1,7272,exact_symbol
CYP17A1,7275,exact_symbol
CYP19A1,7276,exact_symbol
CYP1A1,7277,exact_symbol
CYP1A2,7278,exact_symbol
CYP1B1,7279,exact_symbol
CYP20A1,7281,exact_symbol
CYP21A2,7283,exact_symbol
CYP24A1,7284,exact_symbol
CYP26A1,7285,exact_symbol
CYP26B1,7286,exact_symbol
CYP26C1,7287,exact_symbol
CYP27A1,7288,exact_symbol
CYP27B1,7289,exact_symbol
CYP2C18,7299,exact_symbol
CYP2E1,7311,exact_symbol
CYP2F1,7312,exact_symbol
CYP2R1,7317,exact_symbol
CYP2S1,7318,exact_symbol
CYP2U1,7321,exact_symbol
CYP2W1,7322,exact_symbol
CYP39A1,7323,exact_symbol
CYP46A1,7333,exact_symbol
CYP4B1,7341,exact_symbol
CYP4F22,7346,exact_symbol
CYP4V2,7364,exact_symbol
CYP4X1,7365,exact_symbol
CYP51A1,7368,exact_symbol
CYP7A1,7372,exact_symbol
CYP7B1,7373,exact_symbol
CYP8B1,7374,exact_symbol
CYREN,4178,hgnc_previous_symbol
CYRIA,9386,hgnc_previous_symbol
CYRIB,9387,hgnc_previous_symbol
CYS1,7376,exact_symbol
CYSLTR1,7377,exact_symbol
CYSRT1,7379,exact_symbol
CYSTM1,7380,exact_symbol
CYTH1,7381,exact_symbol
CYTH2,7382,exact_symbol
CYTH3,7383,exact_symbol
CYTH4,7384,exact_symbol
CYTIP,7385,exact_symbol
CYTL1,7386,exact_symbol
CYYR1,7387,exact_symbol
CZIB,3982,hgnc_previous_symbol
D2HGDH,7389,exact_symbol
DAAM1,7390,exact_symbol
DAAM2,7391,exact_symbol
DAB1,7392,exact_symbol
DAB2,7393,exact_symbol
DAB2IP,7394,exact_symbol
DACH1,7395,exact_symbol
DACH2,7396,exact_symbol
DACT1,7397,exact_symbol
DACT2,7398,exact_symbol
DACT3,7399,exact_symbol
DAD1,7400,exact_symbol
DAG1,7403,exact_symbol
DAGLA,7404,exact_symbol
DAGLB,7405,exact_symbol
DALRD3,7406,exact_symbol
DAND5,7409,exact_symbol
DAO,7410,exact_symbol
DAP,7412,exact_symbol
DAP3,7413,exact_symbol
DAPK1,7416,exact_symbol
DAPK2,7417,exact_symbol
DAPK3,7418,exact_symbol
DAPL1,7419,exact_symbol
DAPP1,7420,exact_symbol
DARS2,7424,exact_symbol
DAW1,7431,exact_symbol
DAXX,7432,exact_symbol
DAZAP1,7437,exact_symbol
DAZAP2,7438,exact_symbol
DAZL,7440,exact_symbol
DBF4,7441,exact_symbol
DBH,7444,exact_symbol
DBN1,7450,exact_symbol
DBNDD1,7451,exact_symbol
DBNDD2,7452,exact_symbol
DBNL,7453,exact_symbol
DBP,7454,exact_symbol
DBR1,7455,exact_symbol
DBT,7456,exact_symbol
DBX1,7457,exact_symbol
DBX2,7458,exact_symbol
DCAF1,7459,exact_symbol
DCAF10,7460,exact_symbol
DCAF11,7461,exact_symbol
DCAF12,7462,exact_symbol
DCAF13,7465,exact_symbol
DCAF15,7469,exact_symbol
DCAF17,7471,exact_symbol
DCAF5,7475,exact_symbol
DCAF6,7476,exact_symbol
DCAF7,7477,exact_symbol
DCAF8,7478,exact_symbol
DCAKD,7481,exact_symbol
DCBLD1,7483,exact_symbol
DCBLD2,7484,exact_symbol
DCC,7485,exact_symbol
DCDC2,7488,exact_symbol
DCDC2B,7489,exact_symbol
DCHS1,7491,exact_symbol
DCHS2,7492,exact_symbol
DCK,7493,exact_symbol
DCLK1,7494,exact_symbol
DCLK2,7495,exact_symbol
DCLK3,7496,exact_symbol
DCLRE1A,7497,exact_symbol
DCLRE1B,7498,exact_symbol
DCLRE1C,7499,exact_symbol
DCN,7501,exact_symbol
DCP1A,7502,exact_symbol
DCP1B,7503,exact_symbol
DCP2,7504,exact_symbol
DCPS,7505,exact_symbol
DCST1,7506,exact_symbol
DCST2,7507,exact_symbol
DCSTAMP,7508,exact_symbol
DCT,7509,exact_symbol
DCTD,7510,exact_symbol
DCTN1,7511,exact_symbol
DCTN2,7512,exact_symbol
DCTN3,7513,exact_symbol
DCTN4,7514,exact_symbol
DCTN5,7515,exact_symbol
DCTN6,7516,exact_symbol
DCTPP1,7517,exact_symbol
DCUN1D2,7519,exact_symbol
DCUN1D3,7520,exact_symbol
DCUN1D4,7521,exact_symbol
DCUN1D5,7522,exact_symbol
DCX,7523,exact_symbol
DCXR,7524,exact_symbol
DDA1,7525,exact_symbol
DDAH1,7526,exact_symbol
DDAH2,7527,exact_symbol
DDB1,7528,exact_symbol
DDB2,7529,exact_symbol
DDC,7530,exact_symbol
DDHD1,7531,exact_symbol
DDHD2,7532,exact_symbol
DDI1,7533,exact_symbol
DDIT3,7536,exact_symbol
DDIT4,7537,exact_symbol
DDIT4L,7538,exact_symbol
DDN,7539,exact_symbol
DDO,7540,exact_symbol
DDOST,7541,exact_symbol
DDR1,7542,exact_symbol
DDR2,7543,exact_symbol
DDRGK1,7544,exact_symbol
DDX1,7548,exact_symbol
DDX10,7549,exact_symbol
DDX11,7552,exact_symbol
DDX17,7561,exact_symbol
DDX18,7562,exact_symbol
DDX19A,7566,exact_symbol
DDX19B,7567,exact_symbol
DDX20,7568,exact_symbol
DDX21,7569,exact_symbol
DDX23,7570,exact_symbol
DDX24,7571,exact_symbol
DDX25,7572,exact_symbol
DDX27,7573,exact_symbol
DDX28,7574,exact_symbol
DDX31,7575,exact_symbol
DDX39A,7576,exact_symbol
DDX39B,7578,exact_symbol
DDX3X,7584,exact_symbol
DDX3Y,7585,exact_symbol
DDX4,7586,exact_symbol
DDX41,7587,exact_symbol
DDX42,7588,exact_symbol
DDX46,7593,exact_symbol
DDX47,7594,exact_symbol
DDX49,7595,exact_symbol
DDX5,7596,exact_symbol
DDX50,7597,exact_symbol
DDX51,7600,exact_symbol
DDX52,7601,exact_symbol
DDX54,7603,exact_symbol
DDX55,7604,exact_symbol
DDX56,7606,exact_symbol
DDX59,7608,exact_symbol
DDX6,7609,exact_symbol
DDX60,7610,exact_symbol
DEAF1,7614,exact_symbol
DECR1,7616,exact_symbol
DECR2,7617,exact_symbol
DEDD,7618,exact_symbol
DEDD2,7619,exact_symbol
DEF6,7620,exact_symbol
DEF8,7621,exact_symbol
DEFB110,7652,exact_symbol
DEFB113,7654,exact_symbol
DEFB119,7660,exact_symbol
DEFB123,7663,exact_symbol
DEFB124,7664,exact_symbol
DEFB136,7676,exact_symbol
DEGS2,7682,exact_symbol
DEK,7683,exact_symbol
DELE1,13651,hgnc_previous_symbol
DENND10,9374,hgnc_previous_symbol
DENND11,13678,hgnc_previous_symbol
DENND1A,7684,exact_symbol
DENND1B,7685,exact_symbol
DENND1C,7686,exact_symbol
DENND2A,7687,exact_symbol
DENND2C,7688,exact_symbol
DENND2D,7689,exact_symbol
DENND3,7690,exact_symbol
DENND4A,7691,exact_symbol
DENND4B,7692,exact_symbol
DENND4C,7693,exact_symbol
DENND5A,7694,exact_symbol
DENND5B,7695,exact_symbol
DENND6A,7696,exact_symbol
DENND6B,7697,exact_symbol
DENR,7698,exact_symbol
DEPDC1,7699,exact_symbol
DEPDC1B,7700,exact_symbol
DEPDC5,7702,exact_symbol
DEPDC7,7703,exact_symbol
DEPP1,3756,hgnc_previous_symbol
DEPTOR,7704,exact_symbol
DERA,7705,exact_symbol
DERL1,7706,exact_symbol
DERL2,7707,exact_symbol
DERL3,7708,exact_symbol
DERPC,-1,missing
DES,7709,exact_symbol
DESI1,7710,exact_symbol
DESI2,7711,exact_symbol
DET1,7712,exact_symbol
DEUP1,4645,hgnc_previous_symbol
DEXI,7713,exact_symbol
DFFA,7714,exact_symbol
DFFB,7715,exact_symbol
DGAT1,7719,exact_symbol
DGAT2,7720,exact_symbol
DGAT2L6,7721,exact_symbol
DGCR2,7724,exact_symbol
DGCR8,7728,exact_symbol
DGKA,7729,exact_symbol
DGKB,7730,exact_symbol
DGKD,7731,exact_symbol
DGKE,7732,exact_symbol
DGKG,7733,exact_symbol
DGKH,7734,exact_symbol
DGKI,7735,exact_symbol
DGKK,7736,exact_symbol
DGKQ,7737,exact_symbol
DGKZ,7738,exact_symbol
DGLUCY,3835,hgnc_previous_symbol
DGUOK,7740,exact_symbol
DHCR24,7741,exact_symbol
DHCR7,7742,exact_symbol
DHDDS,7743,exact_symbol
DHDH,7744,exact_symbol
DHH,7749,exact_symbol
DHODH,7750,exact_symbol
DHPS,7751,exact_symbol
DHRS1,7752,exact_symbol
DHRS11,7753,exact_symbol
DHRS13,7755,exact_symbol
DHRS2,7756,exact_symbol
DHRS3,7757,exact_symbol
DHRS7B,7762,exact_symbol
DHRS7C,7763,exact_symbol
DHRS9,7764,exact_symbol
DHTKD1,7766,exact_symbol
DHX15,7767,exact_symbol
DHX16,7768,exact_symbol
DHX29,7769,exact_symbol
DHX30,7770,exact_symbol
DHX32,7771,exact_symbol
DHX33,7772,exact_symbol
DHX34,7773,exact_symbol
DHX35,7774,exact_symbol
DHX36,7775,exact_symbol
DHX37,7776,exact_symbol
DHX38,7777,exact_symbol
DHX40,7778,exact_symbol
DHX57,7780,exact_symbol
DHX58,7781,exact_symbol
DHX8,7782,exact_symbol
DHX9,7783,exact_symbol
DIABLO,7785,exact_symbol
DIAPH1,7786,exact_symbol
DIAPH2,7787,exact_symbol
DIAPH3,7788,exact_symbol
DICER1,7789,exact_symbol
DIDO1,7790,exact_symbol
DIMT1,7792,exact_symbol
DIO1,7793,exact_symbol
DIO2,7794,exact_symbol
DIO3,7795,exact_symbol
DIP2A,7796,exact_symbol
DIP2B,7797,exact_symbol
DIP2C,7798,exact_symbol
DIPK1A,9409,hgnc_previous_symbol
DIPK1B,9410,hgnc_previous_symbol
DIPK1C,9411,hgnc_previous_symbol
DIPK2A,4100,hgnc_previous_symbol
DIPK2B,7189,hgnc_previous_symbol
DIRAS1,7799,exact_symbol
DIRAS2,7800,exact_symbol
DIS3,7805,exact_symbol
DIS3L,7806,exact_symbol
DIS3L2,7807,exact_symbol
DISC1,7809,exact_symbol
DISP1,7810,exact_symbol
DISP2,7811,exact_symbol
DISP3,7812,exact_symbol
DIXDC1,7813,exact_symbol
DKC1,7814,exact_symbol
DKK1,7815,exact_symbol
DKK2,7816,exact_symbol
DKK3,7817,exact_symbol
DKK4,7818,exact_symbol
DKKL1,7819,exact_symbol
DLAT,7821,exact_symbol
DLC1,7822,exact_symbol
DLD,7823,exact_symbol
DLEC1,7824,exact_symbol
DLEU7,7827,exact_symbol
DLG1,7828,exact_symbol
DLG2,7829,exact_symbol
DLG3,7830,exact_symbol
DLG4,7831,exact_symbol
DLG5,7832,exact_symbol
DLGAP1,7833,exact_symbol
DLGAP2,7834,exact_symbol
DLGAP3,7835,exact_symbol
DLGAP4,7836,exact_symbol
DLGAP5,7837,exact_symbol
DLK1,7839,exact_symbol
DLK2,7840,exact_symbol
DLL1,7841,exact_symbol
DLL3,7842,exact_symbol
DLL4,7843,exact_symbol
DLST,7844,exact_symbol
DLX1,7845,exact_symbol
DLX2,7846,exact_symbol
DLX3,7847,exact_symbol
DLX4,7848,exact_symbol
DLX5,7849,exact_symbol
DLX6,7850,exact_symbol
DMAC1,31893,hgnc_previous_symbol
DMAC2,3093,hgnc_previous_symbol
DMAC2L,3092,hgnc_previous_symbol
DMAP1,7851,exact_symbol
DMBX1,7854,exact_symbol
DMC1,7855,exact_symbol
DMD,7856,exact_symbol
DMGDH,7857,exact_symbol
DMKN,7858,exact_symbol
DMP1,7859,exact_symbol
DMPK,7860,exact_symbol
DMRT1,7861,exact_symbol
DMRT2,7862,exact_symbol
DMRT3,7863,exact_symbol
DMRTA1,7864,exact_symbol
DMRTA2,7865,exact_symbol
DMRTC2,7869,exact_symbol
DMTN,7871,exact_symbol
DMWD,7872,exact_symbol
DMXL1,7873,exact_symbol
DMXL2,7874,exact_symbol
DNA2,7875,exact_symbol
DNAAF1,7876,exact_symbol
DNAAF10,33997,stable_id
DNAAF2,7877,exact_symbol
DNAAF3,7878,exact_symbol
DNAAF4,8307,hgnc_previous_symbol
DNAAF5,7879,exact_symbol
DNAAF9,4024,stable_id
DNAH1,7880,exact_symbol
DNAH10,7881,exact_symbol
DNAH11,7883,exact_symbol
DNAH12,7884,exact_symbol
DNAH14,7885,exact_symbol
DNAH17,7886,exact_symbol
DNAH2,7887,exact_symbol
DNAH3,7888,exact_symbol
DNAH5,7889,exact_symbol
DNAH6,7890,exact_symbol
DNAH8,7892,exact_symbol
DNAH9,7893,exact_symbol
DNAI1,7894,exact_symbol
DNAI2,7895,exact_symbol
DNAI3,33973,hgnc_previous_symbol
DNAI4,33984,hgnc_previous_symbol
DNAJA1,7896,exact_symbol
DNAJA2,7903,exact_symbol
DNAJA3,7904,exact_symbol
DNAJA4,7905,exact_symbol
DNAJB1,7906,exact_symbol
DNAJB11,7907,exact_symbol
DNAJB12,7908,exact_symbol
DNAJB13,7909,exact_symbol
DNAJB14,7910,exact_symbol
DNAJB2,7912,exact_symbol
DNAJB4,7914,exact_symbol
DNAJB5,7915,exact_symbol
DNAJB6,7917,exact_symbol
DNAJB7,7918,exact_symbol
DNAJB8,7919,exact_symbol
DNAJB9,7920,exact_symbol
DNAJC1,7921,exact_symbol
DNAJC10,7922,exact_symbol
DNAJC11,7923,exact_symbol
DNAJC12,7924,exact_symbol
DNAJC13,7925,exact_symbol
DNAJC14,7926,exact_symbol
DNAJC15,7927,exact_symbol
DNAJC16,7928,exact_symbol
DNAJC17,7929,exact_symbol
DNAJC18,7930,exact_symbol
DNAJC19,7931,exact_symbol
DNAJC2,7941,exact_symbol
DNAJC21,7942,exact_symbol
DNAJC22,7943,exact_symbol
DNAJC24,7944,exact_symbol
DNAJC25,7945,exact_symbol
DNAJC27,7947,exact_symbol
DNAJC28,7948,exact_symbol
DNAJC3,7949,exact_symbol
DNAJC30,7950,exact_symbol
DNAJC4,7951,exact_symbol
DNAJC5,7952,exact_symbol
DNAJC5B,7953,exact_symbol
DNAJC5G,7954,exact_symbol
DNAJC6,7955,exact_symbol
DNAJC7,7956,exact_symbol
DNAJC8,7957,exact_symbol
DNAJC9,7959,exact_symbol
DNAL1,7960,exact_symbol
DNAL4,7961,exact_symbol
DNALI1,7962,exact_symbol
DNASE1,7963,exact_symbol
DNASE1L1,7964,exact_symbol
DNASE1L2,7965,exact_symbol
DNASE1L3,7966,exact_symbol
DNASE2,7967,exact_symbol
DNASE2B,7968,exact_symbol
DND1,7969,exact_symbol
DNER,7971,exact_symbol
DNHD1,7972,exact_symbol
DNLZ,7973,exact_symbol
DNM1,7974,exact_symbol
DNM1L,7975,exact_symbol
DNM2,7991,exact_symbol
DNM3,7992,exact_symbol
DNMBP,7993,exact_symbol
DNMT1,7994,exact_symbol
DNMT3A,7995,exact_symbol
DNMT3L,7997,exact_symbol
DNPEP,7998,exact_symbol
DNPH1,7999,exact_symbol
DNTT,8000,exact_symbol
DNTTIP1,8001,exact_symbol
DNTTIP2,8002,exact_symbol
DOC2A,8003,exact_symbol
DOC2B,8004,exact_symbol
DOCK1,8006,exact_symbol
DOCK10,8007,exact_symbol
DOCK11,8008,exact_symbol
DOCK2,8010,exact_symbol
DOCK3,8011,exact_symbol
DOCK4,8012,exact_symbol
DOCK5,8013,exact_symbol
DOCK6,8014,exact_symbol
DOCK7,8015,exact_symbol
DOCK8,8016,exact_symbol
DOCK9,8017,exact_symbol
DOHH,8018,exact_symbol
DOK1,8019,exact_symbol
DOK2,8020,exact_symbol
DOK3,8021,exact_symbol
DOK4,8022,exact_symbol
DOK5,8023,exact_symbol
DOK6,8024,exact_symbol
DOK7,8025,exact_symbol
DOLK,8026,exact_symbol
DOLPP1,8027,exact_symbol
DONSON,8028,exact_symbol
DOP1A,8029,hgnc_previous_symbol
DOP1B,8030,hgnc_previous_symbol
DOT1L,8031,exact_symbol
DPAGT1,8032,exact_symbol
DPCD,8033,exact_symbol
DPEP1,8035,exact_symbol
DPEP2NB,-1,missing
DPEP3,8037,exact_symbol
DPF1,8038,exact_symbol
DPF2,8039,exact_symbol
DPF3,8040,exact_symbol
DPH1,8041,exact_symbol
DPH2,8042,exact_symbol
DPH3,8043,exact_symbol
DPH5,8046,exact_symbol
DPH6,8047,exact_symbol
DPH7,8048,exact_symbol
DPM1,8049,exact_symbol
DPM2,8050,exact_symbol
DPM3,8051,exact_symbol
DPP10,8052,exact_symbol
DPP3,8053,exact_symbol
DPP4,8056,exact_symbol
DPP6,8057,exact_symbol
DPP7,8058,exact_symbol
DPP8,8059,exact_symbol
DPP9,8060,exact_symbol
DPPA4,8070,exact_symbol
DPPA5,8071,exact_symbol
DPT,8083,exact_symbol
DPY19L1,8084,exact_symbol
DPY19L2,8087,exact_symbol
DPY19L3,8093,exact_symbol
DPY19L4,8094,exact_symbol
DPY30,8095,exact_symbol
DPYD,8096,exact_symbol
DPYS,8097,exact_symbol
DPYSL2,8098,exact_symbol
DPYSL3,8099,exact_symbol
DPYSL4,8100,exact_symbol
DPYSL5,8101,exact_symbol
DQX1,8102,exact_symbol
DR1,8103,exact_symbol
DRAM1,8104,exact_symbol
DRAM2,8105,exact_symbol
DRAP1,8106,exact_symbol
DRAXIN,8107,exact_symbol
DRC1,8109,exact_symbol
DRC3,8110,exact_symbol
DRC7,8111,exact_symbol
DRD1,8112,exact_symbol
DRD2,8113,exact_symbol
DRD3,8114,exact_symbol
DRD4,8115,exact_symbol
DRD5,8116,exact_symbol
DRG1,8119,exact_symbol
DRG2,8120,exact_symbol
DROSHA,8123,exact_symbol
DRP2,8124,exact_symbol
DSC1,8125,exact_symbol
DSC2,8126,exact_symbol
DSC3,8127,exact_symbol
DSCAM,8128,exact_symbol
DSCAML1,8129,exact_symbol
DSCC1,8130,exact_symbol
DSE,8134,exact_symbol
DSEL,8135,exact_symbol
DSG2,8137,exact_symbol
DSG3,8138,exact_symbol
DSG4,8139,exact_symbol
DSN1,8140,exact_symbol
DSP,8141,exact_symbol
DST,8143,exact_symbol
DSTN,8144,exact_symbol
DSTYK,8149,exact_symbol
DTD1,8150,exact_symbol
DTD2,8151,exact_symbol
DTHD1,8152,exact_symbol
DTL,8153,exact_symbol
DTNA,8154,exact_symbol
DTNBP1,8156,exact_symbol
DTWD1,8157,exact_symbol
DTWD2,8158,exact_symbol
DTX1,8159,exact_symbol
DTX2,8160,exact_symbol
DTX3,8162,exact_symbol
DTX3L,8163,exact_symbol
DTX4,8164,exact_symbol
DTYMK,8165,exact_symbol
DUOX1,8166,exact_symbol
DUOX2,8167,exact_symbol
DUOXA1,8168,exact_symbol
DUOXA2,8169,exact_symbol
DUS1L,8171,exact_symbol
DUS2,8172,exact_symbol
DUS3L,8173,exact_symbol
DUS4L,8174,exact_symbol
DUSP1,8175,exact_symbol
DUSP10,8176,exact_symbol
DUSP11,8177,exact_symbol
DUSP12,8178,exact_symbol
DUSP14,8181,exact_symbol
DUSP15,8182,exact_symbol
DUSP16,8183,exact_symbol
DUSP18,8184,exact_symbol
DUSP19,8185,exact_symbol
DUSP2,8186,exact_symbol
DUSP21,8187,exact_symbol
DUSP22,8188,exact_symbol
DUSP23,8189,exact_symbol
DUSP26,8190,exact_symbol
DUSP28,8192,exact_symbol
DUSP29,8170,hgnc_previous_symbol
DUSP4,8194,exact_symbol
DUSP5,8195,exact_symbol
DUSP6,8198,exact_symbol
DUSP7,8199,exact_symbol
DUSP8,8200,exact_symbol
DUSP9,8204,exact_symbol
DUT,8205,exact_symbol
DVL1,8269,exact_symbol
DVL2,8270,exact_symbol
DVL3,8271,exact_symbol
DXO,8272,exact_symbol
DYDC1,8273,exact_symbol
DYM,8275,exact_symbol
DYNC1H1,8277,exact_symbol
DYNC1I1,8278,exact_symbol
DYNC1I2,8279,exact_symbol
DYNC1LI1,8281,exact_symbol
DYNC1LI2,8282,exact_symbol
DYNC2H1,8283,exact_symbol
DYNC2I1,33970,hgnc_previous_symbol
DYNC2I2,33947,hgnc_previous_symbol
DYNC2LI1,8284,exact_symbol
DYNLL1,8285,exact_symbol
DYNLL2,8293,exact_symbol
DYNLRB1,8294,exact_symbol
DYNLRB2,8295,exact_symbol
DYNLT2B,31310,hgnc_previous_symbol
DYNLT3,8297,exact_symbol
DYNLT4,31311,hgnc_previous_symbol
DYNLT5,31309,hgnc_previous_symbol
DYRK1A,8300,exact_symbol
DYRK1B,8301,exact_symbol
DYRK2,8302,exact_symbol
DYRK3,8303,exact_symbol
DYRK4,8304,exact_symbol
DYSF,8305,exact_symbol
DYTN,8306,exact_symbol
DZANK1,8308,exact_symbol
DZIP1,8309,exact_symbol
DZIP1L,8310,exact_symbol
DZIP3,8311,exact_symbol
E2F1,8312,exact_symbol
E2F2,8313,exact_symbol
E2F3,8314,exact_symbol
E2F4,8317,exact_symbol
E2F5,8319,exact_symbol
E2F6,8320,exact_symbol
E2F7,8325,exact_symbol
E2F8,8326,exact_symbol
E4F1,8327,exact_symbol
EAF1,8328,exact_symbol
EAF2,8329,exact_symbol
EAPP,8330,exact_symbol
EARS2,8331,exact_symbol
EBAG9,8332,exact_symbol
EBF1,8334,exact_symbol
EBF2,8335,exact_symbol
EBF3,8336,exact_symbol
EBF4,8337,exact_symbol
EBI3,8338,exact_symbol
EBNA1BP2,8341,exact_symbol
EBP,8342,exact_symbol
EBPL,8343,exact_symbol
ECD,8344,exact_symbol
ECE1,8345,exact_symbol
ECE2,8346,exact_symbol
ECEL1,8347,exact_symbol
ECH1,8351,exact_symbol
ECHDC1,8352,exact_symbol
ECHDC2,8353,exact_symbol
ECHDC3,8354,exact_symbol
ECHS1,8355,exact_symbol
ECI1,8356,exact_symbol
ECM1,8358,exact_symbol
ECM2,8361,exact_symbol
ECPAS,13658,hgnc_previous_symbol
ECRG4,4059,hgnc_previous_symbol
ECSIT,8363,exact_symbol
ECT2,8364,exact_symbol
ECT2L,8365,exact_symbol
EDA,8366,exact_symbol
EDA2R,8367,exact_symbol
EDAR,8368,exact_symbol
EDARADD,8369,exact_symbol
EDC3,8370,exact_symbol
EDC4,8371,exact_symbol
EDEM1,8376,exact_symbol
EDEM2,8377,exact_symbol
EDEM3,8378,exact_symbol
EDF1,8379,exact_symbol
EDIL3,8380,exact_symbol
EDN1,8381,exact_symbol
EDN2,8382,exact_symbol
EDN3,8383,exact_symbol
EDNRA,8384,exact_symbol
EDNRB,8385,exact_symbol
EDRF1,8386,exact_symbol
EEA1,8387,exact_symbol
EED,8388,exact_symbol
EEF1A2,8429,exact_symbol
EEF1AKMT1,8430,exact_symbol
EEF1AKMT2,15494,hgnc_previous_symbol
EEF1AKMT3,15507,hgnc_previous_symbol
EEF1AKMT4,-1,missing
EEF1B2,8431,exact_symbol
EEF1D,8440,exact_symbol
EEF1E1,8449,exact_symbol
EEF1G,8452,exact_symbol
EEF2,8461,exact_symbol
EEF2K,8462,exact_symbol
EEFSEC,8464,exact_symbol
EEPD1,8465,exact_symbol
EFCAB11,8468,exact_symbol
EFCAB12,8469,exact_symbol
EFCAB14,8471,exact_symbol
EFCAB2,8473,exact_symbol
EFCAB5,8475,exact_symbol
EFCAB6,8476,exact_symbol
EFCAB7,8477,exact_symbol
EFCAB8,8478,exact_symbol
EFCAB9,8479,exact_symbol
EFCC1,8480,exact_symbol
EFEMP1,8481,exact_symbol
EFEMP2,8482,exact_symbol
EFHB,8483,exact_symbol
EFHC1,8484,exact_symbol
EFHC2,8485,exact_symbol
EFHD1,8486,exact_symbol
EFHD2,8487,exact_symbol
EFL1,8488,exact_symbol
EFNA1,8489,exact_symbol
EFNA2,8490,exact_symbol
EFNA3,8491,exact_symbol
EFNA4,8492,exact_symbol
EFNA5,8493,exact_symbol
EFNB1,8494,exact_symbol
EFNB2,8495,exact_symbol
EFNB3,8496,exact_symbol
EFR3A,8497,exact_symbol
EFR3B,8498,exact_symbol
EFS,8499,exact_symbol
EFTUD2,8502,exact_symbol
EGF,8503,exact_symbol
EGFL6,8505,exact_symbol
EGFL7,8506,exact_symbol
EGFL8,8507,exact_symbol
EGFLAM,8508,exact_symbol
EGFR,8509,exact_symbol
EGLN1,8510,exact_symbol
EGLN2,8512,exact_symbol
EGLN3,8513,exact_symbol
EGR1,8515,exact_symbol
EGR2,8516,exact_symbol
EGR3,8517,exact_symbol
EGR4,8518,exact_symbol
EHBP1,8519,exact_symbol
EHBP1L1,8520,exact_symbol
EHD1,8521,exact_symbol
EHD2,8522,exact_symbol
EHD3,8523,exact_symbol
EHD4,8524,exact_symbol
EHF,8525,exact_symbol
EHHADH,8526,exact_symbol
EHMT1,8527,exact_symbol
EHMT2,8528,exact_symbol
EI24,8529,exact_symbol
EID1,8534,exact_symbol
EID2,8535,exact_symbol
EID2B,8536,exact_symbol
EID3,8537,exact_symbol
EIF1,8538,exact_symbol
EIF1AD,8539,exact_symbol
EIF1AX,8540,exact_symbol
EIF1B,8544,exact_symbol
EIF2A,8552,exact_symbol
EIF2AK1,8553,exact_symbol
EIF2AK2,8554,exact_symbol
EIF2AK3,8555,exact_symbol
EIF2AK4,8556,exact_symbol
EIF2B1,8558,exact_symbol
EIF2B2,8559,exact_symbol
EIF2B3,8560,exact_symbol
EIF2B4,8561,exact_symbol
EIF2B5,8562,exact_symbol
EIF2D,8563,exact_symbol
EIF2S1,8564,exact_symbol
EIF2S2,8565,exact_symbol
EIF3A,8572,exact_symbol
EIF3B,8573,exact_symbol
EIF3D,8576,exact_symbol
EIF3E,8577,exact_symbol
EIF3F,8580,exact_symbol
EIF3G,8583,exact_symbol
EIF3H,8584,exact_symbol
EIF3I,8585,exact_symbol
EIF3K,8588,exact_symbol
EIF3L,8592,exact_symbol
EIF3M,8596,exact_symbol
EIF4A1,8597,exact_symbol
EIF4A2,8611,exact_symbol
EIF4E,8629,exact_symbol
EIF4E1B,8630,exact_symbol
EIF4E2,8631,exact_symbol
EIF4E3,8634,exact_symbol
EIF4EBP2,8637,exact_symbol
EIF4EBP3,8641,exact_symbol
EIF4ENIF1,8642,exact_symbol
EIF4G1,8648,exact_symbol
EIF4G2,8649,exact_symbol
EIF4G3,8650,exact_symbol
EIF4H,8651,exact_symbol
EIF5,8654,exact_symbol
EIF5A2,8656,exact_symbol
EIF5B,8662,exact_symbol
EIF6,8665,exact_symbol
EIPR1,32875,hgnc_previous_symbol
ELAC1,8666,exact_symbol
ELAC2,8667,exact_symbol
ELANE,8668,exact_symbol
ELAPOR1,13686,hgnc_previous_symbol
ELAPOR2,13687,hgnc_previous_symbol
ELAVL1,8669,exact_symbol
ELAVL2,8670,exact_symbol
ELAVL3,8671,exact_symbol
ELAVL4,8672,exact_symbol
ELF1,8673,exact_symbol
ELF2,8674,exact_symbol
ELF3,8675,exact_symbol
ELF4,8676,exact_symbol
ELF5,8677,exact_symbol
ELFN1,8678,exact_symbol
ELFN2,8679,exact_symbol
ELK1,8680,exact_symbol
ELK3,8684,exact_symbol
ELK4,8685,exact_symbol
ELL,8686,exact_symbol
ELL2,8687,exact_symbol
ELL3,8692,exact_symbol
ELMO1,8693,exact_symbol
ELMO2,8694,exact_symbol
ELMO3,8696,exact_symbol
ELMOD1,8697,exact_symbol
ELMOD2,8698,exact_symbol
ELMOD3,8699,exact_symbol
ELN,8701,exact_symbol
ELOA,31264,hgnc_previous_symbol
ELOB,31259,hgnc_previous_symbol
ELOC,31226,hgnc_previous_symbol
ELOF1,8702,exact_symbol
ELOVL1,8703,exact_symbol
ELOVL2,8704,exact_symbol
ELOVL3,8705,exact_symbol
ELOVL4,8706,exact_symbol
ELOVL5,8707,exact_symbol
ELOVL6,8708,exact_symbol
ELOVL7,8709,exact_symbol
ELP1,12982,hgnc_previous_symbol
ELP2,8710,exact_symbol
ELP3,8711,exact_symbol
ELP4,8712,exact_symbol
ELP5,8713,exact_symbol
ELP6,8714,exact_symbol
EMB,8716,exact_symbol
EMC1,8718,exact_symbol
EMC10,8719,exact_symbol
EMC2,8720,exact_symbol
EMC3,8721,exact_symbol
EMC4,8723,exact_symbol
EMC6,8724,exact_symbol
EMC7,8725,exact_symbol
EMC8,8726,exact_symbol
EMC9,8727,exact_symbol
EMCN,8728,exact_symbol
EMD,8729,exact_symbol
EME1,8730,exact_symbol
EME2,8731,exact_symbol
EMG1,8732,exact_symbol
EMID1,8733,exact_symbol
EMILIN1,8734,exact_symbol
EMILIN2,8735,exact_symbol
EMILIN3,8736,exact_symbol
EML1,8737,exact_symbol
EML2,8738,exact_symbol
EML3,8739,exact_symbol
EML4,8740,exact_symbol
EML5,8741,exact_symbol
EML6,8742,exact_symbol
EMP1,8743,exact_symbol
EMP2,8744,exact_symbol
EMP3,8745,exact_symbol
EMSY,8746,exact_symbol
EMX1,8747,exact_symbol
EMX2,8748,exact_symbol
EN1,8749,exact_symbol
EN2,8750,exact_symbol
ENAH,8751,exact_symbol
ENAM,8752,exact_symbol
ENC1,8753,exact_symbol
ENDOD1,8754,exact_symbol
ENDOG,8755,exact_symbol
ENDOU,8756,exact_symbol
ENDOV,8757,exact_symbol
ENG,8758,exact_symbol
ENGASE,8759,exact_symbol
ENHO,8760,exact_symbol
ENKD1,8761,exact_symbol
ENKUR,8762,exact_symbol
ENO2,8768,exact_symbol
ENO3,8769,exact_symbol
ENO4,8770,exact_symbol
ENOPH1,8771,exact_symbol
ENOX1,8773,exact_symbol
ENOX2,8774,exact_symbol
ENPEP,8775,exact_symbol
ENPP1,8776,exact_symbol
ENPP2,8777,exact_symbol
ENPP3,8778,exact_symbol
ENPP4,8779,exact_symbol
ENPP5,8780,exact_symbol
ENPP6,8781,exact_symbol
ENPP7,8782,exact_symbol
ENSA,8797,exact_symbol
ENTHD1,8801,exact_symbol
ENTPD1,8802,exact_symbol
ENTPD2,8803,exact_symbol
ENTPD3,8804,exact_symbol
ENTPD5,8806,exact_symbol
ENTPD6,8807,exact_symbol
ENTPD7,8808,exact_symbol
ENTPD8,8809,exact_symbol
ENTR1,28787,hgnc_previous_symbol
ENY2,8810,exact_symbol
EOGT,8811,exact_symbol
EOMES,8812,exact_symbol
EP300,8813,exact_symbol
EP400,8814,exact_symbol
EPAS1,8816,exact_symbol
EPB41,8817,exact_symbol
EPB41L1,8818,exact_symbol
EPB41L2,8819,exact_symbol
EPB41L3,8820,exact_symbol
EPB41L4A,8821,exact_symbol
EPB41L4B,8822,exact_symbol
EPB41L5,8823,exact_symbol
EPB42,8824,exact_symbol
EPC1,8825,exact_symbol
EPC2,8826,exact_symbol
EPCAM,8827,exact_symbol
EPDR1,8828,exact_symbol
EPG5,8829,exact_symbol
EPGN,8830,exact_symbol
EPHA1,8831,exact_symbol
EPHA2,8833,exact_symbol
EPHA3,8834,exact_symbol
EPHA4,8835,exact_symbol
EPHA5,8836,exact_symbol
EPHA6,8837,exact_symbol
EPHA7,8838,exact_symbol
EPHA8,8839,exact_symbol
EPHB1,8840,exact_symbol
EPHB2,8841,exact_symbol
EPHB3,8842,exact_symbol
EPHB4,8843,exact_symbol
EPHB6,8844,exact_symbol
EPHX1,8845,exact_symbol
EPHX2,8846,exact_symbol
EPHX3,8847,exact_symbol
EPHX4,8848,exact_symbol
EPM2A,8849,exact_symbol
EPM2AIP1,8850,exact_symbol
EPN1,8851,exact_symbol
EPN2,8852,exact_symbol
EPN3,8853,exact_symbol
EPO,8854,exact_symbol
EPOP,3899,hgnc_previous_symbol
EPOR,8855,exact_symbol
EPPIN,8856,exact_symbol
EPPK1,8858,exact_symbol
EPS15,8860,exact_symbol
EPS15L1,8861,exact_symbol
EPS8,8863,exact_symbol
EPS8L1,8864,exact_symbol
EPS8L2,8865,exact_symbol
EPS8L3,8866,exact_symbol
EPSTI1,8867,exact_symbol
EPX,8869,exact_symbol
EPYC,8870,exact_symbol
ERAL1,8872,exact_symbol
ERAP1,8873,exact_symbol
ERAS,8875,exact_symbol
ERBB2,8876,exact_symbol
ERBB3,8877,exact_symbol
ERBB4,8878,exact_symbol
ERBIN,8879,exact_symbol
ERC1,8880,exact_symbol
ERC2,8881,exact_symbol
ERCC1,8882,exact_symbol
ERCC2,8883,exact_symbol
ERCC3,8884,exact_symbol
ERCC4,8885,exact_symbol
ERCC6,8887,exact_symbol
ERCC6L,8888,exact_symbol
ERCC8,8890,exact_symbol
EREG,8891,exact_symbol
ERF,8892,exact_symbol
ERFE,8893,exact_symbol
ERFL,-1,missing
ERG,8894,exact_symbol
ERG28,3830,hgnc_previous_symbol
ERGIC1,8895,exact_symbol
ERGIC2,8896,exact_symbol
ERGIC3,8897,exact_symbol
ERI1,8901,exact_symbol
ERI2,8902,exact_symbol
ERI3,8903,exact_symbol
ERICH4,8907,exact_symbol
ERICH5,8908,exact_symbol
ERICH6,8909,exact_symbol
ERLEC1,8911,exact_symbol
ERLIN1,8913,exact_symbol
ERLIN2,8914,exact_symbol
ERMAP,8915,exact_symbol
ERMN,8917,exact_symbol
ERMP1,8918,exact_symbol
ERN1,8919,exact_symbol
ERN2,8920,exact_symbol
ERO1A,8921,exact_symbol
ERO1B,8922,exact_symbol
ERP27,8923,exact_symbol
ERP29,8924,exact_symbol
ERP44,8926,exact_symbol
ERRFI1,8927,exact_symbol
ESAM,8937,exact_symbol
ESCO1,8938,exact_symbol
ESCO2,8939,exact_symbol
ESD,8940,exact_symbol
ESF1,8941,exact_symbol
ESM1,8942,exact_symbol
ESPL1,8943,exact_symbol
ESPNL,8945,exact_symbol
ESR1,8947,exact_symbol
ESR2,8948,exact_symbol
ESRP1,8949,exact_symbol
ESRP2,8950,exact_symbol
ESRRA,8951,exact_symbol
ESRRB,8954,exact_symbol
ESRRG,8955,exact_symbol
ESS2,7723,hgnc_previous_symbol
ESYT1,8957,exact_symbol
ESYT2,8958,exact_symbol
ESYT3,8959,exact_symbol
ETAA1,8960,exact_symbol
ETF1,8961,exact_symbol
ETFA,8965,exact_symbol
ETFB,8966,exact_symbol
ETFBKMT,8967,exact_symbol
ETFDH,8968,exact_symbol
ETFRF1,15008,hgnc_previous_symbol
ETHE1,8969,exact_symbol
ETNK1,8970,exact_symbol
ETNK2,8971,exact_symbol
ETNPPL,8972,exact_symbol
ETS1,8973,exact_symbol
ETS2,8974,exact_symbol
ETV1,8975,exact_symbol
ETV2,8976,exact_symbol
ETV3,8977,exact_symbol
ETV3L,8978,exact_symbol
ETV4,8979,exact_symbol
ETV5,8980,exact_symbol
ETV6,8981,exact_symbol
EVA1A,8983,exact_symbol
EVA1B,8984,exact_symbol
EVA1C,8985,exact_symbol
EVC,8986,exact_symbol
EVC2,8987,exact_symbol
EVI2A,8988,exact_symbol
EVI2B,8989,exact_symbol
EVI5,8990,exact_symbol
EVI5L,8991,exact_symbol
EVL,8992,exact_symbol
EVPL,8993,exact_symbol
EVX1,8995,exact_symbol
EVX2,8996,exact_symbol
EWSR1,8997,exact_symbol
EXD1,8998,exact_symbol
EXD2,8999,exact_symbol
EXO1,9001,exact_symbol
EXO5,9002,exact_symbol
EXOC1,9003,exact_symbol
EXOC1L,-1,missing
EXOC2,9004,exact_symbol
EXOC3,9005,exact_symbol
EXOC3L1,9006,exact_symbol
EXOC3L2,9007,exact_symbol
EXOC3L4,9008,exact_symbol
EXOC4,9009,exact_symbol
EXOC5,9010,exact_symbol
EXOC6,9012,exact_symbol
EXOC6B,9013,exact_symbol
EXOC7,9014,exact_symbol
EXOC8,9016,exact_symbol
EXOG,9017,exact_symbol
EXOSC1,9019,exact_symbol
EXOSC10,9020,exact_symbol
EXOSC2,9021,exact_symbol
EXOSC3,9022,exact_symbol
EXOSC4,9025,exact_symbol
EXOSC5,9026,exact_symbol
EXOSC6,9027,exact_symbol
EXOSC7,9028,exact_symbol
EXOSC8,9029,exact_symbol
EXOSC9,9030,exact_symbol
EXPH5,9031,exact_symbol
EXT1,9032,exact_symbol
EXT2,9033,exact_symbol
EXTL1,9034,exact_symbol
EXTL2,9035,exact_symbol
EXTL3,9037,exact_symbol
EYA1,9038,exact_symbol
EYA2,9039,exact_symbol
EYA3,9040,exact_symbol
EYA4,9041,exact_symbol
EZH1,9043,exact_symbol
EZH2,9044,exact_symbol
EZR,9046,exact_symbol
F10,9047,exact_symbol
F11,9048,exact_symbol
F11R,9049,exact_symbol
F12,9050,exact_symbol
F13A1,9051,exact_symbol
F13B,9052,exact_symbol
F2,9053,exact_symbol
F2R,9054,exact_symbol
F2RL1,9055,exact_symbol
F2RL2,9056,exact_symbol
F2RL3,9057,exact_symbol
F3,9058,exact_symbol
F5,9059,exact_symbol
F7,9060,exact_symbol
F8,9061,exact_symbol
F9,9065,exact_symbol
FA2H,9066,exact_symbol
FAAH,9067,exact_symbol
FAAP100,9070,exact_symbol
FAAP20,9071,exact_symbol
FAAP24,9072,exact_symbol
FABP1,9073,exact_symbol
FABP12,9074,exact_symbol
FABP2,9076,exact_symbol
FABP3,9077,exact_symbol
FABP4,9079,exact_symbol
FABP5,9080,exact_symbol
FABP6,9094,exact_symbol
FABP7,9095,exact_symbol
FABP9,9098,exact_symbol
FADD,9099,exact_symbol
FADS1,9100,exact_symbol
FADS2,9101,exact_symbol
FADS3,9103,exact_symbol
FADS6,9104,exact_symbol
FAF1,9105,exact_symbol
FAF2,9106,exact_symbol
FAH,9108,exact_symbol
FAHD1,9109,exact_symbol
FAHD2A,9110,exact_symbol
FAIM2,9115,exact_symbol
FAM107A,9128,exact_symbol
FAM107B,9129,exact_symbol
FAM110A,9132,exact_symbol
FAM110B,9133,exact_symbol
FAM110D,9135,exact_symbol
FAM114A1,9138,exact_symbol
FAM114A2,9139,exact_symbol
FAM117A,9140,exact_symbol
FAM117B,9141,exact_symbol
FAM118A,9142,exact_symbol
FAM118B,9143,exact_symbol
FAM120A,9144,exact_symbol
FAM120B,9146,exact_symbol
FAM120C,9147,exact_symbol
FAM124A,9151,exact_symbol
FAM124B,9152,exact_symbol
FAM131A,9161,exact_symbol
FAM131B,9162,exact_symbol
FAM131C,9163,exact_symbol
FAM133B,9166,exact_symbol
FAM135A,9172,exact_symbol
FAM135B,9173,exact_symbol
FAM136A,9174,exact_symbol
FAM13A,9176,exact_symbol
FAM13B,9177,exact_symbol
FAM13C,9178,exact_symbol
FAM149A,9179,exact_symbol
FAM149B1,9180,exact_symbol
FAM151A,9184,exact_symbol
FAM151B,9185,exact_symbol
FAM161B,9201,exact_symbol
FAM162A,9202,exact_symbol
FAM162B,9203,exact_symbol
FAM163A,9204,exact_symbol
FAM163B,9205,exact_symbol
FAM167A,9217,exact_symbol
FAM167B,9218,exact_symbol
FAM168A,9219,exact_symbol
FAM168B,9220,exact_symbol
FAM169A,9221,exact_symbol
FAM170A,9223,exact_symbol
FAM171A1,9225,exact_symbol
FAM171A2,9226,exact_symbol
FAM171B,9227,exact_symbol
FAM174A,9232,exact_symbol
FAM174B,9233,exact_symbol
FAM174C,3911,hgnc_previous_symbol
FAM178B,9239,exact_symbol
FAM180A,9242,exact_symbol
FAM181A,9244,exact_symbol
FAM181B,9245,exact_symbol
FAM184A,9250,exact_symbol
FAM184B,9251,exact_symbol
FAM185A,9252,exact_symbol
FAM186B,9255,exact_symbol
FAM187A,9256,exact_symbol
FAM193A,9265,exact_symbol
FAM193B,9266,exact_symbol
FAM199X,9279,exact_symbol
FAM204A,9288,exact_symbol
FAM20A,9303,exact_symbol
FAM20B,9304,exact_symbol
FAM20C,9305,exact_symbol
FAM210A,9306,exact_symbol
FAM210B,9307,exact_symbol
FAM216A,9315,exact_symbol
FAM216B,9316,exact_symbol
FAM217B,9318,exact_symbol
FAM219A,9321,exact_symbol
FAM219B,9322,exact_symbol
FAM221A,9330,exact_symbol
FAM222A,9332,exact_symbol
FAM222B,9333,exact_symbol
FAM227B,9335,exact_symbol
FAM228B,9337,exact_symbol
FAM229A,9338,exact_symbol
FAM229B,9339,exact_symbol
FAM234A,9344,exact_symbol
FAM234B,9345,exact_symbol
FAM240A,-1,missing
FAM240B,-1,missing
FAM241A,4118,hgnc_previous_symbol
FAM241B,3765,hgnc_previous_symbol
FAM32A,9361,exact_symbol
FAM3A,9367,exact_symbol
FAM3B,9368,exact_symbol
FAM3C,9369,exact_symbol
FAM3D,9371,exact_symbol
FAM43A,9372,exact_symbol
FAM43B,9373,exact_symbol
FAM47E,9384,exact_symbol
FAM50A,9388,exact_symbol
FAM50B,9389,exact_symbol
FAM53A,9390,exact_symbol
FAM53B,9391,exact_symbol
FAM53C,9392,exact_symbol
FAM76A,9429,exact_symbol
FAM76B,9430,exact_symbol
FAM78A,9431,exact_symbol
FAM78B,9432,exact_symbol
FAM81A,9433,exact_symbol
FAM81B,9434,exact_symbol
FAM83A,9435,exact_symbol
FAM83B,9436,exact_symbol
FAM83C,9437,exact_symbol
FAM83D,9438,exact_symbol
FAM83E,9439,exact_symbol
FAM83F,9440,exact_symbol
FAM83G,9441,exact_symbol
FAM83H,9442,exact_symbol
FAM89A,9460,exact_symbol
FAM89B,9461,exact_symbol
FAM8A1,9462,exact_symbol
FAM91A1,9496,exact_symbol
FAM98A,9506,exact_symbol
FAM98B,9507,exact_symbol
FAM98C,9508,exact_symbol
FAN1,9512,exact_symbol
FANCA,9513,exact_symbol
FANCC,9515,exact_symbol
FANCD2,9516,exact_symbol
FANCD2OS,9517,exact_symbol
FANCE,9519,exact_symbol
FANCG,9521,exact_symbol
FANCI,9522,exact_symbol
FANCL,9523,exact_symbol
FANCM,9524,exact_symbol
FANK1,9525,exact_symbol
FAP,9526,exact_symbol
FAR1,9527,exact_symbol
FAR2,9529,exact_symbol
FARP1,9534,exact_symbol
FARP2,9535,exact_symbol
FARS2,9536,exact_symbol
FARSA,9537,exact_symbol
FARSB,9538,exact_symbol
FASLG,9541,exact_symbol
FASN,9542,exact_symbol
FASTK,9543,exact_symbol
FASTKD1,9544,exact_symbol
FASTKD2,9545,exact_symbol
FASTKD3,9546,exact_symbol
FASTKD5,9547,exact_symbol
FAT1,9548,exact_symbol
FAT2,9550,exact_symbol
FAT3,9551,exact_symbol
FAT4,9552,exact_symbol
FAU,9554,exact_symbol
FAXC,9557,exact_symbol
FBF1,9559,exact_symbol
FBH1,9598,hgnc_previous_symbol
FBL,9560,exact_symbol
FBLIM1,9561,exact_symbol
FBLL1,9562,exact_symbol
FBLN1,9563,exact_symbol
FBLN2,9564,exact_symbol
FBLN5,9565,exact_symbol
FBLN7,9566,exact_symbol
FBN1,9567,exact_symbol
FBN2,9568,exact_symbol
FBP1,9570,exact_symbol
FBP2,9571,exact_symbol
FBRS,9573,exact_symbol
FBRSL1,9574,exact_symbol
FBXL12,9575,exact_symbol
FBXL13,9576,exact_symbol
FBXL14,9577,exact_symbol
FBXL15,9578,exact_symbol
FBXL16,9579,exact_symbol
FBXL17,9580,exact_symbol
FBXL18,9581,exact_symbol
FBXL19,9582,exact_symbol
FBXL2,9583,exact_symbol
FBXL20,9584,exact_symbol
FBXL22,9586,exact_symbol
FBXL3,9587,exact_symbol
FBXL4,9588,exact_symbol
FBXL5,9589,exact_symbol
FBXL6,9590,exact_symbol
FBXL7,9591,exact_symbol
FBXL8,9592,exact_symbol
FBXO10,9593,exact_symbol
FBXO11,9594,exact_symbol
FBXO15,9595,exact_symbol
FBXO16,9596,exact_symbol
FBXO17,9597,exact_symbol
FBXO2,9599,exact_symbol
FBXO21,9600,exact_symbol
FBXO22,9601,exact_symbol
FBXO24,9602,exact_symbol
FBXO25,9603,exact_symbol
FBXO27,9604,exact_symbol
FBXO28,9605,exact_symbol
FBXO3,9606,exact_symbol
FBXO30,9607,exact_symbol
FBXO31,9608,exact_symbol
FBXO32,9609,exact_symbol
FBXO33,9610,exact_symbol
FBXO34,9611,exact_symbol
FBXO36,9612,exact_symbol
FBXO38,9614,exact_symbol
FBXO39,9615,exact_symbol
FBXO4,9616,exact_symbol
FBXO40,9617,exact_symbol
FBXO41,9618,exact_symbol
FBXO42,9619,exact_symbol
FBXO43,9620,exact_symbol
FBXO44,9621,exact_symbol
FBXO45,9622,exact_symbol
FBXO46,9623,exact_symbol
FBXO47,9624,exact_symbol
FBXO48,9625,exact_symbol
FBXO5,9626,exact_symbol
FBXO6,9627,exact_symbol
FBXO7,9628,exact_symbol
FBXO8,9629,exact_symbol
FBXO9,9630,exact_symbol
FBXW11,9632,exact_symbol
FBXW2,9635,exact_symbol
FBXW4,9636,exact_symbol
FBXW5,9638,exact_symbol
FBXW7,9639,exact_symbol
FBXW8,9640,exact_symbol
FBXW9,9641,exact_symbol
FCER1G,9645,exact_symbol
FCER2,9646,exact_symbol
FCF1,9647,exact_symbol
FCGR1A,9659,exact_symbol
FCGRT,9667,exact_symbol
FCHO1,9668,exact_symbol
FCHO2,9669,exact_symbol
FCHSD1,9670,exact_symbol
FCHSD2,9671,exact_symbol
FCMR,9672,exact_symbol
FCN1,9673,exact_symbol
FCRLA,9682,exact_symbol
FCRLB,9683,exact_symbol
FCSK,10111,hgnc_previous_symbol
FDFT1,9685,exact_symbol
FDPS,9686,exact_symbol
FDX1,9695,exact_symbol
FDX2,9698,exact_symbol
FDXACB1,9699,exact_symbol
FECH,9701,exact_symbol
FEM1B,9708,exact_symbol
FEM1C,9709,exact_symbol
FEN1,9710,exact_symbol
FER,9712,exact_symbol
FER1L5,9714,exact_symbol
FER1L6,9715,exact_symbol
FERD3L,9716,exact_symbol
FERMT1,9717,exact_symbol
FERMT2,9718,exact_symbol
FERMT3,9719,exact_symbol
FES,9721,exact_symbol
FETUB,9722,exact_symbol
FEV,9723,exact_symbol
FEZ1,9724,exact_symbol
FEZ2,9725,exact_symbol
FEZF1,9726,exact_symbol
FEZF2,9727,exact_symbol
FFAR1,9728,exact_symbol
FFAR2,9729,exact_symbol
FFAR4,9731,exact_symbol
FGB,9733,exact_symbol
FGD1,9734,exact_symbol
FGD2,9735,exact_symbol
FGD3,9736,exact_symbol
FGD4,9737,exact_symbol
FGD5,9738,exact_symbol
FGD6,9740,exact_symbol
FGF1,9741,exact_symbol
FGF10,9742,exact_symbol
FGF11,9743,exact_symbol
FGF12,9744,exact_symbol
FGF13,9745,exact_symbol
FGF14,9746,exact_symbol
FGF16,9747,exact_symbol
FGF17,9748,exact_symbol
FGF18,9749,exact_symbol
FGF2,9751,exact_symbol
FGF20,9752,exact_symbol
FGF21,9753,exact_symbol
FGF22,9754,exact_symbol
FGF23,9755,exact_symbol
FGF3,9756,exact_symbol
FGF4,9757,exact_symbol
FGF5,9758,exact_symbol
FGF6,9759,exact_symbol
FGF7,9760,exact_symbol
FGF8,9763,exact_symbol
FGF9,9764,exact_symbol
FGFBP1,9765,exact_symbol
FGFBP3,9767,exact_symbol
FGFR1,9768,exact_symbol
FGFR1OP2,9770,exact_symbol
FGFR2,9772,exact_symbol
FGFR3,9773,exact_symbol
FGFR4,9778,exact_symbol
FGFRL1,9779,exact_symbol
FGG,9780,exact_symbol
FGGY,9781,exact_symbol
FGL1,9782,exact_symbol
FGL2,9783,exact_symbol
FGR,9784,exact_symbol
FH,9785,exact_symbol
FHAD1,9786,exact_symbol
FHDC1,9787,exact_symbol
FHIP1A,9196,stable_id
FHIP1B,9197,stable_id
FHIP2A,9198,stable_id
FHIP2B,9199,stable_id
FHIT,9788,exact_symbol
FHL2,9790,exact_symbol
FHL3,9791,exact_symbol
FHL5,9792,exact_symbol
FHOD1,9793,exact_symbol
FHOD3,9794,exact_symbol
FIBCD1,9796,exact_symbol
FIBIN,9797,exact_symbol
FIBP,9798,exact_symbol
FICD,9799,exact_symbol
FIG4,9800,exact_symbol
FIGLA,9801,exact_symbol
FIGN,9802,exact_symbol
FIGNL1,9803,exact_symbol
FIGNL2,9804,exact_symbol
FILIP1,9805,exact_symbol
FILIP1L,9806,exact_symbol
FIS1,9808,exact_symbol
FITM1,9809,exact_symbol
FITM2,9810,exact_symbol
FIZ1,9811,exact_symbol
FJX1,9812,exact_symbol
FKBP10,9813,exact_symbol
FKBP11,9814,exact_symbol
FKBP14,9815,exact_symbol
FKBP15,9816,exact_symbol
FKBP1B,9820,exact_symbol
FKBP2,9822,exact_symbol
FKBP3,9823,exact_symbol
FKBP4,9824,exact_symbol
FKBP5,9830,exact_symbol
FKBP6,9831,exact_symbol
FKBP7,9832,exact_symbol
FKBP8,9833,exact_symbol
FKBP9,9834,exact_symbol
FKBPL,9836,exact_symbol
FKRP,9837,exact_symbol
FKTN,9838,exact_symbol
FLACC1,2143,hgnc_previous_symbol
FLAD1,9839,exact_symbol
FLCN,9840,exact_symbol
FLI1,9843,exact_symbol
FLII,9844,exact_symbol
FLNA,9847,exact_symbol
FLNB,9848,exact_symbol
FLNC,9849,exact_symbol
FLOT1,9850,exact_symbol
FLOT2,9851,exact_symbol
FLRT1,9852,exact_symbol
FLRT2,9853,exact_symbol
FLRT3,9854,exact_symbol
FLT1,9855,exact_symbol
FLT3,9857,exact_symbol
FLT3LG,9858,exact_symbol
FLT4,9859,exact_symbol
FLVCR1,9860,exact_symbol
FLVCR2,9861,exact_symbol
FLYWCH1,9862,exact_symbol
FLYWCH2,9864,exact_symbol
FMC1,4180,hgnc_previous_symbol
FMN1,9865,exact_symbol
FMN2,9866,exact_symbol
FMNL1,9867,exact_symbol
FMNL2,9868,exact_symbol
FMNL3,9869,exact_symbol
FMO1,9870,exact_symbol
FMO2,9873,exact_symbol
FMO3,9874,exact_symbol
FMO4,9875,exact_symbol
FMO5,9876,exact_symbol
FMOD,9881,exact_symbol
FMR1,9882,exact_symbol
FN1,9884,exact_symbol
FN3K,9885,exact_symbol
FN3KRP,9886,exact_symbol
FNBP1,9887,exact_symbol
FNBP1L,9888,exact_symbol
FNBP4,9890,exact_symbol
FNDC1,9891,exact_symbol
FNDC10,9892,exact_symbol
FNDC11,9893,exact_symbol
FNDC3A,9894,exact_symbol
FNDC3B,9895,exact_symbol
FNDC4,9897,exact_symbol
FNDC5,9898,exact_symbol
FNDC7,9899,exact_symbol
FNDC8,9900,exact_symbol
FNDC9,9901,exact_symbol
FNIP1,9902,exact_symbol
FNIP2,9903,exact_symbol
FNTA,9904,exact_symbol
FNTB,9907,exact_symbol
FOCAD,9910,exact_symbol
FOLH1,9911,exact_symbol
FOLR2,9914,exact_symbol
FOS,9917,exact_symbol
FOSB,9918,exact_symbol
FOSL1,9919,exact_symbol
FOSL2,9921,exact_symbol
FOXA1,9922,exact_symbol
FOXA2,9923,exact_symbol
FOXA3,9924,exact_symbol
FOXB1,9925,exact_symbol
FOXB2,9926,exact_symbol
FOXC1,9927,exact_symbol
FOXC2,9928,exact_symbol
FOXD1,9929,exact_symbol
FOXD2,9930,exact_symbol
FOXD3,9931,exact_symbol
FOXE1,9938,exact_symbol
FOXE3,9939,exact_symbol
FOXF1,9940,exact_symbol
FOXF2,9941,exact_symbol
FOXG1,9942,exact_symbol
FOXH1,9943,exact_symbol
FOXI1,9944,exact_symbol
FOXI2,9945,exact_symbol
FOXI3,9946,exact_symbol
FOXJ1,9947,exact_symbol
FOXJ2,9948,exact_symbol
FOXJ3,9949,exact_symbol
FOXK1,9950,exact_symbol
FOXK2,9951,exact_symbol
FOXL1,9952,exact_symbol
FOXL2,9953,exact_symbol
FOXL3,-1,missing
FOXM1,9955,exact_symbol
FOXN1,9956,exact_symbol
FOXN2,9957,exact_symbol
FOXN3,9958,exact_symbol
FOXN4,9960,exact_symbol
FOXO1,9961,exact_symbol
FOXO3,9963,exact_symbol
FOXO4,9965,exact_symbol
FOXO6,9966,exact_symbol
FOXP1,9967,exact_symbol
FOXP2,9968,exact_symbol
FOXP3,9969,exact_symbol
FOXP4,9970,exact_symbol
FOXQ1,9971,exact_symbol
FOXR2,9973,exact_symbol
FOXRED1,9974,exact_symbol
FOXRED2,9975,exact_symbol
FOXS1,9976,exact_symbol
FPGS,9979,exact_symbol
FPGT,9980,exact_symbol
FPR1,9982,exact_symbol
FRA10AC1,9985,exact_symbol
FRAS1,9986,exact_symbol
FREM1,9989,exact_symbol
FREM2,9990,exact_symbol
FREM3,9991,exact_symbol
FRK,10015,exact_symbol
FRMD3,10017,exact_symbol
FRMD4A,10018,exact_symbol
FRMD4B,10019,exact_symbol
FRMD5,10020,exact_symbol
FRMD6,10021,exact_symbol
FRMD7,10022,exact_symbol
FRMD8,10023,exact_symbol
FRMPD1,10025,exact_symbol
FRMPD2,10026,exact_symbol
FRMPD3,10028,exact_symbol
FRMPD4,10029,exact_symbol
FRRS1,10030,exact_symbol
FRRS1L,10031,exact_symbol
FRS2,10032,exact_symbol
FRS3,10033,exact_symbol
FRY,10034,exact_symbol
FRYL,10035,exact_symbol
FRZB,10036,exact_symbol
FSBP,10037,exact_symbol
FSCN1,10039,exact_symbol
FSCN2,10041,exact_symbol
FSCN3,10042,exact_symbol
FSD1,10043,exact_symbol
FSD1L,10044,exact_symbol
FSD2,10045,exact_symbol
FSHB,10046,exact_symbol
FSHR,10047,exact_symbol
FSIP1,10048,exact_symbol
FSIP2,10049,exact_symbol
FST,10050,exact_symbol
FSTL1,10051,exact_symbol
FSTL3,10052,exact_symbol
FSTL4,10053,exact_symbol
FSTL5,10054,exact_symbol
FTCD,10055,exact_symbol
FTH1,10057,exact_symbol
FTMT,10101,exact_symbol
FTO,10102,exact_symbol
FTSJ1,10104,exact_symbol
FTSJ3,10105,exact_symbol
FUBP1,10106,exact_symbol
FUBP3,10107,exact_symbol
FUCA1,10108,exact_symbol
FUCA2,10110,exact_symbol
FUNDC1,10112,exact_symbol
FUOM,10117,exact_symbol
FURIN,10118,exact_symbol
FUS,10119,exact_symbol
FUT1,10120,exact_symbol
FUT10,10121,exact_symbol
FUT11,10122,exact_symbol
FUT4,10125,exact_symbol
FUT7,10128,exact_symbol
FUT8,10129,exact_symbol
FUT9,10130,exact_symbol
FUZ,10131,exact_symbol
FXN,10132,exact_symbol
FXR1,10135,exact_symbol
FXR2,10136,exact_symbol
FXYD1,10137,exact_symbol
FXYD2,10138,exact_symbol
FXYD3,10139,exact_symbol
FXYD4,10140,exact_symbol
FXYD6,10142,exact_symbol
FXYD7,10147,exact_symbol
FYB2,3992,hgnc_previous_symbol
FYCO1,10149,exact_symbol
FYN,10150,exact_symbol
FYTTD1,10151,exact_symbol
FZD1,10153,exact_symbol
FZD10,10154,exact_symbol
FZD2,10155,exact_symbol
FZD3,10156,exact_symbol
FZD4,10157,exact_symbol
FZD5,10158,exact_symbol
FZD6,10159,exact_symbol
FZD7,10160,exact_symbol
FZD8,10161,exact_symbol
FZD9,10162,exact_symbol
FZR1,10163,exact_symbol
G0S2,10164,exact_symbol
G2E3,10165,exact_symbol
G3BP1,10166,exact_symbol
G3BP2,10167,exact_symbol
G6PC2,10169,exact_symbol
G6PC3,10170,exact_symbol
GAA,10172,exact_symbol
GAB1,10173,exact_symbol
GAB2,10174,exact_symbol
GAB3,10175,exact_symbol
GABARAP,10177,exact_symbol
GABARAPL1,10178,exact_symbol
GABARAPL2,10179,exact_symbol
GABBR1,10181,exact_symbol
GABBR2,10182,exact_symbol
GABPA,10183,exact_symbol
GABPB1,10184,exact_symbol
GABPB2,10185,exact_symbol
GABRA1,10186,exact_symbol
GABRA2,10187,exact_symbol
GABRA3,10188,exact_symbol
GABRA4,10189,exact_symbol
GABRA5,10190,exact_symbol
GABRA6,10191,exact_symbol
GABRB1,10192,exact_symbol
GABRB2,10193,exact_symbol
GABRB3,10194,exact_symbol
GABRD,10195,exact_symbol
GABRG1,10197,exact_symbol
GABRG2,10198,exact_symbol
GABRG3,10199,exact_symbol
GABRP,10200,exact_symbol
GABRQ,10201,exact_symbol
GABRR1,10202,exact_symbol
GABRR2,10203,exact_symbol
GABRR3,10204,exact_symbol
GAD1,10205,exact_symbol
GAD2,10206,exact_symbol
GADD45A,10207,exact_symbol
GADD45B,10208,exact_symbol
GADD45G,10209,exact_symbol
GADD45GIP1,10210,exact_symbol
GADL1,10211,exact_symbol
GAK,10225,exact_symbol
GAL,10226,exact_symbol
GAL3ST1,10227,exact_symbol
GAL3ST3,10229,exact_symbol
GAL3ST4,10230,exact_symbol
GALC,10231,exact_symbol
GALE,10232,exact_symbol
GALK1,10233,exact_symbol
GALK2,10234,exact_symbol
GALM,10235,exact_symbol
GALNS,10236,exact_symbol
GALNT1,10237,exact_symbol
GALNT10,10238,exact_symbol
GALNT11,10239,exact_symbol
GALNT12,10240,exact_symbol
GALNT13,10241,exact_symbol
GALNT14,10242,exact_symbol
GALNT15,10243,exact_symbol
GALNT16,10244,exact_symbol
GALNT17,33921,hgnc_previous_symbol
GALNT18,10245,exact_symbol
GALNT2,10246,exact_symbol
GALNT3,10247,exact_symbol
GALNT4,10248,exact_symbol
GALNT5,10249,exact_symbol
GALNT6,10250,exact_symbol
GALNT7,10251,exact_symbol
GALNT9,10253,exact_symbol
GALNTL5,10254,exact_symbol
GALNTL6,10255,exact_symbol
GALP,10256,exact_symbol
GALR1,10257,exact_symbol
GALR2,10258,exact_symbol
GALR3,10259,exact_symbol
GALT,10260,exact_symbol
GAMT,10261,exact_symbol
GAN,10263,exact_symbol
GANAB,10264,exact_symbol
GANC,10265,exact_symbol
GAP43,10266,exact_symbol
GAPDHS,10329,exact_symbol
GAPT,10330,exact_symbol
GAPVD1,10331,exact_symbol
GAR1,10332,exact_symbol
GAREM1,10333,exact_symbol
GAREM2,10334,exact_symbol
GARNL3,10335,exact_symbol
GARRE1,13657,hgnc_previous_symbol
GART,10338,exact_symbol
GAS1,10339,exact_symbol
GAS2,10340,exact_symbol
GAS2L1,10341,exact_symbol
GAS2L2,10344,exact_symbol
GAS2L3,10345,exact_symbol
GAS6,10346,exact_symbol
GAS7,10347,exact_symbol
GAS8,10348,exact_symbol
GASK1A,9277,hgnc_previous_symbol
GASK1B,9278,hgnc_previous_symbol
GAST,10349,exact_symbol
GATA1,10350,exact_symbol
GATA2,10351,exact_symbol
GATA3,10352,exact_symbol
GATA4,10353,exact_symbol
GATA5,10354,exact_symbol
GATA6,10355,exact_symbol
GATAD1,10356,exact_symbol
GATAD2A,10357,exact_symbol
GATAD2B,10358,exact_symbol
GATB,10359,exact_symbol
GATC,10360,exact_symbol
GATD1,19288,hgnc_previous_symbol
GATD3,4033,hgnc_previous_symbol
GATM,10361,exact_symbol
GBA2,10366,exact_symbol
GBE1,10370,exact_symbol
GBF1,10371,exact_symbol
GBGT1,10372,exact_symbol
GBP5,10378,exact_symbol
GBX1,10381,exact_symbol
GBX2,10382,exact_symbol
GC,10383,exact_symbol
GCA,10384,exact_symbol
GCAT,10385,exact_symbol
GCC1,10386,exact_symbol
GCC2,10387,exact_symbol
GCDH,10388,exact_symbol
GCFC2,10389,exact_symbol
GCG,10390,exact_symbol
GCGR,10391,exact_symbol
GCH1,10392,exact_symbol
GCHFR,10393,exact_symbol
GCK,10394,exact_symbol
GCKR,10395,exact_symbol
GCLC,10396,exact_symbol
GCLM,10397,exact_symbol
GCM1,10398,exact_symbol
GCM2,10399,exact_symbol
GCN1,10400,exact_symbol
GCNT1,10401,exact_symbol
GCNT3,10408,exact_symbol
GCNT4,10409,exact_symbol
GCSAM,10414,exact_symbol
GCSH,10416,exact_symbol
GDA,10422,exact_symbol
GDAP1,10423,exact_symbol
GDAP1L1,10424,exact_symbol
GDAP2,10425,exact_symbol
GDE1,10426,exact_symbol
GDF1,10427,exact_symbol
GDF10,10428,exact_symbol
GDF11,10429,exact_symbol
GDF15,10430,exact_symbol
GDF2,10431,exact_symbol
GDF3,10432,exact_symbol
GDF5,10433,exact_symbol
GDF6,10435,exact_symbol
GDF7,10436,exact_symbol
GDF9,10437,exact_symbol
GDI1,10438,exact_symbol
GDI2,10439,exact_symbol
GDNF,10442,exact_symbol
GDPD1,10443,exact_symbol
GDPD2,10444,exact_symbol
GDPD3,10445,exact_symbol
GDPD4,10446,exact_symbol
GDPD5,10447,exact_symbol
GDPGP1,10448,exact_symbol
GEM,10449,exact_symbol
GEMIN2,10450,exact_symbol
GEMIN4,10453,exact_symbol
GEMIN5,10454,exact_symbol
GEMIN6,10455,exact_symbol
GEMIN7,10456,exact_symbol
GEMIN8,10457,exact_symbol
GEN1,10461,exact_symbol
GET1,34072,hgnc_previous_symbol
GET3,2902,hgnc_previous_symbol
GET4,10462,exact_symbol
GFAP,10463,exact_symbol
GFER,10464,exact_symbol
GFI1,10465,exact_symbol
GFI1B,10466,exact_symbol
GFM1,10467,exact_symbol
GFM2,10468,exact_symbol
GFOD1,10469,exact_symbol
GFOD2,10470,exact_symbol
GFPT1,10471,exact_symbol
GFPT2,10472,exact_symbol
GFRA1,10473,exact_symbol
GFRA2,10474,exact_symbol
GFRA3,10475,exact_symbol
GFRA4,10476,exact_symbol
GFRAL,10477,exact_symbol
GFUS,32886,hgnc_previous_symbol
GFY,10478,exact_symbol
GGA1,10479,exact_symbol
GGA2,10480,exact_symbol
GGA3,10481,exact_symbol
GGACT,10482,exact_symbol
GGCT,10483,exact_symbol
GGCX,10484,exact_symbol
GGH,10485,exact_symbol
GGN,10486,exact_symbol
GGNBP2,10488,exact_symbol
GGPS1,10489,exact_symbol
GGT5,10494,exact_symbol
GGT6,10495,exact_symbol
GGT7,10496,exact_symbol
GHDC,10507,exact_symbol
GHITM,10508,exact_symbol
GHR,10509,exact_symbol
GHRH,10510,exact_symbol
GHRHR,10511,exact_symbol
GHRL,10512,exact_symbol
GHSR,10513,exact_symbol
GID4,10517,exact_symbol
GID8,10518,exact_symbol
GIGYF1,10520,exact_symbol
GIGYF2,10521,exact_symbol
GIMAP1,10522,exact_symbol
GIMAP4,10526,exact_symbol
GIMAP7,10529,exact_symbol
GIMAP8,10530,exact_symbol
GIMD1,10531,exact_symbol
GIN1,10532,exact_symbol
GINM1,10533,exact_symbol
GINS1,10534,exact_symbol
GINS2,10535,exact_symbol
GINS3,10536,exact_symbol
GINS4,10537,exact_symbol
GIP,10538,exact_symbol
GIPC1,10539,exact_symbol
GIPC2,10540,exact_symbol
GIPC3,10541,exact_symbol
GIPR,10542,exact_symbol
GIT1,10543,exact_symbol
GIT2,10544,exact_symbol
GJA1,10545,exact_symbol
GJA10,10546,exact_symbol
GJA3,10548,exact_symbol
GJA4,10549,exact_symbol
GJA5,10550,exact_symbol
GJA8,10552,exact_symbol
GJB1,10554,exact_symbol
GJB2,10555,exact_symbol
GJB3,10556,exact_symbol
GJB4,10557,exact_symbol
GJB5,10558,exact_symbol
GJB6,10559,exact_symbol
GJC1,10561,exact_symbol
GJC2,10562,exact_symbol
GJC3,10563,exact_symbol
GJD2,10564,exact_symbol
GJD3,10565,exact_symbol
GJD4,10566,exact_symbol
GJE1,10567,exact_symbol
GK2,10569,exact_symbol
GK5,10570,exact_symbol
GKAP1,10571,exact_symbol
GKN1,10572,exact_symbol
GKN2,10573,exact_symbol
GLA,10575,exact_symbol
GLB1,10576,exact_symbol
GLB1L,10577,exact_symbol
GLB1L2,10578,exact_symbol
GLB1L3,10579,exact_symbol
GLCCI1,10580,exact_symbol
GLCE,10581,exact_symbol
GLDC,10582,exact_symbol
GLDN,10584,exact_symbol
GLE1,10585,exact_symbol
GLG1,10586,exact_symbol
GLI1,10587,exact_symbol
GLI2,10588,exact_symbol
GLI3,10589,exact_symbol
GLIPR1,10591,exact_symbol
GLIPR1L2,10593,exact_symbol
GLIPR2,10594,exact_symbol
GLIS1,10595,exact_symbol
GLIS2,10596,exact_symbol
GLIS3,10597,exact_symbol
GLMN,10598,exact_symbol
GLMP,10599,exact_symbol
GLO1,10600,exact_symbol
GLOD4,10601,exact_symbol
GLOD5,10602,exact_symbol
GLP1R,10603,exact_symbol
GLP2R,10604,exact_symbol
GLRA1,10605,exact_symbol
GLRA2,10606,exact_symbol
GLRA3,10607,exact_symbol
GLRB,10609,exact_symbol
GLRX,10610,exact_symbol
GLRX3,10612,exact_symbol
GLRX5,10614,exact_symbol
GLS,10617,exact_symbol
GLS2,10618,exact_symbol
GLT1D1,10619,exact_symbol
GLT6D1,10620,exact_symbol
GLT8D1,10621,exact_symbol
GLT8D2,10622,exact_symbol
GLTP,10623,exact_symbol
GLTPD2,10624,exact_symbol
GLUL,10637,exact_symbol
GLYAT,10642,exact_symbol
GLYATL3,10649,exact_symbol
GLYCTK,10651,exact_symbol
GLYR1,10652,exact_symbol
GM2A,10653,exact_symbol
GMDS,10659,exact_symbol
GMEB1,10660,exact_symbol
GMEB2,10661,exact_symbol
GMFB,10662,exact_symbol
GMFG,10664,exact_symbol
GMIP,10665,exact_symbol
GMNC,10667,exact_symbol
GMNN,10668,exact_symbol
GMPPA,10669,exact_symbol
GMPPB,10670,exact_symbol
GMPR,10671,exact_symbol
GMPR2,10672,exact_symbol
GMPS,10673,exact_symbol
GNA11,10675,exact_symbol
GNA12,10676,exact_symbol
GNA13,10677,exact_symbol
GNA14,10678,exact_symbol
GNA15,10679,exact_symbol
GNAI1,10680,exact_symbol
GNAI2,10681,exact_symbol
GNAI3,10684,exact_symbol
GNAL,10685,exact_symbol
GNAO1,10686,exact_symbol
GNAT1,10690,exact_symbol
GNAT2,10691,exact_symbol
GNAT3,10692,exact_symbol
GNAZ,10693,exact_symbol
GNB1,10694,exact_symbol
GNB1L,10695,exact_symbol
GNB2,10696,exact_symbol
GNB3,10697,exact_symbol
GNB4,10698,exact_symbol
GNB5,10699,exact_symbol
GNE,10700,exact_symbol
GNG10,10701,exact_symbol
GNG11,10703,exact_symbol
GNG12,10704,exact_symbol
GNG13,10705,exact_symbol
GNG2,10706,exact_symbol
GNG3,10707,exact_symbol
GNG4,10708,exact_symbol
GNG5,10709,exact_symbol
GNG7,10714,exact_symbol
GNG8,10715,exact_symbol
GNGT1,10716,exact_symbol
GNGT2,10717,exact_symbol
GNL1,10718,exact_symbol
GNL2,10719,exact_symbol
GNL3,10721,exact_symbol
GNL3L,10722,exact_symbol
GNMT,10725,exact_symbol
GNPAT,10726,exact_symbol
GNPDA1,10728,exact_symbol
GNPDA2,10729,exact_symbol
GNPNAT1,10730,exact_symbol
GNPTAB,10731,exact_symbol
GNPTG,10732,exact_symbol
GNRH1,10733,exact_symbol
GNRHR,10735,exact_symbol
GNS,10738,exact_symbol
GOLGA1,10739,exact_symbol
GOLGA3,10752,exact_symbol
GOLGA4,10753,exact_symbol
GOLGA5,10754,exact_symbol
GOLGA7,10773,exact_symbol
GOLGA7B,10774,exact_symbol
GOLGB1,10795,exact_symbol
GOLIM4,10796,exact_symbol
GOLM1,10797,exact_symbol
GOLM2,4427,hgnc_previous_symbol
GOLPH3,10798,exact_symbol
GOLPH3L,10799,exact_symbol
GOLT1A,10800,exact_symbol
GOLT1B,10801,exact_symbol
GON7,3834,hgnc_previous_symbol
GOPC,10803,exact_symbol
GORAB,10804,exact_symbol
GORASP1,10805,exact_symbol
GORASP2,10806,exact_symbol
GOSR1,10807,exact_symbol
GOSR2,10808,exact_symbol
GOT1,10809,exact_symbol
GOT1L1,10810,exact_symbol
GOT2,10811,exact_symbol
GP1BA,10816,exact_symbol
GP1BB,10817,exact_symbol
GP2,10818,exact_symbol
GP5,10819,exact_symbol
GP6,10820,exact_symbol
GP9,10821,exact_symbol
GPA33,10822,exact_symbol
GPAA1,10823,exact_symbol
GPAM,10827,exact_symbol
GPANK1,10828,exact_symbol
GPAT2,10829,exact_symbol
GPAT3,10830,exact_symbol
GPAT4,10831,exact_symbol
GPATCH1,10832,exact_symbol
GPATCH11,10833,exact_symbol
GPATCH2,10834,exact_symbol
GPATCH2L,10835,exact_symbol
GPATCH3,10836,exact_symbol
GPATCH4,10837,exact_symbol
GPATCH8,10838,exact_symbol
GPBAR1,10839,exact_symbol
GPBP1,10840,exact_symbol
GPBP1L1,10841,exact_symbol
GPC1,10842,exact_symbol
GPC2,10843,exact_symbol
GPC3,10844,exact_symbol
GPC4,10845,exact_symbol
GPC5,10846,exact_symbol
GPC6,10847,exact_symbol
GPCPD1,10848,exact_symbol
GPD1,10849,exact_symbol
GPD1L,10850,exact_symbol
GPD2,10851,exact_symbol
GPER1,10852,exact_symbol
GPHA2,10853,exact_symbol
GPHB5,10854,exact_symbol
GPHN,10855,exact_symbol
GPI,10856,exact_symbol
GPKOW,10858,exact_symbol
GPLD1,10859,exact_symbol
GPM6A,10860,exact_symbol
GPM6B,10861,exact_symbol
GPN1,10865,exact_symbol
GPN2,10866,exact_symbol
GPN3,10867,exact_symbol
GPNMB,10869,exact_symbol
GPR101,10871,exact_symbol
GPR107,10872,exact_symbol
GPR108,10873,exact_symbol
GPR119,10874,exact_symbol
GPR12,10875,exact_symbol
GPR135,10877,exact_symbol
GPR137,10878,exact_symbol
GPR137B,10879,exact_symbol
GPR137C,10880,exact_symbol
GPR139,10881,exact_symbol
GPR141,10882,exact_symbol
GPR142,10883,exact_symbol
GPR143,10884,exact_symbol
GPR146,10886,exact_symbol
GPR149,10888,exact_symbol
GPR15,10889,exact_symbol
GPR151,10891,exact_symbol
GPR152,10892,exact_symbol
GPR153,10893,exact_symbol
GPR155,10894,exact_symbol
GPR156,10895,exact_symbol
GPR157,10896,exact_symbol
GPR158,10897,exact_symbol
GPR160,10898,exact_symbol
GPR161,10899,exact_symbol
GPR162,10900,exact_symbol
GPR17,10901,exact_symbol
GPR171,10902,exact_symbol
GPR173,10903,exact_symbol
GPR174,10904,exact_symbol
GPR176,10905,exact_symbol
GPR179,10906,exact_symbol
GPR18,10907,exact_symbol
GPR180,10908,exact_symbol
GPR182,10909,exact_symbol
GPR183,10910,exact_symbol
GPR19,10911,exact_symbol
GPR20,10912,exact_symbol
GPR21,10913,exact_symbol
GPR22,10914,exact_symbol
GPR25,10915,exact_symbol
GPR26,10916,exact_symbol
GPR27,10917,exact_symbol
GPR3,10918,exact_symbol
GPR31,10919,exact_symbol
GPR33,10922,exact_symbol
GPR34,10923,exact_symbol
GPR35,10924,exact_symbol
GPR37,10925,exact_symbol
GPR37L1,10926,exact_symbol
GPR39,10927,exact_symbol
GPR4,10928,exact_symbol
GPR45,10930,exact_symbol
GPR50,10931,exact_symbol
GPR52,10932,exact_symbol
GPR55,10934,exact_symbol
GPR6,10935,exact_symbol
GPR61,10936,exact_symbol
GPR62,10937,exact_symbol
GPR63,10938,exact_symbol
GPR65,10939,exact_symbol
GPR68,10940,exact_symbol
GPR75,10941,exact_symbol
GPR82,10945,exact_symbol
GPR83,10946,exact_symbol
GPR85,10948,exact_symbol
GPR87,10949,exact_symbol
GPR88,10950,exact_symbol
GPRASP1,10953,exact_symbol
GPRASP2,10954,exact_symbol
GPRC5A,10955,exact_symbol
GPRC5B,10956,exact_symbol
GPRC5C,10957,exact_symbol
GPRC5D,10958,exact_symbol
GPRC6A,10959,exact_symbol
GPRIN1,10960,exact_symbol
GPRIN2,10961,exact_symbol
GPRIN3,10962,exact_symbol
GPS1,10963,exact_symbol
GPS2,10964,exact_symbol
GPSM1,10967,exact_symbol
GPSM2,10968,exact_symbol
GPSM3,10969,exact_symbol
GPT,10970,exact_symbol
GPT2,10971,exact_symbol
GPX1,10972,exact_symbol
GPX2,10975,exact_symbol
GPX3,10976,exact_symbol
GPX4,10977,exact_symbol
GPX6,10979,exact_symbol
GPX7,10980,exact_symbol
GPX8,10981,exact_symbol
GRAMD1A,10982,exact_symbol
GRAMD1B,10983,exact_symbol
GRAMD1C,10984,exact_symbol
GRAMD4,10987,exact_symbol
GRAP2,10997,exact_symbol
GRB10,11000,exact_symbol
GRB14,11001,exact_symbol
GRB2,11002,exact_symbol
GRB7,11003,exact_symbol
GREB1,11004,exact_symbol
GREB1L,11005,exact_symbol
GREM1,11006,exact_symbol
GREM2,11007,exact_symbol
GRHL1,11008,exact_symbol
GRHL2,11009,exact_symbol
GRHL3,11010,exact_symbol
GRHPR,11011,exact_symbol
GRIA1,11012,exact_symbol
GRIA2,11013,exact_symbol
GRIA3,11014,exact_symbol
GRIA4,11015,exact_symbol
GRID1,11016,exact_symbol
GRID2,11017,exact_symbol
GRID2IP,11018,exact_symbol
GRIFIN,11019,exact_symbol
GRIK1,11020,exact_symbol
GRIK2,11021,exact_symbol
GRIK3,11022,exact_symbol
GRIK4,11023,exact_symbol
GRIK5,11024,exact_symbol
GRIN1,11025,exact_symbol
GRIN2A,11026,exact_symbol
GRIN2B,11027,exact_symbol
GRIN2C,11028,exact_symbol
GRIN2D,11029,exact_symbol
GRIN3A,11030,exact_symbol
GRIN3B,11031,exact_symbol
GRINA,11032,exact_symbol
GRIP1,11033,exact_symbol
GRIP2,11034,exact_symbol
GRIPAP1,11035,exact_symbol
GRK1,11036,exact_symbol
GRK2,11037,exact_symbol
GRK3,11038,exact_symbol
GRK4,11039,exact_symbol
GRK5,11040,exact_symbol
GRK6,11041,exact_symbol
GRM1,11044,exact_symbol
GRM2,11045,exact_symbol
GRM3,11046,exact_symbol
GRM4,11047,exact_symbol
GRM5,11048,exact_symbol
GRM6,11049,exact_symbol
GRM7,11050,exact_symbol
GRM8,11051,exact_symbol
GRN,11052,exact_symbol
GRP,11053,exact_symbol
GRPEL1,11054,exact_symbol
GRPEL2,11055,exact_symbol
GRPR,11059,exact_symbol
GRSF1,11060,exact_symbol
GRTP1,11061,exact_symbol
GRWD1,11062,exact_symbol
GRXCR1,11063,exact_symbol
GRXCR2,11064,exact_symbol
GSAP,11111,exact_symbol
GSC,11112,exact_symbol
GSC2,11113,exact_symbol
GSDMD,11117,exact_symbol
GSDME,7717,hgnc_previous_symbol
GSE1,11118,exact_symbol
GSG1,11119,exact_symbol
GSG1L,11120,exact_symbol
GSG1L2,11121,exact_symbol
GSK3A,11123,exact_symbol
GSK3B,11124,exact_symbol
GSKIP,11125,exact_symbol
GSN,11126,exact_symbol
GSPT1,11127,exact_symbol
GSPT2,11128,exact_symbol
GSR,11129,exact_symbol
GSS,11130,exact_symbol
GSTCD,11143,exact_symbol
GSTK1,11144,exact_symbol
GSTM2,11146,exact_symbol
GSTM3,11148,exact_symbol
GSTM4,11151,exact_symbol
GSTO1,11154,exact_symbol
GSTO2,11155,exact_symbol
GSTT4,11162,hgnc_previous_symbol
GSTZ1,11163,exact_symbol
GSX1,11164,exact_symbol
GSX2,11165,exact_symbol
GTDC1,11166,exact_symbol
GTF2A1,11167,exact_symbol
GTF2A1L,11168,exact_symbol
GTF2A2,11169,exact_symbol
GTF2B,11170,exact_symbol
GTF2E1,11171,exact_symbol
GTF2E2,11172,exact_symbol
GTF2F1,11173,exact_symbol
GTF2F2,11174,exact_symbol
GTF2H1,11177,exact_symbol
GTF2H3,11182,exact_symbol
GTF2H4,11183,exact_symbol
GTF2H5,11184,exact_symbol
GTF2I,11185,exact_symbol
GTF2IRD1,11202,exact_symbol
GTF3A,11207,exact_symbol
GTF3C1,11212,exact_symbol
GTF3C2,11213,exact_symbol
GTF3C3,11214,exact_symbol
GTF3C4,11215,exact_symbol
GTF3C5,11216,exact_symbol
GTF3C6,11217,exact_symbol
GTPBP1,11218,exact_symbol
GTPBP10,11219,exact_symbol
GTPBP2,11220,exact_symbol
GTPBP3,11221,exact_symbol
GTPBP4,11222,exact_symbol
GTPBP6,11223,exact_symbol
GTPBP8,11224,exact_symbol
GTSE1,11225,exact_symbol
GTSF1,11226,exact_symbol
GTSF1L,11227,exact_symbol
GUCA1A,11250,exact_symbol
GUCA1B,11251,exact_symbol
GUCA2A,11253,exact_symbol
GUCA2B,11254,exact_symbol
GUCD1,11255,exact_symbol
GUCY1A1,11257,hgnc_previous_symbol
GUCY1A2,11256,exact_symbol
GUCY1B1,11259,hgnc_previous_symbol
GUCY2C,11260,exact_symbol
GUCY2D,11261,exact_symbol
GUCY2F,11263,exact_symbol
GUF1,11265,exact_symbol
GUK1,11266,exact_symbol
GULP1,11268,exact_symbol
GUSB,11269,exact_symbol
GXYLT1,11284,exact_symbol
GXYLT2,11291,exact_symbol
GYPC,11300,exact_symbol
GYS1,11302,exact_symbol
GYS2,11303,exact_symbol
GZF1,11304,exact_symbol
GZMA,11305,exact_symbol
GZMK,11309,exact_symbol
GZMM,11310,exact_symbol
H1-0,11311,hgnc_previous_symbol
H1-1,11594,hgnc_previous_symbol
H1-10,11314,hgnc_previous_symbol
H1-2,11596,hgnc_previous_symbol
H1-3,11597,hgnc_previous_symbol
H1-4,11598,hgnc_previous_symbol
H1-5,11595,hgnc_previous_symbol
H1-6,11601,hgnc_previous_symbol
H2AC1,11602,hgnc_previous_symbol
H2AC19,11662,hgnc_previous_symbol
H2AC20,11664,hgnc_previous_symbol
H2AC21,11663,hgnc_previous_symbol
H2AJ,11318,hgnc_previous_symbol
H2AX,11320,hgnc_previous_symbol
H2AZ2,11319,hgnc_previous_symbol
H2BC1,11619,hgnc_previous_symbol
H2BC18,11670,hgnc_previous_symbol
H3-4,11681,hgnc_previous_symbol
H3C1,11637,hgnc_previous_symbol
H3C14,11672,hgnc_previous_symbol
H6PD,11342,exact_symbol
HAAO,11343,exact_symbol
HABP2,11344,exact_symbol
HABP4,11345,exact_symbol
HACD1,11346,exact_symbol
HACD2,11347,exact_symbol
HACD3,11348,exact_symbol
HACD4,11349,exact_symbol
HACE1,11350,exact_symbol
HACL1,11351,exact_symbol
HADH,11352,exact_symbol
HADHA,11353,exact_symbol
HADHB,11355,exact_symbol
HAGH,11356,exact_symbol
HAGHL,11357,exact_symbol
HAL,11358,exact_symbol
HAND1,11360,exact_symbol
HAND2,11361,exact_symbol
HAO1,11362,exact_symbol
HAO2,11363,exact_symbol
HAP1,11364,exact_symbol
HAPLN1,11365,exact_symbol
HAPLN2,11366,exact_symbol
HAPLN3,11367,exact_symbol
HAPLN4,11368,exact_symbol
HARBI1,11369,exact_symbol
HARS2,11371,exact_symbol
HAS1,11372,exact_symbol
HAS2,11373,exact_symbol
HAS3,11374,exact_symbol
HASPIN,11122,hgnc_previous_symbol
HAT1,11375,exact_symbol
HAUS1,11376,exact_symbol
HAUS2,11380,exact_symbol
HAUS3,11381,exact_symbol
HAUS4,11382,exact_symbol
HAUS5,11384,exact_symbol
HAUS6,11385,exact_symbol
HAUS7,11389,exact_symbol
HAVCR2,11393,exact_symbol
HAX1,11394,exact_symbol
HBE1,11400,exact_symbol
HBEGF,11401,exact_symbol
HBP1,11405,exact_symbol
HBS1L,11407,exact_symbol
HBZ,11408,exact_symbol
HCAR1,11410,exact_symbol
HCCS,11413,exact_symbol
HCFC1,11414,exact_symbol
HCFC1R1,11415,exact_symbol
HCFC2,11416,exact_symbol
HCK,11429,exact_symbol
HCLS1,11430,exact_symbol
HCN1,11431,exact_symbol
HCN2,11432,exact_symbol
HCN3,11433,exact_symbol
HCN4,11434,exact_symbol
HCRT,11435,exact_symbol
HCRTR1,11436,exact_symbol
HCRTR2,11437,exact_symbol
HCST,11438,exact_symbol
HDAC1,11439,exact_symbol
HDAC10,11440,exact_symbol
HDAC11,11441,exact_symbol
HDAC2,11444,exact_symbol
HDAC3,11445,exact_symbol
HDAC4,11446,exact_symbol
HDAC5,11447,exact_symbol
HDAC6,11448,exact_symbol
HDAC7,11449,exact_symbol
HDAC8,11450,exact_symbol
HDAC9,11451,exact_symbol
HDC,11452,exact_symbol
HDDC2,11453,exact_symbol
HDDC3,11454,exact_symbol
HDGF,11455,exact_symbol
HDGFL2,-1,missing
HDGFL3,-1,missing
HDHD2,11458,exact_symbol
HDHD3,11459,exact_symbol
HDHD5,5133,hgnc_previous_symbol
HDLBP,11460,exact_symbol
HDX,11461,exact_symbol
HEATR1,11462,exact_symbol
HEATR3,11463,exact_symbol
HEATR4,11464,exact_symbol
HEATR5A,11465,exact_symbol
HEATR5B,11466,exact_symbol
HEATR6,11467,exact_symbol
HEATR9,11468,exact_symbol
HEBP1,11469,exact_symbol
HEBP2,11470,exact_symbol
HECA,11471,exact_symbol
HECTD1,11472,exact_symbol
HECTD2,11473,exact_symbol
HECTD3,11474,exact_symbol
HECTD4,11475,exact_symbol
HECW1,11476,exact_symbol
HECW2,11477,exact_symbol
HEG1,11478,exact_symbol
HELB,11479,exact_symbol
HELLS,11480,exact_symbol
HELQ,11481,exact_symbol
HELT,11482,exact_symbol
HELZ,11483,exact_symbol
HELZ2,11484,exact_symbol
HEMK1,11486,exact_symbol
HENMT1,11487,exact_symbol
HEPACAM,11488,exact_symbol
HEPACAM2,11489,exact_symbol
HEPH,11490,exact_symbol
HEPHL1,11491,exact_symbol
HERC1,11493,exact_symbol
HERC2,11494,exact_symbol
HERC3,11504,exact_symbol
HERC4,11505,exact_symbol
HERC6,11507,exact_symbol
HERPUD1,11508,exact_symbol
HERPUD2,11509,exact_symbol
HES1,11510,exact_symbol
HES2,11511,exact_symbol
HES3,11512,exact_symbol
HES5,11514,exact_symbol
HES6,11515,exact_symbol
HES7,11516,exact_symbol
HESX1,11517,exact_symbol
HEXA,11518,exact_symbol
HEXB,11519,exact_symbol
HEXIM1,11521,exact_symbol
HEXIM2,11522,exact_symbol
HEY1,11523,exact_symbol
HEY2,11524,exact_symbol
HEYL,11525,exact_symbol
HFE,11526,exact_symbol
HFM1,11528,exact_symbol
HGD,11529,exact_symbol
HGF,11530,exact_symbol
HGFAC,11531,exact_symbol
HGH1,11532,exact_symbol
HGS,11533,exact_symbol
HGSNAT,11534,exact_symbol
HHAT,11535,exact_symbol
HHATL,11536,exact_symbol
HHIP,11538,exact_symbol
HHIPL1,11539,exact_symbol
HHIPL2,11540,exact_symbol
HHLA1,11541,exact_symbol
HIBADH,11544,exact_symbol
HIBCH,11545,exact_symbol
HIC1,11546,exact_symbol
HIC2,11547,exact_symbol
HID1,11548,exact_symbol
HIF1A,11549,exact_symbol
HIF1AN,11550,exact_symbol
HIF3A,11552,exact_symbol
HIGD1A,11553,exact_symbol
HIGD1B,11571,exact_symbol
HIGD1C,11572,exact_symbol
HIKESHI,11575,exact_symbol
HILPDA,11576,exact_symbol
HINFP,11578,exact_symbol
HINT1,11579,exact_symbol
HINT2,11582,exact_symbol
HINT3,11584,exact_symbol
HIP1,11585,exact_symbol
HIP1R,11586,exact_symbol
HIPK1,11587,exact_symbol
HIPK2,11588,exact_symbol
HIPK3,11589,exact_symbol
HIPK4,11590,exact_symbol
HIRA,11591,exact_symbol
HIRIP3,11593,exact_symbol
HIVEP1,11683,exact_symbol
HIVEP2,11684,exact_symbol
HIVEP3,11685,exact_symbol
HJV,11527,hgnc_previous_symbol
HK1,11687,exact_symbol
HK3,11690,exact_symbol
HKDC1,11691,exact_symbol
HLA-DMA,11696,exact_symbol
HLA-DOA,11698,exact_symbol
HLA-DOB,11699,exact_symbol
HLA-DQB2,11708,exact_symbol
HLA-DRA,11710,exact_symbol
HLCS,11735,exact_symbol
HLF,11736,exact_symbol
HLTF,11738,exact_symbol
HLX,11739,exact_symbol
HM13,11740,exact_symbol
HMBOX1,11742,exact_symbol
HMBS,11743,exact_symbol
HMCES,11744,exact_symbol
HMCN1,11745,exact_symbol
HMCN2,11746,exact_symbol
HMG20A,11747,exact_symbol
HMG20B,11748,exact_symbol
HMGA2,11757,exact_symbol
HMGB2,11801,exact_symbol
HMGB3,11803,exact_symbol
HMGB4,11833,exact_symbol
HMGCL,11834,exact_symbol
HMGCLL1,11835,exact_symbol
HMGCR,11836,exact_symbol
HMGCS1,11837,exact_symbol
HMGCS2,11838,exact_symbol
HMGN1,11839,exact_symbol
HMGN3,11907,exact_symbol
HMGXB3,11911,exact_symbol
HMGXB4,11912,exact_symbol
HMMR,11914,exact_symbol
HMOX1,11915,exact_symbol
HMOX2,11916,exact_symbol
HMX1,11919,exact_symbol
HMX2,11920,exact_symbol
HMX3,11921,exact_symbol
HNF1A,11924,exact_symbol
HNF1B,11925,exact_symbol
HNF4A,11926,exact_symbol
HNF4G,11927,exact_symbol
HNMT,11929,exact_symbol
HNRNPA0,11930,exact_symbol
HNRNPA1,11931,exact_symbol
HNRNPA2B1,12008,exact_symbol
HNRNPAB,12026,exact_symbol
HNRNPD,12042,exact_symbol
HNRNPF,12050,exact_symbol
HNRNPH1,12052,exact_symbol
HNRNPH2,12056,exact_symbol
HNRNPH3,12057,exact_symbol
HNRNPK,12059,exact_symbol
HNRNPL,12065,exact_symbol
HNRNPLL,12066,exact_symbol
HNRNPM,12069,exact_symbol
HNRNPR,12072,exact_symbol
HNRNPU,12075,exact_symbol
HNRNPUL1,12076,exact_symbol
HNRNPUL2,12077,exact_symbol
HOATZ,3802,hgnc_previous_symbol
HOGA1,12080,exact_symbol
HOMER1,12081,exact_symbol
HOMER2,12082,exact_symbol
HOMER3,12085,exact_symbol
HOMEZ,12086,exact_symbol
HOOK1,12087,exact_symbol
HOOK2,12088,exact_symbol
HOOK3,12089,exact_symbol
HOPX,12090,exact_symbol
HORMAD1,12091,exact_symbol
HORMAD2,12092,exact_symbol
HOXA1,12093,exact_symbol
HOXA10,12094,exact_symbol
HOXA11,12096,exact_symbol
HOXA13,12097,exact_symbol
HOXA2,12098,exact_symbol
HOXA3,12099,exact_symbol
HOXA4,12100,exact_symbol
HOXA5,12101,exact_symbol
HOXA6,12102,exact_symbol
HOXA7,12103,exact_symbol
HOXA9,12104,exact_symbol
HOXB1,12105,exact_symbol
HOXB13,12106,exact_symbol
HOXB2,12107,exact_symbol
HOXB3,12108,exact_symbol
HOXB4,12109,exact_symbol
HOXB5,12110,exact_symbol
HOXB6,12111,exact_symbol
HOXB7,12112,exact_symbol
HOXB8,12113,exact_symbol
HOXB9,12114,exact_symbol
HOXC10,12115,exact_symbol
HOXC11,12116,exact_symbol
HOXC12,12117,exact_symbol
HOXC13,12118,exact_symbol
HOXC4,12119,exact_symbol
HOXC5,12120,exact_symbol
HOXC6,12121,exact_symbol
HOXC8,12122,exact_symbol
HOXC9,12123,exact_symbol
HOXD1,12124,exact_symbol
HOXD10,12125,exact_symbol
HOXD11,12126,exact_symbol
HOXD12,12127,exact_symbol
HOXD13,12128,exact_symbol
HOXD3,12129,exact_symbol
HOXD4,12130,exact_symbol
HOXD8,12131,exact_symbol
HOXD9,12132,exact_symbol
HP1BP3,12134,exact_symbol
HPCA,12135,exact_symbol
HPCAL4,12137,exact_symbol
HPD,12138,exact_symbol
HPDL,12139,exact_symbol
HPF1,12140,exact_symbol
HPGD,12141,exact_symbol
HPGDS,12142,exact_symbol
HPN,12143,exact_symbol
HPS1,12150,exact_symbol
HPS3,12151,exact_symbol
HPS4,12152,exact_symbol
HPS5,12153,exact_symbol
HPS6,12154,exact_symbol
HPSE,12155,exact_symbol
HPSE2,12156,exact_symbol
HPX,12157,exact_symbol
HR,12158,exact_symbol
HRAS,12159,exact_symbol
HRC,12163,exact_symbol
HRCT1,12164,exact_symbol
HRG,12165,exact_symbol
HRH1,12166,exact_symbol
HRH2,12167,exact_symbol
HRH3,12168,exact_symbol
HRH4,12169,exact_symbol
HRK,12170,exact_symbol
HROB,3889,hgnc_previous_symbol
HS1BP3,12172,exact_symbol
HS2ST1,12173,exact_symbol
HS3ST1,12174,exact_symbol
HS3ST2,12175,exact_symbol
HS3ST3A1,12176,exact_symbol
HS3ST3B1,12177,exact_symbol
HS3ST4,12178,exact_symbol
HS3ST5,12179,exact_symbol
HS3ST6,12180,exact_symbol
HS6ST1,12181,exact_symbol
HS6ST2,12183,exact_symbol
HS6ST3,12184,exact_symbol
HSBP1,12185,exact_symbol
HSBP1L1,12186,exact_symbol
HSCB,12189,exact_symbol
HSD11B1,12190,exact_symbol
HSD11B2,12192,exact_symbol
HSD17B1,12193,exact_symbol
HSD17B10,12194,exact_symbol
HSD17B11,12195,exact_symbol
HSD17B12,12196,exact_symbol
HSD17B13,12197,exact_symbol
HSD17B14,12198,exact_symbol
HSD17B2,12200,exact_symbol
HSD17B3,12201,exact_symbol
HSD17B4,12202,exact_symbol
HSD17B6,12203,exact_symbol
HSD17B7,12204,exact_symbol
HSD3B7,12210,exact_symbol
HSDL1,12216,exact_symbol
HSDL2,12217,exact_symbol
HSF1,12218,exact_symbol
HSF2,12219,exact_symbol
HSF2BP,12220,exact_symbol
HSF4,12221,exact_symbol
HSF5,12222,exact_symbol
HSH2D,12234,exact_symbol
HSP90AA1,12235,exact_symbol
HSP90AB1,12240,exact_symbol
HSP90B1,12246,exact_symbol
HSPA12A,12249,exact_symbol
HSPA12B,12250,exact_symbol
HSPA13,12251,exact_symbol
HSPA14,12252,exact_symbol
HSPA1L,12255,exact_symbol
HSPA2,12256,exact_symbol
HSPA4,12257,exact_symbol
HSPA4L,12258,exact_symbol
HSPA5,12259,exact_symbol
HSPA8,12262,exact_symbol
HSPA9,12280,exact_symbol
HSPB1,12282,exact_symbol
HSPB2,12286,exact_symbol
HSPB3,12288,exact_symbol
HSPB6,12289,exact_symbol
HSPB7,12290,exact_symbol
HSPB8,12291,exact_symbol
HSPBAP1,12293,exact_symbol
HSPBP1,12294,exact_symbol
HSPD1,12295,exact_symbol
HSPG2,12339,exact_symbol
HSPH1,12340,exact_symbol
HTATIP2,12341,exact_symbol
HTATSF1,12342,exact_symbol
HTR1A,12347,exact_symbol
HTR1B,12348,exact_symbol
HTR1F,12352,exact_symbol
HTR2A,12353,exact_symbol
HTR2B,12354,exact_symbol
HTR2C,12355,exact_symbol
HTR3A,12356,exact_symbol
HTR3B,12357,exact_symbol
HTR4,12361,exact_symbol
HTR5A,12362,exact_symbol
HTR6,12364,exact_symbol
HTR7,12365,exact_symbol
HTRA1,12367,exact_symbol
HTRA2,12368,exact_symbol
HTRA3,12369,exact_symbol
HTRA4,12370,exact_symbol
HTT,12371,exact_symbol
HUNK,12372,exact_symbol
HUS1,12373,exact_symbol
HUS1B,12374,exact_symbol
HUWE1,12375,exact_symbol
HVCN1,12376,exact_symbol
HYAL1,12377,exact_symbol
HYAL2,12378,exact_symbol
HYAL3,12379,exact_symbol
HYAL4,12380,exact_symbol
HYDIN,12382,exact_symbol
HYKK,12385,exact_symbol
HYLS1,12386,exact_symbol
HYOU1,12387,exact_symbol
HYPK,12388,exact_symbol
IAH1,12390,exact_symbol
IAPP,12391,exact_symbol
IARS2,12393,exact_symbol
IBA57,12395,exact_symbol
IBSP,12396,exact_symbol
IBTK,12397,exact_symbol
ICA1,12398,exact_symbol
ICA1L,12399,exact_symbol
ICAM1,12400,exact_symbol
ICAM2,12401,exact_symbol
ICAM4,12403,exact_symbol
ICAM5,12404,exact_symbol
ICE1,12405,exact_symbol
ICE2,12406,exact_symbol
ICMT,12410,exact_symbol
ICOS,12411,exact_symbol
ID1,12413,exact_symbol
ID2,12414,exact_symbol
ID3,12415,exact_symbol
ID4,12416,exact_symbol
IDE,12417,exact_symbol
IDH1,12418,exact_symbol
IDH2,12419,exact_symbol
IDH3A,12420,exact_symbol
IDH3B,12421,exact_symbol
IDH3G,12422,exact_symbol
IDI1,12423,exact_symbol
IDNK,12425,exact_symbol
IDO1,12426,exact_symbol
IDO2,12427,exact_symbol
IDS,12428,exact_symbol
IDUA,12430,exact_symbol
IER2,12431,exact_symbol
IER3,12432,exact_symbol
IER3IP1,12433,exact_symbol
IER5,12434,exact_symbol
IER5L,12435,exact_symbol
IFFO1,12436,exact_symbol
IFFO2,12437,exact_symbol
IFI30,12442,exact_symbol
IFI35,12443,exact_symbol
IFI44,12444,exact_symbol
IFIH1,12447,exact_symbol
IFIT2,12451,exact_symbol
IFITM10,12456,exact_symbol
IFITM5,12460,exact_symbol
IFNE,12483,exact_symbol
IFNGR1,12485,exact_symbol
IFNGR2,12486,exact_symbol
IFNLR1,12494,exact_symbol
IFRD1,12504,exact_symbol
IFRD2,12505,exact_symbol
IFT122,12506,exact_symbol
IFT140,12507,exact_symbol
IFT172,12508,exact_symbol
IFT20,12509,exact_symbol
IFT22,12510,exact_symbol
IFT27,12511,exact_symbol
IFT43,12512,exact_symbol
IFT46,12513,exact_symbol
IFT52,12514,exact_symbol
IFT57,12515,exact_symbol
IFT74,12516,exact_symbol
IFT80,12517,exact_symbol
IFT81,12518,exact_symbol
IFT88,12519,exact_symbol
IFTAP,3797,hgnc_previous_symbol
IGDCC3,12525,exact_symbol
IGDCC4,12526,exact_symbol
IGF1,12527,exact_symbol
IGF1R,12528,exact_symbol
IGF2,12529,exact_symbol
IGF2BP1,12530,exact_symbol
IGF2BP2,12531,exact_symbol
IGF2BP3,12532,exact_symbol
IGF2R,12533,exact_symbol
IGFALS,12534,exact_symbol
IGFBP1,12535,exact_symbol
IGFBP2,12536,exact_symbol
IGFBP3,12537,exact_symbol
IGFBP4,12538,exact_symbol
IGFBP5,12539,exact_symbol
IGFBP6,12540,exact_symbol
IGFBP7,12541,exact_symbol
IGFBPL1,12542,exact_symbol
IGFLR1,12549,exact_symbol
IGHMBP2,12609,exact_symbol
IGIP,12758,exact_symbol
IGLON5,12890,exact_symbol
IGSF1,12967,exact_symbol
IGSF10,12968,exact_symbol
IGSF11,12969,exact_symbol
IGSF21,12970,exact_symbol
IGSF3,12973,exact_symbol
IGSF6,12975,exact_symbol
IGSF8,12976,exact_symbol
IGSF9,12977,exact_symbol
IGSF9B,12978,exact_symbol
IHH,12979,exact_symbol
IHO1,4620,hgnc_previous_symbol
IKBKB,12983,exact_symbol
IKBKE,12984,exact_symbol
IKBKG,12985,exact_symbol
IKZF1,12987,exact_symbol
IKZF2,12988,exact_symbol
IKZF3,12989,exact_symbol
IKZF4,12990,exact_symbol
IKZF5,12991,exact_symbol
IL10,12992,exact_symbol
IL10RA,12993,exact_symbol
IL10RB,12994,exact_symbol
IL11,12995,exact_symbol
IL12A,12997,exact_symbol
IL12B,12998,exact_symbol
IL12RB2,13000,exact_symbol
IL13,13001,exact_symbol
IL13RA1,13002,exact_symbol
IL13RA2,13003,exact_symbol
IL15,13004,exact_symbol
IL15RA,13005,exact_symbol
IL16,13006,exact_symbol
IL17A,13007,exact_symbol
IL17B,13008,exact_symbol
IL17C,13009,exact_symbol
IL17D,13010,exact_symbol
IL17F,13011,exact_symbol
IL17RA,13012,exact_symbol
IL17RB,13013,exact_symbol
IL17RC,13014,exact_symbol
IL17RD,13015,exact_symbol
IL17RE,13016,exact_symbol
IL18,13018,exact_symbol
IL18BP,13019,exact_symbol
IL18R1,13020,exact_symbol
IL18RAP,13021,exact_symbol
IL19,13022,exact_symbol
IL1A,13023,exact_symbol
IL1B,13024,exact_symbol
IL1F10,13025,exact_symbol
IL1R1,13026,exact_symbol
IL1R2,13027,exact_symbol
IL1RAP,13028,exact_symbol
IL1RAPL1,13029,exact_symbol
IL1RAPL2,13030,exact_symbol
IL1RL1,13031,exact_symbol
IL1RL2,13032,exact_symbol
IL1RN,13033,exact_symbol
IL2,13034,exact_symbol
IL20,13035,exact_symbol
IL20RA,13036,exact_symbol
IL20RB,13037,exact_symbol
IL21,13038,exact_symbol
IL21R,13039,exact_symbol
IL22RA1,13041,exact_symbol
IL22RA2,13042,exact_symbol
IL23A,13043,exact_symbol
IL23R,13044,exact_symbol
IL24,13045,exact_symbol
IL25,13046,exact_symbol
IL27,13048,exact_symbol
IL27RA,13049,exact_symbol
IL2RA,13050,exact_symbol
IL2RB,13051,exact_symbol
IL2RG,13052,exact_symbol
IL31RA,13055,exact_symbol
IL33,13057,exact_symbol
IL34,13058,exact_symbol
IL36A,13059,exact_symbol
IL36RN,13062,exact_symbol
IL4I1,13066,exact_symbol
IL4R,13067,exact_symbol
IL5,13068,exact_symbol
IL5RA,13069,exact_symbol
IL6R,13071,exact_symbol
IL6ST,13073,exact_symbol
IL7,13075,exact_symbol
IL7R,13076,exact_symbol
IL9,13077,exact_symbol
IL9R,13078,exact_symbol
ILDR1,13082,exact_symbol
ILDR2,13083,exact_symbol
ILF2,13084,exact_symbol
ILF3,13087,exact_symbol
ILK,13088,exact_symbol
ILKAP,13089,exact_symbol
ILRUN,4150,hgnc_previous_symbol
ILVBL,13090,exact_symbol
IMMP1L,13091,exact_symbol
IMMP2L,13095,exact_symbol
IMMT,13096,exact_symbol
IMP3,13098,exact_symbol
IMP4,13101,exact_symbol
IMPA1,13102,exact_symbol
IMPA2,13104,exact_symbol
IMPACT,13105,exact_symbol
IMPDH1,13107,exact_symbol
IMPDH2,13112,exact_symbol
IMPG1,13113,exact_symbol
IMPG2,13114,exact_symbol
INA,13115,exact_symbol
INAFM1,13116,exact_symbol
INAFM2,-1,missing
INAVA,3975,hgnc_previous_symbol
INCA1,13117,exact_symbol
INCENP,13118,exact_symbol
INF2,13119,exact_symbol
ING1,13120,exact_symbol
ING2,13121,exact_symbol
ING3,13122,exact_symbol
ING4,13123,exact_symbol
ING5,13124,exact_symbol
INHA,13126,exact_symbol
INHBA,13127,exact_symbol
INHBB,13128,exact_symbol
INHBC,13129,exact_symbol
INHBE,13130,exact_symbol
INIP,13131,exact_symbol
INKA1,9309,hgnc_previous_symbol
INKA2,9310,hgnc_previous_symbol
INMT,13132,exact_symbol
INO80,13134,exact_symbol
INO80B,13135,exact_symbol
INO80C,13137,exact_symbol
INO80D,13138,exact_symbol
INO80E,13139,exact_symbol
INPP1,13140,exact_symbol
INPP4A,13141,exact_symbol
INPP4B,13142,exact_symbol
INPP5A,13143,exact_symbol
INPP5B,13144,exact_symbol
INPP5D,13145,exact_symbol
INPP5E,13146,exact_symbol
INPP5F,13147,exact_symbol
INPP5J,13148,exact_symbol
INPP5K,13149,exact_symbol
INPPL1,13150,exact_symbol
INSC,13153,exact_symbol
INSIG1,13154,exact_symbol
INSIG2,13155,exact_symbol
INSL3,13156,exact_symbol
INSL5,13158,exact_symbol
INSM1,13160,exact_symbol
INSM2,13161,exact_symbol
INSR,13162,exact_symbol
INSRR,13163,exact_symbol
INSYN1,3856,hgnc_previous_symbol
INSYN2A,9267,hgnc_previous_symbol
INSYN2B,9268,hgnc_previous_symbol
INTS1,13164,exact_symbol
INTS10,13165,exact_symbol
INTS11,6136,hgnc_previous_symbol
INTS12,13166,exact_symbol
INTS13,2935,hgnc_previous_symbol
INTS14,33874,hgnc_previous_symbol
INTS2,13167,exact_symbol
INTS3,13168,exact_symbol
INTS4,13169,exact_symbol
INTS5,13172,exact_symbol
INTS6,13173,exact_symbol
INTS6L,13174,exact_symbol
INTS7,13176,exact_symbol
INTS8,13177,exact_symbol
INTS9,13178,exact_symbol
INTU,13179,exact_symbol
INVS,13180,exact_symbol
IP6K1,13181,exact_symbol
IP6K2,13182,exact_symbol
IP6K3,13183,exact_symbol
IPCEF1,13184,exact_symbol
IPMK,13185,exact_symbol
IPO11,13187,exact_symbol
IPO13,13188,exact_symbol
IPO4,13189,exact_symbol
IPO5,13190,exact_symbol
IPO7,13192,exact_symbol
IPO8,13195,exact_symbol
IPO9,13197,exact_symbol
IPP,13198,exact_symbol
IPPK,13199,exact_symbol
IQANK1,9443,hgnc_previous_symbol
IQCA1L,13202,exact_symbol
IQCB1,13203,exact_symbol
IQCC,13205,exact_symbol
IQCD,13206,exact_symbol
IQCF1,13208,exact_symbol
IQCF5,13212,exact_symbol
IQCF6,13213,exact_symbol
IQCG,13214,exact_symbol
IQCH,13215,exact_symbol
IQCJ,13216,exact_symbol
IQCK,13218,exact_symbol
IQCM,-1,missing
IQGAP1,13219,exact_symbol
IQGAP2,13220,exact_symbol
IQGAP3,13221,exact_symbol
IQSEC1,13222,exact_symbol
IQSEC2,13223,exact_symbol
IQSEC3,13224,exact_symbol
IQUB,13226,exact_symbol
IRAG1,16025,hgnc_previous_symbol
IRAG2,14776,hgnc_previous_symbol
IRAK1,13227,exact_symbol
IRAK1BP1,13228,exact_symbol
IRAK2,13229,exact_symbol
IRAK3,13230,exact_symbol
IRAK4,13231,exact_symbol
IREB2,13232,exact_symbol
IRF1,13233,exact_symbol
IRF2,13234,exact_symbol
IRF2BP1,13235,exact_symbol
IRF2BP2,13236,exact_symbol
IRF2BPL,13237,exact_symbol
IRF3,13238,exact_symbol
IRF4,13239,exact_symbol
IRF5,13240,exact_symbol
IRF6,13242,exact_symbol
IRF7,13243,exact_symbol
IRF8,13244,exact_symbol
IRF9,13245,exact_symbol
IRGQ,13248,exact_symbol
IRS1,13249,exact_symbol
IRS2,13250,exact_symbol
IRS4,13251,exact_symbol
IRX1,13252,exact_symbol
IRX2,13254,exact_symbol
IRX3,13255,exact_symbol
IRX4,13256,exact_symbol
IRX5,13257,exact_symbol
IRX6,13258,exact_symbol
ISCA2,13265,exact_symbol
ISCU,13267,exact_symbol
ISG15,13269,exact_symbol
ISG20L2,13271,exact_symbol
ISL1,13272,exact_symbol
ISL2,13273,exact_symbol
ISLR,13274,exact_symbol
ISLR2,13275,exact_symbol
ISM1,13276,exact_symbol
ISM2,13277,exact_symbol
ISOC1,13278,exact_symbol
IST1,13281,exact_symbol
ISY1,13283,exact_symbol
ISYNA1,13285,exact_symbol
ITCH,13286,exact_symbol
ITFG1,13287,exact_symbol
ITFG2,13288,exact_symbol
ITGA1,13289,exact_symbol
ITGA10,13290,exact_symbol
ITGA11,13291,exact_symbol
ITGA2,13292,exact_symbol
ITGA2B,13293,exact_symbol
ITGA3,13294,exact_symbol
ITGA4,13295,exact_symbol
ITGA5,13296,exact_symbol
ITGA6,13297,exact_symbol
ITGA7,13298,exact_symbol
ITGA8,13299,exact_symbol
ITGA9,13300,exact_symbol
ITGAD,13301,exact_symbol
ITGAE,13302,exact_symbol
ITGAL,13303,exact_symbol
ITGAM,13304,exact_symbol
ITGAV,13305,exact_symbol
ITGAX,13306,exact_symbol
ITGB1,13307,exact_symbol
ITGB1BP1,13308,exact_symbol
ITGB1BP2,13309,exact_symbol
ITGB2,13311,exact_symbol
ITGB3,13312,exact_symbol
ITGB3BP,13313,exact_symbol
ITGB4,13314,exact_symbol
ITGB5,13315,exact_symbol
ITGB6,13316,exact_symbol
ITGB7,13317,exact_symbol
ITGB8,13318,exact_symbol
ITGBL1,13319,exact_symbol
ITIH1,13320,exact_symbol
ITIH2,13321,exact_symbol
ITIH3,13322,exact_symbol
ITIH4,13323,exact_symbol
ITIH5,13324,exact_symbol
ITK,13326,exact_symbol
ITM2A,13329,exact_symbol
ITM2B,13330,exact_symbol
ITM2C,13332,exact_symbol
ITPA,13333,exact_symbol
ITPK1,13334,exact_symbol
ITPKA,13335,exact_symbol
ITPKB,13336,exact_symbol
ITPKC,13337,exact_symbol
ITPR1,13338,exact_symbol
ITPR2,13339,exact_symbol
ITPR3,13340,exact_symbol
ITPRID1,4548,hgnc_previous_symbol
ITPRID2,30524,hgnc_previous_symbol
ITPRIP,13341,exact_symbol
ITPRIPL1,13342,exact_symbol
ITPRIPL2,13343,exact_symbol
ITSN1,13344,exact_symbol
ITSN2,13345,exact_symbol
IVD,13346,exact_symbol
IVNS1ABP,13348,exact_symbol
IWS1,13349,exact_symbol
IYD,13350,exact_symbol
IZUMO1R,13352,exact_symbol
IZUMO2,13353,exact_symbol
IZUMO3,13354,exact_symbol
IZUMO4,13355,exact_symbol
JADE1,13356,exact_symbol
JADE2,13357,exact_symbol
JADE3,13358,exact_symbol
JAG1,13359,exact_symbol
JAG2,13360,exact_symbol
JAGN1,13361,exact_symbol
JAK1,13362,exact_symbol
JAK2,13363,exact_symbol
JAK3,13364,exact_symbol
JAKMIP1,13365,exact_symbol
JAKMIP2,13366,exact_symbol
JAKMIP3,13367,exact_symbol
JAM2,13368,exact_symbol
JAM3,13369,exact_symbol
JARID2,13371,exact_symbol
JAZF1,13372,exact_symbol
JCAD,13691,hgnc_previous_symbol
JCHAIN,13373,exact_symbol
JDP2,13374,exact_symbol
JHY,3792,hgnc_previous_symbol
JMJD1C,13377,exact_symbol
JMJD4,13378,exact_symbol
JMJD6,13379,exact_symbol
JMJD7,13380,exact_symbol
JMJD8,13382,exact_symbol
JMY,13383,exact_symbol
JOSD1,13384,exact_symbol
JOSD2,13385,exact_symbol
JPH1,13386,exact_symbol
JPH2,13387,exact_symbol
JPH3,13388,exact_symbol
JPH4,13389,exact_symbol
JPT1,11922,hgnc_previous_symbol
JRK,13390,exact_symbol
JRKL,13391,exact_symbol
JSRP1,13392,exact_symbol
JTB,13393,exact_symbol
JUN,13395,exact_symbol
JUNB,13396,exact_symbol
JUND,13397,exact_symbol
JUP,13398,exact_symbol
KALRN,13400,exact_symbol
KANK1,13401,exact_symbol
KANK2,13402,exact_symbol
KANK3,13403,exact_symbol
KANK4,13404,exact_symbol
KANSL1,13405,exact_symbol
KANSL1L,13406,exact_symbol
KANSL2,13407,exact_symbol
KANSL3,13408,exact_symbol
KANTR,-1,missing
KASH5,4573,hgnc_previous_symbol
KAT14,13413,exact_symbol
KAT2A,13414,exact_symbol
KAT2B,13415,exact_symbol
KAT5,13416,exact_symbol
KAT6A,13417,exact_symbol
KAT6B,13418,exact_symbol
KAT7,13419,exact_symbol
KAT8,13420,exact_symbol
KATNA1,13421,exact_symbol
KATNAL1,13422,exact_symbol
KATNAL2,13423,exact_symbol
KATNB1,13424,exact_symbol
KATNBL1,13425,exact_symbol
KATNIP,13663,hgnc_previous_symbol
KAZALD1,13432,exact_symbol
KAZN,13433,exact_symbol
KBTBD11,13466,exact_symbol
KBTBD12,13468,exact_symbol
KBTBD13,13469,exact_symbol
KBTBD2,13470,exact_symbol
KBTBD3,13471,exact_symbol
KBTBD4,13472,exact_symbol
KBTBD6,13473,exact_symbol
KBTBD7,13474,exact_symbol
KBTBD8,13475,exact_symbol
KCMF1,13476,exact_symbol
KCNA1,13477,exact_symbol
KCNA10,13478,exact_symbol
KCNA2,13479,exact_symbol
KCNA3,13480,exact_symbol
KCNA4,13481,exact_symbol
KCNA5,13482,exact_symbol
KCNA6,13483,exact_symbol
KCNA7,13484,exact_symbol
KCNAB1,13485,exact_symbol
KCNAB2,13486,exact_symbol
KCNAB3,13487,exact_symbol
KCNB1,13488,exact_symbol
KCNC1,13490,exact_symbol
KCNC2,13491,exact_symbol
KCNC3,13492,exact_symbol
KCNC4,13493,exact_symbol
KCND1,13494,exact_symbol
KCND2,13495,exact_symbol
KCND3,13496,exact_symbol
KCNE1,13497,exact_symbol
KCNE2,13499,exact_symbol
KCNE3,13500,exact_symbol
KCNE4,13501,exact_symbol
KCNF1,13503,exact_symbol
KCNG1,13504,exact_symbol
KCNG2,13505,exact_symbol
KCNG3,13506,exact_symbol
KCNG4,13507,exact_symbol
KCNH1,13508,exact_symbol
KCNH2,13509,exact_symbol
KCNH3,13510,exact_symbol
KCNH4,13511,exact_symbol
KCNH5,13512,exact_symbol
KCNH6,13513,exact_symbol
KCNH7,13514,exact_symbol
KCNH8,13515,exact_symbol
KCNIP1,13516,exact_symbol
KCNIP2,13517,exact_symbol
KCNIP3,13518,exact_symbol
KCNIP4,13519,exact_symbol
KCNJ1,13520,exact_symbol
KCNJ10,13521,exact_symbol
KCNJ11,13522,exact_symbol
KCNJ13,13524,exact_symbol
KCNJ14,13525,exact_symbol
KCNJ15,13526,exact_symbol
KCNJ16,13527,exact_symbol
KCNJ2,13529,exact_symbol
KCNJ3,13530,exact_symbol
KCNJ4,13531,exact_symbol
KCNJ5,13532,exact_symbol
KCNJ6,13533,exact_symbol
KCNJ8,13534,exact_symbol
KCNJ9,13535,exact_symbol
KCNK1,13536,exact_symbol
KCNK10,13537,exact_symbol
KCNK12,13538,exact_symbol
KCNK13,13539,exact_symbol
KCNK15,13540,exact_symbol
KCNK18,13543,exact_symbol
KCNK2,13544,exact_symbol
KCNK3,13545,exact_symbol
KCNK4,13546,exact_symbol
KCNK5,13547,exact_symbol
KCNK6,13548,exact_symbol
KCNK7,13549,exact_symbol
KCNK9,13550,exact_symbol
KCNMA1,13551,exact_symbol
KCNMB1,13552,exact_symbol
KCNMB2,13553,exact_symbol
KCNMB3,13554,exact_symbol
KCNMB4,13556,exact_symbol
KCNN1,13557,exact_symbol
KCNN2,13558,exact_symbol
KCNN3,13559,exact_symbol
KCNN4,13560,exact_symbol
KCNQ1,13561,exact_symbol
KCNQ2,13562,exact_symbol
KCNQ3,13563,exact_symbol
KCNQ4,13564,exact_symbol
KCNQ5,13565,exact_symbol
KCNRG,13566,exact_symbol
KCNS1,13567,exact_symbol
KCNS2,13568,exact_symbol
KCNS3,13569,exact_symbol
KCNT1,13570,exact_symbol
KCNT2,13571,exact_symbol
KCNV1,13573,exact_symbol
KCNV2,13574,exact_symbol
KCP,13575,exact_symbol
KCTD1,13576,exact_symbol
KCTD10,13577,exact_symbol
KCTD11,13579,exact_symbol
KCTD12,13580,exact_symbol
KCTD13,13581,exact_symbol
KCTD15,13583,exact_symbol
KCTD16,13584,exact_symbol
KCTD17,13585,exact_symbol
KCTD18,13586,exact_symbol
KCTD19,13587,exact_symbol
KCTD2,13588,exact_symbol
KCTD20,13589,exact_symbol
KCTD21,13590,exact_symbol
KCTD3,13591,exact_symbol
KCTD4,13592,exact_symbol
KCTD5,13593,exact_symbol
KCTD6,13594,exact_symbol
KCTD7,13595,exact_symbol
KCTD8,13596,exact_symbol
KCTD9,13597,exact_symbol
KDELR1,13607,exact_symbol
KDELR2,13608,exact_symbol
KDELR3,13609,exact_symbol
KDF1,13610,exact_symbol
KDM1A,13611,exact_symbol
KDM1B,13612,exact_symbol
KDM2A,13613,exact_symbol
KDM2B,13614,exact_symbol
KDM3A,13615,exact_symbol
KDM3B,13616,exact_symbol
KDM4A,13617,exact_symbol
KDM4B,13618,exact_symbol
KDM4C,13619,exact_symbol
KDM4D,13620,exact_symbol
KDM5A,13622,exact_symbol
KDM5B,13623,exact_symbol
KDM5D,13625,exact_symbol
KDM6A,13626,exact_symbol
KDM6B,13627,exact_symbol
KDM7A,13628,exact_symbol
KDM8,13629,exact_symbol
KDR,13630,exact_symbol
KDSR,13631,exact_symbol
KEAP1,13632,exact_symbol
KEL,13633,exact_symbol
KERA,13634,exact_symbol
KHDC4,13669,hgnc_previous_symbol
KHDRBS1,13639,exact_symbol
KHDRBS2,13640,exact_symbol
KHDRBS3,13641,exact_symbol
KHK,13642,exact_symbol
KHNYN,13643,exact_symbol
KHSRP,13644,exact_symbol
KIAA0040,13646,exact_symbol
KIAA0232,13654,exact_symbol
KIAA0319,13655,exact_symbol
KIAA0319L,13656,exact_symbol
KIAA0408,13660,exact_symbol
KIAA0513,13662,exact_symbol
KIAA0586,13664,exact_symbol
KIAA0753,13665,exact_symbol
KIAA0825,13666,exact_symbol
KIAA0930,13671,exact_symbol
KIAA1143,13677,exact_symbol
KIAA1191,13680,exact_symbol
KIAA1217,13684,exact_symbol
KIAA1328,13688,exact_symbol
KIAA1549,13695,exact_symbol
KIAA1549L,13696,exact_symbol
KIAA1614,13699,exact_symbol
KIAA1671,13701,exact_symbol
KIAA1755,13704,exact_symbol
KIAA1958,13706,exact_symbol
KIAA2012,13707,exact_symbol
KIAA2013,13708,exact_symbol
KICS2,3824,stable_id
KIDINS220,13711,exact_symbol
KIF11,13712,exact_symbol
KIF12,13713,exact_symbol
KIF13A,13714,exact_symbol
KIF13B,13715,exact_symbol
KIF14,13716,exact_symbol
KIF15,13717,exact_symbol
KIF17,13719,exact_symbol
KIF18A,13720,exact_symbol
KIF18B,13721,exact_symbol
KIF19,13723,exact_symbol
KIF1A,13724,exact_symbol
KIF1B,13725,exact_symbol
KIF1C,13727,exact_symbol
KIF20A,13728,exact_symbol
KIF20B,13729,exact_symbol
KIF21A,13730,exact_symbol
KIF21B,13731,exact_symbol
KIF22,13732,exact_symbol
KIF23,13733,exact_symbol
KIF24,13734,exact_symbol
KIF26A,13736,exact_symbol
KIF26B,13737,exact_symbol
KIF27,13738,exact_symbol
KIF2A,13740,exact_symbol
KIF2B,13741,exact_symbol
KIF2C,13742,exact_symbol
KIF3A,13743,exact_symbol
KIF3B,13744,exact_symbol
KIF3C,13745,exact_symbol
KIF4A,13746,exact_symbol
KIF4B,13747,exact_symbol
KIF5A,13749,exact_symbol
KIF5B,13750,exact_symbol
KIF5C,13751,exact_symbol
KIF6,13752,exact_symbol
KIF7,13753,exact_symbol
KIF9,13754,exact_symbol
KIFAP3,13755,exact_symbol
KIFBP,13726,hgnc_previous_symbol
KIFC2,13757,exact_symbol
KIFC3,13758,exact_symbol
KIN,13759,exact_symbol
KIRREL2,13779,exact_symbol
KIRREL3,13780,exact_symbol
KISS1R,13782,exact_symbol
KIT,13783,exact_symbol
KITLG,13784,exact_symbol
KIZ,13785,exact_symbol
KL,13786,exact_symbol
KLB,13787,exact_symbol
KLC1,13788,exact_symbol
KLC2,13789,exact_symbol
KLC3,13790,exact_symbol
KLC4,13791,exact_symbol
KLF1,13792,exact_symbol
KLF10,13793,exact_symbol
KLF11,13794,exact_symbol
KLF12,13795,exact_symbol
KLF13,13796,exact_symbol
KLF14,13797,exact_symbol
KLF15,13798,exact_symbol
KLF16,13799,exact_symbol
KLF2,13804,exact_symbol
KLF3,13809,exact_symbol
KLF4,13812,exact_symbol
KLF5,13814,exact_symbol
KLF6,13815,exact_symbol
KLF7,13816,exact_symbol
KLF8,13818,exact_symbol
KLF9,13820,exact_symbol
KLHDC1,13821,exact_symbol
KLHDC10,13822,exact_symbol
KLHDC2,13823,exact_symbol
KLHDC3,13824,exact_symbol
KLHDC4,13825,exact_symbol
KLHDC7A,13826,exact_symbol
KLHDC7B,13827,exact_symbol
KLHDC8A,13828,exact_symbol
KLHDC8B,13829,exact_symbol
KLHDC9,13830,exact_symbol
KLHL1,13831,exact_symbol
KLHL10,13832,exact_symbol
KLHL11,13833,exact_symbol
KLHL12,13834,exact_symbol
KLHL13,13835,exact_symbol
KLHL14,13836,exact_symbol
KLHL15,13837,exact_symbol
KLHL18,13839,exact_symbol
KLHL2,13840,exact_symbol
KLHL20,13841,exact_symbol
KLHL21,13842,exact_symbol
KLHL22,13843,exact_symbol
KLHL23,13844,exact_symbol
KLHL24,13845,exact_symbol
KLHL25,13846,exact_symbol
KLHL26,13847,exact_symbol
KLHL28,13848,exact_symbol
KLHL29,13849,exact_symbol
KLHL3,13851,exact_symbol
KLHL30,13852,exact_symbol
KLHL31,13853,exact_symbol
KLHL32,13854,exact_symbol
KLHL33,13855,exact_symbol
KLHL34,13856,exact_symbol
KLHL35,13857,exact_symbol
KLHL36,13858,exact_symbol
KLHL38,13859,exact_symbol
KLHL4,13860,exact_symbol
KLHL40,13861,exact_symbol
KLHL41,13862,exact_symbol
KLHL42,13863,exact_symbol
KLHL5,13864,exact_symbol
KLHL6,13865,exact_symbol
KLHL7,13866,exact_symbol
KLHL8,13867,exact_symbol
KLHL9,13868,exact_symbol
KLK10,13870,exact_symbol
KLK11,13871,exact_symbol
KLK12,13872,exact_symbol
KLK13,13873,exact_symbol
KLK14,13874,exact_symbol
KLK15,13875,exact_symbol
KLK4,13878,exact_symbol
KLK5,13879,exact_symbol
KLK6,13880,exact_symbol
KLK7,13881,exact_symbol
KLK8,13882,exact_symbol
KLK9,13883,exact_symbol
KLKB1,13884,exact_symbol
KLRD1,13894,exact_symbol
KLRG1,13897,exact_symbol
KLRG2,13898,exact_symbol
KLRK1,13899,exact_symbol
KMO,13900,exact_symbol
KMT2A,13901,exact_symbol
KMT2B,13902,exact_symbol
KMT2C,13903,exact_symbol
KMT2D,13904,exact_symbol
KMT2E,13905,exact_symbol
KMT5A,13906,exact_symbol
KMT5B,13907,exact_symbol
KMT5C,13908,exact_symbol
KNCN,13909,exact_symbol
KNDC1,13910,exact_symbol
KNL1,4429,hgnc_previous_symbol
KNOP1,13912,exact_symbol
KNSTRN,13918,exact_symbol
KNTC1,13919,exact_symbol
KPNA1,13920,exact_symbol
KPNA3,13922,exact_symbol
KPNA4,13923,exact_symbol
KPNA6,13925,exact_symbol
KPNA7,13926,exact_symbol
KPNB1,13927,exact_symbol
KPRP,13928,exact_symbol
KPTN,13929,exact_symbol
KRAS,13930,exact_symbol
KRBA1,13932,exact_symbol
KRCC1,13936,exact_symbol
KREMEN1,13937,exact_symbol
KREMEN2,13938,exact_symbol
KRI1,13939,exact_symbol
KRIT1,13940,exact_symbol
KRR1,13941,exact_symbol
KRT1,13943,exact_symbol
KRT10,13944,exact_symbol
KRT12,13945,exact_symbol
KRT14,13951,exact_symbol
KRT15,13952,exact_symbol
KRT16,13953,exact_symbol
KRT17,13960,exact_symbol
KRT18,13969,exact_symbol
KRT19,14037,exact_symbol
KRT2,14043,exact_symbol
KRT20,14044,exact_symbol
KRT222,14045,exact_symbol
KRT23,14047,exact_symbol
KRT24,14048,exact_symbol
KRT25,14049,exact_symbol
KRT26,14050,exact_symbol
KRT27,14051,exact_symbol
KRT28,14052,exact_symbol
KRT32,14055,exact_symbol
KRT34,14058,exact_symbol
KRT35,14059,exact_symbol
KRT36,14060,exact_symbol
KRT39,14063,exact_symbol
KRT4,14064,exact_symbol
KRT40,14065,exact_symbol
KRT7,14073,exact_symbol
KRT71,14074,exact_symbol
KRT72,14075,exact_symbol
KRT73,14076,exact_symbol
KRT75,14078,exact_symbol
KRT76,14079,exact_symbol
KRT77,14080,exact_symbol
KRT79,14082,exact_symbol
KRT8,14083,exact_symbol
KRT80,14084,exact_symbol
KRT82,14086,exact_symbol
KRT84,14088,exact_symbol
KRT9,14143,exact_symbol
KRTAP11-1,14162,exact_symbol
KRTAP16-1,14174,exact_symbol
KRTAP24-1,14203,exact_symbol
KRTAP26-1,14205,exact_symbol
KRTAP27-1,14206,exact_symbol
KRTAP3-1,14208,exact_symbol
KRTAP7-1,14239,exact_symbol
KRTAP8-1,14240,exact_symbol
KRTCAP2,14254,exact_symbol
KRTCAP3,14255,exact_symbol
KRTDAP,14256,exact_symbol
KSR1,14257,exact_symbol
KSR2,14259,exact_symbol
KTI12,14260,exact_symbol
KTN1,14261,exact_symbol
KXD1,14262,exact_symbol
KY,14263,exact_symbol
KYAT1,14264,exact_symbol
KYAT3,14265,exact_symbol
KYNU,14266,exact_symbol
L1CAM,14270,exact_symbol
L2HGDH,14272,exact_symbol
L3HYPDH,14274,exact_symbol
L3MBTL1,14275,exact_symbol
L3MBTL2,14276,exact_symbol
L3MBTL3,14277,exact_symbol
L3MBTL4,14278,exact_symbol
LACC1,14295,exact_symbol
LACTB,14298,exact_symbol
LACTB2,14299,exact_symbol
LACTBL1,14300,exact_symbol
LAD1,14301,exact_symbol
LAG3,14302,exact_symbol
LALBA,14307,exact_symbol
LAMA1,14308,exact_symbol
LAMA2,14309,exact_symbol
LAMA3,14310,exact_symbol
LAMA4,14311,exact_symbol
LAMA5,14312,exact_symbol
LAMB1,14313,exact_symbol
LAMB2,14314,exact_symbol
LAMB3,14315,exact_symbol
LAMC1,14317,exact_symbol
LAMC2,14318,exact_symbol
LAMC3,14319,exact_symbol
LAMP1,14320,exact_symbol
LAMP2,14321,exact_symbol
LAMP5,14323,exact_symbol
LAMTOR1,14324,exact_symbol
LAMTOR2,14325,exact_symbol
LAMTOR3,14326,exact_symbol
LAMTOR4,14329,exact_symbol
LAMTOR5,14330,exact_symbol
LANCL1,14332,exact_symbol
LANCL2,14333,exact_symbol
LANCL3,14334,exact_symbol
LAP3,14335,exact_symbol
LAPTM4A,14338,exact_symbol
LAPTM4B,14339,exact_symbol
LAPTM5,14342,exact_symbol
LARGE1,14343,exact_symbol
LARGE2,14344,exact_symbol
LARP1,14345,exact_symbol
LARP4,14351,exact_symbol
LARP6,14354,exact_symbol
LARS2,14361,exact_symbol
LAS1L,14362,exact_symbol
LASP1,14363,exact_symbol
LAT,14364,exact_symbol
LAT2,14365,exact_symbol
LATS1,14366,exact_symbol
LATS2,14367,exact_symbol
LAX1,14368,exact_symbol
LAYN,14369,exact_symbol
LBH,14370,exact_symbol
LBP,14372,exact_symbol
LBR,14373,exact_symbol
LBX1,14374,exact_symbol
LBX2,14375,exact_symbol
LCA5,14376,exact_symbol
LCA5L,14377,exact_symbol
LCAT,14378,exact_symbol
LCE7A,-1,missing
LCK,14397,exact_symbol
LCLAT1,14398,exact_symbol
LCMT1,14399,exact_symbol
LCMT2,14400,exact_symbol
LCN10,14402,exact_symbol
LCN12,14403,exact_symbol
LCN2,14407,exact_symbol
LCN6,14408,exact_symbol
LCN8,14409,exact_symbol
LCOR,14412,exact_symbol
LCORL,14413,exact_symbol
LCP1,14414,exact_symbol
LCP2,14415,exact_symbol
LCT,14416,exact_symbol
LCTL,14417,exact_symbol
LDAH,14418,exact_symbol
LDB1,14419,exact_symbol
LDB2,14420,exact_symbol
LDB3,14421,exact_symbol
LDHA,14422,exact_symbol
LDHAL6B,14424,exact_symbol
LDHB,14435,exact_symbol
LDHC,14439,exact_symbol
LDHD,14440,exact_symbol
LDLR,14441,exact_symbol
LDLRAD1,14442,exact_symbol
LDLRAD2,14443,exact_symbol
LDLRAD3,14444,exact_symbol
LDLRAD4,14445,exact_symbol
LDLRAP1,14446,exact_symbol
LDOC1,14447,exact_symbol
LEAP2,14449,exact_symbol
LECT2,14451,exact_symbol
LEF1,14452,exact_symbol
LEKR1,14455,exact_symbol
LEMD1,14457,exact_symbol
LEMD2,14458,exact_symbol
LEMD3,14459,exact_symbol
LENEP,14460,exact_symbol
LENG1,14461,exact_symbol
LENG8,14462,exact_symbol
LENG9,14463,exact_symbol
LEO1,14464,exact_symbol
LEP,14465,exact_symbol
LEPR,14466,exact_symbol
LEPROT,14467,exact_symbol
LEPROTL1,14468,exact_symbol
LETM1,14469,exact_symbol
LETM2,14471,exact_symbol
LETMD1,14472,exact_symbol
LFNG,14475,exact_symbol
LGALS1,14476,exact_symbol
LGALS12,14477,exact_symbol
LGALS2,14482,exact_symbol
LGALS3,14483,exact_symbol
LGALS3BP,14484,exact_symbol
LGALS4,14485,exact_symbol
LGALS8,14488,exact_symbol
LGI1,14494,exact_symbol
LGI2,14495,exact_symbol
LGI3,14496,exact_symbol
LGI4,14497,exact_symbol
LGMN,14498,exact_symbol
LGR4,14500,exact_symbol
LGR5,14501,exact_symbol
LGR6,14502,exact_symbol
LGSN,14503,exact_symbol
LHCGR,14505,exact_symbol
LHFPL1,14507,exact_symbol
LHFPL2,14508,exact_symbol
LHFPL3,14509,exact_symbol
LHFPL4,14510,exact_symbol
LHFPL5,14511,exact_symbol
LHPP,14512,exact_symbol
LHX1,14513,exact_symbol
LHX2,14514,exact_symbol
LHX3,14515,exact_symbol
LHX4,14516,exact_symbol
LHX5,14517,exact_symbol
LHX6,14518,exact_symbol
LHX8,14519,exact_symbol
LHX9,14520,exact_symbol
LIAS,14521,exact_symbol
LIF,14522,exact_symbol
LIFR,14523,exact_symbol
LIG1,14524,exact_symbol
LIG3,14525,exact_symbol
LIG4,14526,exact_symbol
LIM2,14540,exact_symbol
LIMA1,14541,exact_symbol
LIMCH1,14542,exact_symbol
LIMD1,14543,exact_symbol
LIMD2,14544,exact_symbol
LIME1,14545,exact_symbol
LIMK1,14546,exact_symbol
LIMK2,14547,exact_symbol
LIMS2,14549,exact_symbol
LIN28A,14552,exact_symbol
LIN28B,14555,exact_symbol
LIN37,14556,exact_symbol
LIN52,14557,exact_symbol
LIN54,14558,exact_symbol
LIN7A,14559,exact_symbol
LIN7B,14560,exact_symbol
LIN7C,14561,exact_symbol
LIN9,14562,exact_symbol
LINGO1,14606,exact_symbol
LINGO2,14607,exact_symbol
LINGO3,14608,exact_symbol
LINGO4,14609,exact_symbol
LINS1,14610,exact_symbol
LIPA,14611,exact_symbol
LIPC,14612,exact_symbol
LIPE,14613,exact_symbol
LIPF,14614,exact_symbol
LIPG,14615,exact_symbol
LIPH,14616,exact_symbol
LIPI,14617,exact_symbol
LIPK,14619,exact_symbol
LIPM,14620,exact_symbol
LIPN,14621,exact_symbol
LIPT1,14622,exact_symbol
LIPT2,14624,exact_symbol
LITAF,14625,exact_symbol
LIX1,14626,exact_symbol
LIX1L,14627,exact_symbol
LKAAEAR1,14628,exact_symbol
LLGL1,14664,exact_symbol
LLGL2,14665,exact_symbol
LLPH,14678,exact_symbol
LMAN1,14683,exact_symbol
LMAN1L,14684,exact_symbol
LMAN2,14685,exact_symbol
LMAN2L,14686,exact_symbol
LMBR1,14687,exact_symbol
LMBR1L,14688,exact_symbol
LMBRD1,14689,exact_symbol
LMBRD2,14690,exact_symbol
LMCD1,14691,exact_symbol
LMF1,14692,exact_symbol
LMF2,14693,exact_symbol
LMLN,14694,exact_symbol
LMNA,14695,exact_symbol
LMNB1,14696,exact_symbol
LMNB2,14697,exact_symbol
LMNTD1,14698,exact_symbol
LMO1,14700,exact_symbol
LMO2,14701,exact_symbol
LMO3,14702,exact_symbol
LMO4,14703,exact_symbol
LMO7,14704,exact_symbol
LMOD1,14706,exact_symbol
LMOD2,14707,exact_symbol
LMOD3,14708,exact_symbol
LMTK2,14709,exact_symbol
LMTK3,14710,exact_symbol
LMX1A,14711,exact_symbol
LMX1B,14712,exact_symbol
LNP1,14713,exact_symbol
LNPEP,14714,exact_symbol
LNPK,13703,hgnc_previous_symbol
LNX1,14715,exact_symbol
LNX2,14716,exact_symbol
LONP1,14720,exact_symbol
LONP2,14721,exact_symbol
LONRF1,14722,exact_symbol
LONRF2,14723,exact_symbol
LONRF3,14726,exact_symbol
LOX,14728,exact_symbol
LOXHD1,14729,exact_symbol
LOXL1,14730,exact_symbol
LOXL2,14731,exact_symbol
LOXL3,14732,exact_symbol
LOXL4,14733,exact_symbol
LPAR1,14736,exact_symbol
LPAR2,14737,exact_symbol
LPAR3,14738,exact_symbol
LPAR4,14739,exact_symbol
LPAR5,14740,exact_symbol
LPAR6,14741,exact_symbol
LPCAT1,14742,exact_symbol
LPCAT2,14743,exact_symbol
LPCAT3,14745,exact_symbol
LPCAT4,14746,exact_symbol
LPGAT1,14747,exact_symbol
LPIN1,14748,exact_symbol
LPIN2,14749,exact_symbol
LPIN3,14750,exact_symbol
LPL,14751,exact_symbol
LPO,14752,exact_symbol
LPP,14753,exact_symbol
LPXN,14754,exact_symbol
LRAT,14755,exact_symbol
LRATD1,9444,hgnc_previous_symbol
LRATD2,9445,hgnc_previous_symbol
LRBA,14756,exact_symbol
LRCH1,14757,exact_symbol
LRCH2,14758,exact_symbol
LRCH3,14759,exact_symbol
LRCH4,14760,exact_symbol
LRFN1,14762,exact_symbol
LRFN2,14763,exact_symbol
LRFN3,14764,exact_symbol
LRFN4,14765,exact_symbol
LRFN5,14766,exact_symbol
LRG1,14767,exact_symbol
LRIF1,14769,exact_symbol
LRIG1,14770,exact_symbol
LRIG2,14771,exact_symbol
LRIG3,14772,exact_symbol
LRIT1,14773,exact_symbol
LRIT2,14774,exact_symbol
LRIT3,14775,exact_symbol
LRMDA,3759,hgnc_previous_symbol
LRP1,14777,exact_symbol
LRP10,14778,exact_symbol
LRP11,14779,exact_symbol
LRP12,14780,exact_symbol
LRP1B,14781,exact_symbol
LRP2,14782,exact_symbol
LRP2BP,14783,exact_symbol
LRP3,14784,exact_symbol
LRP4,14785,exact_symbol
LRP5,14786,exact_symbol
LRP6,14788,exact_symbol
LRP8,14789,exact_symbol
LRPAP1,14790,exact_symbol
LRPPRC,14791,exact_symbol
LRR1,14792,exact_symbol
LRRC1,14793,exact_symbol
LRRC10,14794,exact_symbol
LRRC10B,14795,exact_symbol
LRRC14,14796,exact_symbol
LRRC14B,14797,exact_symbol
LRRC15,14798,exact_symbol
LRRC17,14800,exact_symbol
LRRC18,14801,exact_symbol
LRRC19,14802,exact_symbol
LRRC2,14803,exact_symbol
LRRC20,14804,exact_symbol
LRRC23,14805,exact_symbol
LRRC24,14806,exact_symbol
LRRC26,14808,exact_symbol
LRRC27,14809,exact_symbol
LRRC28,14810,exact_symbol
LRRC3,14812,exact_symbol
LRRC30,14813,exact_symbol
LRRC31,14814,exact_symbol
LRRC32,14815,exact_symbol
LRRC34,14816,exact_symbol
LRRC36,14819,exact_symbol
LRRC38,14837,exact_symbol
LRRC39,14838,exact_symbol
LRRC3B,14839,exact_symbol
LRRC3C,14840,exact_symbol
LRRC4,14841,exact_symbol
LRRC40,14842,exact_symbol
LRRC41,14843,exact_symbol
LRRC42,14844,exact_symbol
LRRC43,14845,exact_symbol
LRRC45,14846,exact_symbol
LRRC46,14847,exact_symbol
LRRC47,14848,exact_symbol
LRRC49,14849,exact_symbol
LRRC4B,14850,exact_symbol
LRRC4C,14851,exact_symbol
LRRC51,14902,stable_id
LRRC52,14852,exact_symbol
LRRC55,14854,exact_symbol
LRRC56,14855,exact_symbol
LRRC57,14856,exact_symbol
LRRC58,14857,exact_symbol
LRRC59,14858,exact_symbol
LRRC61,14860,exact_symbol
LRRC69,14863,exact_symbol
LRRC7,14865,exact_symbol
LRRC71,14867,exact_symbol
LRRC73,14869,exact_symbol
LRRC74A,14870,exact_symbol
LRRC74B,14871,exact_symbol
LRRC75A,14872,exact_symbol
LRRC75B,14873,exact_symbol
LRRC8A,14874,exact_symbol
LRRC8B,14875,exact_symbol
LRRC8C,14876,exact_symbol
LRRC8D,14877,exact_symbol
LRRC8E,14878,exact_symbol
LRRC9,14879,exact_symbol
LRRCC1,14880,exact_symbol
LRRD1,14881,exact_symbol
LRRFIP2,14884,exact_symbol
LRRIQ1,14885,exact_symbol
LRRIQ3,14886,exact_symbol
LRRIQ4,14887,exact_symbol
LRRK1,14888,exact_symbol
LRRK2,14889,exact_symbol
LRRN1,14890,exact_symbol
LRRN2,14891,exact_symbol
LRRN3,14892,exact_symbol
LRRN4,14893,exact_symbol
LRRN4CL,14894,exact_symbol
LRRTM1,14895,exact_symbol
LRRTM2,14896,exact_symbol
LRRTM3,14897,exact_symbol
LRRTM4,14898,exact_symbol
LRSAM1,14899,exact_symbol
LRTM1,14900,exact_symbol
LRTM2,14901,exact_symbol
LRWD1,14903,exact_symbol
LSAMP,14904,exact_symbol
LSG1,14905,exact_symbol
LSM1,14906,exact_symbol
LSM10,14907,exact_symbol
LSM11,14908,exact_symbol
LSM12,14909,exact_symbol
LSM14A,14911,exact_symbol
LSM14B,14912,exact_symbol
LSM2,14915,exact_symbol
LSM3,14916,exact_symbol
LSM4,14921,exact_symbol
LSM5,14922,exact_symbol
LSM6,14923,exact_symbol
LSM7,14925,exact_symbol
LSM8,14926,exact_symbol
LSMEM1,14927,exact_symbol
LSMEM2,14928,exact_symbol
LSP1,14929,exact_symbol
LSR,14933,exact_symbol
LSS,14934,exact_symbol
LTA,14936,exact_symbol
LTA4H,14937,exact_symbol
LTB,14938,exact_symbol
LTB4R2,14940,exact_symbol
LTBP1,14941,exact_symbol
LTBP2,14942,exact_symbol
LTBP3,14943,exact_symbol
LTBP4,14944,exact_symbol
LTBR,14945,exact_symbol
LTC4S,14946,exact_symbol
LTF,14947,exact_symbol
LTK,14948,exact_symbol
LTN1,14949,exact_symbol
LTO1,18803,hgnc_previous_symbol
LTV1,14950,exact_symbol
LUC7L,14952,exact_symbol
LUC7L2,14953,exact_symbol
LUC7L3,14954,exact_symbol
LUM,14955,exact_symbol
LURAP1,14956,exact_symbol
LURAP1L,14957,exact_symbol
LUZP1,14958,exact_symbol
LUZP2,14959,exact_symbol
LVRN,14963,exact_symbol
LXN,14964,exact_symbol
LY6D,14965,exact_symbol
LY6E,14966,exact_symbol
LY6G5B,14967,exact_symbol
LY6G5C,14968,exact_symbol
LY6G6C,14969,exact_symbol
LY6G6D,14970,exact_symbol
LY6G6F,14972,exact_symbol
LY6H,14973,exact_symbol
LY75,14976,exact_symbol
LY86,14978,exact_symbol
LY9,14979,exact_symbol
LY96,14980,exact_symbol
LYAR,14981,exact_symbol
LYG1,14983,exact_symbol
LYG2,14984,exact_symbol
LYL1,14985,exact_symbol
LYN,14986,exact_symbol
LYPD1,14988,exact_symbol
LYPD2,14989,exact_symbol
LYPD3,14990,exact_symbol
LYPD4,14991,exact_symbol
LYPD5,14992,exact_symbol
LYPD6,14993,exact_symbol
LYPD6B,14994,exact_symbol
LYPLA1,14996,exact_symbol
LYPLA2,15000,exact_symbol
LYPLAL1,15004,exact_symbol
LYRM1,15005,exact_symbol
LYRM2,15006,exact_symbol
LYRM4,15007,exact_symbol
LYRM7,15009,exact_symbol
LYRM9,15010,exact_symbol
LYSMD1,15011,exact_symbol
LYSMD2,15012,exact_symbol
LYSMD3,15013,exact_symbol
LYSMD4,15014,exact_symbol
LYST,15015,exact_symbol
LYVE1,15016,exact_symbol
LYZL4,15020,exact_symbol
LYZL6,15021,exact_symbol
LZIC,15022,exact_symbol
LZTFL1,15023,exact_symbol
LZTR1,15024,exact_symbol
LZTS1,15025,exact_symbol
LZTS2,15026,exact_symbol
LZTS3,-1,missing
M1AP,15027,exact_symbol
M6PR,15028,exact_symbol
MAB21L1,15030,exact_symbol
MAB21L2,15031,exact_symbol
MAB21L3,15032,exact_symbol
MAB21L4,4064,hgnc_previous_symbol
MACC1,15033,exact_symbol
MACF1,15034,exact_symbol
MACIR,4133,hgnc_previous_symbol
MACO1,31934,hgnc_previous_symbol
MACROD1,15035,exact_symbol
MACROD2,15036,exact_symbol
MACROH2A1,11321,hgnc_previous_symbol
MACROH2A2,11322,hgnc_previous_symbol
MAD1L1,15037,exact_symbol
MAD2L1,15038,exact_symbol
MAD2L1BP,15039,exact_symbol
MAD2L2,15040,exact_symbol
MADD,15042,exact_symbol
MAEA,15043,exact_symbol
MAEL,15044,exact_symbol
MAF,15045,exact_symbol
MAF1,15046,exact_symbol
MAFA,15047,exact_symbol
MAFB,15048,exact_symbol
MAFF,15049,exact_symbol
MAFG,15050,exact_symbol
MAFK,15052,exact_symbol
MAG,15053,exact_symbol
MAGEB18,15073,exact_symbol
MAGED1,15083,exact_symbol
MAGED2,15084,exact_symbol
MAGEE1,15087,exact_symbol
MAGEE2,15088,exact_symbol
MAGEH1,15090,exact_symbol
MAGEL2,15091,exact_symbol
MAGI1,15092,exact_symbol
MAGI2,15093,exact_symbol
MAGI3,15094,exact_symbol
MAGIX,15095,exact_symbol
MAGOH,15096,exact_symbol
MAGOHB,15099,exact_symbol
MAGT1,15100,exact_symbol
MAIP1,4061,hgnc_previous_symbol
MAJIN,15101,exact_symbol
MAK,15102,exact_symbol
MAK16,15103,exact_symbol
MAL,15104,exact_symbol
MAL2,15105,exact_symbol
MALL,15106,exact_symbol
MALRD1,15107,exact_symbol
MALSU1,15108,exact_symbol
MALT1,15109,exact_symbol
MAMDC2,15110,exact_symbol
MAMDC4,15111,exact_symbol
MAML1,15112,exact_symbol
MAML2,15113,exact_symbol
MAML3,15114,exact_symbol
MAMLD1,15115,exact_symbol
MAMSTR,15116,exact_symbol
MAN1A1,15117,exact_symbol
MAN1A2,15118,exact_symbol
MAN1B1,15120,exact_symbol
MAN1C1,15121,exact_symbol
MAN2A1,15122,exact_symbol
MAN2A2,15123,exact_symbol
MAN2B1,15124,exact_symbol
MAN2B2,15125,exact_symbol
MAN2C1,15126,exact_symbol
MANBA,15127,exact_symbol
MANBAL,15128,exact_symbol
MANEA,15129,exact_symbol
MANEAL,15130,exact_symbol
MANF,15131,exact_symbol
MANSC1,15132,exact_symbol
MANSC4,15133,exact_symbol
MAOA,15134,exact_symbol
MAOB,15135,exact_symbol
MAP1A,15137,exact_symbol
MAP1B,15138,exact_symbol
MAP1LC3A,15139,exact_symbol
MAP1S,15145,exact_symbol
MAP2,15146,exact_symbol
MAP2K1,15147,exact_symbol
MAP2K2,15149,exact_symbol
MAP2K3,15150,exact_symbol
MAP2K4,15151,exact_symbol
MAP2K5,15153,exact_symbol
MAP2K6,15154,exact_symbol
MAP2K7,15155,exact_symbol
MAP3K1,15156,exact_symbol
MAP3K10,15157,exact_symbol
MAP3K11,15158,exact_symbol
MAP3K12,15159,exact_symbol
MAP3K13,15160,exact_symbol
MAP3K14,15161,exact_symbol
MAP3K15,15162,exact_symbol
MAP3K19,15163,exact_symbol
MAP3K2,15164,exact_symbol
MAP3K20,-1,missing
MAP3K21,-1,missing
MAP3K3,15165,exact_symbol
MAP3K4,15166,exact_symbol
MAP3K5,15167,exact_symbol
MAP3K6,15168,exact_symbol
MAP3K7,15169,exact_symbol
MAP3K8,15171,exact_symbol
MAP3K9,15172,exact_symbol
MAP4K1,15174,exact_symbol
MAP4K2,15175,exact_symbol
MAP4K3,15176,exact_symbol
MAP4K4,15177,exact_symbol
MAP4K5,15178,exact_symbol
MAP6,15179,exact_symbol
MAP6D1,15180,exact_symbol
MAP7,15181,exact_symbol
MAP7D1,15182,exact_symbol
MAP7D2,15183,exact_symbol
MAP9,15185,exact_symbol
MAPK1,15186,exact_symbol
MAPK10,15187,exact_symbol
MAPK11,15188,exact_symbol
MAPK12,15189,exact_symbol
MAPK13,15190,exact_symbol
MAPK14,15191,exact_symbol
MAPK15,15192,exact_symbol
MAPK3,15194,exact_symbol
MAPK4,15195,exact_symbol
MAPK6,15196,exact_symbol
MAPK7,15200,exact_symbol
MAPK8,15201,exact_symbol
MAPK8IP1,15202,exact_symbol
MAPK8IP2,15203,exact_symbol
MAPK8IP3,15204,exact_symbol
MAPK9,15205,exact_symbol
MAPKAP1,15206,exact_symbol
MAPKAPK2,15207,exact_symbol
MAPKAPK3,15208,exact_symbol
MAPKAPK5,15209,exact_symbol
MAPKBP1,15211,exact_symbol
MAPRE1,15212,exact_symbol
MAPRE2,15215,exact_symbol
MAPRE3,15216,exact_symbol
MAPT,15217,exact_symbol
MARCHF1,15220,hgnc_previous_symbol
MARCHF10,15221,hgnc_previous_symbol
MARCHF11,15222,hgnc_previous_symbol
MARCHF2,15223,hgnc_previous_symbol
MARCHF3,15224,hgnc_previous_symbol
MARCHF4,15225,hgnc_previous_symbol
MARCHF5,15226,hgnc_previous_symbol
MARCHF6,15227,hgnc_previous_symbol
MARCHF7,15228,hgnc_previous_symbol
MARCHF8,15229,hgnc_previous_symbol
MARCHF9,15230,hgnc_previous_symbol
MARCKS,15231,exact_symbol
MARCKSL1,15232,exact_symbol
MARCO,15235,exact_symbol
MARF1,13661,hgnc_previous_symbol
MARK1,15236,exact_symbol
MARK2,15237,exact_symbol
MARK3,15250,exact_symbol
MARK4,15253,exact_symbol
MARS1,15254,hgnc_previous_symbol
MARS2,15255,exact_symbol
MARVELD1,15256,exact_symbol
MARVELD2,15257,exact_symbol
MARVELD3,15258,exact_symbol
MAS1,15259,exact_symbol
MASP1,15262,exact_symbol
MASP2,15263,exact_symbol
MAST1,15264,exact_symbol
MAST2,15265,exact_symbol
MAST3,15266,exact_symbol
MAST4,15267,exact_symbol
MASTL,15268,exact_symbol
MAT1A,15269,exact_symbol
MAT2A,15270,exact_symbol
MAT2B,15271,exact_symbol
MATK,15272,exact_symbol
MATN1,15273,exact_symbol
MATN2,15274,exact_symbol
MATN3,15275,exact_symbol
MATN4,15276,exact_symbol
MATR3,15277,exact_symbol
MAU2,15278,exact_symbol
MAX,15280,exact_symbol
MAZ,15281,exact_symbol
MB,15282,exact_symbol
MB21D2,15284,exact_symbol
MBD1,15285,exact_symbol
MBD2,15286,exact_symbol
MBD3,15287,exact_symbol
MBD3L1,15288,exact_symbol
MBD4,15293,exact_symbol
MBD5,15294,exact_symbol
MBD6,15295,exact_symbol
MBIP,15296,exact_symbol
MBL2,15298,exact_symbol
MBLAC1,15300,exact_symbol
MBLAC2,15301,exact_symbol
MBNL1,15302,exact_symbol
MBNL2,15303,exact_symbol
MBNL3,15304,exact_symbol
MBOAT1,15305,exact_symbol
MBOAT2,15306,exact_symbol
MBOAT4,15307,exact_symbol
MBOAT7,15308,exact_symbol
MBP,15309,exact_symbol
MBTD1,15310,exact_symbol
MBTPS1,15311,exact_symbol
MBTPS2,15312,exact_symbol
MC1R,15313,exact_symbol
MC2R,15314,exact_symbol
MC3R,15315,exact_symbol
MC4R,15316,exact_symbol
MC5R,15317,exact_symbol
MCAM,15318,exact_symbol
MCAT,15319,exact_symbol
MCC,15320,exact_symbol
MCCC1,15321,exact_symbol
MCCC2,15322,exact_symbol
MCEE,15326,exact_symbol
MCF2,15328,exact_symbol
MCF2L,15329,exact_symbol
MCFD2,15331,exact_symbol
MCHR1,15333,exact_symbol
MCIDAS,15335,exact_symbol
MCL1,15336,exact_symbol
MCM10,15337,exact_symbol
MCM2,15338,exact_symbol
MCM3,15339,exact_symbol
MCM3AP,15340,exact_symbol
MCM4,15341,exact_symbol
MCM5,15342,exact_symbol
MCM6,15343,exact_symbol
MCM7,15344,exact_symbol
MCM8,15345,exact_symbol
MCM9,15346,exact_symbol
MCMBP,15347,exact_symbol
MCMDC2,15348,exact_symbol
MCOLN1,15349,exact_symbol
MCOLN2,15350,exact_symbol
MCOLN3,15351,exact_symbol
MCPH1,15352,exact_symbol
MCRIP1,15353,exact_symbol
MCRIP2,15354,exact_symbol
MCRS1,15357,exact_symbol
MCTP1,15358,exact_symbol
MCTP2,15359,exact_symbol
MCTS1,15360,exact_symbol
MCU,15362,exact_symbol
MCUB,4531,hgnc_previous_symbol
MCUR1,15363,exact_symbol
MDFI,15365,exact_symbol
MDFIC,15366,exact_symbol
MDFIC2,-1,missing
MDGA1,15367,exact_symbol
MDGA2,15368,exact_symbol
MDH1,15369,exact_symbol
MDH1B,15370,exact_symbol
MDH2,15371,exact_symbol
MDK,15372,exact_symbol
MDM1,15373,exact_symbol
MDM2,15374,exact_symbol
MDM4,15375,exact_symbol
MDN1,15376,exact_symbol
ME1,15379,exact_symbol
ME2,15380,exact_symbol
ME3,15382,exact_symbol
MEA1,15383,exact_symbol
MEAF6,15384,exact_symbol
MEAK7,31621,hgnc_previous_symbol
MECOM,15386,exact_symbol
MECP2,15387,exact_symbol
MECR,15388,exact_symbol
MED1,15389,exact_symbol
MED10,15390,exact_symbol
MED11,15391,exact_symbol
MED12,15392,exact_symbol
MED12L,15393,exact_symbol
MED13,15394,exact_symbol
MED13L,15395,exact_symbol
MED14,15397,exact_symbol
MED15,15399,exact_symbol
MED16,15408,exact_symbol
MED17,15409,exact_symbol
MED18,15410,exact_symbol
MED19,15411,exact_symbol
MED20,15412,exact_symbol
MED21,15413,exact_symbol
MED22,15414,exact_symbol
MED23,15415,exact_symbol
MED24,15416,exact_symbol
MED25,15417,exact_symbol
MED26,15418,exact_symbol
MED27,15419,exact_symbol
MED28,15420,exact_symbol
MED29,15429,exact_symbol
MED30,15430,exact_symbol
MED31,15431,exact_symbol
MED4,15432,exact_symbol
MED6,15433,exact_symbol
MED7,15435,exact_symbol
MED8,15436,exact_symbol
MED9,15437,exact_symbol
MEDAG,15438,exact_symbol
MEF2A,15439,exact_symbol
MEF2B,15441,exact_symbol
MEF2C,15443,exact_symbol
MEF2D,15444,exact_symbol
MEGF10,15446,exact_symbol
MEGF11,15447,exact_symbol
MEGF6,15448,exact_symbol
MEGF8,15449,exact_symbol
MEGF9,15450,exact_symbol
MEI1,15451,exact_symbol
MEI4,15452,exact_symbol
MEIG1,15453,exact_symbol
MEIKIN,15454,exact_symbol
MEIOB,15455,exact_symbol
MEIOC,15456,exact_symbol
MEIS1,15457,exact_symbol
MEIS2,15458,exact_symbol
MELK,15462,exact_symbol
MELTF,15463,exact_symbol
MEMO1,15464,exact_symbol
MEN1,15469,exact_symbol
MEOX1,15470,exact_symbol
MEOX2,15471,exact_symbol
MEP1B,15474,exact_symbol
MEPCE,15475,exact_symbol
MERTK,15477,exact_symbol
MESD,15479,hgnc_previous_symbol
MESP1,15480,exact_symbol
MESP2,15481,exact_symbol
MEST,15482,exact_symbol
MET,15487,exact_symbol
METAP1,15488,exact_symbol
METAP1D,15489,exact_symbol
METAP2,15490,exact_symbol
METRN,15491,exact_symbol
METRNL,15492,exact_symbol
METTL1,15493,exact_symbol
METTL14,15498,exact_symbol
METTL15,15499,exact_symbol
METTL16,15502,exact_symbol
METTL17,15503,exact_symbol
METTL18,15504,exact_symbol
METTL21A,15505,exact_symbol
METTL21C,15508,exact_symbol
METTL22,15510,exact_symbol
METTL23,15511,exact_symbol
METTL24,15512,exact_symbol
METTL25,15513,exact_symbol
METTL26,3860,hgnc_previous_symbol
METTL27,33923,hgnc_previous_symbol
METTL3,15516,exact_symbol
METTL5,15518,exact_symbol
METTL6,15519,exact_symbol
METTL8,15523,exact_symbol
METTL9,15525,exact_symbol
MEX3A,15526,exact_symbol
MEX3B,15527,exact_symbol
MEX3C,15528,exact_symbol
MEX3D,15529,exact_symbol
MFAP2,15532,exact_symbol
MFAP3,15533,exact_symbol
MFAP3L,15534,exact_symbol
MFAP4,15535,exact_symbol
MFAP5,15536,exact_symbol
MFF,15537,exact_symbol
MFGE8,15538,exact_symbol
MFHAS1,15539,exact_symbol
MFN1,15540,exact_symbol
MFN2,15541,exact_symbol
MFNG,15542,exact_symbol
MFRP,15543,exact_symbol
MFSD1,15544,exact_symbol
MFSD10,15545,exact_symbol
MFSD11,15546,exact_symbol
MFSD12,15547,exact_symbol
MFSD13A,15548,exact_symbol
MFSD14A,15550,exact_symbol
MFSD14B,15551,exact_symbol
MFSD2A,15554,exact_symbol
MFSD2B,15555,exact_symbol
MFSD3,15556,exact_symbol
MFSD4A,15557,exact_symbol
MFSD5,15560,exact_symbol
MFSD6,15561,exact_symbol
MFSD6L,15562,exact_symbol
MFSD8,15564,exact_symbol
MFSD9,15565,exact_symbol
MGA,15566,exact_symbol
MGAM,15567,exact_symbol
MGAM2,15568,exact_symbol
MGAT1,15570,exact_symbol
MGAT2,15571,exact_symbol
MGAT3,15574,exact_symbol
MGAT4A,15575,exact_symbol
MGAT4B,15576,exact_symbol
MGAT4C,15577,exact_symbol
MGAT4D,15578,exact_symbol
MGAT5,15580,exact_symbol
MGAT5B,15581,exact_symbol
MGLL,15584,exact_symbol
MGME1,15585,exact_symbol
MGMT,15586,exact_symbol
MGP,15587,exact_symbol
MGRN1,15588,exact_symbol
MGST1,15589,exact_symbol
MGST2,15590,exact_symbol
MGST3,15591,exact_symbol
MIA,15592,exact_symbol
MIA3,15595,exact_symbol
MIB1,15596,exact_symbol
MIB2,15597,exact_symbol
MICAL1,15599,exact_symbol
MICAL2,15600,exact_symbol
MICAL3,15601,exact_symbol
MICALL1,15603,exact_symbol
MICALL2,15604,exact_symbol
MICOS10,15630,hgnc_previous_symbol
MICOS13,3929,hgnc_previous_symbol
MICU1,15611,exact_symbol
MICU2,15612,exact_symbol
MICU3,15613,exact_symbol
MID1,15614,exact_symbol
MID1IP1,15615,exact_symbol
MID2,15616,exact_symbol
MIDEAS,8700,hgnc_previous_symbol
MIDN,15617,exact_symbol
MIEF1,15618,exact_symbol
MIEF2,15619,exact_symbol
MIEN1,15620,exact_symbol
MIER1,15621,exact_symbol
MIER2,15622,exact_symbol
MIER3,15623,exact_symbol
MIF,15624,exact_symbol
MIF4GD,15625,exact_symbol
MIGA1,9425,hgnc_previous_symbol
MIGA2,9426,hgnc_previous_symbol
MIIP,15626,exact_symbol
MINAR1,13672,hgnc_previous_symbol
MINAR2,13673,hgnc_previous_symbol
MINDY1,9403,hgnc_previous_symbol
MINDY2,9404,hgnc_previous_symbol
MINDY3,9259,hgnc_previous_symbol
MINDY4,9260,hgnc_previous_symbol
MINDY4B,-1,missing
MINK1,15629,exact_symbol
MINPP1,15635,exact_symbol
MIOS,15636,exact_symbol
MIOX,15637,exact_symbol
MIP,15639,exact_symbol
MIPEP,15640,exact_symbol
MIPOL1,15644,exact_symbol
MIS12,15646,exact_symbol
MIS18A,15647,exact_symbol
MISP,15649,exact_symbol
MISP3,-1,missing
MITD1,15650,exact_symbol
MITF,15651,exact_symbol
MIXL1,15652,exact_symbol
MKKS,15655,exact_symbol
MKLN1,15658,exact_symbol
MKNK1,15659,exact_symbol
MKNK2,15660,exact_symbol
MKRN1,15662,exact_symbol
MKRN2,15663,exact_symbol
MKRN2OS,15664,exact_symbol
MKRN3,15665,exact_symbol
MKS1,15670,exact_symbol
MKX,15671,exact_symbol
MLANA,15672,exact_symbol
MLC1,15673,exact_symbol
MLEC,15674,exact_symbol
MLF1,15676,exact_symbol
MLF2,15677,exact_symbol
MLH1,15678,exact_symbol
MLH3,15679,exact_symbol
MLIP,15680,exact_symbol
MLKL,15681,exact_symbol
MLLT1,15682,exact_symbol
MLLT10,15683,exact_symbol
MLLT11,15686,exact_symbol
MLLT3,15687,exact_symbol
MLLT6,15689,exact_symbol
MLPH,15692,exact_symbol
MLST8,15693,exact_symbol
MLX,15694,exact_symbol
MLXIP,15695,exact_symbol
MLXIPL,15696,exact_symbol
MLYCD,15697,exact_symbol
MMAA,15698,exact_symbol
MMAB,15699,exact_symbol
MMACHC,15700,exact_symbol
MMADHC,15701,exact_symbol
MMD,15702,exact_symbol
MMD2,15703,exact_symbol
MME,15704,exact_symbol
MMEL1,15705,exact_symbol
MMGT1,15706,exact_symbol
MMP11,15709,exact_symbol
MMP12,15710,exact_symbol
MMP13,15711,exact_symbol
MMP14,15712,exact_symbol
MMP15,15713,exact_symbol
MMP16,15714,exact_symbol
MMP17,15715,exact_symbol
MMP19,15716,exact_symbol
MMP2,15717,exact_symbol
MMP20,15718,exact_symbol
MMP21,15719,exact_symbol
MMP23B,15721,exact_symbol
MMP24,15722,exact_symbol
MMP25,15724,exact_symbol
MMP27,15726,exact_symbol
MMP28,15727,exact_symbol
MMP3,15728,exact_symbol
MMP7,15729,exact_symbol
MMP8,15730,exact_symbol
MMP9,15731,exact_symbol
MMRN1,15732,exact_symbol
MMRN2,15733,exact_symbol
MMS19,15734,exact_symbol
MMS22L,15735,exact_symbol
MMUT,16610,hgnc_previous_symbol
MN1,15736,exact_symbol
MNAT1,15737,exact_symbol
MND1,15738,exact_symbol
MNS1,15740,exact_symbol
MNT,15741,exact_symbol
MNX1,15742,exact_symbol
MOAP1,15743,exact_symbol
MOB1A,15744,exact_symbol
MOB1B,15747,exact_symbol
MOB2,15748,exact_symbol
MOB3A,15749,exact_symbol
MOB3B,15750,exact_symbol
MOB3C,15751,exact_symbol
MOB4,15752,exact_symbol
MOBP,15753,exact_symbol
MOCOS,15754,exact_symbol
MOCS1,15755,exact_symbol
MOCS2,15757,exact_symbol
MOCS3,15758,exact_symbol
MOG,15759,exact_symbol
MOGAT1,15760,exact_symbol
MOGAT2,15761,exact_symbol
MOGS,15763,exact_symbol
MOK,15764,exact_symbol
MON1A,15765,exact_symbol
MON1B,15766,exact_symbol
MON2,15767,exact_symbol
MORC1,15768,exact_symbol
MORC3,15770,exact_symbol
MORC4,15771,exact_symbol
MORF4L1,15773,exact_symbol
MORF4L2,15779,exact_symbol
MORN1,15781,exact_symbol
MORN2,15782,exact_symbol
MORN3,15783,exact_symbol
MORN4,15784,exact_symbol
MORN5,15785,exact_symbol
MOS,15786,exact_symbol
MOSMO,3863,hgnc_previous_symbol
MOSPD1,15787,exact_symbol
MOSPD2,15788,exact_symbol
MOSPD3,15789,exact_symbol
MOV10,15790,exact_symbol
MOV10L1,15791,exact_symbol
MOXD1,15792,exact_symbol
MPC1L,15795,exact_symbol
MPC2,15796,exact_symbol
MPDU1,15797,exact_symbol
MPDZ,15798,exact_symbol
MPG,15800,exact_symbol
MPHOSPH10,15801,exact_symbol
MPHOSPH6,15802,exact_symbol
MPHOSPH8,15803,exact_symbol
MPHOSPH9,15804,exact_symbol
MPI,15805,exact_symbol
MPIG6B,4164,hgnc_previous_symbol
MPL,15806,exact_symbol
MPND,15808,exact_symbol
MPO,15809,exact_symbol
MPP1,15810,exact_symbol
MPP2,15811,exact_symbol
MPP3,15812,exact_symbol
MPP4,15813,exact_symbol
MPP7,15816,exact_symbol
MPPE1,15817,exact_symbol
MPPED1,15819,exact_symbol
MPPED2,15820,exact_symbol
MPRIP,15821,exact_symbol
MPST,15823,exact_symbol
MPV17,15825,exact_symbol
MPV17L,15826,exact_symbol
MPV17L2,15827,exact_symbol
MPZ,15828,exact_symbol
MPZL1,15829,exact_symbol
MPZL2,15830,exact_symbol
MPZL3,15831,exact_symbol
MR1,15832,exact_symbol
MRAP2,15834,exact_symbol
MRAS,15835,exact_symbol
MRC1,15836,exact_symbol
MRC2,15837,exact_symbol
MRE11,15838,hgnc_previous_symbol
MREG,15840,exact_symbol
MRGBP,15844,exact_symbol
MRGPRD,15845,exact_symbol
MRGPRE,15846,exact_symbol
MRGPRF,15847,exact_symbol
MRGPRG,15848,exact_symbol
MRI1,15853,exact_symbol
MRLN,15854,exact_symbol
MRM1,15855,exact_symbol
MRM2,15856,exact_symbol
MRM3,15857,exact_symbol
MRNIP,4137,hgnc_previous_symbol
MRO,15858,exact_symbol
MROH1,15859,exact_symbol
MROH2A,15860,exact_symbol
MROH2B,15861,exact_symbol
MROH5,15864,exact_symbol
MROH6,15865,exact_symbol
MROH7,15866,exact_symbol
MROH8,15868,exact_symbol
MROH9,15869,exact_symbol
MRPL1,15870,exact_symbol
MRPL10,15871,exact_symbol
MRPL11,15872,exact_symbol
MRPL12,15873,exact_symbol
MRPL13,15874,exact_symbol
MRPL14,15875,exact_symbol
MRPL15,15876,exact_symbol
MRPL16,15878,exact_symbol
MRPL17,15879,exact_symbol
MRPL18,15880,exact_symbol
MRPL19,15881,exact_symbol
MRPL2,15882,exact_symbol
MRPL20,15883,exact_symbol
MRPL21,15885,exact_symbol
MRPL24,15889,exact_symbol
MRPL27,15890,exact_symbol
MRPL28,15891,exact_symbol
MRPL3,15893,exact_symbol
MRPL30,15894,exact_symbol
MRPL32,15896,exact_symbol
MRPL33,15898,exact_symbol
MRPL34,15899,exact_symbol
MRPL35,15900,exact_symbol
MRPL36,15905,exact_symbol
MRPL37,15906,exact_symbol
MRPL38,15908,exact_symbol
MRPL39,15909,exact_symbol
MRPL4,15911,exact_symbol
MRPL40,15912,exact_symbol
MRPL41,15914,exact_symbol
MRPL42,15915,exact_symbol
MRPL43,15920,exact_symbol
MRPL44,15921,exact_symbol
MRPL45,15922,exact_symbol
MRPL46,15924,exact_symbol
MRPL47,15925,exact_symbol
MRPL48,15926,exact_symbol
MRPL49,15928,exact_symbol
MRPL50,15931,exact_symbol
MRPL51,15935,exact_symbol
MRPL52,15937,exact_symbol
MRPL53,15938,exact_symbol
MRPL54,15940,exact_symbol
MRPL55,15941,exact_symbol
MRPL57,15942,exact_symbol
MRPL58,15948,exact_symbol
MRPL9,15949,exact_symbol
MRPS10,15951,exact_symbol
MRPS11,15954,exact_symbol
MRPS12,15956,exact_symbol
MRPS14,15957,exact_symbol
MRPS15,15958,exact_symbol
MRPS16,15960,exact_symbol
MRPS17,15964,exact_symbol
MRPS18A,15969,exact_symbol
MRPS18B,15971,exact_symbol
MRPS18C,15974,exact_symbol
MRPS2,15977,exact_symbol
MRPS21,15978,exact_symbol
MRPS22,15986,exact_symbol
MRPS23,15987,exact_symbol
MRPS24,15988,exact_symbol
MRPS25,15989,exact_symbol
MRPS26,15990,exact_symbol
MRPS27,15991,exact_symbol
MRPS28,15992,exact_symbol
MRPS30,15993,exact_symbol
MRPS31,15994,exact_symbol
MRPS33,15999,exact_symbol
MRPS34,16003,exact_symbol
MRPS35,16004,exact_symbol
MRPS5,16013,exact_symbol
MRPS6,16016,exact_symbol
MRPS7,16019,exact_symbol
MRPS9,16020,exact_symbol
MRRF,16021,exact_symbol
MRS2,16023,exact_symbol
MRTFA,15656,hgnc_previous_symbol
MRTFB,15657,hgnc_previous_symbol
MRTO4,16024,exact_symbol
MS4A1,16026,exact_symbol
MS4A12,16028,exact_symbol
MS4A15,16031,exact_symbol
MS4A2,16033,exact_symbol
MS4A3,16034,exact_symbol
MS4A5,16037,exact_symbol
MS4A8,16041,exact_symbol
MSANTD1,16042,exact_symbol
MSANTD2,16043,exact_symbol
MSANTD3,16045,exact_symbol
MSANTD4,16047,exact_symbol
MSC,16048,exact_symbol
MSGN1,16049,exact_symbol
MSH2,16050,exact_symbol
MSH3,16051,exact_symbol
MSH4,16052,exact_symbol
MSH5,16053,exact_symbol
MSH6,16055,exact_symbol
MSI1,16056,exact_symbol
MSI2,16057,exact_symbol
MSL1,16058,exact_symbol
MSL2,16059,exact_symbol
MSL3,16060,exact_symbol
MSLN,16062,exact_symbol
MSLNL,16063,exact_symbol
MSMO1,16065,exact_symbol
MSMP,16066,exact_symbol
MSN,16067,exact_symbol
MSR1,16069,exact_symbol
MSRA,16070,exact_symbol
MSRB1,16071,exact_symbol
MSRB2,16073,exact_symbol
MSRB3,16074,exact_symbol
MSS51,16075,exact_symbol
MST1,16076,exact_symbol
MST1R,16079,exact_symbol
MSTN,16080,exact_symbol
MSTO1,16081,exact_symbol
MSX1,16083,exact_symbol
MSX2,16084,exact_symbol
MT-ATP6,16086,exact_symbol
MT-CO1,16088,exact_symbol
MT-CO2,16089,exact_symbol
MT-CO3,16090,exact_symbol
MT-CYB,16091,exact_symbol
MT-ND1,16092,exact_symbol
MT-ND2,16093,exact_symbol
MT-ND3,16094,exact_symbol
MT-ND4,16095,exact_symbol
MT-ND4L,16096,exact_symbol
MT-ND5,16097,exact_symbol
MT-ND6,16098,exact_symbol
MT1X,16113,exact_symbol
MT3,16117,exact_symbol
MT4,16118,exact_symbol
MTA1,16119,exact_symbol
MTA2,16120,exact_symbol
MTA3,16121,exact_symbol
MTAP,16122,exact_symbol
MTARC1,15218,hgnc_previous_symbol
MTARC2,15219,hgnc_previous_symbol
MTBP,16152,exact_symbol
MTCH1,16153,exact_symbol
MTCH2,16154,exact_symbol
MTCL1,16155,exact_symbol
MTCP1,16265,exact_symbol
MTDH,16295,exact_symbol
MTERF2,16297,exact_symbol
MTERF3,16298,exact_symbol
MTERF4,16299,exact_symbol
MTF1,16300,exact_symbol
MTF2,16301,exact_symbol
MTFMT,16302,exact_symbol
MTFP1,16303,exact_symbol
MTFR1,16304,exact_symbol
MTFR1L,16305,exact_symbol
MTFR2,16306,exact_symbol
MTG1,16307,exact_symbol
MTG2,16308,exact_symbol
MTHFD1,16309,exact_symbol
MTHFD1L,16310,exact_symbol
MTHFD2,16312,exact_symbol
MTHFD2L,16313,exact_symbol
MTHFR,16321,exact_symbol
MTHFSD,16323,exact_symbol
MTIF2,16324,exact_symbol
MTIF3,16325,exact_symbol
MTLN,14565,hgnc_previous_symbol
MTM1,16326,exact_symbol
MTMR1,16327,exact_symbol
MTMR10,16328,exact_symbol
MTMR11,16329,exact_symbol
MTMR12,16330,exact_symbol
MTMR14,16331,exact_symbol
MTMR2,16332,exact_symbol
MTMR3,16333,exact_symbol
MTMR4,16334,exact_symbol
MTMR6,16335,exact_symbol
MTMR7,16336,exact_symbol
MTMR9,16338,exact_symbol
MTNR1A,16549,exact_symbol
MTNR1B,16550,exact_symbol
MTO1,16551,exact_symbol
MTOR,16552,exact_symbol
MTPAP,16553,exact_symbol
MTPN,16554,exact_symbol
MTR,16555,exact_symbol
MTRES1,4159,hgnc_previous_symbol
MTREX,29309,hgnc_previous_symbol
MTRF1,16556,exact_symbol
MTRF1L,16557,exact_symbol
MTRFR,3823,stable_id
MTRR,16573,exact_symbol
MTSS1,16574,exact_symbol
MTSS2,16575,hgnc_previous_symbol
MTTP,16576,exact_symbol
MTURN,16577,exact_symbol
MTUS1,16578,exact_symbol
MTUS2,16579,exact_symbol
MTX1,16580,exact_symbol
MTX2,16582,exact_symbol
MTX3,16583,exact_symbol
MUC15,16587,exact_symbol
MUL1,16602,exact_symbol
MUS81,16607,exact_symbol
MUSK,16608,exact_symbol
MUSTN1,16609,exact_symbol
MUTYH,16611,exact_symbol
MVB12A,16612,exact_symbol
MVB12B,16613,exact_symbol
MVD,16614,exact_symbol
MVK,16615,exact_symbol
MVP,16616,exact_symbol
MXD1,16619,exact_symbol
MXD3,16620,exact_symbol
MXD4,16621,exact_symbol
MXI1,16622,exact_symbol
MXRA8,16626,exact_symbol
MYADM,16627,exact_symbol
MYADML2,16629,exact_symbol
MYB,16630,exact_symbol
MYBBP1A,16631,exact_symbol
MYBL1,16632,exact_symbol
MYBL2,16633,exact_symbol
MYBPC1,16634,exact_symbol
MYBPC2,16635,exact_symbol
MYBPC3,16636,exact_symbol
MYBPH,16637,exact_symbol
MYBPHL,16638,exact_symbol
MYC,16639,exact_symbol
MYCBP,16640,exact_symbol
MYCBP2,16641,exact_symbol
MYCBPAP,16642,exact_symbol
MYCL,16643,exact_symbol
MYCT1,16647,exact_symbol
MYD88,16648,exact_symbol
MYDGF,16649,exact_symbol
MYF5,16652,exact_symbol
MYF6,16653,exact_symbol
MYG1,3810,hgnc_previous_symbol
MYH1,16654,exact_symbol
MYH10,16655,exact_symbol
MYH11,16656,exact_symbol
MYH13,16657,exact_symbol
MYH14,16658,exact_symbol
MYH15,16659,exact_symbol
MYH3,16662,exact_symbol
MYH6,16664,exact_symbol
MYH7,16665,exact_symbol
MYH7B,16666,exact_symbol
MYH8,16667,exact_symbol
MYH9,16668,exact_symbol
MYL1,16669,exact_symbol
MYL10,16670,exact_symbol
MYL12A,16671,exact_symbol
MYL12B,16673,exact_symbol
MYL2,16676,exact_symbol
MYL3,16677,exact_symbol
MYL4,16678,exact_symbol
MYL6B,16681,exact_symbol
MYL7,16688,exact_symbol
MYL9,16690,exact_symbol
MYLIP,16691,exact_symbol
MYLK,16692,exact_symbol
MYLK2,16693,exact_symbol
MYLK3,16694,exact_symbol
MYMK,31967,hgnc_previous_symbol
MYMX,-1,missing
MYNN,16698,exact_symbol
MYO10,16699,exact_symbol
MYO15B,16701,exact_symbol
MYO16,16702,exact_symbol
MYO18A,16703,exact_symbol
MYO18B,16704,exact_symbol
MYO19,16705,exact_symbol
MYO1A,16706,exact_symbol
MYO1B,16707,exact_symbol
MYO1C,16708,exact_symbol
MYO1D,16709,exact_symbol
MYO1E,16710,exact_symbol
MYO1F,16711,exact_symbol
MYO1G,16712,exact_symbol
MYO1H,16713,exact_symbol
MYO3A,16714,exact_symbol
MYO3B,16715,exact_symbol
MYO5A,16716,exact_symbol
MYO5B,16717,exact_symbol
MYO5C,16721,exact_symbol
MYO6,16722,exact_symbol
MYO7A,16723,exact_symbol
MYO7B,16724,exact_symbol
MYO9A,16725,exact_symbol
MYO9B,16726,exact_symbol
MYOC,16727,exact_symbol
MYOCD,16728,exact_symbol
MYOD1,16729,exact_symbol
MYOF,16730,exact_symbol
MYOG,16731,exact_symbol
MYOM1,16732,exact_symbol
MYOM2,16733,exact_symbol
MYOM3,16734,exact_symbol
MYORG,13679,hgnc_previous_symbol
MYOT,16735,exact_symbol
MYOZ1,16736,exact_symbol
MYOZ2,16737,exact_symbol
MYOZ3,16738,exact_symbol
MYPN,16739,exact_symbol
MYPOP,16740,exact_symbol
MYRF,16741,exact_symbol
MYRFL,16742,exact_symbol
MYRIP,16743,exact_symbol
MYSM1,16744,exact_symbol
MYT1,16745,exact_symbol
MYT1L,16746,exact_symbol
MYZAP,16747,exact_symbol
MZB1,16748,exact_symbol
MZF1,16749,exact_symbol
MZT1,16750,exact_symbol
N4BP1,16755,exact_symbol
N4BP2,16756,exact_symbol
N4BP2L1,16757,exact_symbol
N4BP2L2,16758,exact_symbol
N4BP3,16759,exact_symbol
NAA10,16761,exact_symbol
NAA15,16763,exact_symbol
NAA16,16764,exact_symbol
NAA20,16765,exact_symbol
NAA25,16766,exact_symbol
NAA30,16767,exact_symbol
NAA35,16768,exact_symbol
NAA38,16769,exact_symbol
NAA40,16770,exact_symbol
NAA50,16771,exact_symbol
NAA60,16772,exact_symbol
NAA80,16860,hgnc_previous_symbol
NAAA,16773,exact_symbol
NAALAD2,16774,exact_symbol
NAALADL1,16775,exact_symbol
NAALADL2,16776,exact_symbol
NAB1,16777,exact_symbol
NAB2,16778,exact_symbol
NABP1,16779,exact_symbol
NABP2,16780,exact_symbol
NACAD,16784,exact_symbol
NACC1,16791,exact_symbol
NACC2,16792,exact_symbol
NADK,16793,exact_symbol
NADK2,16794,exact_symbol
NADSYN1,16795,exact_symbol
NAE1,16796,exact_symbol
NAF1,16797,exact_symbol
NAGA,16798,exact_symbol
NAGK,16799,exact_symbol
NAGLU,16800,exact_symbol
NAGPA,16801,exact_symbol
NAGS,16802,exact_symbol
NAIF1,16803,exact_symbol
NALCN,16805,exact_symbol
NALF1,9189,stable_id
NALF2,9190,stable_id
NAMPT,16806,exact_symbol
NANOS1,16825,exact_symbol
NANOS2,16826,exact_symbol
NANOS3,16827,exact_symbol
NANP,16828,exact_symbol
NANS,16829,exact_symbol
NAP1L1,16830,exact_symbol
NAP1L2,16834,exact_symbol
NAP1L3,16835,exact_symbol
NAP1L4,16836,exact_symbol
NAP1L5,16840,exact_symbol
NAPA,16842,exact_symbol
NAPB,16843,exact_symbol
NAPEPLD,16844,exact_symbol
NAPG,16845,exact_symbol
NAPRT,16846,exact_symbol
NAPSA,16847,exact_symbol
NARF,16849,exact_symbol
NARS2,16852,exact_symbol
NASP,16854,exact_symbol
NAT10,16856,exact_symbol
NAT14,16857,exact_symbol
NAT8L,16863,exact_symbol
NAT9,16864,exact_symbol
NATD1,16865,exact_symbol
NAV1,16867,exact_symbol
NAV2,16868,exact_symbol
NAV3,16869,exact_symbol
NAXD,16870,exact_symbol
NAXE,16871,exact_symbol
NBAS,16872,exact_symbol
NBDY,14603,hgnc_previous_symbol
NBEA,16873,exact_symbol
NBEAL1,16874,exact_symbol
NBEAL2,16875,exact_symbol
NBL1,16878,exact_symbol
NBN,16879,exact_symbol
NBR1,16902,exact_symbol
NCALD,16904,exact_symbol
NCAM1,16905,exact_symbol
NCAM2,16906,exact_symbol
NCAN,16907,exact_symbol
NCAPD2,16908,exact_symbol
NCAPD3,16910,exact_symbol
NCAPG,16911,exact_symbol
NCAPG2,16912,exact_symbol
NCAPH,16915,exact_symbol
NCAPH2,16916,exact_symbol
NCBP1,16917,exact_symbol
NCBP2,16918,exact_symbol
NCBP3,16921,exact_symbol
NCCRP1,16922,exact_symbol
NCDN,16923,exact_symbol
NCEH1,16924,exact_symbol
NCF1,16925,exact_symbol
NCF2,16928,exact_symbol
NCF4,16929,exact_symbol
NCK1,16930,exact_symbol
NCK2,16931,exact_symbol
NCKAP1,16932,exact_symbol
NCKAP1L,16933,exact_symbol
NCKAP5,16934,exact_symbol
NCKAP5L,16935,exact_symbol
NCKIPSD,16936,exact_symbol
NCL,16937,exact_symbol
NCLN,16938,exact_symbol
NCMAP,16941,exact_symbol
NCOA1,16942,exact_symbol
NCOA2,16943,exact_symbol
NCOA3,16944,exact_symbol
NCOA4,16945,exact_symbol
NCOA5,16946,exact_symbol
NCOA6,16947,exact_symbol
NCOA7,16948,exact_symbol
NCOR1,16949,exact_symbol
NCOR2,16953,exact_symbol
NCR1,16954,exact_symbol
NCS1,16958,exact_symbol
NCSTN,16959,exact_symbol
NDC1,16961,exact_symbol
NDC80,16962,exact_symbol
NDE1,16963,exact_symbol
NDEL1,16965,exact_symbol
NDFIP1,16966,exact_symbol
NDFIP2,16968,exact_symbol
NDN,16969,exact_symbol
NDNF,16970,exact_symbol
NDOR1,16971,exact_symbol
NDP,16972,exact_symbol
NDRG1,16973,exact_symbol
NDRG2,16974,exact_symbol
NDRG3,16975,exact_symbol
NDRG4,16976,exact_symbol
NDST1,16977,exact_symbol
NDST2,16978,exact_symbol
NDST3,16979,exact_symbol
NDST4,16980,exact_symbol
NDUFA1,16981,exact_symbol
NDUFA10,16982,exact_symbol
NDUFA11,16983,exact_symbol
NDUFA12,16984,exact_symbol
NDUFA13,16986,exact_symbol
NDUFA2,16987,exact_symbol
NDUFA3,16988,exact_symbol
NDUFA4,16994,exact_symbol
NDUFA4L2,16995,exact_symbol
NDUFA5,16997,exact_symbol
NDUFA6,17010,exact_symbol
NDUFA7,17011,exact_symbol
NDUFA8,17012,exact_symbol
NDUFA9,17014,exact_symbol
NDUFAB1,17016,exact_symbol
NDUFAF1,17018,exact_symbol
NDUFAF2,17019,exact_symbol
NDUFAF3,17020,exact_symbol
NDUFAF4,17021,exact_symbol
NDUFAF5,17026,exact_symbol
NDUFAF6,17027,exact_symbol
NDUFAF7,17028,exact_symbol
NDUFAF8,3898,hgnc_previous_symbol
NDUFB1,17029,exact_symbol
NDUFB10,17030,exact_symbol
NDUFB2,17037,exact_symbol
NDUFB3,17039,exact_symbol
NDUFB4,17040,exact_symbol
NDUFB5,17053,exact_symbol
NDUFB6,17056,exact_symbol
NDUFB7,17057,exact_symbol
NDUFB8,17058,exact_symbol
NDUFB9,17061,exact_symbol
NDUFC1,17065,exact_symbol
NDUFC2,17066,exact_symbol
NDUFS1,17068,exact_symbol
NDUFS2,17069,exact_symbol
NDUFS3,17070,exact_symbol
NDUFS4,17071,exact_symbol
NDUFS5,17072,exact_symbol
NDUFS6,17079,exact_symbol
NDUFS7,17081,exact_symbol
NDUFS8,17082,exact_symbol
NDUFV1,17083,exact_symbol
NDUFV2,17084,exact_symbol
NDUFV3,17086,exact_symbol
NEB,17087,exact_symbol
NEBL,17088,exact_symbol
NECAB1,17089,exact_symbol
NECAB2,17090,exact_symbol
NECAB3,17091,exact_symbol
NECAP1,17092,exact_symbol
NECAP2,17095,exact_symbol
NECTIN1,17096,exact_symbol
NECTIN2,17097,exact_symbol
NECTIN3,17098,exact_symbol
NECTIN4,17099,exact_symbol
NEDD1,17100,exact_symbol
NEDD4,17101,exact_symbol
NEDD4L,17102,exact_symbol
NEDD8,17103,exact_symbol
NEDD9,17105,exact_symbol
NEFH,17106,exact_symbol
NEFL,17108,exact_symbol
NEGR1,17112,exact_symbol
NEIL1,17113,exact_symbol
NEIL2,17114,exact_symbol
NEIL3,17115,exact_symbol
NEK1,17116,exact_symbol
NEK10,17117,exact_symbol
NEK11,17118,exact_symbol
NEK2,17119,exact_symbol
NEK3,17122,exact_symbol
NEK4,17123,exact_symbol
NEK5,17127,exact_symbol
NEK6,17128,exact_symbol
NEK7,17129,exact_symbol
NEK8,17130,exact_symbol
NEK9,17131,exact_symbol
NELFA,17132,exact_symbol
NELFB,17133,exact_symbol
NELFCD,17134,exact_symbol
NELFE,17135,exact_symbol
NELL1,17136,exact_symbol
NELL2,17137,exact_symbol
NEMF,17138,exact_symbol
NEMP1,17139,exact_symbol
NEMP2,17140,exact_symbol
NENF,17141,exact_symbol
NEO1,17145,exact_symbol
NEPRO,17147,exact_symbol
NES,17148,exact_symbol
NET1,17149,exact_symbol
NETO1,17150,exact_symbol
NETO2,17151,exact_symbol
NEU1,17152,exact_symbol
NEU2,17153,exact_symbol
NEU3,17154,exact_symbol
NEU4,17155,exact_symbol
NEURL1,17156,exact_symbol
NEURL1B,17157,exact_symbol
NEURL2,17158,exact_symbol
NEURL3,17159,exact_symbol
NEURL4,17160,exact_symbol
NEUROD1,17161,exact_symbol
NEUROD2,17162,exact_symbol
NEUROD4,17163,exact_symbol
NEUROD6,17164,exact_symbol
NEUROG1,17165,exact_symbol
NEUROG2,17166,exact_symbol
NEUROG3,17167,exact_symbol
NEXMIF,13709,hgnc_previous_symbol
NEXN,17168,exact_symbol
NF1,17169,exact_symbol
NF2,17182,exact_symbol
NFASC,17184,exact_symbol
NFAT5,17185,exact_symbol
NFATC1,17186,exact_symbol
NFATC2,17187,exact_symbol
NFATC2IP,17188,exact_symbol
NFATC3,17189,exact_symbol
NFATC4,17190,exact_symbol
NFE2,17191,exact_symbol
NFE2L1,17192,exact_symbol
NFE2L2,17193,exact_symbol
NFE2L3,17194,exact_symbol
NFIA,17196,exact_symbol
NFIB,17197,exact_symbol
NFIC,17198,exact_symbol
NFIL3,17199,exact_symbol
NFIX,17200,exact_symbol
NFKB1,17201,exact_symbol
NFKB2,17202,exact_symbol
NFKBIA,17203,exact_symbol
NFKBIB,17204,exact_symbol
NFKBID,17205,exact_symbol
NFKBIE,17206,exact_symbol
NFKBIL1,17207,exact_symbol
NFKBIZ,17208,exact_symbol
NFRKB,17209,exact_symbol
NFS1,17210,exact_symbol
NFU1,17211,exact_symbol
NFX1,17214,exact_symbol
NFXL1,17215,exact_symbol
NFYA,17216,exact_symbol
NFYB,17218,exact_symbol
NFYC,17219,exact_symbol
NGB,17220,exact_symbol
NGDN,17221,exact_symbol
NGEF,17222,exact_symbol
NGF,17223,exact_symbol
NGFR,17224,exact_symbol
NGLY1,17225,exact_symbol
NGRN,17226,exact_symbol
NHEJ1,17227,exact_symbol
NHLH1,17228,exact_symbol
NHLH2,17229,exact_symbol
NHLRC1,17230,exact_symbol
NHLRC2,17231,exact_symbol
NHLRC3,17232,exact_symbol
NHLRC4,17233,exact_symbol
NHP2,17234,exact_symbol
NHS,17237,exact_symbol
NHSL1,17238,exact_symbol
NHSL2,17239,exact_symbol
NIBAN1,9158,hgnc_previous_symbol
NIBAN2,9159,hgnc_previous_symbol
NIBAN3,9160,hgnc_previous_symbol
NICN1,17240,exact_symbol
NID1,17241,exact_symbol
NID2,17242,exact_symbol
NIF3L1,17243,exact_symbol
NIFK,17244,exact_symbol
NIM1K,17253,exact_symbol
NIN,17254,exact_symbol
NINJ1,17255,exact_symbol
NINJ2,17256,exact_symbol
NINL,17257,exact_symbol
NIP7,17258,exact_symbol
NIPA1,17262,exact_symbol
NIPA2,17263,exact_symbol
NIPAL1,17268,exact_symbol
NIPAL2,17269,exact_symbol
NIPAL3,17270,exact_symbol
NIPAL4,17271,exact_symbol
NIPBL,17272,exact_symbol
NIPSNAP1,17273,exact_symbol
NIPSNAP2,10369,hgnc_previous_symbol
NISCH,17276,exact_symbol
NIT1,17277,exact_symbol
NIT2,17278,exact_symbol
NKAIN1,17279,exact_symbol
NKAIN2,17281,exact_symbol
NKAIN3,17282,exact_symbol
NKAIN4,17283,exact_symbol
NKAP,17284,exact_symbol
NKAPD1,3790,hgnc_previous_symbol
NKAPL,17285,exact_symbol
NKD1,17287,exact_symbol
NKD2,17288,exact_symbol
NKG7,17289,exact_symbol
NKIRAS1,17290,exact_symbol
NKIRAS2,17291,exact_symbol
NKPD1,17292,exact_symbol
NKRF,17293,exact_symbol
NKTR,17294,exact_symbol
NKX1-1,17295,exact_symbol
NKX1-2,17296,exact_symbol
NKX2-1,17297,exact_symbol
NKX2-2,17298,exact_symbol
NKX2-3,17299,exact_symbol
NKX2-4,17300,exact_symbol
NKX2-5,17301,exact_symbol
NKX2-6,17302,exact_symbol
NKX2-8,17303,exact_symbol
NKX3-1,17304,exact_symbol
NKX3-2,17305,exact_symbol
NKX6-1,17306,exact_symbol
NKX6-2,17307,exact_symbol
NKX6-3,17308,exact_symbol
NLE1,17309,exact_symbol
NLGN1,17310,exact_symbol
NLGN2,17311,exact_symbol
NLGN3,17312,exact_symbol
NLK,17315,exact_symbol
NLN,17316,exact_symbol
NLRC3,17317,exact_symbol
NLRC4,17318,exact_symbol
NLRC5,17319,exact_symbol
NLRP10,17321,exact_symbol
NLRP12,17323,exact_symbol
NLRP14,17325,exact_symbol
NLRP3,17328,exact_symbol
NLRP6,17332,exact_symbol
NLRX1,17337,exact_symbol
NMB,17338,exact_symbol
NMBR,17339,exact_symbol
NMD3,17340,exact_symbol
NME1,17343,exact_symbol
NME2,17346,exact_symbol
NME3,17348,exact_symbol
NME4,17349,exact_symbol
NME5,17350,exact_symbol
NME6,17351,exact_symbol
NME7,17352,exact_symbol
NME8,17353,exact_symbol
NME9,17354,exact_symbol
NMI,17355,exact_symbol
NMNAT1,17356,exact_symbol
NMNAT2,17362,exact_symbol
NMNAT3,17363,exact_symbol
NMRAL1,17364,exact_symbol
NMRK1,17365,exact_symbol
NMRK2,17366,exact_symbol
NMS,17367,exact_symbol
NMT1,17368,exact_symbol
NMT2,17369,exact_symbol
NMU,17372,exact_symbol
NMUR1,17373,exact_symbol
NMUR2,17374,exact_symbol
NNMT,17376,exact_symbol
NOA1,17378,exact_symbol
NOB1,17379,exact_symbol
NOC2L,17381,exact_symbol
NOC3L,17384,exact_symbol
NOC4L,17385,exact_symbol
NOCT,17386,exact_symbol
NOD1,17387,exact_symbol
NOD2,17388,exact_symbol
NODAL,17389,exact_symbol
NOG,17390,exact_symbol
NOL10,17391,exact_symbol
NOL11,17392,exact_symbol
NOL12,17393,exact_symbol
NOL3,17394,exact_symbol
NOL4,17395,exact_symbol
NOL4L,17396,exact_symbol
NOL6,17397,exact_symbol
NOL7,17398,exact_symbol
NOL8,17399,exact_symbol
NOL9,17401,exact_symbol
NOLC1,17402,exact_symbol
NOM1,17403,exact_symbol
NONO,17407,exact_symbol
NOP10,17409,exact_symbol
NOP14,17410,exact_symbol
NOP16,17411,exact_symbol
NOP2,17412,exact_symbol
NOP53,10628,hgnc_previous_symbol
NOP56,17413,exact_symbol
NOP58,17417,exact_symbol
NOP9,17418,exact_symbol
NOPCHAP1,3816,stable_id
NOS1,17419,exact_symbol
NOS1AP,17420,exact_symbol
NOS2,17421,exact_symbol
NOS3,17426,exact_symbol
NOSIP,17427,exact_symbol
NOSTRIN,17428,exact_symbol
NOTCH1,17429,exact_symbol
NOTCH2,17430,exact_symbol
NOTCH3,17433,exact_symbol
NOTO,17435,exact_symbol
NOTUM,17436,exact_symbol
NOVA1,17438,exact_symbol
NOVA2,17439,exact_symbol
NOX1,17440,exact_symbol
NOX3,17441,exact_symbol
NOX4,17442,exact_symbol
NOXA1,17444,exact_symbol
NOXO1,17445,exact_symbol
NOXRED1,17446,exact_symbol
NPAS1,17453,exact_symbol
NPAS2,17454,exact_symbol
NPAS3,17455,exact_symbol
NPAS4,17456,exact_symbol
NPAT,17457,exact_symbol
NPB,17458,exact_symbol
NPBWR1,17459,exact_symbol
NPC1,17461,exact_symbol
NPC1L1,17462,exact_symbol
NPC2,17463,exact_symbol
NPDC1,17464,exact_symbol
NPEPL1,17465,exact_symbol
NPEPPS,17466,exact_symbol
NPFF,17467,exact_symbol
NPFFR1,17468,exact_symbol
NPFFR2,17469,exact_symbol
NPHP1,17470,exact_symbol
NPHP3,17471,exact_symbol
NPHP4,17473,exact_symbol
NPHS1,17474,exact_symbol
NPHS2,17475,exact_symbol
NPL,17493,exact_symbol
NPLOC4,17494,exact_symbol
NPM2,17541,exact_symbol
NPM3,17542,exact_symbol
NPNT,17543,exact_symbol
NPPA,17544,exact_symbol
NPPC,17546,exact_symbol
NPR1,17547,exact_symbol
NPR2,17548,exact_symbol
NPR3,17549,exact_symbol
NPRL2,17550,exact_symbol
NPRL3,17551,exact_symbol
NPS,17552,exact_symbol
NPSR1,17553,exact_symbol
NPTN,17554,exact_symbol
NPTX1,17555,exact_symbol
NPTX2,17556,exact_symbol
NPTXR,17557,exact_symbol
NPVF,17558,exact_symbol
NPW,17559,exact_symbol
NPY,17560,exact_symbol
NPY1R,17561,exact_symbol
NPY2R,17562,exact_symbol
NPY5R,17564,exact_symbol
NQO1,17566,exact_symbol
NQO2,17567,exact_symbol
NR0B1,17568,exact_symbol
NR0B2,17569,exact_symbol
NR1D1,17570,exact_symbol
NR1D2,17571,exact_symbol
NR1H2,17572,exact_symbol
NR1H3,17573,exact_symbol
NR1H4,17574,exact_symbol
NR1I2,17576,exact_symbol
NR1I3,17577,exact_symbol
NR2C1,17578,exact_symbol
NR2C2,17579,exact_symbol
NR2C2AP,17580,exact_symbol
NR2E1,17581,exact_symbol
NR2E3,17582,exact_symbol
NR2F1,17583,exact_symbol
NR2F2,17584,exact_symbol
NR2F6,17585,exact_symbol
NR3C1,17586,exact_symbol
NR3C2,17587,exact_symbol
NR4A1,17588,exact_symbol
NR4A2,17589,exact_symbol
NR4A3,17590,exact_symbol
NR5A1,17591,exact_symbol
NR5A2,17592,exact_symbol
NR6A1,17593,exact_symbol
NRAP,17595,exact_symbol
NRARP,17596,exact_symbol
NRAS,17597,exact_symbol
NRBF2,17598,exact_symbol
NRBP1,17604,exact_symbol
NRBP2,17605,exact_symbol
NRCAM,17606,exact_symbol
NRDE2,17608,exact_symbol
NREP,17609,exact_symbol
NRF1,17610,exact_symbol
NRG2,17612,exact_symbol
NRG3,17613,exact_symbol
NRG4,17614,exact_symbol
NRGN,17615,exact_symbol
NRIP1,17616,exact_symbol
NRIP2,17617,exact_symbol
NRIP3,17618,exact_symbol
NRK,17619,exact_symbol
NRL,17620,exact_symbol
NRM,17621,exact_symbol
NRN1,17622,exact_symbol
NRN1L,17623,exact_symbol
NRP1,17624,exact_symbol
NRP2,17625,exact_symbol
NRROS,17626,exact_symbol
NRSN1,17627,exact_symbol
NRSN2,17628,exact_symbol
NRTN,17629,exact_symbol
NRXN1,17630,exact_symbol
NRXN2,17631,exact_symbol
NRXN3,17632,exact_symbol
NSA2,17633,exact_symbol
NSD1,17634,exact_symbol
NSD2,34025,hgnc_previous_symbol
NSD3,34026,hgnc_previous_symbol
NSDHL,17635,exact_symbol
NSF,17636,exact_symbol
NSFL1C,17637,exact_symbol
NSG1,17639,exact_symbol
NSG2,-1,missing
NSL1,17640,exact_symbol
NSMAF,17641,exact_symbol
NSMCE1,17642,exact_symbol
NSMCE2,17643,exact_symbol
NSMCE4A,17645,exact_symbol
NSMF,17646,exact_symbol
NSRP1,17647,exact_symbol
NSUN2,17649,exact_symbol
NSUN3,17650,exact_symbol
NSUN5,17652,exact_symbol
NSUN6,17655,exact_symbol
NSUN7,17656,exact_symbol
NT5C,17657,exact_symbol
NT5C1A,17658,exact_symbol
NT5C1B,17659,exact_symbol
NT5C2,17661,exact_symbol
NT5C3A,17662,exact_symbol
NT5C3B,17664,exact_symbol
NT5DC1,17667,exact_symbol
NT5DC2,17668,exact_symbol
NT5DC3,17669,exact_symbol
NT5E,17671,exact_symbol
NT5M,17672,exact_symbol
NTAN1,17673,exact_symbol
NTF3,17676,exact_symbol
NTF4,17677,exact_symbol
NTHL1,17681,exact_symbol
NTM,17682,exact_symbol
NTMT1,17683,exact_symbol
NTN1,17684,exact_symbol
NTN3,17685,exact_symbol
NTN4,17686,exact_symbol
NTN5,17687,exact_symbol
NTNG1,17688,exact_symbol
NTNG2,17689,exact_symbol
NTPCR,17690,exact_symbol
NTRK1,17691,exact_symbol
NTRK2,17692,exact_symbol
NTRK3,17693,exact_symbol
NTS,17694,exact_symbol
NTSR1,17695,exact_symbol
NTSR2,17696,exact_symbol
NUAK1,17697,exact_symbol
NUAK2,17698,exact_symbol
NUB1,17699,exact_symbol
NUBP1,17700,exact_symbol
NUBP2,17701,exact_symbol
NUBPL,17702,exact_symbol
NUCB1,17703,exact_symbol
NUCB2,17704,exact_symbol
NUCKS1,17705,exact_symbol
NUDC,17707,exact_symbol
NUDCD1,17708,exact_symbol
NUDCD2,17709,exact_symbol
NUDCD3,17710,exact_symbol
NUDT1,17711,exact_symbol
NUDT12,17714,exact_symbol
NUDT13,17715,exact_symbol
NUDT14,17716,exact_symbol
NUDT15,17717,exact_symbol
NUDT16L1,17719,exact_symbol
NUDT17,17721,exact_symbol
NUDT18,17722,exact_symbol
NUDT19,17723,exact_symbol
NUDT2,17727,exact_symbol
NUDT21,17728,exact_symbol
NUDT22,17729,exact_symbol
NUDT3,17730,exact_symbol
NUDT5,17734,exact_symbol
NUDT6,17735,exact_symbol
NUDT7,17736,exact_symbol
NUDT9,17738,exact_symbol
NUF2,17739,exact_symbol
NUFIP1,17740,exact_symbol
NUFIP2,17742,exact_symbol
NUMA1,17744,exact_symbol
NUMB,17745,exact_symbol
NUMBL,17746,exact_symbol
NUP107,17747,exact_symbol
NUP133,17748,exact_symbol
NUP153,17749,exact_symbol
NUP155,17750,exact_symbol
NUP160,17751,exact_symbol
NUP188,17752,exact_symbol
NUP205,17753,exact_symbol
NUP210,17754,exact_symbol
NUP210L,17755,exact_symbol
NUP214,17759,exact_symbol
NUP35,17760,exact_symbol
NUP37,17761,exact_symbol
NUP43,17762,exact_symbol
NUP54,17764,exact_symbol
NUP58,17765,exact_symbol
NUP62,17767,exact_symbol
NUP85,17769,exact_symbol
NUP88,17770,exact_symbol
NUP93,17771,exact_symbol
NUP98,17772,exact_symbol
NUPR1,17774,exact_symbol
NUS1,17776,exact_symbol
NUSAP1,17781,exact_symbol
NUTM1,17790,exact_symbol
NVL,17798,exact_symbol
NWD1,17799,exact_symbol
NWD2,17800,exact_symbol
NXF1,17801,exact_symbol
NXN,17807,exact_symbol
NXNL1,17808,exact_symbol
NXNL2,17809,exact_symbol
NXPE2,17812,exact_symbol
NXPE3,17814,exact_symbol
NXPE4,17815,exact_symbol
NXPH1,17816,exact_symbol
NXPH2,17817,exact_symbol
NXPH3,17818,exact_symbol
NXPH4,17819,exact_symbol
NXT1,17820,exact_symbol
NXT2,17822,exact_symbol
NYAP1,17823,exact_symbol
NYAP2,17824,exact_symbol
NYNRIN,17825,exact_symbol
NYX,17826,exact_symbol
OAF,17828,exact_symbol
OARD1,17829,exact_symbol
OAS2,17831,exact_symbol
OAS3,17832,exact_symbol
OASL,17833,exact_symbol
OAT,17834,exact_symbol
OAZ1,17835,exact_symbol
OAZ2,17836,exact_symbol
OAZ3,17837,exact_symbol
OBI1,21892,hgnc_previous_symbol
OBSCN,17841,exact_symbol
OBSL1,17842,exact_symbol
OC90,17843,exact_symbol
OCA2,17844,exact_symbol
OCIAD1,17846,exact_symbol
OCIAD2,17847,exact_symbol
OCLN,17849,exact_symbol
OCRL,17852,exact_symbol
OCSTAMP,17853,exact_symbol
ODAD2,2785,hgnc_previous_symbol
ODAD3,4569,hgnc_previous_symbol
ODAD4,32905,hgnc_previous_symbol
ODAM,17854,exact_symbol
ODAPH,4116,hgnc_previous_symbol
ODC1,17855,exact_symbol
ODF1,17857,exact_symbol
ODF2,17858,exact_symbol
ODF2L,17859,exact_symbol
ODR4,4006,hgnc_previous_symbol
OFD1,17866,exact_symbol
OGA,15583,hgnc_previous_symbol
OGDH,17884,exact_symbol
OGDHL,17885,exact_symbol
OGFOD1,17886,exact_symbol
OGFOD2,17888,exact_symbol
OGFOD3,17889,exact_symbol
OGFRL1,17891,exact_symbol
OGG1,17892,exact_symbol
OGN,17893,exact_symbol
OGT,17894,exact_symbol
OIP5,17895,exact_symbol
OIT3,17896,exact_symbol
OLA1,17897,exact_symbol
OLAH,17901,exact_symbol
OLFM1,17902,exact_symbol
OLFM2,17903,exact_symbol
OLFM3,17904,exact_symbol
OLFM4,17905,exact_symbol
OLFML2A,17908,exact_symbol
OLFML2B,17909,exact_symbol
OLFML3,17910,exact_symbol
OLIG1,17911,exact_symbol
OLIG2,17912,exact_symbol
OLIG3,17913,exact_symbol
OMA1,17915,exact_symbol
OMD,17916,exact_symbol
OMG,17917,exact_symbol
OMP,17918,exact_symbol
ONECUT1,17919,exact_symbol
ONECUT2,17920,exact_symbol
ONECUT3,17921,exact_symbol
OPA1,17927,exact_symbol
OPA3,17928,exact_symbol
OPALIN,17929,exact_symbol
OPCML,17930,exact_symbol
OPHN1,17931,exact_symbol
OPLAH,17932,exact_symbol
OPN1SW,17937,exact_symbol
OPN3,17938,exact_symbol
OPN4,17939,exact_symbol
OPN5,17940,exact_symbol
OPRD1,17941,exact_symbol
OPRK1,17942,exact_symbol
OPRL1,17943,exact_symbol
OPRM1,17944,exact_symbol
OPTC,17946,exact_symbol
OPTN,17947,exact_symbol
ORAI1,18800,exact_symbol
ORAI2,18801,exact_symbol
ORAI3,18802,exact_symbol
ORC1,18805,exact_symbol
ORC2,18806,exact_symbol
ORC3,18807,exact_symbol
ORC4,18808,exact_symbol
ORC5,18809,exact_symbol
ORC6,18810,exact_symbol
ORMDL1,18813,exact_symbol
ORMDL2,18814,exact_symbol
ORMDL3,18815,exact_symbol
OS9,18816,exact_symbol
OSBP,18817,exact_symbol
OSBP2,18818,exact_symbol
OSBPL10,18819,exact_symbol
OSBPL11,18820,exact_symbol
OSBPL1A,18821,exact_symbol
OSBPL2,18822,exact_symbol
OSBPL3,18823,exact_symbol
OSBPL5,18824,exact_symbol
OSBPL6,18825,exact_symbol
OSBPL7,18826,exact_symbol
OSBPL8,18827,exact_symbol
OSBPL9,18828,exact_symbol
OSCAR,18834,exact_symbol
OSCP1,18835,exact_symbol
OSER1,18836,exact_symbol
OSGEP,18837,exact_symbol
OSGEPL1,18838,exact_symbol
OSGIN1,18839,exact_symbol
OSGIN2,18840,exact_symbol
OSMR,18842,exact_symbol
OSR1,18843,exact_symbol
OSR2,18844,exact_symbol
OST4,18845,exact_symbol
OSTC,18846,exact_symbol
OSTF1,18853,exact_symbol
OSTM1,18855,exact_symbol
OSTN,18856,exact_symbol
OTC,18857,exact_symbol
OTOA,18858,exact_symbol
OTOF,18859,exact_symbol
OTOG,18860,exact_symbol
OTOGL,18861,exact_symbol
OTOL1,18862,exact_symbol
OTOP1,18863,exact_symbol
OTOP2,18864,exact_symbol
OTOP3,18865,exact_symbol
OTOR,18866,exact_symbol
OTOS,18867,exact_symbol
OTP,18868,exact_symbol
OTUB1,18869,exact_symbol
OTUB2,18870,exact_symbol
OTUD1,18871,exact_symbol
OTUD3,18872,exact_symbol
OTUD4,18873,exact_symbol
OTUD5,18875,exact_symbol
OTUD6A,18876,exact_symbol
OTUD6B,18877,exact_symbol
OTUD7A,18878,exact_symbol
OTUD7B,18879,exact_symbol
OTULIN,18880,exact_symbol
OTULINL,9124,hgnc_previous_symbol
OTX1,18881,exact_symbol
OTX2,18882,exact_symbol
OVCA2,18884,exact_symbol
OVCH2,18886,exact_symbol
OVGP1,18887,exact_symbol
OVOL1,18888,exact_symbol
OVOL2,18889,exact_symbol
OVOL3,18890,exact_symbol
OXA1L,18892,exact_symbol
OXCT1,18893,exact_symbol
OXGR1,18897,exact_symbol
OXR1,18900,exact_symbol
OXSM,18901,exact_symbol
OXSR1,18902,exact_symbol
OXT,18903,exact_symbol
OXTR,18904,exact_symbol
P2RX1,18905,exact_symbol
P2RX2,18906,exact_symbol
P2RX3,18907,exact_symbol
P2RX4,18908,exact_symbol
P2RX5,18909,exact_symbol
P2RX6,18911,exact_symbol
P2RX7,18913,exact_symbol
P2RY1,18914,exact_symbol
P2RY10,18915,exact_symbol
P2RY12,18918,exact_symbol
P2RY13,18919,exact_symbol
P2RY14,18920,exact_symbol
P2RY2,18921,exact_symbol
P2RY4,18922,exact_symbol
P2RY6,18923,exact_symbol
P3H1,18925,exact_symbol
P3H2,18926,exact_symbol
P3H3,18927,exact_symbol
P3H4,18928,exact_symbol
P3R3URF,-1,missing
P4HA1,18929,exact_symbol
P4HA2,18930,exact_symbol
P4HA3,18931,exact_symbol
P4HB,18932,exact_symbol
P4HTM,18933,exact_symbol
PA2G4,18934,exact_symbol
PABPC1L,18941,exact_symbol
PABPC4,18958,exact_symbol
PABPC4L,18959,exact_symbol
PABPC5,18960,exact_symbol
PABPN1,18961,exact_symbol
PABPN1L,18962,exact_symbol
PACC1,31835,hgnc_previous_symbol
PACRG,18963,exact_symbol
PACRGL,18964,exact_symbol
PACS1,18965,exact_symbol
PACS2,18966,exact_symbol
PACSIN1,18967,exact_symbol
PACSIN2,18968,exact_symbol
PACSIN3,18969,exact_symbol
PADI1,18970,exact_symbol
PADI2,18971,exact_symbol
PADI3,18972,exact_symbol
PADI4,18973,exact_symbol
PADI6,18974,exact_symbol
PAF1,18976,exact_symbol
PAFAH1B1,18977,exact_symbol
PAFAH1B2,18978,exact_symbol
PAFAH1B3,18979,exact_symbol
PAFAH2,18980,exact_symbol
PAG1,18981,exact_symbol
PAH,18989,exact_symbol
PAICS,18990,exact_symbol
PAIP1,18998,exact_symbol
PAIP2,19000,exact_symbol
PAIP2B,19001,exact_symbol
PAK1,19002,exact_symbol
PAK1IP1,19003,exact_symbol
PAK2,19004,exact_symbol
PAK3,19005,exact_symbol
PAK4,19006,exact_symbol
PAK5,19007,exact_symbol
PAK6,19008,exact_symbol
PALB2,19009,exact_symbol
PALD1,19010,exact_symbol
PALLD,19011,exact_symbol
PALM,19012,exact_symbol
PALM2AKAP2,19014,hgnc_previous_symbol
PALM3,19015,exact_symbol
PALMD,19016,exact_symbol
PALS1,15814,stable_id
PALS2,15815,stable_id
PAM,19017,exact_symbol
PAMR1,19019,exact_symbol
PAN2,19020,exact_symbol
PAN3,19021,exact_symbol
PANK1,19022,exact_symbol
PANK2,19023,exact_symbol
PANK3,19024,exact_symbol
PANK4,19025,exact_symbol
PANX1,19027,exact_symbol
PANX2,19028,exact_symbol
PANX3,19029,exact_symbol
PAOX,19030,exact_symbol
PAPLN,19034,exact_symbol
PAPOLA,19035,exact_symbol
PAPOLB,19036,exact_symbol
PAPOLG,19037,exact_symbol
PAPPA,19038,exact_symbol
PAPPA2,19039,exact_symbol
PAPSS1,19040,exact_symbol
PAPSS2,19041,exact_symbol
PAQR3,19042,exact_symbol
PAQR4,19043,exact_symbol
PAQR5,19044,exact_symbol
PAQR6,19045,exact_symbol
PAQR7,19046,exact_symbol
PAQR8,19047,exact_symbol
PAQR9,19048,exact_symbol
PARD3,19049,exact_symbol
PARD3B,19050,exact_symbol
PARD6A,19051,exact_symbol
PARD6B,19052,exact_symbol
PARD6G,19053,exact_symbol
PARG,19054,exact_symbol
PARK7,19057,exact_symbol
PARL,19058,exact_symbol
PARM1,19059,exact_symbol
PARN,19060,exact_symbol
PARP1,19061,exact_symbol
PARP10,19062,exact_symbol
PARP11,19063,exact_symbol
PARP12,19064,exact_symbol
PARP14,19065,exact_symbol
PARP16,19067,exact_symbol
PARP2,19070,exact_symbol
PARP3,19071,exact_symbol
PARP4,19072,exact_symbol
PARP6,19076,exact_symbol
PARP8,19077,exact_symbol
PARP9,19078,exact_symbol
PARPBP,19079,exact_symbol
PARS2,19080,exact_symbol
PARVA,19081,exact_symbol
PARVB,19082,exact_symbol
PARVG,19083,exact_symbol
PASK,19085,exact_symbol
PATE1,19086,exact_symbol
PATE3,19088,exact_symbol
PATJ,19090,exact_symbol
PATL1,19091,exact_symbol
PATL2,19092,exact_symbol
PATZ1,19093,exact_symbol
PAWR,19094,exact_symbol
PAX1,19096,exact_symbol
PAX2,19097,exact_symbol
PAX3,19098,exact_symbol
PAX4,19099,exact_symbol
PAX5,19100,exact_symbol
PAX6,19101,exact_symbol
PAX7,19102,exact_symbol
PAX8,19103,exact_symbol
PAX9,19104,exact_symbol
PAXBP1,19105,exact_symbol
PAXIP1,19107,exact_symbol
PAXX,4216,hgnc_previous_symbol
PBDC1,19108,exact_symbol
PBK,19109,exact_symbol
PBRM1,19112,exact_symbol
PBX1,19113,exact_symbol
PBX2,19114,exact_symbol
PBX3,19116,exact_symbol
PBX4,19117,exact_symbol
PBXIP1,19118,exact_symbol
PC,19119,exact_symbol
PCARE,4075,hgnc_previous_symbol
PCBD1,19120,exact_symbol
PCBD2,19121,exact_symbol
PCBP1,19122,exact_symbol
PCBP2,19123,exact_symbol
PCBP3,19126,exact_symbol
PCBP4,19127,exact_symbol
PCCA,19128,exact_symbol
PCCB,19129,exact_symbol
PCDH1,19130,exact_symbol
PCDH10,19131,exact_symbol
PCDH12,19134,exact_symbol
PCDH15,19135,exact_symbol
PCDH17,19136,exact_symbol
PCDH18,19137,exact_symbol
PCDH19,19138,exact_symbol
PCDH20,19139,exact_symbol
PCDH7,19140,exact_symbol
PCDH8,19141,exact_symbol
PCDH9,19143,exact_symbol
PCDHA1,19144,exact_symbol
PCDHA10,19145,exact_symbol
PCDHA11,19146,exact_symbol
PCDHA13,19148,exact_symbol
PCDHA2,19150,exact_symbol
PCDHA3,19151,exact_symbol
PCDHA5,19153,exact_symbol
PCDHAC1,19158,exact_symbol
PCDHAC2,19159,exact_symbol
PCDHB1,19160,exact_symbol
PCDHB13,19164,exact_symbol
PCDHB14,19165,exact_symbol
PCDHB15,19166,exact_symbol
PCDHB16,19167,exact_symbol
PCDHB2,19171,exact_symbol
PCDHB3,19172,exact_symbol
PCDHB6,19175,exact_symbol
PCDHB7,19176,exact_symbol
PCDHGA1,19179,exact_symbol
PCDHGA10,19180,exact_symbol
PCDHGA11,19181,exact_symbol
PCDHGA12,19182,exact_symbol
PCDHGA2,19183,exact_symbol
PCDHGA3,19184,exact_symbol
PCDHGA4,19185,exact_symbol
PCDHGA5,19186,exact_symbol
PCDHGA6,19187,exact_symbol
PCDHGA7,19188,exact_symbol
PCDHGA8,19189,exact_symbol
PCDHGA9,19190,exact_symbol
PCDHGB1,19191,exact_symbol
PCDHGB2,19192,exact_symbol
PCDHGB4,19194,exact_symbol
PCDHGB5,19195,exact_symbol
PCDHGB6,19196,exact_symbol
PCDHGB7,19197,exact_symbol
PCDHGC3,19200,exact_symbol
PCDHGC4,19201,exact_symbol
PCDHGC5,19202,exact_symbol
PCED1A,19203,exact_symbol
PCED1B,19204,exact_symbol
PCF11,19206,exact_symbol
PCGF1,19207,exact_symbol
PCGF2,19208,exact_symbol
PCGF3,19209,exact_symbol
PCGF5,19210,exact_symbol
PCGF6,19211,exact_symbol
PCID2,19213,exact_symbol
PCIF1,19214,exact_symbol
PCK1,19215,exact_symbol
PCK2,19216,exact_symbol
PCLAF,13648,hgnc_previous_symbol
PCLO,19217,exact_symbol
PCM1,19218,exact_symbol
PCMT1,19219,exact_symbol
PCMTD1,19220,exact_symbol
PCMTD2,19225,exact_symbol
PCNA,19226,exact_symbol
PCNP,19230,exact_symbol
PCNT,19236,exact_symbol
PCNX2,19238,exact_symbol
PCNX3,19239,exact_symbol
PCNX4,19240,exact_symbol
PCOLCE,19241,exact_symbol
PCOLCE2,19242,exact_symbol
PCP2,19243,exact_symbol
PCP4,19244,exact_symbol
PCP4L1,19245,exact_symbol
PCSK1,19246,exact_symbol
PCSK1N,19247,exact_symbol
PCSK2,19248,exact_symbol
PCSK4,19249,exact_symbol
PCSK5,19250,exact_symbol
PCSK6,19251,exact_symbol
PCSK7,19252,exact_symbol
PCSK9,19253,exact_symbol
PCTP,19254,exact_symbol
PCYOX1,19255,exact_symbol
PCYOX1L,19256,exact_symbol
PCYT1A,19257,exact_symbol
PCYT1B,19258,exact_symbol
PCYT2,19259,exact_symbol
PDAP1,19260,exact_symbol
PDC,19261,exact_symbol
PDCD1,19262,exact_symbol
PDCD10,19263,exact_symbol
PDCD11,19264,exact_symbol
PDCD1LG2,19265,exact_symbol
PDCD2,19266,exact_symbol
PDCD2L,19267,exact_symbol
PDCD4,19268,exact_symbol
PDCD5,19269,exact_symbol
PDCD6,19272,exact_symbol
PDCD7,19276,exact_symbol
PDCL,19277,exact_symbol
PDCL2,19278,exact_symbol
PDCL3,19281,exact_symbol
PDE10A,19289,exact_symbol
PDE11A,19290,exact_symbol
PDE12,19291,exact_symbol
PDE1A,19292,exact_symbol
PDE1B,19293,exact_symbol
PDE1C,19294,exact_symbol
PDE2A,19295,exact_symbol
PDE3A,19296,exact_symbol
PDE3B,19297,exact_symbol
PDE4A,19298,exact_symbol
PDE4B,19299,exact_symbol
PDE4C,19300,exact_symbol
PDE4D,19301,exact_symbol
PDE4DIP,19302,exact_symbol
PDE5A,19304,exact_symbol
PDE6A,19305,exact_symbol
PDE6B,19306,exact_symbol
PDE6C,19307,exact_symbol
PDE6D,19308,exact_symbol
PDE6G,19309,exact_symbol
PDE6H,19310,exact_symbol
PDE7A,19311,exact_symbol
PDE7B,19312,exact_symbol
PDE8A,19313,exact_symbol
PDE8B,19314,exact_symbol
PDE9A,19315,exact_symbol
PDF,19316,exact_symbol
PDGFA,19317,exact_symbol
PDGFB,19318,exact_symbol
PDGFC,19319,exact_symbol
PDGFD,19320,exact_symbol
PDGFRA,19321,exact_symbol
PDGFRB,19322,exact_symbol
PDGFRL,19323,exact_symbol
PDHA1,19324,exact_symbol
PDHA2,19326,exact_symbol
PDHB,19327,exact_symbol
PDHX,19328,exact_symbol
PDIA2,19329,exact_symbol
PDIA3,19330,exact_symbol
PDIA4,19333,exact_symbol
PDIA5,19334,exact_symbol
PDIA6,19335,exact_symbol
PDIK1L,19336,exact_symbol
PDILT,19337,exact_symbol
PDK1,19338,exact_symbol
PDK2,19339,exact_symbol
PDK3,19340,exact_symbol
PDK4,19341,exact_symbol
PDLIM1,19342,exact_symbol
PDLIM2,19347,exact_symbol
PDLIM3,19348,exact_symbol
PDLIM4,19349,exact_symbol
PDLIM5,19350,exact_symbol
PDLIM7,19351,exact_symbol
PDP1,19352,exact_symbol
PDP2,19353,exact_symbol
PDPK1,19354,exact_symbol
PDPR,19357,exact_symbol
PDRG1,19358,exact_symbol
PDS5A,19359,exact_symbol
PDS5B,19360,exact_symbol
PDSS1,19361,exact_symbol
PDSS2,19364,exact_symbol
PDX1,19365,exact_symbol
PDXDC1,19366,exact_symbol
PDXK,19368,exact_symbol
PDXP,19369,exact_symbol
PDYN,19370,exact_symbol
PDZD11,19371,exact_symbol
PDZD2,19372,exact_symbol
PDZD4,19374,exact_symbol
PDZD7,19375,exact_symbol
PDZD8,19376,exact_symbol
PDZD9,19377,exact_symbol
PDZK1,19378,exact_symbol
PDZK1IP1,19379,exact_symbol
PDZRN3,19382,exact_symbol
PDZRN4,19383,exact_symbol
PEA15,19384,exact_symbol
PEAK1,19385,exact_symbol
PEAR1,19386,exact_symbol
PECAM1,19392,exact_symbol
PECR,19393,exact_symbol
PEDS1,31814,hgnc_previous_symbol
PEF1,19394,exact_symbol
PEG3,19396,exact_symbol
PELI1,19397,exact_symbol
PELI2,19398,exact_symbol
PELI3,19399,exact_symbol
PELO,19400,exact_symbol
PELP1,19401,exact_symbol
PEMT,19402,exact_symbol
PENK,19403,exact_symbol
PEPD,19404,exact_symbol
PER1,19405,exact_symbol
PER2,19406,exact_symbol
PER3,19407,exact_symbol
PERCC1,-1,missing
PERM1,19408,exact_symbol
PERP,19409,exact_symbol
PES1,19410,exact_symbol
PET100,19413,exact_symbol
PET117,19414,exact_symbol
PEX1,19415,exact_symbol
PEX10,19416,exact_symbol
PEX11A,19417,exact_symbol
PEX11B,19418,exact_symbol
PEX11G,19419,exact_symbol
PEX12,19420,exact_symbol
PEX13,19422,exact_symbol
PEX14,19423,exact_symbol
PEX16,19424,exact_symbol
PEX19,19425,exact_symbol
PEX2,19426,exact_symbol
PEX26,19427,exact_symbol
PEX3,19428,exact_symbol
PEX5,19429,exact_symbol
PEX5L,19430,exact_symbol
PEX6,19431,exact_symbol
PEX7,19432,exact_symbol
PFAS,19435,exact_symbol
PFDN1,19436,exact_symbol
PFDN2,19437,exact_symbol
PFDN4,19438,exact_symbol
PFDN5,19439,exact_symbol
PFDN6,19440,exact_symbol
PFKFB1,19441,exact_symbol
PFKFB2,19442,exact_symbol
PFKFB3,19443,exact_symbol
PFKFB4,19444,exact_symbol
PFKL,19445,exact_symbol
PFKM,19446,exact_symbol
PFKP,19447,exact_symbol
PFN1,19448,exact_symbol
PFN2,19459,exact_symbol
PFN3,19460,exact_symbol
PFN4,19461,exact_symbol
PGAM2,19478,exact_symbol
PGAM5,19483,exact_symbol
PGAP1,19485,exact_symbol
PGAP2,19486,exact_symbol
PGAP3,19487,exact_symbol
PGAP4,31872,hgnc_previous_symbol
PGAP6,31965,hgnc_previous_symbol
PGBD5,19499,exact_symbol
PGC,19500,exact_symbol
PGD,19502,exact_symbol
PGF,19504,exact_symbol
PGGHG,2987,hgnc_previous_symbol
PGGT1B,19505,exact_symbol
PGK1,19508,exact_symbol
PGK2,19510,exact_symbol
PGLS,19511,exact_symbol
PGLYRP1,19512,exact_symbol
PGLYRP2,19513,exact_symbol
PGLYRP3,19514,exact_symbol
PGLYRP4,19515,exact_symbol
PGM1,19516,exact_symbol
PGM2,19517,exact_symbol
PGM2L1,19518,exact_symbol
PGM3,19519,exact_symbol
PGM5,19520,exact_symbol
PGP,19523,exact_symbol
PGPEP1,19524,exact_symbol
PGR,19526,exact_symbol
PGRMC1,19527,exact_symbol
PGRMC2,19528,exact_symbol
PGS1,19529,exact_symbol
PHACTR1,19530,exact_symbol
PHACTR2,19531,exact_symbol
PHACTR3,19533,exact_symbol
PHACTR4,19534,exact_symbol
PHAF1,3868,stable_id
PHAX,19535,exact_symbol
PHB2,19537,exact_symbol
PHC1,19560,exact_symbol
PHC2,19562,exact_symbol
PHC3,19563,exact_symbol
PHETA1,9130,hgnc_previous_symbol
PHETA2,9131,hgnc_previous_symbol
PHEX,19564,exact_symbol
PHF1,19565,exact_symbol
PHF10,19566,exact_symbol
PHF12,19568,exact_symbol
PHF13,19569,exact_symbol
PHF14,19570,exact_symbol
PHF19,19571,exact_symbol
PHF2,19572,exact_symbol
PHF20,19573,exact_symbol
PHF20L1,19574,exact_symbol
PHF21A,19575,exact_symbol
PHF21B,19576,exact_symbol
PHF23,19577,exact_symbol
PHF24,19578,exact_symbol
PHF3,19580,exact_symbol
PHF5A,19581,exact_symbol
PHF6,19583,exact_symbol
PHF7,19584,exact_symbol
PHF8,19585,exact_symbol
PHGDH,19586,exact_symbol
PHIP,19588,exact_symbol
PHKA1,19589,exact_symbol
PHKA2,19591,exact_symbol
PHKB,19592,exact_symbol
PHKG1,19595,exact_symbol
PHKG2,19599,exact_symbol
PHLDA1,19600,exact_symbol
PHLDA2,19601,exact_symbol
PHLDA3,19602,exact_symbol
PHLDB1,19603,exact_symbol
PHLDB2,19604,exact_symbol
PHLDB3,19605,exact_symbol
PHLPP1,19606,exact_symbol
PHLPP2,19607,exact_symbol
PHOSPHO1,19608,exact_symbol
PHOSPHO2,19609,exact_symbol
PHOX2A,19610,exact_symbol
PHOX2B,19611,exact_symbol
PHPT1,19612,exact_symbol
PHRF1,19613,exact_symbol
PHTF1,19614,exact_symbol
PHTF2,19615,exact_symbol
PHYH,19616,exact_symbol
PHYHD1,19617,exact_symbol
PHYHIP,19618,exact_symbol
PHYHIPL,19619,exact_symbol
PHYKPL,19620,exact_symbol
PI15,19621,exact_symbol
PI16,19622,exact_symbol
PI4K2A,19624,exact_symbol
PI4K2B,19625,exact_symbol
PI4KA,19626,exact_symbol
PI4KB,19629,exact_symbol
PIANP,19630,exact_symbol
PIAS1,19631,exact_symbol
PIAS2,19632,exact_symbol
PIAS3,19633,exact_symbol
PIAS4,19634,exact_symbol
PIBF1,19635,exact_symbol
PICALM,19636,exact_symbol
PICK1,19637,exact_symbol
PID1,19638,exact_symbol
PIDD1,19639,exact_symbol
PIEZO1,19640,exact_symbol
PIEZO2,19643,exact_symbol
PIF1,19644,exact_symbol
PIGA,19646,exact_symbol
PIGB,19647,exact_symbol
PIGBOS1,19648,exact_symbol
PIGC,19649,exact_symbol
PIGF,19652,exact_symbol
PIGG,19656,exact_symbol
PIGH,19657,exact_symbol
PIGK,19659,exact_symbol
PIGL,19660,exact_symbol
PIGM,19661,exact_symbol
PIGN,19662,exact_symbol
PIGO,19663,exact_symbol
PIGP,19664,exact_symbol
PIGQ,19668,exact_symbol
PIGR,19670,exact_symbol
PIGS,19671,exact_symbol
PIGT,19672,exact_symbol
PIGU,19673,exact_symbol
PIGV,19675,exact_symbol
PIGW,19676,exact_symbol
PIGX,19677,exact_symbol
PIH1D1,19680,exact_symbol
PIH1D2,19681,exact_symbol
PIK3AP1,19683,exact_symbol
PIK3C2A,19684,exact_symbol
PIK3C2B,19685,exact_symbol
PIK3C2G,19686,exact_symbol
PIK3C3,19687,exact_symbol
PIK3CA,19688,exact_symbol
PIK3CB,19689,exact_symbol
PIK3CD,19690,exact_symbol
PIK3CG,19691,exact_symbol
PIK3IP1,19692,exact_symbol
PIK3R1,19693,exact_symbol
PIK3R2,19694,exact_symbol
PIK3R3,19695,exact_symbol
PIK3R4,19696,exact_symbol
PIK3R5,19697,exact_symbol
PIK3R6,19698,exact_symbol
PIKFYVE,19699,exact_symbol
PIM1,19702,exact_symbol
PIM2,19703,exact_symbol
PIM3,19704,exact_symbol
PIMREG,9405,hgnc_previous_symbol
PIN4,19707,exact_symbol
PINK1,19709,exact_symbol
PINLYP,19710,exact_symbol
PINX1,19711,exact_symbol
PIP4K2A,19713,exact_symbol
PIP4K2B,19714,exact_symbol
PIP4K2C,19715,exact_symbol
PIP4P1,31931,hgnc_previous_symbol
PIP4P2,31930,hgnc_previous_symbol
PIP5K1A,19716,exact_symbol
PIP5K1B,19717,exact_symbol
PIP5K1C,19718,exact_symbol
PIP5KL1,19721,exact_symbol
PIPOX,19722,exact_symbol
PIR,19724,exact_symbol
PIRT,19725,exact_symbol
PITHD1,19727,exact_symbol
PITPNA,19728,exact_symbol
PITPNB,19729,exact_symbol
PITPNM1,19731,exact_symbol
PITPNM2,19732,exact_symbol
PITPNM3,19733,exact_symbol
PITRM1,19734,exact_symbol
PITX1,19735,exact_symbol
PITX2,19736,exact_symbol
PITX3,19737,exact_symbol
PIWIL1,19738,exact_symbol
PIWIL2,19739,exact_symbol
PIWIL4,19741,exact_symbol
PJA1,19742,exact_symbol
PJA2,19743,exact_symbol
PJVK,7718,hgnc_previous_symbol
PKD1,19744,exact_symbol
PKD1L1,19745,exact_symbol
PKD1L2,19746,exact_symbol
PKD2,19751,exact_symbol
PKD2L1,19752,exact_symbol
PKD2L2,19753,exact_symbol
PKDCC,19754,exact_symbol
PKDREJ,19755,exact_symbol
PKHD1,19756,exact_symbol
PKHD1L1,19757,exact_symbol
PKIA,19758,exact_symbol
PKIB,19759,exact_symbol
PKIG,19760,exact_symbol
PKLR,19761,exact_symbol
PKM,19762,exact_symbol
PKMYT1,19768,exact_symbol
PKN1,19769,exact_symbol
PKN2,19770,exact_symbol
PKN3,19771,exact_symbol
PKNOX1,19772,exact_symbol
PKNOX2,19773,exact_symbol
PKP1,19774,exact_symbol
PKP2,19775,exact_symbol
PKP3,19776,exact_symbol
PKP4,19777,exact_symbol
PLA1A,19779,exact_symbol
PLA2G10,19780,exact_symbol
PLA2G12A,19781,exact_symbol
PLA2G12B,19784,exact_symbol
PLA2G15,19785,exact_symbol
PLA2G1B,19787,exact_symbol
PLA2G2C,19789,exact_symbol
PLA2G2D,19790,exact_symbol
PLA2G2E,19791,exact_symbol
PLA2G2F,19792,exact_symbol
PLA2G3,19793,exact_symbol
PLA2G4A,19794,exact_symbol
PLA2G4B,19795,exact_symbol
PLA2G4C,19796,exact_symbol
PLA2G4D,19797,exact_symbol
PLA2G4E,19798,exact_symbol
PLA2G4F,19799,exact_symbol
PLA2G5,19800,exact_symbol
PLA2G6,19801,exact_symbol
PLA2G7,19802,exact_symbol
PLA2R1,19803,exact_symbol
PLAA,19804,exact_symbol
PLAAT1,12160,hgnc_previous_symbol
PLAAT3,19786,hgnc_previous_symbol
PLAAT5,12162,hgnc_previous_symbol
PLAC8,19806,exact_symbol
PLAC8L1,19807,exact_symbol
PLAC9,19808,exact_symbol
PLAG1,19809,exact_symbol
PLAGL2,19811,exact_symbol
PLAT,19812,exact_symbol
PLAU,19813,exact_symbol
PLAUR,19814,exact_symbol
PLB1,19815,exact_symbol
PLBD1,19816,exact_symbol
PLBD2,19817,exact_symbol
PLCB1,19818,exact_symbol
PLCB2,19819,exact_symbol
PLCB3,19820,exact_symbol
PLCB4,19821,exact_symbol
PLCD1,19822,exact_symbol
PLCD3,19823,exact_symbol
PLCD4,19824,exact_symbol
PLCE1,19825,exact_symbol
PLCG1,19827,exact_symbol
PLCG2,19828,exact_symbol
PLCH1,19829,exact_symbol
PLCH2,19830,exact_symbol
PLCL1,19831,exact_symbol
PLCL2,19832,exact_symbol
PLCXD1,19833,exact_symbol
PLCXD2,19834,exact_symbol
PLCXD3,19835,exact_symbol
PLCZ1,19836,exact_symbol
PLD1,19837,exact_symbol
PLD2,19838,exact_symbol
PLD3,19839,exact_symbol
PLD4,19840,exact_symbol
PLD5,19841,exact_symbol
PLD6,19842,exact_symbol
PLEC,19843,exact_symbol
PLEK,19844,exact_symbol
PLEK2,19845,exact_symbol
PLEKHA1,19846,exact_symbol
PLEKHA2,19847,exact_symbol
PLEKHA3,19848,exact_symbol
PLEKHA4,19850,exact_symbol
PLEKHA5,19851,exact_symbol
PLEKHA6,19852,exact_symbol
PLEKHA7,19853,exact_symbol
PLEKHA8,19854,exact_symbol
PLEKHB1,19856,exact_symbol
PLEKHB2,19857,exact_symbol
PLEKHD1,19858,exact_symbol
PLEKHF1,19859,exact_symbol
PLEKHF2,19860,exact_symbol
PLEKHG1,19861,exact_symbol
PLEKHG2,19862,exact_symbol
PLEKHG3,19863,exact_symbol
PLEKHG4,19864,exact_symbol
PLEKHG5,19866,exact_symbol
PLEKHG6,19867,exact_symbol
PLEKHH1,19869,exact_symbol
PLEKHH2,19870,exact_symbol
PLEKHH3,19871,exact_symbol
PLEKHJ1,19872,exact_symbol
PLEKHM1,19873,exact_symbol
PLEKHM2,19875,exact_symbol
PLEKHM3,19876,exact_symbol
PLEKHN1,19877,exact_symbol
PLEKHO1,19878,exact_symbol
PLEKHO2,19879,exact_symbol
PLEKHS1,19880,exact_symbol
PLG,19882,exact_symbol
PLGRKT,19886,exact_symbol
PLIN1,19887,exact_symbol
PLIN2,19888,exact_symbol
PLIN3,19889,exact_symbol
PLIN4,19890,exact_symbol
PLIN5,19891,exact_symbol
PLK1,19892,exact_symbol
PLK2,19893,exact_symbol
PLK3,19894,exact_symbol
PLK4,19895,exact_symbol
PLLP,19897,exact_symbol
PLN,19898,exact_symbol
PLOD1,19899,exact_symbol
PLOD2,19900,exact_symbol
PLOD3,19901,exact_symbol
PLP1,19902,exact_symbol
PLPBP,20570,hgnc_previous_symbol
PLPP1,19904,exact_symbol
PLPP2,19905,exact_symbol
PLPP3,19906,exact_symbol
PLPP4,19907,exact_symbol
PLPP5,19908,exact_symbol
PLPP6,19909,exact_symbol
PLPP7,19910,exact_symbol
PLPPR1,19911,exact_symbol
PLPPR2,19912,exact_symbol
PLPPR3,19913,exact_symbol
PLPPR4,19914,exact_symbol
PLPPR5,19915,exact_symbol
PLRG1,19916,exact_symbol
PLS1,19917,exact_symbol
PLS3,19918,exact_symbol
PLSCR3,-1,missing
PLSCR4,19921,exact_symbol
PLSCR5,19922,exact_symbol
PLTP,19923,exact_symbol
PLVAP,19924,exact_symbol
PLXDC1,19925,exact_symbol
PLXDC2,19926,exact_symbol
PLXNA1,19927,exact_symbol
PLXNA2,19928,exact_symbol
PLXNA3,19929,exact_symbol
PLXNA4,19930,exact_symbol
PLXNB1,19931,exact_symbol
PLXNB2,19932,exact_symbol
PLXNB3,19933,exact_symbol
PLXNC1,19934,exact_symbol
PLXND1,19935,exact_symbol
PM20D1,19936,exact_symbol
PM20D2,19937,exact_symbol
PMCH,19939,exact_symbol
PMEL,19942,exact_symbol
PMEPA1,19943,exact_symbol
PMF1,19944,exact_symbol
PMFBP1,19946,exact_symbol
PML,19947,exact_symbol
PMM1,19948,exact_symbol
PMM2,19949,exact_symbol
PMP2,19951,exact_symbol
PMP22,19952,exact_symbol
PMPCA,19953,exact_symbol
PMPCB,19955,exact_symbol
PMS1,19956,exact_symbol
PMS2,19957,exact_symbol
PMVK,19969,exact_symbol
PNCK,19970,exact_symbol
PNISR,19971,exact_symbol
PNKD,19972,exact_symbol
PNKP,19974,exact_symbol
PNLDC1,19975,exact_symbol
PNLIP,19976,exact_symbol
PNLIPRP1,19978,exact_symbol
PNLIPRP2,19979,exact_symbol
PNMA1,19981,exact_symbol
PNMA2,19982,exact_symbol
PNMA3,19983,exact_symbol
PNMA8A,19987,hgnc_previous_symbol
PNMA8B,19988,hgnc_previous_symbol
PNMA8C,-1,missing
PNMT,19989,exact_symbol
PNN,19990,exact_symbol
PNO1,19991,exact_symbol
PNOC,19992,exact_symbol
PNPLA1,19994,exact_symbol
PNPLA2,19995,exact_symbol
PNPLA3,19996,exact_symbol
PNPLA5,19999,exact_symbol
PNPLA6,20000,exact_symbol
PNPLA7,20001,exact_symbol
PNPLA8,20002,exact_symbol
PNPO,20003,exact_symbol
PNPT1,20004,exact_symbol
PNRC1,20007,exact_symbol
PNRC2,20008,exact_symbol
POC1A,20010,exact_symbol
POC1B,20011,exact_symbol
POC5,20013,exact_symbol
PODN,20014,exact_symbol
PODNL1,20015,exact_symbol
PODXL2,20017,exact_symbol
POF1B,20018,exact_symbol
POFUT1,20019,exact_symbol
POFUT2,20020,exact_symbol
POGK,20021,exact_symbol
POGLUT1,20022,exact_symbol
POGLUT2,13604,hgnc_previous_symbol
POGLUT3,13606,hgnc_previous_symbol
POGZ,20023,exact_symbol
POLA1,20024,exact_symbol
POLA2,20025,exact_symbol
POLB,20026,exact_symbol
POLD1,20027,exact_symbol
POLD2,20028,exact_symbol
POLD4,20031,exact_symbol
POLDIP2,20032,exact_symbol
POLDIP3,20033,exact_symbol
POLE,20034,exact_symbol
POLE2,20035,exact_symbol
POLE3,20036,exact_symbol
POLE4,20037,exact_symbol
POLG,20038,exact_symbol
POLG2,20039,exact_symbol
POLH,20040,exact_symbol
POLI,20042,exact_symbol
POLK,20043,exact_symbol
POLL,20044,exact_symbol
POLM,20045,exact_symbol
POLN,20046,exact_symbol
POLQ,20047,exact_symbol
POLR1A,20048,exact_symbol
POLR1B,20049,exact_symbol
POLR1C,20050,exact_symbol
POLR1D,20051,exact_symbol
POLR1E,20052,exact_symbol
POLR1F,33060,hgnc_previous_symbol
POLR1H,35158,hgnc_previous_symbol
POLR2A,20053,exact_symbol
POLR2B,20054,exact_symbol
POLR2C,20055,exact_symbol
POLR2D,20057,exact_symbol
POLR2E,20058,exact_symbol
POLR2F,20059,exact_symbol
POLR2G,20060,exact_symbol
POLR2H,20061,exact_symbol
POLR2I,20062,exact_symbol
POLR2K,20067,exact_symbol
POLR2L,20070,exact_symbol
POLR2M,20072,exact_symbol
POLR3A,20073,exact_symbol
POLR3B,20074,exact_symbol
POLR3C,20075,exact_symbol
POLR3D,20076,exact_symbol
POLR3E,20078,exact_symbol
POLR3F,20079,exact_symbol
POLR3H,20084,exact_symbol
POLRMT,20088,exact_symbol
POMC,20105,exact_symbol
POMGNT1,20106,exact_symbol
POMGNT2,20107,exact_symbol
POMK,20108,exact_symbol
POMP,20109,exact_symbol
POMT1,20110,exact_symbol
POMT2,20111,exact_symbol
PON1,20113,exact_symbol
PON2,20114,exact_symbol
PON3,20115,exact_symbol
POP1,20116,exact_symbol
POP4,20117,exact_symbol
POP5,20118,exact_symbol
POP7,20119,exact_symbol
POPDC2,20120,exact_symbol
POPDC3,20121,exact_symbol
POR,20122,exact_symbol
PORCN,20123,exact_symbol
POSTN,20124,exact_symbol
POU1F1,20140,exact_symbol
POU2AF1,20141,exact_symbol
POU2F1,20142,exact_symbol
POU2F2,20143,exact_symbol
POU2F3,20144,exact_symbol
POU3F1,20145,exact_symbol
POU3F2,20146,exact_symbol
POU3F3,20147,exact_symbol
POU3F4,20148,exact_symbol
POU4F1,20149,exact_symbol
POU4F2,20150,exact_symbol
POU4F3,20151,exact_symbol
POU5F2,20160,exact_symbol
POU6F1,20161,exact_symbol
POU6F2,20162,exact_symbol
PP2D1,20163,exact_symbol
PPA1,20164,exact_symbol
PPA2,20165,exact_symbol
PPAN,20166,exact_symbol
PPARA,20168,exact_symbol
PPARD,20169,exact_symbol
PPARG,20170,exact_symbol
PPARGC1A,20171,exact_symbol
PPARGC1B,20172,exact_symbol
PPAT,20173,exact_symbol
PPCDC,20179,exact_symbol
PPCS,20180,exact_symbol
PPDPF,20181,exact_symbol
PPEF1,20182,exact_symbol
PPEF2,20183,exact_symbol
PPFIA1,20184,exact_symbol
PPFIA2,20185,exact_symbol
PPFIA3,20186,exact_symbol
PPFIA4,20187,exact_symbol
PPFIBP1,20188,exact_symbol
PPFIBP2,20189,exact_symbol
PPHLN1,20190,exact_symbol
PPIB,20226,exact_symbol
PPIC,20227,exact_symbol
PPID,20228,exact_symbol
PPIE,20229,exact_symbol
PPIF,20231,exact_symbol
PPIG,20232,exact_symbol
PPIH,20233,exact_symbol
PPIL1,20235,exact_symbol
PPIL2,20237,exact_symbol
PPIL3,20238,exact_symbol
PPIL4,20239,exact_symbol
PPIL6,20240,exact_symbol
PPIP5K1,20241,exact_symbol
PPIP5K2,20242,exact_symbol
PPL,20243,exact_symbol
PPM1A,20244,exact_symbol
PPM1B,20246,exact_symbol
PPM1D,20247,exact_symbol
PPM1E,20248,exact_symbol
PPM1F,20249,exact_symbol
PPM1G,20250,exact_symbol
PPM1H,20251,exact_symbol
PPM1J,20252,exact_symbol
PPM1K,20253,exact_symbol
PPM1L,20254,exact_symbol
PPM1M,20255,exact_symbol
PPM1N,20256,exact_symbol
PPME1,20257,exact_symbol
PPOX,20258,exact_symbol
PPP1CA,20259,exact_symbol
PPP1CB,20260,exact_symbol
PPP1CC,20261,exact_symbol
PPP1R10,20262,exact_symbol
PPP1R11,20264,exact_symbol
PPP1R12A,20267,exact_symbol
PPP1R12B,20268,exact_symbol
PPP1R12C,20271,exact_symbol
PPP1R13B,20272,exact_symbol
PPP1R13L,20273,exact_symbol
PPP1R14A,20274,exact_symbol
PPP1R14C,20279,exact_symbol
PPP1R14D,20280,exact_symbol
PPP1R15B,20282,exact_symbol
PPP1R16A,20283,exact_symbol
PPP1R16B,20284,exact_symbol
PPP1R17,20285,exact_symbol
PPP1R18,20286,exact_symbol
PPP1R1A,20287,exact_symbol
PPP1R1B,20290,exact_symbol
PPP1R1C,20291,exact_symbol
PPP1R21,20293,exact_symbol
PPP1R26,20294,exact_symbol
PPP1R27,20300,exact_symbol
PPP1R35,20310,exact_symbol
PPP1R36,20311,exact_symbol
PPP1R37,20312,exact_symbol
PPP1R3A,20313,exact_symbol
PPP1R3B,20314,exact_symbol
PPP1R3C,20315,exact_symbol
PPP1R3D,20316,exact_symbol
PPP1R3E,20317,exact_symbol
PPP1R3F,20318,exact_symbol
PPP1R3G,20319,exact_symbol
PPP1R42,20320,exact_symbol
PPP1R8,20322,exact_symbol
PPP1R9A,20324,exact_symbol
PPP1R9B,20325,exact_symbol
PPP2CA,20326,exact_symbol
PPP2CB,20327,exact_symbol
PPP2R1A,20328,exact_symbol
PPP2R1B,20329,exact_symbol
PPP2R2A,20330,exact_symbol
PPP2R2B,20331,exact_symbol
PPP2R2C,20332,exact_symbol
PPP2R2D,20333,exact_symbol
PPP2R3A,20335,exact_symbol
PPP2R3C,20337,exact_symbol
PPP2R5A,20338,exact_symbol
PPP2R5B,20339,exact_symbol
PPP2R5C,20340,exact_symbol
PPP2R5D,20341,exact_symbol
PPP2R5E,20342,exact_symbol
PPP3CA,20343,exact_symbol
PPP3CB,20344,exact_symbol
PPP3CC,20345,exact_symbol
PPP3R1,20346,exact_symbol
PPP3R2,20347,exact_symbol
PPP4C,20348,exact_symbol
PPP4R1,20349,exact_symbol
PPP4R3A,20352,exact_symbol
PPP4R3B,20353,exact_symbol
PPP4R4,20355,exact_symbol
PPP5C,20356,exact_symbol
PPP6C,20358,exact_symbol
PPP6R1,20359,exact_symbol
PPP6R2,20360,exact_symbol
PPP6R3,20362,exact_symbol
PPRC1,20363,exact_symbol
PPT2,20365,exact_symbol
PPTC7,20367,exact_symbol
PPWD1,20368,exact_symbol
PPY,20369,exact_symbol
PQBP1,20371,exact_symbol
PRADC1,20379,exact_symbol
PRAF2,20381,exact_symbol
PRAG1,-1,missing
PRAM1,20382,exact_symbol
PRC1,20421,exact_symbol
PRCC,20422,exact_symbol
PRCD,20423,exact_symbol
PRCP,20424,exact_symbol
PRDM1,20425,exact_symbol
PRDM10,20426,exact_symbol
PRDM11,20427,exact_symbol
PRDM12,20428,exact_symbol
PRDM13,20429,exact_symbol
PRDM14,20430,exact_symbol
PRDM15,20431,exact_symbol
PRDM16,20432,exact_symbol
PRDM2,20433,exact_symbol
PRDM4,20434,exact_symbol
PRDM5,20435,exact_symbol
PRDM6,20436,exact_symbol
PRDM8,20438,exact_symbol
PRDX1,20440,exact_symbol
PRDX2,20442,exact_symbol
PRDX3,20447,exact_symbol
PRDX4,20452,exact_symbol
PRDX5,20454,exact_symbol
PREB,20456,exact_symbol
PRELID1,20457,exact_symbol
PRELID2,20462,exact_symbol
PRELID3A,20464,exact_symbol
PRELID3B,20465,exact_symbol
PRELP,20476,exact_symbol
PREP,20477,exact_symbol
PREPL,20478,exact_symbol
PREX1,20479,exact_symbol
PREX2,20480,exact_symbol
PRF1,20481,exact_symbol
PRG2,20482,exact_symbol
PRG3,20483,exact_symbol
PRG4,20484,exact_symbol
PRICKLE1,20488,exact_symbol
PRICKLE2,20489,exact_symbol
PRICKLE3,20490,exact_symbol
PRICKLE4,20491,exact_symbol
PRIM1,20492,exact_symbol
PRIM2,20493,exact_symbol
PRIMA1,20494,exact_symbol
PRIMPOL,20495,exact_symbol
PRKAA1,20496,exact_symbol
PRKAA2,20497,exact_symbol
PRKAB1,20498,exact_symbol
PRKAB2,20499,exact_symbol
PRKACA,20500,exact_symbol
PRKACB,20501,exact_symbol
PRKAG1,20503,exact_symbol
PRKAG2,20504,exact_symbol
PRKAG3,20505,exact_symbol
PRKAR1A,20506,exact_symbol
PRKAR1B,20508,exact_symbol
PRKAR2A,20509,exact_symbol
PRKAR2B,20510,exact_symbol
PRKCA,20511,exact_symbol
PRKCB,20512,exact_symbol
PRKCD,20513,exact_symbol
PRKCE,20515,exact_symbol
PRKCG,20516,exact_symbol
PRKCH,20517,exact_symbol
PRKCI,20518,exact_symbol
PRKCQ,20519,exact_symbol
PRKCSH,20520,exact_symbol
PRKCZ,20521,exact_symbol
PRKD1,20522,exact_symbol
PRKD2,20523,exact_symbol
PRKD3,20524,exact_symbol
PRKDC,20525,exact_symbol
PRKG1,20526,exact_symbol
PRKG2,20527,exact_symbol
PRKN,19056,hgnc_previous_symbol
PRKRA,20528,exact_symbol
PRKRIP1,20529,exact_symbol
PRKX,20530,exact_symbol
PRLH,20534,exact_symbol
PRLHR,20535,exact_symbol
PRLR,20536,exact_symbol
PRM2,20538,exact_symbol
PRM3,20539,exact_symbol
PRMT1,20540,exact_symbol
PRMT2,20542,exact_symbol
PRMT3,20543,exact_symbol
PRMT5,20544,exact_symbol
PRMT6,20546,exact_symbol
PRMT7,20547,exact_symbol
PRMT8,20548,exact_symbol
PRMT9,20549,exact_symbol
PRND,20550,exact_symbol
PRNP,20551,exact_symbol
PROB1,20553,exact_symbol
PROCR,20556,exact_symbol
PRODH2,20558,exact_symbol
PROK1,20559,exact_symbol
PROK2,20560,exact_symbol
PROKR2,20562,exact_symbol
PROM1,20563,exact_symbol
PROM2,20564,exact_symbol
PROP1,20565,exact_symbol
PRORP,13659,hgnc_previous_symbol
PROS1,20568,exact_symbol
PROSER1,20571,exact_symbol
PROSER2,20572,exact_symbol
PROSER3,20573,exact_symbol
PROX1,20574,exact_symbol
PROX2,20575,exact_symbol
PROZ,20576,exact_symbol
PRPF18,20577,exact_symbol
PRPF19,20578,exact_symbol
PRPF3,20580,exact_symbol
PRPF31,20581,exact_symbol
PRPF38A,20582,exact_symbol
PRPF39,20586,exact_symbol
PRPF4,20587,exact_symbol
PRPF40A,20588,exact_symbol
PRPF40B,20589,exact_symbol
PRPF6,20591,exact_symbol
PRPF8,20592,exact_symbol
PRPH,20593,exact_symbol
PRPH2,20594,exact_symbol
PRPS1,20595,exact_symbol
PRPS1L1,20596,exact_symbol
PRPS2,20599,exact_symbol
PRPSAP1,20600,exact_symbol
PRPSAP2,20601,exact_symbol
PRR11,20602,exact_symbol
PRR12,20603,exact_symbol
PRR14,20611,exact_symbol
PRR14L,20612,exact_symbol
PRR15,20613,exact_symbol
PRR15L,20614,exact_symbol
PRR16,20615,exact_symbol
PRR18,20616,exact_symbol
PRR19,20617,exact_symbol
PRR22,20625,exact_symbol
PRR3,20635,exact_symbol
PRR30,20636,exact_symbol
PRR32,20637,exact_symbol
PRR33,-1,missing
PRR5,20642,exact_symbol
PRR5L,20644,exact_symbol
PRR7,20645,exact_symbol
PRR9,20646,exact_symbol
PRRC1,20647,exact_symbol
PRRC2A,20648,exact_symbol
PRRC2B,20649,exact_symbol
PRRC2C,20650,exact_symbol
PRRG1,20652,exact_symbol
PRRG2,20653,exact_symbol
PRRG3,20654,exact_symbol
PRRG4,20655,exact_symbol
PRRT1,20656,exact_symbol
PRRT2,20657,exact_symbol
PRRT3,20658,exact_symbol
PRRT4,20659,exact_symbol
PRRX1,20660,exact_symbol
PRRX2,20661,exact_symbol
PRSS12,20663,exact_symbol
PRSS16,20664,exact_symbol
PRSS22,20667,exact_symbol
PRSS23,20668,exact_symbol
PRSS27,20669,exact_symbol
PRSS33,20673,exact_symbol
PRSS35,20674,exact_symbol
PRSS36,20675,exact_symbol
PRSS37,20676,exact_symbol
PRSS38,20677,exact_symbol
PRSS48,20687,exact_symbol
PRSS50,20688,exact_symbol
PRSS51,20689,exact_symbol
PRSS53,20690,exact_symbol
PRSS54,20691,exact_symbol
PRSS55,20692,exact_symbol
PRSS56,20693,exact_symbol
PRSS57,20694,exact_symbol
PRSS58,20695,exact_symbol
PRSS8,20696,exact_symbol
PRTG,20698,exact_symbol
PRTN3,20699,exact_symbol
PRUNE1,20700,exact_symbol
PRUNE2,20701,exact_symbol
PRX,20703,exact_symbol
PRXL2A,9311,hgnc_previous_symbol
PRXL2B,9312,hgnc_previous_symbol
PRXL2C,17,hgnc_previous_symbol
PSAP,20712,exact_symbol
PSAPL1,20713,exact_symbol
PSAT1,20714,exact_symbol
PSCA,20719,exact_symbol
PSD,20720,exact_symbol
PSD2,20721,exact_symbol
PSD3,20722,exact_symbol
PSD4,20723,exact_symbol
PSEN1,20724,exact_symbol
PSEN2,20725,exact_symbol
PSENEN,20726,exact_symbol
PSIP1,20738,exact_symbol
PSKH1,20739,exact_symbol
PSMA1,20741,exact_symbol
PSMA2,20742,exact_symbol
PSMA3,20746,exact_symbol
PSMA4,20748,exact_symbol
PSMA5,20749,exact_symbol
PSMA6,20750,exact_symbol
PSMA7,20755,exact_symbol
PSMA8,20756,exact_symbol
PSMB1,20757,exact_symbol
PSMB10,20758,exact_symbol
PSMB11,20759,exact_symbol
PSMB2,20760,exact_symbol
PSMB3,20761,exact_symbol
PSMB4,20763,exact_symbol
PSMB5,20764,exact_symbol
PSMB6,20765,exact_symbol
PSMB7,20766,exact_symbol
PSMB8,20768,exact_symbol
PSMB9,20769,exact_symbol
PSMC1,20770,exact_symbol
PSMC2,20784,exact_symbol
PSMC3,20785,exact_symbol
PSMC3IP,20786,exact_symbol
PSMC4,20787,exact_symbol
PSMC5,20788,exact_symbol
PSMC6,20789,exact_symbol
PSMD1,20790,exact_symbol
PSMD10,20791,exact_symbol
PSMD11,20795,exact_symbol
PSMD12,20796,exact_symbol
PSMD13,20798,exact_symbol
PSMD14,20799,exact_symbol
PSMD2,20800,exact_symbol
PSMD3,20801,exact_symbol
PSMD4,20802,exact_symbol
PSMD5,20804,exact_symbol
PSMD6,20805,exact_symbol
PSMD7,20806,exact_symbol
PSMD8,20808,exact_symbol
PSMD9,20810,exact_symbol
PSME1,20811,exact_symbol
PSME3,20814,exact_symbol
PSME3IP1,9264,hgnc_previous_symbol
PSME4,20815,exact_symbol
PSMF1,20816,exact_symbol
PSMG1,20817,exact_symbol
PSMG2,20818,exact_symbol
PSMG3,20819,exact_symbol
PSMG4,20820,exact_symbol
PSORS1C2,20822,exact_symbol
PSPC1,20823,exact_symbol
PSPH,20826,exact_symbol
PSPN,20828,exact_symbol
PSRC1,20829,exact_symbol
PSTK,20830,exact_symbol
PSTPIP1,20831,exact_symbol
PSTPIP2,20832,exact_symbol
PTAFR,20833,exact_symbol
PTAR1,20834,exact_symbol
PTBP1,20835,exact_symbol
PTBP2,20837,exact_symbol
PTBP3,20838,exact_symbol
PTCD1,20839,exact_symbol
PTCD2,20840,exact_symbol
PTCD3,20843,exact_symbol
PTCH1,20844,exact_symbol
PTCH2,20845,exact_symbol
PTCHD1,20846,exact_symbol
PTCHD3,20847,exact_symbol
PTCHD4,20851,exact_symbol
PTDSS1,20853,exact_symbol
PTDSS2,20854,exact_symbol
PTER,20857,exact_symbol
PTF1A,20858,exact_symbol
PTGDR,20859,exact_symbol
PTGDR2,20860,exact_symbol
PTGDS,20861,exact_symbol
PTGER1,20862,exact_symbol
PTGER2,20863,exact_symbol
PTGER3,20864,exact_symbol
PTGER4,20865,exact_symbol
PTGES,20868,exact_symbol
PTGES2,20869,exact_symbol
PTGES3,20870,exact_symbol
PTGES3L,20871,exact_symbol
PTGFR,20878,exact_symbol
PTGFRN,20879,exact_symbol
PTGIR,20880,exact_symbol
PTGIS,20881,exact_symbol
PTGR1,20882,exact_symbol
PTGR2,20883,exact_symbol
PTGS1,20884,exact_symbol
PTGS2,20885,exact_symbol
PTH,20886,exact_symbol
PTH1R,20887,exact_symbol
PTH2,20888,exact_symbol
PTH2R,20889,exact_symbol
PTHLH,20890,exact_symbol
PTK2,20891,exact_symbol
PTK2B,20892,exact_symbol
PTK6,20893,exact_symbol
PTK7,20894,exact_symbol
PTMA,20895,exact_symbol
PTN,20904,exact_symbol
PTOV1,20905,exact_symbol
PTP4A2,20914,exact_symbol
PTP4A3,20917,exact_symbol
PTPA,20918,exact_symbol
PTPDC1,20919,exact_symbol
PTPMT1,20920,exact_symbol
PTPN1,20921,exact_symbol
PTPN11,20922,exact_symbol
PTPN12,20923,exact_symbol
PTPN13,20924,exact_symbol
PTPN14,20925,exact_symbol
PTPN18,20926,exact_symbol
PTPN2,20927,exact_symbol
PTPN20,20928,exact_symbol
PTPN21,20930,exact_symbol
PTPN22,20931,exact_symbol
PTPN23,20932,exact_symbol
PTPN3,20935,exact_symbol
PTPN4,20936,exact_symbol
PTPN5,20937,exact_symbol
PTPN6,20938,exact_symbol
PTPN7,20939,exact_symbol
PTPN9,20940,exact_symbol
PTPRA,20941,exact_symbol
PTPRB,20942,exact_symbol
PTPRC,20943,exact_symbol
PTPRCAP,20944,exact_symbol
PTPRD,20945,exact_symbol
PTPRE,20946,exact_symbol
PTPRF,20947,exact_symbol
PTPRH,20949,exact_symbol
PTPRJ,20950,exact_symbol
PTPRK,20951,exact_symbol
PTPRM,20952,exact_symbol
PTPRN,20953,exact_symbol
PTPRN2,20954,exact_symbol
PTPRO,20955,exact_symbol
PTPRQ,20956,exact_symbol
PTPRR,20957,exact_symbol
PTPRS,20958,exact_symbol
PTPRT,20959,exact_symbol
PTPRU,20960,exact_symbol
PTPRZ1,20962,exact_symbol
PTRH1,20964,exact_symbol
PTRH2,20965,exact_symbol
PTRHD1,20966,exact_symbol
PTS,20967,exact_symbol
PTTG1IP,20969,exact_symbol
PTX3,20973,exact_symbol
PTX4,20974,exact_symbol
PUDP,20975,exact_symbol
PUF60,20979,exact_symbol
PUM1,20980,exact_symbol
PUM2,20981,exact_symbol
PUM3,20982,exact_symbol
PURA,20983,exact_symbol
PURB,20984,exact_symbol
PURG,20985,exact_symbol
PUS1,20986,exact_symbol
PUS10,20987,exact_symbol
PUS3,20988,exact_symbol
PUS7,20989,exact_symbol
PUS7L,20990,exact_symbol
PUSL1,20991,exact_symbol
PVALB,20992,exact_symbol
PWP1,20996,exact_symbol
PWP2,20997,exact_symbol
PWWP2A,20998,exact_symbol
PWWP2B,21000,exact_symbol
PWWP3A,-1,missing
PWWP3B,16604,hgnc_previous_symbol
PXDC1,21001,exact_symbol
PXDN,21002,exact_symbol
PXK,21004,exact_symbol
PXMP2,21005,exact_symbol
PXMP4,21006,exact_symbol
PXN,21007,exact_symbol
PXYLP1,21009,exact_symbol
PYCARD,21010,exact_symbol
PYCR1,21011,exact_symbol
PYCR2,21012,exact_symbol
PYGB,21016,exact_symbol
PYGL,21017,exact_symbol
PYGM,21018,exact_symbol
PYGO1,21019,exact_symbol
PYGO2,21020,exact_symbol
PYM1,21023,exact_symbol
PYROXD1,21024,exact_symbol
PYROXD2,21025,exact_symbol
PYY,21027,exact_symbol
QDPR,21032,exact_symbol
QPCT,21034,exact_symbol
QPCTL,21035,exact_symbol
QPRT,21036,exact_symbol
QRFP,21037,exact_symbol
QRICH1,21039,exact_symbol
QRSL1,21041,exact_symbol
QSER1,21045,exact_symbol
QSOX1,21046,exact_symbol
QSOX2,21047,exact_symbol
QTRT1,21048,exact_symbol
QTRT2,21050,exact_symbol
R3HCC1,21051,exact_symbol
R3HCC1L,21052,exact_symbol
R3HDM1,21053,exact_symbol
R3HDM2,21054,exact_symbol
R3HDM4,21057,exact_symbol
R3HDML,21058,exact_symbol
RAB10,21059,exact_symbol
RAB11A,21060,exact_symbol
RAB11B,21063,exact_symbol
RAB11FIP1,21064,exact_symbol
RAB11FIP2,21066,exact_symbol
RAB11FIP3,21067,exact_symbol
RAB11FIP4,21068,exact_symbol
RAB11FIP5,21069,exact_symbol
RAB12,21070,exact_symbol
RAB13,21071,exact_symbol
RAB14,21072,exact_symbol
RAB15,21073,exact_symbol
RAB17,21074,exact_symbol
RAB18,21075,exact_symbol
RAB19,21076,exact_symbol
RAB1A,21077,exact_symbol
RAB1B,21078,exact_symbol
RAB20,21080,exact_symbol
RAB21,21081,exact_symbol
RAB22A,21082,exact_symbol
RAB23,21083,exact_symbol
RAB24,21084,exact_symbol
RAB25,21085,exact_symbol
RAB26,21086,exact_symbol
RAB27A,21087,exact_symbol
RAB27B,21088,exact_symbol
RAB28,21089,exact_symbol
RAB29,21095,exact_symbol
RAB2A,21096,exact_symbol
RAB2B,21097,exact_symbol
RAB30,21098,exact_symbol
RAB31,21099,exact_symbol
RAB33A,21101,exact_symbol
RAB33B,21102,exact_symbol
RAB34,21103,exact_symbol
RAB35,21104,exact_symbol
RAB36,21105,exact_symbol
RAB37,21106,exact_symbol
RAB38,21107,exact_symbol
RAB39A,21108,exact_symbol
RAB39B,21109,exact_symbol
RAB3A,21110,exact_symbol
RAB3B,21111,exact_symbol
RAB3C,21112,exact_symbol
RAB3D,21113,exact_symbol
RAB3GAP1,21114,exact_symbol
RAB3GAP2,21115,exact_symbol
RAB3IL1,21116,exact_symbol
RAB3IP,21117,exact_symbol
RAB40B,21120,exact_symbol
RAB40C,21121,exact_symbol
RAB42,21123,exact_symbol
RAB43,21125,exact_symbol
RAB44,21127,exact_symbol
RAB4A,21128,exact_symbol
RAB4B,21129,exact_symbol
RAB5A,21131,exact_symbol
RAB5B,21132,exact_symbol
RAB5C,21133,exact_symbol
RAB5IF,4027,hgnc_previous_symbol
RAB6A,21136,exact_symbol
RAB6B,21137,exact_symbol
RAB7B,21141,exact_symbol
RAB8A,21142,exact_symbol
RAB8B,21143,exact_symbol
RAB9A,21144,exact_symbol
RAB9B,21150,exact_symbol
RABAC1,21152,exact_symbol
RABEP1,21153,exact_symbol
RABEP2,21154,exact_symbol
RABEPK,21155,exact_symbol
RABGAP1,21157,exact_symbol
RABGAP1L,21158,exact_symbol
RABGEF1,21159,exact_symbol
RABGGTA,21160,exact_symbol
RABGGTB,21161,exact_symbol
RABIF,21162,exact_symbol
RABL3,21165,exact_symbol
RABL6,21166,exact_symbol
RAC1,21167,exact_symbol
RAC2,21177,exact_symbol
RAC3,21178,exact_symbol
RACGAP1,21179,exact_symbol
RACK1,21180,exact_symbol
RAD1,21181,exact_symbol
RAD17,21182,exact_symbol
RAD18,21185,exact_symbol
RAD21,21188,exact_symbol
RAD21L1,21189,exact_symbol
RAD23A,21190,exact_symbol
RAD23B,21191,exact_symbol
RAD50,21195,exact_symbol
RAD51,21196,exact_symbol
RAD51AP1,21197,exact_symbol
RAD51B,21200,exact_symbol
RAD51C,21201,exact_symbol
RAD51D,21202,exact_symbol
RAD52,21204,exact_symbol
RAD54B,21205,exact_symbol
RAD54L,21206,exact_symbol
RAD54L2,21207,exact_symbol
RAD9A,21208,exact_symbol
RAD9B,21209,exact_symbol
RADIL,21210,exact_symbol
RADX,7198,hgnc_previous_symbol
RAE1,21211,exact_symbol
RAF1,21217,exact_symbol
RAG1,21219,exact_symbol
RAG2,21220,exact_symbol
RAI1,21221,exact_symbol
RAI14,21222,exact_symbol
RAI2,21223,exact_symbol
RALA,21224,exact_symbol
RALB,21225,exact_symbol
RALBP1,21226,exact_symbol
RALGAPA1,21227,exact_symbol
RALGAPA2,21229,exact_symbol
RALGAPB,21230,exact_symbol
RALGDS,21231,exact_symbol
RALGPS1,21232,exact_symbol
RALGPS2,21233,exact_symbol
RALY,21234,exact_symbol
RALYL,21235,exact_symbol
RAMP1,21236,exact_symbol
RAMP2,21237,exact_symbol
RAMP3,21238,exact_symbol
RAN,21239,exact_symbol
RANBP1,21240,exact_symbol
RANBP10,21241,exact_symbol
RANBP17,21242,exact_symbol
RANBP2,21243,exact_symbol
RANBP3,21245,exact_symbol
RANBP3L,21246,exact_symbol
RANBP6,21247,exact_symbol
RANBP9,21248,exact_symbol
RANGAP1,21249,exact_symbol
RANGRF,21250,exact_symbol
RAP1A,21260,exact_symbol
RAP1B,21262,exact_symbol
RAP1GAP,21266,exact_symbol
RAP1GAP2,21267,exact_symbol
RAP1GDS1,21268,exact_symbol
RAP2A,21269,exact_symbol
RAP2B,21270,exact_symbol
RAP2C,21271,exact_symbol
RAPGEF1,21273,exact_symbol
RAPGEF2,21274,exact_symbol
RAPGEF3,21275,exact_symbol
RAPGEF4,21276,exact_symbol
RAPGEF5,21277,exact_symbol
RAPGEF6,21278,exact_symbol
RAPGEFL1,21279,exact_symbol
RAPH1,21280,exact_symbol
RAPSN,21281,exact_symbol
RARA,21282,exact_symbol
RARB,21283,exact_symbol
RARG,21284,exact_symbol
RARRES1,21285,exact_symbol
RARRES2,21286,exact_symbol
RARS2,21300,exact_symbol
RASA1,21302,exact_symbol
RASA2,21303,exact_symbol
RASA3,21304,exact_symbol
RASAL1,21309,exact_symbol
RASAL2,21310,exact_symbol
RASAL3,21311,exact_symbol
RASD1,21312,exact_symbol
RASD2,21313,exact_symbol
RASEF,21314,exact_symbol
RASGEF1A,21315,exact_symbol
RASGEF1B,21316,exact_symbol
RASGEF1C,21317,exact_symbol
RASGRF1,21318,exact_symbol
RASGRF2,21319,exact_symbol
RASGRP1,21320,exact_symbol
RASGRP2,21321,exact_symbol
RASGRP3,21322,exact_symbol
RASGRP4,21323,exact_symbol
RASIP1,21324,exact_symbol
RASL10A,21325,exact_symbol
RASL10B,21326,exact_symbol
RASL11A,21327,exact_symbol
RASL11B,21328,exact_symbol
RASL12,21329,exact_symbol
RASSF1,21330,exact_symbol
RASSF10,21331,exact_symbol
RASSF2,21332,exact_symbol
RASSF3,21333,exact_symbol
RASSF4,21334,exact_symbol
RASSF5,21335,exact_symbol
RASSF6,21336,exact_symbol
RASSF7,21337,exact_symbol
RASSF8,21338,exact_symbol
RASSF9,21339,exact_symbol
RAVER1,21340,exact_symbol
RAVER2,21341,exact_symbol
RAX,21342,exact_symbol
RB1,21344,exact_symbol
RB1CC1,21345,exact_symbol
RBAK,21346,exact_symbol
RBBP4,21348,exact_symbol
RBBP5,21355,exact_symbol
RBBP6,21356,exact_symbol
RBBP7,21357,exact_symbol
RBBP8,21358,exact_symbol
RBBP8NL,21359,exact_symbol
RBBP9,21361,exact_symbol
RBCK1,21362,exact_symbol
RBFA,21363,exact_symbol
RBFOX1,21364,exact_symbol
RBFOX2,21365,exact_symbol
RBFOX3,21366,exact_symbol
RBIS,4201,hgnc_previous_symbol
RBKS,21367,exact_symbol
RBL1,21368,exact_symbol
RBL2,21369,exact_symbol
RBM10,21370,exact_symbol
RBM11,21371,exact_symbol
RBM14,21375,exact_symbol
RBM15,21377,exact_symbol
RBM15B,21378,exact_symbol
RBM17,21379,exact_symbol
RBM18,21384,exact_symbol
RBM19,21385,exact_symbol
RBM20,21386,exact_symbol
RBM22,21387,exact_symbol
RBM24,21398,exact_symbol
RBM25,21399,exact_symbol
RBM26,21400,exact_symbol
RBM27,21401,exact_symbol
RBM28,21402,exact_symbol
RBM3,21403,exact_symbol
RBM33,21404,exact_symbol
RBM34,21405,exact_symbol
RBM38,21406,exact_symbol
RBM39,21407,exact_symbol
RBM4,21408,exact_symbol
RBM41,21409,exact_symbol
RBM42,21410,exact_symbol
RBM43,21411,exact_symbol
RBM44,21413,exact_symbol
RBM45,21414,exact_symbol
RBM46,21415,exact_symbol
RBM47,21416,exact_symbol
RBM48,21417,exact_symbol
RBM4B,21419,exact_symbol
RBM5,21420,exact_symbol
RBM6,21421,exact_symbol
RBM7,21422,exact_symbol
RBMS1,21425,exact_symbol
RBMS2,21427,exact_symbol
RBMS3,21429,exact_symbol
RBMX,21430,exact_symbol
RBMX2,21431,exact_symbol
RBP1,21471,exact_symbol
RBP2,21472,exact_symbol
RBP3,21473,exact_symbol
RBP4,21474,exact_symbol
RBP7,21476,exact_symbol
RBPJ,21477,exact_symbol
RBPJL,21478,exact_symbol
RBPMS,21483,exact_symbol
RBPMS2,21484,exact_symbol
RBSN,21487,exact_symbol
RBX1,21488,exact_symbol
RC3H1,21489,exact_symbol
RC3H2,21490,exact_symbol
RCAN1,21491,exact_symbol
RCAN2,21492,exact_symbol
RCAN3,21493,exact_symbol
RCBTB1,21494,exact_symbol
RCBTB2,21495,exact_symbol
RCC1,21497,exact_symbol
RCC1L,21498,exact_symbol
RCC2,21499,exact_symbol
RCCD1,21508,exact_symbol
RCE1,21509,exact_symbol
RCHY1,21510,exact_symbol
RCL1,21511,exact_symbol
RCN1,21512,exact_symbol
RCN2,21515,exact_symbol
RCN3,21516,exact_symbol
RCOR1,21517,exact_symbol
RCOR2,21518,exact_symbol
RCOR3,21519,exact_symbol
RCSD1,21520,exact_symbol
RCVRN,21521,exact_symbol
RD3,21522,exact_symbol
RD3L,21523,exact_symbol
RDH10,21524,exact_symbol
RDH11,21525,exact_symbol
RDH12,21526,exact_symbol
RDH13,21527,exact_symbol
RDH14,21528,exact_symbol
RDH5,21530,exact_symbol
RDH8,21531,exact_symbol
RDX,21533,exact_symbol
REC114,21534,exact_symbol
REC8,21535,exact_symbol
RECK,21536,exact_symbol
RECQL,21537,exact_symbol
RECQL4,21538,exact_symbol
RECQL5,21539,exact_symbol
REEP1,21540,exact_symbol
REEP2,21541,exact_symbol
REEP3,21542,exact_symbol
REEP4,21543,exact_symbol
REEP5,21544,exact_symbol
REG4,21551,exact_symbol
REL,21552,exact_symbol
RELA,21553,exact_symbol
RELB,21554,exact_symbol
RELCH,13692,hgnc_previous_symbol
RELL1,21555,exact_symbol
RELL2,21556,exact_symbol
RELN,21557,exact_symbol
RELT,21558,exact_symbol
REM1,21559,exact_symbol
REM2,21560,exact_symbol
REN,21561,exact_symbol
RENBP,21562,exact_symbol
REP15,21563,exact_symbol
REPIN1,21564,exact_symbol
REPS1,21565,exact_symbol
REPS2,21566,exact_symbol
RER1,21567,exact_symbol
RERE,21568,exact_symbol
RERG,21571,exact_symbol
RERGL,21572,exact_symbol
REST,21574,exact_symbol
RET,21575,exact_symbol
RETN,21576,exact_symbol
RETREG1,9170,hgnc_previous_symbol
RETREG2,9169,hgnc_previous_symbol
RETREG3,9171,hgnc_previous_symbol
RETSAT,21578,exact_symbol
REV1,21579,exact_symbol
REV3L,21580,exact_symbol
REX1BD,3925,hgnc_previous_symbol
REXO1,21581,exact_symbol
REXO2,21594,exact_symbol
REXO4,21595,exact_symbol
REXO5,-1,missing
RFC1,21596,exact_symbol
RFC2,21597,exact_symbol
RFC3,21598,exact_symbol
RFC4,21600,exact_symbol
RFC5,21601,exact_symbol
RFESD,21603,exact_symbol
RFFL,21605,exact_symbol
RFK,21606,exact_symbol
RFLNA,9116,hgnc_previous_symbol
RFLNB,9117,hgnc_previous_symbol
RFNG,21609,exact_symbol
RFT1,21622,exact_symbol
RFTN1,21623,exact_symbol
RFTN2,21625,exact_symbol
RFWD3,21628,exact_symbol
RFX1,21629,exact_symbol
RFX2,21630,exact_symbol
RFX3,21631,exact_symbol
RFX4,21632,exact_symbol
RFX5,21633,exact_symbol
RFX6,21634,exact_symbol
RFX7,21635,exact_symbol
RFX8,21636,exact_symbol
RFXANK,21637,exact_symbol
RFXAP,21638,exact_symbol
RGCC,21641,exact_symbol
RGL1,21642,exact_symbol
RGL2,21643,exact_symbol
RGL3,21644,exact_symbol
RGMA,21646,exact_symbol
RGMB,21647,exact_symbol
RGN,21648,exact_symbol
RGP1,21649,exact_symbol
RGR,21657,exact_symbol
RGS1,21658,exact_symbol
RGS10,21659,exact_symbol
RGS11,21660,exact_symbol
RGS12,21661,exact_symbol
RGS13,21662,exact_symbol
RGS14,21663,exact_symbol
RGS16,21664,exact_symbol
RGS17,21665,exact_symbol
RGS18,21667,exact_symbol
RGS19,21668,exact_symbol
RGS2,21669,exact_symbol
RGS20,21670,exact_symbol
RGS21,21671,exact_symbol
RGS22,21672,exact_symbol
RGS3,21673,exact_symbol
RGS4,21674,exact_symbol
RGS5,21675,exact_symbol
RGS6,21676,exact_symbol
RGS7,21677,exact_symbol
RGS7BP,21678,exact_symbol
RGS8,21679,exact_symbol
RGS9,21680,exact_symbol
RGS9BP,21681,exact_symbol
RGSL1,21682,exact_symbol
RHAG,21683,exact_symbol
RHBDD1,21684,exact_symbol
RHBDD2,21685,exact_symbol
RHBDD3,21686,exact_symbol
RHBDF1,21687,exact_symbol
RHBDF2,21689,exact_symbol
RHBDL1,21690,exact_symbol
RHBDL2,21691,exact_symbol
RHBDL3,21692,exact_symbol
RHBG,21693,exact_symbol
RHCG,21695,exact_symbol
RHEB,21697,exact_symbol
RHEBL1,21698,exact_symbol
RHNO1,21702,exact_symbol
RHO,21703,exact_symbol
RHOA,21704,exact_symbol
RHOB,21705,exact_symbol
RHOBTB1,21706,exact_symbol
RHOBTB2,21707,exact_symbol
RHOBTB3,21708,exact_symbol
RHOC,21709,exact_symbol
RHOD,21710,exact_symbol
RHOF,21711,exact_symbol
RHOG,21712,exact_symbol
RHOH,21713,exact_symbol
RHOJ,21714,exact_symbol
RHOQ,21715,exact_symbol
RHOT1,21719,exact_symbol
RHOT2,21723,exact_symbol
RHOU,21724,exact_symbol
RHOV,21725,exact_symbol
RHPN1,21732,exact_symbol
RHPN2,21733,exact_symbol
RIBC1,21734,exact_symbol
RIBC2,21735,exact_symbol
RIC1,21736,exact_symbol
RIC3,21737,exact_symbol
RIC8A,21738,exact_symbol
RIC8B,21739,exact_symbol
RICTOR,21740,exact_symbol
RIDA,21741,exact_symbol
RIF1,21742,exact_symbol
RIIAD1,21743,exact_symbol
RILP,21744,exact_symbol
RILPL1,21745,exact_symbol
RILPL2,21746,exact_symbol
RIMBP2,21747,exact_symbol
RIMKLA,21751,exact_symbol
RIMKLB,21752,exact_symbol
RIMS1,21755,exact_symbol
RIMS2,21756,exact_symbol
RIMS3,21757,exact_symbol
RIMS4,21758,exact_symbol
RIN1,21759,exact_symbol
RIN2,21760,exact_symbol
RIN3,21761,exact_symbol
RING1,21762,exact_symbol
RINL,21763,exact_symbol
RINT1,21764,exact_symbol
RIOK1,21765,exact_symbol
RIOK2,21766,exact_symbol
RIOK3,21767,exact_symbol
RIOX1,3837,hgnc_previous_symbol
RIOX2,15628,hgnc_previous_symbol
RIPK1,21769,exact_symbol
RIPK2,21770,exact_symbol
RIPK3,21771,exact_symbol
RIPK4,21772,exact_symbol
RIPOR1,9406,hgnc_previous_symbol
RIPOR2,9407,hgnc_previous_symbol
RIPOR3,9408,hgnc_previous_symbol
RIPPLY2,21774,exact_symbol
RIPPLY3,21775,exact_symbol
RIT1,21776,exact_symbol
RIT2,21777,exact_symbol
RITA1,21778,exact_symbol
RLBP1,21779,exact_symbol
RLF,21780,exact_symbol
RLIM,21781,exact_symbol
RLN3,21786,exact_symbol
RMC1,3908,hgnc_previous_symbol
RMDN1,21787,exact_symbol
RMDN2,21788,exact_symbol
RMDN3,21789,exact_symbol
RMI1,21790,exact_symbol
RMI2,21791,exact_symbol
RMND1,21792,exact_symbol
RMND5A,21793,exact_symbol
RMND5B,21794,exact_symbol
RNASE1,21795,exact_symbol
RNASE10,21796,exact_symbol
RNASE12,21798,exact_symbol
RNASE13,21799,exact_symbol
RNASE4,21802,exact_symbol
RNASE6,21803,exact_symbol
RNASEH1,21807,exact_symbol
RNASEH2A,21810,exact_symbol
RNASEH2B,21811,exact_symbol
RNASEH2C,21812,exact_symbol
RNASEK,21814,exact_symbol
RNASEL,21816,exact_symbol
RND1,21818,exact_symbol
RND2,21819,exact_symbol
RND3,21820,exact_symbol
RNF10,21821,exact_symbol
RNF103,21822,exact_symbol
RNF11,21825,exact_symbol
RNF111,21826,exact_symbol
RNF112,21827,exact_symbol
RNF114,21830,exact_symbol
RNF115,21831,exact_symbol
RNF121,21833,exact_symbol
RNF122,21834,exact_symbol
RNF123,21835,exact_symbol
RNF125,21836,exact_symbol
RNF126,21837,exact_symbol
RNF128,21839,exact_symbol
RNF13,21840,exact_symbol
RNF130,21841,exact_symbol
RNF133,21842,exact_symbol
RNF138,21844,exact_symbol
RNF139,21847,exact_symbol
RNF14,21848,exact_symbol
RNF141,21849,exact_symbol
RNF144A,21850,exact_symbol
RNF144B,21851,exact_symbol
RNF145,21852,exact_symbol
RNF146,21853,exact_symbol
RNF148,21854,exact_symbol
RNF149,21855,exact_symbol
RNF150,21856,exact_symbol
RNF151,21857,exact_symbol
RNF152,21858,exact_symbol
RNF157,21860,exact_symbol
RNF166,21862,exact_symbol
RNF167,21863,exact_symbol
RNF168,21864,exact_symbol
RNF169,21865,exact_symbol
RNF17,21866,exact_symbol
RNF170,21867,exact_symbol
RNF180,21869,exact_symbol
RNF182,21871,exact_symbol
RNF183,21872,exact_symbol
RNF185,21873,exact_symbol
RNF186,21874,exact_symbol
RNF19B,21877,exact_symbol
RNF2,21880,exact_symbol
RNF20,21881,exact_symbol
RNF207,21882,exact_symbol
RNF208,21883,exact_symbol
RNF212,21884,exact_symbol
RNF212B,21885,exact_symbol
RNF213,21886,exact_symbol
RNF214,21887,exact_symbol
RNF215,21888,exact_symbol
RNF216,21889,exact_symbol
RNF217,21891,exact_symbol
RNF220,21893,exact_symbol
RNF222,21894,exact_symbol
RNF223,21895,exact_symbol
RNF224,21896,exact_symbol
RNF225,21897,exact_symbol
RNF227,-1,missing
RNF24,21898,exact_symbol
RNF25,21899,exact_symbol
RNF31,21902,exact_symbol
RNF32,21903,exact_symbol
RNF34,21904,exact_symbol
RNF38,21905,exact_symbol
RNF39,21906,exact_symbol
RNF4,21907,exact_symbol
RNF40,21908,exact_symbol
RNF41,21909,exact_symbol
RNF43,21910,exact_symbol
RNF44,21911,exact_symbol
RNF5,21912,exact_symbol
RNF6,21914,exact_symbol
RNF8,21918,exact_symbol
RNFT1,21919,exact_symbol
RNFT2,21922,exact_symbol
RNGTT,21923,exact_symbol
RNH1,21925,exact_symbol
RNLS,21926,exact_symbol
RNMT,21927,exact_symbol
RNPC3,21930,exact_symbol
RNPEP,21931,exact_symbol
RNPEPL1,21932,exact_symbol
RNPS1,21933,exact_symbol
RO60,32749,hgnc_previous_symbol
ROBO1,21936,exact_symbol
ROBO2,21937,exact_symbol
ROBO3,21939,exact_symbol
ROBO4,21940,exact_symbol
ROCK1,21941,exact_symbol
ROCK2,21943,exact_symbol
ROGDI,21944,exact_symbol
ROM1,21945,exact_symbol
ROMO1,21946,exact_symbol
ROPN1L,21949,exact_symbol
ROR1,21950,exact_symbol
ROR2,21951,exact_symbol
RORA,21952,exact_symbol
RORB,21953,exact_symbol
RORC,21954,exact_symbol
ROS1,21955,exact_symbol
RP1,21956,exact_symbol
RP2,26711,exact_symbol
RP9,27231,exact_symbol
RPA1,27233,exact_symbol
RPA2,27234,exact_symbol
RPA3,27238,exact_symbol
RPAIN,27240,exact_symbol
RPAP1,27241,exact_symbol
RPAP2,27242,exact_symbol
RPAP3,27243,exact_symbol
RPE65,27245,exact_symbol
RPF1,27253,exact_symbol
RPF2,27254,exact_symbol
RPGRIP1,27258,exact_symbol
RPGRIP1L,27259,exact_symbol
RPH3A,27260,exact_symbol
RPH3AL,27261,exact_symbol
RPIA,27262,exact_symbol
RPL10,27264,exact_symbol
RPL10A,27265,exact_symbol
RPL10L,27271,exact_symbol
RPL11,27277,exact_symbol
RPL12,27279,exact_symbol
RPL13,27330,exact_symbol
RPL13A,27331,exact_symbol
RPL14,27347,exact_symbol
RPL15,27351,exact_symbol
RPL18A,27385,exact_symbol
RPL19,27397,exact_symbol
RPL22,27465,exact_symbol
RPL22L1,27466,exact_symbol
RPL23,27472,exact_symbol
RPL23A,27473,exact_symbol
RPL26,27576,exact_symbol
RPL27,27587,exact_symbol
RPL27A,27588,exact_symbol
RPL28,27593,exact_symbol
RPL3,27611,exact_symbol
RPL32,27657,exact_symbol
RPL34,27669,exact_symbol
RPL35A,27685,exact_symbol
RPL36,27710,exact_symbol
RPL37,27739,exact_symbol
RPL37A,27740,exact_symbol
RPL38,27753,exact_symbol
RPL39,27757,exact_symbol
RPL3L,27774,exact_symbol
RPL4,27788,exact_symbol
RPL5,27799,exact_symbol
RPL6,27835,exact_symbol
RPL7A,27848,exact_symbol
RPL7L1,27882,exact_symbol
RPL8,27956,exact_symbol
RPN1,27986,exact_symbol
RPN2,27987,exact_symbol
RPP14,27988,exact_symbol
RPP21,27989,exact_symbol
RPP25,27990,exact_symbol
RPP25L,27991,exact_symbol
RPP30,27992,exact_symbol
RPP38,27993,exact_symbol
RPP40,27994,exact_symbol
RPRD1A,27997,exact_symbol
RPRD1B,27998,exact_symbol
RPRD2,27999,exact_symbol
RPRM,28000,exact_symbol
RPRML,28001,exact_symbol
RPS11,28014,exact_symbol
RPS13,28033,exact_symbol
RPS14,28035,exact_symbol
RPS15,28039,exact_symbol
RPS15A,28040,exact_symbol
RPS16,28063,exact_symbol
RPS17,28067,exact_symbol
RPS18,28077,exact_symbol
RPS19BP1,28084,exact_symbol
RPS2,28088,exact_symbol
RPS20,28089,exact_symbol
RPS21,28107,exact_symbol
RPS23,28111,exact_symbol
RPS27A,28160,exact_symbol
RPS27L,28165,exact_symbol
RPS28,28180,exact_symbol
RPS5,28281,exact_symbol
RPS6,28285,exact_symbol
RPS6KA1,28286,exact_symbol
RPS6KA2,28287,exact_symbol
RPS6KA3,28288,exact_symbol
RPS6KA4,28289,exact_symbol
RPS6KA5,28290,exact_symbol
RPS6KA6,28291,exact_symbol
RPS6KB1,28292,exact_symbol
RPS6KB2,28293,exact_symbol
RPS6KC1,28294,exact_symbol
RPS6KL1,28295,exact_symbol
RPS7,28306,exact_symbol
RPS8,28322,exact_symbol
RPS9,28326,exact_symbol
RPTOR,28404,exact_symbol
RPUSD1,28405,exact_symbol
RPUSD2,28406,exact_symbol
RPUSD3,28407,exact_symbol
RPUSD4,28408,exact_symbol
RRAD,28409,exact_symbol
RRAGA,28410,exact_symbol
RRAGB,28411,exact_symbol
RRAGC,28412,exact_symbol
RRAGD,28413,exact_symbol
RRAS,28414,exact_symbol
RRAS2,28415,exact_symbol
RRBP1,28416,exact_symbol
RREB1,28417,exact_symbol
RRH,28418,exact_symbol
RRM1,28419,exact_symbol
RRM2,28420,exact_symbol
RRM2B,28421,exact_symbol
RRN3,28425,exact_symbol
RRP1,28430,exact_symbol
RRP12,28431,exact_symbol
RRP15,28432,exact_symbol
RRP1B,28433,exact_symbol
RRP36,28434,exact_symbol
RRP7A,28435,exact_symbol
RRP8,28437,exact_symbol
RRP9,28438,exact_symbol
RRS1,28439,exact_symbol
RS1,28440,exact_symbol
RSAD1,28441,exact_symbol
RSAD2,28442,exact_symbol
RSBN1,28443,exact_symbol
RSBN1L,28444,exact_symbol
RSF1,28446,exact_symbol
RSKR,-1,missing
RSL1D1,28448,exact_symbol
RSL24D1,28449,exact_symbol
RSPH1,28459,exact_symbol
RSPH14,28462,exact_symbol
RSPH4A,28464,exact_symbol
RSPH6A,28465,exact_symbol
RSPH9,28466,exact_symbol
RSPO1,28467,exact_symbol
RSPO2,28468,exact_symbol
RSPO3,28469,exact_symbol
RSPO4,28470,exact_symbol
RSPRY1,28471,exact_symbol
RSRC1,28472,exact_symbol
RSRC2,28473,exact_symbol
RSRP1,28474,exact_symbol
RSU1,28475,exact_symbol
RTBDN,28479,exact_symbol
RTCA,28480,exact_symbol
RTCB,28481,exact_symbol
RTEL1,28482,exact_symbol
RTF1,28485,exact_symbol
RTF2,28486,hgnc_previous_symbol
RTKN,28487,exact_symbol
RTKN2,28488,exact_symbol
RTL3,34400,hgnc_previous_symbol
RTL4,34393,hgnc_previous_symbol
RTL5,21640,hgnc_previous_symbol
RTL6,14448,hgnc_previous_symbol
RTL9,21639,hgnc_previous_symbol
RTN1,28490,exact_symbol
RTN2,28491,exact_symbol
RTN3,28492,exact_symbol
RTN4,28494,exact_symbol
RTN4IP1,28495,exact_symbol
RTN4R,28496,exact_symbol
RTN4RL1,28497,exact_symbol
RTN4RL2,28498,exact_symbol
RTP1,28499,exact_symbol
RTP2,28500,exact_symbol
RTRAF,3836,hgnc_previous_symbol
RTTN,28504,exact_symbol
RUBCN,28505,exact_symbol
RUBCNL,13653,hgnc_previous_symbol
RUFY1,28506,exact_symbol
RUFY2,28507,exact_symbol
RUFY3,28508,exact_symbol
RUFY4,28509,exact_symbol
RUNDC1,28510,exact_symbol
RUNDC3A,28511,exact_symbol
RUNDC3B,28512,exact_symbol
RUNX1,28513,exact_symbol
RUNX1T1,28514,exact_symbol
RUNX2,28515,exact_symbol
RUNX3,28516,exact_symbol
RUSC1,28517,exact_symbol
RUSC2,28518,exact_symbol
RUSF1,3865,hgnc_previous_symbol
RUVBL1,28519,exact_symbol
RUVBL2,28520,exact_symbol
RWDD1,28521,exact_symbol
RWDD2A,28522,exact_symbol
RWDD2B,28523,exact_symbol
RWDD3,28524,exact_symbol
RWDD4,28525,exact_symbol
RXFP1,28528,exact_symbol
RXFP2,28529,exact_symbol
RXFP4,28531,exact_symbol
RXRA,28532,exact_symbol
RXRB,28533,exact_symbol
RXRG,28534,exact_symbol
RXYLT1,31922,hgnc_previous_symbol
RYBP,28535,exact_symbol
RYK,28536,exact_symbol
RYR1,28538,exact_symbol
RYR2,28539,exact_symbol
RYR3,28540,exact_symbol
S100A1,28541,exact_symbol
S100A10,28542,exact_symbol
S100A11,28543,exact_symbol
S100A13,28547,exact_symbol
S100A14,28548,exact_symbol
S100A16,28549,exact_symbol
S100A3,28551,exact_symbol
S100A4,28552,exact_symbol
S100A5,28553,exact_symbol
S100A6,28554,exact_symbol
S100A8,28558,exact_symbol
S100B,28560,exact_symbol
S100G,28561,exact_symbol
S100PBP,28563,exact_symbol
S100Z,28564,exact_symbol
S1PR1,28565,exact_symbol
S1PR2,28566,exact_symbol
S1PR3,28567,exact_symbol
S1PR4,28568,exact_symbol
S1PR5,28569,exact_symbol
SAA4,28574,exact_symbol
SAAL1,28575,exact_symbol
SAC3D1,28576,exact_symbol
SACM1L,28577,exact_symbol
SACS,28578,exact_symbol
SAE1,28579,exact_symbol
SAFB,28580,exact_symbol
SAFB2,28581,exact_symbol
SAG,28582,exact_symbol
SALL1,28587,exact_symbol
SALL2,28589,exact_symbol
SALL3,28590,exact_symbol
SALL4,28591,exact_symbol
SAMD10,28598,exact_symbol
SAMD12,28601,exact_symbol
SAMD13,28602,exact_symbol
SAMD14,28603,exact_symbol
SAMD3,28605,exact_symbol
SAMD4A,28606,exact_symbol
SAMD4B,28607,exact_symbol
SAMD5,28608,exact_symbol
SAMD7,28609,exact_symbol
SAMD8,28610,exact_symbol
SAMD9L,28612,exact_symbol
SAMHD1,28613,exact_symbol
SAMM50,28614,exact_symbol
SAMSN1,28616,exact_symbol
SANBR,13705,stable_id
SAP130,28617,exact_symbol
SAP30,28623,exact_symbol
SAP30BP,28624,exact_symbol
SAP30L,28625,exact_symbol
SAPCD1,28626,exact_symbol
SAPCD2,28627,exact_symbol
SAR1A,28632,exact_symbol
SAR1B,28634,exact_symbol
SARAF,28637,exact_symbol
SARDH,28638,exact_symbol
SARM1,28639,exact_symbol
SARNP,28640,exact_symbol
SARS2,28642,exact_symbol
SART1,28643,exact_symbol
SART3,28644,exact_symbol
SASH1,28645,exact_symbol
SASH3,28646,exact_symbol
SASS6,28647,exact_symbol
SAT1,28648,exact_symbol
SAT2,28649,exact_symbol
SATB1,28650,exact_symbol
SATB2,28651,exact_symbol
SAV1,28653,exact_symbol
SAXO2,28655,exact_symbol
SAYSD1,28656,exact_symbol
SBDS,28657,exact_symbol
SBF1,28659,exact_symbol
SBF2,28661,exact_symbol
SBK1,28662,exact_symbol
SBK2,28663,exact_symbol
SBK3,28664,exact_symbol
SBNO1,28665,exact_symbol
SBNO2,28666,exact_symbol
SBSPON,28668,exact_symbol
SC5D,28670,exact_symbol
SCAF1,28671,exact_symbol
SCAF11,28672,exact_symbol
SCAF4,28673,exact_symbol
SCAF8,28674,exact_symbol
SCAI,28675,exact_symbol
SCAMP1,28676,exact_symbol
SCAMP2,28677,exact_symbol
SCAMP3,28678,exact_symbol
SCAMP4,28679,exact_symbol
SCAMP5,28680,exact_symbol
SCAND1,28681,exact_symbol
SCAP,28684,exact_symbol
SCAPER,28685,exact_symbol
SCARA3,28686,exact_symbol
SCARA5,28687,exact_symbol
SCARB1,28688,exact_symbol
SCARB2,28689,exact_symbol
SCARF1,28690,exact_symbol
SCARF2,28691,exact_symbol
SCCPDH,28693,exact_symbol
SCEL,28697,exact_symbol
SCFD1,28698,exact_symbol
SCFD2,28699,exact_symbol
SCG2,28700,exact_symbol
SCG3,28701,exact_symbol
SCG5,28702,exact_symbol
SCGB1A1,28703,exact_symbol
SCGB3A1,28714,exact_symbol
SCGN,28716,exact_symbol
SCHIP1,28717,exact_symbol
SCIMP,28718,exact_symbol
SCIN,28719,exact_symbol
SCLT1,28720,exact_symbol
SCLY,28721,exact_symbol
SCMH1,28722,exact_symbol
SCML4,28727,exact_symbol
SCN10A,28728,exact_symbol
SCN11A,28729,exact_symbol
SCN1A,28730,exact_symbol
SCN1B,28731,exact_symbol
SCN2A,28732,exact_symbol
SCN2B,28733,exact_symbol
SCN3A,28734,exact_symbol
SCN3B,28735,exact_symbol
SCN4A,28736,exact_symbol
SCN4B,28737,exact_symbol
SCN5A,28738,exact_symbol
SCN7A,28739,exact_symbol
SCN8A,28740,exact_symbol
SCN9A,28741,exact_symbol
SCNM1,28742,exact_symbol
SCNN1A,28743,exact_symbol
SCNN1B,28744,exact_symbol
SCNN1G,28746,exact_symbol
SCO1,28747,exact_symbol
SCO2,28748,exact_symbol
SCOC,28749,exact_symbol
SCP2,28751,exact_symbol
SCP2D1,28752,exact_symbol
SCPEP1,28753,exact_symbol
SCRG1,28754,exact_symbol
SCRIB,28755,exact_symbol
SCRN1,28756,exact_symbol
SCRN2,28757,exact_symbol
SCRN3,28758,exact_symbol
SCRT1,28759,exact_symbol
SCRT2,28760,exact_symbol
SCT,28761,exact_symbol
SCTR,28762,exact_symbol
SCUBE1,28763,exact_symbol
SCUBE2,28764,exact_symbol
SCUBE3,28765,exact_symbol
SCX,28766,exact_symbol
SCYL1,28767,exact_symbol
SCYL2,28768,exact_symbol
SCYL3,28769,exact_symbol
SDAD1,28771,exact_symbol
SDC1,28776,exact_symbol
SDC2,28777,exact_symbol
SDC3,28778,exact_symbol
SDC4,28779,exact_symbol
SDCBP,28781,exact_symbol
SDCBP2,28782,exact_symbol
SDCCAG8,28790,exact_symbol
SDE2,28791,exact_symbol
SDF2,28792,exact_symbol
SDF2L1,28793,exact_symbol
SDF4,28794,exact_symbol
SDHA,28795,exact_symbol
SDHAF1,28796,exact_symbol
SDHAF2,28797,exact_symbol
SDHAF3,28798,exact_symbol
SDHAF4,28799,exact_symbol
SDHB,28803,exact_symbol
SDHC,28804,exact_symbol
SDHD,28809,exact_symbol
SDK1,28813,exact_symbol
SDK2,28814,exact_symbol
SDR16C5,28816,exact_symbol
SDR39U1,28818,exact_symbol
SDR42E1,28819,exact_symbol
SDR9C7,28826,exact_symbol
SDS,28827,exact_symbol
SDSL,28828,exact_symbol
SEBOX,28829,exact_symbol
SEC11A,28830,exact_symbol
SEC11C,28832,exact_symbol
SEC13,28833,exact_symbol
SEC14L1,28835,exact_symbol
SEC14L2,28837,exact_symbol
SEC14L3,28838,exact_symbol
SEC14L4,28839,exact_symbol
SEC14L5,28840,exact_symbol
SEC16A,28842,exact_symbol
SEC16B,28843,exact_symbol
SEC22A,28845,exact_symbol
SEC22B,28846,exact_symbol
SEC22C,28847,exact_symbol
SEC23A,28848,exact_symbol
SEC23B,28849,exact_symbol
SEC23IP,28850,exact_symbol
SEC24A,28851,exact_symbol
SEC24B,28852,exact_symbol
SEC24C,28853,exact_symbol
SEC24D,28854,exact_symbol
SEC31A,28855,exact_symbol
SEC31B,28856,exact_symbol
SEC61A1,28857,exact_symbol
SEC61A2,28858,exact_symbol
SEC61B,28859,exact_symbol
SEC61G,28860,exact_symbol
SEC62,28861,exact_symbol
SEC63,28862,exact_symbol
SECISBP2,28865,exact_symbol
SECISBP2L,28866,exact_symbol
SEH1L,28868,exact_symbol
SEL1L,28869,exact_symbol
SEL1L2,28870,exact_symbol
SEL1L3,28871,exact_symbol
SELE,28872,exact_symbol
SELENOF,-1,missing
SELENOI,8868,hgnc_previous_symbol
SELENOK,-1,missing
SELENOM,-1,missing
SELENON,28920,hgnc_previous_symbol
SELENOO,-1,missing
SELENOP,28921,hgnc_previous_symbol
SELENOS,33710,hgnc_previous_symbol
SELENOT,-1,missing
SELENOW,28959,hgnc_previous_symbol
SELL,28875,exact_symbol
SELP,28878,exact_symbol
SEM1,29200,hgnc_previous_symbol
SEMA3A,28882,exact_symbol
SEMA3B,28883,exact_symbol
SEMA3C,28884,exact_symbol
SEMA3D,28885,exact_symbol
SEMA3E,28886,exact_symbol
SEMA3F,28887,exact_symbol
SEMA3G,28888,exact_symbol
SEMA4A,28889,exact_symbol
SEMA4B,28890,exact_symbol
SEMA4C,28891,exact_symbol
SEMA4D,28892,exact_symbol
SEMA4F,28893,exact_symbol
SEMA4G,28894,exact_symbol
SEMA5A,28895,exact_symbol
SEMA5B,28896,exact_symbol
SEMA6A,28897,exact_symbol
SEMA6B,28898,exact_symbol
SEMA6C,28899,exact_symbol
SEMA6D,28900,exact_symbol
SEMA7A,28901,exact_symbol
SENP1,28904,exact_symbol
SENP3,28906,exact_symbol
SENP5,28908,exact_symbol
SENP6,28909,exact_symbol
SENP7,28910,exact_symbol
SENP8,28911,exact_symbol
SEPHS1,28913,exact_symbol
SEPHS2,28918,exact_symbol
SEPSECS,28922,exact_symbol
SEPTIN1,28923,hgnc_previous_symbol
SEPTIN10,28924,hgnc_previous_symbol
SEPTIN11,28926,hgnc_previous_symbol
SEPTIN12,28927,hgnc_previous_symbol
SEPTIN14,28928,hgnc_previous_symbol
SEPTIN2,28941,hgnc_previous_symbol
SEPTIN3,28943,hgnc_previous_symbol
SEPTIN5,28945,hgnc_previous_symbol
SEPTIN6,28946,hgnc_previous_symbol
SEPTIN7,28947,hgnc_previous_symbol
SEPTIN8,28957,hgnc_previous_symbol
SEPTIN9,28958,hgnc_previous_symbol
SERAC1,28961,exact_symbol
SERBP1,28962,exact_symbol
SERF1A,28969,exact_symbol
SERGEF,28973,exact_symbol
SERHL2,28974,exact_symbol
SERINC1,28975,exact_symbol
SERINC2,28976,exact_symbol
SERINC3,28977,exact_symbol
SERINC4,28978,exact_symbol
SERINC5,28979,exact_symbol
SERP1,28980,exact_symbol
SERP2,28981,exact_symbol
SERPINA10,28983,exact_symbol
SERPINA11,28984,exact_symbol
SERPINA12,28985,exact_symbol
SERPINA5,28991,exact_symbol
SERPINA6,28992,exact_symbol
SERPINA7,28993,exact_symbol
SERPINA9,28995,exact_symbol
SERPINB10,28997,exact_symbol
SERPINB11,28998,exact_symbol
SERPINB12,28999,exact_symbol
SERPINB13,29000,exact_symbol
SERPINB2,29001,exact_symbol
SERPINB5,29004,exact_symbol
SERPINB7,29006,exact_symbol
SERPINB8,29007,exact_symbol
SERPINC1,29010,exact_symbol
SERPIND1,29011,exact_symbol
SERPINE1,29012,exact_symbol
SERPINE2,29013,exact_symbol
SERPINE3,29014,exact_symbol
SERPINF1,29016,exact_symbol
SERPINF2,29017,exact_symbol
SERPING1,29018,exact_symbol
SERPINH1,29019,exact_symbol
SERPINI1,29021,exact_symbol
SERPINI2,29022,exact_symbol
SERTAD1,29023,exact_symbol
SERTAD2,29024,exact_symbol
SERTAD3,29025,exact_symbol
SERTAD4,29026,exact_symbol
SERTM1,29027,exact_symbol
SESN1,29028,exact_symbol
SESN2,29029,exact_symbol
SESN3,29030,exact_symbol
SESTD1,29031,exact_symbol
SETBP1,29033,exact_symbol
SETD1B,29035,exact_symbol
SETD2,29036,exact_symbol
SETD3,29037,exact_symbol
SETD4,29038,exact_symbol
SETD5,29039,exact_symbol
SETD6,29040,exact_symbol
SETD7,29042,exact_symbol
SETDB1,29045,exact_symbol
SETDB2,29046,exact_symbol
SETX,29068,exact_symbol
SEZ6,29069,exact_symbol
SEZ6L,29070,exact_symbol
SEZ6L2,29071,exact_symbol
SF1,29072,exact_symbol
SF3A1,29073,exact_symbol
SF3A2,29074,exact_symbol
SF3A3,29075,exact_symbol
SF3B1,29078,exact_symbol
SF3B2,29079,exact_symbol
SF3B3,29080,exact_symbol
SF3B4,29081,exact_symbol
SF3B5,29082,exact_symbol
SF3B6,29083,exact_symbol
SFI1,29084,exact_symbol
SFMBT1,29085,exact_symbol
SFMBT2,29086,exact_symbol
SFN,29087,exact_symbol
SFPQ,29088,exact_symbol
SFRP1,29093,exact_symbol
SFRP2,29094,exact_symbol
SFRP4,29095,exact_symbol
SFRP5,29096,exact_symbol
SFSWAP,29097,exact_symbol
SFT2D2,29099,exact_symbol
SFT2D3,29100,exact_symbol
SFTA2,29101,exact_symbol
SFTPB,29106,exact_symbol
SFTPC,29107,exact_symbol
SFTPD,29108,exact_symbol
SFXN1,29109,exact_symbol
SFXN2,29110,exact_symbol
SFXN3,29111,exact_symbol
SFXN4,29112,exact_symbol
SFXN5,29113,exact_symbol
SGCA,29114,exact_symbol
SGCB,29115,exact_symbol
SGCD,29116,exact_symbol
SGCE,29117,exact_symbol
SGCG,29118,exact_symbol
SGCZ,29119,exact_symbol
SGF29,29120,exact_symbol
SGIP1,29121,exact_symbol
SGK1,29122,exact_symbol
SGK2,29123,exact_symbol
SGK3,29125,exact_symbol
SGMS1,29127,exact_symbol
SGMS2,29128,exact_symbol
SGO1,29129,exact_symbol
SGPL1,29133,exact_symbol
SGPP1,29134,exact_symbol
SGPP2,29135,exact_symbol
SGSH,29136,exact_symbol
SGSM1,29137,exact_symbol
SGSM2,29138,exact_symbol
SGSM3,29139,exact_symbol
SGTA,29140,exact_symbol
SGTB,29141,exact_symbol
SH2B1,29142,exact_symbol
SH2B2,29143,exact_symbol
SH2B3,29144,exact_symbol
SH2D1A,29145,exact_symbol
SH2D2A,29147,exact_symbol
SH2D3C,29149,exact_symbol
SH2D4A,29150,exact_symbol
SH2D4B,29151,exact_symbol
SH2D5,29152,exact_symbol
SH2D6,29153,exact_symbol
SH2D7,29154,exact_symbol
SH3BGRL,29156,exact_symbol
SH3BGRL2,29157,exact_symbol
SH3BGRL3,29158,exact_symbol
SH3BP1,29159,exact_symbol
SH3BP2,29160,exact_symbol
SH3BP4,29161,exact_symbol
SH3BP5,29162,exact_symbol
SH3BP5L,29163,exact_symbol
SH3D19,29164,exact_symbol
SH3GL1,29166,exact_symbol
SH3GL2,29170,exact_symbol
SH3GL3,29171,exact_symbol
SH3GLB1,29172,exact_symbol
SH3GLB2,29173,exact_symbol
SH3KBP1,29174,exact_symbol
SH3PXD2A,29175,exact_symbol
SH3PXD2B,29176,exact_symbol
SH3RF1,29177,exact_symbol
SH3RF2,29178,exact_symbol
SH3RF3,29179,exact_symbol
SH3TC1,29180,exact_symbol
SH3TC2,29181,exact_symbol
SH3YL1,29182,exact_symbol
SHANK1,29183,exact_symbol
SHANK2,29184,exact_symbol
SHANK3,29185,exact_symbol
SHARPIN,29186,exact_symbol
SHB,29187,exact_symbol
SHBG,29188,exact_symbol
SHC1,29189,exact_symbol
SHC3,29193,exact_symbol
SHC4,29194,exact_symbol
SHCBP1,29195,exact_symbol
SHCBP1L,29196,exact_symbol
SHD,29197,exact_symbol
SHE,29198,exact_symbol
SHFL,3926,hgnc_previous_symbol
SHH,29202,exact_symbol
SHISA2,29203,exact_symbol
SHISA3,29204,exact_symbol
SHISA4,29205,exact_symbol
SHISA5,29206,exact_symbol
SHISA6,29207,exact_symbol
SHISA7,29208,exact_symbol
SHISA8,29209,exact_symbol
SHISA9,29210,exact_symbol
SHISAL1,13700,hgnc_previous_symbol
SHISAL2A,9194,hgnc_previous_symbol
SHISAL2B,9195,hgnc_previous_symbol
SHKBP1,29211,exact_symbol
SHLD1,4025,hgnc_previous_symbol
SHLD2,9363,hgnc_previous_symbol
SHLD3,-1,missing
SHMT1,29212,exact_symbol
SHMT2,29214,exact_symbol
SHOC1,4233,hgnc_previous_symbol
SHOC2,29215,exact_symbol
SHOX2,29217,exact_symbol
SHPK,29218,exact_symbol
SHPRH,29219,exact_symbol
SHQ1,29220,exact_symbol
SHROOM1,29221,exact_symbol
SHROOM2,29222,exact_symbol
SHROOM3,29224,exact_symbol
SHROOM4,29225,exact_symbol
SHTN1,29226,exact_symbol
SI,29227,exact_symbol
SIAE,29228,exact_symbol
SIAH2,29231,exact_symbol
SIAH3,29232,exact_symbol
SIDT1,29233,exact_symbol
SIDT2,29234,exact_symbol
SIGIRR,29235,exact_symbol
SIGLEC1,29236,exact_symbol
SIGLEC15,29241,exact_symbol
SIGLECL1,29260,exact_symbol
SIGMAR1,29261,exact_symbol
SIK1,29262,exact_symbol
SIK2,29263,exact_symbol
SIK3,29264,exact_symbol
SIKE1,29265,exact_symbol
SIL1,29266,exact_symbol
SIM1,29267,exact_symbol
SIM2,29268,exact_symbol
SIMC1,29269,exact_symbol
SIN3A,29270,exact_symbol
SIN3B,29271,exact_symbol
SINHCAF,9399,hgnc_previous_symbol
SIPA1,29272,exact_symbol
SIPA1L1,29273,exact_symbol
SIPA1L2,29274,exact_symbol
SIPA1L3,29275,exact_symbol
SIRT1,29283,exact_symbol
SIRT2,29284,exact_symbol
SIRT3,29285,exact_symbol
SIRT4,29286,exact_symbol
SIRT5,29287,exact_symbol
SIRT6,29288,exact_symbol
SIRT7,29289,exact_symbol
SIT1,29290,exact_symbol
SIVA1,29291,exact_symbol
SIX1,29292,exact_symbol
SIX2,29293,exact_symbol
SIX3,29294,exact_symbol
SIX4,29295,exact_symbol
SIX5,29296,exact_symbol
SIX6,29297,exact_symbol
SKA1,29298,exact_symbol
SKA2,29299,exact_symbol
SKA3,29301,exact_symbol
SKAP1,29302,exact_symbol
SKAP2,29303,exact_symbol
SKI,29304,exact_symbol
SKIDA1,29305,exact_symbol
SKIL,29306,exact_symbol
SKOR1,29310,exact_symbol
SKOR2,29311,exact_symbol
SKP1,29312,exact_symbol
SKP2,29315,exact_symbol
SLA,29316,exact_symbol
SLA2,29317,exact_symbol
SLAIN1,29318,exact_symbol
SLAIN2,29319,exact_symbol
SLAMF1,29320,exact_symbol
SLAMF8,29324,exact_symbol
SLAMF9,29325,exact_symbol
SLBP,29326,exact_symbol
SLC10A1,29327,exact_symbol
SLC10A2,29328,exact_symbol
SLC10A3,29329,exact_symbol
SLC10A5,29331,exact_symbol
SLC10A6,29333,exact_symbol
SLC10A7,29334,exact_symbol
SLC11A1,29335,exact_symbol
SLC11A2,29336,exact_symbol
SLC12A1,29337,exact_symbol
SLC12A2,29338,exact_symbol
SLC12A3,29339,exact_symbol
SLC12A4,29340,exact_symbol
SLC12A5,29341,exact_symbol
SLC12A6,29342,exact_symbol
SLC12A7,29343,exact_symbol
SLC12A8,29344,exact_symbol
SLC12A9,29345,exact_symbol
SLC13A1,29346,exact_symbol
SLC13A2,29347,exact_symbol
SLC13A3,29348,exact_symbol
SLC13A4,29349,exact_symbol
SLC13A5,29350,exact_symbol
SLC14A1,29351,exact_symbol
SLC15A1,29353,exact_symbol
SLC15A2,29354,exact_symbol
SLC15A3,29355,exact_symbol
SLC15A4,29356,exact_symbol
SLC15A5,29357,exact_symbol
SLC16A1,29358,exact_symbol
SLC16A10,29359,exact_symbol
SLC16A11,29360,exact_symbol
SLC16A12,29361,exact_symbol
SLC16A13,29362,exact_symbol
SLC16A14,29363,exact_symbol
SLC16A2,29366,exact_symbol
SLC16A3,29367,exact_symbol
SLC16A4,29368,exact_symbol
SLC16A6,29370,exact_symbol
SLC16A7,29372,exact_symbol
SLC16A8,29373,exact_symbol
SLC16A9,29374,exact_symbol
SLC17A1,29375,exact_symbol
SLC17A2,29376,exact_symbol
SLC17A3,29377,exact_symbol
SLC17A4,29378,exact_symbol
SLC17A5,29379,exact_symbol
SLC17A6,29380,exact_symbol
SLC17A7,29381,exact_symbol
SLC17A8,29382,exact_symbol
SLC17A9,29383,exact_symbol
SLC18A1,29384,exact_symbol
SLC18A2,29385,exact_symbol
SLC18A3,29386,exact_symbol
SLC18B1,29387,exact_symbol
SLC19A1,29388,exact_symbol
SLC19A2,29389,exact_symbol
SLC19A3,29390,exact_symbol
SLC1A1,29391,exact_symbol
SLC1A2,29392,exact_symbol
SLC1A3,29393,exact_symbol
SLC1A4,29394,exact_symbol
SLC1A5,29395,exact_symbol
SLC1A6,29396,exact_symbol
SLC1A7,29397,exact_symbol
SLC20A1,29398,exact_symbol
SLC20A2,29402,exact_symbol
SLC22A1,29403,exact_symbol
SLC22A12,29406,exact_symbol
SLC22A14,29408,exact_symbol
SLC22A15,29409,exact_symbol
SLC22A17,29411,exact_symbol
SLC22A2,29414,exact_symbol
SLC22A23,29416,exact_symbol
SLC22A3,29419,exact_symbol
SLC22A4,29421,exact_symbol
SLC22A6,29423,exact_symbol
SLC22A7,29424,exact_symbol
SLC22A8,29425,exact_symbol
SLC23A1,29427,exact_symbol
SLC23A2,29428,exact_symbol
SLC23A3,29429,exact_symbol
SLC24A1,29430,exact_symbol
SLC24A2,29431,exact_symbol
SLC24A3,29432,exact_symbol
SLC24A4,29433,exact_symbol
SLC24A5,29434,exact_symbol
SLC25A1,29435,exact_symbol
SLC25A10,29436,exact_symbol
SLC25A11,29437,exact_symbol
SLC25A12,29438,exact_symbol
SLC25A13,29439,exact_symbol
SLC25A14,29440,exact_symbol
SLC25A15,29442,exact_symbol
SLC25A16,29448,exact_symbol
SLC25A17,29449,exact_symbol
SLC25A18,29450,exact_symbol
SLC25A19,29452,exact_symbol
SLC25A2,29458,exact_symbol
SLC25A20,29459,exact_symbol
SLC25A21,29461,exact_symbol
SLC25A22,29462,exact_symbol
SLC25A23,29463,exact_symbol
SLC25A24,29464,exact_symbol
SLC25A25,29467,exact_symbol
SLC25A26,29468,exact_symbol
SLC25A27,29469,exact_symbol
SLC25A28,29470,exact_symbol
SLC25A29,29471,exact_symbol
SLC25A3,29472,exact_symbol
SLC25A30,29473,exact_symbol
SLC25A31,29474,exact_symbol
SLC25A32,29475,exact_symbol
SLC25A33,29476,exact_symbol
SLC25A34,29477,exact_symbol
SLC25A35,29478,exact_symbol
SLC25A36,29479,exact_symbol
SLC25A37,29481,exact_symbol
SLC25A38,29482,exact_symbol
SLC25A39,29484,exact_symbol
SLC25A4,29489,exact_symbol
SLC25A40,29490,exact_symbol
SLC25A41,29491,exact_symbol
SLC25A42,29492,exact_symbol
SLC25A43,29493,exact_symbol
SLC25A44,29494,exact_symbol
SLC25A45,29495,exact_symbol
SLC25A46,29496,exact_symbol
SLC25A47,29497,exact_symbol
SLC25A48,29499,exact_symbol
SLC25A5,29500,exact_symbol
SLC25A53,29506,exact_symbol
SLC26A1,29523,exact_symbol
SLC26A11,29525,exact_symbol
SLC26A2,29526,exact_symbol
SLC26A3,29527,exact_symbol
SLC26A4,29528,exact_symbol
SLC26A5,29529,exact_symbol
SLC26A6,29530,exact_symbol
SLC26A7,29531,exact_symbol
SLC26A8,29532,exact_symbol
SLC26A9,29533,exact_symbol
SLC27A1,29534,exact_symbol
SLC27A2,29535,exact_symbol
SLC27A3,29536,exact_symbol
SLC27A4,29537,exact_symbol
SLC27A5,29538,exact_symbol
SLC27A6,29539,exact_symbol
SLC28A1,29540,exact_symbol
SLC28A3,29542,exact_symbol
SLC29A1,29543,exact_symbol
SLC29A2,29544,exact_symbol
SLC29A3,29545,exact_symbol
SLC29A4,29546,exact_symbol
SLC2A1,29549,exact_symbol
SLC2A10,29550,exact_symbol
SLC2A12,29552,exact_symbol
SLC2A13,29553,exact_symbol
SLC2A2,29556,exact_symbol
SLC2A4,29561,exact_symbol
SLC2A5,29563,exact_symbol
SLC2A6,29564,exact_symbol
SLC2A7,29565,exact_symbol
SLC2A8,29566,exact_symbol
SLC2A9,29567,exact_symbol
SLC30A1,29569,exact_symbol
SLC30A10,29570,exact_symbol
SLC30A2,29571,exact_symbol
SLC30A3,29572,exact_symbol
SLC30A4,29573,exact_symbol
SLC30A5,29574,exact_symbol
SLC30A6,29575,exact_symbol
SLC30A7,29576,exact_symbol
SLC30A8,29577,exact_symbol
SLC30A9,29578,exact_symbol
SLC31A1,29579,exact_symbol
SLC31A2,29581,exact_symbol
SLC32A1,29582,exact_symbol
SLC33A1,29583,exact_symbol
SLC34A1,29584,exact_symbol
SLC34A2,29585,exact_symbol
SLC34A3,29586,exact_symbol
SLC35A1,29587,exact_symbol
SLC35A2,29588,exact_symbol
SLC35A3,29589,exact_symbol
SLC35A4,29590,exact_symbol
SLC35A5,29591,exact_symbol
SLC35B1,29592,exact_symbol
SLC35B2,29593,exact_symbol
SLC35B3,29594,exact_symbol
SLC35B4,29595,exact_symbol
SLC35C1,29596,exact_symbol
SLC35C2,29597,exact_symbol
SLC35D1,29598,exact_symbol
SLC35D2,29599,exact_symbol
SLC35D3,29600,exact_symbol
SLC35E1,29601,exact_symbol
SLC35E2B,29604,exact_symbol
SLC35E3,29605,exact_symbol
SLC35E4,29606,exact_symbol
SLC35F1,29607,exact_symbol
SLC35F2,29608,exact_symbol
SLC35F3,29609,exact_symbol
SLC35F4,29610,exact_symbol
SLC35F5,29611,exact_symbol
SLC35F6,29612,exact_symbol
SLC35G1,29613,exact_symbol
SLC35G2,29614,exact_symbol
SLC36A1,29619,exact_symbol
SLC36A2,29620,exact_symbol
SLC36A3,29621,exact_symbol
SLC36A4,29622,exact_symbol
SLC37A1,29623,exact_symbol
SLC37A2,29624,exact_symbol
SLC37A4,29626,exact_symbol
SLC38A1,29627,exact_symbol
SLC38A10,29628,exact_symbol
SLC38A11,29629,exact_symbol
SLC38A2,29630,exact_symbol
SLC38A3,29631,exact_symbol
SLC38A4,29632,exact_symbol
SLC38A5,29633,exact_symbol
SLC38A6,29634,exact_symbol
SLC38A7,29635,exact_symbol
SLC38A8,29636,exact_symbol
SLC38A9,29637,exact_symbol
SLC39A1,29638,exact_symbol
SLC39A10,29639,exact_symbol
SLC39A11,29640,exact_symbol
SLC39A12,29641,exact_symbol
SLC39A13,29642,exact_symbol
SLC39A14,29643,exact_symbol
SLC39A2,29644,exact_symbol
SLC39A3,29645,exact_symbol
SLC39A4,29646,exact_symbol
SLC39A5,29647,exact_symbol
SLC39A6,29648,exact_symbol
SLC39A7,29649,exact_symbol
SLC39A8,29650,exact_symbol
SLC39A9,29651,exact_symbol
SLC3A1,29652,exact_symbol
SLC3A2,29653,exact_symbol
SLC40A1,29654,exact_symbol
SLC41A1,29655,exact_symbol
SLC41A2,29656,exact_symbol
SLC41A3,29657,exact_symbol
SLC43A1,29658,exact_symbol
SLC43A2,29659,exact_symbol
SLC43A3,29660,exact_symbol
SLC44A1,29661,exact_symbol
SLC44A2,29662,exact_symbol
SLC44A3,29663,exact_symbol
SLC44A4,29664,exact_symbol
SLC44A5,29665,exact_symbol
SLC45A1,29666,exact_symbol
SLC45A2,29667,exact_symbol
SLC45A3,29668,exact_symbol
SLC45A4,29669,exact_symbol
SLC46A1,29670,exact_symbol
SLC46A2,29671,exact_symbol
SLC46A3,29672,exact_symbol
SLC47A1,29673,exact_symbol
SLC48A1,29676,exact_symbol
SLC49A4,7803,hgnc_previous_symbol
SLC4A1,29677,exact_symbol
SLC4A10,29678,exact_symbol
SLC4A11,29679,exact_symbol
SLC4A1AP,29680,exact_symbol
SLC4A2,29683,exact_symbol
SLC4A3,29684,exact_symbol
SLC4A4,29685,exact_symbol
SLC4A5,29686,exact_symbol
SLC4A7,29687,exact_symbol
SLC4A8,29688,exact_symbol
SLC4A9,29689,exact_symbol
SLC50A1,29690,exact_symbol
SLC51A,29691,exact_symbol
SLC51B,29692,exact_symbol
SLC52A3,29695,exact_symbol
SLC5A1,29696,exact_symbol
SLC5A10,29697,exact_symbol
SLC5A11,29698,exact_symbol
SLC5A12,29699,exact_symbol
SLC5A2,29700,exact_symbol
SLC5A3,29701,exact_symbol
SLC5A4,29702,exact_symbol
SLC5A5,29704,exact_symbol
SLC5A6,29705,exact_symbol
SLC5A7,29706,exact_symbol
SLC5A8,29707,exact_symbol
SLC5A9,29708,exact_symbol
SLC66A1,20374,hgnc_previous_symbol
SLC66A2,20372,hgnc_previous_symbol
SLC6A1,29709,exact_symbol
SLC6A11,29711,exact_symbol
SLC6A12,29712,exact_symbol
SLC6A13,29713,exact_symbol
SLC6A15,29715,exact_symbol
SLC6A17,29717,exact_symbol
SLC6A18,29718,exact_symbol
SLC6A19,29719,exact_symbol
SLC6A2,29720,exact_symbol
SLC6A3,29723,exact_symbol
SLC6A4,29724,exact_symbol
SLC6A5,29725,exact_symbol
SLC6A6,29726,exact_symbol
SLC6A7,29728,exact_symbol
SLC6A9,29730,exact_symbol
SLC7A1,29731,exact_symbol
SLC7A10,29732,exact_symbol
SLC7A11,29733,exact_symbol
SLC7A13,29734,exact_symbol
SLC7A14,29735,exact_symbol
SLC7A2,29737,exact_symbol
SLC7A3,29738,exact_symbol
SLC7A4,29739,exact_symbol
SLC7A5,29740,exact_symbol
SLC7A6,29743,exact_symbol
SLC7A6OS,29744,exact_symbol
SLC7A7,29745,exact_symbol
SLC7A8,29746,exact_symbol
SLC7A9,29747,exact_symbol
SLC8A1,29748,exact_symbol
SLC8A2,29749,exact_symbol
SLC8A3,29750,exact_symbol
SLC8B1,29751,exact_symbol
SLC9A1,29752,exact_symbol
SLC9A2,29753,exact_symbol
SLC9A3,29754,exact_symbol
SLC9A4,29760,exact_symbol
SLC9A5,29761,exact_symbol
SLC9A6,29762,exact_symbol
SLC9A7,29763,exact_symbol
SLC9A8,29765,exact_symbol
SLC9A9,29766,exact_symbol
SLC9B1,29767,exact_symbol
SLC9B2,29772,exact_symbol
SLC9C1,29773,exact_symbol
SLCO1C1,29779,exact_symbol
SLCO2A1,29780,exact_symbol
SLCO2B1,29781,exact_symbol
SLCO3A1,29782,exact_symbol
SLCO4A1,29783,exact_symbol
SLCO4C1,29784,exact_symbol
SLCO5A1,29785,exact_symbol
SLF1,29788,exact_symbol
SLF2,29789,exact_symbol
SLFN14,29794,exact_symbol
SLFN5,29795,exact_symbol
SLFNL1,29796,exact_symbol
SLIRP,29797,exact_symbol
SLIT1,29798,exact_symbol
SLIT2,29799,exact_symbol
SLIT3,29800,exact_symbol
SLITRK1,29801,exact_symbol
SLITRK2,29802,exact_symbol
SLITRK3,29803,exact_symbol
SLITRK4,29804,exact_symbol
SLITRK5,29805,exact_symbol
SLITRK6,29806,exact_symbol
SLK,29807,exact_symbol
SLMAP,29808,exact_symbol
SLPI,29810,exact_symbol
SLTM,29811,exact_symbol
SLU7,29812,exact_symbol
SLURP1,29813,exact_symbol
SLX4,29816,exact_symbol
SLX4IP,29817,exact_symbol
SMAD1,29818,exact_symbol
SMAD2,29819,exact_symbol
SMAD3,29820,exact_symbol
SMAD4,29821,exact_symbol
SMAD5,29822,exact_symbol
SMAD6,29823,exact_symbol
SMAD7,29824,exact_symbol
SMAGP,29826,exact_symbol
SMAP1,29827,exact_symbol
SMAP2,29828,exact_symbol
SMARCA1,29829,exact_symbol
SMARCA2,29830,exact_symbol
SMARCA4,29831,exact_symbol
SMARCA5,29832,exact_symbol
SMARCAD1,29833,exact_symbol
SMARCAL1,29834,exact_symbol
SMARCB1,29835,exact_symbol
SMARCC1,29836,exact_symbol
SMARCC2,29837,exact_symbol
SMARCD1,29838,exact_symbol
SMARCD2,29839,exact_symbol
SMARCD3,29840,exact_symbol
SMARCE1,29841,exact_symbol
SMC1A,29849,exact_symbol
SMC1B,29850,exact_symbol
SMC2,29851,exact_symbol
SMC3,29852,exact_symbol
SMC4,29853,exact_symbol
SMC5,29855,exact_symbol
SMC6,29856,exact_symbol
SMCHD1,29857,exact_symbol
SMCO1,29858,exact_symbol
SMCO3,29860,exact_symbol
SMCO4,29861,exact_symbol
SMCR8,29864,exact_symbol
SMDT1,29865,exact_symbol
SMG1,29866,exact_symbol
SMG5,29874,exact_symbol
SMG6,29875,exact_symbol
SMG7,29876,exact_symbol
SMG8,29877,exact_symbol
SMG9,29878,exact_symbol
SMIM1,29879,exact_symbol
SMIM10L1,29881,exact_symbol
SMIM11,29884,stable_id
SMIM12,29887,exact_symbol
SMIM13,29889,exact_symbol
SMIM14,29890,exact_symbol
SMIM15,29891,exact_symbol
SMIM17,29892,exact_symbol
SMIM18,29893,exact_symbol
SMIM19,29894,exact_symbol
SMIM20,29896,exact_symbol
SMIM22,29898,exact_symbol
SMIM24,29900,exact_symbol
SMIM3,29901,exact_symbol
SMIM30,14594,hgnc_previous_symbol
SMIM31,14597,hgnc_previous_symbol
SMIM34,-1,missing
SMIM38,-1,missing
SMIM43,-1,missing
SMIM44,-1,missing
SMIM45,14579,stable_id
SMIM5,29903,exact_symbol
SMIM7,29905,exact_symbol
SMIM8,29906,exact_symbol
SMNDC1,29912,exact_symbol
SMO,29913,exact_symbol
SMOC1,29914,exact_symbol
SMOC2,29915,exact_symbol
SMOX,29916,exact_symbol
SMPD1,29917,exact_symbol
SMPD2,29918,exact_symbol
SMPD3,29919,exact_symbol
SMPD4,29920,exact_symbol
SMPDL3A,29923,exact_symbol
SMPDL3B,29924,exact_symbol
SMPX,29925,exact_symbol
SMS,29928,exact_symbol
SMTN,29929,exact_symbol
SMTNL1,29930,exact_symbol
SMTNL2,29931,exact_symbol
SMU1,29932,exact_symbol
SMUG1,29933,exact_symbol
SMURF1,29935,exact_symbol
SMURF2,29936,exact_symbol
SMYD1,29938,exact_symbol
SMYD2,29939,exact_symbol
SMYD3,29940,exact_symbol
SMYD4,29941,exact_symbol
SMYD5,29942,exact_symbol
SNAI1,29943,exact_symbol
SNAI2,29945,exact_symbol
SNAI3,29946,exact_symbol
SNAP23,29947,exact_symbol
SNAP25,29949,exact_symbol
SNAP29,29950,exact_symbol
SNAP47,29951,exact_symbol
SNAP91,29952,exact_symbol
SNAPC1,29953,exact_symbol
SNAPC2,29954,exact_symbol
SNAPC3,29955,exact_symbol
SNAPC4,29956,exact_symbol
SNAPC5,29957,exact_symbol
SNAPIN,29959,exact_symbol
SNCA,29960,exact_symbol
SNCAIP,29961,exact_symbol
SNCB,29962,exact_symbol
SNCG,29963,exact_symbol
SND1,29964,exact_symbol
SNED1,29965,exact_symbol
SNF8,29966,exact_symbol
SNIP1,29967,exact_symbol
SNN,29968,exact_symbol
SNORC,4083,hgnc_previous_symbol
SNPH,29969,exact_symbol
SNRK,29970,exact_symbol
SNRNP200,29971,exact_symbol
SNRNP25,29972,exact_symbol
SNRNP27,29973,exact_symbol
SNRNP35,29974,exact_symbol
SNRNP40,29975,exact_symbol
SNRNP48,29976,exact_symbol
SNRNP70,29977,exact_symbol
SNRPA,29978,exact_symbol
SNRPA1,29979,exact_symbol
SNRPB,29980,exact_symbol
SNRPB2,29981,exact_symbol
SNRPC,29983,exact_symbol
SNRPD1,30002,exact_symbol
SNRPD2,30003,exact_symbol
SNRPD3,30006,exact_symbol
SNRPE,30007,exact_symbol
SNRPF,30017,exact_symbol
SNRPN,30043,exact_symbol
SNTA1,30044,exact_symbol
SNTB1,30045,exact_symbol
SNTB2,30046,exact_symbol
SNTG1,30047,exact_symbol
SNTG2,30048,exact_symbol
SNTN,30049,exact_symbol
SNU13,30050,exact_symbol
SNUPN,30051,exact_symbol
SNURF,30052,exact_symbol
SNW1,30054,exact_symbol
SNX1,30055,exact_symbol
SNX10,30056,exact_symbol
SNX11,30057,exact_symbol
SNX12,30058,exact_symbol
SNX13,30059,exact_symbol
SNX14,30060,exact_symbol
SNX15,30061,exact_symbol
SNX16,30062,exact_symbol
SNX17,30063,exact_symbol
SNX18,30064,exact_symbol
SNX19,30082,exact_symbol
SNX2,30086,exact_symbol
SNX20,30087,exact_symbol
SNX21,30088,exact_symbol
SNX22,30089,exact_symbol
SNX24,30090,exact_symbol
SNX25,30091,exact_symbol
SNX27,30093,exact_symbol
SNX29,30094,exact_symbol
SNX3,30098,exact_symbol
SNX30,30099,exact_symbol
SNX31,30100,exact_symbol
SNX32,30101,exact_symbol
SNX33,30102,exact_symbol
SNX4,30106,exact_symbol
SNX5,30107,exact_symbol
SNX6,30109,exact_symbol
SNX7,30111,exact_symbol
SNX8,30112,exact_symbol
SNX9,30113,exact_symbol
SOAT1,30114,exact_symbol
SOAT2,30115,exact_symbol
SOBP,30116,exact_symbol
SOCS1,30117,exact_symbol
SOCS2,30118,exact_symbol
SOCS3,30121,exact_symbol
SOCS4,30122,exact_symbol
SOCS5,30123,exact_symbol
SOCS6,30129,exact_symbol
SOCS7,30130,exact_symbol
SOD1,30131,exact_symbol
SOD2,30135,exact_symbol
SOD3,30137,exact_symbol
SON,30142,exact_symbol
SORBS1,30143,exact_symbol
SORBS2,30144,exact_symbol
SORBS3,30145,exact_symbol
SORCS1,30146,exact_symbol
SORCS2,30147,exact_symbol
SORCS3,30148,exact_symbol
SORD,30149,exact_symbol
SORL1,30151,exact_symbol
SORT1,30152,exact_symbol
SOS1,30153,exact_symbol
SOS2,30154,exact_symbol
SOST,30155,exact_symbol
SOSTDC1,30156,exact_symbol
SOWAHA,30157,exact_symbol
SOWAHB,30158,exact_symbol
SOWAHC,30159,exact_symbol
SOWAHD,30160,exact_symbol
SOX1,30161,exact_symbol
SOX10,30162,exact_symbol
SOX11,30163,exact_symbol
SOX12,30164,exact_symbol
SOX13,30165,exact_symbol
SOX14,30166,exact_symbol
SOX15,30167,exact_symbol
SOX17,30168,exact_symbol
SOX18,30169,exact_symbol
SOX2,30170,exact_symbol
SOX21,30171,exact_symbol
SOX3,30172,exact_symbol
SOX30,30173,exact_symbol
SOX4,30174,exact_symbol
SOX5,30175,exact_symbol
SOX6,30177,exact_symbol
SOX7,30178,exact_symbol
SOX8,30179,exact_symbol
SOX9,30180,exact_symbol
SP1,30181,exact_symbol
SP2,30186,exact_symbol
SP3,30187,exact_symbol
SP4,30189,exact_symbol
SP5,30190,exact_symbol
SP6,30191,exact_symbol
SP7,30192,exact_symbol
SP8,30193,exact_symbol
SP9,30194,exact_symbol
SPA17,30195,exact_symbol
SPAAR,14593,hgnc_previous_symbol
SPACA1,30197,exact_symbol
SPACA3,30198,exact_symbol
SPACA4,30199,exact_symbol
SPACA6,30202,exact_symbol
SPACA9,30204,exact_symbol
SPAG1,30205,exact_symbol
SPAG16,30208,exact_symbol
SPAG17,30209,exact_symbol
SPAG4,30210,exact_symbol
SPAG5,30211,exact_symbol
SPAG7,30213,exact_symbol
SPAG8,30214,exact_symbol
SPAG9,30215,exact_symbol
SPARC,30227,exact_symbol
SPARCL1,30228,exact_symbol
SPAST,30229,exact_symbol
SPATA1,30230,exact_symbol
SPATA13,30232,exact_symbol
SPATA16,30233,exact_symbol
SPATA17,30234,exact_symbol
SPATA18,30235,exact_symbol
SPATA19,30236,exact_symbol
SPATA2,30237,exact_symbol
SPATA20,30238,exact_symbol
SPATA22,30241,exact_symbol
SPATA24,30242,exact_symbol
SPATA25,30243,exact_symbol
SPATA2L,30244,exact_symbol
SPATA4,30265,exact_symbol
SPATA45,30266,exact_symbol
SPATA46,3977,hgnc_previous_symbol
SPATA6,30269,exact_symbol
SPATA6L,30270,exact_symbol
SPATA7,30271,exact_symbol
SPATA9,30273,exact_symbol
SPATC1,30274,exact_symbol
SPATC1L,30275,exact_symbol
SPATS1,30276,exact_symbol
SPATS2,30277,exact_symbol
SPATS2L,30278,exact_symbol
SPC24,30279,exact_symbol
SPC25,30280,exact_symbol
SPCS1,30281,exact_symbol
SPCS2,30282,exact_symbol
SPDEF,30287,exact_symbol
SPDL1,30288,exact_symbol
SPDYA,30289,exact_symbol
SPECC1,30314,exact_symbol
SPECC1L,30315,exact_symbol
SPEF1,30317,exact_symbol
SPEF2,30318,exact_symbol
SPEG,30319,exact_symbol
SPEM1,30320,exact_symbol
SPEM2,3894,hgnc_previous_symbol
SPEN,30321,exact_symbol
SPG11,30324,exact_symbol
SPG21,30326,exact_symbol
SPG7,30327,exact_symbol
SPHK1,30329,exact_symbol
SPHK2,30330,exact_symbol
SPHKAP,30331,exact_symbol
SPI1,30332,exact_symbol
SPIB,30333,exact_symbol
SPIC,30334,exact_symbol
SPICE1,30335,exact_symbol
SPIDR,30336,exact_symbol
SPIN1,30337,exact_symbol
SPIN4,30341,exact_symbol
SPINDOC,3799,hgnc_previous_symbol
SPINK1,30342,exact_symbol
SPINK13,30343,exact_symbol
SPINK14,30344,exact_symbol
SPINK4,30346,exact_symbol
SPINK5,30347,exact_symbol
SPINK6,30348,exact_symbol
SPINK7,30349,exact_symbol
SPINK8,30350,exact_symbol
SPINT1,30352,exact_symbol
SPINT2,30353,exact_symbol
SPIRE1,30357,exact_symbol
SPIRE2,30358,exact_symbol
SPN,30359,exact_symbol
SPNS1,30360,exact_symbol
SPNS2,30361,exact_symbol
SPNS3,30362,exact_symbol
SPO11,30363,exact_symbol
SPOCK1,30365,exact_symbol
SPOCK2,30366,exact_symbol
SPOCK3,30367,exact_symbol
SPON1,30368,exact_symbol
SPON2,30369,exact_symbol
SPOPL,30371,exact_symbol
SPOUT1,4211,hgnc_previous_symbol
SPP1,30372,exact_symbol
SPP2,30373,exact_symbol
SPPL2A,30374,exact_symbol
SPPL2B,30375,exact_symbol
SPPL2C,30376,exact_symbol
SPPL3,30377,exact_symbol
SPR,30378,exact_symbol
SPRED1,30379,exact_symbol
SPRED2,30380,exact_symbol
SPRED3,30381,exact_symbol
SPRING1,3817,hgnc_previous_symbol
SPRN,30382,exact_symbol
SPRR4,30393,exact_symbol
SPRTN,30394,exact_symbol
SPRY1,30395,exact_symbol
SPRY2,30396,exact_symbol
SPRY4,30398,exact_symbol
SPRYD3,30399,exact_symbol
SPRYD4,30400,exact_symbol
SPRYD7,30401,exact_symbol
SPSB1,30402,exact_symbol
SPSB2,30403,exact_symbol
SPSB3,30404,exact_symbol
SPSB4,30405,exact_symbol
SPTA1,30406,exact_symbol
SPTAN1,30407,exact_symbol
SPTB,30408,exact_symbol
SPTBN1,30409,exact_symbol
SPTBN2,30410,exact_symbol
SPTBN4,30411,exact_symbol
SPTBN5,30412,exact_symbol
SPTLC1,30413,exact_symbol
SPTLC2,30419,exact_symbol
SPTLC3,30420,exact_symbol
SPTSSA,30421,exact_symbol
SPTSSB,30422,exact_symbol
SPTY2D1,30423,exact_symbol
SPX,30425,exact_symbol
SQLE,30427,exact_symbol
SQOR,30428,hgnc_previous_symbol
SQSTM1,30429,exact_symbol
SRA1,30431,exact_symbol
SRBD1,30432,exact_symbol
SRC,30433,exact_symbol
SRCAP,30434,exact_symbol
SRCIN1,30435,exact_symbol
SRD5A1,30436,exact_symbol
SRD5A2,30438,exact_symbol
SRD5A3,30439,exact_symbol
SREBF1,30441,exact_symbol
SREBF2,30442,exact_symbol
SREK1IP1,30444,exact_symbol
SRF,30445,exact_symbol
SRFBP1,30446,exact_symbol
SRGAP1,30447,exact_symbol
SRGAP3,30452,exact_symbol
SRGN,30453,exact_symbol
SRI,30455,exact_symbol
SRM,30460,exact_symbol
SRMS,30463,exact_symbol
SRP14,30464,exact_symbol
SRP19,30465,exact_symbol
SRP68,30468,exact_symbol
SRP72,30472,exact_symbol
SRP9,30475,exact_symbol
SRPK1,30477,exact_symbol
SRPK2,30478,exact_symbol
SRPK3,30480,exact_symbol
SRPRB,30482,exact_symbol
SRPX,30483,exact_symbol
SRPX2,30484,exact_symbol
SRR,30485,exact_symbol
SRRM1,30487,exact_symbol
SRRM2,30490,exact_symbol
SRRM3,30491,exact_symbol
SRRM4,30492,exact_symbol
SRRT,30494,exact_symbol
SRSF1,30495,exact_symbol
SRSF10,30496,exact_symbol
SRSF11,30498,exact_symbol
SRSF12,30499,exact_symbol
SRSF2,30501,exact_symbol
SRSF3,30502,exact_symbol
SRSF4,30503,exact_symbol
SRSF5,30504,exact_symbol
SRSF6,30505,exact_symbol
SRSF7,30506,exact_symbol
SRSF9,30508,exact_symbol
SRXN1,30510,exact_symbol
SS18,30512,exact_symbol
SS18L1,30513,exact_symbol
SS18L2,30514,exact_symbol
SSB,30517,exact_symbol
SSBP1,30518,exact_symbol
SSBP2,30519,exact_symbol
SSBP3,30520,exact_symbol
SSBP4,30521,exact_symbol
SSC4D,30522,exact_symbol
SSC5D,30523,exact_symbol
SSH1,30525,exact_symbol
SSH2,30526,exact_symbol
SSH3,30527,exact_symbol
SSMEM1,30528,exact_symbol
SSNA1,30529,exact_symbol
SSPN,30530,exact_symbol
SSR1,30532,exact_symbol
SSR2,30535,exact_symbol
SSR3,30536,exact_symbol
SSR4,30537,exact_symbol
SSRP1,30539,exact_symbol
SST,30541,exact_symbol
SSTR1,30542,exact_symbol
SSTR2,30543,exact_symbol
SSTR3,30544,exact_symbol
SSTR4,30545,exact_symbol
SSTR5,30546,exact_symbol
SSU72,30547,exact_symbol
SSUH2,30556,exact_symbol
SSX2IP,30560,exact_symbol
ST13,30575,exact_symbol
ST14,30592,exact_symbol
ST18,30593,exact_symbol
ST3GAL1,30596,exact_symbol
ST3GAL2,30598,exact_symbol
ST3GAL3,30599,exact_symbol
ST3GAL4,30600,exact_symbol
ST3GAL5,30601,exact_symbol
ST3GAL6,30602,exact_symbol
ST6GAL1,30604,exact_symbol
ST6GAL2,30605,exact_symbol
ST6GALNAC1,30606,exact_symbol
ST6GALNAC3,30609,exact_symbol
ST6GALNAC4,30610,exact_symbol
ST6GALNAC5,30612,exact_symbol
ST6GALNAC6,30613,exact_symbol
ST7,30614,exact_symbol
ST7L,30615,exact_symbol
ST8SIA1,30616,exact_symbol
ST8SIA2,30617,exact_symbol
ST8SIA3,30618,exact_symbol
ST8SIA4,30619,exact_symbol
ST8SIA5,30620,exact_symbol
ST8SIA6,30621,exact_symbol
STAB1,30622,exact_symbol
STAB2,30623,exact_symbol
STAC,30624,exact_symbol
STAC2,30625,exact_symbol
STAC3,30626,exact_symbol
STAG1,30627,exact_symbol
STAG2,30628,exact_symbol
STAG3,30629,exact_symbol
STAM,30635,exact_symbol
STAM2,30636,exact_symbol
STAMBP,30637,exact_symbol
STAMBPL1,30638,exact_symbol
STAP1,30639,exact_symbol
STAP2,30640,exact_symbol
STAR,30641,exact_symbol
STARD10,30642,exact_symbol
STARD13,30643,exact_symbol
STARD3,30644,exact_symbol
STARD3NL,30645,exact_symbol
STARD4,30646,exact_symbol
STARD5,30647,exact_symbol
STARD6,30648,exact_symbol
STARD7,30649,exact_symbol
STARD8,30650,exact_symbol
STAT1,30653,exact_symbol
STAT2,30654,exact_symbol
STAT3,30655,exact_symbol
STAT4,30656,exact_symbol
STAT5A,30657,exact_symbol
STAT5B,30658,exact_symbol
STAT6,30659,exact_symbol
STAU1,30661,exact_symbol
STAU2,30662,exact_symbol
STBD1,30663,exact_symbol
STC1,30664,exact_symbol
STC2,30665,exact_symbol
STEAP2,30668,exact_symbol
STEAP3,30669,exact_symbol
STEAP4,30670,exact_symbol
STEEP1,7197,hgnc_previous_symbol
STIL,30672,exact_symbol
STIM1,30673,exact_symbol
STIM2,30674,exact_symbol
STIMATE,31724,hgnc_previous_symbol
STING1,31791,hgnc_previous_symbol
STIP1,30675,exact_symbol
STK10,30677,exact_symbol
STK11,30678,exact_symbol
STK11IP,30679,exact_symbol
STK16,30680,exact_symbol
STK17B,30682,exact_symbol
STK24,30685,exact_symbol
STK25,30687,exact_symbol
STK26,30689,exact_symbol
STK3,30690,exact_symbol
STK31,30691,exact_symbol
STK32A,30692,exact_symbol
STK32B,30693,exact_symbol
STK32C,30694,exact_symbol
STK33,30695,exact_symbol
STK35,30697,exact_symbol
STK36,30698,exact_symbol
STK38,30699,exact_symbol
STK38L,30700,exact_symbol
STK39,30701,exact_symbol
STK4,30702,exact_symbol
STK40,30703,exact_symbol
STKLD1,30704,exact_symbol
STMN1,30705,exact_symbol
STMN2,30708,exact_symbol
STMN3,30709,exact_symbol
STMN4,30710,exact_symbol
STMND1,30711,exact_symbol
STN1,17838,hgnc_previous_symbol
STOM,30712,exact_symbol
STOML1,30713,exact_symbol
STOML2,30714,exact_symbol
STOML3,30715,exact_symbol
STON1,30716,exact_symbol
STON2,30718,exact_symbol
STOX1,30719,exact_symbol
STOX2,30720,exact_symbol
STPG1,30721,exact_symbol
STPG3,30723,exact_symbol
STPG4,4066,hgnc_previous_symbol
STRA6,30725,exact_symbol
STRA8,30726,exact_symbol
STRADA,30727,exact_symbol
STRADB,30728,exact_symbol
STRAP,30730,exact_symbol
STRBP,30731,exact_symbol
STRC,30732,exact_symbol
STRIP1,30734,exact_symbol
STRIP2,30735,exact_symbol
STRIT1,-1,missing
STRN,30736,exact_symbol
STRN3,30737,exact_symbol
STRN4,30738,exact_symbol
STT3A,30741,exact_symbol
STT3B,30742,exact_symbol
STUB1,30743,exact_symbol
STUM,30744,exact_symbol
STX11,30746,exact_symbol
STX12,30747,exact_symbol
STX16,30748,exact_symbol
STX17,30750,exact_symbol
STX18,30751,exact_symbol
STX19,30752,exact_symbol
STX1A,30753,exact_symbol
STX1B,30754,exact_symbol
STX2,30755,exact_symbol
STX3,30756,exact_symbol
STX4,30757,exact_symbol
STX5,30758,exact_symbol
STX6,30759,exact_symbol
STX7,30760,exact_symbol
STX8,30761,exact_symbol
STXBP1,30763,exact_symbol
STXBP2,30764,exact_symbol
STXBP3,30765,exact_symbol
STXBP4,30766,exact_symbol
STXBP5,30767,exact_symbol
STXBP5L,30768,exact_symbol
STXBP6,30769,exact_symbol
STYK1,30770,exact_symbol
STYXL1,30772,exact_symbol
SUB1,30773,exact_symbol
SUCLA2,30778,exact_symbol
SUCLG1,30782,exact_symbol
SUCLG2,30783,exact_symbol
SUCNR1,30786,exact_symbol
SUCO,30787,exact_symbol
SUDS3,30788,exact_symbol
SUFU,30790,exact_symbol
SUGCT,30791,exact_symbol
SUGP1,30792,exact_symbol
SUGP2,30793,exact_symbol
SUGT1,30794,exact_symbol
SULF1,30798,exact_symbol
SULF2,30799,exact_symbol
SULT1B1,30804,exact_symbol
SULT1C2,30805,exact_symbol
SULT1C3,30808,exact_symbol
SULT1E1,30811,exact_symbol
SULT2B1,30813,exact_symbol
SULT4A1,30814,exact_symbol
SULT6B1,30815,exact_symbol
SUMF1,30816,exact_symbol
SUMF2,30817,exact_symbol
SUMO1,30818,exact_symbol
SUMO2,30823,exact_symbol
SUMO3,30842,exact_symbol
SUN1,30844,exact_symbol
SUN2,30845,exact_symbol
SUN3,30846,exact_symbol
SUN5,30847,exact_symbol
SUOX,30848,exact_symbol
SUPT16H,30849,exact_symbol
SUPT20H,30851,exact_symbol
SUPT3H,30854,exact_symbol
SUPT4H1,30855,exact_symbol
SUPT5H,30858,exact_symbol
SUPT6H,30859,exact_symbol
SUPT7L,30860,exact_symbol
SUPV3L1,30861,exact_symbol
SURF1,30862,exact_symbol
SURF2,30863,exact_symbol
SURF4,30864,exact_symbol
SURF6,30865,exact_symbol
SUSD1,30867,exact_symbol
SUSD2,30868,exact_symbol
SUSD3,30869,exact_symbol
SUSD4,30870,exact_symbol
SUSD5,30871,exact_symbol
SUSD6,30872,exact_symbol
SUV39H1,30873,exact_symbol
SUV39H2,30874,exact_symbol
SUZ12,30875,exact_symbol
SV2A,30877,exact_symbol
SV2B,30878,exact_symbol
SV2C,30879,exact_symbol
SVBP,30880,exact_symbol
SVEP1,30881,exact_symbol
SVIL,30882,exact_symbol
SVIP,30884,exact_symbol
SVOP,30885,exact_symbol
SVOPL,30886,exact_symbol
SWAP70,30887,exact_symbol
SWI5,30888,exact_symbol
SWSAP1,30889,exact_symbol
SWT1,30890,exact_symbol
SYAP1,30891,exact_symbol
SYBU,30892,exact_symbol
SYCE1,30893,exact_symbol
SYCE1L,30894,exact_symbol
SYCE2,30895,exact_symbol
SYCE3,30896,exact_symbol
SYCN,30897,exact_symbol
SYCP1,30898,exact_symbol
SYCP2,30899,exact_symbol
SYCP2L,30900,exact_symbol
SYDE1,30902,exact_symbol
SYDE2,30903,exact_symbol
SYF2,30904,exact_symbol
SYK,30907,exact_symbol
SYMPK,30908,exact_symbol
SYN1,30909,exact_symbol
SYN2,30910,exact_symbol
SYN3,30911,exact_symbol
SYNC,30912,exact_symbol
SYNCRIP,30913,exact_symbol
SYNDIG1,30914,exact_symbol
SYNDIG1L,30915,exact_symbol
SYNE1,30916,exact_symbol
SYNE2,30917,exact_symbol
SYNE3,30918,exact_symbol
SYNE4,30919,exact_symbol
SYNGAP1,30920,exact_symbol
SYNGR1,30921,exact_symbol
SYNGR2,30922,exact_symbol
SYNGR3,30923,exact_symbol
SYNGR4,30924,exact_symbol
SYNJ1,30925,exact_symbol
SYNJ2,30926,exact_symbol
SYNJ2BP,30927,exact_symbol
SYNM,30929,exact_symbol
SYNPO,30930,exact_symbol
SYNPO2,30931,exact_symbol
SYNPO2L,30932,exact_symbol
SYNPR,30933,exact_symbol
SYNRG,30934,exact_symbol
SYP,30935,exact_symbol
SYPL2,30937,exact_symbol
SYS1,30938,exact_symbol
SYT1,30940,exact_symbol
SYT10,30941,exact_symbol
SYT11,30942,exact_symbol
SYT12,30943,exact_symbol
SYT13,30944,exact_symbol
SYT14,30945,exact_symbol
SYT16,30948,exact_symbol
SYT17,30949,exact_symbol
SYT2,30950,exact_symbol
SYT3,30951,exact_symbol
SYT4,30952,exact_symbol
SYT5,30953,exact_symbol
SYT6,30954,exact_symbol
SYT7,30955,exact_symbol
SYT8,30956,exact_symbol
SYT9,30957,exact_symbol
SYTL1,30958,exact_symbol
SYTL2,30959,exact_symbol
SYTL3,30960,exact_symbol
SYTL4,30961,exact_symbol
SYTL5,30962,exact_symbol
SYVN1,30963,exact_symbol
SZRD1,30964,exact_symbol
SZT2,30965,exact_symbol
TAAR1,30967,exact_symbol
TAAR2,30968,exact_symbol
TAAR5,30971,exact_symbol
TAAR9,30975,exact_symbol
TAB1,30976,exact_symbol
TAB2,30977,exact_symbol
TAB3,30978,exact_symbol
TAC1,30980,exact_symbol
TAC3,30981,exact_symbol
TACC1,30983,exact_symbol
TACC2,30985,exact_symbol
TACO1,30987,exact_symbol
TACR1,30988,exact_symbol
TACR2,30989,exact_symbol
TACR3,30990,exact_symbol
TACSTD2,30991,exact_symbol
TADA1,30992,exact_symbol
TADA2A,30993,exact_symbol
TADA2B,30994,exact_symbol
TADA3,30995,exact_symbol
TAF10,30997,exact_symbol
TAF11,30998,exact_symbol
TAF12,30999,exact_symbol
TAF13,31000,exact_symbol
TAF15,31002,exact_symbol
TAF1A,31003,exact_symbol
TAF1B,31004,exact_symbol
TAF1C,31005,exact_symbol
TAF2,31008,exact_symbol
TAF3,31009,exact_symbol
TAF4,31010,exact_symbol
TAF4B,31011,exact_symbol
TAF5,31012,exact_symbol
TAF5L,31013,exact_symbol
TAF6,31014,exact_symbol
TAF6L,31015,exact_symbol
TAF7,31016,exact_symbol
TAF8,31018,exact_symbol
TAF9B,31020,exact_symbol
TAFA1,9280,hgnc_previous_symbol
TAFA2,9281,hgnc_previous_symbol
TAFA3,9282,hgnc_previous_symbol
TAFA4,9283,hgnc_previous_symbol
TAFA5,9284,hgnc_previous_symbol
TAFAZZIN,31104,stable_id
TAGLN,31027,exact_symbol
TAGLN2,31028,exact_symbol
TAGLN3,31030,exact_symbol
TAL1,31031,exact_symbol
TAL2,31032,exact_symbol
TALDO1,31033,exact_symbol
TAMALIN,10999,hgnc_previous_symbol
TAMM41,31034,exact_symbol
TANC1,31035,exact_symbol
TANC2,31036,exact_symbol
TANGO2,31037,exact_symbol
TANGO6,31038,exact_symbol
TANK,31039,exact_symbol
TAOK1,31040,exact_symbol
TAOK2,31041,exact_symbol
TAOK3,31042,exact_symbol
TAP1,31043,exact_symbol
TAP2,31044,exact_symbol
TAPBP,31045,exact_symbol
TAPBPL,31046,exact_symbol
TAPT1,31047,exact_symbol
TARBP1,31048,exact_symbol
TARBP2,31049,exact_symbol
TARDBP,31050,exact_symbol
TARS2,31055,exact_symbol
TAS1R1,31058,exact_symbol
TAS1R2,31059,exact_symbol
TAS1R3,31060,exact_symbol
TAS2R16,31067,exact_symbol
TAS2R3,31072,exact_symbol
TAS2R38,31075,exact_symbol
TAS2R39,31076,exact_symbol
TAS2R4,31077,exact_symbol
TAS2R40,31078,exact_symbol
TAS2R41,31079,exact_symbol
TAS2R60,31085,exact_symbol
TAS2R7,31090,exact_symbol
TASL,7187,hgnc_previous_symbol
TASOR,9299,hgnc_previous_symbol
TASOR2,9300,hgnc_previous_symbol
TASP1,31093,exact_symbol
TAT,31094,exact_symbol
TATDN1,31095,exact_symbol
TATDN2,31097,exact_symbol
TATDN3,31101,exact_symbol
TAX1BP1,31102,exact_symbol
TAX1BP3,31103,exact_symbol
TBATA,31105,exact_symbol
TBC1D1,31106,exact_symbol
TBC1D10A,31107,exact_symbol
TBC1D10B,31108,exact_symbol
TBC1D10C,31109,exact_symbol
TBC1D12,31110,exact_symbol
TBC1D13,31111,exact_symbol
TBC1D14,31112,exact_symbol
TBC1D15,31113,exact_symbol
TBC1D16,31114,exact_symbol
TBC1D17,31115,exact_symbol
TBC1D19,31116,exact_symbol
TBC1D2,31117,exact_symbol
TBC1D20,31118,exact_symbol
TBC1D21,31119,exact_symbol
TBC1D22A,31120,exact_symbol
TBC1D22B,31121,exact_symbol
TBC1D23,31122,exact_symbol
TBC1D24,31123,exact_symbol
TBC1D25,31124,exact_symbol
TBC1D2B,31129,exact_symbol
TBC1D30,31131,exact_symbol
TBC1D31,31132,exact_symbol
TBC1D32,31133,exact_symbol
TBC1D4,31152,exact_symbol
TBC1D5,31153,exact_symbol
TBC1D7,31154,exact_symbol
TBC1D8,31155,exact_symbol
TBC1D8B,31156,exact_symbol
TBC1D9,31157,exact_symbol
TBC1D9B,31158,exact_symbol
TBCA,31159,exact_symbol
TBCB,31163,exact_symbol
TBCC,31164,exact_symbol
TBCCD1,31165,exact_symbol
TBCD,31166,exact_symbol
TBCE,31167,exact_symbol
TBCEL,31168,exact_symbol
TBCK,31169,exact_symbol
TBK1,31170,exact_symbol
TBKBP1,31171,exact_symbol
TBL1XR1,31173,exact_symbol
TBL2,31176,exact_symbol
TBL3,31177,exact_symbol
TBP,31178,exact_symbol
TBPL1,31179,exact_symbol
TBPL2,31180,exact_symbol
TBR1,31181,exact_symbol
TBRG1,31182,exact_symbol
TBRG4,31183,exact_symbol
TBX1,31184,exact_symbol
TBX15,31186,exact_symbol
TBX18,31187,exact_symbol
TBX19,31188,exact_symbol
TBX2,31189,exact_symbol
TBX20,31190,exact_symbol
TBX21,31191,exact_symbol
TBX22,31192,exact_symbol
TBX3,31193,exact_symbol
TBX4,31194,exact_symbol
TBX5,31195,exact_symbol
TBX6,31196,exact_symbol
TBXA2R,31197,exact_symbol
TBXAS1,31198,exact_symbol
TBXT,30966,hgnc_previous_symbol
TC2N,31199,exact_symbol
TCAF1,31200,exact_symbol
TCAIM,31204,exact_symbol
TCAP,31206,exact_symbol
TCEA1,31207,exact_symbol
TCEA2,31212,exact_symbol
TCEA3,31213,exact_symbol
TCEAL1,31214,exact_symbol
TCEAL7,31221,exact_symbol
TCEAL8,31222,exact_symbol
TCEAL9,31223,exact_symbol
TCEANC,31224,exact_symbol
TCEANC2,31225,exact_symbol
TCERG1,31269,exact_symbol
TCERG1L,31270,exact_symbol
TCF12,31271,exact_symbol
TCF15,31272,exact_symbol
TCF19,31273,exact_symbol
TCF21,31275,exact_symbol
TCF23,31276,exact_symbol
TCF24,31277,exact_symbol
TCF25,31278,exact_symbol
TCF3,31279,exact_symbol
TCF4,31281,exact_symbol
TCF7,31282,exact_symbol
TCF7L1,31283,exact_symbol
TCF7L2,31284,exact_symbol
TCFL5,31285,exact_symbol
TCIM,4195,hgnc_previous_symbol
TCIRG1,31289,exact_symbol
TCN2,31293,exact_symbol
TCOF1,31294,exact_symbol
TCP1,31295,exact_symbol
TCP11,31299,exact_symbol
TCP11L1,31300,exact_symbol
TCP11L2,31301,exact_symbol
TCTA,31306,exact_symbol
TCTE1,31307,exact_symbol
TCTN1,31312,exact_symbol
TCTN2,31313,exact_symbol
TCTN3,31314,exact_symbol
TDG,31315,exact_symbol
TDO2,31326,exact_symbol
TDP1,31327,exact_symbol
TDP2,31328,exact_symbol
TDRD1,31329,exact_symbol
TDRD12,31331,exact_symbol
TDRD3,31333,exact_symbol
TDRD5,31334,exact_symbol
TDRD6,31335,exact_symbol
TDRD7,31336,exact_symbol
TDRD9,31337,exact_symbol
TDRKH,31338,exact_symbol
TDRP,31339,exact_symbol
TEAD1,31340,exact_symbol
TEAD2,31341,exact_symbol
TEAD3,31342,exact_symbol
TEAD4,31343,exact_symbol
TEC,31344,exact_symbol
TECPR1,31345,exact_symbol
TECPR2,31346,exact_symbol
TECR,31347,exact_symbol
TECRL,31348,exact_symbol
TECTA,31351,exact_symbol
TECTB,31352,exact_symbol
TEDC1,3846,hgnc_previous_symbol
TEDC2,3866,hgnc_previous_symbol
TEF,31355,exact_symbol
TEFM,31356,exact_symbol
TEK,31357,exact_symbol
TEKT1,31358,exact_symbol
TEKT2,31359,exact_symbol
TEKT3,31360,exact_symbol
TEKT5,31363,exact_symbol
TELO2,31364,exact_symbol
TENM1,31367,exact_symbol
TENM2,31368,exact_symbol
TENM3,31369,exact_symbol
TENM4,31370,exact_symbol
TENT2,19031,hgnc_previous_symbol
TENT4A,19033,hgnc_previous_symbol
TENT4B,19032,hgnc_previous_symbol
TENT5A,9376,hgnc_previous_symbol
TENT5B,9377,hgnc_previous_symbol
TENT5C,9378,hgnc_previous_symbol
TENT5D,9379,hgnc_previous_symbol
TEP1,31371,exact_symbol
TEPSIN,31373,exact_symbol
TERB1,31374,exact_symbol
TERB2,31375,exact_symbol
TERF1,31376,exact_symbol
TERF2,31382,exact_symbol
TERF2IP,31383,exact_symbol
TERT,31384,exact_symbol
TESK1,31387,exact_symbol
TESK2,31388,exact_symbol
TESMIN,31389,exact_symbol
TESPA1,31390,exact_symbol
TET1,31391,exact_symbol
TET2,31393,exact_symbol
TET3,31394,exact_symbol
TEX10,31395,exact_symbol
TEX101,31396,exact_symbol
TEX11,31397,exact_symbol
TEX12,31398,exact_symbol
TEX14,31403,exact_symbol
TEX2,31406,exact_symbol
TEX26,31409,exact_symbol
TEX261,31410,exact_symbol
TEX264,31411,exact_symbol
TEX28,31412,exact_symbol
TEX30,31416,exact_symbol
TEX36,31419,exact_symbol
TEX38,31421,exact_symbol
TEX47,4184,hgnc_previous_symbol
TEX50,-1,missing
TEX52,-1,missing
TEX9,31424,exact_symbol
TF,31425,exact_symbol
TFAM,31426,exact_symbol
TFAP2A,31429,exact_symbol
TFAP2B,31430,exact_symbol
TFAP2C,31431,exact_symbol
TFAP2D,31432,exact_symbol
TFAP2E,31433,exact_symbol
TFAP4,31434,exact_symbol
TFB1M,31435,exact_symbol
TFB2M,31436,exact_symbol
TFCP2,31437,exact_symbol
TFCP2L1,31438,exact_symbol
TFDP1,31439,exact_symbol
TFDP2,31440,exact_symbol
TFE3,31442,exact_symbol
TFEB,31443,exact_symbol
TFEC,31444,exact_symbol
TFF1,31445,exact_symbol
TFF2,31446,exact_symbol
TFF3,31447,exact_symbol
TFG,31448,exact_symbol
TFIP11,31449,exact_symbol
TFPI,31451,exact_symbol
TFPI2,31452,exact_symbol
TFPT,31453,exact_symbol
TFR2,31454,exact_symbol
TFRC,31455,exact_symbol
TG,31456,exact_symbol
TGDS,31457,exact_symbol
TGFA,31458,exact_symbol
TGFB1,31459,exact_symbol
TGFB1I1,31460,exact_symbol
TGFB2,31461,exact_symbol
TGFB3,31462,exact_symbol
TGFBI,31463,exact_symbol
TGFBR1,31464,exact_symbol
TGFBR2,31465,exact_symbol
TGFBR3,31466,exact_symbol
TGFBR3L,31467,exact_symbol
TGFBRAP1,31468,exact_symbol
TGIF1,31469,exact_symbol
TGIF2,31471,exact_symbol
TGM1,31476,exact_symbol
TGM2,31477,exact_symbol
TGM3,31478,exact_symbol
TGM4,31479,exact_symbol
TGM5,31480,exact_symbol
TGM6,31481,exact_symbol
TGM7,31482,exact_symbol
TGS1,31484,exact_symbol
TH,31485,exact_symbol
THADA,31487,exact_symbol
THAP1,31488,exact_symbol
THAP11,31490,exact_symbol
THAP12,31491,exact_symbol
THAP2,31501,exact_symbol
THAP3,31502,exact_symbol
THAP4,31503,exact_symbol
THAP7,31507,exact_symbol
THBD,31510,exact_symbol
THBS1,31511,exact_symbol
THBS2,31512,exact_symbol
THBS3,31513,exact_symbol
THBS4,31514,exact_symbol
THEM4,31517,exact_symbol
THEM5,31518,exact_symbol
THEM6,31519,exact_symbol
THEMIS,31521,exact_symbol
THEMIS2,31522,exact_symbol
THG1L,31524,exact_symbol
THNSL1,31525,exact_symbol
THNSL2,31526,exact_symbol
THOC1,31527,exact_symbol
THOC3,31529,exact_symbol
THOC5,31530,exact_symbol
THOC6,31531,exact_symbol
THOC7,31532,exact_symbol
THOP1,31533,exact_symbol
THPO,31534,exact_symbol
THRA,31535,exact_symbol
THRAP3,31536,exact_symbol
THRB,31538,exact_symbol
THRSP,31539,exact_symbol
THSD1,31540,exact_symbol
THSD4,31541,exact_symbol
THSD7A,31542,exact_symbol
THSD7B,31543,exact_symbol
THSD8,-1,missing
THTPA,31544,exact_symbol
THUMPD1,31545,exact_symbol
THUMPD2,31547,exact_symbol
THUMPD3,31548,exact_symbol
THY1,31550,exact_symbol
THYN1,31551,exact_symbol
TIA1,31552,exact_symbol
TIAL1,31554,exact_symbol
TIAM1,31555,exact_symbol
TIAM2,31556,exact_symbol
TICAM1,31557,exact_symbol
TICRR,31559,exact_symbol
TIE1,31560,exact_symbol
TIFA,31561,exact_symbol
TIFAB,31562,exact_symbol
TIGAR,31563,exact_symbol
TIGD2,31565,exact_symbol
TIGD3,31566,exact_symbol
TIGD4,31567,exact_symbol
TIGD5,31568,exact_symbol
TIGIT,31571,exact_symbol
TIMELESS,31573,exact_symbol
TIMM10,31574,exact_symbol
TIMM10B,31575,exact_symbol
TIMM13,31576,exact_symbol
TIMM17A,31577,exact_symbol
TIMM17B,31578,exact_symbol
TIMM21,31580,exact_symbol
TIMM22,31581,exact_symbol
TIMM29,3921,hgnc_previous_symbol
TIMM44,31584,exact_symbol
TIMM50,31585,exact_symbol
TIMM8A,31586,exact_symbol
TIMM8B,31588,exact_symbol
TIMM9,31591,exact_symbol
TIMMDC1,31595,exact_symbol
TIMP1,31596,exact_symbol
TIMP2,31597,exact_symbol
TIMP3,31598,exact_symbol
TIMP4,31599,exact_symbol
TINAG,31600,exact_symbol
TINAGL1,31601,exact_symbol
TINCR,31602,exact_symbol
TINF2,31603,exact_symbol
TIPARP,31604,exact_symbol
TIPIN,31605,exact_symbol
TIPRL,31606,exact_symbol
TIRAP,31607,exact_symbol
TJAP1,31609,exact_symbol
TJP1,31610,exact_symbol
TJP2,31611,exact_symbol
TJP3,31612,exact_symbol
TK1,31613,exact_symbol
TK2,31614,exact_symbol
TKFC,31615,exact_symbol
TKT,31616,exact_symbol
TKTL1,31617,exact_symbol
TKTL2,31618,exact_symbol
TLCD1,31619,exact_symbol
TLCD2,31620,exact_symbol
TLCD3A,9393,hgnc_previous_symbol
TLCD3B,9394,hgnc_previous_symbol
TLCD4,31932,hgnc_previous_symbol
TLCD5,31751,hgnc_previous_symbol
TLDC2,31622,exact_symbol
TLE1,31623,exact_symbol
TLE2,31625,exact_symbol
TLE3,31626,exact_symbol
TLE4,31627,exact_symbol
TLE5,1724,hgnc_previous_symbol
TLE7,-1,missing
TLK1,31629,exact_symbol
TLK2,31631,exact_symbol
TLL1,31633,exact_symbol
TLL2,31634,exact_symbol
TLN1,31635,exact_symbol
TLN2,31636,exact_symbol
TLNRD1,15478,hgnc_previous_symbol
TLR1,31637,exact_symbol
TLR2,31640,exact_symbol
TLR3,31641,exact_symbol
TLR4,31642,exact_symbol
TLR5,31643,exact_symbol
TLR6,31644,exact_symbol
TLR7,31645,exact_symbol
TLR8,31646,exact_symbol
TLR9,31647,exact_symbol
TLX1,31648,exact_symbol
TLX2,31649,exact_symbol
TLX3,31650,exact_symbol
TM2D1,31651,exact_symbol
TM2D2,31652,exact_symbol
TM2D3,31653,exact_symbol
TM4SF1,31654,exact_symbol
TM4SF19,31656,exact_symbol
TM4SF20,31658,exact_symbol
TM4SF4,31659,exact_symbol
TM4SF5,31660,exact_symbol
TM6SF1,31661,exact_symbol
TM6SF2,31662,exact_symbol
TM7SF2,31663,exact_symbol
TM7SF3,31664,exact_symbol
TM9SF1,31665,exact_symbol
TM9SF2,31666,exact_symbol
TM9SF3,31667,exact_symbol
TM9SF4,31668,exact_symbol
TMA16,31669,exact_symbol
TMA7,31672,exact_symbol
TMBIM1,31673,exact_symbol
TMBIM4,31674,exact_symbol
TMBIM6,31675,exact_symbol
TMC1,31677,exact_symbol
TMC2,31678,exact_symbol
TMC3,31679,exact_symbol
TMC4,31680,exact_symbol
TMC5,31681,exact_symbol
TMC6,31682,exact_symbol
TMC7,31683,exact_symbol
TMC8,31684,exact_symbol
TMCC1,31685,exact_symbol
TMCC2,31687,exact_symbol
TMCC3,31688,exact_symbol
TMCO1,31689,exact_symbol
TMCO2,31690,exact_symbol
TMCO3,31691,exact_symbol
TMCO4,31692,exact_symbol
TMCO5A,31693,exact_symbol
TMCO6,31695,exact_symbol
TMED1,31696,exact_symbol
TMED10,31697,exact_symbol
TMED2,31701,exact_symbol
TMED3,31702,exact_symbol
TMED4,31703,exact_symbol
TMED5,31704,exact_symbol
TMED6,31705,exact_symbol
TMED7,31706,exact_symbol
TMED8,31708,exact_symbol
TMED9,31709,exact_symbol
TMEFF1,31710,exact_symbol
TMEFF2,31711,exact_symbol
TMEM100,31712,exact_symbol
TMEM101,31713,exact_symbol
TMEM102,31714,exact_symbol
TMEM104,31715,exact_symbol
TMEM106A,31717,exact_symbol
TMEM106B,31718,exact_symbol
TMEM106C,31719,exact_symbol
TMEM107,31720,exact_symbol
TMEM108,31721,exact_symbol
TMEM109,31722,exact_symbol
TMEM11,31723,exact_symbol
TMEM114,31726,exact_symbol
TMEM115,31727,exact_symbol
TMEM116,31728,exact_symbol
TMEM117,31729,exact_symbol
TMEM119,31730,exact_symbol
TMEM120A,31731,exact_symbol
TMEM120B,31732,exact_symbol
TMEM121,31733,exact_symbol
TMEM121B,5134,hgnc_previous_symbol
TMEM123,31734,exact_symbol
TMEM125,31735,exact_symbol
TMEM126A,31736,exact_symbol
TMEM126B,31737,exact_symbol
TMEM127,31738,exact_symbol
TMEM128,31739,exact_symbol
TMEM129,31740,exact_symbol
TMEM130,31741,exact_symbol
TMEM131,31742,exact_symbol
TMEM131L,13670,hgnc_previous_symbol
TMEM132A,31743,exact_symbol
TMEM132B,31744,exact_symbol
TMEM132C,31745,exact_symbol
TMEM132D,31746,exact_symbol
TMEM132E,31747,exact_symbol
TMEM134,31749,exact_symbol
TMEM135,31750,exact_symbol
TMEM138,31752,exact_symbol
TMEM139,31753,exact_symbol
TMEM140,31754,exact_symbol
TMEM141,31755,exact_symbol
TMEM143,31756,exact_symbol
TMEM144,31757,exact_symbol
TMEM145,31758,exact_symbol
TMEM147,31759,exact_symbol
TMEM14A,31760,exact_symbol
TMEM14C,31762,exact_symbol
TMEM150A,31765,exact_symbol
TMEM150B,31766,exact_symbol
TMEM150C,31767,exact_symbol
TMEM151A,31768,exact_symbol
TMEM151B,31769,exact_symbol
TMEM154,31770,exact_symbol
TMEM158,31773,exact_symbol
TMEM160,31775,exact_symbol
TMEM161A,31776,exact_symbol
TMEM161B,31777,exact_symbol
TMEM163,31779,exact_symbol
TMEM164,31780,exact_symbol
TMEM165,31781,exact_symbol
TMEM167A,31782,exact_symbol
TMEM168,31785,exact_symbol
TMEM169,31786,exact_symbol
TMEM17,31787,exact_symbol
TMEM170A,31788,exact_symbol
TMEM170B,31789,exact_symbol
TMEM171,31790,exact_symbol
TMEM174,31792,exact_symbol
TMEM175,31793,exact_symbol
TMEM176A,31794,exact_symbol
TMEM176B,31795,exact_symbol
TMEM177,31796,exact_symbol
TMEM178A,31797,exact_symbol
TMEM178B,31798,exact_symbol
TMEM179,31799,exact_symbol
TMEM179B,31800,exact_symbol
TMEM18,31801,exact_symbol
TMEM181,31802,exact_symbol
TMEM182,31803,exact_symbol
TMEM183A,31804,exact_symbol
TMEM184A,31806,exact_symbol
TMEM184B,31807,exact_symbol
TMEM184C,31808,exact_symbol
TMEM185A,31809,exact_symbol
TMEM185B,31811,exact_symbol
TMEM186,31812,exact_symbol
TMEM19,31816,exact_symbol
TMEM190,31817,exact_symbol
TMEM192,31821,exact_symbol
TMEM198,31823,exact_symbol
TMEM200A,31827,exact_symbol
TMEM200B,31828,exact_symbol
TMEM200C,31829,exact_symbol
TMEM201,31830,exact_symbol
TMEM203,31832,exact_symbol
TMEM204,31833,exact_symbol
TMEM205,31834,exact_symbol
TMEM207,31836,exact_symbol
TMEM208,31837,exact_symbol
TMEM209,31838,exact_symbol
TMEM210,31839,exact_symbol
TMEM212,31841,exact_symbol
TMEM213,31842,exact_symbol
TMEM214,31843,exact_symbol
TMEM215,31844,exact_symbol
TMEM216,31845,exact_symbol
TMEM218,31847,exact_symbol
TMEM219,31848,exact_symbol
TMEM220,31849,exact_symbol
TMEM221,31850,exact_symbol
TMEM222,31851,exact_symbol
TMEM223,31852,exact_symbol
TMEM229A,31854,exact_symbol
TMEM229B,31855,exact_symbol
TMEM230,31856,exact_symbol
TMEM231,31857,exact_symbol
TMEM232,31858,exact_symbol
TMEM233,31859,exact_symbol
TMEM234,31860,exact_symbol
TMEM235,31861,exact_symbol
TMEM236,31862,exact_symbol
TMEM237,31863,exact_symbol
TMEM238,31864,exact_symbol
TMEM238L,14583,hgnc_previous_symbol
TMEM239,31865,exact_symbol
TMEM240,31866,exact_symbol
TMEM241,31867,exact_symbol
TMEM242,31868,exact_symbol
TMEM243,31869,exact_symbol
TMEM245,31871,exact_symbol
TMEM247,31873,exact_symbol
TMEM248,31874,exact_symbol
TMEM249,31876,exact_symbol
TMEM25,31877,exact_symbol
TMEM252,31879,exact_symbol
TMEM253,31880,exact_symbol
TMEM254,31881,exact_symbol
TMEM255A,31882,exact_symbol
TMEM255B,31883,exact_symbol
TMEM256,31884,exact_symbol
TMEM258,31889,exact_symbol
TMEM259,31890,exact_symbol
TMEM26,31891,exact_symbol
TMEM260,31892,exact_symbol
TMEM262,31895,exact_symbol
TMEM263,31896,exact_symbol
TMEM266,31898,exact_symbol
TMEM267,31899,exact_symbol
TMEM268,4235,hgnc_previous_symbol
TMEM270,33924,hgnc_previous_symbol
TMEM273,3762,hgnc_previous_symbol
TMEM30A,31901,exact_symbol
TMEM30B,31902,exact_symbol
TMEM33,31905,exact_symbol
TMEM35A,31906,exact_symbol
TMEM35B,31907,exact_symbol
TMEM37,31908,exact_symbol
TMEM38A,31909,exact_symbol
TMEM38B,31910,exact_symbol
TMEM39A,31911,exact_symbol
TMEM39B,31912,exact_symbol
TMEM40,31913,exact_symbol
TMEM41B,31915,exact_symbol
TMEM42,31916,exact_symbol
TMEM43,31917,exact_symbol
TMEM44,31918,exact_symbol
TMEM45B,31920,exact_symbol
TMEM47,31921,exact_symbol
TMEM50A,31923,exact_symbol
TMEM50B,31924,exact_symbol
TMEM51,31925,exact_symbol
TMEM52,31926,exact_symbol
TMEM52B,31927,exact_symbol
TMEM53,31928,exact_symbol
TMEM54,31929,exact_symbol
TMEM59,31935,exact_symbol
TMEM59L,31936,exact_symbol
TMEM60,31937,exact_symbol
TMEM62,31939,exact_symbol
TMEM63A,31940,exact_symbol
TMEM63B,31941,exact_symbol
TMEM63C,31942,exact_symbol
TMEM64,31943,exact_symbol
TMEM65,31944,exact_symbol
TMEM67,31945,exact_symbol
TMEM68,31946,exact_symbol
TMEM69,31947,exact_symbol
TMEM70,31948,exact_symbol
TMEM71,31949,exact_symbol
TMEM72,31950,exact_symbol
TMEM74,31951,exact_symbol
TMEM74B,31952,exact_symbol
TMEM79,31954,exact_symbol
TMEM80,31955,exact_symbol
TMEM81,31956,exact_symbol
TMEM82,31957,exact_symbol
TMEM86A,31958,exact_symbol
TMEM86B,31959,exact_symbol
TMEM87A,31960,exact_symbol
TMEM87B,31961,exact_symbol
TMEM88,31962,exact_symbol
TMEM88B,31963,exact_symbol
TMEM89,31964,exact_symbol
TMEM8B,31966,exact_symbol
TMEM9,31968,exact_symbol
TMEM91,31969,exact_symbol
TMEM94,31971,exact_symbol
TMEM95,31972,exact_symbol
TMEM97,31973,exact_symbol
TMEM98,31976,exact_symbol
TMEM9B,31978,exact_symbol
TMF1,31979,exact_symbol
TMIE,31981,exact_symbol
TMIGD1,31982,exact_symbol
TMOD1,31986,exact_symbol
TMOD2,31987,exact_symbol
TMOD3,31988,exact_symbol
TMOD4,31989,exact_symbol
TMPPE,31993,exact_symbol
TMPRSS11A,31994,exact_symbol
TMPRSS11D,31998,exact_symbol
TMPRSS11E,31999,exact_symbol
TMPRSS11F,32000,exact_symbol
TMPRSS12,32002,exact_symbol
TMPRSS13,32003,exact_symbol
TMPRSS15,32004,exact_symbol
TMPRSS2,32005,exact_symbol
TMPRSS3,32006,exact_symbol
TMPRSS4,32007,exact_symbol
TMPRSS5,32009,exact_symbol
TMPRSS6,32010,exact_symbol
TMPRSS7,32011,exact_symbol
TMPRSS9,32012,exact_symbol
TMSB4Y,32025,exact_symbol
TMTC1,32026,exact_symbol
TMTC2,32027,exact_symbol
TMTC3,32028,exact_symbol
TMTC4,32029,exact_symbol
TMUB2,32031,exact_symbol
TMX1,32032,exact_symbol
TMX2,32033,exact_symbol
TMX3,32036,exact_symbol
TMX4,32037,exact_symbol
TNC,32038,exact_symbol
TNF,32039,exact_symbol
TNFAIP1,32040,exact_symbol
TNFAIP2,32041,exact_symbol
TNFAIP3,32042,exact_symbol
TNFAIP6,32043,exact_symbol
TNFAIP8,32044,exact_symbol
TNFAIP8L1,32045,exact_symbol
TNFAIP8L2,32046,exact_symbol
TNFAIP8L3,32047,exact_symbol
TNFRSF11A,32052,exact_symbol
TNFRSF11B,32053,exact_symbol
TNFRSF12A,32054,exact_symbol
TNFRSF17,32058,exact_symbol
TNFRSF19,32060,exact_symbol
TNFRSF1A,32061,exact_symbol
TNFRSF1B,32062,exact_symbol
TNFRSF21,32063,exact_symbol
TNFRSF25,32064,exact_symbol
TNFRSF4,32065,exact_symbol
TNFRSF9,32068,exact_symbol
TNFSF10,32069,exact_symbol
TNFSF11,32070,exact_symbol
TNFSF12,32071,exact_symbol
TNFSF13,32073,exact_symbol
TNFSF13B,32074,exact_symbol
TNFSF14,32075,exact_symbol
TNFSF15,32076,exact_symbol
TNFSF18,32077,exact_symbol
TNFSF8,32079,exact_symbol
TNIK,32081,exact_symbol
TNIP1,32082,exact_symbol
TNIP2,32083,exact_symbol
TNK1,32085,exact_symbol
TNK2,32086,exact_symbol
TNKS,32087,exact_symbol
TNKS1BP1,32088,exact_symbol
TNKS2,32089,exact_symbol
TNMD,32090,exact_symbol
TNN,32091,exact_symbol
TNNC1,32092,exact_symbol
TNNC2,32093,exact_symbol
TNNI1,32094,exact_symbol
TNNI2,32095,exact_symbol
TNNI3,32096,exact_symbol
TNNI3K,32097,exact_symbol
TNNT1,32098,exact_symbol
TNNT2,32099,exact_symbol
TNNT3,32100,exact_symbol
TNP1,32101,exact_symbol
TNPO1,32103,exact_symbol
TNPO2,32107,exact_symbol
TNPO3,32108,exact_symbol
TNR,32109,exact_symbol
TNRC6A,32114,exact_symbol
TNRC6B,32115,exact_symbol
TNRC6C,32116,exact_symbol
TNS1,32117,exact_symbol
TNS2,32118,exact_symbol
TNS3,32119,exact_symbol
TNS4,32120,exact_symbol
TNXB,32122,exact_symbol
TOB1,32123,exact_symbol
TOB2,32124,exact_symbol
TOE1,32126,exact_symbol
TOGARAM1,9241,hgnc_previous_symbol
TOGARAM2,9240,hgnc_previous_symbol
TOLLIP,32127,exact_symbol
TOM1,32128,exact_symbol
TOM1L1,32129,exact_symbol
TOM1L2,32130,exact_symbol
TOMM20,32131,exact_symbol
TOMM20L,32132,exact_symbol
TOMM22,32137,exact_symbol
TOMM34,32144,exact_symbol
TOMM40,32145,exact_symbol
TOMM40L,32146,exact_symbol
TOMM6,32148,exact_symbol
TOMM7,32149,exact_symbol
TOMM70,32150,exact_symbol
TOMT,-1,missing
TONSL,32151,exact_symbol
TOP1,32152,exact_symbol
TOP1MT,32153,exact_symbol
TOP2A,32155,exact_symbol
TOP2B,32156,exact_symbol
TOP3A,32157,exact_symbol
TOP3B,32158,exact_symbol
TOPAZ1,32160,exact_symbol
TOPBP1,32161,exact_symbol
TOPORS,32162,exact_symbol
TOR1A,32165,exact_symbol
TOR1AIP1,32166,exact_symbol
TOR1AIP2,32167,exact_symbol
TOR1B,32168,exact_symbol
TOR2A,32169,exact_symbol
TOR3A,32170,exact_symbol
TOR4A,32171,exact_symbol
TOX,32172,exact_symbol
TOX2,32173,exact_symbol
TOX3,32174,exact_symbol
TOX4,32175,exact_symbol
TP53,32177,exact_symbol
TP53BP1,32179,exact_symbol
TP53BP2,32180,exact_symbol
TP53I11,32181,exact_symbol
TP53I13,32182,exact_symbol
TP53INP1,32184,exact_symbol
TP53INP2,32185,exact_symbol
TP63,32196,exact_symbol
TP73,32197,exact_symbol
TPBG,32199,exact_symbol
TPBGL,32200,exact_symbol
TPCN1,32201,exact_symbol
TPCN2,32202,exact_symbol
TPD52,32203,exact_symbol
TPD52L1,32204,exact_symbol
TPD52L2,32205,exact_symbol
TPGS1,32207,exact_symbol
TPGS2,32208,exact_symbol
TPH1,32209,exact_symbol
TPH2,32210,exact_symbol
TPI1,32211,exact_symbol
TPK1,32216,exact_symbol
TPM1,32217,exact_symbol
TPM2,32218,exact_symbol
TPM3,32219,exact_symbol
TPM4,32228,exact_symbol
TPMT,32230,exact_symbol
TPO,32235,exact_symbol
TPP1,32236,exact_symbol
TPP2,32237,exact_symbol
TPPP,32238,exact_symbol
TPPP2,32239,exact_symbol
TPPP3,32240,exact_symbol
TPR,32241,exact_symbol
TPRA1,32242,exact_symbol
TPRKB,32245,exact_symbol
TPRN,32248,exact_symbol
TPSG1,32256,exact_symbol
TPST1,32258,exact_symbol
TPST2,32259,exact_symbol
TPX2,32285,exact_symbol
TRA2A,32286,exact_symbol
TRA2B,32287,exact_symbol
TRABD,32288,exact_symbol
TRABD2B,32290,exact_symbol
TRADD,32292,exact_symbol
TRAF1,32293,exact_symbol
TRAF2,32294,exact_symbol
TRAF3,32295,exact_symbol
TRAF3IP1,32296,exact_symbol
TRAF3IP2,32297,exact_symbol
TRAF3IP3,32298,exact_symbol
TRAF4,32299,exact_symbol
TRAF5,32300,exact_symbol
TRAF6,32301,exact_symbol
TRAF7,32303,exact_symbol
TRAFD1,32304,exact_symbol
TRAIP,32305,exact_symbol
TRAK1,32366,exact_symbol
TRAK2,32367,exact_symbol
TRAM1,32368,exact_symbol
TRAM1L1,32369,exact_symbol
TRAM2,32370,exact_symbol
TRANK1,32371,exact_symbol
TRAP1,32372,exact_symbol
TRAPPC1,32373,exact_symbol
TRAPPC10,32374,exact_symbol
TRAPPC11,32375,exact_symbol
TRAPPC12,32376,exact_symbol
TRAPPC13,32377,exact_symbol
TRAPPC14,4177,hgnc_previous_symbol
TRAPPC2,32379,exact_symbol
TRAPPC2L,32381,exact_symbol
TRAPPC3,32390,exact_symbol
TRAPPC3L,32391,exact_symbol
TRAPPC4,32392,exact_symbol
TRAPPC5,32393,exact_symbol
TRAPPC6A,32394,exact_symbol
TRAPPC6B,32395,exact_symbol
TRAPPC8,32396,exact_symbol
TRAPPC9,32397,exact_symbol
TRARG1,33045,hgnc_previous_symbol
TRAT1,32398,exact_symbol
TRDMT1,32552,exact_symbol
TRDN,32553,exact_symbol
TREH,32557,exact_symbol
TREM2,32560,exact_symbol
TREML1,32561,exact_symbol
TREML2,32562,exact_symbol
TRERF1,32566,exact_symbol
TREX1,32567,exact_symbol
TREX2,32568,exact_symbol
TRH,32590,exact_symbol
TRHDE,32591,exact_symbol
TRHR,32592,exact_symbol
TRIAP1,32593,exact_symbol
TRIB1,32595,exact_symbol
TRIB2,32596,exact_symbol
TRIB3,32597,exact_symbol
TRIL,32598,exact_symbol
TRIM10,32599,exact_symbol
TRIM11,32600,exact_symbol
TRIM13,32601,exact_symbol
TRIM14,32602,exact_symbol
TRIM16,32604,exact_symbol
TRIM17,32606,exact_symbol
TRIM2,32607,exact_symbol
TRIM21,32608,exact_symbol
TRIM23,32610,exact_symbol
TRIM24,32611,exact_symbol
TRIM25,32612,exact_symbol
TRIM26,32613,exact_symbol
TRIM27,32615,exact_symbol
TRIM28,32616,exact_symbol
TRIM29,32617,exact_symbol
TRIM3,32618,exact_symbol
TRIM32,32620,exact_symbol
TRIM33,32621,exact_symbol
TRIM35,32623,exact_symbol
TRIM36,32624,exact_symbol
TRIM37,32625,exact_symbol
TRIM38,32626,exact_symbol
TRIM39,32627,exact_symbol
TRIM40,32630,exact_symbol
TRIM41,32631,exact_symbol
TRIM42,32632,exact_symbol
TRIM44,32636,exact_symbol
TRIM45,32637,exact_symbol
TRIM46,32638,exact_symbol
TRIM47,32639,exact_symbol
TRIM50,32647,exact_symbol
TRIM54,32661,exact_symbol
TRIM55,32662,exact_symbol
TRIM56,32663,exact_symbol
TRIM58,32664,exact_symbol
TRIM59,32665,exact_symbol
TRIM6,32666,exact_symbol
TRIM60,32668,exact_symbol
TRIM61,32682,exact_symbol
TRIM62,32683,exact_symbol
TRIM63,32684,exact_symbol
TRIM65,32691,exact_symbol
TRIM66,32692,exact_symbol
TRIM67,32693,exact_symbol
TRIM68,32694,exact_symbol
TRIM69,32695,exact_symbol
TRIM7,32696,exact_symbol
TRIM71,32697,exact_symbol
TRIM72,32698,exact_symbol
TRIM8,32704,exact_symbol
TRIM9,32706,exact_symbol
TRIML1,32707,exact_symbol
TRIML2,32708,exact_symbol
TRIO,32709,exact_symbol
TRIOBP,32710,exact_symbol
TRIP10,32711,exact_symbol
TRIP11,32712,exact_symbol
TRIP12,32713,exact_symbol
TRIP13,32714,exact_symbol
TRIP4,32715,exact_symbol
TRIP6,32716,exact_symbol
TRIQK,32717,exact_symbol
TRIR,3916,hgnc_previous_symbol
TRIT1,32718,exact_symbol
TRMO,32719,exact_symbol
TRMT1,32720,exact_symbol
TRMT10A,32721,exact_symbol
TRMT10B,32722,exact_symbol
TRMT10C,32723,exact_symbol
TRMT11,32724,exact_symbol
TRMT112,32725,exact_symbol
TRMT12,32733,exact_symbol
TRMT13,32734,exact_symbol
TRMT1L,32735,exact_symbol
TRMT2A,32736,exact_symbol
TRMT2B,32737,exact_symbol
TRMT44,32738,exact_symbol
TRMT5,32739,exact_symbol
TRMT6,32740,exact_symbol
TRMT61A,32741,exact_symbol
TRMT9B,13690,hgnc_previous_symbol
TRMU,32743,exact_symbol
TRNAU1AP,32744,exact_symbol
TRNP1,32745,exact_symbol
TRNT1,32746,exact_symbol
TROAP,32748,exact_symbol
TRPA1,32750,exact_symbol
TRPC1,32751,exact_symbol
TRPC3,32753,exact_symbol
TRPC4,32754,exact_symbol
TRPC4AP,32755,exact_symbol
TRPC5,32756,exact_symbol
TRPC5OS,32757,exact_symbol
TRPC6,32758,exact_symbol
TRPC7,32760,exact_symbol
TRPM1,32761,exact_symbol
TRPM2,32762,exact_symbol
TRPM3,32763,exact_symbol
TRPM4,32764,exact_symbol
TRPM5,32765,exact_symbol
TRPM6,32766,exact_symbol
TRPM7,32767,exact_symbol
TRPM8,32768,exact_symbol
TRPS1,32769,exact_symbol
TRPT1,32770,exact_symbol
TRPV1,32771,exact_symbol
TRPV2,32772,exact_symbol
TRPV3,32773,exact_symbol
TRPV4,32774,exact_symbol
TRPV5,32775,exact_symbol
TRPV6,32776,exact_symbol
TRRAP,32777,exact_symbol
TRUB1,32778,exact_symbol
TRUB2,32779,exact_symbol
TSACC,32782,exact_symbol
TSC1,32783,exact_symbol
TSC2,32784,exact_symbol
TSC22D1,32785,exact_symbol
TSC22D2,32786,exact_symbol
TSC22D3,32787,exact_symbol
TSEN15,32789,exact_symbol
TSEN2,32793,exact_symbol
TSEN34,32795,exact_symbol
TSEN54,32796,exact_symbol
TSFM,32797,exact_symbol
TSG101,32798,exact_symbol
TSGA10,32799,exact_symbol
TSGA10IP,32800,exact_symbol
TSGA13,32801,exact_symbol
TSHB,32802,exact_symbol
TSHR,32803,exact_symbol
TSHZ1,32804,exact_symbol
TSHZ2,32805,exact_symbol
TSHZ3,32806,exact_symbol
TSKS,32807,exact_symbol
TSKU,32808,exact_symbol
TSN,32810,exact_symbol
TSNAX,32812,exact_symbol
TSNAXIP1,32814,exact_symbol
TSPAN1,32815,exact_symbol
TSPAN10,32816,exact_symbol
TSPAN11,32817,exact_symbol
TSPAN12,32818,exact_symbol
TSPAN13,32819,exact_symbol
TSPAN14,32820,exact_symbol
TSPAN15,32821,exact_symbol
TSPAN17,32823,exact_symbol
TSPAN18,32824,exact_symbol
TSPAN2,32826,exact_symbol
TSPAN3,32827,exact_symbol
TSPAN31,32828,exact_symbol
TSPAN32,32829,exact_symbol
TSPAN33,32830,exact_symbol
TSPAN4,32831,exact_symbol
TSPAN5,32832,exact_symbol
TSPAN6,32833,exact_symbol
TSPAN7,32834,exact_symbol
TSPAN8,32835,exact_symbol
TSPAN9,32836,exact_symbol
TSPEAR,32837,exact_symbol
TSPO,32838,exact_symbol
TSPO2,32839,exact_symbol
TSPOAP1,32840,exact_symbol
TSPYL1,32867,exact_symbol
TSPYL2,32868,exact_symbol
TSPYL4,32869,exact_symbol
TSPYL5,32870,exact_symbol
TSR1,32872,exact_symbol
TSR2,32873,exact_symbol
TSR3,32874,exact_symbol
TSSC4,32877,exact_symbol
TSSK1B,32879,exact_symbol
TSSK2,32880,exact_symbol
TSSK3,32881,exact_symbol
TSSK4,32882,exact_symbol
TSSK6,32884,exact_symbol
TST,32885,exact_symbol
TSTD1,32887,exact_symbol
TSTD2,32888,exact_symbol
TTBK1,32890,exact_symbol
TTBK2,32891,exact_symbol
TTC1,32892,exact_symbol
TTC12,32893,exact_symbol
TTC13,32894,exact_symbol
TTC14,32895,exact_symbol
TTC17,32897,exact_symbol
TTC19,32898,exact_symbol
TTC21A,32899,exact_symbol
TTC21B,32900,exact_symbol
TTC22,32901,exact_symbol
TTC23,32902,exact_symbol
TTC23L,32903,exact_symbol
TTC27,32907,exact_symbol
TTC28,32908,exact_symbol
TTC29,32909,exact_symbol
TTC3,32910,exact_symbol
TTC32,32914,exact_symbol
TTC33,32915,exact_symbol
TTC34,32916,exact_symbol
TTC36,32917,exact_symbol
TTC38,32919,exact_symbol
TTC39A,32920,exact_symbol
TTC39B,32921,exact_symbol
TTC39C,32922,exact_symbol
TTC4,32926,exact_symbol
TTC5,32929,exact_symbol
TTC6,32930,exact_symbol
TTC7A,32931,exact_symbol
TTC7B,32932,exact_symbol
TTC8,32933,exact_symbol
TTC9,32934,exact_symbol
TTC9B,32935,exact_symbol
TTC9C,32936,exact_symbol
TTF2,32938,exact_symbol
TTI1,32939,exact_symbol
TTI2,32940,exact_symbol
TTK,32941,exact_symbol
TTL,32942,exact_symbol
TTLL1,32943,exact_symbol
TTLL10,32944,exact_symbol
TTLL11,32945,exact_symbol
TTLL12,32946,exact_symbol
TTLL13,32947,stable_id
TTLL2,32948,exact_symbol
TTLL3,32949,exact_symbol
TTLL4,32950,exact_symbol
TTLL6,32952,exact_symbol
TTLL7,32953,exact_symbol
TTLL8,32954,exact_symbol
TTLL9,32955,exact_symbol
TTN,32956,exact_symbol
TTPA,32957,exact_symbol
TTPAL,32958,exact_symbol
TTR,32959,exact_symbol
TTYH1,32961,exact_symbol
TTYH2,32962,exact_symbol
TTYH3,32963,exact_symbol
TUB,32964,exact_symbol
TUBA1A,32965,exact_symbol
TUBA1B,32966,exact_symbol
TUBA1C,32967,exact_symbol
TUBA3C,32968,exact_symbol
TUBA4A,32973,exact_symbol
TUBA8,32975,exact_symbol
TUBAL3,32976,exact_symbol
TUBB,32980,exact_symbol
TUBB1,32981,exact_symbol
TUBB2A,32984,exact_symbol
TUBB2B,32985,exact_symbol
TUBB3,32987,exact_symbol
TUBB4A,32990,exact_symbol
TUBB4B,32992,exact_symbol
TUBB6,33000,exact_symbol
TUBD1,33023,exact_symbol
TUBE1,33024,exact_symbol
TUBG1,33025,exact_symbol
TUBG2,33027,exact_symbol
TUBGCP2,33028,exact_symbol
TUBGCP3,33029,exact_symbol
TUBGCP4,33030,exact_symbol
TUBGCP5,33031,exact_symbol
TUBGCP6,33032,exact_symbol
TUFM,33033,exact_symbol
TUFT1,33035,exact_symbol
TUG1,-1,missing
TULP1,33036,exact_symbol
TULP2,33037,exact_symbol
TULP3,33038,exact_symbol
TULP4,33040,exact_symbol
TUNAR,33041,exact_symbol
TUSC1,33042,exact_symbol
TUSC2,33043,exact_symbol
TUSC3,33044,exact_symbol
TUT1,33046,exact_symbol
TUT4,34389,hgnc_previous_symbol
TUT7,34401,hgnc_previous_symbol
TVP23A,33047,exact_symbol
TWF1,33055,exact_symbol
TWF2,33057,exact_symbol
TWIST1,33058,exact_symbol
TWIST2,33059,exact_symbol
TWNK,3764,hgnc_previous_symbol
TWSG1,33061,exact_symbol
TXK,33062,exact_symbol
TXLNA,33063,exact_symbol
TXLNB,33064,exact_symbol
TXLNG,33065,exact_symbol
TXN,33067,exact_symbol
TXN2,33068,exact_symbol
TXNDC11,33069,exact_symbol
TXNDC12,33070,exact_symbol
TXNDC15,33071,exact_symbol
TXNDC16,33072,exact_symbol
TXNDC17,33073,exact_symbol
TXNDC5,33075,exact_symbol
TXNDC8,33076,exact_symbol
TXNDC9,33077,exact_symbol
TXNIP,33078,exact_symbol
TXNL1,33079,exact_symbol
TXNL4A,33081,exact_symbol
TXNL4B,33082,exact_symbol
TXNRD1,33090,exact_symbol
TXNRD2,33091,exact_symbol
TXNRD3,33092,exact_symbol
TYK2,33094,exact_symbol
TYMP,33095,exact_symbol
TYMS,33096,exact_symbol
TYR,33097,exact_symbol
TYRO3,33099,exact_symbol
TYROBP,33101,exact_symbol
TYRP1,33102,exact_symbol
TYSND1,33103,exact_symbol
TYW3,33106,exact_symbol
TYW5,33107,exact_symbol
U2AF1,33108,exact_symbol
U2AF1L4,33109,exact_symbol
U2AF2,33111,exact_symbol
U2SURP,33112,exact_symbol
UACA,33122,exact_symbol
UAP1,33123,exact_symbol
UAP1L1,33124,exact_symbol
UBA1,33125,exact_symbol
UBA2,33126,exact_symbol
UBA3,33127,exact_symbol
UBA5,33128,exact_symbol
UBA52,33129,exact_symbol
UBA6,33136,exact_symbol
UBA7,33137,exact_symbol
UBAC1,33138,exact_symbol
UBAC2,33139,exact_symbol
UBALD1,33140,exact_symbol
UBALD2,33141,exact_symbol
UBAP1,33142,exact_symbol
UBAP1L,33143,exact_symbol
UBAP2,33144,exact_symbol
UBAP2L,33145,exact_symbol
UBASH3A,33146,exact_symbol
UBASH3B,33147,exact_symbol
UBB,33148,exact_symbol
UBC,33154,exact_symbol
UBD,33155,exact_symbol
UBE2A,33157,exact_symbol
UBE2B,33158,exact_symbol
UBE2C,33159,exact_symbol
UBE2D1,33164,exact_symbol
UBE2D2,33165,exact_symbol
UBE2D3,33166,exact_symbol
UBE2E1,33173,exact_symbol
UBE2E2,33174,exact_symbol
UBE2E3,33175,exact_symbol
UBE2F,33176,exact_symbol
UBE2G1,33181,exact_symbol
UBE2G2,33182,exact_symbol
UBE2H,33183,exact_symbol
UBE2I,33185,exact_symbol
UBE2J1,33186,exact_symbol
UBE2J2,33187,exact_symbol
UBE2K,33188,exact_symbol
UBE2L6,33193,exact_symbol
UBE2M,33194,exact_symbol
UBE2N,33196,exact_symbol
UBE2O,33199,exact_symbol
UBE2Q1,33200,exact_symbol
UBE2Q2,33201,exact_symbol
UBE2QL1,33213,exact_symbol
UBE2R2,33214,exact_symbol
UBE2T,33218,exact_symbol
UBE2V1,33220,exact_symbol
UBE2V2,33233,exact_symbol
UBE2W,33238,exact_symbol
UBE2Z,33240,exact_symbol
UBE3A,33241,exact_symbol
UBE3B,33243,exact_symbol
UBE3C,33244,exact_symbol
UBE4A,33246,exact_symbol
UBE4B,33247,exact_symbol
UBFD1,33248,exact_symbol
UBIAD1,33250,exact_symbol
UBL3,33251,exact_symbol
UBL4A,33252,exact_symbol
UBL4B,33253,exact_symbol
UBL5,33254,exact_symbol
UBL7,33259,exact_symbol
UBLCP1,33260,exact_symbol
UBN1,33261,exact_symbol
UBN2,33262,exact_symbol
UBOX5,33263,exact_symbol
UBP1,33264,exact_symbol
UBQLN1,33265,exact_symbol
UBQLN2,33267,exact_symbol
UBQLN3,33268,exact_symbol
UBQLN4,33269,exact_symbol
UBR1,33273,exact_symbol
UBR2,33274,exact_symbol
UBR3,33275,exact_symbol
UBR4,33276,exact_symbol
UBR5,33277,exact_symbol
UBR7,33278,exact_symbol
UBTD1,33279,exact_symbol
UBTD2,33280,exact_symbol
UBTF,33281,exact_symbol
UBTFL1,33282,exact_symbol
UBXN1,33292,exact_symbol
UBXN10,33293,exact_symbol
UBXN11,33294,exact_symbol
UBXN2A,33295,exact_symbol
UBXN2B,33296,exact_symbol
UBXN4,33297,exact_symbol
UBXN6,33298,exact_symbol
UBXN7,33299,exact_symbol
UBXN8,33300,exact_symbol
UCHL1,33301,exact_symbol
UCHL5,33303,exact_symbol
UCK1,33304,exact_symbol
UCK2,33305,exact_symbol
UCKL1,33306,exact_symbol
UCMA,33307,exact_symbol
UCN,33308,exact_symbol
UCN2,33309,exact_symbol
UCN3,33310,exact_symbol
UCP1,33311,exact_symbol
UCP2,33312,exact_symbol
UCP3,33313,exact_symbol
UEVLD,33314,exact_symbol
UFC1,33315,exact_symbol
UFD1,33316,hgnc_previous_symbol
UFL1,33317,exact_symbol
UFM1,33318,exact_symbol
UFSP1,33319,exact_symbol
UFSP2,33320,exact_symbol
UGCG,33321,exact_symbol
UGDH,33322,exact_symbol
UGGT1,33323,exact_symbol
UGGT2,33324,exact_symbol
UGP2,33325,exact_symbol
UGT1A1,33326,exact_symbol
UGT2A1,33339,exact_symbol
UGT2A2,33340,exact_symbol
UGT8,33357,exact_symbol
UHMK1,33358,exact_symbol
UHRF1,33359,exact_symbol
UHRF2,33362,exact_symbol
UIMC1,33364,exact_symbol
ULK1,33368,exact_symbol
ULK2,33369,exact_symbol
ULK3,33370,exact_symbol
ULK4,33371,exact_symbol
UMAD1,33375,exact_symbol
UMOD,33376,exact_symbol
UMODL1,33377,exact_symbol
UMPS,33378,exact_symbol
UNC119,33379,exact_symbol
UNC119B,33380,exact_symbol
UNC13A,33381,exact_symbol
UNC13B,33382,exact_symbol
UNC13C,33383,exact_symbol
UNC13D,33384,exact_symbol
UNC45A,33385,exact_symbol
UNC45B,33386,exact_symbol
UNC50,33387,exact_symbol
UNC5A,33388,exact_symbol
UNC5B,33389,exact_symbol
UNC5C,33390,exact_symbol
UNC5CL,33391,exact_symbol
UNC5D,33392,exact_symbol
UNC79,33393,exact_symbol
UNC80,33394,exact_symbol
UNC93B1,33396,exact_symbol
UNCX,33404,exact_symbol
UNG,33405,exact_symbol
UNK,33408,exact_symbol
UNKL,33409,exact_symbol
UPB1,33411,exact_symbol
UPF1,33412,exact_symbol
UPF2,33413,exact_symbol
UPF3A,33414,exact_symbol
UPF3B,33418,exact_symbol
UPK1A,33419,exact_symbol
UPK1B,33420,exact_symbol
UPK2,33421,exact_symbol
UPK3A,33422,exact_symbol
UPK3B,33423,exact_symbol
UPP1,33426,exact_symbol
UPP2,33427,exact_symbol
UPRT,33428,exact_symbol
UQCC1,33429,exact_symbol
UQCC2,33430,exact_symbol
UQCC3,33431,exact_symbol
UQCR10,33432,exact_symbol
UQCR11,33433,exact_symbol
UQCRC1,33438,exact_symbol
UQCRC2,33439,exact_symbol
UQCRQ,33451,exact_symbol
URB1,33454,exact_symbol
URB2,33455,exact_symbol
URGCP,33456,exact_symbol
URI1,33458,exact_symbol
URM1,33459,exact_symbol
UROC1,33460,exact_symbol
UROD,33461,exact_symbol
UROS,33462,exact_symbol
USB1,33463,exact_symbol
USE1,33464,exact_symbol
USF1,33465,exact_symbol
USF2,33467,exact_symbol
USF3,33468,exact_symbol
USH1C,33469,exact_symbol
USH1G,33470,exact_symbol
USH2A,33471,exact_symbol
USHBP1,33472,exact_symbol
USO1,33475,exact_symbol
USP1,33476,exact_symbol
USP10,33477,exact_symbol
USP11,33478,exact_symbol
USP12,33479,exact_symbol
USP13,33482,exact_symbol
USP14,33483,exact_symbol
USP15,33484,exact_symbol
USP16,33485,exact_symbol
USP18,33516,exact_symbol
USP19,33517,exact_symbol
USP2,33518,exact_symbol
USP20,33519,exact_symbol
USP21,33520,exact_symbol
USP22,33521,exact_symbol
USP24,33522,exact_symbol
USP25,33524,exact_symbol
USP27X,33526,exact_symbol
USP28,33527,exact_symbol
USP3,33529,exact_symbol
USP30,33530,exact_symbol
USP31,33531,exact_symbol
USP33,33536,exact_symbol
USP34,33537,exact_symbol
USP35,33538,exact_symbol
USP36,33539,exact_symbol
USP37,33540,exact_symbol
USP38,33541,exact_symbol
USP39,33542,exact_symbol
USP4,33543,exact_symbol
USP40,33544,exact_symbol
USP42,33546,exact_symbol
USP43,33547,exact_symbol
USP44,33548,exact_symbol
USP45,33549,exact_symbol
USP46,33550,exact_symbol
USP47,33551,exact_symbol
USP48,33552,exact_symbol
USP49,33553,exact_symbol
USP5,33554,exact_symbol
USP50,33555,exact_symbol
USP51,33556,exact_symbol
USP53,33557,exact_symbol
USP54,33558,exact_symbol
USP6NL,33560,exact_symbol
USP7,33561,exact_symbol
USP8,33562,exact_symbol
USP9X,33564,exact_symbol
USP9Y,33565,exact_symbol
USPL1,33602,exact_symbol
UST,33603,exact_symbol
UTP11,33605,exact_symbol
UTP15,33608,exact_symbol
UTP18,33609,exact_symbol
UTP20,33610,exact_symbol
UTP23,33611,exact_symbol
UTP25,7791,hgnc_previous_symbol
UTP3,33612,exact_symbol
UTP4,33613,exact_symbol
UTP6,33614,exact_symbol
UTRN,33615,exact_symbol
UVRAG,33620,exact_symbol
UVSSA,33621,exact_symbol
UXS1,33622,exact_symbol
UXT,33623,exact_symbol
VAC14,33624,exact_symbol
VAMP1,33625,exact_symbol
VAMP2,33626,exact_symbol
VAMP3,33627,exact_symbol
VAMP4,33628,exact_symbol
VAMP5,33629,exact_symbol
VAMP8,33631,exact_symbol
VANGL1,33632,exact_symbol
VANGL2,33633,exact_symbol
VAPA,33634,exact_symbol
VAPB,33635,exact_symbol
VARS2,33637,exact_symbol
VASH1,33638,exact_symbol
VASH2,33639,exact_symbol
VASN,33640,exact_symbol
VASP,33641,exact_symbol
VAT1,33642,exact_symbol
VAT1L,33643,exact_symbol
VAV1,33644,exact_symbol
VAV2,33645,exact_symbol
VAV3,33646,exact_symbol
VAX1,33647,exact_symbol
VAX2,33648,exact_symbol
VBP1,33649,exact_symbol
VCAM1,33650,exact_symbol
VCAN,33651,exact_symbol
VCL,33652,exact_symbol
VCP,33653,exact_symbol
VCPIP1,33654,exact_symbol
VCPKMT,33655,exact_symbol
VDAC1,33662,exact_symbol
VDAC2,33676,exact_symbol
VDAC3,33681,exact_symbol
VDR,33683,exact_symbol
VEGFA,33684,exact_symbol
VEGFB,33685,exact_symbol
VEGFC,33686,exact_symbol
VEGFD,33687,exact_symbol
VEPH1,33695,exact_symbol
VEZF1,33696,exact_symbol
VEZT,33698,exact_symbol
VGF,33699,exact_symbol
VGLL2,33701,exact_symbol
VGLL3,33702,exact_symbol
VGLL4,33703,exact_symbol
VHL,33704,exact_symbol
VIL1,33706,exact_symbol
VILL,33707,exact_symbol
VIM,33708,exact_symbol
VIP,33711,exact_symbol
VIPAS39,33712,exact_symbol
VIPR1,33713,exact_symbol
VIPR2,33714,exact_symbol
VIRMA,13689,hgnc_previous_symbol
VIT,33715,exact_symbol
VKORC1,33716,exact_symbol
VKORC1L1,33717,exact_symbol
VLDLR,33718,exact_symbol
VMA21,33719,exact_symbol
VMAC,33720,exact_symbol
VMO1,33721,exact_symbol
VMP1,33722,exact_symbol
VNN1,33791,exact_symbol
VOPP1,33794,exact_symbol
VPREB3,33796,exact_symbol
VPS11,33797,exact_symbol
VPS13A,33798,exact_symbol
VPS13B,33799,exact_symbol
VPS13C,33800,exact_symbol
VPS13D,33801,exact_symbol
VPS16,33802,exact_symbol
VPS18,33803,exact_symbol
VPS25,33804,exact_symbol
VPS26A,33806,exact_symbol
VPS26B,33808,exact_symbol
VPS26C,8131,hgnc_previous_symbol
VPS28,33810,exact_symbol
VPS29,33811,exact_symbol
VPS33A,33812,exact_symbol
VPS33B,33813,exact_symbol
VPS35,33814,exact_symbol
VPS35L,3867,hgnc_previous_symbol
VPS36,33816,exact_symbol
VPS37A,33817,exact_symbol
VPS37B,33818,exact_symbol
VPS37C,33819,exact_symbol
VPS37D,33820,exact_symbol
VPS39,33821,exact_symbol
VPS41,33822,exact_symbol
VPS45,33823,exact_symbol
VPS4A,33824,exact_symbol
VPS4B,33825,exact_symbol
VPS50,33826,exact_symbol
VPS51,33827,exact_symbol
VPS52,33828,exact_symbol
VPS53,33829,exact_symbol
VPS54,33830,exact_symbol
VPS72,33831,exact_symbol
VPS8,33832,exact_symbol
VPS9D1,33833,exact_symbol
VRK1,33834,exact_symbol
VRK2,33835,exact_symbol
VRK3,33836,exact_symbol
VRTN,33837,exact_symbol
VSIG1,33838,exact_symbol
VSIG10,33839,exact_symbol
VSIG10L,33840,exact_symbol
VSIG2,33841,exact_symbol
VSIG8,33843,exact_symbol
VSIR,3767,hgnc_previous_symbol
VSNL1,33844,exact_symbol
VSTM2A,33846,exact_symbol
VSTM2B,33847,exact_symbol
VSTM2L,33848,exact_symbol
VSTM4,33849,exact_symbol
VSTM5,33850,exact_symbol
VSX1,33851,exact_symbol
VSX2,33852,exact_symbol
VTA1,33853,exact_symbol
VTCN1,33856,exact_symbol
VTI1A,33857,exact_symbol
VTI1B,33858,exact_symbol
VTN,33863,exact_symbol
VWA1,33864,exact_symbol
VWA2,33865,exact_symbol
VWA3A,33866,exact_symbol
VWA3B,33867,exact_symbol
VWA5B1,33869,exact_symbol
VWA5B2,33870,exact_symbol
VWA7,33871,exact_symbol
VWA8,33872,exact_symbol
VWC2,33875,exact_symbol
VWC2L,33876,exact_symbol
VWCE,33877,exact_symbol
VWF,33879,exact_symbol
VXN,4198,hgnc_previous_symbol
WAC,33881,exact_symbol
WAPL,33882,exact_symbol
WARS2,33884,exact_symbol
WAS,33887,exact_symbol
WASF1,33888,exact_symbol
WASF2,33890,exact_symbol
WASF3,33891,exact_symbol
WASHC3,4629,hgnc_previous_symbol
WASHC4,13674,hgnc_previous_symbol
WASHC5,13652,hgnc_previous_symbol
WASL,33901,exact_symbol
WBP1,33902,exact_symbol
WBP1L,33905,exact_symbol
WBP2,33917,exact_symbol
WBP2NL,33918,exact_symbol
WBP4,33920,exact_symbol
WDCP,33925,exact_symbol
WDFY1,33926,exact_symbol
WDFY2,33927,exact_symbol
WDFY3,33928,exact_symbol
WDFY4,33929,exact_symbol
WDHD1,33930,exact_symbol
WDPCP,33931,exact_symbol
WDR1,33932,exact_symbol
WDR11,33933,exact_symbol
WDR12,33934,exact_symbol
WDR13,33935,exact_symbol
WDR17,33936,exact_symbol
WDR18,33937,exact_symbol
WDR19,33938,exact_symbol
WDR24,33940,exact_symbol
WDR25,33941,exact_symbol
WDR26,33942,exact_symbol
WDR27,33943,exact_symbol
WDR3,33944,exact_symbol
WDR31,33945,exact_symbol
WDR33,33946,exact_symbol
WDR35,33948,exact_symbol
WDR36,33949,exact_symbol
WDR37,33950,exact_symbol
WDR38,33951,exact_symbol
WDR4,33952,exact_symbol
WDR41,33953,exact_symbol
WDR43,33954,exact_symbol
WDR44,33955,exact_symbol
WDR45,33956,exact_symbol
WDR45B,33957,exact_symbol
WDR46,33959,exact_symbol
WDR47,33960,exact_symbol
WDR48,33961,exact_symbol
WDR49,33962,exact_symbol
WDR5,33963,exact_symbol
WDR53,33964,exact_symbol
WDR54,33965,exact_symbol
WDR55,33966,exact_symbol
WDR59,33967,exact_symbol
WDR5B,33968,exact_symbol
WDR6,33969,exact_symbol
WDR62,33972,exact_symbol
WDR64,33974,exact_symbol
WDR7,33976,exact_symbol
WDR70,33977,exact_symbol
WDR72,33978,exact_symbol
WDR73,33979,exact_symbol
WDR74,33980,exact_symbol
WDR75,33981,exact_symbol
WDR76,33982,exact_symbol
WDR77,33983,exact_symbol
WDR81,33985,exact_symbol
WDR82,33986,exact_symbol
WDR83,33989,exact_symbol
WDR83OS,33990,exact_symbol
WDR86,33991,exact_symbol
WDR89,33994,exact_symbol
WDR90,33995,exact_symbol
WDR91,33996,exact_symbol
WDR93,33998,exact_symbol
WDSUB1,34001,exact_symbol
WDTC1,34002,exact_symbol
WEE1,34004,exact_symbol
WEE2,34005,exact_symbol
WFDC1,34006,exact_symbol
WFDC5,34014,exact_symbol
WFDC9,34017,exact_symbol
WFIKKN1,34018,exact_symbol
WFIKKN2,34019,exact_symbol
WFS1,34020,exact_symbol
WHAMM,34021,exact_symbol
WHRN,34024,exact_symbol
WIF1,34035,exact_symbol
WIPF1,34036,exact_symbol
WIPF2,34037,exact_symbol
WIPF3,34038,exact_symbol
WIPI1,34039,exact_symbol
WIPI2,34040,exact_symbol
WIZ,34044,exact_symbol
WLS,34046,exact_symbol
WNK1,34047,exact_symbol
WNK2,34048,exact_symbol
WNK3,34049,exact_symbol
WNK4,34050,exact_symbol
WNT1,34051,exact_symbol
WNT10A,34052,exact_symbol
WNT10B,34053,exact_symbol
WNT11,34054,exact_symbol
WNT16,34055,exact_symbol
WNT2,34056,exact_symbol
WNT2B,34057,exact_symbol
WNT3,34058,exact_symbol
WNT3A,34059,exact_symbol
WNT4,34060,exact_symbol
WNT5A,34061,exact_symbol
WNT5B,34062,exact_symbol
WNT6,34063,exact_symbol
WNT7A,34064,exact_symbol
WNT7B,34065,exact_symbol
WNT8A,34066,exact_symbol
WNT8B,34067,exact_symbol
WNT9A,34068,exact_symbol
WNT9B,34069,exact_symbol
WRAP53,34070,exact_symbol
WRAP73,34071,exact_symbol
WRN,34074,exact_symbol
WRNIP1,34075,exact_symbol
WSB1,34076,exact_symbol
WSB2,34077,exact_symbol
WSCD1,34078,exact_symbol
WSCD2,34079,exact_symbol
WT1,34080,exact_symbol
WTAP,34081,exact_symbol
WTIP,34084,exact_symbol
WWC1,34085,exact_symbol
WWC2,34086,exact_symbol
WWOX,34088,exact_symbol
WWP1,34089,exact_symbol
WWP2,34091,exact_symbol
WWTR1,34092,exact_symbol
XAB2,34093,exact_symbol
XBP1,34100,exact_symbol
XCR1,34104,exact_symbol
XDH,34105,exact_symbol
XIAP,34108,exact_symbol
XIRP1,34109,exact_symbol
XIRP2,34110,exact_symbol
XK,34111,exact_symbol
XKR4,34113,exact_symbol
XKR5,34114,exact_symbol
XKR6,34115,exact_symbol
XKR7,34116,exact_symbol
XKR8,34117,exact_symbol
XKR9,34118,exact_symbol
XKRX,34119,exact_symbol
XPA,34128,exact_symbol
XPC,34129,exact_symbol
XPNPEP1,34130,exact_symbol
XPNPEP2,34131,exact_symbol
XPNPEP3,34132,exact_symbol
XPO1,34133,exact_symbol
XPO4,34134,exact_symbol
XPO5,34135,exact_symbol
XPO6,34136,exact_symbol
XPO7,34137,exact_symbol
XPOT,34138,exact_symbol
XPR1,34140,exact_symbol
XRCC1,34141,exact_symbol
XRCC2,34142,exact_symbol
XRCC3,34143,exact_symbol
XRCC4,34144,exact_symbol
XRCC5,34145,exact_symbol
XRCC6,34146,exact_symbol
XRN1,34152,exact_symbol
XRN2,34153,exact_symbol
XRRA1,34154,exact_symbol
XXYLT1,34157,exact_symbol
XYLB,34197,exact_symbol
XYLT1,34198,exact_symbol
XYLT2,34199,exact_symbol
YAE1,34200,hgnc_previous_symbol
YAF2,34201,exact_symbol
YAP1,34202,exact_symbol
YARS2,34206,exact_symbol
YBEY,34207,exact_symbol
YBX1,34208,exact_symbol
YBX2,34219,exact_symbol
YBX3,34221,exact_symbol
YDJC,34222,exact_symbol
YEATS2,34223,exact_symbol
YEATS4,34224,exact_symbol
YES1,34225,exact_symbol
YIF1A,34227,exact_symbol
YIF1B,34228,exact_symbol
YIPF1,34229,exact_symbol
YIPF2,34230,exact_symbol
YIPF3,34231,exact_symbol
YIPF4,34232,exact_symbol
YIPF5,34233,exact_symbol
YIPF6,34234,exact_symbol
YIPF7,34235,exact_symbol
YJEFN3,34236,exact_symbol
YJU2,4680,hgnc_previous_symbol
YKT6,34237,exact_symbol
YLPM1,34238,exact_symbol
YME1L1,34239,exact_symbol
YOD1,34241,exact_symbol
YPEL1,34242,exact_symbol
YPEL2,34243,exact_symbol
YPEL3,34244,exact_symbol
YPEL4,34245,exact_symbol
YPEL5,34246,exact_symbol
YRDC,34250,exact_symbol
YTHDC1,34254,exact_symbol
YTHDC2,34255,exact_symbol
YTHDF1,34256,exact_symbol
YTHDF2,34258,exact_symbol
YTHDF3,34260,exact_symbol
YWHAB,34261,exact_symbol
YWHAE,34264,exact_symbol
YWHAG,34271,exact_symbol
YWHAH,34272,exact_symbol
YWHAZ,34278,exact_symbol
YY1,34286,exact_symbol
ZAP70,34302,exact_symbol
ZAR1L,34304,exact_symbol
ZBED3,34309,exact_symbol
ZBED4,34310,exact_symbol
ZBTB1,34317,exact_symbol
ZBTB10,34318,exact_symbol
ZBTB11,34319,exact_symbol
ZBTB12,34320,exact_symbol
ZBTB14,34322,exact_symbol
ZBTB16,34323,exact_symbol
ZBTB17,34324,exact_symbol
ZBTB18,34325,exact_symbol
ZBTB2,34326,exact_symbol
ZBTB20,34327,exact_symbol
ZBTB21,34328,exact_symbol
ZBTB22,34329,exact_symbol
ZBTB24,34330,exact_symbol
ZBTB25,34331,exact_symbol
ZBTB26,34332,exact_symbol
ZBTB3,34333,exact_symbol
ZBTB32,34334,exact_symbol
ZBTB33,34335,exact_symbol
ZBTB34,34336,exact_symbol
ZBTB37,34337,exact_symbol
ZBTB38,34338,exact_symbol
ZBTB39,34339,exact_symbol
ZBTB4,34340,exact_symbol
ZBTB40,34341,exact_symbol
ZBTB41,34342,exact_symbol
ZBTB42,34343,exact_symbol
ZBTB43,34344,exact_symbol
ZBTB44,34345,exact_symbol
ZBTB45,34346,exact_symbol
ZBTB46,34349,exact_symbol
ZBTB48,34351,exact_symbol
ZBTB49,34352,exact_symbol
ZBTB5,34353,exact_symbol
ZBTB6,34354,exact_symbol
ZBTB7A,34355,exact_symbol
ZBTB7B,34356,exact_symbol
ZBTB7C,34357,exact_symbol
ZBTB8A,34358,exact_symbol
ZBTB8B,34359,exact_symbol
ZBTB8OS,34360,exact_symbol
ZBTB9,34363,exact_symbol
ZC2HC1A,34364,exact_symbol
ZC2HC1B,34365,exact_symbol
ZC2HC1C,34366,exact_symbol
ZC3H10,34367,exact_symbol
ZC3H12A,34370,exact_symbol
ZC3H12B,34371,exact_symbol
ZC3H12C,34372,exact_symbol
ZC3H12D,34373,exact_symbol
ZC3H13,34374,exact_symbol
ZC3H14,34375,exact_symbol
ZC3H15,34376,exact_symbol
ZC3H18,34377,exact_symbol
ZC3H3,34378,exact_symbol
ZC3H4,34379,exact_symbol
ZC3H6,34380,exact_symbol
ZC3H7A,34381,exact_symbol
ZC3H7B,34382,exact_symbol
ZC3H8,34383,exact_symbol
ZC3HAV1,34384,exact_symbol
ZC3HAV1L,34385,exact_symbol
ZC3HC1,34386,exact_symbol
ZC4H2,34387,exact_symbol
ZCCHC10,34388,exact_symbol
ZCCHC13,34391,exact_symbol
ZCCHC14,34392,exact_symbol
ZCCHC17,34394,exact_symbol
ZCCHC2,34396,exact_symbol
ZCCHC24,34397,exact_symbol
ZCCHC3,34398,exact_symbol
ZCCHC4,34399,exact_symbol
ZCCHC7,34402,exact_symbol
ZCCHC8,34403,exact_symbol
ZCCHC9,34404,exact_symbol
ZCRB1,34405,exact_symbol
ZCWPW1,34406,exact_symbol
ZCWPW2,34407,exact_symbol
ZDHHC1,34409,exact_symbol
ZDHHC12,34412,exact_symbol
ZDHHC13,34413,exact_symbol
ZDHHC14,34414,exact_symbol
ZDHHC15,34415,exact_symbol
ZDHHC16,34416,exact_symbol
ZDHHC17,34417,exact_symbol
ZDHHC18,34418,exact_symbol
ZDHHC19,34419,exact_symbol
ZDHHC2,34420,exact_symbol
ZDHHC20,34421,exact_symbol
ZDHHC21,34426,exact_symbol
ZDHHC22,34427,exact_symbol
ZDHHC23,34428,exact_symbol
ZDHHC24,34429,exact_symbol
ZDHHC3,34430,exact_symbol
ZDHHC4,34431,exact_symbol
ZDHHC5,34433,exact_symbol
ZDHHC6,34434,exact_symbol
ZDHHC7,34435,exact_symbol
ZDHHC8,34436,exact_symbol
ZDHHC9,34438,exact_symbol
ZEB1,34439,exact_symbol
ZEB2,34440,exact_symbol
ZER1,34442,exact_symbol
ZFAND1,34443,exact_symbol
ZFAND2A,34444,exact_symbol
ZFAND2B,34445,exact_symbol
ZFAND3,34446,exact_symbol
ZFAND4,34447,exact_symbol
ZFAND5,34448,exact_symbol
ZFAND6,34449,exact_symbol
ZFAT,34451,exact_symbol
ZFC3H1,34452,exact_symbol
ZFHX2,34453,exact_symbol
ZFHX3,34454,exact_symbol
ZFHX4,34455,exact_symbol
ZFP1,34456,exact_symbol
ZFP14,34457,exact_symbol
ZFP2,34458,exact_symbol
ZFP28,34459,exact_symbol
ZFP3,34460,exact_symbol
ZFP30,34461,exact_symbol
ZFP36,34462,exact_symbol
ZFP36L1,34463,exact_symbol
ZFP36L2,34464,exact_symbol
ZFP37,34465,exact_symbol
ZFP41,34466,exact_symbol
ZFP42,34467,exact_symbol
ZFP62,34469,exact_symbol
ZFP64,34470,exact_symbol
ZFP69,34472,exact_symbol
ZFP82,34474,exact_symbol
ZFP90,34475,exact_symbol
ZFP91,34476,exact_symbol
ZFP92,34478,exact_symbol
ZFPL1,34479,exact_symbol
ZFPM1,34480,exact_symbol
ZFPM2,34481,exact_symbol
ZFR,34482,exact_symbol
ZFR2,34483,exact_symbol
ZFTA,3805,stable_id
ZFX,34485,exact_symbol
ZFYVE1,34487,exact_symbol
ZFYVE19,34489,exact_symbol
ZFYVE21,34490,exact_symbol
ZFYVE26,34491,exact_symbol
ZFYVE27,34492,exact_symbol
ZFYVE28,34493,exact_symbol
ZFYVE9,34494,exact_symbol
ZG16,34497,exact_symbol
ZGLP1,34499,exact_symbol
ZGPAT,34500,exact_symbol
ZHX1,34502,exact_symbol
ZHX2,34504,exact_symbol
ZHX3,34505,exact_symbol
ZIC1,34506,exact_symbol
ZIC2,34507,exact_symbol
ZIC3,34508,exact_symbol
ZIC4,34509,exact_symbol
ZIC5,34510,exact_symbol
ZIK1,34511,exact_symbol
ZKSCAN1,34515,exact_symbol
ZKSCAN2,34516,exact_symbol
ZKSCAN5,34519,exact_symbol
ZKSCAN7,34520,exact_symbol
ZKSCAN8,34522,exact_symbol
ZMAT1,34523,exact_symbol
ZMAT2,34524,exact_symbol
ZMAT3,34525,exact_symbol
ZMAT4,34526,exact_symbol
ZMAT5,34527,exact_symbol
ZMIZ1,34528,exact_symbol
ZMIZ2,34529,exact_symbol
ZMPSTE24,34530,exact_symbol
ZMYM1,34531,exact_symbol
ZMYM2,34532,exact_symbol
ZMYM3,34533,exact_symbol
ZMYM4,34534,exact_symbol
ZMYM5,34535,exact_symbol
ZMYM6,34536,exact_symbol
ZMYND10,34537,exact_symbol
ZMYND11,34538,exact_symbol
ZMYND12,34539,exact_symbol
ZMYND15,34540,exact_symbol
ZMYND19,34541,exact_symbol
ZMYND8,34543,exact_symbol
ZNF106,34549,exact_symbol
ZNF112,34551,exact_symbol
ZNF12,34555,exact_symbol
ZNF131,34559,exact_symbol
ZNF142,34570,exact_symbol
ZNF143,34571,exact_symbol
ZNF146,34572,exact_symbol
ZNF148,34573,exact_symbol
ZNF169,34580,exact_symbol
ZNF174,34582,exact_symbol
ZNF18,34585,exact_symbol
ZNF180,34586,exact_symbol
ZNF182,34588,exact_symbol
ZNF189,34591,exact_symbol
ZNF2,34597,exact_symbol
ZNF202,34600,exact_symbol
ZNF205,34602,exact_symbol
ZNF207,34603,exact_symbol
ZNF212,34607,exact_symbol
ZNF213,34608,exact_symbol
ZNF217,34611,exact_symbol
ZNF219,34612,exact_symbol
ZNF22,34613,exact_symbol
ZNF23,34622,exact_symbol
ZNF236,34628,exact_symbol
ZNF24,34630,exact_symbol
ZNF248,34631,exact_symbol
ZNF25,34632,exact_symbol
ZNF250,34633,exact_symbol
ZNF251,34634,exact_symbol
ZNF260,34642,exact_symbol
ZNF263,34643,exact_symbol
ZNF266,34645,exact_symbol
ZNF276,34652,exact_symbol
ZNF277,34653,exact_symbol
ZNF280B,34656,exact_symbol
ZNF280C,34657,exact_symbol
ZNF280D,34658,exact_symbol
ZNF281,34659,exact_symbol
ZNF282,34660,exact_symbol
ZNF286A,34665,exact_symbol
ZNF287,34667,exact_symbol
ZNF292,34668,exact_symbol
ZNF296,34669,exact_symbol
ZNF316,34679,exact_symbol
ZNF317,34680,exact_symbol
ZNF318,34682,exact_symbol
ZNF319,34683,exact_symbol
ZNF32,34684,exact_symbol
ZNF322,34687,exact_symbol
ZNF326,34691,exact_symbol
ZNF329,34692,exact_symbol
ZNF330,34693,exact_symbol
ZNF334,34696,exact_symbol
ZNF335,34697,exact_symbol
ZNF341,34704,exact_symbol
ZNF346,34707,exact_symbol
ZNF35,34709,exact_symbol
ZNF354A,34711,exact_symbol
ZNF354B,34712,exact_symbol
ZNF354C,34713,exact_symbol
ZNF358,34715,exact_symbol
ZNF362,34716,exact_symbol
ZNF365,34717,exact_symbol
ZNF366,34718,exact_symbol
ZNF367,34719,exact_symbol
ZNF382,34723,exact_symbol
ZNF383,34724,exact_symbol
ZNF384,34725,exact_symbol
ZNF385A,34726,exact_symbol
ZNF385B,34727,exact_symbol
ZNF385C,34728,exact_symbol
ZNF394,34731,exact_symbol
ZNF395,34732,exact_symbol
ZNF397,34734,exact_symbol
ZNF398,34735,exact_symbol
ZNF407,34738,exact_symbol
ZNF408,34739,exact_symbol
ZNF410,34741,exact_symbol
ZNF414,34742,exact_symbol
ZNF423,34750,exact_symbol
ZNF426,34752,exact_symbol
ZNF428,34753,exact_symbol
ZNF436,34760,exact_symbol
ZNF438,34761,exact_symbol
ZNF444,34768,exact_symbol
ZNF445,34770,exact_symbol
ZNF449,34772,exact_symbol
ZNF45,34773,exact_symbol
ZNF451,34774,exact_symbol
ZNF454,34775,exact_symbol
ZNF462,34778,exact_symbol
ZNF467,34779,exact_symbol
ZNF474,34785,exact_symbol
ZNF48,34787,exact_symbol
ZNF483,34789,exact_symbol
ZNF488,34794,exact_symbol
ZNF496,34799,exact_symbol
ZNF503,34804,exact_symbol
ZNF507,34806,exact_symbol
ZNF511,34808,exact_symbol
ZNF512,34810,exact_symbol
ZNF512B,34811,exact_symbol
ZNF513,34812,exact_symbol
ZNF516,34814,exact_symbol
ZNF518A,34816,exact_symbol
ZNF518B,34817,exact_symbol
ZNF521,34823,exact_symbol
ZNF524,34824,exact_symbol
ZNF526,34826,exact_symbol
ZNF532,34831,exact_symbol
ZNF536,34833,exact_symbol
ZNF541,34835,exact_symbol
ZNF551,34844,exact_symbol
ZNF558,34850,exact_symbol
ZNF566,34859,exact_symbol
ZNF569,34862,exact_symbol
ZNF574,34868,exact_symbol
ZNF575,34869,exact_symbol
ZNF579,34873,exact_symbol
ZNF580,34874,exact_symbol
ZNF583,34877,exact_symbol
ZNF592,34886,exact_symbol
ZNF593,34887,exact_symbol
ZNF597,34891,exact_symbol
ZNF598,34892,exact_symbol
ZNF605,34897,exact_symbol
ZNF606,34898,exact_symbol
ZNF608,34900,exact_symbol
ZNF609,34901,exact_symbol
ZNF618,34908,exact_symbol
ZNF622,34913,exact_symbol
ZNF623,34914,exact_symbol
ZNF627,34919,exact_symbol
ZNF628,34920,exact_symbol
ZNF629,34921,exact_symbol
ZNF638,34923,exact_symbol
ZNF639,34924,exact_symbol
ZNF641,34925,exact_symbol
ZNF644,34926,exact_symbol
ZNF646,34928,exact_symbol
ZNF648,34930,exact_symbol
ZNF652,34932,exact_symbol
ZNF653,34934,exact_symbol
ZNF654,34935,exact_symbol
ZNF655,34936,exact_symbol
ZNF664,34943,exact_symbol
ZNF667,34945,exact_symbol
ZNF668,34946,exact_symbol
ZNF672,34951,exact_symbol
ZNF687,34964,exact_symbol
ZNF688,34965,exact_symbol
ZNF689,34966,exact_symbol
ZNF691,34968,exact_symbol
ZNF692,34969,exact_symbol
ZNF697,34972,exact_symbol
ZNF7,34974,exact_symbol
ZNF703,34979,exact_symbol
ZNF704,34980,exact_symbol
ZNF706,34987,exact_symbol
ZNF711,34994,exact_symbol
ZNF740,35032,exact_symbol
ZNF746,35033,exact_symbol
ZNF750,35036,exact_symbol
ZNF76,35040,exact_symbol
ZNF768,35047,exact_symbol
ZNF770,35049,exact_symbol
ZNF771,35050,exact_symbol
ZNF777,35056,exact_symbol
ZNF784,35063,exact_symbol
ZNF786,35065,exact_symbol
ZNF787,35066,exact_symbol
ZNF791,35071,exact_symbol
ZNF8,35075,exact_symbol
ZNF800,35077,exact_symbol
ZNF804A,35078,exact_symbol
ZNF804B,35079,exact_symbol
ZNF821,35091,exact_symbol
ZNF827,35094,exact_symbol
ZNF830,35097,exact_symbol
ZNF831,35098,exact_symbol
ZNF839,35103,exact_symbol
ZNF853,35117,exact_symbol
ZNF865,35123,exact_symbol
ZNF879,35127,exact_symbol
ZNFX1,35152,exact_symbol
ZNHIT1,35153,exact_symbol
ZNHIT2,35155,exact_symbol
ZNHIT3,35156,exact_symbol
ZNHIT6,35157,exact_symbol
ZNRD2,30540,hgnc_previous_symbol
ZNRF1,35160,exact_symbol
ZNRF2,35161,exact_symbol
ZNRF3,35165,exact_symbol
ZP1,35167,exact_symbol
ZP2,35168,exact_symbol
ZPBP,35171,exact_symbol
ZPBP2,35172,exact_symbol
ZPLD1,35173,exact_symbol
ZPR1,35174,exact_symbol
ZRANB1,35175,exact_symbol
ZRANB2,35176,exact_symbol
ZRANB3,35177,exact_symbol
ZSCAN10,35181,exact_symbol
ZSCAN12,35182,exact_symbol
ZSCAN2,35186,exact_symbol
ZSCAN20,35187,exact_symbol
ZSCAN21,35188,exact_symbol
ZSCAN22,35189,exact_symbol
ZSCAN25,35191,exact_symbol
ZSCAN26,35192,exact_symbol
ZSCAN29,35193,exact_symbol
ZSWIM1,35203,exact_symbol
ZSWIM2,35204,exact_symbol
ZSWIM3,35205,exact_symbol
ZSWIM4,35206,exact_symbol
ZSWIM5,35207,exact_symbol
ZSWIM6,35211,exact_symbol
ZSWIM7,35212,exact_symbol
ZSWIM8,35213,exact_symbol
ZSWIM9,3928,hgnc_previous_symbol
ZUP1,35214,hgnc_previous_symbol
ZW10,35215,exact_symbol
ZWILCH,35216,exact_symbol
ZXDC,35220,exact_symbol
ZYG11A,35221,exact_symbol
ZYG11B,35223,exact_symbol
ZYX,35224,exact_symbol
ZZEF1,35226,exact_symbol
ZZZ3,35227,exact_symbol
