id,study,contrast,tissue,material,species,setting,condition,condition_name,unit,stratum,sample,source_file,source_kind,split,study_exposure,title
OSD-101:Mmus_C57-6J_GST_GC_Rep6_M38,OSD-101,OSD-101|Left gastrocnemius|14bf1f06,skeletal muscle,Left gastrocnemius,mouse,actual_flight,0,ground,Mmus_C57-6J_GST_GC_Rep6_M38,|||c57bl/6j|female|16 {week}||37 {day}||liquid nitrogen,Mmus_C57-6J_GST_GC_Rep6_M38,GLDS-101_rna_seq_STAR_Unnormalized_Counts_GLbulkRNAseq.csv,osdr_counts,unknown,unknown,
OSD-101:Mmus_C57-6J_GST_GC_Rep3_M35,OSD-101,OSD-101|Left gastrocnemius|14bf1f06,skeletal muscle,Left gastrocnemius,mouse,actual_flight,0,ground,Mmus_C57-6J_GST_GC_Rep3_M35,|||c57bl/6j|female|16 {week}||37 {day}||liquid nitrogen,Mmus_C57-6J_GST_GC_Rep3_M35,GLDS-101_rna_seq_STAR_Unnormalized_Counts_GLbulkRNAseq.csv,osdr_counts,unknown,unknown,
OSD-101:Mmus_C57-6J_GST_GC_Rep5_M37,OSD-101,OSD-101|Left gastrocnemius|14bf1f06,skeletal muscle,Left gastrocnemius,mouse,actual_flight,0,ground,Mmus_C57-6J_GST_GC_Rep5_M37,|||c57bl/6j|female|16 {week}||37 {day}||liquid nitrogen,Mmus_C57-6J_GST_GC_Rep5_M37,GLDS-101_rna_seq_STAR_Unnormalized_Counts_GLbulkRNAseq.csv,osdr_counts,unknown,unknown,
OSD-101:Mmus_C57-6J_GST_GC_Rep4_M36,OSD-101,OSD-101|Left gastrocnemius|14bf1f06,skeletal muscle,Left gastrocnemius,mouse,actual_flight,0,ground,Mmus_C57-6J_GST_GC_Rep4_M36,|||c57bl/6j|female|16 {week}||37 {day}||liquid nitrogen,Mmus_C57-6J_GST_GC_Rep4_M36,GLDS-101_rna_seq_STAR_Unnormalized_Counts_GLbulkRNAseq.csv,osdr_counts,unknown,unknown,
OSD-101:Mmus_C57-6J_GST_GC_Rep1_M33,OSD-101,OSD-101|Left gastrocnemius|14bf1f06,skeletal muscle,Left gastrocnemius,mouse,actual_flight,0,ground,Mmus_C57-6J_GST_GC_Rep1_M33,|||c57bl/6j|female|16 {week}||37 {day}||liquid nitrogen,Mmus_C57-6J_GST_GC_Rep1_M33,GLDS-101_rna_seq_STAR_Unnormalized_Counts_GLbulkRNAseq.csv,osdr_counts,unknown,unknown,
OSD-101:Mmus_C57-6J_GST_GC_Rep2_M34,OSD-101,OSD-101|Left gastrocnemius|14bf1f06,skeletal muscle,Left gastrocnemius,mouse,actual_flight,0,ground,Mmus_C57-6J_GST_GC_Rep2_M34,|||c57bl/6j|female|16 {week}||37 {day}||liquid nitrogen,Mmus_C57-6J_GST_GC_Rep2_M34,GLDS-101_rna_seq_STAR_Unnormalized_Counts_GLbulkRNAseq.csv,osdr_counts,unknown,unknown,
OSD-101:Mmus_C57-6J_GST_FLT_Rep2_M24,OSD-101,OSD-101|Left gastrocnemius|14bf1f06,skeletal muscle,Left gastrocnemius,mouse,actual_flight,1,flight,Mmus_C57-6J_GST_FLT_Rep2_M24,|||c57bl/6j|female|16 {week}||37 {day}||liquid nitrogen,Mmus_C57-6J_GST_FLT_Rep2_M24,GLDS-101_rna_seq_STAR_Unnormalized_Counts_GLbulkRNAseq.csv,osdr_counts,unknown,unknown,
OSD-101:Mmus_C57-6J_GST_FLT_Rep3_M25,OSD-101,OSD-101|Left gastrocnemius|14bf1f06,skeletal muscle,Left gastrocnemius,mouse,actual_flight,1,flight,Mmus_C57-6J_GST_FLT_Rep3_M25,|||c57bl/6j|female|16 {week}||37 {day}||liquid nitrogen,Mmus_C57-6J_GST_FLT_Rep3_M25,GLDS-101_rna_seq_STAR_Unnormalized_Counts_GLbulkRNAseq.csv,osdr_counts,unknown,unknown,
OSD-101:Mmus_C57-6J_GST_FLT_Rep5_M27,OSD-101,OSD-101|Left gastrocnemius|14bf1f06,skeletal muscle,Left gastrocnemius,mouse,actual_flight,1,flight,Mmus_C57-6J_GST_FLT_Rep5_M27,|||c57bl/6j|female|16 {week}||37 {day}||liquid nitrogen,Mmus_C57-6J_GST_FLT_Rep5_M27,GLDS-101_rna_seq_STAR_Unnormalized_Counts_GLbulkRNAseq.csv,osdr_counts,unknown,unknown,
OSD-101:Mmus_C57-6J_GST_FLT_Rep4_M26,OSD-101,OSD-101|Left gastrocnemius|14bf1f06,skeletal muscle,Left gastrocnemius,mouse,actual_flight,1,flight,Mmus_C57-6J_GST_FLT_Rep4_M26,|||c57bl/6j|female|16 {week}||37 {day}||liquid nitrogen,Mmus_C57-6J_GST_FLT_Rep4_M26,GLDS-101_rna_seq_STAR_Unnormalized_Counts_GLbulkRNAseq.csv,osdr_counts,unknown,unknown,
OSD-101:Mmus_C57-6J_GST_FLT_Rep6_M28,OSD-101,OSD-101|Left gastrocnemius|14bf1f06,skeletal muscle,Left gastrocnemius,mouse,actual_flight,1,flight,Mmus_C57-6J_GST_FLT_Rep6_M28,|||c57bl/6j|female|16 {week}||37 {day}||liquid nitrogen,Mmus_C57-6J_GST_FLT_Rep6_M28,GLDS-101_rna_seq_STAR_Unnormalized_Counts_GLbulkRNAseq.csv,osdr_counts,unknown,unknown,
OSD-101:Mmus_C57-6J_GST_FLT_Rep1_M23,OSD-101,OSD-101|Left gastrocnemius|14bf1f06,skeletal muscle,Left gastrocnemius,mouse,actual_flight,1,flight,Mmus_C57-6J_GST_FLT_Rep1_M23,|||c57bl/6j|female|16 {week}||37 {day}||liquid nitrogen,Mmus_C57-6J_GST_FLT_Rep1_M23,GLDS-101_rna_seq_STAR_Unnormalized_Counts_GLbulkRNAseq.csv,osdr_counts,unknown,unknown,
OSD-103:Mmus_C57-6J_Quad_GC_Rep3_M35,OSD-103,OSD-103|Left quadriceps femoris|14bf1f06,skeletal muscle,Left quadriceps femoris,mouse,actual_flight,0,ground,Mmus_C57-6J_Quad_GC_Rep3_M35,|||c57bl/6j|female|16 {week}||37 {day}||liquid nitrogen,Mmus_C57-6J_Quad_GC_Rep3_M35,GLDS-103_rna_seq_STAR_Unnormalized_Counts_GLbulkRNAseq.csv,osdr_counts,unknown,unknown,
OSD-103:Mmus_C57-6J_Quad_GC_Rep6_M38,OSD-103,OSD-103|Left quadriceps femoris|14bf1f06,skeletal muscle,Left quadriceps femoris,mouse,actual_flight,0,ground,Mmus_C57-6J_Quad_GC_Rep6_M38,|||c57bl/6j|female|16 {week}||37 {day}||liquid nitrogen,Mmus_C57-6J_Quad_GC_Rep6_M38,GLDS-103_rna_seq_STAR_Unnormalized_Counts_GLbulkRNAseq.csv,osdr_counts,unknown,unknown,
OSD-103:Mmus_C57-6J_Quad_GC_Rep4_M36,OSD-103,OSD-103|Left quadriceps femoris|14bf1f06,skeletal muscle,Left quadriceps femoris,mouse,actual_flight,0,ground,Mmus_C57-6J_Quad_GC_Rep4_M36,|||c57bl/6j|female|16 {week}||37 {day}||liquid nitrogen,Mmus_C57-6J_Quad_GC_Rep4_M36,GLDS-103_rna_seq_STAR_Unnormalized_Counts_GLbulkRNAseq.csv,osdr_counts,unknown,unknown,
OSD-103:Mmus_C57-6J_Quad_GC_Rep1_M33,OSD-103,OSD-103|Left quadriceps femoris|14bf1f06,skeletal muscle,Left quadriceps femoris,mouse,actual_flight,0,ground,Mmus_C57-6J_Quad_GC_Rep1_M33,|||c57bl/6j|female|16 {week}||37 {day}||liquid nitrogen,Mmus_C57-6J_Quad_GC_Rep1_M33,GLDS-103_rna_seq_STAR_Unnormalized_Counts_GLbulkRNAseq.csv,osdr_counts,unknown,unknown,
OSD-103:Mmus_C57-6J_Quad_GC_Rep2_M34,OSD-103,OSD-103|Left quadriceps femoris|14bf1f06,skeletal muscle,Left quadriceps femoris,mouse,actual_flight,0,ground,Mmus_C57-6J_Quad_GC_Rep2_M34,|||c57bl/6j|female|16 {week}||37 {day}||liquid nitrogen,Mmus_C57-6J_Quad_GC_Rep2_M34,GLDS-103_rna_seq_STAR_Unnormalized_Counts_GLbulkRNAseq.csv,osdr_counts,unknown,unknown,
OSD-103:Mmus_C57-6J_Quad_GC_Rep5_M37,OSD-103,OSD-103|Left quadriceps femoris|14bf1f06,skeletal muscle,Left quadriceps femoris,mouse,actual_flight,0,ground,Mmus_C57-6J_Quad_GC_Rep5_M37,|||c57bl/6j|female|16 {week}||37 {day}||liquid nitrogen,Mmus_C57-6J_Quad_GC_Rep5_M37,GLDS-103_rna_seq_STAR_Unnormalized_Counts_GLbulkRNAseq.csv,osdr_counts,unknown,unknown,
OSD-103:Mmus_C57-6J_Quad_FLT_Rep5_M27,OSD-103,OSD-103|Left quadriceps femoris|14bf1f06,skeletal muscle,Left quadriceps femoris,mouse,actual_flight,1,flight,Mmus_C57-6J_Quad_FLT_Rep5_M27,|||c57bl/6j|female|16 {week}||37 {day}||liquid nitrogen,Mmus_C57-6J_Quad_FLT_Rep5_M27,GLDS-103_rna_seq_STAR_Unnormalized_Counts_GLbulkRNAseq.csv,osdr_counts,unknown,unknown,
OSD-103:Mmus_C57-6J_Quad_FLT_Rep6_M28,OSD-103,OSD-103|Left quadriceps femoris|14bf1f06,skeletal muscle,Left quadriceps femoris,mouse,actual_flight,1,flight,Mmus_C57-6J_Quad_FLT_Rep6_M28,|||c57bl/6j|female|16 {week}||37 {day}||liquid nitrogen,Mmus_C57-6J_Quad_FLT_Rep6_M28,GLDS-103_rna_seq_STAR_Unnormalized_Counts_GLbulkRNAseq.csv,osdr_counts,unknown,unknown,
OSD-103:Mmus_C57-6J_Quad_FLT_Rep4_M26,OSD-103,OSD-103|Left quadriceps femoris|14bf1f06,skeletal muscle,Left quadriceps femoris,mouse,actual_flight,1,flight,Mmus_C57-6J_Quad_FLT_Rep4_M26,|||c57bl/6j|female|16 {week}||37 {day}||liquid nitrogen,Mmus_C57-6J_Quad_FLT_Rep4_M26,GLDS-103_rna_seq_STAR_Unnormalized_Counts_GLbulkRNAseq.csv,osdr_counts,unknown,unknown,
OSD-103:Mmus_C57-6J_Quad_FLT_Rep3_M25,OSD-103,OSD-103|Left quadriceps femoris|14bf1f06,skeletal muscle,Left quadriceps femoris,mouse,actual_flight,1,flight,Mmus_C57-6J_Quad_FLT_Rep3_M25,|||c57bl/6j|female|16 {week}||37 {day}||liquid nitrogen,Mmus_C57-6J_Quad_FLT_Rep3_M25,GLDS-103_rna_seq_STAR_Unnormalized_Counts_GLbulkRNAseq.csv,osdr_counts,unknown,unknown,
OSD-103:Mmus_C57-6J_Quad_FLT_Rep1_M23,OSD-103,OSD-103|Left quadriceps femoris|14bf1f06,skeletal muscle,Left quadriceps femoris,mouse,actual_flight,1,flight,Mmus_C57-6J_Quad_FLT_Rep1_M23,|||c57bl/6j|female|16 {week}||37 {day}||liquid nitrogen,Mmus_C57-6J_Quad_FLT_Rep1_M23,GLDS-103_rna_seq_STAR_Unnormalized_Counts_GLbulkRNAseq.csv,osdr_counts,unknown,unknown,
OSD-103:Mmus_C57-6J_Quad_FLT_Rep2_M24,OSD-103,OSD-103|Left quadriceps femoris|14bf1f06,skeletal muscle,Left quadriceps femoris,mouse,actual_flight,1,flight,Mmus_C57-6J_Quad_FLT_Rep2_M24,|||c57bl/6j|female|16 {week}||37 {day}||liquid nitrogen,Mmus_C57-6J_Quad_FLT_Rep2_M24,GLDS-103_rna_seq_STAR_Unnormalized_Counts_GLbulkRNAseq.csv,osdr_counts,unknown,unknown,
OSD-104:Mmus_C57-6J_SLS_GC_Rep1_M33,OSD-104,OSD-104|Soleus-both sides|8d0b8dc2,skeletal muscle,Soleus-both sides,mouse,actual_flight,0,ground,Mmus_C57-6J_SLS_GC_Rep1_M33,|||c57bl/6j|female|16 {week}||37 {day}||rnalater,Mmus_C57-6J_SLS_GC_Rep1_M33,GLDS-104_rna_seq_STAR_Unnormalized_Counts_GLbulkRNAseq.csv,osdr_counts,unknown,unknown,
OSD-104:Mmus_C57-6J_SLS_GC_Rep6_M38,OSD-104,OSD-104|Soleus-both sides|8d0b8dc2,skeletal muscle,Soleus-both sides,mouse,actual_flight,0,ground,Mmus_C57-6J_SLS_GC_Rep6_M38,|||c57bl/6j|female|16 {week}||37 {day}||rnalater,Mmus_C57-6J_SLS_GC_Rep6_M38,GLDS-104_rna_seq_STAR_Unnormalized_Counts_GLbulkRNAseq.csv,osdr_counts,unknown,unknown,
OSD-104:Mmus_C57-6J_SLS_GC_Rep3_M35,OSD-104,OSD-104|Soleus-both sides|8d0b8dc2,skeletal muscle,Soleus-both sides,mouse,actual_flight,0,ground,Mmus_C57-6J_SLS_GC_Rep3_M35,|||c57bl/6j|female|16 {week}||37 {day}||rnalater,Mmus_C57-6J_SLS_GC_Rep3_M35,GLDS-104_rna_seq_STAR_Unnormalized_Counts_GLbulkRNAseq.csv,osdr_counts,unknown,unknown,
OSD-104:Mmus_C57-6J_SLS_GC_Rep2_M34,OSD-104,OSD-104|Soleus-both sides|8d0b8dc2,skeletal muscle,Soleus-both sides,mouse,actual_flight,0,ground,Mmus_C57-6J_SLS_GC_Rep2_M34,|||c57bl/6j|female|16 {week}||37 {day}||rnalater,Mmus_C57-6J_SLS_GC_Rep2_M34,GLDS-104_rna_seq_STAR_Unnormalized_Counts_GLbulkRNAseq.csv,osdr_counts,unknown,unknown,
OSD-104:Mmus_C57-6J_SLS_GC_Rep4_M36,OSD-104,OSD-104|Soleus-both sides|8d0b8dc2,skeletal muscle,Soleus-both sides,mouse,actual_flight,0,ground,Mmus_C57-6J_SLS_GC_Rep4_M36,|||c57bl/6j|female|16 {week}||37 {day}||rnalater,Mmus_C57-6J_SLS_GC_Rep4_M36,GLDS-104_rna_seq_STAR_Unnormalized_Counts_GLbulkRNAseq.csv,osdr_counts,unknown,unknown,
OSD-104:Mmus_C57-6J_SLS_GC_Rep5_M37,OSD-104,OSD-104|Soleus-both sides|8d0b8dc2,skeletal muscle,Soleus-both sides,mouse,actual_flight,0,ground,Mmus_C57-6J_SLS_GC_Rep5_M37,|||c57bl/6j|female|16 {week}||37 {day}||rnalater,Mmus_C57-6J_SLS_GC_Rep5_M37,GLDS-104_rna_seq_STAR_Unnormalized_Counts_GLbulkRNAseq.csv,osdr_counts,unknown,unknown,
OSD-104:Mmus_C57-6J_SLS_FLT_Rep1_M23,OSD-104,OSD-104|Soleus-both sides|8d0b8dc2,skeletal muscle,Soleus-both sides,mouse,actual_flight,1,flight,Mmus_C57-6J_SLS_FLT_Rep1_M23,|||c57bl/6j|female|16 {week}||37 {day}||rnalater,Mmus_C57-6J_SLS_FLT_Rep1_M23,GLDS-104_rna_seq_STAR_Unnormalized_Counts_GLbulkRNAseq.csv,osdr_counts,unknown,unknown,
OSD-104:Mmus_C57-6J_SLS_FLT_Rep2_M24,OSD-104,OSD-104|Soleus-both sides|8d0b8dc2,skeletal muscle,Soleus-both sides,mouse,actual_flight,1,flight,Mmus_C57-6J_SLS_FLT_Rep2_M24,|||c57bl/6j|female|16 {week}||37 {day}||rnalater,Mmus_C57-6J_SLS_FLT_Rep2_M24,GLDS-104_rna_seq_STAR_Unnormalized_Counts_GLbulkRNAseq.csv,osdr_counts,unknown,unknown,
OSD-104:Mmus_C57-6J_SLS_FLT_Rep3_M25,OSD-104,OSD-104|Soleus-both sides|8d0b8dc2,skeletal muscle,Soleus-both sides,mouse,actual_flight,1,flight,Mmus_C57-6J_SLS_FLT_Rep3_M25,|||c57bl/6j|female|16 {week}||37 {day}||rnalater,Mmus_C57-6J_SLS_FLT_Rep3_M25,GLDS-104_rna_seq_STAR_Unnormalized_Counts_GLbulkRNAseq.csv,osdr_counts,unknown,unknown,
OSD-104:Mmus_C57-6J_SLS_FLT_Rep5_M27,OSD-104,OSD-104|Soleus-both sides|8d0b8dc2,skeletal muscle,Soleus-both sides,mouse,actual_flight,1,flight,Mmus_C57-6J_SLS_FLT_Rep5_M27,|||c57bl/6j|female|16 {week}||37 {day}||rnalater,Mmus_C57-6J_SLS_FLT_Rep5_M27,GLDS-104_rna_seq_STAR_Unnormalized_Counts_GLbulkRNAseq.csv,osdr_counts,unknown,unknown,
OSD-104:Mmus_C57-6J_SLS_FLT_Rep6_M28,OSD-104,OSD-104|Soleus-both sides|8d0b8dc2,skeletal muscle,Soleus-both sides,mouse,actual_flight,1,flight,Mmus_C57-6J_SLS_FLT_Rep6_M28,|||c57bl/6j|female|16 {week}||37 {day}||rnalater,Mmus_C57-6J_SLS_FLT_Rep6_M28,GLDS-104_rna_seq_STAR_Unnormalized_Counts_GLbulkRNAseq.csv,osdr_counts,unknown,unknown,
OSD-104:Mmus_C57-6J_SLS_FLT_Rep4_M26,OSD-104,OSD-104|Soleus-both sides|8d0b8dc2,skeletal muscle,Soleus-both sides,mouse,actual_flight,1,flight,Mmus_C57-6J_SLS_FLT_Rep4_M26,|||c57bl/6j|female|16 {week}||37 {day}||rnalater,Mmus_C57-6J_SLS_FLT_Rep4_M26,GLDS-104_rna_seq_STAR_Unnormalized_Counts_GLbulkRNAseq.csv,osdr_counts,unknown,unknown,
OSD-105:Mmus_C57-6J_TA_GC_Rep5_M37,OSD-105,OSD-105|Left tibialis anterior|f829a3c1,skeletal muscle,Left tibialis anterior,mouse,actual_flight,0,ground,Mmus_C57-6J_TA_GC_Rep5_M37,|||c57bl/6j|female|16 {week}||||rnalater,Mmus_C57-6J_TA_GC_Rep5_M37,GLDS-105_rna_seq_STAR_Unnormalized_Counts_GLbulkRNAseq.csv,osdr_counts,unknown,unknown,
OSD-105:Mmus_C57-6J_TA_GC_Rep1_M33,OSD-105,OSD-105|Left tibialis anterior|f829a3c1,skeletal muscle,Left tibialis anterior,mouse,actual_flight,0,ground,Mmus_C57-6J_TA_GC_Rep1_M33,|||c57bl/6j|female|16 {week}||||rnalater,Mmus_C57-6J_TA_GC_Rep1_M33,GLDS-105_rna_seq_STAR_Unnormalized_Counts_GLbulkRNAseq.csv,osdr_counts,unknown,unknown,
OSD-105:Mmus_C57-6J_TA_GC_Rep6_M38,OSD-105,OSD-105|Left tibialis anterior|f829a3c1,skeletal muscle,Left tibialis anterior,mouse,actual_flight,0,ground,Mmus_C57-6J_TA_GC_Rep6_M38,|||c57bl/6j|female|16 {week}||||rnalater,Mmus_C57-6J_TA_GC_Rep6_M38,GLDS-105_rna_seq_STAR_Unnormalized_Counts_GLbulkRNAseq.csv,osdr_counts,unknown,unknown,
OSD-105:Mmus_C57-6J_TA_GC_Rep4_M36,OSD-105,OSD-105|Left tibialis anterior|f829a3c1,skeletal muscle,Left tibialis anterior,mouse,actual_flight,0,ground,Mmus_C57-6J_TA_GC_Rep4_M36,|||c57bl/6j|female|16 {week}||||rnalater,Mmus_C57-6J_TA_GC_Rep4_M36,GLDS-105_rna_seq_STAR_Unnormalized_Counts_GLbulkRNAseq.csv,osdr_counts,unknown,unknown,
OSD-105:Mmus_C57-6J_TA_GC_Rep2_M34,OSD-105,OSD-105|Left tibialis anterior|f829a3c1,skeletal muscle,Left tibialis anterior,mouse,actual_flight,0,ground,Mmus_C57-6J_TA_GC_Rep2_M34,|||c57bl/6j|female|16 {week}||||rnalater,Mmus_C57-6J_TA_GC_Rep2_M34,GLDS-105_rna_seq_STAR_Unnormalized_Counts_GLbulkRNAseq.csv,osdr_counts,unknown,unknown,
OSD-105:Mmus_C57-6J_TA_GC_Rep3_M35,OSD-105,OSD-105|Left tibialis anterior|f829a3c1,skeletal muscle,Left tibialis anterior,mouse,actual_flight,0,ground,Mmus_C57-6J_TA_GC_Rep3_M35,|||c57bl/6j|female|16 {week}||||rnalater,Mmus_C57-6J_TA_GC_Rep3_M35,GLDS-105_rna_seq_STAR_Unnormalized_Counts_GLbulkRNAseq.csv,osdr_counts,unknown,unknown,
OSD-105:Mmus_C57-6J_TA_FLT_Rep1_M23,OSD-105,OSD-105|Left tibialis anterior|f829a3c1,skeletal muscle,Left tibialis anterior,mouse,actual_flight,1,flight,Mmus_C57-6J_TA_FLT_Rep1_M23,|||c57bl/6j|female|16 {week}||||rnalater,Mmus_C57-6J_TA_FLT_Rep1_M23,GLDS-105_rna_seq_STAR_Unnormalized_Counts_GLbulkRNAseq.csv,osdr_counts,unknown,unknown,
OSD-105:Mmus_C57-6J_TA_FLT_Rep3_M25,OSD-105,OSD-105|Left tibialis anterior|f829a3c1,skeletal muscle,Left tibialis anterior,mouse,actual_flight,1,flight,Mmus_C57-6J_TA_FLT_Rep3_M25,|||c57bl/6j|female|16 {week}||||rnalater,Mmus_C57-6J_TA_FLT_Rep3_M25,GLDS-105_rna_seq_STAR_Unnormalized_Counts_GLbulkRNAseq.csv,osdr_counts,unknown,unknown,
OSD-105:Mmus_C57-6J_TA_FLT_Rep2_M24,OSD-105,OSD-105|Left tibialis anterior|f829a3c1,skeletal muscle,Left tibialis anterior,mouse,actual_flight,1,flight,Mmus_C57-6J_TA_FLT_Rep2_M24,|||c57bl/6j|female|16 {week}||||rnalater,Mmus_C57-6J_TA_FLT_Rep2_M24,GLDS-105_rna_seq_STAR_Unnormalized_Counts_GLbulkRNAseq.csv,osdr_counts,unknown,unknown,
OSD-105:Mmus_C57-6J_TA_FLT_Rep4_M26,OSD-105,OSD-105|Left tibialis anterior|f829a3c1,skeletal muscle,Left tibialis anterior,mouse,actual_flight,1,flight,Mmus_C57-6J_TA_FLT_Rep4_M26,|||c57bl/6j|female|16 {week}||||rnalater,Mmus_C57-6J_TA_FLT_Rep4_M26,GLDS-105_rna_seq_STAR_Unnormalized_Counts_GLbulkRNAseq.csv,osdr_counts,unknown,unknown,
OSD-105:Mmus_C57-6J_TA_FLT_Rep5_M27,OSD-105,OSD-105|Left tibialis anterior|f829a3c1,skeletal muscle,Left tibialis anterior,mouse,actual_flight,1,flight,Mmus_C57-6J_TA_FLT_Rep5_M27,|||c57bl/6j|female|16 {week}||||rnalater,Mmus_C57-6J_TA_FLT_Rep5_M27,GLDS-105_rna_seq_STAR_Unnormalized_Counts_GLbulkRNAseq.csv,osdr_counts,unknown,unknown,
OSD-105:Mmus_C57-6J_TA_FLT_Rep6_M28,OSD-105,OSD-105|Left tibialis anterior|f829a3c1,skeletal muscle,Left tibialis anterior,mouse,actual_flight,1,flight,Mmus_C57-6J_TA_FLT_Rep6_M28,|||c57bl/6j|female|16 {week}||||rnalater,Mmus_C57-6J_TA_FLT_Rep6_M28,GLDS-105_rna_seq_STAR_Unnormalized_Counts_GLbulkRNAseq.csv,osdr_counts,unknown,unknown,
OSD-245:Mmus_C57-6T_LVR_GC_ISS-T_Rep2_G9,OSD-245,OSD-245|Liver|83b7ee50,liver,Liver,mouse,actual_flight,0,ground,Mmus_C57-6T_LVR_GC_ISS-T_Rep2_G9,ISS-T|||c57bl/6ntac|female|36 {week}|||-80 {degree celsius}|liquid nitrogen,Mmus_C57-6T_LVR_GC_ISS-T_Rep2_G9,GLDS-245_rna_seq_Unnormalized_Counts.csv,osdr_counts,unknown,unknown,
OSD-245:Mmus_C57-6T_LVR_GC_ISS-T_Rep9_G5,OSD-245,OSD-245|Liver|83b7ee50,liver,Liver,mouse,actual_flight,0,ground,Mmus_C57-6T_LVR_GC_ISS-T_Rep9_G5,ISS-T|||c57bl/6ntac|female|36 {week}|||-80 {degree celsius}|liquid nitrogen,Mmus_C57-6T_LVR_GC_ISS-T_Rep9_G5,GLDS-245_rna_seq_Unnormalized_Counts.csv,osdr_counts,unknown,unknown,
OSD-245:Mmus_C57-6T_LVR_GC_ISS-T_Rep10_G6,OSD-245,OSD-245|Liver|83b7ee50,liver,Liver,mouse,actual_flight,0,ground,Mmus_C57-6T_LVR_GC_ISS-T_Rep10_G6,ISS-T|||c57bl/6ntac|female|36 {week}|||-80 {degree celsius}|liquid nitrogen,Mmus_C57-6T_LVR_GC_ISS-T_Rep10_G6,GLDS-245_rna_seq_Unnormalized_Counts.csv,osdr_counts,unknown,unknown,
OSD-245:Mmus_C57-6T_LVR_GC_ISS-T_Rep8_G3,OSD-245,OSD-245|Liver|83b7ee50,liver,Liver,mouse,actual_flight,0,ground,Mmus_C57-6T_LVR_GC_ISS-T_Rep8_G3,ISS-T|||c57bl/6ntac|female|36 {week}|||-80 {degree celsius}|liquid nitrogen,Mmus_C57-6T_LVR_GC_ISS-T_Rep8_G3,GLDS-245_rna_seq_Unnormalized_Counts.csv,osdr_counts,unknown,unknown,
OSD-245:Mmus_C57-6T_LVR_GC_ISS-T_Rep1_G4,OSD-245,OSD-245|Liver|83b7ee50,liver,Liver,mouse,actual_flight,0,ground,Mmus_C57-6T_LVR_GC_ISS-T_Rep1_G4,ISS-T|||c57bl/6ntac|female|36 {week}|||-80 {degree celsius}|liquid nitrogen,Mmus_C57-6T_LVR_GC_ISS-T_Rep1_G4,GLDS-245_rna_seq_Unnormalized_Counts.csv,osdr_counts,unknown,unknown,
OSD-245:Mmus_C57-6T_LVR_GC_ISS-T_Rep3_G10,OSD-245,OSD-245|Liver|83b7ee50,liver,Liver,mouse,actual_flight,0,ground,Mmus_C57-6T_LVR_GC_ISS-T_Rep3_G10,ISS-T|||c57bl/6ntac|female|36 {week}|||-80 {degree celsius}|liquid nitrogen,Mmus_C57-6T_LVR_GC_ISS-T_Rep3_G10,GLDS-245_rna_seq_Unnormalized_Counts.csv,osdr_counts,unknown,unknown,
OSD-245:Mmus_C57-6T_LVR_FLT_ISS-T_Rep2_F8,OSD-245,OSD-245|Liver|83b7ee50,liver,Liver,mouse,actual_flight,1,flight,Mmus_C57-6T_LVR_FLT_ISS-T_Rep2_F8,ISS-T|||c57bl/6ntac|female|36 {week}|||-80 {degree celsius}|liquid nitrogen,Mmus_C57-6T_LVR_FLT_ISS-T_Rep2_F8,GLDS-245_rna_seq_Unnormalized_Counts.csv,osdr_counts,unknown,unknown,
OSD-245:Mmus_C57-6T_LVR_FLT_ISS-T_Rep6_F1,OSD-245,OSD-245|Liver|83b7ee50,liver,Liver,mouse,actual_flight,1,flight,Mmus_C57-6T_LVR_FLT_ISS-T_Rep6_F1,ISS-T|||c57bl/6ntac|female|36 {week}|||-80 {degree celsius}|liquid nitrogen,Mmus_C57-6T_LVR_FLT_ISS-T_Rep6_F1,GLDS-245_rna_seq_Unnormalized_Counts.csv,osdr_counts,unknown,unknown,
OSD-245:Mmus_C57-6T_LVR_FLT_ISS-T_Rep10_F6,OSD-245,OSD-245|Liver|83b7ee50,liver,Liver,mouse,actual_flight,1,flight,Mmus_C57-6T_LVR_FLT_ISS-T_Rep10_F6,ISS-T|||c57bl/6ntac|female|36 {week}|||-80 {degree celsius}|liquid nitrogen,Mmus_C57-6T_LVR_FLT_ISS-T_Rep10_F6,GLDS-245_rna_seq_Unnormalized_Counts.csv,osdr_counts,unknown,unknown,
OSD-245:Mmus_C57-6T_LVR_FLT_ISS-T_Rep8_F3,OSD-245,OSD-245|Liver|83b7ee50,liver,Liver,mouse,actual_flight,1,flight,Mmus_C57-6T_LVR_FLT_ISS-T_Rep8_F3,ISS-T|||c57bl/6ntac|female|36 {week}|||-80 {degree celsius}|liquid nitrogen,Mmus_C57-6T_LVR_FLT_ISS-T_Rep8_F3,GLDS-245_rna_seq_Unnormalized_Counts.csv,osdr_counts,unknown,unknown,
OSD-245:Mmus_C57-6T_LVR_FLT_ISS-T_Rep5_F7,OSD-245,OSD-245|Liver|83b7ee50,liver,Liver,mouse,actual_flight,1,flight,Mmus_C57-6T_LVR_FLT_ISS-T_Rep5_F7,ISS-T|||c57bl/6ntac|female|36 {week}|||-80 {degree celsius}|liquid nitrogen,Mmus_C57-6T_LVR_FLT_ISS-T_Rep5_F7,GLDS-245_rna_seq_Unnormalized_Counts.csv,osdr_counts,unknown,unknown,
OSD-245:Mmus_C57-6T_LVR_FLT_ISS-T_Rep1_F5,OSD-245,OSD-245|Liver|83b7ee50,liver,Liver,mouse,actual_flight,1,flight,Mmus_C57-6T_LVR_FLT_ISS-T_Rep1_F5,ISS-T|||c57bl/6ntac|female|36 {week}|||-80 {degree celsius}|liquid nitrogen,Mmus_C57-6T_LVR_FLT_ISS-T_Rep1_F5,GLDS-245_rna_seq_Unnormalized_Counts.csv,osdr_counts,unknown,unknown,
OSD-245:Mmus_C57-6T_LVR_GC_LAR_Rep2_G4,OSD-245,OSD-245|Liver|8f786fbe,liver,Liver,mouse,actual_flight,0,ground,Mmus_C57-6T_LVR_GC_LAR_Rep2_G4,LAR|||c57bl/6ntac|female|36 {week}|||{not available}|liquid nitrogen,Mmus_C57-6T_LVR_GC_LAR_Rep2_G4,GLDS-245_rna_seq_Unnormalized_Counts.csv,osdr_counts,unknown,unknown,
OSD-245:Mmus_C57-6T_LVR_GC_LAR_Rep4_G5,OSD-245,OSD-245|Liver|8f786fbe,liver,Liver,mouse,actual_flight,0,ground,Mmus_C57-6T_LVR_GC_LAR_Rep4_G5,LAR|||c57bl/6ntac|female|36 {week}|||{not available}|liquid nitrogen,Mmus_C57-6T_LVR_GC_LAR_Rep4_G5,GLDS-245_rna_seq_Unnormalized_Counts.csv,osdr_counts,unknown,unknown,
OSD-245:Mmus_C57-6T_LVR_GC_LAR_Rep3_G10,OSD-245,OSD-245|Liver|8f786fbe,liver,Liver,mouse,actual_flight,0,ground,Mmus_C57-6T_LVR_GC_LAR_Rep3_G10,LAR|||c57bl/6ntac|female|36 {week}|||{not available}|liquid nitrogen,Mmus_C57-6T_LVR_GC_LAR_Rep3_G10,GLDS-245_rna_seq_Unnormalized_Counts.csv,osdr_counts,unknown,unknown,
OSD-245:Mmus_C57-6T_LVR_GC_LAR_Rep9_G3,OSD-245,OSD-245|Liver|8f786fbe,liver,Liver,mouse,actual_flight,0,ground,Mmus_C57-6T_LVR_GC_LAR_Rep9_G3,LAR|||c57bl/6ntac|female|36 {week}|||{not available}|liquid nitrogen,Mmus_C57-6T_LVR_GC_LAR_Rep9_G3,GLDS-245_rna_seq_Unnormalized_Counts.csv,osdr_counts,unknown,unknown,
OSD-245:Mmus_C57-6T_LVR_GC_LAR_Rep1_G6,OSD-245,OSD-245|Liver|8f786fbe,liver,Liver,mouse,actual_flight,0,ground,Mmus_C57-6T_LVR_GC_LAR_Rep1_G6,LAR|||c57bl/6ntac|female|36 {week}|||{not available}|liquid nitrogen,Mmus_C57-6T_LVR_GC_LAR_Rep1_G6,GLDS-245_rna_seq_Unnormalized_Counts.csv,osdr_counts,unknown,unknown,
OSD-245:Mmus_C57-6T_LVR_GC_LAR_Rep7_G9,OSD-245,OSD-245|Liver|8f786fbe,liver,Liver,mouse,actual_flight,0,ground,Mmus_C57-6T_LVR_GC_LAR_Rep7_G9,LAR|||c57bl/6ntac|female|36 {week}|||{not available}|liquid nitrogen,Mmus_C57-6T_LVR_GC_LAR_Rep7_G9,GLDS-245_rna_seq_Unnormalized_Counts.csv,osdr_counts,unknown,unknown,
OSD-245:Mmus_C57-6T_LVR_FLT_LAR_Rep8_F9,OSD-245,OSD-245|Liver|8f786fbe,liver,Liver,mouse,actual_flight,1,flight,Mmus_C57-6T_LVR_FLT_LAR_Rep8_F9,LAR|||c57bl/6ntac|female|36 {week}|||{not available}|liquid nitrogen,Mmus_C57-6T_LVR_FLT_LAR_Rep8_F9,GLDS-245_rna_seq_Unnormalized_Counts.csv,osdr_counts,unknown,unknown,
OSD-245:Mmus_C57-6T_LVR_FLT_LAR_Rep4_F6,OSD-245,OSD-245|Liver|8f786fbe,liver,Liver,mouse,actual_flight,1,flight,Mmus_C57-6T_LVR_FLT_LAR_Rep4_F6,LAR|||c57bl/6ntac|female|36 {week}|||{not available}|liquid nitrogen,Mmus_C57-6T_LVR_FLT_LAR_Rep4_F6,GLDS-245_rna_seq_Unnormalized_Counts.csv,osdr_counts,unknown,unknown,
OSD-245:Mmus_C57-6T_LVR_FLT_LAR_Rep9_F4,OSD-245,OSD-245|Liver|8f786fbe,liver,Liver,mouse,actual_flight,1,flight,Mmus_C57-6T_LVR_FLT_LAR_Rep9_F4,LAR|||c57bl/6ntac|female|36 {week}|||{not available}|liquid nitrogen,Mmus_C57-6T_LVR_FLT_LAR_Rep9_F4,GLDS-245_rna_seq_Unnormalized_Counts.csv,osdr_counts,unknown,unknown,
OSD-245:Mmus_C57-6T_LVR_FLT_LAR_Rep7_F8,OSD-245,OSD-245|Liver|8f786fbe,liver,Liver,mouse,actual_flight,1,flight,Mmus_C57-6T_LVR_FLT_LAR_Rep7_F8,LAR|||c57bl/6ntac|female|36 {week}|||{not available}|liquid nitrogen,Mmus_C57-6T_LVR_FLT_LAR_Rep7_F8,GLDS-245_rna_seq_Unnormalized_Counts.csv,osdr_counts,unknown,unknown,
OSD-245:Mmus_C57-6T_LVR_FLT_LAR_Rep6_F10,OSD-245,OSD-245|Liver|8f786fbe,liver,Liver,mouse,actual_flight,1,flight,Mmus_C57-6T_LVR_FLT_LAR_Rep6_F10,LAR|||c57bl/6ntac|female|36 {week}|||{not available}|liquid nitrogen,Mmus_C57-6T_LVR_FLT_LAR_Rep6_F10,GLDS-245_rna_seq_Unnormalized_Counts.csv,osdr_counts,unknown,unknown,
OSD-245:Mmus_C57-6T_LVR_FLT_LAR_Rep10_F5,OSD-245,OSD-245|Liver|8f786fbe,liver,Liver,mouse,actual_flight,1,flight,Mmus_C57-6T_LVR_FLT_LAR_Rep10_F5,LAR|||c57bl/6ntac|female|36 {week}|||{not available}|liquid nitrogen,Mmus_C57-6T_LVR_FLT_LAR_Rep10_F5,GLDS-245_rna_seq_Unnormalized_Counts.csv,osdr_counts,unknown,unknown,
OSD-326:SRR11148753,OSD-326,OSD-326|Quadriceps femoris|6a69abe9,skeletal muscle,Quadriceps femoris,mouse,actual_flight,0,ground,SRR11148753,|||c57bl/6j|male|9 {week}||24 to 28 {day}||snap frozen,SRR11148753,GLDS-326_rna_seq_STAR_Unnormalized_Counts_GLbulkRNAseq.csv,osdr_counts,unknown,unknown,
OSD-326:SRR11148755,OSD-326,OSD-326|Quadriceps femoris|6a69abe9,skeletal muscle,Quadriceps femoris,mouse,actual_flight,0,ground,SRR11148755,|||c57bl/6j|male|9 {week}||24 to 28 {day}||snap frozen,SRR11148755,GLDS-326_rna_seq_STAR_Unnormalized_Counts_GLbulkRNAseq.csv,osdr_counts,unknown,unknown,
OSD-326:SRR11148754,OSD-326,OSD-326|Quadriceps femoris|6a69abe9,skeletal muscle,Quadriceps femoris,mouse,actual_flight,0,ground,SRR11148754,|||c57bl/6j|male|9 {week}||24 to 28 {day}||snap frozen,SRR11148754,GLDS-326_rna_seq_STAR_Unnormalized_Counts_GLbulkRNAseq.csv,osdr_counts,unknown,unknown,
OSD-326:SRR11148756,OSD-326,OSD-326|Quadriceps femoris|6a69abe9,skeletal muscle,Quadriceps femoris,mouse,actual_flight,0,ground,SRR11148756,|||c57bl/6j|male|9 {week}||24 to 28 {day}||snap frozen,SRR11148756,GLDS-326_rna_seq_STAR_Unnormalized_Counts_GLbulkRNAseq.csv,osdr_counts,unknown,unknown,
OSD-326:SRR11148760,OSD-326,OSD-326|Quadriceps femoris|6a69abe9,skeletal muscle,Quadriceps femoris,mouse,actual_flight,1,flight,SRR11148760,|||c57bl/6j|male|9 {week}||24 to 28 {day}||snap frozen,SRR11148760,GLDS-326_rna_seq_STAR_Unnormalized_Counts_GLbulkRNAseq.csv,osdr_counts,unknown,unknown,
OSD-326:SRR11148757,OSD-326,OSD-326|Quadriceps femoris|6a69abe9,skeletal muscle,Quadriceps femoris,mouse,actual_flight,1,flight,SRR11148757,|||c57bl/6j|male|9 {week}||24 to 28 {day}||snap frozen,SRR11148757,GLDS-326_rna_seq_STAR_Unnormalized_Counts_GLbulkRNAseq.csv,osdr_counts,unknown,unknown,
OSD-326:SRR11148759,OSD-326,OSD-326|Quadriceps femoris|6a69abe9,skeletal muscle,Quadriceps femoris,mouse,actual_flight,1,flight,SRR11148759,|||c57bl/6j|male|9 {week}||24 to 28 {day}||snap frozen,SRR11148759,GLDS-326_rna_seq_STAR_Unnormalized_Counts_GLbulkRNAseq.csv,osdr_counts,unknown,unknown,
OSD-326:SRR11148758,OSD-326,OSD-326|Quadriceps femoris|6a69abe9,skeletal muscle,Quadriceps femoris,mouse,actual_flight,1,flight,SRR11148758,|||c57bl/6j|male|9 {week}||24 to 28 {day}||snap frozen,SRR11148758,GLDS-326_rna_seq_STAR_Unnormalized_Counts_GLbulkRNAseq.csv,osdr_counts,unknown,unknown,
OSD-379:RR8_LVR_GC_ISS-T_OLD_GI16,OSD-379,OSD-379|Left Lobe of the Liver|2c17a152,liver,Left Lobe of the Liver,mouse,actual_flight,0,ground,RR8_LVR_GC_ISS-T_OLD_GI16,ISS-T|OLD||balb/canntac|female||||-80 {degree celsius}|liquid nitrogen,RR8_LVR_GC_ISS-T_OLD_GI16,GLDS-379_rna_seq_STAR_Unnormalized_Counts_GLbulkRNAseq.csv,osdr_counts,unknown,unknown,
OSD-379:RR8_LVR_GC_ISS-T_OLD_GI11,OSD-379,OSD-379|Left Lobe of the Liver|2c17a152,liver,Left Lobe of the Liver,mouse,actual_flight,0,ground,RR8_LVR_GC_ISS-T_OLD_GI11,ISS-T|OLD||balb/canntac|female||||-80 {degree celsius}|liquid nitrogen,RR8_LVR_GC_ISS-T_OLD_GI11,GLDS-379_rna_seq_STAR_Unnormalized_Counts_GLbulkRNAseq.csv,osdr_counts,unknown,unknown,
OSD-379:RR8_LVR_GC_ISS-T_OLD_GI20,OSD-379,OSD-379|Left Lobe of the Liver|2c17a152,liver,Left Lobe of the Liver,mouse,actual_flight,0,ground,RR8_LVR_GC_ISS-T_OLD_GI20,ISS-T|OLD||balb/canntac|female||||-80 {degree celsius}|liquid nitrogen,RR8_LVR_GC_ISS-T_OLD_GI20,GLDS-379_rna_seq_STAR_Unnormalized_Counts_GLbulkRNAseq.csv,osdr_counts,unknown,unknown,
OSD-379:RR8_LVR_GC_ISS-T_OLD_GI13,OSD-379,OSD-379|Left Lobe of the Liver|2c17a152,liver,Left Lobe of the Liver,mouse,actual_flight,0,ground,RR8_LVR_GC_ISS-T_OLD_GI13,ISS-T|OLD||balb/canntac|female||||-80 {degree celsius}|liquid nitrogen,RR8_LVR_GC_ISS-T_OLD_GI13,GLDS-379_rna_seq_STAR_Unnormalized_Counts_GLbulkRNAseq.csv,osdr_counts,unknown,unknown,
OSD-379:RR8_LVR_GC_ISS-T_OLD_GI19,OSD-379,OSD-379|Left Lobe of the Liver|2c17a152,liver,Left Lobe of the Liver,mouse,actual_flight,0,ground,RR8_LVR_GC_ISS-T_OLD_GI19,ISS-T|OLD||balb/canntac|female||||-80 {degree celsius}|liquid nitrogen,RR8_LVR_GC_ISS-T_OLD_GI19,GLDS-379_rna_seq_STAR_Unnormalized_Counts_GLbulkRNAseq.csv,osdr_counts,unknown,unknown,
OSD-379:RR8_LVR_GC_ISS-T_OLD_GI14,OSD-379,OSD-379|Left Lobe of the Liver|2c17a152,liver,Left Lobe of the Liver,mouse,actual_flight,0,ground,RR8_LVR_GC_ISS-T_OLD_GI14,ISS-T|OLD||balb/canntac|female||||-80 {degree celsius}|liquid nitrogen,RR8_LVR_GC_ISS-T_OLD_GI14,GLDS-379_rna_seq_STAR_Unnormalized_Counts_GLbulkRNAseq.csv,osdr_counts,unknown,unknown,
OSD-379:RR8_LVR_FLT_ISS-T_OLD_FI11,OSD-379,OSD-379|Left Lobe of the Liver|2c17a152,liver,Left Lobe of the Liver,mouse,actual_flight,1,flight,RR8_LVR_FLT_ISS-T_OLD_FI11,ISS-T|OLD||balb/canntac|female||||-80 {degree celsius}|liquid nitrogen,RR8_LVR_FLT_ISS-T_OLD_FI11,GLDS-379_rna_seq_STAR_Unnormalized_Counts_GLbulkRNAseq.csv,osdr_counts,unknown,unknown,
OSD-379:RR8_LVR_FLT_ISS-T_OLD_FI20,OSD-379,OSD-379|Left Lobe of the Liver|2c17a152,liver,Left Lobe of the Liver,mouse,actual_flight,1,flight,RR8_LVR_FLT_ISS-T_OLD_FI20,ISS-T|OLD||balb/canntac|female||||-80 {degree celsius}|liquid nitrogen,RR8_LVR_FLT_ISS-T_OLD_FI20,GLDS-379_rna_seq_STAR_Unnormalized_Counts_GLbulkRNAseq.csv,osdr_counts,unknown,unknown,
OSD-379:RR8_LVR_FLT_ISS-T_OLD_FI13,OSD-379,OSD-379|Left Lobe of the Liver|2c17a152,liver,Left Lobe of the Liver,mouse,actual_flight,1,flight,RR8_LVR_FLT_ISS-T_OLD_FI13,ISS-T|OLD||balb/canntac|female||||-80 {degree celsius}|liquid nitrogen,RR8_LVR_FLT_ISS-T_OLD_FI13,GLDS-379_rna_seq_STAR_Unnormalized_Counts_GLbulkRNAseq.csv,osdr_counts,unknown,unknown,
OSD-379:RR8_LVR_FLT_ISS-T_OLD_FI19,OSD-379,OSD-379|Left Lobe of the Liver|2c17a152,liver,Left Lobe of the Liver,mouse,actual_flight,1,flight,RR8_LVR_FLT_ISS-T_OLD_FI19,ISS-T|OLD||balb/canntac|female||||-80 {degree celsius}|liquid nitrogen,RR8_LVR_FLT_ISS-T_OLD_FI19,GLDS-379_rna_seq_STAR_Unnormalized_Counts_GLbulkRNAseq.csv,osdr_counts,unknown,unknown,
OSD-379:RR8_LVR_FLT_ISS-T_OLD_FI17,OSD-379,OSD-379|Left Lobe of the Liver|2c17a152,liver,Left Lobe of the Liver,mouse,actual_flight,1,flight,RR8_LVR_FLT_ISS-T_OLD_FI17,ISS-T|OLD||balb/canntac|female||||-80 {degree celsius}|liquid nitrogen,RR8_LVR_FLT_ISS-T_OLD_FI17,GLDS-379_rna_seq_STAR_Unnormalized_Counts_GLbulkRNAseq.csv,osdr_counts,unknown,unknown,
OSD-379:RR8_LVR_FLT_ISS-T_OLD_FI14,OSD-379,OSD-379|Left Lobe of the Liver|2c17a152,liver,Left Lobe of the Liver,mouse,actual_flight,1,flight,RR8_LVR_FLT_ISS-T_OLD_FI14,ISS-T|OLD||balb/canntac|female||||-80 {degree celsius}|liquid nitrogen,RR8_LVR_FLT_ISS-T_OLD_FI14,GLDS-379_rna_seq_STAR_Unnormalized_Counts_GLbulkRNAseq.csv,osdr_counts,unknown,unknown,
OSD-379:RR8_LVR_GC_ISS-T_YNG_GI8,OSD-379,OSD-379|Left Lobe of the Liver|a8ed2e02,liver,Left Lobe of the Liver,mouse,actual_flight,0,ground,RR8_LVR_GC_ISS-T_YNG_GI8,ISS-T|YNG||balb/canntac|female||||-80 {degree celsius}|liquid nitrogen,RR8_LVR_GC_ISS-T_YNG_GI8,GLDS-379_rna_seq_STAR_Unnormalized_Counts_GLbulkRNAseq.csv,osdr_counts,unknown,unknown,
OSD-379:RR8_LVR_GC_ISS-T_YNG_GI3,OSD-379,OSD-379|Left Lobe of the Liver|a8ed2e02,liver,Left Lobe of the Liver,mouse,actual_flight,0,ground,RR8_LVR_GC_ISS-T_YNG_GI3,ISS-T|YNG||balb/canntac|female||||-80 {degree celsius}|liquid nitrogen,RR8_LVR_GC_ISS-T_YNG_GI3,GLDS-379_rna_seq_STAR_Unnormalized_Counts_GLbulkRNAseq.csv,osdr_counts,unknown,unknown,
OSD-379:RR8_LVR_GC_ISS-T_YNG_GI7,OSD-379,OSD-379|Left Lobe of the Liver|a8ed2e02,liver,Left Lobe of the Liver,mouse,actual_flight,0,ground,RR8_LVR_GC_ISS-T_YNG_GI7,ISS-T|YNG||balb/canntac|female||||-80 {degree celsius}|liquid nitrogen,RR8_LVR_GC_ISS-T_YNG_GI7,GLDS-379_rna_seq_STAR_Unnormalized_Counts_GLbulkRNAseq.csv,osdr_counts,unknown,unknown,
OSD-379:RR8_LVR_GC_ISS-T_YNG_GI2,OSD-379,OSD-379|Left Lobe of the Liver|a8ed2e02,liver,Left Lobe of the Liver,mouse,actual_flight,0,ground,RR8_LVR_GC_ISS-T_YNG_GI2,ISS-T|YNG||balb/canntac|female||||-80 {degree celsius}|liquid nitrogen,RR8_LVR_GC_ISS-T_YNG_GI2,GLDS-379_rna_seq_STAR_Unnormalized_Counts_GLbulkRNAseq.csv,osdr_counts,unknown,unknown,
OSD-379:RR8_LVR_GC_ISS-T_YNG_GI9,OSD-379,OSD-379|Left Lobe of the Liver|a8ed2e02,liver,Left Lobe of the Liver,mouse,actual_flight,0,ground,RR8_LVR_GC_ISS-T_YNG_GI9,ISS-T|YNG||balb/canntac|female||||-80 {degree celsius}|liquid nitrogen,RR8_LVR_GC_ISS-T_YNG_GI9,GLDS-379_rna_seq_STAR_Unnormalized_Counts_GLbulkRNAseq.csv,osdr_counts,unknown,unknown,
OSD-379:RR8_LVR_GC_ISS-T_YNG_GI4,OSD-379,OSD-379|Left Lobe of the Liver|a8ed2e02,liver,Left Lobe of the Liver,mouse,actual_flight,0,ground,RR8_LVR_GC_ISS-T_YNG_GI4,ISS-T|YNG||balb/canntac|female||||-80 {degree celsius}|liquid nitrogen,RR8_LVR_GC_ISS-T_YNG_GI4,GLDS-379_rna_seq_STAR_Unnormalized_Counts_GLbulkRNAseq.csv,osdr_counts,unknown,unknown,
OSD-379:RR8_LVR_FLT_ISS-T_YNG_FI1,OSD-379,OSD-379|Left Lobe of the Liver|a8ed2e02,liver,Left Lobe of the Liver,mouse,actual_flight,1,flight,RR8_LVR_FLT_ISS-T_YNG_FI1,ISS-T|YNG||balb/canntac|female||||-80 {degree celsius}|liquid nitrogen,RR8_LVR_FLT_ISS-T_YNG_FI1,GLDS-379_rna_seq_STAR_Unnormalized_Counts_GLbulkRNAseq.csv,osdr_counts,unknown,unknown,
OSD-379:RR8_LVR_FLT_ISS-T_YNG_FI6,OSD-379,OSD-379|Left Lobe of the Liver|a8ed2e02,liver,Left Lobe of the Liver,mouse,actual_flight,1,flight,RR8_LVR_FLT_ISS-T_YNG_FI6,ISS-T|YNG||balb/canntac|female||||-80 {degree celsius}|liquid nitrogen,RR8_LVR_FLT_ISS-T_YNG_FI6,GLDS-379_rna_seq_STAR_Unnormalized_Counts_GLbulkRNAseq.csv,osdr_counts,unknown,unknown,
OSD-379:RR8_LVR_FLT_ISS-T_YNG_FI5,OSD-379,OSD-379|Left Lobe of the Liver|a8ed2e02,liver,Left Lobe of the Liver,mouse,actual_flight,1,flight,RR8_LVR_FLT_ISS-T_YNG_FI5,ISS-T|YNG||balb/canntac|female||||-80 {degree celsius}|liquid nitrogen,RR8_LVR_FLT_ISS-T_YNG_FI5,GLDS-379_rna_seq_STAR_Unnormalized_Counts_GLbulkRNAseq.csv,osdr_counts,unknown,unknown,
OSD-379:RR8_LVR_FLT_ISS-T_YNG_FI7,OSD-379,OSD-379|Left Lobe of the Liver|a8ed2e02,liver,Left Lobe of the Liver,mouse,actual_flight,1,flight,RR8_LVR_FLT_ISS-T_YNG_FI7,ISS-T|YNG||balb/canntac|female||||-80 {degree celsius}|liquid nitrogen,RR8_LVR_FLT_ISS-T_YNG_FI7,GLDS-379_rna_seq_STAR_Unnormalized_Counts_GLbulkRNAseq.csv,osdr_counts,unknown,unknown,
OSD-379:RR8_LVR_FLT_ISS-T_YNG_FI2,OSD-379,OSD-379|Left Lobe of the Liver|a8ed2e02,liver,Left Lobe of the Liver,mouse,actual_flight,1,flight,RR8_LVR_FLT_ISS-T_YNG_FI2,ISS-T|YNG||balb/canntac|female||||-80 {degree celsius}|liquid nitrogen,RR8_LVR_FLT_ISS-T_YNG_FI2,GLDS-379_rna_seq_STAR_Unnormalized_Counts_GLbulkRNAseq.csv,osdr_counts,unknown,unknown,
OSD-379:RR8_LVR_FLT_ISS-T_YNG_FI10,OSD-379,OSD-379|Left Lobe of the Liver|a8ed2e02,liver,Left Lobe of the Liver,mouse,actual_flight,1,flight,RR8_LVR_FLT_ISS-T_YNG_FI10,ISS-T|YNG||balb/canntac|female||||-80 {degree celsius}|liquid nitrogen,RR8_LVR_FLT_ISS-T_YNG_FI10,GLDS-379_rna_seq_STAR_Unnormalized_Counts_GLbulkRNAseq.csv,osdr_counts,unknown,unknown,
OSD-379:RR8_LVR_GC_LAR_OLD_GL8,OSD-379,OSD-379|Left Lobe of the Liver|a45ca5be,liver,Left Lobe of the Liver,mouse,actual_flight,0,ground,RR8_LVR_GC_LAR_OLD_GL8,LAR|OLD||balb/canntac|female||||{not applicable}|liquid nitrogen,RR8_LVR_GC_LAR_OLD_GL8,GLDS-379_rna_seq_STAR_Unnormalized_Counts_GLbulkRNAseq.csv,osdr_counts,unknown,unknown,
OSD-379:RR8_LVR_GC_LAR_OLD_GL11,OSD-379,OSD-379|Left Lobe of the Liver|a45ca5be,liver,Left Lobe of the Liver,mouse,actual_flight,0,ground,RR8_LVR_GC_LAR_OLD_GL11,LAR|OLD||balb/canntac|female||||{not applicable}|liquid nitrogen,RR8_LVR_GC_LAR_OLD_GL11,GLDS-379_rna_seq_STAR_Unnormalized_Counts_GLbulkRNAseq.csv,osdr_counts,unknown,unknown,
OSD-379:RR8_LVR_GC_LAR_OLD_GL7,OSD-379,OSD-379|Left Lobe of the Liver|a45ca5be,liver,Left Lobe of the Liver,mouse,actual_flight,0,ground,RR8_LVR_GC_LAR_OLD_GL7,LAR|OLD||balb/canntac|female||||{not applicable}|liquid nitrogen,RR8_LVR_GC_LAR_OLD_GL7,GLDS-379_rna_seq_STAR_Unnormalized_Counts_GLbulkRNAseq.csv,osdr_counts,unknown,unknown,
OSD-379:RR8_LVR_GC_LAR_OLD_GL12,OSD-379,OSD-379|Left Lobe of the Liver|a45ca5be,liver,Left Lobe of the Liver,mouse,actual_flight,0,ground,RR8_LVR_GC_LAR_OLD_GL12,LAR|OLD||balb/canntac|female||||{not applicable}|liquid nitrogen,RR8_LVR_GC_LAR_OLD_GL12,GLDS-379_rna_seq_STAR_Unnormalized_Counts_GLbulkRNAseq.csv,osdr_counts,unknown,unknown,
OSD-379:RR8_LVR_GC_LAR_OLD_GL15,OSD-379,OSD-379|Left Lobe of the Liver|a45ca5be,liver,Left Lobe of the Liver,mouse,actual_flight,0,ground,RR8_LVR_GC_LAR_OLD_GL15,LAR|OLD||balb/canntac|female||||{not applicable}|liquid nitrogen,RR8_LVR_GC_LAR_OLD_GL15,GLDS-379_rna_seq_STAR_Unnormalized_Counts_GLbulkRNAseq.csv,osdr_counts,unknown,unknown,
OSD-379:RR8_LVR_GC_LAR_OLD_GL4,OSD-379,OSD-379|Left Lobe of the Liver|a45ca5be,liver,Left Lobe of the Liver,mouse,actual_flight,0,ground,RR8_LVR_GC_LAR_OLD_GL4,LAR|OLD||balb/canntac|female||||{not applicable}|liquid nitrogen,RR8_LVR_GC_LAR_OLD_GL4,GLDS-379_rna_seq_STAR_Unnormalized_Counts_GLbulkRNAseq.csv,osdr_counts,unknown,unknown,
OSD-379:RR8_LVR_FLT_LAR_OLD_FL4,OSD-379,OSD-379|Left Lobe of the Liver|a45ca5be,liver,Left Lobe of the Liver,mouse,actual_flight,1,flight,RR8_LVR_FLT_LAR_OLD_FL4,LAR|OLD||balb/canntac|female||||{not applicable}|liquid nitrogen,RR8_LVR_FLT_LAR_OLD_FL4,GLDS-379_rna_seq_STAR_Unnormalized_Counts_GLbulkRNAseq.csv,osdr_counts,unknown,unknown,
OSD-379:RR8_LVR_FLT_LAR_OLD_FL7,OSD-379,OSD-379|Left Lobe of the Liver|a45ca5be,liver,Left Lobe of the Liver,mouse,actual_flight,1,flight,RR8_LVR_FLT_LAR_OLD_FL7,LAR|OLD||balb/canntac|female||||{not applicable}|liquid nitrogen,RR8_LVR_FLT_LAR_OLD_FL7,GLDS-379_rna_seq_STAR_Unnormalized_Counts_GLbulkRNAseq.csv,osdr_counts,unknown,unknown,
OSD-379:RR8_LVR_FLT_LAR_OLD_FL16,OSD-379,OSD-379|Left Lobe of the Liver|a45ca5be,liver,Left Lobe of the Liver,mouse,actual_flight,1,flight,RR8_LVR_FLT_LAR_OLD_FL16,LAR|OLD||balb/canntac|female||||{not applicable}|liquid nitrogen,RR8_LVR_FLT_LAR_OLD_FL16,GLDS-379_rna_seq_STAR_Unnormalized_Counts_GLbulkRNAseq.csv,osdr_counts,unknown,unknown,
OSD-379:RR8_LVR_FLT_LAR_OLD_FL8,OSD-379,OSD-379|Left Lobe of the Liver|a45ca5be,liver,Left Lobe of the Liver,mouse,actual_flight,1,flight,RR8_LVR_FLT_LAR_OLD_FL8,LAR|OLD||balb/canntac|female||||{not applicable}|liquid nitrogen,RR8_LVR_FLT_LAR_OLD_FL8,GLDS-379_rna_seq_STAR_Unnormalized_Counts_GLbulkRNAseq.csv,osdr_counts,unknown,unknown,
OSD-379:RR8_LVR_FLT_LAR_OLD_FL15,OSD-379,OSD-379|Left Lobe of the Liver|a45ca5be,liver,Left Lobe of the Liver,mouse,actual_flight,1,flight,RR8_LVR_FLT_LAR_OLD_FL15,LAR|OLD||balb/canntac|female||||{not applicable}|liquid nitrogen,RR8_LVR_FLT_LAR_OLD_FL15,GLDS-379_rna_seq_STAR_Unnormalized_Counts_GLbulkRNAseq.csv,osdr_counts,unknown,unknown,
OSD-379:RR8_LVR_FLT_LAR_OLD_FL11,OSD-379,OSD-379|Left Lobe of the Liver|a45ca5be,liver,Left Lobe of the Liver,mouse,actual_flight,1,flight,RR8_LVR_FLT_LAR_OLD_FL11,LAR|OLD||balb/canntac|female||||{not applicable}|liquid nitrogen,RR8_LVR_FLT_LAR_OLD_FL11,GLDS-379_rna_seq_STAR_Unnormalized_Counts_GLbulkRNAseq.csv,osdr_counts,unknown,unknown,
OSD-379:RR8_LVR_GC_LAR_YNG_GL2,OSD-379,OSD-379|Left Lobe of the Liver|9abbe127,liver,Left Lobe of the Liver,mouse,actual_flight,0,ground,RR8_LVR_GC_LAR_YNG_GL2,LAR|YNG||balb/canntac|female||||{not applicable}|liquid nitrogen,RR8_LVR_GC_LAR_YNG_GL2,GLDS-379_rna_seq_STAR_Unnormalized_Counts_GLbulkRNAseq.csv,osdr_counts,unknown,unknown,
OSD-379:RR8_LVR_GC_LAR_YNG_GL5,OSD-379,OSD-379|Left Lobe of the Liver|9abbe127,liver,Left Lobe of the Liver,mouse,actual_flight,0,ground,RR8_LVR_GC_LAR_YNG_GL5,LAR|YNG||balb/canntac|female||||{not applicable}|liquid nitrogen,RR8_LVR_GC_LAR_YNG_GL5,GLDS-379_rna_seq_STAR_Unnormalized_Counts_GLbulkRNAseq.csv,osdr_counts,unknown,unknown,
OSD-379:RR8_LVR_GC_LAR_YNG_GL14,OSD-379,OSD-379|Left Lobe of the Liver|9abbe127,liver,Left Lobe of the Liver,mouse,actual_flight,0,ground,RR8_LVR_GC_LAR_YNG_GL14,LAR|YNG||balb/canntac|female||||{not applicable}|liquid nitrogen,RR8_LVR_GC_LAR_YNG_GL14,GLDS-379_rna_seq_STAR_Unnormalized_Counts_GLbulkRNAseq.csv,osdr_counts,unknown,unknown,
OSD-379:RR8_LVR_GC_LAR_YNG_GL13,OSD-379,OSD-379|Left Lobe of the Liver|9abbe127,liver,Left Lobe of the Liver,mouse,actual_flight,0,ground,RR8_LVR_GC_LAR_YNG_GL13,LAR|YNG||balb/canntac|female||||{not applicable}|liquid nitrogen,RR8_LVR_GC_LAR_YNG_GL13,GLDS-379_rna_seq_STAR_Unnormalized_Counts_GLbulkRNAseq.csv,osdr_counts,unknown,unknown,
OSD-379:RR8_LVR_GC_LAR_YNG_GL6,OSD-379,OSD-379|Left Lobe of the Liver|9abbe127,liver,Left Lobe of the Liver,mouse,actual_flight,0,ground,RR8_LVR_GC_LAR_YNG_GL6,LAR|YNG||balb/canntac|female||||{not applicable}|liquid nitrogen,RR8_LVR_GC_LAR_YNG_GL6,GLDS-379_rna_seq_STAR_Unnormalized_Counts_GLbulkRNAseq.csv,osdr_counts,unknown,unknown,
OSD-379:RR8_LVR_GC_LAR_YNG_GL18,OSD-379,OSD-379|Left Lobe of the Liver|9abbe127,liver,Left Lobe of the Liver,mouse,actual_flight,0,ground,RR8_LVR_GC_LAR_YNG_GL18,LAR|YNG||balb/canntac|female||||{not applicable}|liquid nitrogen,RR8_LVR_GC_LAR_YNG_GL18,GLDS-379_rna_seq_STAR_Unnormalized_Counts_GLbulkRNAseq.csv,osdr_counts,unknown,unknown,
OSD-379:RR8_LVR_FLT_LAR_YNG_FL13,OSD-379,OSD-379|Left Lobe of the Liver|9abbe127,liver,Left Lobe of the Liver,mouse,actual_flight,1,flight,RR8_LVR_FLT_LAR_YNG_FL13,LAR|YNG||balb/canntac|female||||{not applicable}|liquid nitrogen,RR8_LVR_FLT_LAR_YNG_FL13,GLDS-379_rna_seq_STAR_Unnormalized_Counts_GLbulkRNAseq.csv,osdr_counts,unknown,unknown,
OSD-379:RR8_LVR_FLT_LAR_YNG_FL5,OSD-379,OSD-379|Left Lobe of the Liver|9abbe127,liver,Left Lobe of the Liver,mouse,actual_flight,1,flight,RR8_LVR_FLT_LAR_YNG_FL5,LAR|YNG||balb/canntac|female||||{not applicable}|liquid nitrogen,RR8_LVR_FLT_LAR_YNG_FL5,GLDS-379_rna_seq_STAR_Unnormalized_Counts_GLbulkRNAseq.csv,osdr_counts,unknown,unknown,
OSD-379:RR8_LVR_FLT_LAR_YNG_FL17,OSD-379,OSD-379|Left Lobe of the Liver|9abbe127,liver,Left Lobe of the Liver,mouse,actual_flight,1,flight,RR8_LVR_FLT_LAR_YNG_FL17,LAR|YNG||balb/canntac|female||||{not applicable}|liquid nitrogen,RR8_LVR_FLT_LAR_YNG_FL17,GLDS-379_rna_seq_STAR_Unnormalized_Counts_GLbulkRNAseq.csv,osdr_counts,unknown,unknown,
OSD-379:RR8_LVR_FLT_LAR_YNG_FL2,OSD-379,OSD-379|Left Lobe of the Liver|9abbe127,liver,Left Lobe of the Liver,mouse,actual_flight,1,flight,RR8_LVR_FLT_LAR_YNG_FL2,LAR|YNG||balb/canntac|female||||{not applicable}|liquid nitrogen,RR8_LVR_FLT_LAR_YNG_FL2,GLDS-379_rna_seq_STAR_Unnormalized_Counts_GLbulkRNAseq.csv,osdr_counts,unknown,unknown,
OSD-379:RR8_LVR_FLT_LAR_YNG_FL6,OSD-379,OSD-379|Left Lobe of the Liver|9abbe127,liver,Left Lobe of the Liver,mouse,actual_flight,1,flight,RR8_LVR_FLT_LAR_YNG_FL6,LAR|YNG||balb/canntac|female||||{not applicable}|liquid nitrogen,RR8_LVR_FLT_LAR_YNG_FL6,GLDS-379_rna_seq_STAR_Unnormalized_Counts_GLbulkRNAseq.csv,osdr_counts,unknown,unknown,
OSD-379:RR8_LVR_FLT_LAR_YNG_FL1,OSD-379,OSD-379|Left Lobe of the Liver|9abbe127,liver,Left Lobe of the Liver,mouse,actual_flight,1,flight,RR8_LVR_FLT_LAR_YNG_FL1,LAR|YNG||balb/canntac|female||||{not applicable}|liquid nitrogen,RR8_LVR_FLT_LAR_YNG_FL1,GLDS-379_rna_seq_STAR_Unnormalized_Counts_GLbulkRNAseq.csv,osdr_counts,unknown,unknown,
OSD-401:GSM5398359,OSD-401,OSD-401|Gastrocnemius|344e21b7,skeletal muscle,Gastrocnemius,mouse,actual_flight,0,ground,GSM5398359,|||balb/c|female|30 {week}||9 {week}||rnalater,GSM5398359,GLDS-401_rna_seq_STAR_Unnormalized_Counts_GLbulkRNAseq.csv,osdr_counts,unknown,unknown,
OSD-401:GSM5398360,OSD-401,OSD-401|Gastrocnemius|344e21b7,skeletal muscle,Gastrocnemius,mouse,actual_flight,0,ground,GSM5398360,|||balb/c|female|30 {week}||9 {week}||rnalater,GSM5398360,GLDS-401_rna_seq_STAR_Unnormalized_Counts_GLbulkRNAseq.csv,osdr_counts,unknown,unknown,
OSD-401:GSM5398358,OSD-401,OSD-401|Gastrocnemius|344e21b7,skeletal muscle,Gastrocnemius,mouse,actual_flight,0,ground,GSM5398358,|||balb/c|female|30 {week}||9 {week}||rnalater,GSM5398358,GLDS-401_rna_seq_STAR_Unnormalized_Counts_GLbulkRNAseq.csv,osdr_counts,unknown,unknown,
OSD-401:GSM5398362,OSD-401,OSD-401|Gastrocnemius|344e21b7,skeletal muscle,Gastrocnemius,mouse,actual_flight,1,flight,GSM5398362,|||balb/c|female|30 {week}||9 {week}||rnalater,GSM5398362,GLDS-401_rna_seq_STAR_Unnormalized_Counts_GLbulkRNAseq.csv,osdr_counts,unknown,unknown,
OSD-401:GSM5398361,OSD-401,OSD-401|Gastrocnemius|344e21b7,skeletal muscle,Gastrocnemius,mouse,actual_flight,1,flight,GSM5398361,|||balb/c|female|30 {week}||9 {week}||rnalater,GSM5398361,GLDS-401_rna_seq_STAR_Unnormalized_Counts_GLbulkRNAseq.csv,osdr_counts,unknown,unknown,
OSD-401:GSM5398363,OSD-401,OSD-401|Gastrocnemius|344e21b7,skeletal muscle,Gastrocnemius,mouse,actual_flight,1,flight,GSM5398363,|||balb/c|female|30 {week}||9 {week}||rnalater,GSM5398363,GLDS-401_rna_seq_STAR_Unnormalized_Counts_GLbulkRNAseq.csv,osdr_counts,unknown,unknown,
OSD-401:GSM5398366,OSD-401,OSD-401|Quadriceps femoris|344e21b7,skeletal muscle,Quadriceps femoris,mouse,actual_flight,0,ground,GSM5398366,|||balb/c|female|30 {week}||9 {week}||rnalater,GSM5398366,GLDS-401_rna_seq_STAR_Unnormalized_Counts_GLbulkRNAseq.csv,osdr_counts,unknown,unknown,
OSD-401:GSM5398365,OSD-401,OSD-401|Quadriceps femoris|344e21b7,skeletal muscle,Quadriceps femoris,mouse,actual_flight,0,ground,GSM5398365,|||balb/c|female|30 {week}||9 {week}||rnalater,GSM5398365,GLDS-401_rna_seq_STAR_Unnormalized_Counts_GLbulkRNAseq.csv,osdr_counts,unknown,unknown,
OSD-401:GSM5398364,OSD-401,OSD-401|Quadriceps femoris|344e21b7,skeletal muscle,Quadriceps femoris,mouse,actual_flight,0,ground,GSM5398364,|||balb/c|female|30 {week}||9 {week}||rnalater,GSM5398364,GLDS-401_rna_seq_STAR_Unnormalized_Counts_GLbulkRNAseq.csv,osdr_counts,unknown,unknown,
OSD-401:GSM5398369,OSD-401,OSD-401|Quadriceps femoris|344e21b7,skeletal muscle,Quadriceps femoris,mouse,actual_flight,1,flight,GSM5398369,|||balb/c|female|30 {week}||9 {week}||rnalater,GSM5398369,GLDS-401_rna_seq_STAR_Unnormalized_Counts_GLbulkRNAseq.csv,osdr_counts,unknown,unknown,
OSD-401:GSM5398367,OSD-401,OSD-401|Quadriceps femoris|344e21b7,skeletal muscle,Quadriceps femoris,mouse,actual_flight,1,flight,GSM5398367,|||balb/c|female|30 {week}||9 {week}||rnalater,GSM5398367,GLDS-401_rna_seq_STAR_Unnormalized_Counts_GLbulkRNAseq.csv,osdr_counts,unknown,unknown,
OSD-401:GSM5398368,OSD-401,OSD-401|Quadriceps femoris|344e21b7,skeletal muscle,Quadriceps femoris,mouse,actual_flight,1,flight,GSM5398368,|||balb/c|female|30 {week}||9 {week}||rnalater,GSM5398368,GLDS-401_rna_seq_STAR_Unnormalized_Counts_GLbulkRNAseq.csv,osdr_counts,unknown,unknown,
OSD-419:RR1_GST-R_GC_M33,OSD-419,OSD-419|Right gastrocnemius|2664dccf,skeletal muscle,Right gastrocnemius,mouse,actual_flight,0,ground,RR1_GST-R_GC_M33,|||c57bl/6j|female|16 {week}||37 {day}|mini cold bag to -80c freezer|rnalater,RR1_GST-R_GC_M33,GLDS-419_rna_seq_STAR_Unnormalized_Counts_GLbulkRNAseq.csv,osdr_counts,unknown,unknown,
OSD-419:RR1_GST-R_GC_M37,OSD-419,OSD-419|Right gastrocnemius|2664dccf,skeletal muscle,Right gastrocnemius,mouse,actual_flight,0,ground,RR1_GST-R_GC_M37,|||c57bl/6j|female|16 {week}||37 {day}|mini cold bag to -80c freezer|rnalater,RR1_GST-R_GC_M37,GLDS-419_rna_seq_STAR_Unnormalized_Counts_GLbulkRNAseq.csv,osdr_counts,unknown,unknown,
OSD-419:RR1_GST-R_GC_M34,OSD-419,OSD-419|Right gastrocnemius|2664dccf,skeletal muscle,Right gastrocnemius,mouse,actual_flight,0,ground,RR1_GST-R_GC_M34,|||c57bl/6j|female|16 {week}||37 {day}|mini cold bag to -80c freezer|rnalater,RR1_GST-R_GC_M34,GLDS-419_rna_seq_STAR_Unnormalized_Counts_GLbulkRNAseq.csv,osdr_counts,unknown,unknown,
OSD-419:RR1_GST-R_GC_M35,OSD-419,OSD-419|Right gastrocnemius|2664dccf,skeletal muscle,Right gastrocnemius,mouse,actual_flight,0,ground,RR1_GST-R_GC_M35,|||c57bl/6j|female|16 {week}||37 {day}|mini cold bag to -80c freezer|rnalater,RR1_GST-R_GC_M35,GLDS-419_rna_seq_STAR_Unnormalized_Counts_GLbulkRNAseq.csv,osdr_counts,unknown,unknown,
OSD-419:RR1_GST-R_GC_M36,OSD-419,OSD-419|Right gastrocnemius|2664dccf,skeletal muscle,Right gastrocnemius,mouse,actual_flight,0,ground,RR1_GST-R_GC_M36,|||c57bl/6j|female|16 {week}||37 {day}|mini cold bag to -80c freezer|rnalater,RR1_GST-R_GC_M36,GLDS-419_rna_seq_STAR_Unnormalized_Counts_GLbulkRNAseq.csv,osdr_counts,unknown,unknown,
OSD-419:RR1_GST-R_GC_M40,OSD-419,OSD-419|Right gastrocnemius|2664dccf,skeletal muscle,Right gastrocnemius,mouse,actual_flight,0,ground,RR1_GST-R_GC_M40,|||c57bl/6j|female|16 {week}||37 {day}|mini cold bag to -80c freezer|rnalater,RR1_GST-R_GC_M40,GLDS-419_rna_seq_STAR_Unnormalized_Counts_GLbulkRNAseq.csv,osdr_counts,unknown,unknown,
OSD-419:RR1_GST-R_FLT_M26,OSD-419,OSD-419|Right gastrocnemius|2664dccf,skeletal muscle,Right gastrocnemius,mouse,actual_flight,1,flight,RR1_GST-R_FLT_M26,|||c57bl/6j|female|16 {week}||37 {day}|mini cold bag to -80c freezer|rnalater,RR1_GST-R_FLT_M26,GLDS-419_rna_seq_STAR_Unnormalized_Counts_GLbulkRNAseq.csv,osdr_counts,unknown,unknown,
OSD-419:RR1_GST-R_FLT_M23,OSD-419,OSD-419|Right gastrocnemius|2664dccf,skeletal muscle,Right gastrocnemius,mouse,actual_flight,1,flight,RR1_GST-R_FLT_M23,|||c57bl/6j|female|16 {week}||37 {day}|mini cold bag to -80c freezer|rnalater,RR1_GST-R_FLT_M23,GLDS-419_rna_seq_STAR_Unnormalized_Counts_GLbulkRNAseq.csv,osdr_counts,unknown,unknown,
OSD-419:RR1_GST-R_FLT_M24,OSD-419,OSD-419|Right gastrocnemius|2664dccf,skeletal muscle,Right gastrocnemius,mouse,actual_flight,1,flight,RR1_GST-R_FLT_M24,|||c57bl/6j|female|16 {week}||37 {day}|mini cold bag to -80c freezer|rnalater,RR1_GST-R_FLT_M24,GLDS-419_rna_seq_STAR_Unnormalized_Counts_GLbulkRNAseq.csv,osdr_counts,unknown,unknown,
OSD-419:RR1_GST-R_FLT_M25,OSD-419,OSD-419|Right gastrocnemius|2664dccf,skeletal muscle,Right gastrocnemius,mouse,actual_flight,1,flight,RR1_GST-R_FLT_M25,|||c57bl/6j|female|16 {week}||37 {day}|mini cold bag to -80c freezer|rnalater,RR1_GST-R_FLT_M25,GLDS-419_rna_seq_STAR_Unnormalized_Counts_GLbulkRNAseq.csv,osdr_counts,unknown,unknown,
OSD-457:GSM4614077,OSD-457,OSD-457|Cerebrum|3ec2dbad,brain,Cerebrum,mouse,actual_flight,0,ground,GSM4614077,|||c57bl/6ncrl|male|12 {week}|nrf2ko|||liquid nitrogen,GSM4614077,GLDS-457_rna_seq_STAR_Unnormalized_Counts_GLbulkRNAseq.csv,osdr_counts,unknown,unknown,
OSD-457:GSM4614078,OSD-457,OSD-457|Cerebrum|3ec2dbad,brain,Cerebrum,mouse,actual_flight,0,ground,GSM4614078,|||c57bl/6ncrl|male|12 {week}|nrf2ko|||liquid nitrogen,GSM4614078,GLDS-457_rna_seq_STAR_Unnormalized_Counts_GLbulkRNAseq.csv,osdr_counts,unknown,unknown,
OSD-457:GSM4614085,OSD-457,OSD-457|Cerebrum|3ec2dbad,brain,Cerebrum,mouse,actual_flight,0,ground,GSM4614085,|||c57bl/6ncrl|male|12 {week}|nrf2ko|||liquid nitrogen,GSM4614085,GLDS-457_rna_seq_STAR_Unnormalized_Counts_GLbulkRNAseq.csv,osdr_counts,unknown,unknown,
OSD-457:GSM4614088,OSD-457,OSD-457|Cerebrum|3ec2dbad,brain,Cerebrum,mouse,actual_flight,0,ground,GSM4614088,|||c57bl/6ncrl|male|12 {week}|nrf2ko|||liquid nitrogen,GSM4614088,GLDS-457_rna_seq_STAR_Unnormalized_Counts_GLbulkRNAseq.csv,osdr_counts,unknown,unknown,
OSD-457:GSM4614087,OSD-457,OSD-457|Cerebrum|3ec2dbad,brain,Cerebrum,mouse,actual_flight,0,ground,GSM4614087,|||c57bl/6ncrl|male|12 {week}|nrf2ko|||liquid nitrogen,GSM4614087,GLDS-457_rna_seq_STAR_Unnormalized_Counts_GLbulkRNAseq.csv,osdr_counts,unknown,unknown,
OSD-457:GSM4614080,OSD-457,OSD-457|Cerebrum|3ec2dbad,brain,Cerebrum,mouse,actual_flight,0,ground,GSM4614080,|||c57bl/6ncrl|male|12 {week}|nrf2ko|||liquid nitrogen,GSM4614080,GLDS-457_rna_seq_STAR_Unnormalized_Counts_GLbulkRNAseq.csv,osdr_counts,unknown,unknown,
OSD-457:GSM4614100,OSD-457,OSD-457|Cerebrum|3ec2dbad,brain,Cerebrum,mouse,actual_flight,1,flight,GSM4614100,|||c57bl/6ncrl|male|12 {week}|nrf2ko|||liquid nitrogen,GSM4614100,GLDS-457_rna_seq_STAR_Unnormalized_Counts_GLbulkRNAseq.csv,osdr_counts,unknown,unknown,
OSD-457:GSM4614090,OSD-457,OSD-457|Cerebrum|3ec2dbad,brain,Cerebrum,mouse,actual_flight,1,flight,GSM4614090,|||c57bl/6ncrl|male|12 {week}|nrf2ko|||liquid nitrogen,GSM4614090,GLDS-457_rna_seq_STAR_Unnormalized_Counts_GLbulkRNAseq.csv,osdr_counts,unknown,unknown,
OSD-457:GSM4614092,OSD-457,OSD-457|Cerebrum|3ec2dbad,brain,Cerebrum,mouse,actual_flight,1,flight,GSM4614092,|||c57bl/6ncrl|male|12 {week}|nrf2ko|||liquid nitrogen,GSM4614092,GLDS-457_rna_seq_STAR_Unnormalized_Counts_GLbulkRNAseq.csv,osdr_counts,unknown,unknown,
OSD-457:GSM4614089,OSD-457,OSD-457|Cerebrum|3ec2dbad,brain,Cerebrum,mouse,actual_flight,1,flight,GSM4614089,|||c57bl/6ncrl|male|12 {week}|nrf2ko|||liquid nitrogen,GSM4614089,GLDS-457_rna_seq_STAR_Unnormalized_Counts_GLbulkRNAseq.csv,osdr_counts,unknown,unknown,
OSD-457:GSM4614099,OSD-457,OSD-457|Cerebrum|3ec2dbad,brain,Cerebrum,mouse,actual_flight,1,flight,GSM4614099,|||c57bl/6ncrl|male|12 {week}|nrf2ko|||liquid nitrogen,GSM4614099,GLDS-457_rna_seq_STAR_Unnormalized_Counts_GLbulkRNAseq.csv,osdr_counts,unknown,unknown,
OSD-457:GSM4614097,OSD-457,OSD-457|Cerebrum|3ec2dbad,brain,Cerebrum,mouse,actual_flight,1,flight,GSM4614097,|||c57bl/6ncrl|male|12 {week}|nrf2ko|||liquid nitrogen,GSM4614097,GLDS-457_rna_seq_STAR_Unnormalized_Counts_GLbulkRNAseq.csv,osdr_counts,unknown,unknown,
OSD-457:GSM4614084,OSD-457,OSD-457|Cerebrum|0f84cf73,brain,Cerebrum,mouse,actual_flight,0,ground,GSM4614084,|||c57bl/6ncrl|male|12 {week}|wild type|||liquid nitrogen,GSM4614084,GLDS-457_rna_seq_STAR_Unnormalized_Counts_GLbulkRNAseq.csv,osdr_counts,unknown,unknown,
OSD-457:GSM4614083,OSD-457,OSD-457|Cerebrum|0f84cf73,brain,Cerebrum,mouse,actual_flight,0,ground,GSM4614083,|||c57bl/6ncrl|male|12 {week}|wild type|||liquid nitrogen,GSM4614083,GLDS-457_rna_seq_STAR_Unnormalized_Counts_GLbulkRNAseq.csv,osdr_counts,unknown,unknown,
OSD-457:GSM4614081,OSD-457,OSD-457|Cerebrum|0f84cf73,brain,Cerebrum,mouse,actual_flight,0,ground,GSM4614081,|||c57bl/6ncrl|male|12 {week}|wild type|||liquid nitrogen,GSM4614081,GLDS-457_rna_seq_STAR_Unnormalized_Counts_GLbulkRNAseq.csv,osdr_counts,unknown,unknown,
OSD-457:GSM4614086,OSD-457,OSD-457|Cerebrum|0f84cf73,brain,Cerebrum,mouse,actual_flight,0,ground,GSM4614086,|||c57bl/6ncrl|male|12 {week}|wild type|||liquid nitrogen,GSM4614086,GLDS-457_rna_seq_STAR_Unnormalized_Counts_GLbulkRNAseq.csv,osdr_counts,unknown,unknown,
OSD-457:GSM4614079,OSD-457,OSD-457|Cerebrum|0f84cf73,brain,Cerebrum,mouse,actual_flight,0,ground,GSM4614079,|||c57bl/6ncrl|male|12 {week}|wild type|||liquid nitrogen,GSM4614079,GLDS-457_rna_seq_STAR_Unnormalized_Counts_GLbulkRNAseq.csv,osdr_counts,unknown,unknown,
OSD-457:GSM4614082,OSD-457,OSD-457|Cerebrum|0f84cf73,brain,Cerebrum,mouse,actual_flight,0,ground,GSM4614082,|||c57bl/6ncrl|male|12 {week}|wild type|||liquid nitrogen,GSM4614082,GLDS-457_rna_seq_STAR_Unnormalized_Counts_GLbulkRNAseq.csv,osdr_counts,unknown,unknown,
OSD-457:GSM4614093,OSD-457,OSD-457|Cerebrum|0f84cf73,brain,Cerebrum,mouse,actual_flight,1,flight,GSM4614093,|||c57bl/6ncrl|male|12 {week}|wild type|||liquid nitrogen,GSM4614093,GLDS-457_rna_seq_STAR_Unnormalized_Counts_GLbulkRNAseq.csv,osdr_counts,unknown,unknown,
OSD-457:GSM4614091,OSD-457,OSD-457|Cerebrum|0f84cf73,brain,Cerebrum,mouse,actual_flight,1,flight,GSM4614091,|||c57bl/6ncrl|male|12 {week}|wild type|||liquid nitrogen,GSM4614091,GLDS-457_rna_seq_STAR_Unnormalized_Counts_GLbulkRNAseq.csv,osdr_counts,unknown,unknown,
OSD-457:GSM4614095,OSD-457,OSD-457|Cerebrum|0f84cf73,brain,Cerebrum,mouse,actual_flight,1,flight,GSM4614095,|||c57bl/6ncrl|male|12 {week}|wild type|||liquid nitrogen,GSM4614095,GLDS-457_rna_seq_STAR_Unnormalized_Counts_GLbulkRNAseq.csv,osdr_counts,unknown,unknown,
OSD-457:GSM4614096,OSD-457,OSD-457|Cerebrum|0f84cf73,brain,Cerebrum,mouse,actual_flight,1,flight,GSM4614096,|||c57bl/6ncrl|male|12 {week}|wild type|||liquid nitrogen,GSM4614096,GLDS-457_rna_seq_STAR_Unnormalized_Counts_GLbulkRNAseq.csv,osdr_counts,unknown,unknown,
OSD-457:GSM4614098,OSD-457,OSD-457|Cerebrum|0f84cf73,brain,Cerebrum,mouse,actual_flight,1,flight,GSM4614098,|||c57bl/6ncrl|male|12 {week}|wild type|||liquid nitrogen,GSM4614098,GLDS-457_rna_seq_STAR_Unnormalized_Counts_GLbulkRNAseq.csv,osdr_counts,unknown,unknown,
OSD-457:GSM4614094,OSD-457,OSD-457|Cerebrum|0f84cf73,brain,Cerebrum,mouse,actual_flight,1,flight,GSM4614094,|||c57bl/6ncrl|male|12 {week}|wild type|||liquid nitrogen,GSM4614094,GLDS-457_rna_seq_STAR_Unnormalized_Counts_GLbulkRNAseq.csv,osdr_counts,unknown,unknown,
OSD-457:GSM4614065,OSD-457,OSD-457|Kidney|3ec2dbad,kidney,Kidney,mouse,actual_flight,0,ground,GSM4614065,|||c57bl/6ncrl|male|12 {week}|nrf2ko|||liquid nitrogen,GSM4614065,GLDS-457_rna_seq_STAR_Unnormalized_Counts_GLbulkRNAseq.csv,osdr_counts,unknown,unknown,
OSD-457:GSM4614069,OSD-457,OSD-457|Kidney|3ec2dbad,kidney,Kidney,mouse,actual_flight,0,ground,GSM4614069,|||c57bl/6ncrl|male|12 {week}|nrf2ko|||liquid nitrogen,GSM4614069,GLDS-457_rna_seq_STAR_Unnormalized_Counts_GLbulkRNAseq.csv,osdr_counts,unknown,unknown,
OSD-457:GSM4614070,OSD-457,OSD-457|Kidney|3ec2dbad,kidney,Kidney,mouse,actual_flight,0,ground,GSM4614070,|||c57bl/6ncrl|male|12 {week}|nrf2ko|||liquid nitrogen,GSM4614070,GLDS-457_rna_seq_STAR_Unnormalized_Counts_GLbulkRNAseq.csv,osdr_counts,unknown,unknown,
OSD-457:GSM4614072,OSD-457,OSD-457|Kidney|3ec2dbad,kidney,Kidney,mouse,actual_flight,1,flight,GSM4614072,|||c57bl/6ncrl|male|12 {week}|nrf2ko|||liquid nitrogen,GSM4614072,GLDS-457_rna_seq_STAR_Unnormalized_Counts_GLbulkRNAseq.csv,osdr_counts,unknown,unknown,
OSD-457:GSM4614071,OSD-457,OSD-457|Kidney|3ec2dbad,kidney,Kidney,mouse,actual_flight,1,flight,GSM4614071,|||c57bl/6ncrl|male|12 {week}|nrf2ko|||liquid nitrogen,GSM4614071,GLDS-457_rna_seq_STAR_Unnormalized_Counts_GLbulkRNAseq.csv,osdr_counts,unknown,unknown,
OSD-457:GSM4614076,OSD-457,OSD-457|Kidney|3ec2dbad,kidney,Kidney,mouse,actual_flight,1,flight,GSM4614076,|||c57bl/6ncrl|male|12 {week}|nrf2ko|||liquid nitrogen,GSM4614076,GLDS-457_rna_seq_STAR_Unnormalized_Counts_GLbulkRNAseq.csv,osdr_counts,unknown,unknown,
OSD-457:GSM4614066,OSD-457,OSD-457|Kidney|0f84cf73,kidney,Kidney,mouse,actual_flight,0,ground,GSM4614066,|||c57bl/6ncrl|male|12 {week}|wild type|||liquid nitrogen,GSM4614066,GLDS-457_rna_seq_STAR_Unnormalized_Counts_GLbulkRNAseq.csv,osdr_counts,unknown,unknown,
OSD-457:GSM4614068,OSD-457,OSD-457|Kidney|0f84cf73,kidney,Kidney,mouse,actual_flight,0,ground,GSM4614068,|||c57bl/6ncrl|male|12 {week}|wild type|||liquid nitrogen,GSM4614068,GLDS-457_rna_seq_STAR_Unnormalized_Counts_GLbulkRNAseq.csv,osdr_counts,unknown,unknown,
OSD-457:GSM4614067,OSD-457,OSD-457|Kidney|0f84cf73,kidney,Kidney,mouse,actual_flight,0,ground,GSM4614067,|||c57bl/6ncrl|male|12 {week}|wild type|||liquid nitrogen,GSM4614067,GLDS-457_rna_seq_STAR_Unnormalized_Counts_GLbulkRNAseq.csv,osdr_counts,unknown,unknown,
OSD-457:GSM4614074,OSD-457,OSD-457|Kidney|0f84cf73,kidney,Kidney,mouse,actual_flight,1,flight,GSM4614074,|||c57bl/6ncrl|male|12 {week}|wild type|||liquid nitrogen,GSM4614074,GLDS-457_rna_seq_STAR_Unnormalized_Counts_GLbulkRNAseq.csv,osdr_counts,unknown,unknown,
OSD-457:GSM4614073,OSD-457,OSD-457|Kidney|0f84cf73,kidney,Kidney,mouse,actual_flight,1,flight,GSM4614073,|||c57bl/6ncrl|male|12 {week}|wild type|||liquid nitrogen,GSM4614073,GLDS-457_rna_seq_STAR_Unnormalized_Counts_GLbulkRNAseq.csv,osdr_counts,unknown,unknown,
OSD-457:GSM4614075,OSD-457,OSD-457|Kidney|0f84cf73,kidney,Kidney,mouse,actual_flight,1,flight,GSM4614075,|||c57bl/6ncrl|male|12 {week}|wild type|||liquid nitrogen,GSM4614075,GLDS-457_rna_seq_STAR_Unnormalized_Counts_GLbulkRNAseq.csv,osdr_counts,unknown,unknown,
OSD-457:GSM4613970,OSD-457,OSD-457|Liver|3ec2dbad,liver,Liver,mouse,actual_flight,0,ground,GSM4613970,|||c57bl/6ncrl|male|12 {week}|nrf2ko|||liquid nitrogen,GSM4613970,GLDS-457_rna_seq_STAR_Unnormalized_Counts_GLbulkRNAseq.csv,osdr_counts,unknown,unknown,
OSD-457:GSM4613980,OSD-457,OSD-457|Liver|3ec2dbad,liver,Liver,mouse,actual_flight,0,ground,GSM4613980,|||c57bl/6ncrl|male|12 {week}|nrf2ko|||liquid nitrogen,GSM4613980,GLDS-457_rna_seq_STAR_Unnormalized_Counts_GLbulkRNAseq.csv,osdr_counts,unknown,unknown,
OSD-457:GSM4613969,OSD-457,OSD-457|Liver|3ec2dbad,liver,Liver,mouse,actual_flight,0,ground,GSM4613969,|||c57bl/6ncrl|male|12 {week}|nrf2ko|||liquid nitrogen,GSM4613969,GLDS-457_rna_seq_STAR_Unnormalized_Counts_GLbulkRNAseq.csv,osdr_counts,unknown,unknown,
OSD-457:GSM4613979,OSD-457,OSD-457|Liver|3ec2dbad,liver,Liver,mouse,actual_flight,0,ground,GSM4613979,|||c57bl/6ncrl|male|12 {week}|nrf2ko|||liquid nitrogen,GSM4613979,GLDS-457_rna_seq_STAR_Unnormalized_Counts_GLbulkRNAseq.csv,osdr_counts,unknown,unknown,
OSD-457:GSM4613972,OSD-457,OSD-457|Liver|3ec2dbad,liver,Liver,mouse,actual_flight,0,ground,GSM4613972,|||c57bl/6ncrl|male|12 {week}|nrf2ko|||liquid nitrogen,GSM4613972,GLDS-457_rna_seq_STAR_Unnormalized_Counts_GLbulkRNAseq.csv,osdr_counts,unknown,unknown,
OSD-457:GSM4613977,OSD-457,OSD-457|Liver|3ec2dbad,liver,Liver,mouse,actual_flight,0,ground,GSM4613977,|||c57bl/6ncrl|male|12 {week}|nrf2ko|||liquid nitrogen,GSM4613977,GLDS-457_rna_seq_STAR_Unnormalized_Counts_GLbulkRNAseq.csv,osdr_counts,unknown,unknown,
OSD-457:GSM4613968,OSD-457,OSD-457|Liver|3ec2dbad,liver,Liver,mouse,actual_flight,1,flight,GSM4613968,|||c57bl/6ncrl|male|12 {week}|nrf2ko|||liquid nitrogen,GSM4613968,GLDS-457_rna_seq_STAR_Unnormalized_Counts_GLbulkRNAseq.csv,osdr_counts,unknown,unknown,
OSD-457:GSM4613957,OSD-457,OSD-457|Liver|3ec2dbad,liver,Liver,mouse,actual_flight,1,flight,GSM4613957,|||c57bl/6ncrl|male|12 {week}|nrf2ko|||liquid nitrogen,GSM4613957,GLDS-457_rna_seq_STAR_Unnormalized_Counts_GLbulkRNAseq.csv,osdr_counts,unknown,unknown,
OSD-457:GSM4613965,OSD-457,OSD-457|Liver|3ec2dbad,liver,Liver,mouse,actual_flight,1,flight,GSM4613965,|||c57bl/6ncrl|male|12 {week}|nrf2ko|||liquid nitrogen,GSM4613965,GLDS-457_rna_seq_STAR_Unnormalized_Counts_GLbulkRNAseq.csv,osdr_counts,unknown,unknown,
OSD-457:GSM4613960,OSD-457,OSD-457|Liver|3ec2dbad,liver,Liver,mouse,actual_flight,1,flight,GSM4613960,|||c57bl/6ncrl|male|12 {week}|nrf2ko|||liquid nitrogen,GSM4613960,GLDS-457_rna_seq_STAR_Unnormalized_Counts_GLbulkRNAseq.csv,osdr_counts,unknown,unknown,
OSD-457:GSM4613967,OSD-457,OSD-457|Liver|3ec2dbad,liver,Liver,mouse,actual_flight,1,flight,GSM4613967,|||c57bl/6ncrl|male|12 {week}|nrf2ko|||liquid nitrogen,GSM4613967,GLDS-457_rna_seq_STAR_Unnormalized_Counts_GLbulkRNAseq.csv,osdr_counts,unknown,unknown,
OSD-457:GSM4613958,OSD-457,OSD-457|Liver|3ec2dbad,liver,Liver,mouse,actual_flight,1,flight,GSM4613958,|||c57bl/6ncrl|male|12 {week}|nrf2ko|||liquid nitrogen,GSM4613958,GLDS-457_rna_seq_STAR_Unnormalized_Counts_GLbulkRNAseq.csv,osdr_counts,unknown,unknown,
OSD-457:GSM4613976,OSD-457,OSD-457|Liver|0f84cf73,liver,Liver,mouse,actual_flight,0,ground,GSM4613976,|||c57bl/6ncrl|male|12 {week}|wild type|||liquid nitrogen,GSM4613976,GLDS-457_rna_seq_STAR_Unnormalized_Counts_GLbulkRNAseq.csv,osdr_counts,unknown,unknown,
OSD-457:GSM4613973,OSD-457,OSD-457|Liver|0f84cf73,liver,Liver,mouse,actual_flight,0,ground,GSM4613973,|||c57bl/6ncrl|male|12 {week}|wild type|||liquid nitrogen,GSM4613973,GLDS-457_rna_seq_STAR_Unnormalized_Counts_GLbulkRNAseq.csv,osdr_counts,unknown,unknown,
OSD-457:GSM4613978,OSD-457,OSD-457|Liver|0f84cf73,liver,Liver,mouse,actual_flight,0,ground,GSM4613978,|||c57bl/6ncrl|male|12 {week}|wild type|||liquid nitrogen,GSM4613978,GLDS-457_rna_seq_STAR_Unnormalized_Counts_GLbulkRNAseq.csv,osdr_counts,unknown,unknown,
OSD-457:GSM4613974,OSD-457,OSD-457|Liver|0f84cf73,liver,Liver,mouse,actual_flight,0,ground,GSM4613974,|||c57bl/6ncrl|male|12 {week}|wild type|||liquid nitrogen,GSM4613974,GLDS-457_rna_seq_STAR_Unnormalized_Counts_GLbulkRNAseq.csv,osdr_counts,unknown,unknown,
OSD-457:GSM4613975,OSD-457,OSD-457|Liver|0f84cf73,liver,Liver,mouse,actual_flight,0,ground,GSM4613975,|||c57bl/6ncrl|male|12 {week}|wild type|||liquid nitrogen,GSM4613975,GLDS-457_rna_seq_STAR_Unnormalized_Counts_GLbulkRNAseq.csv,osdr_counts,unknown,unknown,
OSD-457:GSM4613971,OSD-457,OSD-457|Liver|0f84cf73,liver,Liver,mouse,actual_flight,0,ground,GSM4613971,|||c57bl/6ncrl|male|12 {week}|wild type|||liquid nitrogen,GSM4613971,GLDS-457_rna_seq_STAR_Unnormalized_Counts_GLbulkRNAseq.csv,osdr_counts,unknown,unknown,
OSD-457:GSM4613964,OSD-457,OSD-457|Liver|0f84cf73,liver,Liver,mouse,actual_flight,1,flight,GSM4613964,|||c57bl/6ncrl|male|12 {week}|wild type|||liquid nitrogen,GSM4613964,GLDS-457_rna_seq_STAR_Unnormalized_Counts_GLbulkRNAseq.csv,osdr_counts,unknown,unknown,
OSD-457:GSM4613963,OSD-457,OSD-457|Liver|0f84cf73,liver,Liver,mouse,actual_flight,1,flight,GSM4613963,|||c57bl/6ncrl|male|12 {week}|wild type|||liquid nitrogen,GSM4613963,GLDS-457_rna_seq_STAR_Unnormalized_Counts_GLbulkRNAseq.csv,osdr_counts,unknown,unknown,
OSD-457:GSM4613961,OSD-457,OSD-457|Liver|0f84cf73,liver,Liver,mouse,actual_flight,1,flight,GSM4613961,|||c57bl/6ncrl|male|12 {week}|wild type|||liquid nitrogen,GSM4613961,GLDS-457_rna_seq_STAR_Unnormalized_Counts_GLbulkRNAseq.csv,osdr_counts,unknown,unknown,
OSD-457:GSM4613966,OSD-457,OSD-457|Liver|0f84cf73,liver,Liver,mouse,actual_flight,1,flight,GSM4613966,|||c57bl/6ncrl|male|12 {week}|wild type|||liquid nitrogen,GSM4613966,GLDS-457_rna_seq_STAR_Unnormalized_Counts_GLbulkRNAseq.csv,osdr_counts,unknown,unknown,
OSD-457:GSM4613959,OSD-457,OSD-457|Liver|0f84cf73,liver,Liver,mouse,actual_flight,1,flight,GSM4613959,|||c57bl/6ncrl|male|12 {week}|wild type|||liquid nitrogen,GSM4613959,GLDS-457_rna_seq_STAR_Unnormalized_Counts_GLbulkRNAseq.csv,osdr_counts,unknown,unknown,
OSD-457:GSM4613962,OSD-457,OSD-457|Liver|0f84cf73,liver,Liver,mouse,actual_flight,1,flight,GSM4613962,|||c57bl/6ncrl|male|12 {week}|wild type|||liquid nitrogen,GSM4613962,GLDS-457_rna_seq_STAR_Unnormalized_Counts_GLbulkRNAseq.csv,osdr_counts,unknown,unknown,
OSD-457:GSM4613932,OSD-457,OSD-457|Mandible|3ec2dbad,bone,Mandible,mouse,actual_flight,0,ground,GSM4613932,|||c57bl/6ncrl|male|12 {week}|nrf2ko|||liquid nitrogen,GSM4613932,GLDS-457_rna_seq_STAR_Unnormalized_Counts_GLbulkRNAseq.csv,osdr_counts,unknown,unknown,
OSD-457:GSM4613930,OSD-457,OSD-457|Mandible|3ec2dbad,bone,Mandible,mouse,actual_flight,0,ground,GSM4613930,|||c57bl/6ncrl|male|12 {week}|nrf2ko|||liquid nitrogen,GSM4613930,GLDS-457_rna_seq_STAR_Unnormalized_Counts_GLbulkRNAseq.csv,osdr_counts,unknown,unknown,
OSD-457:GSM4613931,OSD-457,OSD-457|Mandible|3ec2dbad,bone,Mandible,mouse,actual_flight,0,ground,GSM4613931,|||c57bl/6ncrl|male|12 {week}|nrf2ko|||liquid nitrogen,GSM4613931,GLDS-457_rna_seq_STAR_Unnormalized_Counts_GLbulkRNAseq.csv,osdr_counts,unknown,unknown,
OSD-457:GSM4613924,OSD-457,OSD-457|Mandible|3ec2dbad,bone,Mandible,mouse,actual_flight,1,flight,GSM4613924,|||c57bl/6ncrl|male|12 {week}|nrf2ko|||liquid nitrogen,GSM4613924,GLDS-457_rna_seq_STAR_Unnormalized_Counts_GLbulkRNAseq.csv,osdr_counts,unknown,unknown,
OSD-457:GSM4613925,OSD-457,OSD-457|Mandible|3ec2dbad,bone,Mandible,mouse,actual_flight,1,flight,GSM4613925,|||c57bl/6ncrl|male|12 {week}|nrf2ko|||liquid nitrogen,GSM4613925,GLDS-457_rna_seq_STAR_Unnormalized_Counts_GLbulkRNAseq.csv,osdr_counts,unknown,unknown,
OSD-457:GSM4613926,OSD-457,OSD-457|Mandible|3ec2dbad,bone,Mandible,mouse,actual_flight,1,flight,GSM4613926,|||c57bl/6ncrl|male|12 {week}|nrf2ko|||liquid nitrogen,GSM4613926,GLDS-457_rna_seq_STAR_Unnormalized_Counts_GLbulkRNAseq.csv,osdr_counts,unknown,unknown,
OSD-457:GSM4613929,OSD-457,OSD-457|Mandible|0f84cf73,bone,Mandible,mouse,actual_flight,0,ground,GSM4613929,|||c57bl/6ncrl|male|12 {week}|wild type|||liquid nitrogen,GSM4613929,GLDS-457_rna_seq_STAR_Unnormalized_Counts_GLbulkRNAseq.csv,osdr_counts,unknown,unknown,
OSD-457:GSM4613928,OSD-457,OSD-457|Mandible|0f84cf73,bone,Mandible,mouse,actual_flight,0,ground,GSM4613928,|||c57bl/6ncrl|male|12 {week}|wild type|||liquid nitrogen,GSM4613928,GLDS-457_rna_seq_STAR_Unnormalized_Counts_GLbulkRNAseq.csv,osdr_counts,unknown,unknown,
OSD-457:GSM4613927,OSD-457,OSD-457|Mandible|0f84cf73,bone,Mandible,mouse,actual_flight,0,ground,GSM4613927,|||c57bl/6ncrl|male|12 {week}|wild type|||liquid nitrogen,GSM4613927,GLDS-457_rna_seq_STAR_Unnormalized_Counts_GLbulkRNAseq.csv,osdr_counts,unknown,unknown,
OSD-457:GSM4613921,OSD-457,OSD-457|Mandible|0f84cf73,bone,Mandible,mouse,actual_flight,1,flight,GSM4613921,|||c57bl/6ncrl|male|12 {week}|wild type|||liquid nitrogen,GSM4613921,GLDS-457_rna_seq_STAR_Unnormalized_Counts_GLbulkRNAseq.csv,osdr_counts,unknown,unknown,
OSD-457:GSM4613922,OSD-457,OSD-457|Mandible|0f84cf73,bone,Mandible,mouse,actual_flight,1,flight,GSM4613922,|||c57bl/6ncrl|male|12 {week}|wild type|||liquid nitrogen,GSM4613922,GLDS-457_rna_seq_STAR_Unnormalized_Counts_GLbulkRNAseq.csv,osdr_counts,unknown,unknown,
OSD-457:GSM4613923,OSD-457,OSD-457|Mandible|0f84cf73,bone,Mandible,mouse,actual_flight,1,flight,GSM4613923,|||c57bl/6ncrl|male|12 {week}|wild type|||liquid nitrogen,GSM4613923,GLDS-457_rna_seq_STAR_Unnormalized_Counts_GLbulkRNAseq.csv,osdr_counts,unknown,unknown,
OSD-457:GSM4613956,OSD-457,OSD-457|Spleen|3ec2dbad,spleen,Spleen,mouse,actual_flight,0,ground,GSM4613956,|||c57bl/6ncrl|male|12 {week}|nrf2ko|||liquid nitrogen,GSM4613956,GLDS-457_rna_seq_STAR_Unnormalized_Counts_GLbulkRNAseq.csv,osdr_counts,unknown,unknown,
OSD-457:GSM4613955,OSD-457,OSD-457|Spleen|3ec2dbad,spleen,Spleen,mouse,actual_flight,0,ground,GSM4613955,|||c57bl/6ncrl|male|12 {week}|nrf2ko|||liquid nitrogen,GSM4613955,GLDS-457_rna_seq_STAR_Unnormalized_Counts_GLbulkRNAseq.csv,osdr_counts,unknown,unknown,
OSD-457:GSM4613948,OSD-457,OSD-457|Spleen|3ec2dbad,spleen,Spleen,mouse,actual_flight,0,ground,GSM4613948,|||c57bl/6ncrl|male|12 {week}|nrf2ko|||liquid nitrogen,GSM4613948,GLDS-457_rna_seq_STAR_Unnormalized_Counts_GLbulkRNAseq.csv,osdr_counts,unknown,unknown,
OSD-457:GSM4613946,OSD-457,OSD-457|Spleen|3ec2dbad,spleen,Spleen,mouse,actual_flight,0,ground,GSM4613946,|||c57bl/6ncrl|male|12 {week}|nrf2ko|||liquid nitrogen,GSM4613946,GLDS-457_rna_seq_STAR_Unnormalized_Counts_GLbulkRNAseq.csv,osdr_counts,unknown,unknown,
OSD-457:GSM4613945,OSD-457,OSD-457|Spleen|3ec2dbad,spleen,Spleen,mouse,actual_flight,0,ground,GSM4613945,|||c57bl/6ncrl|male|12 {week}|nrf2ko|||liquid nitrogen,GSM4613945,GLDS-457_rna_seq_STAR_Unnormalized_Counts_GLbulkRNAseq.csv,osdr_counts,unknown,unknown,
OSD-457:GSM4613953,OSD-457,OSD-457|Spleen|3ec2dbad,spleen,Spleen,mouse,actual_flight,0,ground,GSM4613953,|||c57bl/6ncrl|male|12 {week}|nrf2ko|||liquid nitrogen,GSM4613953,GLDS-457_rna_seq_STAR_Unnormalized_Counts_GLbulkRNAseq.csv,osdr_counts,unknown,unknown,
OSD-457:GSM4613941,OSD-457,OSD-457|Spleen|3ec2dbad,spleen,Spleen,mouse,actual_flight,1,flight,GSM4613941,|||c57bl/6ncrl|male|12 {week}|nrf2ko|||liquid nitrogen,GSM4613941,GLDS-457_rna_seq_STAR_Unnormalized_Counts_GLbulkRNAseq.csv,osdr_counts,unknown,unknown,
OSD-457:GSM4613944,OSD-457,OSD-457|Spleen|3ec2dbad,spleen,Spleen,mouse,actual_flight,1,flight,GSM4613944,|||c57bl/6ncrl|male|12 {week}|nrf2ko|||liquid nitrogen,GSM4613944,GLDS-457_rna_seq_STAR_Unnormalized_Counts_GLbulkRNAseq.csv,osdr_counts,unknown,unknown,
OSD-457:GSM4613934,OSD-457,OSD-457|Spleen|3ec2dbad,spleen,Spleen,mouse,actual_flight,1,flight,GSM4613934,|||c57bl/6ncrl|male|12 {week}|nrf2ko|||liquid nitrogen,GSM4613934,GLDS-457_rna_seq_STAR_Unnormalized_Counts_GLbulkRNAseq.csv,osdr_counts,unknown,unknown,
OSD-457:GSM4613943,OSD-457,OSD-457|Spleen|3ec2dbad,spleen,Spleen,mouse,actual_flight,1,flight,GSM4613943,|||c57bl/6ncrl|male|12 {week}|nrf2ko|||liquid nitrogen,GSM4613943,GLDS-457_rna_seq_STAR_Unnormalized_Counts_GLbulkRNAseq.csv,osdr_counts,unknown,unknown,
OSD-457:GSM4613936,OSD-457,OSD-457|Spleen|3ec2dbad,spleen,Spleen,mouse,actual_flight,1,flight,GSM4613936,|||c57bl/6ncrl|male|12 {week}|nrf2ko|||liquid nitrogen,GSM4613936,GLDS-457_rna_seq_STAR_Unnormalized_Counts_GLbulkRNAseq.csv,osdr_counts,unknown,unknown,
OSD-457:GSM4613933,OSD-457,OSD-457|Spleen|3ec2dbad,spleen,Spleen,mouse,actual_flight,1,flight,GSM4613933,|||c57bl/6ncrl|male|12 {week}|nrf2ko|||liquid nitrogen,GSM4613933,GLDS-457_rna_seq_STAR_Unnormalized_Counts_GLbulkRNAseq.csv,osdr_counts,unknown,unknown,
OSD-457:GSM4613949,OSD-457,OSD-457|Spleen|0f84cf73,spleen,Spleen,mouse,actual_flight,0,ground,GSM4613949,|||c57bl/6ncrl|male|12 {week}|wild type|||liquid nitrogen,GSM4613949,GLDS-457_rna_seq_STAR_Unnormalized_Counts_GLbulkRNAseq.csv,osdr_counts,unknown,unknown,
OSD-457:GSM4613954,OSD-457,OSD-457|Spleen|0f84cf73,spleen,Spleen,mouse,actual_flight,0,ground,GSM4613954,|||c57bl/6ncrl|male|12 {week}|wild type|||liquid nitrogen,GSM4613954,GLDS-457_rna_seq_STAR_Unnormalized_Counts_GLbulkRNAseq.csv,osdr_counts,unknown,unknown,
OSD-457:GSM4613947,OSD-457,OSD-457|Spleen|0f84cf73,spleen,Spleen,mouse,actual_flight,0,ground,GSM4613947,|||c57bl/6ncrl|male|12 {week}|wild type|||liquid nitrogen,GSM4613947,GLDS-457_rna_seq_STAR_Unnormalized_Counts_GLbulkRNAseq.csv,osdr_counts,unknown,unknown,
OSD-457:GSM4613952,OSD-457,OSD-457|Spleen|0f84cf73,spleen,Spleen,mouse,actual_flight,0,ground,GSM4613952,|||c57bl/6ncrl|male|12 {week}|wild type|||liquid nitrogen,GSM4613952,GLDS-457_rna_seq_STAR_Unnormalized_Counts_GLbulkRNAseq.csv,osdr_counts,unknown,unknown,
OSD-457:GSM4613950,OSD-457,OSD-457|Spleen|0f84cf73,spleen,Spleen,mouse,actual_flight,0,ground,GSM4613950,|||c57bl/6ncrl|male|12 {week}|wild type|||liquid nitrogen,GSM4613950,GLDS-457_rna_seq_STAR_Unnormalized_Counts_GLbulkRNAseq.csv,osdr_counts,unknown,unknown,
OSD-457:GSM4613951,OSD-457,OSD-457|Spleen|0f84cf73,spleen,Spleen,mouse,actual_flight,0,ground,GSM4613951,|||c57bl/6ncrl|male|12 {week}|wild type|||liquid nitrogen,GSM4613951,GLDS-457_rna_seq_STAR_Unnormalized_Counts_GLbulkRNAseq.csv,osdr_counts,unknown,unknown,
OSD-457:GSM4613939,OSD-457,OSD-457|Spleen|0f84cf73,spleen,Spleen,mouse,actual_flight,1,flight,GSM4613939,|||c57bl/6ncrl|male|12 {week}|wild type|||liquid nitrogen,GSM4613939,GLDS-457_rna_seq_STAR_Unnormalized_Counts_GLbulkRNAseq.csv,osdr_counts,unknown,unknown,
OSD-457:GSM4613937,OSD-457,OSD-457|Spleen|0f84cf73,spleen,Spleen,mouse,actual_flight,1,flight,GSM4613937,|||c57bl/6ncrl|male|12 {week}|wild type|||liquid nitrogen,GSM4613937,GLDS-457_rna_seq_STAR_Unnormalized_Counts_GLbulkRNAseq.csv,osdr_counts,unknown,unknown,
OSD-457:GSM4613935,OSD-457,OSD-457|Spleen|0f84cf73,spleen,Spleen,mouse,actual_flight,1,flight,GSM4613935,|||c57bl/6ncrl|male|12 {week}|wild type|||liquid nitrogen,GSM4613935,GLDS-457_rna_seq_STAR_Unnormalized_Counts_GLbulkRNAseq.csv,osdr_counts,unknown,unknown,
OSD-457:GSM4613938,OSD-457,OSD-457|Spleen|0f84cf73,spleen,Spleen,mouse,actual_flight,1,flight,GSM4613938,|||c57bl/6ncrl|male|12 {week}|wild type|||liquid nitrogen,GSM4613938,GLDS-457_rna_seq_STAR_Unnormalized_Counts_GLbulkRNAseq.csv,osdr_counts,unknown,unknown,
OSD-457:GSM4613942,OSD-457,OSD-457|Spleen|0f84cf73,spleen,Spleen,mouse,actual_flight,1,flight,GSM4613942,|||c57bl/6ncrl|male|12 {week}|wild type|||liquid nitrogen,GSM4613942,GLDS-457_rna_seq_STAR_Unnormalized_Counts_GLbulkRNAseq.csv,osdr_counts,unknown,unknown,
OSD-457:GSM4613940,OSD-457,OSD-457|Spleen|0f84cf73,spleen,Spleen,mouse,actual_flight,1,flight,GSM4613940,|||c57bl/6ncrl|male|12 {week}|wild type|||liquid nitrogen,GSM4613940,GLDS-457_rna_seq_STAR_Unnormalized_Counts_GLbulkRNAseq.csv,osdr_counts,unknown,unknown,
OSD-457:GSM4614055,OSD-457,OSD-457|Temporal Bone|3ec2dbad,bone,Temporal Bone,mouse,actual_flight,0,ground,GSM4614055,|||c57bl/6ncrl|male|12 {week}|nrf2ko|||liquid nitrogen,GSM4614055,GLDS-457_rna_seq_STAR_Unnormalized_Counts_GLbulkRNAseq.csv,osdr_counts,unknown,unknown,
OSD-457:GSM4613916,OSD-457,OSD-457|Temporal Bone|3ec2dbad,bone,Temporal Bone,mouse,actual_flight,0,ground,GSM4613916,|||c57bl/6ncrl|male|12 {week}|nrf2ko|||liquid nitrogen,GSM4613916,GLDS-457_rna_seq_STAR_Unnormalized_Counts_GLbulkRNAseq.csv,osdr_counts,unknown,unknown,
OSD-457:GSM4614058,OSD-457,OSD-457|Temporal Bone|3ec2dbad,bone,Temporal Bone,mouse,actual_flight,0,ground,GSM4614058,|||c57bl/6ncrl|male|12 {week}|nrf2ko|||liquid nitrogen,GSM4614058,GLDS-457_rna_seq_STAR_Unnormalized_Counts_GLbulkRNAseq.csv,osdr_counts,unknown,unknown,
OSD-457:GSM4614057,OSD-457,OSD-457|Temporal Bone|3ec2dbad,bone,Temporal Bone,mouse,actual_flight,0,ground,GSM4614057,|||c57bl/6ncrl|male|12 {week}|nrf2ko|||liquid nitrogen,GSM4614057,GLDS-457_rna_seq_STAR_Unnormalized_Counts_GLbulkRNAseq.csv,osdr_counts,unknown,unknown,
OSD-457:GSM4613912,OSD-457,OSD-457|Temporal Bone|3ec2dbad,bone,Temporal Bone,mouse,actual_flight,0,ground,GSM4613912,|||c57bl/6ncrl|male|12 {week}|nrf2ko|||liquid nitrogen,GSM4613912,GLDS-457_rna_seq_STAR_Unnormalized_Counts_GLbulkRNAseq.csv,osdr_counts,unknown,unknown,
OSD-457:GSM4613910,OSD-457,OSD-457|Temporal Bone|3ec2dbad,bone,Temporal Bone,mouse,actual_flight,0,ground,GSM4613910,|||c57bl/6ncrl|male|12 {week}|nrf2ko|||liquid nitrogen,GSM4613910,GLDS-457_rna_seq_STAR_Unnormalized_Counts_GLbulkRNAseq.csv,osdr_counts,unknown,unknown,
OSD-457:GSM4614061,OSD-457,OSD-457|Temporal Bone|3ec2dbad,bone,Temporal Bone,mouse,actual_flight,1,flight,GSM4614061,|||c57bl/6ncrl|male|12 {week}|nrf2ko|||liquid nitrogen,GSM4614061,GLDS-457_rna_seq_STAR_Unnormalized_Counts_GLbulkRNAseq.csv,osdr_counts,unknown,unknown,
OSD-457:GSM4613911,OSD-457,OSD-457|Temporal Bone|3ec2dbad,bone,Temporal Bone,mouse,actual_flight,1,flight,GSM4613911,|||c57bl/6ncrl|male|12 {week}|nrf2ko|||liquid nitrogen,GSM4613911,GLDS-457_rna_seq_STAR_Unnormalized_Counts_GLbulkRNAseq.csv,osdr_counts,unknown,unknown,
OSD-457:GSM4613915,OSD-457,OSD-457|Temporal Bone|3ec2dbad,bone,Temporal Bone,mouse,actual_flight,1,flight,GSM4613915,|||c57bl/6ncrl|male|12 {week}|nrf2ko|||liquid nitrogen,GSM4613915,GLDS-457_rna_seq_STAR_Unnormalized_Counts_GLbulkRNAseq.csv,osdr_counts,unknown,unknown,
OSD-457:GSM4614064,OSD-457,OSD-457|Temporal Bone|3ec2dbad,bone,Temporal Bone,mouse,actual_flight,1,flight,GSM4614064,|||c57bl/6ncrl|male|12 {week}|nrf2ko|||liquid nitrogen,GSM4614064,GLDS-457_rna_seq_STAR_Unnormalized_Counts_GLbulkRNAseq.csv,osdr_counts,unknown,unknown,
OSD-457:GSM4614063,OSD-457,OSD-457|Temporal Bone|3ec2dbad,bone,Temporal Bone,mouse,actual_flight,1,flight,GSM4614063,|||c57bl/6ncrl|male|12 {week}|nrf2ko|||liquid nitrogen,GSM4614063,GLDS-457_rna_seq_STAR_Unnormalized_Counts_GLbulkRNAseq.csv,osdr_counts,unknown,unknown,
OSD-457:GSM4613909,OSD-457,OSD-457|Temporal Bone|3ec2dbad,bone,Temporal Bone,mouse,actual_flight,1,flight,GSM4613909,|||c57bl/6ncrl|male|12 {week}|nrf2ko|||liquid nitrogen,GSM4613909,GLDS-457_rna_seq_STAR_Unnormalized_Counts_GLbulkRNAseq.csv,osdr_counts,unknown,unknown,
OSD-457:GSM4614056,OSD-457,OSD-457|Temporal Bone|0f84cf73,bone,Temporal Bone,mouse,actual_flight,0,ground,GSM4614056,|||c57bl/6ncrl|male|12 {week}|wild type|||liquid nitrogen,GSM4614056,GLDS-457_rna_seq_STAR_Unnormalized_Counts_GLbulkRNAseq.csv,osdr_counts,unknown,unknown,
OSD-457:GSM4613918,OSD-457,OSD-457|Temporal Bone|0f84cf73,bone,Temporal Bone,mouse,actual_flight,0,ground,GSM4613918,|||c57bl/6ncrl|male|12 {week}|wild type|||liquid nitrogen,GSM4613918,GLDS-457_rna_seq_STAR_Unnormalized_Counts_GLbulkRNAseq.csv,osdr_counts,unknown,unknown,
OSD-457:GSM4613920,OSD-457,OSD-457|Temporal Bone|0f84cf73,bone,Temporal Bone,mouse,actual_flight,0,ground,GSM4613920,|||c57bl/6ncrl|male|12 {week}|wild type|||liquid nitrogen,GSM4613920,GLDS-457_rna_seq_STAR_Unnormalized_Counts_GLbulkRNAseq.csv,osdr_counts,unknown,unknown,
OSD-457:GSM4613914,OSD-457,OSD-457|Temporal Bone|0f84cf73,bone,Temporal Bone,mouse,actual_flight,0,ground,GSM4613914,|||c57bl/6ncrl|male|12 {week}|wild type|||liquid nitrogen,GSM4613914,GLDS-457_rna_seq_STAR_Unnormalized_Counts_GLbulkRNAseq.csv,osdr_counts,unknown,unknown,
OSD-457:GSM4614054,OSD-457,OSD-457|Temporal Bone|0f84cf73,bone,Temporal Bone,mouse,actual_flight,0,ground,GSM4614054,|||c57bl/6ncrl|male|12 {week}|wild type|||liquid nitrogen,GSM4614054,GLDS-457_rna_seq_STAR_Unnormalized_Counts_GLbulkRNAseq.csv,osdr_counts,unknown,unknown,
OSD-457:GSM4614053,OSD-457,OSD-457|Temporal Bone|0f84cf73,bone,Temporal Bone,mouse,actual_flight,0,ground,GSM4614053,|||c57bl/6ncrl|male|12 {week}|wild type|||liquid nitrogen,GSM4614053,GLDS-457_rna_seq_STAR_Unnormalized_Counts_GLbulkRNAseq.csv,osdr_counts,unknown,unknown,
OSD-457:GSM4613913,OSD-457,OSD-457|Temporal Bone|0f84cf73,bone,Temporal Bone,mouse,actual_flight,1,flight,GSM4613913,|||c57bl/6ncrl|male|12 {week}|wild type|||liquid nitrogen,GSM4613913,GLDS-457_rna_seq_STAR_Unnormalized_Counts_GLbulkRNAseq.csv,osdr_counts,unknown,unknown,
OSD-457:GSM4613917,OSD-457,OSD-457|Temporal Bone|0f84cf73,bone,Temporal Bone,mouse,actual_flight,1,flight,GSM4613917,|||c57bl/6ncrl|male|12 {week}|wild type|||liquid nitrogen,GSM4613917,GLDS-457_rna_seq_STAR_Unnormalized_Counts_GLbulkRNAseq.csv,osdr_counts,unknown,unknown,
OSD-457:GSM4613919,OSD-457,OSD-457|Temporal Bone|0f84cf73,bone,Temporal Bone,mouse,actual_flight,1,flight,GSM4613919,|||c57bl/6ncrl|male|12 {week}|wild type|||liquid nitrogen,GSM4613919,GLDS-457_rna_seq_STAR_Unnormalized_Counts_GLbulkRNAseq.csv,osdr_counts,unknown,unknown,
OSD-457:GSM4614062,OSD-457,OSD-457|Temporal Bone|0f84cf73,bone,Temporal Bone,mouse,actual_flight,1,flight,GSM4614062,|||c57bl/6ncrl|male|12 {week}|wild type|||liquid nitrogen,GSM4614062,GLDS-457_rna_seq_STAR_Unnormalized_Counts_GLbulkRNAseq.csv,osdr_counts,unknown,unknown,
OSD-457:GSM4614059,OSD-457,OSD-457|Temporal Bone|0f84cf73,bone,Temporal Bone,mouse,actual_flight,1,flight,GSM4614059,|||c57bl/6ncrl|male|12 {week}|wild type|||liquid nitrogen,GSM4614059,GLDS-457_rna_seq_STAR_Unnormalized_Counts_GLbulkRNAseq.csv,osdr_counts,unknown,unknown,
OSD-457:GSM4614060,OSD-457,OSD-457|Temporal Bone|0f84cf73,bone,Temporal Bone,mouse,actual_flight,1,flight,GSM4614060,|||c57bl/6ncrl|male|12 {week}|wild type|||liquid nitrogen,GSM4614060,GLDS-457_rna_seq_STAR_Unnormalized_Counts_GLbulkRNAseq.csv,osdr_counts,unknown,unknown,
OSD-457:GSM4614008,OSD-457,OSD-457|brown adipose tissue|3ec2dbad,adipose,brown adipose tissue,mouse,actual_flight,0,ground,GSM4614008,|||c57bl/6ncrl|male|12 {week}|nrf2ko|||liquid nitrogen,GSM4614008,GLDS-457_rna_seq_STAR_Unnormalized_Counts_GLbulkRNAseq.csv,osdr_counts,unknown,unknown,
OSD-457:GSM4614016,OSD-457,OSD-457|brown adipose tissue|3ec2dbad,adipose,brown adipose tissue,mouse,actual_flight,0,ground,GSM4614016,|||c57bl/6ncrl|male|12 {week}|nrf2ko|||liquid nitrogen,GSM4614016,GLDS-457_rna_seq_STAR_Unnormalized_Counts_GLbulkRNAseq.csv,osdr_counts,unknown,unknown,
OSD-457:GSM4614006,OSD-457,OSD-457|brown adipose tissue|3ec2dbad,adipose,brown adipose tissue,mouse,actual_flight,0,ground,GSM4614006,|||c57bl/6ncrl|male|12 {week}|nrf2ko|||liquid nitrogen,GSM4614006,GLDS-457_rna_seq_STAR_Unnormalized_Counts_GLbulkRNAseq.csv,osdr_counts,unknown,unknown,
OSD-457:GSM4614005,OSD-457,OSD-457|brown adipose tissue|3ec2dbad,adipose,brown adipose tissue,mouse,actual_flight,0,ground,GSM4614005,|||c57bl/6ncrl|male|12 {week}|nrf2ko|||liquid nitrogen,GSM4614005,GLDS-457_rna_seq_STAR_Unnormalized_Counts_GLbulkRNAseq.csv,osdr_counts,unknown,unknown,
OSD-457:GSM4614013,OSD-457,OSD-457|brown adipose tissue|3ec2dbad,adipose,brown adipose tissue,mouse,actual_flight,0,ground,GSM4614013,|||c57bl/6ncrl|male|12 {week}|nrf2ko|||liquid nitrogen,GSM4614013,GLDS-457_rna_seq_STAR_Unnormalized_Counts_GLbulkRNAseq.csv,osdr_counts,unknown,unknown,
OSD-457:GSM4614015,OSD-457,OSD-457|brown adipose tissue|3ec2dbad,adipose,brown adipose tissue,mouse,actual_flight,0,ground,GSM4614015,|||c57bl/6ncrl|male|12 {week}|nrf2ko|||liquid nitrogen,GSM4614015,GLDS-457_rna_seq_STAR_Unnormalized_Counts_GLbulkRNAseq.csv,osdr_counts,unknown,unknown,
OSD-457:GSM4614020,OSD-457,OSD-457|brown adipose tissue|3ec2dbad,adipose,brown adipose tissue,mouse,actual_flight,1,flight,GSM4614020,|||c57bl/6ncrl|male|12 {week}|nrf2ko|||liquid nitrogen,GSM4614020,GLDS-457_rna_seq_STAR_Unnormalized_Counts_GLbulkRNAseq.csv,osdr_counts,unknown,unknown,
OSD-457:GSM4614025,OSD-457,OSD-457|brown adipose tissue|3ec2dbad,adipose,brown adipose tissue,mouse,actual_flight,1,flight,GSM4614025,|||c57bl/6ncrl|male|12 {week}|nrf2ko|||liquid nitrogen,GSM4614025,GLDS-457_rna_seq_STAR_Unnormalized_Counts_GLbulkRNAseq.csv,osdr_counts,unknown,unknown,
OSD-457:GSM4614017,OSD-457,OSD-457|brown adipose tissue|3ec2dbad,adipose,brown adipose tissue,mouse,actual_flight,1,flight,GSM4614017,|||c57bl/6ncrl|male|12 {week}|nrf2ko|||liquid nitrogen,GSM4614017,GLDS-457_rna_seq_STAR_Unnormalized_Counts_GLbulkRNAseq.csv,osdr_counts,unknown,unknown,
OSD-457:GSM4614018,OSD-457,OSD-457|brown adipose tissue|3ec2dbad,adipose,brown adipose tissue,mouse,actual_flight,1,flight,GSM4614018,|||c57bl/6ncrl|male|12 {week}|nrf2ko|||liquid nitrogen,GSM4614018,GLDS-457_rna_seq_STAR_Unnormalized_Counts_GLbulkRNAseq.csv,osdr_counts,unknown,unknown,
OSD-457:GSM4614028,OSD-457,OSD-457|brown adipose tissue|3ec2dbad,adipose,brown adipose tissue,mouse,actual_flight,1,flight,GSM4614028,|||c57bl/6ncrl|male|12 {week}|nrf2ko|||liquid nitrogen,GSM4614028,GLDS-457_rna_seq_STAR_Unnormalized_Counts_GLbulkRNAseq.csv,osdr_counts,unknown,unknown,
OSD-457:GSM4614027,OSD-457,OSD-457|brown adipose tissue|3ec2dbad,adipose,brown adipose tissue,mouse,actual_flight,1,flight,GSM4614027,|||c57bl/6ncrl|male|12 {week}|nrf2ko|||liquid nitrogen,GSM4614027,GLDS-457_rna_seq_STAR_Unnormalized_Counts_GLbulkRNAseq.csv,osdr_counts,unknown,unknown,
OSD-457:GSM4614011,OSD-457,OSD-457|brown adipose tissue|0f84cf73,adipose,brown adipose tissue,mouse,actual_flight,0,ground,GSM4614011,|||c57bl/6ncrl|male|12 {week}|wild type|||liquid nitrogen,GSM4614011,GLDS-457_rna_seq_STAR_Unnormalized_Counts_GLbulkRNAseq.csv,osdr_counts,unknown,unknown,
OSD-457:GSM4614009,OSD-457,OSD-457|brown adipose tissue|0f84cf73,adipose,brown adipose tissue,mouse,actual_flight,0,ground,GSM4614009,|||c57bl/6ncrl|male|12 {week}|wild type|||liquid nitrogen,GSM4614009,GLDS-457_rna_seq_STAR_Unnormalized_Counts_GLbulkRNAseq.csv,osdr_counts,unknown,unknown,
OSD-457:GSM4614007,OSD-457,OSD-457|brown adipose tissue|0f84cf73,adipose,brown adipose tissue,mouse,actual_flight,0,ground,GSM4614007,|||c57bl/6ncrl|male|12 {week}|wild type|||liquid nitrogen,GSM4614007,GLDS-457_rna_seq_STAR_Unnormalized_Counts_GLbulkRNAseq.csv,osdr_counts,unknown,unknown,
OSD-457:GSM4614010,OSD-457,OSD-457|brown adipose tissue|0f84cf73,adipose,brown adipose tissue,mouse,actual_flight,0,ground,GSM4614010,|||c57bl/6ncrl|male|12 {week}|wild type|||liquid nitrogen,GSM4614010,GLDS-457_rna_seq_STAR_Unnormalized_Counts_GLbulkRNAseq.csv,osdr_counts,unknown,unknown,
OSD-457:GSM4614014,OSD-457,OSD-457|brown adipose tissue|0f84cf73,adipose,brown adipose tissue,mouse,actual_flight,0,ground,GSM4614014,|||c57bl/6ncrl|male|12 {week}|wild type|||liquid nitrogen,GSM4614014,GLDS-457_rna_seq_STAR_Unnormalized_Counts_GLbulkRNAseq.csv,osdr_counts,unknown,unknown,
OSD-457:GSM4614012,OSD-457,OSD-457|brown adipose tissue|0f84cf73,adipose,brown adipose tissue,mouse,actual_flight,0,ground,GSM4614012,|||c57bl/6ncrl|male|12 {week}|wild type|||liquid nitrogen,GSM4614012,GLDS-457_rna_seq_STAR_Unnormalized_Counts_GLbulkRNAseq.csv,osdr_counts,unknown,unknown,
OSD-457:GSM4614024,OSD-457,OSD-457|brown adipose tissue|0f84cf73,adipose,brown adipose tissue,mouse,actual_flight,1,flight,GSM4614024,|||c57bl/6ncrl|male|12 {week}|wild type|||liquid nitrogen,GSM4614024,GLDS-457_rna_seq_STAR_Unnormalized_Counts_GLbulkRNAseq.csv,osdr_counts,unknown,unknown,
OSD-457:GSM4614026,OSD-457,OSD-457|brown adipose tissue|0f84cf73,adipose,brown adipose tissue,mouse,actual_flight,1,flight,GSM4614026,|||c57bl/6ncrl|male|12 {week}|wild type|||liquid nitrogen,GSM4614026,GLDS-457_rna_seq_STAR_Unnormalized_Counts_GLbulkRNAseq.csv,osdr_counts,unknown,unknown,
OSD-457:GSM4614021,OSD-457,OSD-457|brown adipose tissue|0f84cf73,adipose,brown adipose tissue,mouse,actual_flight,1,flight,GSM4614021,|||c57bl/6ncrl|male|12 {week}|wild type|||liquid nitrogen,GSM4614021,GLDS-457_rna_seq_STAR_Unnormalized_Counts_GLbulkRNAseq.csv,osdr_counts,unknown,unknown,
OSD-457:GSM4614019,OSD-457,OSD-457|brown adipose tissue|0f84cf73,adipose,brown adipose tissue,mouse,actual_flight,1,flight,GSM4614019,|||c57bl/6ncrl|male|12 {week}|wild type|||liquid nitrogen,GSM4614019,GLDS-457_rna_seq_STAR_Unnormalized_Counts_GLbulkRNAseq.csv,osdr_counts,unknown,unknown,
OSD-457:GSM4614022,OSD-457,OSD-457|brown adipose tissue|0f84cf73,adipose,brown adipose tissue,mouse,actual_flight,1,flight,GSM4614022,|||c57bl/6ncrl|male|12 {week}|wild type|||liquid nitrogen,GSM4614022,GLDS-457_rna_seq_STAR_Unnormalized_Counts_GLbulkRNAseq.csv,osdr_counts,unknown,unknown,
OSD-457:GSM4614023,OSD-457,OSD-457|brown adipose tissue|0f84cf73,adipose,brown adipose tissue,mouse,actual_flight,1,flight,GSM4614023,|||c57bl/6ncrl|male|12 {week}|wild type|||liquid nitrogen,GSM4614023,GLDS-457_rna_seq_STAR_Unnormalized_Counts_GLbulkRNAseq.csv,osdr_counts,unknown,unknown,
OSD-457:GSM4614052,OSD-457,OSD-457|thymus|3ec2dbad,thymus,thymus,mouse,actual_flight,0,ground,GSM4614052,|||c57bl/6ncrl|male|12 {week}|nrf2ko|||liquid nitrogen,GSM4614052,GLDS-457_rna_seq_STAR_Unnormalized_Counts_GLbulkRNAseq.csv,osdr_counts,unknown,unknown,
OSD-457:GSM4614044,OSD-457,OSD-457|thymus|3ec2dbad,thymus,thymus,mouse,actual_flight,0,ground,GSM4614044,|||c57bl/6ncrl|male|12 {week}|nrf2ko|||liquid nitrogen,GSM4614044,GLDS-457_rna_seq_STAR_Unnormalized_Counts_GLbulkRNAseq.csv,osdr_counts,unknown,unknown,
OSD-457:GSM4614049,OSD-457,OSD-457|thymus|3ec2dbad,thymus,thymus,mouse,actual_flight,0,ground,GSM4614049,|||c57bl/6ncrl|male|12 {week}|nrf2ko|||liquid nitrogen,GSM4614049,GLDS-457_rna_seq_STAR_Unnormalized_Counts_GLbulkRNAseq.csv,osdr_counts,unknown,unknown,
OSD-457:GSM4614041,OSD-457,OSD-457|thymus|3ec2dbad,thymus,thymus,mouse,actual_flight,0,ground,GSM4614041,|||c57bl/6ncrl|male|12 {week}|nrf2ko|||liquid nitrogen,GSM4614041,GLDS-457_rna_seq_STAR_Unnormalized_Counts_GLbulkRNAseq.csv,osdr_counts,unknown,unknown,
OSD-457:GSM4614042,OSD-457,OSD-457|thymus|3ec2dbad,thymus,thymus,mouse,actual_flight,0,ground,GSM4614042,|||c57bl/6ncrl|male|12 {week}|nrf2ko|||liquid nitrogen,GSM4614042,GLDS-457_rna_seq_STAR_Unnormalized_Counts_GLbulkRNAseq.csv,osdr_counts,unknown,unknown,
OSD-457:GSM4614051,OSD-457,OSD-457|thymus|3ec2dbad,thymus,thymus,mouse,actual_flight,0,ground,GSM4614051,|||c57bl/6ncrl|male|12 {week}|nrf2ko|||liquid nitrogen,GSM4614051,GLDS-457_rna_seq_STAR_Unnormalized_Counts_GLbulkRNAseq.csv,osdr_counts,unknown,unknown,
OSD-457:GSM4614037,OSD-457,OSD-457|thymus|3ec2dbad,thymus,thymus,mouse,actual_flight,1,flight,GSM4614037,|||c57bl/6ncrl|male|12 {week}|nrf2ko|||liquid nitrogen,GSM4614037,GLDS-457_rna_seq_STAR_Unnormalized_Counts_GLbulkRNAseq.csv,osdr_counts,unknown,unknown,
OSD-457:GSM4614032,OSD-457,OSD-457|thymus|3ec2dbad,thymus,thymus,mouse,actual_flight,1,flight,GSM4614032,|||c57bl/6ncrl|male|12 {week}|nrf2ko|||liquid nitrogen,GSM4614032,GLDS-457_rna_seq_STAR_Unnormalized_Counts_GLbulkRNAseq.csv,osdr_counts,unknown,unknown,
OSD-457:GSM4614039,OSD-457,OSD-457|thymus|3ec2dbad,thymus,thymus,mouse,actual_flight,1,flight,GSM4614039,|||c57bl/6ncrl|male|12 {week}|nrf2ko|||liquid nitrogen,GSM4614039,GLDS-457_rna_seq_STAR_Unnormalized_Counts_GLbulkRNAseq.csv,osdr_counts,unknown,unknown,
OSD-457:GSM4614029,OSD-457,OSD-457|thymus|3ec2dbad,thymus,thymus,mouse,actual_flight,1,flight,GSM4614029,|||c57bl/6ncrl|male|12 {week}|nrf2ko|||liquid nitrogen,GSM4614029,GLDS-457_rna_seq_STAR_Unnormalized_Counts_GLbulkRNAseq.csv,osdr_counts,unknown,unknown,
OSD-457:GSM4614030,OSD-457,OSD-457|thymus|3ec2dbad,thymus,thymus,mouse,actual_flight,1,flight,GSM4614030,|||c57bl/6ncrl|male|12 {week}|nrf2ko|||liquid nitrogen,GSM4614030,GLDS-457_rna_seq_STAR_Unnormalized_Counts_GLbulkRNAseq.csv,osdr_counts,unknown,unknown,
OSD-457:GSM4614040,OSD-457,OSD-457|thymus|3ec2dbad,thymus,thymus,mouse,actual_flight,1,flight,GSM4614040,|||c57bl/6ncrl|male|12 {week}|nrf2ko|||liquid nitrogen,GSM4614040,GLDS-457_rna_seq_STAR_Unnormalized_Counts_GLbulkRNAseq.csv,osdr_counts,unknown,unknown,
OSD-457:GSM4614047,OSD-457,OSD-457|thymus|0f84cf73,thymus,thymus,mouse,actual_flight,0,ground,GSM4614047,|||c57bl/6ncrl|male|12 {week}|wild type|||liquid nitrogen,GSM4614047,GLDS-457_rna_seq_STAR_Unnormalized_Counts_GLbulkRNAseq.csv,osdr_counts,unknown,unknown,
OSD-457:GSM4614048,OSD-457,OSD-457|thymus|0f84cf73,thymus,thymus,mouse,actual_flight,0,ground,GSM4614048,|||c57bl/6ncrl|male|12 {week}|wild type|||liquid nitrogen,GSM4614048,GLDS-457_rna_seq_STAR_Unnormalized_Counts_GLbulkRNAseq.csv,osdr_counts,unknown,unknown,
OSD-457:GSM4614050,OSD-457,OSD-457|thymus|0f84cf73,thymus,thymus,mouse,actual_flight,0,ground,GSM4614050,|||c57bl/6ncrl|male|12 {week}|wild type|||liquid nitrogen,GSM4614050,GLDS-457_rna_seq_STAR_Unnormalized_Counts_GLbulkRNAseq.csv,osdr_counts,unknown,unknown,
OSD-457:GSM4614043,OSD-457,OSD-457|thymus|0f84cf73,thymus,thymus,mouse,actual_flight,0,ground,GSM4614043,|||c57bl/6ncrl|male|12 {week}|wild type|||liquid nitrogen,GSM4614043,GLDS-457_rna_seq_STAR_Unnormalized_Counts_GLbulkRNAseq.csv,osdr_counts,unknown,unknown,
OSD-457:GSM4614046,OSD-457,OSD-457|thymus|0f84cf73,thymus,thymus,mouse,actual_flight,0,ground,GSM4614046,|||c57bl/6ncrl|male|12 {week}|wild type|||liquid nitrogen,GSM4614046,GLDS-457_rna_seq_STAR_Unnormalized_Counts_GLbulkRNAseq.csv,osdr_counts,unknown,unknown,
OSD-457:GSM4614045,OSD-457,OSD-457|thymus|0f84cf73,thymus,thymus,mouse,actual_flight,0,ground,GSM4614045,|||c57bl/6ncrl|male|12 {week}|wild type|||liquid nitrogen,GSM4614045,GLDS-457_rna_seq_STAR_Unnormalized_Counts_GLbulkRNAseq.csv,osdr_counts,unknown,unknown,
OSD-457:GSM4614034,OSD-457,OSD-457|thymus|0f84cf73,thymus,thymus,mouse,actual_flight,1,flight,GSM4614034,|||c57bl/6ncrl|male|12 {week}|wild type|||liquid nitrogen,GSM4614034,GLDS-457_rna_seq_STAR_Unnormalized_Counts_GLbulkRNAseq.csv,osdr_counts,unknown,unknown,
OSD-457:GSM4614038,OSD-457,OSD-457|thymus|0f84cf73,thymus,thymus,mouse,actual_flight,1,flight,GSM4614038,|||c57bl/6ncrl|male|12 {week}|wild type|||liquid nitrogen,GSM4614038,GLDS-457_rna_seq_STAR_Unnormalized_Counts_GLbulkRNAseq.csv,osdr_counts,unknown,unknown,
OSD-457:GSM4614033,OSD-457,OSD-457|thymus|0f84cf73,thymus,thymus,mouse,actual_flight,1,flight,GSM4614033,|||c57bl/6ncrl|male|12 {week}|wild type|||liquid nitrogen,GSM4614033,GLDS-457_rna_seq_STAR_Unnormalized_Counts_GLbulkRNAseq.csv,osdr_counts,unknown,unknown,
OSD-457:GSM4614031,OSD-457,OSD-457|thymus|0f84cf73,thymus,thymus,mouse,actual_flight,1,flight,GSM4614031,|||c57bl/6ncrl|male|12 {week}|wild type|||liquid nitrogen,GSM4614031,GLDS-457_rna_seq_STAR_Unnormalized_Counts_GLbulkRNAseq.csv,osdr_counts,unknown,unknown,
OSD-457:GSM4614036,OSD-457,OSD-457|thymus|0f84cf73,thymus,thymus,mouse,actual_flight,1,flight,GSM4614036,|||c57bl/6ncrl|male|12 {week}|wild type|||liquid nitrogen,GSM4614036,GLDS-457_rna_seq_STAR_Unnormalized_Counts_GLbulkRNAseq.csv,osdr_counts,unknown,unknown,
OSD-457:GSM4614035,OSD-457,OSD-457|thymus|0f84cf73,thymus,thymus,mouse,actual_flight,1,flight,GSM4614035,|||c57bl/6ncrl|male|12 {week}|wild type|||liquid nitrogen,GSM4614035,GLDS-457_rna_seq_STAR_Unnormalized_Counts_GLbulkRNAseq.csv,osdr_counts,unknown,unknown,
OSD-457:GSM4613982,OSD-457,OSD-457|white adipose tissue|3ec2dbad,adipose,white adipose tissue,mouse,actual_flight,0,ground,GSM4613982,|||c57bl/6ncrl|male|12 {week}|nrf2ko|||liquid nitrogen,GSM4613982,GLDS-457_rna_seq_STAR_Unnormalized_Counts_GLbulkRNAseq.csv,osdr_counts,unknown,unknown,
OSD-457:GSM4613991,OSD-457,OSD-457|white adipose tissue|3ec2dbad,adipose,white adipose tissue,mouse,actual_flight,0,ground,GSM4613991,|||c57bl/6ncrl|male|12 {week}|nrf2ko|||liquid nitrogen,GSM4613991,GLDS-457_rna_seq_STAR_Unnormalized_Counts_GLbulkRNAseq.csv,osdr_counts,unknown,unknown,
OSD-457:GSM4613989,OSD-457,OSD-457|white adipose tissue|3ec2dbad,adipose,white adipose tissue,mouse,actual_flight,0,ground,GSM4613989,|||c57bl/6ncrl|male|12 {week}|nrf2ko|||liquid nitrogen,GSM4613989,GLDS-457_rna_seq_STAR_Unnormalized_Counts_GLbulkRNAseq.csv,osdr_counts,unknown,unknown,
OSD-457:GSM4613981,OSD-457,OSD-457|white adipose tissue|3ec2dbad,adipose,white adipose tissue,mouse,actual_flight,0,ground,GSM4613981,|||c57bl/6ncrl|male|12 {week}|nrf2ko|||liquid nitrogen,GSM4613981,GLDS-457_rna_seq_STAR_Unnormalized_Counts_GLbulkRNAseq.csv,osdr_counts,unknown,unknown,
OSD-457:GSM4613992,OSD-457,OSD-457|white adipose tissue|3ec2dbad,adipose,white adipose tissue,mouse,actual_flight,0,ground,GSM4613992,|||c57bl/6ncrl|male|12 {week}|nrf2ko|||liquid nitrogen,GSM4613992,GLDS-457_rna_seq_STAR_Unnormalized_Counts_GLbulkRNAseq.csv,osdr_counts,unknown,unknown,
OSD-457:GSM4613984,OSD-457,OSD-457|white adipose tissue|3ec2dbad,adipose,white adipose tissue,mouse,actual_flight,0,ground,GSM4613984,|||c57bl/6ncrl|male|12 {week}|nrf2ko|||liquid nitrogen,GSM4613984,GLDS-457_rna_seq_STAR_Unnormalized_Counts_GLbulkRNAseq.csv,osdr_counts,unknown,unknown,
OSD-457:GSM4614003,OSD-457,OSD-457|white adipose tissue|3ec2dbad,adipose,white adipose tissue,mouse,actual_flight,1,flight,GSM4614003,|||c57bl/6ncrl|male|12 {week}|nrf2ko|||liquid nitrogen,GSM4614003,GLDS-457_rna_seq_STAR_Unnormalized_Counts_GLbulkRNAseq.csv,osdr_counts,unknown,unknown,
OSD-457:GSM4614004,OSD-457,OSD-457|white adipose tissue|3ec2dbad,adipose,white adipose tissue,mouse,actual_flight,1,flight,GSM4614004,|||c57bl/6ncrl|male|12 {week}|nrf2ko|||liquid nitrogen,GSM4614004,GLDS-457_rna_seq_STAR_Unnormalized_Counts_GLbulkRNAseq.csv,osdr_counts,unknown,unknown,
OSD-457:GSM4613996,OSD-457,OSD-457|white adipose tissue|3ec2dbad,adipose,white adipose tissue,mouse,actual_flight,1,flight,GSM4613996,|||c57bl/6ncrl|male|12 {week}|nrf2ko|||liquid nitrogen,GSM4613996,GLDS-457_rna_seq_STAR_Unnormalized_Counts_GLbulkRNAseq.csv,osdr_counts,unknown,unknown,
OSD-457:GSM4613993,OSD-457,OSD-457|white adipose tissue|3ec2dbad,adipose,white adipose tissue,mouse,actual_flight,1,flight,GSM4613993,|||c57bl/6ncrl|male|12 {week}|nrf2ko|||liquid nitrogen,GSM4613993,GLDS-457_rna_seq_STAR_Unnormalized_Counts_GLbulkRNAseq.csv,osdr_counts,unknown,unknown,
OSD-457:GSM4614001,OSD-457,OSD-457|white adipose tissue|3ec2dbad,adipose,white adipose tissue,mouse,actual_flight,1,flight,GSM4614001,|||c57bl/6ncrl|male|12 {week}|nrf2ko|||liquid nitrogen,GSM4614001,GLDS-457_rna_seq_STAR_Unnormalized_Counts_GLbulkRNAseq.csv,osdr_counts,unknown,unknown,
OSD-457:GSM4613994,OSD-457,OSD-457|white adipose tissue|3ec2dbad,adipose,white adipose tissue,mouse,actual_flight,1,flight,GSM4613994,|||c57bl/6ncrl|male|12 {week}|nrf2ko|||liquid nitrogen,GSM4613994,GLDS-457_rna_seq_STAR_Unnormalized_Counts_GLbulkRNAseq.csv,osdr_counts,unknown,unknown,
OSD-457:GSM4613983,OSD-457,OSD-457|white adipose tissue|0f84cf73,adipose,white adipose tissue,mouse,actual_flight,0,ground,GSM4613983,|||c57bl/6ncrl|male|12 {week}|wild type|||liquid nitrogen,GSM4613983,GLDS-457_rna_seq_STAR_Unnormalized_Counts_GLbulkRNAseq.csv,osdr_counts,unknown,unknown,
OSD-457:GSM4613985,OSD-457,OSD-457|white adipose tissue|0f84cf73,adipose,white adipose tissue,mouse,actual_flight,0,ground,GSM4613985,|||c57bl/6ncrl|male|12 {week}|wild type|||liquid nitrogen,GSM4613985,GLDS-457_rna_seq_STAR_Unnormalized_Counts_GLbulkRNAseq.csv,osdr_counts,unknown,unknown,
OSD-457:GSM4613990,OSD-457,OSD-457|white adipose tissue|0f84cf73,adipose,white adipose tissue,mouse,actual_flight,0,ground,GSM4613990,|||c57bl/6ncrl|male|12 {week}|wild type|||liquid nitrogen,GSM4613990,GLDS-457_rna_seq_STAR_Unnormalized_Counts_GLbulkRNAseq.csv,osdr_counts,unknown,unknown,
OSD-457:GSM4613988,OSD-457,OSD-457|white adipose tissue|0f84cf73,adipose,white adipose tissue,mouse,actual_flight,0,ground,GSM4613988,|||c57bl/6ncrl|male|12 {week}|wild type|||liquid nitrogen,GSM4613988,GLDS-457_rna_seq_STAR_Unnormalized_Counts_GLbulkRNAseq.csv,osdr_counts,unknown,unknown,
OSD-457:GSM4613987,OSD-457,OSD-457|white adipose tissue|0f84cf73,adipose,white adipose tissue,mouse,actual_flight,0,ground,GSM4613987,|||c57bl/6ncrl|male|12 {week}|wild type|||liquid nitrogen,GSM4613987,GLDS-457_rna_seq_STAR_Unnormalized_Counts_GLbulkRNAseq.csv,osdr_counts,unknown,unknown,
OSD-457:GSM4613986,OSD-457,OSD-457|white adipose tissue|0f84cf73,adipose,white adipose tissue,mouse,actual_flight,0,ground,GSM4613986,|||c57bl/6ncrl|male|12 {week}|wild type|||liquid nitrogen,GSM4613986,GLDS-457_rna_seq_STAR_Unnormalized_Counts_GLbulkRNAseq.csv,osdr_counts,unknown,unknown,
OSD-457:GSM4613995,OSD-457,OSD-457|white adipose tissue|0f84cf73,adipose,white adipose tissue,mouse,actual_flight,1,flight,GSM4613995,|||c57bl/6ncrl|male|12 {week}|wild type|||liquid nitrogen,GSM4613995,GLDS-457_rna_seq_STAR_Unnormalized_Counts_GLbulkRNAseq.csv,osdr_counts,unknown,unknown,
OSD-457:GSM4613999,OSD-457,OSD-457|white adipose tissue|0f84cf73,adipose,white adipose tissue,mouse,actual_flight,1,flight,GSM4613999,|||c57bl/6ncrl|male|12 {week}|wild type|||liquid nitrogen,GSM4613999,GLDS-457_rna_seq_STAR_Unnormalized_Counts_GLbulkRNAseq.csv,osdr_counts,unknown,unknown,
OSD-457:GSM4614000,OSD-457,OSD-457|white adipose tissue|0f84cf73,adipose,white adipose tissue,mouse,actual_flight,1,flight,GSM4614000,|||c57bl/6ncrl|male|12 {week}|wild type|||liquid nitrogen,GSM4614000,GLDS-457_rna_seq_STAR_Unnormalized_Counts_GLbulkRNAseq.csv,osdr_counts,unknown,unknown,
OSD-457:GSM4613998,OSD-457,OSD-457|white adipose tissue|0f84cf73,adipose,white adipose tissue,mouse,actual_flight,1,flight,GSM4613998,|||c57bl/6ncrl|male|12 {week}|wild type|||liquid nitrogen,GSM4613998,GLDS-457_rna_seq_STAR_Unnormalized_Counts_GLbulkRNAseq.csv,osdr_counts,unknown,unknown,
OSD-457:GSM4614002,OSD-457,OSD-457|white adipose tissue|0f84cf73,adipose,white adipose tissue,mouse,actual_flight,1,flight,GSM4614002,|||c57bl/6ncrl|male|12 {week}|wild type|||liquid nitrogen,GSM4614002,GLDS-457_rna_seq_STAR_Unnormalized_Counts_GLbulkRNAseq.csv,osdr_counts,unknown,unknown,
OSD-457:GSM4613997,OSD-457,OSD-457|white adipose tissue|0f84cf73,adipose,white adipose tissue,mouse,actual_flight,1,flight,GSM4613997,|||c57bl/6ncrl|male|12 {week}|wild type|||liquid nitrogen,GSM4613997,GLDS-457_rna_seq_STAR_Unnormalized_Counts_GLbulkRNAseq.csv,osdr_counts,unknown,unknown,
OSD-463:RR23_LVR_GC_G2,OSD-463,OSD-463|Left Lobe of the Liver|52cb5fea,liver,Left Lobe of the Liver,mouse,actual_flight,0,ground,RR23_LVR_GC_G2,|||c57bl/6j|male|16-17 {week}||38 {day}||liquid nitrogen,RR23_LVR_GC_G2,GLDS-463_rna_seq_STAR_Unnormalized_Counts_GLbulkRNAseq.csv,osdr_counts,unknown,unknown,
OSD-463:RR23_LVR_GC_G7,OSD-463,OSD-463|Left Lobe of the Liver|52cb5fea,liver,Left Lobe of the Liver,mouse,actual_flight,0,ground,RR23_LVR_GC_G7,|||c57bl/6j|male|16-17 {week}||38 {day}||liquid nitrogen,RR23_LVR_GC_G7,GLDS-463_rna_seq_STAR_Unnormalized_Counts_GLbulkRNAseq.csv,osdr_counts,unknown,unknown,
OSD-463:RR23_LVR_GC_G3,OSD-463,OSD-463|Left Lobe of the Liver|52cb5fea,liver,Left Lobe of the Liver,mouse,actual_flight,0,ground,RR23_LVR_GC_G3,|||c57bl/6j|male|16-17 {week}||38 {day}||liquid nitrogen,RR23_LVR_GC_G3,GLDS-463_rna_seq_STAR_Unnormalized_Counts_GLbulkRNAseq.csv,osdr_counts,unknown,unknown,
OSD-463:RR23_LVR_GC_G6,OSD-463,OSD-463|Left Lobe of the Liver|52cb5fea,liver,Left Lobe of the Liver,mouse,actual_flight,0,ground,RR23_LVR_GC_G6,|||c57bl/6j|male|16-17 {week}||38 {day}||liquid nitrogen,RR23_LVR_GC_G6,GLDS-463_rna_seq_STAR_Unnormalized_Counts_GLbulkRNAseq.csv,osdr_counts,unknown,unknown,
OSD-463:RR23_LVR_GC_G8,OSD-463,OSD-463|Left Lobe of the Liver|52cb5fea,liver,Left Lobe of the Liver,mouse,actual_flight,0,ground,RR23_LVR_GC_G8,|||c57bl/6j|male|16-17 {week}||38 {day}||liquid nitrogen,RR23_LVR_GC_G8,GLDS-463_rna_seq_STAR_Unnormalized_Counts_GLbulkRNAseq.csv,osdr_counts,unknown,unknown,
OSD-463:RR23_LVR_GC_G5,OSD-463,OSD-463|Left Lobe of the Liver|52cb5fea,liver,Left Lobe of the Liver,mouse,actual_flight,0,ground,RR23_LVR_GC_G5,|||c57bl/6j|male|16-17 {week}||38 {day}||liquid nitrogen,RR23_LVR_GC_G5,GLDS-463_rna_seq_STAR_Unnormalized_Counts_GLbulkRNAseq.csv,osdr_counts,unknown,unknown,
OSD-463:RR23_LVR_FLT_F8_techrep1,OSD-463,OSD-463|Left Lobe of the Liver|52cb5fea,liver,Left Lobe of the Liver,mouse,actual_flight,1,flight,RR23_LVR_FLT_F8,|||c57bl/6j|male|16-17 {week}||38 {day}||liquid nitrogen,RR23_LVR_FLT_F8_techrep1,GLDS-463_rna_seq_STAR_Unnormalized_Counts_GLbulkRNAseq.csv,osdr_counts,unknown,unknown,
OSD-463:RR23_LVR_FLT_F3,OSD-463,OSD-463|Left Lobe of the Liver|52cb5fea,liver,Left Lobe of the Liver,mouse,actual_flight,1,flight,RR23_LVR_FLT_F3,|||c57bl/6j|male|16-17 {week}||38 {day}||liquid nitrogen,RR23_LVR_FLT_F3,GLDS-463_rna_seq_STAR_Unnormalized_Counts_GLbulkRNAseq.csv,osdr_counts,unknown,unknown,
OSD-463:RR23_LVR_FLT_F1,OSD-463,OSD-463|Left Lobe of the Liver|52cb5fea,liver,Left Lobe of the Liver,mouse,actual_flight,1,flight,RR23_LVR_FLT_F1,|||c57bl/6j|male|16-17 {week}||38 {day}||liquid nitrogen,RR23_LVR_FLT_F1,GLDS-463_rna_seq_STAR_Unnormalized_Counts_GLbulkRNAseq.csv,osdr_counts,unknown,unknown,
OSD-463:RR23_LVR_FLT_F4,OSD-463,OSD-463|Left Lobe of the Liver|52cb5fea,liver,Left Lobe of the Liver,mouse,actual_flight,1,flight,RR23_LVR_FLT_F4,|||c57bl/6j|male|16-17 {week}||38 {day}||liquid nitrogen,RR23_LVR_FLT_F4,GLDS-463_rna_seq_STAR_Unnormalized_Counts_GLbulkRNAseq.csv,osdr_counts,unknown,unknown,
OSD-463:RR23_LVR_FLT_F5,OSD-463,OSD-463|Left Lobe of the Liver|52cb5fea,liver,Left Lobe of the Liver,mouse,actual_flight,1,flight,RR23_LVR_FLT_F5,|||c57bl/6j|male|16-17 {week}||38 {day}||liquid nitrogen,RR23_LVR_FLT_F5,GLDS-463_rna_seq_STAR_Unnormalized_Counts_GLbulkRNAseq.csv,osdr_counts,unknown,unknown,
OSD-463:RR23_LVR_FLT_F7_techrep1,OSD-463,OSD-463|Left Lobe of the Liver|52cb5fea,liver,Left Lobe of the Liver,mouse,actual_flight,1,flight,RR23_LVR_FLT_F7,|||c57bl/6j|male|16-17 {week}||38 {day}||liquid nitrogen,RR23_LVR_FLT_F7_techrep1,GLDS-463_rna_seq_STAR_Unnormalized_Counts_GLbulkRNAseq.csv,osdr_counts,unknown,unknown,
OSD-464:RR23_LNG_GC_G1,OSD-464,OSD-464|Left Lung|52cb5fea,lung,Left Lung,mouse,actual_flight,0,ground,RR23_LNG_GC_G1,|||c57bl/6j|male|16-17 {week}||38 {day}||liquid nitrogen,RR23_LNG_GC_G1,GLDS-464_rna_seq_STAR_Unnormalized_Counts_GLbulkRNAseq.csv,osdr_counts,unknown,unknown,
OSD-464:RR23_LNG_GC_G3,OSD-464,OSD-464|Left Lung|52cb5fea,lung,Left Lung,mouse,actual_flight,0,ground,RR23_LNG_GC_G3,|||c57bl/6j|male|16-17 {week}||38 {day}||liquid nitrogen,RR23_LNG_GC_G3,GLDS-464_rna_seq_STAR_Unnormalized_Counts_GLbulkRNAseq.csv,osdr_counts,unknown,unknown,
OSD-464:RR23_LNG_GC_G6,OSD-464,OSD-464|Left Lung|52cb5fea,lung,Left Lung,mouse,actual_flight,0,ground,RR23_LNG_GC_G6,|||c57bl/6j|male|16-17 {week}||38 {day}||liquid nitrogen,RR23_LNG_GC_G6,GLDS-464_rna_seq_STAR_Unnormalized_Counts_GLbulkRNAseq.csv,osdr_counts,unknown,unknown,
OSD-464:RR23_LNG_GC_G8,OSD-464,OSD-464|Left Lung|52cb5fea,lung,Left Lung,mouse,actual_flight,0,ground,RR23_LNG_GC_G8,|||c57bl/6j|male|16-17 {week}||38 {day}||liquid nitrogen,RR23_LNG_GC_G8,GLDS-464_rna_seq_STAR_Unnormalized_Counts_GLbulkRNAseq.csv,osdr_counts,unknown,unknown,
OSD-464:RR23_LNG_GC_G5,OSD-464,OSD-464|Left Lung|52cb5fea,lung,Left Lung,mouse,actual_flight,0,ground,RR23_LNG_GC_G5,|||c57bl/6j|male|16-17 {week}||38 {day}||liquid nitrogen,RR23_LNG_GC_G5,GLDS-464_rna_seq_STAR_Unnormalized_Counts_GLbulkRNAseq.csv,osdr_counts,unknown,unknown,
OSD-464:RR23_LNG_GC_G4,OSD-464,OSD-464|Left Lung|52cb5fea,lung,Left Lung,mouse,actual_flight,0,ground,RR23_LNG_GC_G4,|||c57bl/6j|male|16-17 {week}||38 {day}||liquid nitrogen,RR23_LNG_GC_G4,GLDS-464_rna_seq_STAR_Unnormalized_Counts_GLbulkRNAseq.csv,osdr_counts,unknown,unknown,
OSD-464:RR23_LNG_FLT_F1,OSD-464,OSD-464|Left Lung|52cb5fea,lung,Left Lung,mouse,actual_flight,1,flight,RR23_LNG_FLT_F1,|||c57bl/6j|male|16-17 {week}||38 {day}||liquid nitrogen,RR23_LNG_FLT_F1,GLDS-464_rna_seq_STAR_Unnormalized_Counts_GLbulkRNAseq.csv,osdr_counts,unknown,unknown,
OSD-464:RR23_LNG_FLT_F3,OSD-464,OSD-464|Left Lung|52cb5fea,lung,Left Lung,mouse,actual_flight,1,flight,RR23_LNG_FLT_F3,|||c57bl/6j|male|16-17 {week}||38 {day}||liquid nitrogen,RR23_LNG_FLT_F3,GLDS-464_rna_seq_STAR_Unnormalized_Counts_GLbulkRNAseq.csv,osdr_counts,unknown,unknown,
OSD-464:RR23_LNG_FLT_F5,OSD-464,OSD-464|Left Lung|52cb5fea,lung,Left Lung,mouse,actual_flight,1,flight,RR23_LNG_FLT_F5,|||c57bl/6j|male|16-17 {week}||38 {day}||liquid nitrogen,RR23_LNG_FLT_F5,GLDS-464_rna_seq_STAR_Unnormalized_Counts_GLbulkRNAseq.csv,osdr_counts,unknown,unknown,
OSD-464:RR23_LNG_FLT_F4,OSD-464,OSD-464|Left Lung|52cb5fea,lung,Left Lung,mouse,actual_flight,1,flight,RR23_LNG_FLT_F4,|||c57bl/6j|male|16-17 {week}||38 {day}||liquid nitrogen,RR23_LNG_FLT_F4,GLDS-464_rna_seq_STAR_Unnormalized_Counts_GLbulkRNAseq.csv,osdr_counts,unknown,unknown,
OSD-464:RR23_LNG_FLT_F6,OSD-464,OSD-464|Left Lung|52cb5fea,lung,Left Lung,mouse,actual_flight,1,flight,RR23_LNG_FLT_F6,|||c57bl/6j|male|16-17 {week}||38 {day}||liquid nitrogen,RR23_LNG_FLT_F6,GLDS-464_rna_seq_STAR_Unnormalized_Counts_GLbulkRNAseq.csv,osdr_counts,unknown,unknown,
OSD-464:RR23_LNG_FLT_F2,OSD-464,OSD-464|Left Lung|52cb5fea,lung,Left Lung,mouse,actual_flight,1,flight,RR23_LNG_FLT_F2,|||c57bl/6j|male|16-17 {week}||38 {day}||liquid nitrogen,RR23_LNG_FLT_F2,GLDS-464_rna_seq_STAR_Unnormalized_Counts_GLbulkRNAseq.csv,osdr_counts,unknown,unknown,
OSD-48:Mmus_C57-6J_LVR_GC_C_Rep1_M36,OSD-48,OSD-48|Liver|b28df4aa,liver,Liver,mouse,actual_flight,0,ground,Mmus_C57-6J_LVR_GC_C_Rep1_M36,||C|c57bl/6j|female|16 {week}||37 {day}|mini cold bag to -80c freezer|rlt buffer homogenized and snap frozen,Mmus_C57-6J_LVR_GC_C_Rep1_M36,GLDS-48_rna_seq_STAR_Unnormalized_Counts_GLbulkRNAseq.csv,osdr_counts,unknown,unknown,
OSD-48:Mmus_C57-6J_LVR_GC_C_Rep4_M39,OSD-48,OSD-48|Liver|b28df4aa,liver,Liver,mouse,actual_flight,0,ground,Mmus_C57-6J_LVR_GC_C_Rep4_M39,||C|c57bl/6j|female|16 {week}||37 {day}|mini cold bag to -80c freezer|rlt buffer homogenized and snap frozen,Mmus_C57-6J_LVR_GC_C_Rep4_M39,GLDS-48_rna_seq_STAR_Unnormalized_Counts_GLbulkRNAseq.csv,osdr_counts,unknown,unknown,
OSD-48:Mmus_C57-6J_LVR_GC_C_Rep3_M38,OSD-48,OSD-48|Liver|b28df4aa,liver,Liver,mouse,actual_flight,0,ground,Mmus_C57-6J_LVR_GC_C_Rep3_M38,||C|c57bl/6j|female|16 {week}||37 {day}|mini cold bag to -80c freezer|rlt buffer homogenized and snap frozen,Mmus_C57-6J_LVR_GC_C_Rep3_M38,GLDS-48_rna_seq_STAR_Unnormalized_Counts_GLbulkRNAseq.csv,osdr_counts,unknown,unknown,
OSD-48:Mmus_C57-6J_LVR_GC_C_Rep5_M40,OSD-48,OSD-48|Liver|b28df4aa,liver,Liver,mouse,actual_flight,0,ground,Mmus_C57-6J_LVR_GC_C_Rep5_M40,||C|c57bl/6j|female|16 {week}||37 {day}|mini cold bag to -80c freezer|rlt buffer homogenized and snap frozen,Mmus_C57-6J_LVR_GC_C_Rep5_M40,GLDS-48_rna_seq_STAR_Unnormalized_Counts_GLbulkRNAseq.csv,osdr_counts,unknown,unknown,
OSD-48:Mmus_C57-6J_LVR_GC_C_Rep2_M37,OSD-48,OSD-48|Liver|b28df4aa,liver,Liver,mouse,actual_flight,0,ground,Mmus_C57-6J_LVR_GC_C_Rep2_M37,||C|c57bl/6j|female|16 {week}||37 {day}|mini cold bag to -80c freezer|rlt buffer homogenized and snap frozen,Mmus_C57-6J_LVR_GC_C_Rep2_M37,GLDS-48_rna_seq_STAR_Unnormalized_Counts_GLbulkRNAseq.csv,osdr_counts,unknown,unknown,
OSD-48:Mmus_C57-6J_LVR_FLT_C_Rep1_M25,OSD-48,OSD-48|Liver|b28df4aa,liver,Liver,mouse,actual_flight,1,flight,Mmus_C57-6J_LVR_FLT_C_Rep1_M25,||C|c57bl/6j|female|16 {week}||37 {day}|mini cold bag to -80c freezer|rlt buffer homogenized and snap frozen,Mmus_C57-6J_LVR_FLT_C_Rep1_M25,GLDS-48_rna_seq_STAR_Unnormalized_Counts_GLbulkRNAseq.csv,osdr_counts,unknown,unknown,
OSD-48:Mmus_C57-6J_LVR_FLT_C_Rep5_M30,OSD-48,OSD-48|Liver|b28df4aa,liver,Liver,mouse,actual_flight,1,flight,Mmus_C57-6J_LVR_FLT_C_Rep5_M30,||C|c57bl/6j|female|16 {week}||37 {day}|mini cold bag to -80c freezer|rlt buffer homogenized and snap frozen,Mmus_C57-6J_LVR_FLT_C_Rep5_M30,GLDS-48_rna_seq_STAR_Unnormalized_Counts_GLbulkRNAseq.csv,osdr_counts,unknown,unknown,
OSD-48:Mmus_C57-6J_LVR_FLT_C_Rep3_M27,OSD-48,OSD-48|Liver|b28df4aa,liver,Liver,mouse,actual_flight,1,flight,Mmus_C57-6J_LVR_FLT_C_Rep3_M27,||C|c57bl/6j|female|16 {week}||37 {day}|mini cold bag to -80c freezer|rlt buffer homogenized and snap frozen,Mmus_C57-6J_LVR_FLT_C_Rep3_M27,GLDS-48_rna_seq_STAR_Unnormalized_Counts_GLbulkRNAseq.csv,osdr_counts,unknown,unknown,
OSD-48:Mmus_C57-6J_LVR_FLT_C_Rep2_M26,OSD-48,OSD-48|Liver|b28df4aa,liver,Liver,mouse,actual_flight,1,flight,Mmus_C57-6J_LVR_FLT_C_Rep2_M26,||C|c57bl/6j|female|16 {week}||37 {day}|mini cold bag to -80c freezer|rlt buffer homogenized and snap frozen,Mmus_C57-6J_LVR_FLT_C_Rep2_M26,GLDS-48_rna_seq_STAR_Unnormalized_Counts_GLbulkRNAseq.csv,osdr_counts,unknown,unknown,
OSD-48:Mmus_C57-6J_LVR_FLT_C_Rep4_M28,OSD-48,OSD-48|Liver|b28df4aa,liver,Liver,mouse,actual_flight,1,flight,Mmus_C57-6J_LVR_FLT_C_Rep4_M28,||C|c57bl/6j|female|16 {week}||37 {day}|mini cold bag to -80c freezer|rlt buffer homogenized and snap frozen,Mmus_C57-6J_LVR_FLT_C_Rep4_M28,GLDS-48_rna_seq_STAR_Unnormalized_Counts_GLbulkRNAseq.csv,osdr_counts,unknown,unknown,
OSD-562:RRRM2_HPC_GC_LAR_OLD_GO15,OSD-562,OSD-562|Right hippocampus|d48ef0fe,brain,Right hippocampus,mouse,actual_flight,0,ground,RRRM2_HPC_GC_LAR_OLD_GO15,LAR|OLD||c57bl/6ntac|female|||||for spatial transcriptomics: right brain hemispheres were placed in oct compound and placed on dry ice until frozen throughout; for bulkrnaseq: right brain hemispheres were snap frozen in liquid nitrogen,RRRM2_HPC_GC_LAR_OLD_GO15,GLDS-557_rna_seq_STAR_Unnormalized_Counts_GLbulkRNAseq.csv,osdr_counts,unknown,unknown,
OSD-562:RRRM2_HPC_GC_LAR_OLD_GO13,OSD-562,OSD-562|Right hippocampus|d48ef0fe,brain,Right hippocampus,mouse,actual_flight,0,ground,RRRM2_HPC_GC_LAR_OLD_GO13,LAR|OLD||c57bl/6ntac|female|||||for spatial transcriptomics: right brain hemispheres were placed in oct compound and placed on dry ice until frozen throughout; for bulkrnaseq: right brain hemispheres were snap frozen in liquid nitrogen,RRRM2_HPC_GC_LAR_OLD_GO13,GLDS-557_rna_seq_STAR_Unnormalized_Counts_GLbulkRNAseq.csv,osdr_counts,unknown,unknown,
OSD-562:RRRM2_HPC_GC_LAR_OLD_GO12,OSD-562,OSD-562|Right hippocampus|d48ef0fe,brain,Right hippocampus,mouse,actual_flight,0,ground,RRRM2_HPC_GC_LAR_OLD_GO12,LAR|OLD||c57bl/6ntac|female|||||for spatial transcriptomics: right brain hemispheres were placed in oct compound and placed on dry ice until frozen throughout; for bulkrnaseq: right brain hemispheres were snap frozen in liquid nitrogen,RRRM2_HPC_GC_LAR_OLD_GO12,GLDS-557_rna_seq_STAR_Unnormalized_Counts_GLbulkRNAseq.csv,osdr_counts,unknown,unknown,
OSD-562:RRRM2_HPC_FLT_LAR_OLD_FO5,OSD-562,OSD-562|Right hippocampus|d48ef0fe,brain,Right hippocampus,mouse,actual_flight,1,flight,RRRM2_HPC_FLT_LAR_OLD_FO5,LAR|OLD||c57bl/6ntac|female|||||for spatial transcriptomics: right brain hemispheres were placed in oct compound and placed on dry ice until frozen throughout; for bulkrnaseq: right brain hemispheres were snap frozen in liquid nitrogen,RRRM2_HPC_FLT_LAR_OLD_FO5,GLDS-557_rna_seq_STAR_Unnormalized_Counts_GLbulkRNAseq.csv,osdr_counts,unknown,unknown,
OSD-562:RRRM2_HPC_FLT_LAR_OLD_FO2,OSD-562,OSD-562|Right hippocampus|d48ef0fe,brain,Right hippocampus,mouse,actual_flight,1,flight,RRRM2_HPC_FLT_LAR_OLD_FO2,LAR|OLD||c57bl/6ntac|female|||||for spatial transcriptomics: right brain hemispheres were placed in oct compound and placed on dry ice until frozen throughout; for bulkrnaseq: right brain hemispheres were snap frozen in liquid nitrogen,RRRM2_HPC_FLT_LAR_OLD_FO2,GLDS-557_rna_seq_STAR_Unnormalized_Counts_GLbulkRNAseq.csv,osdr_counts,unknown,unknown,
OSD-562:RRRM2_HPC_FLT_LAR_OLD_FO3,OSD-562,OSD-562|Right hippocampus|d48ef0fe,brain,Right hippocampus,mouse,actual_flight,1,flight,RRRM2_HPC_FLT_LAR_OLD_FO3,LAR|OLD||c57bl/6ntac|female|||||for spatial transcriptomics: right brain hemispheres were placed in oct compound and placed on dry ice until frozen throughout; for bulkrnaseq: right brain hemispheres were snap frozen in liquid nitrogen,RRRM2_HPC_FLT_LAR_OLD_FO3,GLDS-557_rna_seq_STAR_Unnormalized_Counts_GLbulkRNAseq.csv,osdr_counts,unknown,unknown,
OSD-562:RRRM2_HPC_GC_LAR_YNG_GY1,OSD-562,OSD-562|Right hippocampus|d00a2420,brain,Right hippocampus,mouse,actual_flight,0,ground,RRRM2_HPC_GC_LAR_YNG_GY1,LAR|YNG||c57bl/6ntac|female|||||for spatial transcriptomics: right brain hemispheres were placed in oct compound and placed on dry ice until frozen throughout; for bulkrnaseq: right brain hemispheres were snap frozen in liquid nitrogen,RRRM2_HPC_GC_LAR_YNG_GY1,GLDS-557_rna_seq_STAR_Unnormalized_Counts_GLbulkRNAseq.csv,osdr_counts,unknown,unknown,
OSD-562:RRRM2_HPC_GC_LAR_YNG_GY5,OSD-562,OSD-562|Right hippocampus|d00a2420,brain,Right hippocampus,mouse,actual_flight,0,ground,RRRM2_HPC_GC_LAR_YNG_GY5,LAR|YNG||c57bl/6ntac|female|||||for spatial transcriptomics: right brain hemispheres were placed in oct compound and placed on dry ice until frozen throughout; for bulkrnaseq: right brain hemispheres were snap frozen in liquid nitrogen,RRRM2_HPC_GC_LAR_YNG_GY5,GLDS-557_rna_seq_STAR_Unnormalized_Counts_GLbulkRNAseq.csv,osdr_counts,unknown,unknown,
OSD-562:RRRM2_HPC_GC_LAR_YNG_GY4,OSD-562,OSD-562|Right hippocampus|d00a2420,brain,Right hippocampus,mouse,actual_flight,0,ground,RRRM2_HPC_GC_LAR_YNG_GY4,LAR|YNG||c57bl/6ntac|female|||||for spatial transcriptomics: right brain hemispheres were placed in oct compound and placed on dry ice until frozen throughout; for bulkrnaseq: right brain hemispheres were snap frozen in liquid nitrogen,RRRM2_HPC_GC_LAR_YNG_GY4,GLDS-557_rna_seq_STAR_Unnormalized_Counts_GLbulkRNAseq.csv,osdr_counts,unknown,unknown,
OSD-562:RRRM2_HPC_FLT_LAR_YNG_FY7,OSD-562,OSD-562|Right hippocampus|d00a2420,brain,Right hippocampus,mouse,actual_flight,1,flight,RRRM2_HPC_FLT_LAR_YNG_FY7,LAR|YNG||c57bl/6ntac|female|||||for spatial transcriptomics: right brain hemispheres were placed in oct compound and placed on dry ice until frozen throughout; for bulkrnaseq: right brain hemispheres were snap frozen in liquid nitrogen,RRRM2_HPC_FLT_LAR_YNG_FY7,GLDS-557_rna_seq_STAR_Unnormalized_Counts_GLbulkRNAseq.csv,osdr_counts,unknown,unknown,
OSD-562:RRRM2_HPC_FLT_LAR_YNG_FY6,OSD-562,OSD-562|Right hippocampus|d00a2420,brain,Right hippocampus,mouse,actual_flight,1,flight,RRRM2_HPC_FLT_LAR_YNG_FY6,LAR|YNG||c57bl/6ntac|female|||||for spatial transcriptomics: right brain hemispheres were placed in oct compound and placed on dry ice until frozen throughout; for bulkrnaseq: right brain hemispheres were snap frozen in liquid nitrogen,RRRM2_HPC_FLT_LAR_YNG_FY6,GLDS-557_rna_seq_STAR_Unnormalized_Counts_GLbulkRNAseq.csv,osdr_counts,unknown,unknown,
OSD-562:RRRM2_HPC_FLT_LAR_YNG_FY10,OSD-562,OSD-562|Right hippocampus|d00a2420,brain,Right hippocampus,mouse,actual_flight,1,flight,RRRM2_HPC_FLT_LAR_YNG_FY10,LAR|YNG||c57bl/6ntac|female|||||for spatial transcriptomics: right brain hemispheres were placed in oct compound and placed on dry ice until frozen throughout; for bulkrnaseq: right brain hemispheres were snap frozen in liquid nitrogen,RRRM2_HPC_FLT_LAR_YNG_FY10,GLDS-557_rna_seq_STAR_Unnormalized_Counts_GLbulkRNAseq.csv,osdr_counts,unknown,unknown,
OSD-564:RR10_HPC_GC_WT_G1,OSD-564,OSD-564|Right hippocampus|416bbee1,brain,Right hippocampus,mouse,actual_flight,0,ground,RR10_HPC_GC_WT_G1,|||b6129sf2/j|female|14 - 15 {week}||28 {day}|cryochiller|for spatial transcriptomics: right brain hemispheres were placed in oct compound and placed on dry ice until frozen throughout; for bulkrnaseq: right brain hemispheres were snap frozen in liquid nitrogen,RR10_HPC_GC_WT_G1,GLDS-569_rna_seq_STAR_Unnormalized_Counts_GLbulkRNAseq.csv,osdr_counts,unknown,unknown,
OSD-564:RR10_HPC_GC_WT_G5,OSD-564,OSD-564|Right hippocampus|416bbee1,brain,Right hippocampus,mouse,actual_flight,0,ground,RR10_HPC_GC_WT_G5,|||b6129sf2/j|female|14 - 15 {week}||28 {day}|cryochiller|for spatial transcriptomics: right brain hemispheres were placed in oct compound and placed on dry ice until frozen throughout; for bulkrnaseq: right brain hemispheres were snap frozen in liquid nitrogen,RR10_HPC_GC_WT_G5,GLDS-569_rna_seq_STAR_Unnormalized_Counts_GLbulkRNAseq.csv,osdr_counts,unknown,unknown,
OSD-564:RR10_HPC_GC_WT_G9,OSD-564,OSD-564|Right hippocampus|416bbee1,brain,Right hippocampus,mouse,actual_flight,0,ground,RR10_HPC_GC_WT_G9,|||b6129sf2/j|female|14 - 15 {week}||28 {day}|cryochiller|for spatial transcriptomics: right brain hemispheres were placed in oct compound and placed on dry ice until frozen throughout; for bulkrnaseq: right brain hemispheres were snap frozen in liquid nitrogen,RR10_HPC_GC_WT_G9,GLDS-569_rna_seq_STAR_Unnormalized_Counts_GLbulkRNAseq.csv,osdr_counts,unknown,unknown,
OSD-564:RR10_HPC_GC_WT_G3,OSD-564,OSD-564|Right hippocampus|416bbee1,brain,Right hippocampus,mouse,actual_flight,0,ground,RR10_HPC_GC_WT_G3,|||b6129sf2/j|female|14 - 15 {week}||28 {day}|cryochiller|for spatial transcriptomics: right brain hemispheres were placed in oct compound and placed on dry ice until frozen throughout; for bulkrnaseq: right brain hemispheres were snap frozen in liquid nitrogen,RR10_HPC_GC_WT_G3,GLDS-569_rna_seq_STAR_Unnormalized_Counts_GLbulkRNAseq.csv,osdr_counts,unknown,unknown,
OSD-564:RR10_HPC_GC_WT_G7,OSD-564,OSD-564|Right hippocampus|416bbee1,brain,Right hippocampus,mouse,actual_flight,0,ground,RR10_HPC_GC_WT_G7,|||b6129sf2/j|female|14 - 15 {week}||28 {day}|cryochiller|for spatial transcriptomics: right brain hemispheres were placed in oct compound and placed on dry ice until frozen throughout; for bulkrnaseq: right brain hemispheres were snap frozen in liquid nitrogen,RR10_HPC_GC_WT_G7,GLDS-569_rna_seq_STAR_Unnormalized_Counts_GLbulkRNAseq.csv,osdr_counts,unknown,unknown,
OSD-564:RR10_HPC_FLT_WT_F1,OSD-564,OSD-564|Right hippocampus|416bbee1,brain,Right hippocampus,mouse,actual_flight,1,flight,RR10_HPC_FLT_WT_F1,|||b6129sf2/j|female|14 - 15 {week}||28 {day}|cryochiller|for spatial transcriptomics: right brain hemispheres were placed in oct compound and placed on dry ice until frozen throughout; for bulkrnaseq: right brain hemispheres were snap frozen in liquid nitrogen,RR10_HPC_FLT_WT_F1,GLDS-569_rna_seq_STAR_Unnormalized_Counts_GLbulkRNAseq.csv,osdr_counts,unknown,unknown,
OSD-564:RR10_HPC_FLT_WT_F9,OSD-564,OSD-564|Right hippocampus|416bbee1,brain,Right hippocampus,mouse,actual_flight,1,flight,RR10_HPC_FLT_WT_F9,|||b6129sf2/j|female|14 - 15 {week}||28 {day}|cryochiller|for spatial transcriptomics: right brain hemispheres were placed in oct compound and placed on dry ice until frozen throughout; for bulkrnaseq: right brain hemispheres were snap frozen in liquid nitrogen,RR10_HPC_FLT_WT_F9,GLDS-569_rna_seq_STAR_Unnormalized_Counts_GLbulkRNAseq.csv,osdr_counts,unknown,unknown,
OSD-564:RR10_HPC_FLT_WT_F3,OSD-564,OSD-564|Right hippocampus|416bbee1,brain,Right hippocampus,mouse,actual_flight,1,flight,RR10_HPC_FLT_WT_F3,|||b6129sf2/j|female|14 - 15 {week}||28 {day}|cryochiller|for spatial transcriptomics: right brain hemispheres were placed in oct compound and placed on dry ice until frozen throughout; for bulkrnaseq: right brain hemispheres were snap frozen in liquid nitrogen,RR10_HPC_FLT_WT_F3,GLDS-569_rna_seq_STAR_Unnormalized_Counts_GLbulkRNAseq.csv,osdr_counts,unknown,unknown,
OSD-564:RR10_HPC_FLT_WT_F7,OSD-564,OSD-564|Right hippocampus|416bbee1,brain,Right hippocampus,mouse,actual_flight,1,flight,RR10_HPC_FLT_WT_F7,|||b6129sf2/j|female|14 - 15 {week}||28 {day}|cryochiller|for spatial transcriptomics: right brain hemispheres were placed in oct compound and placed on dry ice until frozen throughout; for bulkrnaseq: right brain hemispheres were snap frozen in liquid nitrogen,RR10_HPC_FLT_WT_F7,GLDS-569_rna_seq_STAR_Unnormalized_Counts_GLbulkRNAseq.csv,osdr_counts,unknown,unknown,
OSD-564:RR10_HPC_FLT_WT_F5,OSD-564,OSD-564|Right hippocampus|416bbee1,brain,Right hippocampus,mouse,actual_flight,1,flight,RR10_HPC_FLT_WT_F5,|||b6129sf2/j|female|14 - 15 {week}||28 {day}|cryochiller|for spatial transcriptomics: right brain hemispheres were placed in oct compound and placed on dry ice until frozen throughout; for bulkrnaseq: right brain hemispheres were snap frozen in liquid nitrogen,RR10_HPC_FLT_WT_F5,GLDS-569_rna_seq_STAR_Unnormalized_Counts_GLbulkRNAseq.csv,osdr_counts,unknown,unknown,
OSD-576:RR23_R-TA_GC_G1,OSD-576,OSD-576|Right tibialis anterior|52cb5fea,skeletal muscle,Right tibialis anterior,mouse,actual_flight,0,ground,RR23_R-TA_GC_G1,|||c57bl/6j|male|16-17 {week}||38 {day}||liquid nitrogen,RR23_R-TA_GC_G1,GLDS-570_rna_seq_STAR_Unnormalized_Counts_GLbulkRNAseq.csv,osdr_counts,unknown,unknown,
OSD-576:RR23_R-TA_GC_G4,OSD-576,OSD-576|Right tibialis anterior|52cb5fea,skeletal muscle,Right tibialis anterior,mouse,actual_flight,0,ground,RR23_R-TA_GC_G4,|||c57bl/6j|male|16-17 {week}||38 {day}||liquid nitrogen,RR23_R-TA_GC_G4,GLDS-570_rna_seq_STAR_Unnormalized_Counts_GLbulkRNAseq.csv,osdr_counts,unknown,unknown,
OSD-576:RR23_R-TA_GC_G6,OSD-576,OSD-576|Right tibialis anterior|52cb5fea,skeletal muscle,Right tibialis anterior,mouse,actual_flight,0,ground,RR23_R-TA_GC_G6,|||c57bl/6j|male|16-17 {week}||38 {day}||liquid nitrogen,RR23_R-TA_GC_G6,GLDS-570_rna_seq_STAR_Unnormalized_Counts_GLbulkRNAseq.csv,osdr_counts,unknown,unknown,
OSD-576:RR23_R-TA_GC_G3,OSD-576,OSD-576|Right tibialis anterior|52cb5fea,skeletal muscle,Right tibialis anterior,mouse,actual_flight,0,ground,RR23_R-TA_GC_G3,|||c57bl/6j|male|16-17 {week}||38 {day}||liquid nitrogen,RR23_R-TA_GC_G3,GLDS-570_rna_seq_STAR_Unnormalized_Counts_GLbulkRNAseq.csv,osdr_counts,unknown,unknown,
OSD-576:RR23_R-TA_GC_G5,OSD-576,OSD-576|Right tibialis anterior|52cb5fea,skeletal muscle,Right tibialis anterior,mouse,actual_flight,0,ground,RR23_R-TA_GC_G5,|||c57bl/6j|male|16-17 {week}||38 {day}||liquid nitrogen,RR23_R-TA_GC_G5,GLDS-570_rna_seq_STAR_Unnormalized_Counts_GLbulkRNAseq.csv,osdr_counts,unknown,unknown,
OSD-576:RR23_R-TA_GC_G7,OSD-576,OSD-576|Right tibialis anterior|52cb5fea,skeletal muscle,Right tibialis anterior,mouse,actual_flight,0,ground,RR23_R-TA_GC_G7,|||c57bl/6j|male|16-17 {week}||38 {day}||liquid nitrogen,RR23_R-TA_GC_G7,GLDS-570_rna_seq_STAR_Unnormalized_Counts_GLbulkRNAseq.csv,osdr_counts,unknown,unknown,
OSD-576:RR23_R-TA_FLT_F6,OSD-576,OSD-576|Right tibialis anterior|52cb5fea,skeletal muscle,Right tibialis anterior,mouse,actual_flight,1,flight,RR23_R-TA_FLT_F6,|||c57bl/6j|male|16-17 {week}||38 {day}||liquid nitrogen,RR23_R-TA_FLT_F6,GLDS-570_rna_seq_STAR_Unnormalized_Counts_GLbulkRNAseq.csv,osdr_counts,unknown,unknown,
OSD-576:RR23_R-TA_FLT_F2,OSD-576,OSD-576|Right tibialis anterior|52cb5fea,skeletal muscle,Right tibialis anterior,mouse,actual_flight,1,flight,RR23_R-TA_FLT_F2,|||c57bl/6j|male|16-17 {week}||38 {day}||liquid nitrogen,RR23_R-TA_FLT_F2,GLDS-570_rna_seq_STAR_Unnormalized_Counts_GLbulkRNAseq.csv,osdr_counts,unknown,unknown,
OSD-576:RR23_R-TA_FLT_F5,OSD-576,OSD-576|Right tibialis anterior|52cb5fea,skeletal muscle,Right tibialis anterior,mouse,actual_flight,1,flight,RR23_R-TA_FLT_F5,|||c57bl/6j|male|16-17 {week}||38 {day}||liquid nitrogen,RR23_R-TA_FLT_F5,GLDS-570_rna_seq_STAR_Unnormalized_Counts_GLbulkRNAseq.csv,osdr_counts,unknown,unknown,
OSD-576:RR23_R-TA_FLT_F3,OSD-576,OSD-576|Right tibialis anterior|52cb5fea,skeletal muscle,Right tibialis anterior,mouse,actual_flight,1,flight,RR23_R-TA_FLT_F3,|||c57bl/6j|male|16-17 {week}||38 {day}||liquid nitrogen,RR23_R-TA_FLT_F3,GLDS-570_rna_seq_STAR_Unnormalized_Counts_GLbulkRNAseq.csv,osdr_counts,unknown,unknown,
OSD-576:RR23_R-TA_FLT_F7,OSD-576,OSD-576|Right tibialis anterior|52cb5fea,skeletal muscle,Right tibialis anterior,mouse,actual_flight,1,flight,RR23_R-TA_FLT_F7,|||c57bl/6j|male|16-17 {week}||38 {day}||liquid nitrogen,RR23_R-TA_FLT_F7,GLDS-570_rna_seq_STAR_Unnormalized_Counts_GLbulkRNAseq.csv,osdr_counts,unknown,unknown,
OSD-576:RR23_R-TA_FLT_F4,OSD-576,OSD-576|Right tibialis anterior|52cb5fea,skeletal muscle,Right tibialis anterior,mouse,actual_flight,1,flight,RR23_R-TA_FLT_F4,|||c57bl/6j|male|16-17 {week}||38 {day}||liquid nitrogen,RR23_R-TA_FLT_F4,GLDS-570_rna_seq_STAR_Unnormalized_Counts_GLbulkRNAseq.csv,osdr_counts,unknown,unknown,
OSD-580:RRRM2_HRT_GC_LAR_OLD_GO13,OSD-580,OSD-580|heart right ventricle|c7240239,heart,heart right ventricle,mouse,actual_flight,0,ground,RRRM2_HRT_GC_LAR_OLD_GO13,LAR|OLD||c57bl/6ntac|female|||||liquid nitrogen,RRRM2_HRT_GC_LAR_OLD_GO13,GLDS-573_rna_seq_STAR_Unnormalized_Counts.csv,osdr_counts,unknown,unknown,
OSD-580:RRRM2_HRT_GC_LAR_OLD_GO15,OSD-580,OSD-580|heart right ventricle|c7240239,heart,heart right ventricle,mouse,actual_flight,0,ground,RRRM2_HRT_GC_LAR_OLD_GO15,LAR|OLD||c57bl/6ntac|female|||||liquid nitrogen,RRRM2_HRT_GC_LAR_OLD_GO15,GLDS-573_rna_seq_STAR_Unnormalized_Counts.csv,osdr_counts,unknown,unknown,
OSD-580:RRRM2_HRT_GC_LAR_OLD_GO17,OSD-580,OSD-580|heart right ventricle|c7240239,heart,heart right ventricle,mouse,actual_flight,0,ground,RRRM2_HRT_GC_LAR_OLD_GO17,LAR|OLD||c57bl/6ntac|female|||||liquid nitrogen,RRRM2_HRT_GC_LAR_OLD_GO17,GLDS-573_rna_seq_STAR_Unnormalized_Counts.csv,osdr_counts,unknown,unknown,
OSD-580:RRRM2_HRT_GC_LAR_OLD_GO11,OSD-580,OSD-580|heart right ventricle|c7240239,heart,heart right ventricle,mouse,actual_flight,0,ground,RRRM2_HRT_GC_LAR_OLD_GO11,LAR|OLD||c57bl/6ntac|female|||||liquid nitrogen,RRRM2_HRT_GC_LAR_OLD_GO11,GLDS-573_rna_seq_STAR_Unnormalized_Counts.csv,osdr_counts,unknown,unknown,
OSD-580:RRRM2_HRT_GC_LAR_OLD_GO19,OSD-580,OSD-580|heart right ventricle|c7240239,heart,heart right ventricle,mouse,actual_flight,0,ground,RRRM2_HRT_GC_LAR_OLD_GO19,LAR|OLD||c57bl/6ntac|female|||||liquid nitrogen,RRRM2_HRT_GC_LAR_OLD_GO19,GLDS-573_rna_seq_STAR_Unnormalized_Counts.csv,osdr_counts,unknown,unknown,
OSD-580:RRRM2_HRT_FLT_LAR_OLD_FO19,OSD-580,OSD-580|heart right ventricle|c7240239,heart,heart right ventricle,mouse,actual_flight,1,flight,RRRM2_HRT_FLT_LAR_OLD_FO19,LAR|OLD||c57bl/6ntac|female|||||liquid nitrogen,RRRM2_HRT_FLT_LAR_OLD_FO19,GLDS-573_rna_seq_STAR_Unnormalized_Counts.csv,osdr_counts,unknown,unknown,
OSD-580:RRRM2_HRT_FLT_LAR_OLD_FO17,OSD-580,OSD-580|heart right ventricle|c7240239,heart,heart right ventricle,mouse,actual_flight,1,flight,RRRM2_HRT_FLT_LAR_OLD_FO17,LAR|OLD||c57bl/6ntac|female|||||liquid nitrogen,RRRM2_HRT_FLT_LAR_OLD_FO17,GLDS-573_rna_seq_STAR_Unnormalized_Counts.csv,osdr_counts,unknown,unknown,
OSD-580:RRRM2_HRT_FLT_LAR_OLD_FO3,OSD-580,OSD-580|heart right ventricle|c7240239,heart,heart right ventricle,mouse,actual_flight,1,flight,RRRM2_HRT_FLT_LAR_OLD_FO3,LAR|OLD||c57bl/6ntac|female|||||liquid nitrogen,RRRM2_HRT_FLT_LAR_OLD_FO3,GLDS-573_rna_seq_STAR_Unnormalized_Counts.csv,osdr_counts,unknown,unknown,
OSD-580:RRRM2_HRT_FLT_LAR_OLD_FO5,OSD-580,OSD-580|heart right ventricle|c7240239,heart,heart right ventricle,mouse,actual_flight,1,flight,RRRM2_HRT_FLT_LAR_OLD_FO5,LAR|OLD||c57bl/6ntac|female|||||liquid nitrogen,RRRM2_HRT_FLT_LAR_OLD_FO5,GLDS-573_rna_seq_STAR_Unnormalized_Counts.csv,osdr_counts,unknown,unknown,
OSD-580:RRRM2_HRT_FLT_LAR_OLD_FO1,OSD-580,OSD-580|heart right ventricle|c7240239,heart,heart right ventricle,mouse,actual_flight,1,flight,RRRM2_HRT_FLT_LAR_OLD_FO1,LAR|OLD||c57bl/6ntac|female|||||liquid nitrogen,RRRM2_HRT_FLT_LAR_OLD_FO1,GLDS-573_rna_seq_STAR_Unnormalized_Counts.csv,osdr_counts,unknown,unknown,
OSD-580:RRRM2_HRT_GC_LAR_YNG_GY1,OSD-580,OSD-580|heart right ventricle|85cadd29,heart,heart right ventricle,mouse,actual_flight,0,ground,RRRM2_HRT_GC_LAR_YNG_GY1,LAR|YNG||c57bl/6ntac|female|||||liquid nitrogen,RRRM2_HRT_GC_LAR_YNG_GY1,GLDS-573_rna_seq_STAR_Unnormalized_Counts.csv,osdr_counts,unknown,unknown,
OSD-580:RRRM2_HRT_GC_LAR_YNG_GY9,OSD-580,OSD-580|heart right ventricle|85cadd29,heart,heart right ventricle,mouse,actual_flight,0,ground,RRRM2_HRT_GC_LAR_YNG_GY9,LAR|YNG||c57bl/6ntac|female|||||liquid nitrogen,RRRM2_HRT_GC_LAR_YNG_GY9,GLDS-573_rna_seq_STAR_Unnormalized_Counts.csv,osdr_counts,unknown,unknown,
OSD-580:RRRM2_HRT_GC_LAR_YNG_GY7,OSD-580,OSD-580|heart right ventricle|85cadd29,heart,heart right ventricle,mouse,actual_flight,0,ground,RRRM2_HRT_GC_LAR_YNG_GY7,LAR|YNG||c57bl/6ntac|female|||||liquid nitrogen,RRRM2_HRT_GC_LAR_YNG_GY7,GLDS-573_rna_seq_STAR_Unnormalized_Counts.csv,osdr_counts,unknown,unknown,
OSD-580:RRRM2_HRT_GC_LAR_YNG_GY5,OSD-580,OSD-580|heart right ventricle|85cadd29,heart,heart right ventricle,mouse,actual_flight,0,ground,RRRM2_HRT_GC_LAR_YNG_GY5,LAR|YNG||c57bl/6ntac|female|||||liquid nitrogen,RRRM2_HRT_GC_LAR_YNG_GY5,GLDS-573_rna_seq_STAR_Unnormalized_Counts.csv,osdr_counts,unknown,unknown,
OSD-580:RRRM2_HRT_GC_LAR_YNG_GY3,OSD-580,OSD-580|heart right ventricle|85cadd29,heart,heart right ventricle,mouse,actual_flight,0,ground,RRRM2_HRT_GC_LAR_YNG_GY3,LAR|YNG||c57bl/6ntac|female|||||liquid nitrogen,RRRM2_HRT_GC_LAR_YNG_GY3,GLDS-573_rna_seq_STAR_Unnormalized_Counts.csv,osdr_counts,unknown,unknown,
OSD-580:RRRM2_HRT_FLT_LAR_YNG_FY8,OSD-580,OSD-580|heart right ventricle|85cadd29,heart,heart right ventricle,mouse,actual_flight,1,flight,RRRM2_HRT_FLT_LAR_YNG_FY8,LAR|YNG||c57bl/6ntac|female|||||liquid nitrogen,RRRM2_HRT_FLT_LAR_YNG_FY8,GLDS-573_rna_seq_STAR_Unnormalized_Counts.csv,osdr_counts,unknown,unknown,
OSD-580:RRRM2_HRT_FLT_LAR_YNG_FY14,OSD-580,OSD-580|heart right ventricle|85cadd29,heart,heart right ventricle,mouse,actual_flight,1,flight,RRRM2_HRT_FLT_LAR_YNG_FY14,LAR|YNG||c57bl/6ntac|female|||||liquid nitrogen,RRRM2_HRT_FLT_LAR_YNG_FY14,GLDS-573_rna_seq_STAR_Unnormalized_Counts.csv,osdr_counts,unknown,unknown,
OSD-580:RRRM2_HRT_FLT_LAR_YNG_FY12,OSD-580,OSD-580|heart right ventricle|85cadd29,heart,heart right ventricle,mouse,actual_flight,1,flight,RRRM2_HRT_FLT_LAR_YNG_FY12,LAR|YNG||c57bl/6ntac|female|||||liquid nitrogen,RRRM2_HRT_FLT_LAR_YNG_FY12,GLDS-573_rna_seq_STAR_Unnormalized_Counts.csv,osdr_counts,unknown,unknown,
OSD-580:RRRM2_HRT_FLT_LAR_YNG_FY6,OSD-580,OSD-580|heart right ventricle|85cadd29,heart,heart right ventricle,mouse,actual_flight,1,flight,RRRM2_HRT_FLT_LAR_YNG_FY6,LAR|YNG||c57bl/6ntac|female|||||liquid nitrogen,RRRM2_HRT_FLT_LAR_YNG_FY6,GLDS-573_rna_seq_STAR_Unnormalized_Counts.csv,osdr_counts,unknown,unknown,
OSD-580:RRRM2_HRT_FLT_LAR_YNG_FY10,OSD-580,OSD-580|heart right ventricle|85cadd29,heart,heart right ventricle,mouse,actual_flight,1,flight,RRRM2_HRT_FLT_LAR_YNG_FY10,LAR|YNG||c57bl/6ntac|female|||||liquid nitrogen,RRRM2_HRT_FLT_LAR_YNG_FY10,GLDS-573_rna_seq_STAR_Unnormalized_Counts.csv,osdr_counts,unknown,unknown,
OSD-599:GSM6996079,OSD-599,OSD-599|Heart|9de7889f,heart,Heart,mouse,actual_flight,0,ground,GSM6996079,|||c57bl/6j|female|9 - 11 {week}||30 {day}||rnalater or rnaprotect or liquid nitrogen,GSM6996079,GLDS-596_rna_seq_STAR_Unnormalized_Counts_GLbulkRNAseq.csv,osdr_counts,unknown,unknown,
OSD-599:GSM6996078,OSD-599,OSD-599|Heart|9de7889f,heart,Heart,mouse,actual_flight,0,ground,GSM6996078,|||c57bl/6j|female|9 - 11 {week}||30 {day}||rnalater or rnaprotect or liquid nitrogen,GSM6996078,GLDS-596_rna_seq_STAR_Unnormalized_Counts_GLbulkRNAseq.csv,osdr_counts,unknown,unknown,
OSD-599:GSM6996077,OSD-599,OSD-599|Heart|9de7889f,heart,Heart,mouse,actual_flight,0,ground,GSM6996077,|||c57bl/6j|female|9 - 11 {week}||30 {day}||rnalater or rnaprotect or liquid nitrogen,GSM6996077,GLDS-596_rna_seq_STAR_Unnormalized_Counts_GLbulkRNAseq.csv,osdr_counts,unknown,unknown,
OSD-599:GSM6996082,OSD-599,OSD-599|Heart|9de7889f,heart,Heart,mouse,actual_flight,1,flight,GSM6996082,|||c57bl/6j|female|9 - 11 {week}||30 {day}||rnalater or rnaprotect or liquid nitrogen,GSM6996082,GLDS-596_rna_seq_STAR_Unnormalized_Counts_GLbulkRNAseq.csv,osdr_counts,unknown,unknown,
OSD-599:GSM6996081,OSD-599,OSD-599|Heart|9de7889f,heart,Heart,mouse,actual_flight,1,flight,GSM6996081,|||c57bl/6j|female|9 - 11 {week}||30 {day}||rnalater or rnaprotect or liquid nitrogen,GSM6996081,GLDS-596_rna_seq_STAR_Unnormalized_Counts_GLbulkRNAseq.csv,osdr_counts,unknown,unknown,
OSD-599:GSM6996080,OSD-599,OSD-599|Heart|9de7889f,heart,Heart,mouse,actual_flight,1,flight,GSM6996080,|||c57bl/6j|female|9 - 11 {week}||30 {day}||rnalater or rnaprotect or liquid nitrogen,GSM6996080,GLDS-596_rna_seq_STAR_Unnormalized_Counts_GLbulkRNAseq.csv,osdr_counts,unknown,unknown,
OSD-665:RR23_R-EDL_GC_G5,OSD-665,OSD-665|Right extensor digitorum longus|52cb5fea,skeletal muscle,Right extensor digitorum longus,mouse,actual_flight,0,ground,RR23_R-EDL_GC_G5,|||c57bl/6j|male|16-17 {week}||38 {day}||liquid nitrogen,RR23_R-EDL_GC_G5,GLDS-604_rna_seq_STAR_Unnormalized_Counts_GLbulkRNAseq.csv,osdr_counts,unknown,unknown,
OSD-665:RR23_R-EDL_GC_G6,OSD-665,OSD-665|Right extensor digitorum longus|52cb5fea,skeletal muscle,Right extensor digitorum longus,mouse,actual_flight,0,ground,RR23_R-EDL_GC_G6,|||c57bl/6j|male|16-17 {week}||38 {day}||liquid nitrogen,RR23_R-EDL_GC_G6,GLDS-604_rna_seq_STAR_Unnormalized_Counts_GLbulkRNAseq.csv,osdr_counts,unknown,unknown,
OSD-665:RR23_R-EDL_GC_G7,OSD-665,OSD-665|Right extensor digitorum longus|52cb5fea,skeletal muscle,Right extensor digitorum longus,mouse,actual_flight,0,ground,RR23_R-EDL_GC_G7,|||c57bl/6j|male|16-17 {week}||38 {day}||liquid nitrogen,RR23_R-EDL_GC_G7,GLDS-604_rna_seq_STAR_Unnormalized_Counts_GLbulkRNAseq.csv,osdr_counts,unknown,unknown,
OSD-665:RR23_R-EDL_GC_G2,OSD-665,OSD-665|Right extensor digitorum longus|52cb5fea,skeletal muscle,Right extensor digitorum longus,mouse,actual_flight,0,ground,RR23_R-EDL_GC_G2,|||c57bl/6j|male|16-17 {week}||38 {day}||liquid nitrogen,RR23_R-EDL_GC_G2,GLDS-604_rna_seq_STAR_Unnormalized_Counts_GLbulkRNAseq.csv,osdr_counts,unknown,unknown,
OSD-665:RR23_R-EDL_GC_G9,OSD-665,OSD-665|Right extensor digitorum longus|52cb5fea,skeletal muscle,Right extensor digitorum longus,mouse,actual_flight,0,ground,RR23_R-EDL_GC_G9,|||c57bl/6j|male|16-17 {week}||38 {day}||liquid nitrogen,RR23_R-EDL_GC_G9,GLDS-604_rna_seq_STAR_Unnormalized_Counts_GLbulkRNAseq.csv,osdr_counts,unknown,unknown,
OSD-665:RR23_R-EDL_GC_G3,OSD-665,OSD-665|Right extensor digitorum longus|52cb5fea,skeletal muscle,Right extensor digitorum longus,mouse,actual_flight,0,ground,RR23_R-EDL_GC_G3,|||c57bl/6j|male|16-17 {week}||38 {day}||liquid nitrogen,RR23_R-EDL_GC_G3,GLDS-604_rna_seq_STAR_Unnormalized_Counts_GLbulkRNAseq.csv,osdr_counts,unknown,unknown,
OSD-665:RR23_R-EDL_FLT_F7,OSD-665,OSD-665|Right extensor digitorum longus|52cb5fea,skeletal muscle,Right extensor digitorum longus,mouse,actual_flight,1,flight,RR23_R-EDL_FLT_F7,|||c57bl/6j|male|16-17 {week}||38 {day}||liquid nitrogen,RR23_R-EDL_FLT_F7,GLDS-604_rna_seq_STAR_Unnormalized_Counts_GLbulkRNAseq.csv,osdr_counts,unknown,unknown,
OSD-665:RR23_R-EDL_FLT_F6,OSD-665,OSD-665|Right extensor digitorum longus|52cb5fea,skeletal muscle,Right extensor digitorum longus,mouse,actual_flight,1,flight,RR23_R-EDL_FLT_F6,|||c57bl/6j|male|16-17 {week}||38 {day}||liquid nitrogen,RR23_R-EDL_FLT_F6,GLDS-604_rna_seq_STAR_Unnormalized_Counts_GLbulkRNAseq.csv,osdr_counts,unknown,unknown,
OSD-665:RR23_R-EDL_FLT_F8,OSD-665,OSD-665|Right extensor digitorum longus|52cb5fea,skeletal muscle,Right extensor digitorum longus,mouse,actual_flight,1,flight,RR23_R-EDL_FLT_F8,|||c57bl/6j|male|16-17 {week}||38 {day}||liquid nitrogen,RR23_R-EDL_FLT_F8,GLDS-604_rna_seq_STAR_Unnormalized_Counts_GLbulkRNAseq.csv,osdr_counts,unknown,unknown,
OSD-665:RR23_R-EDL_FLT_F5,OSD-665,OSD-665|Right extensor digitorum longus|52cb5fea,skeletal muscle,Right extensor digitorum longus,mouse,actual_flight,1,flight,RR23_R-EDL_FLT_F5,|||c57bl/6j|male|16-17 {week}||38 {day}||liquid nitrogen,RR23_R-EDL_FLT_F5,GLDS-604_rna_seq_STAR_Unnormalized_Counts_GLbulkRNAseq.csv,osdr_counts,unknown,unknown,
OSD-665:RR23_R-EDL_FLT_F4,OSD-665,OSD-665|Right extensor digitorum longus|52cb5fea,skeletal muscle,Right extensor digitorum longus,mouse,actual_flight,1,flight,RR23_R-EDL_FLT_F4,|||c57bl/6j|male|16-17 {week}||38 {day}||liquid nitrogen,RR23_R-EDL_FLT_F4,GLDS-604_rna_seq_STAR_Unnormalized_Counts_GLbulkRNAseq.csv,osdr_counts,unknown,unknown,
OSD-665:RR23_R-EDL_FLT_F2,OSD-665,OSD-665|Right extensor digitorum longus|52cb5fea,skeletal muscle,Right extensor digitorum longus,mouse,actual_flight,1,flight,RR23_R-EDL_FLT_F2,|||c57bl/6j|male|16-17 {week}||38 {day}||liquid nitrogen,RR23_R-EDL_FLT_F2,GLDS-604_rna_seq_STAR_Unnormalized_Counts_GLbulkRNAseq.csv,osdr_counts,unknown,unknown,
OSD-666:RR23_R-Quad_GC_G9,OSD-666,OSD-666|Right quadriceps femoris|52cb5fea,skeletal muscle,Right quadriceps femoris,mouse,actual_flight,0,ground,RR23_R-Quad_GC_G9,|||c57bl/6j|male|16-17 {week}||38 {day}||liquid nitrogen,RR23_R-Quad_GC_G9,GLDS-605_rna_seq_STAR_Unnormalized_Counts_GLbulkRNAseq.csv,osdr_counts,unknown,unknown,
OSD-666:RR23_R-Quad_GC_G5,OSD-666,OSD-666|Right quadriceps femoris|52cb5fea,skeletal muscle,Right quadriceps femoris,mouse,actual_flight,0,ground,RR23_R-Quad_GC_G5,|||c57bl/6j|male|16-17 {week}||38 {day}||liquid nitrogen,RR23_R-Quad_GC_G5,GLDS-605_rna_seq_STAR_Unnormalized_Counts_GLbulkRNAseq.csv,osdr_counts,unknown,unknown,
OSD-666:RR23_R-Quad_GC_G4,OSD-666,OSD-666|Right quadriceps femoris|52cb5fea,skeletal muscle,Right quadriceps femoris,mouse,actual_flight,0,ground,RR23_R-Quad_GC_G4,|||c57bl/6j|male|16-17 {week}||38 {day}||liquid nitrogen,RR23_R-Quad_GC_G4,GLDS-605_rna_seq_STAR_Unnormalized_Counts_GLbulkRNAseq.csv,osdr_counts,unknown,unknown,
OSD-666:RR23_R-Quad_GC_G1_techrep1,OSD-666,OSD-666|Right quadriceps femoris|52cb5fea,skeletal muscle,Right quadriceps femoris,mouse,actual_flight,0,ground,RR23_R-Quad_GC_G1,|||c57bl/6j|male|16-17 {week}||38 {day}||liquid nitrogen,RR23_R-Quad_GC_G1_techrep1,GLDS-605_rna_seq_STAR_Unnormalized_Counts_GLbulkRNAseq.csv,osdr_counts,unknown,unknown,
OSD-666:RR23_R-Quad_GC_G2,OSD-666,OSD-666|Right quadriceps femoris|52cb5fea,skeletal muscle,Right quadriceps femoris,mouse,actual_flight,0,ground,RR23_R-Quad_GC_G2,|||c57bl/6j|male|16-17 {week}||38 {day}||liquid nitrogen,RR23_R-Quad_GC_G2,GLDS-605_rna_seq_STAR_Unnormalized_Counts_GLbulkRNAseq.csv,osdr_counts,unknown,unknown,
OSD-666:RR23_R-Quad_GC_G8,OSD-666,OSD-666|Right quadriceps femoris|52cb5fea,skeletal muscle,Right quadriceps femoris,mouse,actual_flight,0,ground,RR23_R-Quad_GC_G8,|||c57bl/6j|male|16-17 {week}||38 {day}||liquid nitrogen,RR23_R-Quad_GC_G8,GLDS-605_rna_seq_STAR_Unnormalized_Counts_GLbulkRNAseq.csv,osdr_counts,unknown,unknown,
OSD-666:RR23_R-Quad_FLT_F6,OSD-666,OSD-666|Right quadriceps femoris|52cb5fea,skeletal muscle,Right quadriceps femoris,mouse,actual_flight,1,flight,RR23_R-Quad_FLT_F6,|||c57bl/6j|male|16-17 {week}||38 {day}||liquid nitrogen,RR23_R-Quad_FLT_F6,GLDS-605_rna_seq_STAR_Unnormalized_Counts_GLbulkRNAseq.csv,osdr_counts,unknown,unknown,
OSD-666:RR23_R-Quad_FLT_F5,OSD-666,OSD-666|Right quadriceps femoris|52cb5fea,skeletal muscle,Right quadriceps femoris,mouse,actual_flight,1,flight,RR23_R-Quad_FLT_F5,|||c57bl/6j|male|16-17 {week}||38 {day}||liquid nitrogen,RR23_R-Quad_FLT_F5,GLDS-605_rna_seq_STAR_Unnormalized_Counts_GLbulkRNAseq.csv,osdr_counts,unknown,unknown,
OSD-666:RR23_R-Quad_FLT_F8,OSD-666,OSD-666|Right quadriceps femoris|52cb5fea,skeletal muscle,Right quadriceps femoris,mouse,actual_flight,1,flight,RR23_R-Quad_FLT_F8,|||c57bl/6j|male|16-17 {week}||38 {day}||liquid nitrogen,RR23_R-Quad_FLT_F8,GLDS-605_rna_seq_STAR_Unnormalized_Counts_GLbulkRNAseq.csv,osdr_counts,unknown,unknown,
OSD-666:RR23_R-Quad_FLT_F2,OSD-666,OSD-666|Right quadriceps femoris|52cb5fea,skeletal muscle,Right quadriceps femoris,mouse,actual_flight,1,flight,RR23_R-Quad_FLT_F2,|||c57bl/6j|male|16-17 {week}||38 {day}||liquid nitrogen,RR23_R-Quad_FLT_F2,GLDS-605_rna_seq_STAR_Unnormalized_Counts_GLbulkRNAseq.csv,osdr_counts,unknown,unknown,
OSD-666:RR23_R-Quad_FLT_F4,OSD-666,OSD-666|Right quadriceps femoris|52cb5fea,skeletal muscle,Right quadriceps femoris,mouse,actual_flight,1,flight,RR23_R-Quad_FLT_F4,|||c57bl/6j|male|16-17 {week}||38 {day}||liquid nitrogen,RR23_R-Quad_FLT_F4,GLDS-605_rna_seq_STAR_Unnormalized_Counts_GLbulkRNAseq.csv,osdr_counts,unknown,unknown,
OSD-666:RR23_R-Quad_FLT_F9,OSD-666,OSD-666|Right quadriceps femoris|52cb5fea,skeletal muscle,Right quadriceps femoris,mouse,actual_flight,1,flight,RR23_R-Quad_FLT_F9,|||c57bl/6j|male|16-17 {week}||38 {day}||liquid nitrogen,RR23_R-Quad_FLT_F9,GLDS-605_rna_seq_STAR_Unnormalized_Counts_GLbulkRNAseq.csv,osdr_counts,unknown,unknown,
OSD-667:RR10_CLN_GC_KO_G11,OSD-667,OSD-667|Colon|1cbbec91,colon,Colon,mouse,actual_flight,0,ground,RR10_CLN_GC_KO_G11,|||b6;129s2|female|14-15 {week}|p21-null|29 {day}|cryochiller|rnalater for 24 hours,RR10_CLN_GC_KO_G11,GLDS-606_rna_seq_STAR_Unnormalized_Counts_GLbulkRNAseq.csv,osdr_counts,unknown,unknown,
OSD-667:RR10_CLN_GC_KO_G15,OSD-667,OSD-667|Colon|1cbbec91,colon,Colon,mouse,actual_flight,0,ground,RR10_CLN_GC_KO_G15,|||b6;129s2|female|14-15 {week}|p21-null|29 {day}|cryochiller|rnalater for 24 hours,RR10_CLN_GC_KO_G15,GLDS-606_rna_seq_STAR_Unnormalized_Counts_GLbulkRNAseq.csv,osdr_counts,unknown,unknown,
OSD-667:RR10_CLN_GC_KO_G19,OSD-667,OSD-667|Colon|1cbbec91,colon,Colon,mouse,actual_flight,0,ground,RR10_CLN_GC_KO_G19,|||b6;129s2|female|14-15 {week}|p21-null|29 {day}|cryochiller|rnalater for 24 hours,RR10_CLN_GC_KO_G19,GLDS-606_rna_seq_STAR_Unnormalized_Counts_GLbulkRNAseq.csv,osdr_counts,unknown,unknown,
OSD-667:RR10_CLN_FLT_KO_F11,OSD-667,OSD-667|Colon|1cbbec91,colon,Colon,mouse,actual_flight,1,flight,RR10_CLN_FLT_KO_F11,|||b6;129s2|female|14-15 {week}|p21-null|29 {day}|cryochiller|rnalater for 24 hours,RR10_CLN_FLT_KO_F11,GLDS-606_rna_seq_STAR_Unnormalized_Counts_GLbulkRNAseq.csv,osdr_counts,unknown,unknown,
OSD-667:RR10_CLN_FLT_KO_F15,OSD-667,OSD-667|Colon|1cbbec91,colon,Colon,mouse,actual_flight,1,flight,RR10_CLN_FLT_KO_F15,|||b6;129s2|female|14-15 {week}|p21-null|29 {day}|cryochiller|rnalater for 24 hours,RR10_CLN_FLT_KO_F15,GLDS-606_rna_seq_STAR_Unnormalized_Counts_GLbulkRNAseq.csv,osdr_counts,unknown,unknown,
OSD-667:RR10_CLN_FLT_KO_F19,OSD-667,OSD-667|Colon|1cbbec91,colon,Colon,mouse,actual_flight,1,flight,RR10_CLN_FLT_KO_F19,|||b6;129s2|female|14-15 {week}|p21-null|29 {day}|cryochiller|rnalater for 24 hours,RR10_CLN_FLT_KO_F19,GLDS-606_rna_seq_STAR_Unnormalized_Counts_GLbulkRNAseq.csv,osdr_counts,unknown,unknown,
OSD-686:GSM7708683,OSD-686,OSD-686|Liver|df0bb62b,liver,Liver,mouse,actual_flight,0,ground,GSM7708683,|||c57bl/6j|male|9 {week}||30 {day}||liquid nitrogen,GSM7708683,GLDS-617_rna_seq_STAR_Unnormalized_Counts_GLbulkRNAseq.csv,osdr_counts,unknown,unknown,
OSD-686:GSM7708684,OSD-686,OSD-686|Liver|df0bb62b,liver,Liver,mouse,actual_flight,0,ground,GSM7708684,|||c57bl/6j|male|9 {week}||30 {day}||liquid nitrogen,GSM7708684,GLDS-617_rna_seq_STAR_Unnormalized_Counts_GLbulkRNAseq.csv,osdr_counts,unknown,unknown,
OSD-686:GSM7708682,OSD-686,OSD-686|Liver|df0bb62b,liver,Liver,mouse,actual_flight,0,ground,GSM7708682,|||c57bl/6j|male|9 {week}||30 {day}||liquid nitrogen,GSM7708682,GLDS-617_rna_seq_STAR_Unnormalized_Counts_GLbulkRNAseq.csv,osdr_counts,unknown,unknown,
OSD-686:GSM7708685,OSD-686,OSD-686|Liver|df0bb62b,liver,Liver,mouse,actual_flight,1,flight,GSM7708685,|||c57bl/6j|male|9 {week}||30 {day}||liquid nitrogen,GSM7708685,GLDS-617_rna_seq_STAR_Unnormalized_Counts_GLbulkRNAseq.csv,osdr_counts,unknown,unknown,
OSD-686:GSM7708686,OSD-686,OSD-686|Liver|df0bb62b,liver,Liver,mouse,actual_flight,1,flight,GSM7708686,|||c57bl/6j|male|9 {week}||30 {day}||liquid nitrogen,GSM7708686,GLDS-617_rna_seq_STAR_Unnormalized_Counts_GLbulkRNAseq.csv,osdr_counts,unknown,unknown,
OSD-686:GSM7708688,OSD-686,OSD-686|Liver|df0bb62b,liver,Liver,mouse,actual_flight,1,flight,GSM7708688,|||c57bl/6j|male|9 {week}||30 {day}||liquid nitrogen,GSM7708688,GLDS-617_rna_seq_STAR_Unnormalized_Counts_GLbulkRNAseq.csv,osdr_counts,unknown,unknown,
OSD-686:GSM7708687,OSD-686,OSD-686|Liver|df0bb62b,liver,Liver,mouse,actual_flight,1,flight,GSM7708687,|||c57bl/6j|male|9 {week}||30 {day}||liquid nitrogen,GSM7708687,GLDS-617_rna_seq_STAR_Unnormalized_Counts_GLbulkRNAseq.csv,osdr_counts,unknown,unknown,
OSD-686:GSM7708690,OSD-686,OSD-686|Liver|df0bb62b,liver,Liver,mouse,actual_flight,1,flight,GSM7708690,|||c57bl/6j|male|9 {week}||30 {day}||liquid nitrogen,GSM7708690,GLDS-617_rna_seq_STAR_Unnormalized_Counts_GLbulkRNAseq.csv,osdr_counts,unknown,unknown,
OSD-686:GSM7708689,OSD-686,OSD-686|Liver|df0bb62b,liver,Liver,mouse,actual_flight,1,flight,GSM7708689,|||c57bl/6j|male|9 {week}||30 {day}||liquid nitrogen,GSM7708689,GLDS-617_rna_seq_STAR_Unnormalized_Counts_GLbulkRNAseq.csv,osdr_counts,unknown,unknown,
OSD-770:RR23_R-SLS_GC_G1_techrep1,OSD-770,OSD-770|Right soleus|df447f03,skeletal muscle,Right soleus,mouse,actual_flight,0,ground,RR23_R-SLS_GC_G1,|||c57bl/6j|male|16 - 17 {week}||38 {day}||liquid nitrogen,RR23_R-SLS_GC_G1_techrep1,GLDS-673_rna_seq_STAR_Unnormalized_Counts_GLbulkRNAseq.csv,osdr_counts,unknown,unknown,
OSD-770:RR23_R-SLS_GC_G3,OSD-770,OSD-770|Right soleus|df447f03,skeletal muscle,Right soleus,mouse,actual_flight,0,ground,RR23_R-SLS_GC_G3,|||c57bl/6j|male|16 - 17 {week}||38 {day}||liquid nitrogen,RR23_R-SLS_GC_G3,GLDS-673_rna_seq_STAR_Unnormalized_Counts_GLbulkRNAseq.csv,osdr_counts,unknown,unknown,
OSD-770:RR23_R-SLS_GC_G9,OSD-770,OSD-770|Right soleus|df447f03,skeletal muscle,Right soleus,mouse,actual_flight,0,ground,RR23_R-SLS_GC_G9,|||c57bl/6j|male|16 - 17 {week}||38 {day}||liquid nitrogen,RR23_R-SLS_GC_G9,GLDS-673_rna_seq_STAR_Unnormalized_Counts_GLbulkRNAseq.csv,osdr_counts,unknown,unknown,
OSD-770:RR23_R-SLS_GC_G6,OSD-770,OSD-770|Right soleus|df447f03,skeletal muscle,Right soleus,mouse,actual_flight,0,ground,RR23_R-SLS_GC_G6,|||c57bl/6j|male|16 - 17 {week}||38 {day}||liquid nitrogen,RR23_R-SLS_GC_G6,GLDS-673_rna_seq_STAR_Unnormalized_Counts_GLbulkRNAseq.csv,osdr_counts,unknown,unknown,
OSD-770:RR23_R-SLS_GC_G2,OSD-770,OSD-770|Right soleus|df447f03,skeletal muscle,Right soleus,mouse,actual_flight,0,ground,RR23_R-SLS_GC_G2,|||c57bl/6j|male|16 - 17 {week}||38 {day}||liquid nitrogen,RR23_R-SLS_GC_G2,GLDS-673_rna_seq_STAR_Unnormalized_Counts_GLbulkRNAseq.csv,osdr_counts,unknown,unknown,
OSD-770:RR23_R-SLS_GC_G5,OSD-770,OSD-770|Right soleus|df447f03,skeletal muscle,Right soleus,mouse,actual_flight,0,ground,RR23_R-SLS_GC_G5,|||c57bl/6j|male|16 - 17 {week}||38 {day}||liquid nitrogen,RR23_R-SLS_GC_G5,GLDS-673_rna_seq_STAR_Unnormalized_Counts_GLbulkRNAseq.csv,osdr_counts,unknown,unknown,
OSD-770:RR23_R-SLS_FLT_F4,OSD-770,OSD-770|Right soleus|df447f03,skeletal muscle,Right soleus,mouse,actual_flight,1,flight,RR23_R-SLS_FLT_F4,|||c57bl/6j|male|16 - 17 {week}||38 {day}||liquid nitrogen,RR23_R-SLS_FLT_F4,GLDS-673_rna_seq_STAR_Unnormalized_Counts_GLbulkRNAseq.csv,osdr_counts,unknown,unknown,
OSD-770:RR23_R-SLS_FLT_F7,OSD-770,OSD-770|Right soleus|df447f03,skeletal muscle,Right soleus,mouse,actual_flight,1,flight,RR23_R-SLS_FLT_F7,|||c57bl/6j|male|16 - 17 {week}||38 {day}||liquid nitrogen,RR23_R-SLS_FLT_F7,GLDS-673_rna_seq_STAR_Unnormalized_Counts_GLbulkRNAseq.csv,osdr_counts,unknown,unknown,
OSD-770:RR23_R-SLS_FLT_F1_techrep1,OSD-770,OSD-770|Right soleus|df447f03,skeletal muscle,Right soleus,mouse,actual_flight,1,flight,RR23_R-SLS_FLT_F1,|||c57bl/6j|male|16 - 17 {week}||38 {day}||liquid nitrogen,RR23_R-SLS_FLT_F1_techrep1,GLDS-673_rna_seq_STAR_Unnormalized_Counts_GLbulkRNAseq.csv,osdr_counts,unknown,unknown,
OSD-770:RR23_R-SLS_FLT_F9,OSD-770,OSD-770|Right soleus|df447f03,skeletal muscle,Right soleus,mouse,actual_flight,1,flight,RR23_R-SLS_FLT_F9,|||c57bl/6j|male|16 - 17 {week}||38 {day}||liquid nitrogen,RR23_R-SLS_FLT_F9,GLDS-673_rna_seq_STAR_Unnormalized_Counts_GLbulkRNAseq.csv,osdr_counts,unknown,unknown,
OSD-770:RR23_R-SLS_FLT_F5,OSD-770,OSD-770|Right soleus|df447f03,skeletal muscle,Right soleus,mouse,actual_flight,1,flight,RR23_R-SLS_FLT_F5,|||c57bl/6j|male|16 - 17 {week}||38 {day}||liquid nitrogen,RR23_R-SLS_FLT_F5,GLDS-673_rna_seq_STAR_Unnormalized_Counts_GLbulkRNAseq.csv,osdr_counts,unknown,unknown,
OSD-770:RR23_R-SLS_FLT_F3,OSD-770,OSD-770|Right soleus|df447f03,skeletal muscle,Right soleus,mouse,actual_flight,1,flight,RR23_R-SLS_FLT_F3,|||c57bl/6j|male|16 - 17 {week}||38 {day}||liquid nitrogen,RR23_R-SLS_FLT_F3,GLDS-673_rna_seq_STAR_Unnormalized_Counts_GLbulkRNAseq.csv,osdr_counts,unknown,unknown,
OSD-99:Mmus_C57-6J_EDL_GC_Rep6_M40,OSD-99,OSD-99|Extensor digitorum longus- both sides|2664dccf,skeletal muscle,Extensor digitorum longus- both sides,mouse,actual_flight,0,ground,Mmus_C57-6J_EDL_GC_Rep6_M40,|||c57bl/6j|female|16 {week}||37 {day}|mini cold bag to -80c freezer|rnalater,Mmus_C57-6J_EDL_GC_Rep6_M40,GLDS-99_rna_seq_STAR_Unnormalized_Counts_GLbulkRNAseq.csv,osdr_counts,unknown,unknown,
OSD-99:Mmus_C57-6J_EDL_GC_Rep3_M37,OSD-99,OSD-99|Extensor digitorum longus- both sides|2664dccf,skeletal muscle,Extensor digitorum longus- both sides,mouse,actual_flight,0,ground,Mmus_C57-6J_EDL_GC_Rep3_M37,|||c57bl/6j|female|16 {week}||37 {day}|mini cold bag to -80c freezer|rnalater,Mmus_C57-6J_EDL_GC_Rep3_M37,GLDS-99_rna_seq_STAR_Unnormalized_Counts_GLbulkRNAseq.csv,osdr_counts,unknown,unknown,
OSD-99:Mmus_C57-6J_EDL_GC_Rep1_M31,OSD-99,OSD-99|Extensor digitorum longus- both sides|2664dccf,skeletal muscle,Extensor digitorum longus- both sides,mouse,actual_flight,0,ground,Mmus_C57-6J_EDL_GC_Rep1_M31,|||c57bl/6j|female|16 {week}||37 {day}|mini cold bag to -80c freezer|rnalater,Mmus_C57-6J_EDL_GC_Rep1_M31,GLDS-99_rna_seq_STAR_Unnormalized_Counts_GLbulkRNAseq.csv,osdr_counts,unknown,unknown,
OSD-99:Mmus_C57-6J_EDL_GC_Rep4_M38,OSD-99,OSD-99|Extensor digitorum longus- both sides|2664dccf,skeletal muscle,Extensor digitorum longus- both sides,mouse,actual_flight,0,ground,Mmus_C57-6J_EDL_GC_Rep4_M38,|||c57bl/6j|female|16 {week}||37 {day}|mini cold bag to -80c freezer|rnalater,Mmus_C57-6J_EDL_GC_Rep4_M38,GLDS-99_rna_seq_STAR_Unnormalized_Counts_GLbulkRNAseq.csv,osdr_counts,unknown,unknown,
OSD-99:Mmus_C57-6J_EDL_GC_Rep2_M32,OSD-99,OSD-99|Extensor digitorum longus- both sides|2664dccf,skeletal muscle,Extensor digitorum longus- both sides,mouse,actual_flight,0,ground,Mmus_C57-6J_EDL_GC_Rep2_M32,|||c57bl/6j|female|16 {week}||37 {day}|mini cold bag to -80c freezer|rnalater,Mmus_C57-6J_EDL_GC_Rep2_M32,GLDS-99_rna_seq_STAR_Unnormalized_Counts_GLbulkRNAseq.csv,osdr_counts,unknown,unknown,
OSD-99:Mmus_C57-6J_EDL_GC_Rep5_M39,OSD-99,OSD-99|Extensor digitorum longus- both sides|2664dccf,skeletal muscle,Extensor digitorum longus- both sides,mouse,actual_flight,0,ground,Mmus_C57-6J_EDL_GC_Rep5_M39,|||c57bl/6j|female|16 {week}||37 {day}|mini cold bag to -80c freezer|rnalater,Mmus_C57-6J_EDL_GC_Rep5_M39,GLDS-99_rna_seq_STAR_Unnormalized_Counts_GLbulkRNAseq.csv,osdr_counts,unknown,unknown,
OSD-99:Mmus_C57-6J_EDL_FLT_Rep6_M30,OSD-99,OSD-99|Extensor digitorum longus- both sides|2664dccf,skeletal muscle,Extensor digitorum longus- both sides,mouse,actual_flight,1,flight,Mmus_C57-6J_EDL_FLT_Rep6_M30,|||c57bl/6j|female|16 {week}||37 {day}|mini cold bag to -80c freezer|rnalater,Mmus_C57-6J_EDL_FLT_Rep6_M30,GLDS-99_rna_seq_STAR_Unnormalized_Counts_GLbulkRNAseq.csv,osdr_counts,unknown,unknown,
OSD-99:Mmus_C57-6J_EDL_FLT_Rep3_M27,OSD-99,OSD-99|Extensor digitorum longus- both sides|2664dccf,skeletal muscle,Extensor digitorum longus- both sides,mouse,actual_flight,1,flight,Mmus_C57-6J_EDL_FLT_Rep3_M27,|||c57bl/6j|female|16 {week}||37 {day}|mini cold bag to -80c freezer|rnalater,Mmus_C57-6J_EDL_FLT_Rep3_M27,GLDS-99_rna_seq_STAR_Unnormalized_Counts_GLbulkRNAseq.csv,osdr_counts,unknown,unknown,
OSD-99:Mmus_C57-6J_EDL_FLT_Rep2_M26,OSD-99,OSD-99|Extensor digitorum longus- both sides|2664dccf,skeletal muscle,Extensor digitorum longus- both sides,mouse,actual_flight,1,flight,Mmus_C57-6J_EDL_FLT_Rep2_M26,|||c57bl/6j|female|16 {week}||37 {day}|mini cold bag to -80c freezer|rnalater,Mmus_C57-6J_EDL_FLT_Rep2_M26,GLDS-99_rna_seq_STAR_Unnormalized_Counts_GLbulkRNAseq.csv,osdr_counts,unknown,unknown,
OSD-99:Mmus_C57-6J_EDL_FLT_Rep1_M23,OSD-99,OSD-99|Extensor digitorum longus- both sides|2664dccf,skeletal muscle,Extensor digitorum longus- both sides,mouse,actual_flight,1,flight,Mmus_C57-6J_EDL_FLT_Rep1_M23,|||c57bl/6j|female|16 {week}||37 {day}|mini cold bag to -80c freezer|rnalater,Mmus_C57-6J_EDL_FLT_Rep1_M23,GLDS-99_rna_seq_STAR_Unnormalized_Counts_GLbulkRNAseq.csv,osdr_counts,unknown,unknown,
OSD-99:Mmus_C57-6J_EDL_FLT_Rep5_M29,OSD-99,OSD-99|Extensor digitorum longus- both sides|2664dccf,skeletal muscle,Extensor digitorum longus- both sides,mouse,actual_flight,1,flight,Mmus_C57-6J_EDL_FLT_Rep5_M29,|||c57bl/6j|female|16 {week}||37 {day}|mini cold bag to -80c freezer|rnalater,Mmus_C57-6J_EDL_FLT_Rep5_M29,GLDS-99_rna_seq_STAR_Unnormalized_Counts_GLbulkRNAseq.csv,osdr_counts,unknown,unknown,
OSD-99:Mmus_C57-6J_EDL_FLT_Rep4_M28,OSD-99,OSD-99|Extensor digitorum longus- both sides|2664dccf,skeletal muscle,Extensor digitorum longus- both sides,mouse,actual_flight,1,flight,Mmus_C57-6J_EDL_FLT_Rep4_M28,|||c57bl/6j|female|16 {week}||37 {day}|mini cold bag to -80c freezer|rnalater,Mmus_C57-6J_EDL_FLT_Rep4_M28,GLDS-99_rna_seq_STAR_Unnormalized_Counts_GLbulkRNAseq.csv,osdr_counts,unknown,unknown,
GSE137081:GSM4066596,GSE137081,GSE137081|all_lines,heart,hiPSC-derived cardiomyocytes,human,actual_flight,1,exposed,1,all_lines,GSM4066596,human_matrix_v11.h5,human_h5,val,seen_study,"Line 1, Flight rep1 [FB1]"
GSE137081:GSM4066597,GSE137081,GSE137081|all_lines,heart,hiPSC-derived cardiomyocytes,human,actual_flight,1,exposed,2,all_lines,GSM4066597,human_matrix_v11.h5,human_h5,train,seen_study,"Line 2, Flight rep1 [FB2]"
GSE137081:GSM4066598,GSE137081,GSE137081|all_lines,heart,hiPSC-derived cardiomyocytes,human,actual_flight,1,exposed,3,all_lines,GSM4066598,human_matrix_v11.h5,human_h5,train,seen_study,"Line 3, Flight rep1 [FB3]"
GSE137081:GSM4066599,GSE137081,GSE137081|all_lines,heart,hiPSC-derived cardiomyocytes,human,actual_flight,1,exposed,1,all_lines,GSM4066599,human_matrix_v11.h5,human_h5,train,seen_study,"Line 1, Flight rep2 [FB4]"
GSE137081:GSM4066600,GSE137081,GSE137081|all_lines,heart,hiPSC-derived cardiomyocytes,human,actual_flight,1,exposed,2,all_lines,GSM4066600,human_matrix_v11.h5,human_h5,train,seen_study,"Line 2, Flight rep2 [FB5]"
GSE137081:GSM4066601,GSE137081,GSE137081|all_lines,heart,hiPSC-derived cardiomyocytes,human,actual_flight,1,exposed,3,all_lines,GSM4066601,human_matrix_v11.h5,human_h5,val,seen_study,"Line 3, Flight rep2 [FB6]"
GSE137081:GSM4066602,GSE137081,GSE137081|all_lines,heart,hiPSC-derived cardiomyocytes,human,actual_flight,2,post-flight,1,all_lines,GSM4066602,human_matrix_v11.h5,human_h5,train,seen_study,"Line 1, Post-flight rep1 [FC1]"
GSE137081:GSM4066603,GSE137081,GSE137081|all_lines,heart,hiPSC-derived cardiomyocytes,human,actual_flight,2,post-flight,2,all_lines,GSM4066603,human_matrix_v11.h5,human_h5,train,seen_study,"Line 2, Post-flight rep1 [FC2]"
GSE137081:GSM4066604,GSE137081,GSE137081|all_lines,heart,hiPSC-derived cardiomyocytes,human,actual_flight,2,post-flight,3,all_lines,GSM4066604,human_matrix_v11.h5,human_h5,train,seen_study,"Line 3, Post-flight rep1 [FC3]"
GSE137081:GSM4066605,GSE137081,GSE137081|all_lines,heart,hiPSC-derived cardiomyocytes,human,actual_flight,2,post-flight,1,all_lines,GSM4066605,human_matrix_v11.h5,human_h5,train,seen_study,"Line 1, Post-flight rep2 [FC4]"
GSE137081:GSM4066606,GSE137081,GSE137081|all_lines,heart,hiPSC-derived cardiomyocytes,human,actual_flight,2,post-flight,2,all_lines,GSM4066606,human_matrix_v11.h5,human_h5,train,seen_study,"Line 2, Post-flight rep2 [FC5]"
GSE137081:GSM4066607,GSE137081,GSE137081|all_lines,heart,hiPSC-derived cardiomyocytes,human,actual_flight,2,post-flight,3,all_lines,GSM4066607,human_matrix_v11.h5,human_h5,train,seen_study,"Line 3, Post-flight rep2 [FC6]"
GSE137081:GSM4066608,GSE137081,GSE137081|all_lines,heart,hiPSC-derived cardiomyocytes,human,actual_flight,0,control,1,all_lines,GSM4066608,human_matrix_v11.h5,human_h5,train,seen_study,"Line 1, Ground rep1 [GB1]"
GSE137081:GSM4066609,GSE137081,GSE137081|all_lines,heart,hiPSC-derived cardiomyocytes,human,actual_flight,0,control,2,all_lines,GSM4066609,human_matrix_v11.h5,human_h5,val,seen_study,"Line 2, Ground rep1 [GB2]"
GSE137081:GSM4066610,GSE137081,GSE137081|all_lines,heart,hiPSC-derived cardiomyocytes,human,actual_flight,0,control,3,all_lines,GSM4066610,human_matrix_v11.h5,human_h5,val,seen_study,"Line 3, Ground rep1 [GB3]"
GSE137081:GSM4066611,GSE137081,GSE137081|all_lines,heart,hiPSC-derived cardiomyocytes,human,actual_flight,0,control,1,all_lines,GSM4066611,human_matrix_v11.h5,human_h5,val,seen_study,"Line 1, Ground rep2 [GB4]"
GSE137081:GSM4066612,GSE137081,GSE137081|all_lines,heart,hiPSC-derived cardiomyocytes,human,actual_flight,0,control,2,all_lines,GSM4066612,human_matrix_v11.h5,human_h5,train,seen_study,"Line 2, Ground rep2 [GB5]"
GSE137081:GSM4066613,GSE137081,GSE137081|all_lines,heart,hiPSC-derived cardiomyocytes,human,actual_flight,0,control,3,all_lines,GSM4066613,human_matrix_v11.h5,human_h5,train,seen_study,"Line 3, Ground rep2 [GB6]"
GSE234465:GSM7469191,GSE234465,GSE234465|YA,skeletal muscle,human muscle chip,human,actual_flight,0,control,GC-YA-NOES-1,YA,GSM7469191,GSE234465_estimated-counts.txt.gz,human_muscle_counts,unseen,unseen_study,GC-YA-NOES-1
GSE234465:GSM7469192,GSE234465,GSE234465|YA,skeletal muscle,human muscle chip,human,actual_flight,0,control,GC-YA-NOES-2,YA,GSM7469192,GSE234465_estimated-counts.txt.gz,human_muscle_counts,unseen,unseen_study,GC-YA-NOES-2
GSE234465:GSM7469193,GSE234465,GSE234465|YA,skeletal muscle,human muscle chip,human,actual_flight,0,control,GC-YA-NOES-3,YA,GSM7469193,GSE234465_estimated-counts.txt.gz,human_muscle_counts,unseen,unseen_study,GC-YA-NOES-3
GSE234465:GSM7469194,GSE234465,GSE234465|OS,skeletal muscle,human muscle chip,human,actual_flight,0,control,GC-OS-NOES-1,OS,GSM7469194,GSE234465_estimated-counts.txt.gz,human_muscle_counts,unseen,unseen_study,GC-OS-NOES-1
GSE234465:GSM7469195,GSE234465,GSE234465|OS,skeletal muscle,human muscle chip,human,actual_flight,0,control,GC-OS-NOES-2,OS,GSM7469195,GSE234465_estimated-counts.txt.gz,human_muscle_counts,unseen,unseen_study,GC-OS-NOES-2
GSE234465:GSM7469196,GSE234465,GSE234465|OS,skeletal muscle,human muscle chip,human,actual_flight,0,control,GC-OS-NOES-3,OS,GSM7469196,GSE234465_estimated-counts.txt.gz,human_muscle_counts,unseen,unseen_study,GC-OS-NOES-3
GSE234465:GSM7469197,GSE234465,GSE234465|YA,skeletal muscle,human muscle chip,human,actual_flight,1,exposed,YA-NOES-1,YA,GSM7469197,GSE234465_estimated-counts.txt.gz,human_muscle_counts,unseen,unseen_study,YA-NOES-1
GSE234465:GSM7469198,GSE234465,GSE234465|YA,skeletal muscle,human muscle chip,human,actual_flight,1,exposed,YA-NOES-2,YA,GSM7469198,GSE234465_estimated-counts.txt.gz,human_muscle_counts,unseen,unseen_study,YA-NOES-2
GSE234465:GSM7469199,GSE234465,GSE234465|YA,skeletal muscle,human muscle chip,human,actual_flight,1,exposed,YA-NOES-3,YA,GSM7469199,GSE234465_estimated-counts.txt.gz,human_muscle_counts,unseen,unseen_study,YA-NOES-3
GSE234465:GSM7469200,GSE234465,GSE234465|OS,skeletal muscle,human muscle chip,human,actual_flight,1,exposed,OS-NOES-1,OS,GSM7469200,GSE234465_estimated-counts.txt.gz,human_muscle_counts,unseen,unseen_study,OS-NOES-1
GSE234465:GSM7469201,GSE234465,GSE234465|OS,skeletal muscle,human muscle chip,human,actual_flight,1,exposed,OS-NOES-2,OS,GSM7469201,GSE234465_estimated-counts.txt.gz,human_muscle_counts,unseen,unseen_study,OS-NOES-2
GSE234465:GSM7469202,GSE234465,GSE234465|OS,skeletal muscle,human muscle chip,human,actual_flight,1,exposed,OS-NOES-3,OS,GSM7469202,GSE234465_estimated-counts.txt.gz,human_muscle_counts,unseen,unseen_study,OS-NOES-3
GSE113165:GSM3098323,GSE113165,GSE113165|old,skeletal muscle,human skeletal muscle biopsy,human,bed_rest_analog,0,control,3005,old,GSM3098323,human_matrix_v11.h5,human_h5,train,seen_study,14406X1_3005_old_M_pre_low
GSE113165:GSM3098324,GSE113165,GSE113165|old,skeletal muscle,human skeletal muscle biopsy,human,bed_rest_analog,1,exposed,3005,old,GSM3098324,human_matrix_v11.h5,human_h5,val,seen_study,14406X2_3005_old_M_post_low
GSE113165:GSM3098333,GSE113165,GSE113165|old,skeletal muscle,human skeletal muscle biopsy,human,bed_rest_analog,0,control,3021,old,GSM3098333,human_matrix_v11.h5,human_h5,train,seen_study,14406X11_3021_old_Female_pre_low
GSE113165:GSM3098334,GSE113165,GSE113165|old,skeletal muscle,human skeletal muscle biopsy,human,bed_rest_analog,1,exposed,3021,old,GSM3098334,human_matrix_v11.h5,human_h5,train,seen_study,14406X12_3021_old_Female_post_low
GSE113165:GSM3098337,GSE113165,GSE113165|old,skeletal muscle,human skeletal muscle biopsy,human,bed_rest_analog,0,control,3025,old,GSM3098337,human_matrix_v11.h5,human_h5,train,seen_study,14406X15_3025_old_M_pre_high
GSE113165:GSM3098338,GSE113165,GSE113165|old,skeletal muscle,human skeletal muscle biopsy,human,bed_rest_analog,1,exposed,3025,old,GSM3098338,human_matrix_v11.h5,human_h5,train,seen_study,14406X16_3025_old_M_post_high
GSE113165:GSM3098339,GSE113165,GSE113165|old,skeletal muscle,human skeletal muscle biopsy,human,bed_rest_analog,0,control,3026,old,GSM3098339,human_matrix_v11.h5,human_h5,train,seen_study,14406X17_3026_old_M_pre_high
GSE113165:GSM3098340,GSE113165,GSE113165|old,skeletal muscle,human skeletal muscle biopsy,human,bed_rest_analog,1,exposed,3026,old,GSM3098340,human_matrix_v11.h5,human_h5,train,seen_study,14406X18_3026_old_M_post_high
GSE113165:GSM3098343,GSE113165,GSE113165|young,skeletal muscle,human skeletal muscle biopsy,human,bed_rest_analog,0,control,1003,young,GSM3098343,human_matrix_v11.h5,human_h5,train,seen_study,10876X1_1003_young_M_pre_low
GSE113165:GSM3098344,GSE113165,GSE113165|young,skeletal muscle,human skeletal muscle biopsy,human,bed_rest_analog,1,exposed,1003,young,GSM3098344,human_matrix_v11.h5,human_h5,train,seen_study,10876X2_1003_young_M_post_low
GSE113165:GSM3098345,GSE113165,GSE113165|young,skeletal muscle,human skeletal muscle biopsy,human,bed_rest_analog,0,control,1007,young,GSM3098345,human_matrix_v11.h5,human_h5,train,seen_study,10876X3_1007_young_Female_pre_low
GSE113165:GSM3098346,GSE113165,GSE113165|young,skeletal muscle,human skeletal muscle biopsy,human,bed_rest_analog,1,exposed,1007,young,GSM3098346,human_matrix_v11.h5,human_h5,val,seen_study,10876X4_1007_young_Female_post_low
GSE113165:GSM3098347,GSE113165,GSE113165|young,skeletal muscle,human skeletal muscle biopsy,human,bed_rest_analog,0,control,1009,young,GSM3098347,human_matrix_v11.h5,human_h5,train,seen_study,10876X5_1009_young_Female_pre_low
GSE113165:GSM3098348,GSE113165,GSE113165|young,skeletal muscle,human skeletal muscle biopsy,human,bed_rest_analog,1,exposed,1009,young,GSM3098348,human_matrix_v11.h5,human_h5,train,seen_study,10876X6_1009_young_Female_post_low
GSE113165:GSM3098351,GSE113165,GSE113165|young,skeletal muscle,human skeletal muscle biopsy,human,bed_rest_analog,0,control,1011,young,GSM3098351,human_matrix_v11.h5,human_h5,train,seen_study,10876X9_1011_young_Female_pre_high
GSE113165:GSM3098352,GSE113165,GSE113165|young,skeletal muscle,human skeletal muscle biopsy,human,bed_rest_analog,1,exposed,1011,young,GSM3098352,human_matrix_v11.h5,human_h5,train,seen_study,10876X10_1011_young_Female_post_high
GSE113165:GSM3098355,GSE113165,GSE113165|young,skeletal muscle,human skeletal muscle biopsy,human,bed_rest_analog,0,control,1013,young,GSM3098355,human_matrix_v11.h5,human_h5,train,seen_study,10876X13_1013_young_M_pre_low
GSE113165:GSM3098356,GSE113165,GSE113165|young,skeletal muscle,human skeletal muscle biopsy,human,bed_rest_analog,1,exposed,1013,young,GSM3098356,human_matrix_v11.h5,human_h5,train,seen_study,10876X14_1013_young_M_post_low
GSE113165:GSM3098357,GSE113165,GSE113165|young,skeletal muscle,human skeletal muscle biopsy,human,bed_rest_analog,0,control,1016,young,GSM3098357,human_matrix_v11.h5,human_h5,train,seen_study,10876X15_1016_young_Female_pre_high
GSE113165:GSM3098358,GSE113165,GSE113165|young,skeletal muscle,human skeletal muscle biopsy,human,bed_rest_analog,1,exposed,1016,young,GSM3098358,human_matrix_v11.h5,human_h5,train,seen_study,10876X16_1016_young_Female_post_high
GSE113165:GSM3098363,GSE113165,GSE113165|old,skeletal muscle,human skeletal muscle biopsy,human,bed_rest_analog,0,control,2003,old,GSM3098363,human_matrix_v11.h5,human_h5,train,seen_study,10876X21_2003_old_M_pre_low
GSE113165:GSM3098364,GSE113165,GSE113165|old,skeletal muscle,human skeletal muscle biopsy,human,bed_rest_analog,1,exposed,2003,old,GSM3098364,human_matrix_v11.h5,human_h5,train,seen_study,10876X22_2003_old_M_post_low
GSE113165:GSM3098373,GSE113165,GSE113165|old,skeletal muscle,human skeletal muscle biopsy,human,bed_rest_analog,0,control,2009,old,GSM3098373,human_matrix_v11.h5,human_h5,train,seen_study,10876X31_2009_old_Female_pre_high
GSE113165:GSM3098374,GSE113165,GSE113165|old,skeletal muscle,human skeletal muscle biopsy,human,bed_rest_analog,1,exposed,2009,old,GSM3098374,human_matrix_v11.h5,human_h5,train,seen_study,10876X32_2009_old_Female_post_high
GSE126865:GSM3615662,GSE126865,GSE126865|all_subjects,skeletal muscle,human skeletal muscle biopsy,human,bed_rest_analog,0,control,11006,all_subjects,GSM3615662,human_matrix_v11.h5,human_h5,val,seen_study,Subject 11006 Pre
GSE126865:GSM3615663,GSE126865,GSE126865|all_subjects,skeletal muscle,human skeletal muscle biopsy,human,bed_rest_analog,1,exposed,11006,all_subjects,GSM3615663,human_matrix_v11.h5,human_h5,train,seen_study,Subject 11006 Post
GSE126865:GSM3615664,GSE126865,GSE126865|all_subjects,skeletal muscle,human skeletal muscle biopsy,human,bed_rest_analog,0,control,12003,all_subjects,GSM3615664,human_matrix_v11.h5,human_h5,train,seen_study,Subject 12003 Pre
GSE126865:GSM3615665,GSE126865,GSE126865|all_subjects,skeletal muscle,human skeletal muscle biopsy,human,bed_rest_analog,1,exposed,12003,all_subjects,GSM3615665,human_matrix_v11.h5,human_h5,train,seen_study,Subject 12003 Post
GSE126865:GSM3615666,GSE126865,GSE126865|all_subjects,skeletal muscle,human skeletal muscle biopsy,human,bed_rest_analog,0,control,12005,all_subjects,GSM3615666,human_matrix_v11.h5,human_h5,val,seen_study,Subject 12005 Pre
GSE126865:GSM3615667,GSE126865,GSE126865|all_subjects,skeletal muscle,human skeletal muscle biopsy,human,bed_rest_analog,1,exposed,12005,all_subjects,GSM3615667,human_matrix_v11.h5,human_h5,train,seen_study,Subject 12005 Post
