axis,sample_id,study_id,label,organ_base_probability,candidate_probability
tissue_site,OSD-101::Mmus_C57-6J_GST_FLT_Rep1_M23,OSD-101,1,0.49590166305029787,0.4953251665429352
tissue_site,OSD-101::Mmus_C57-6J_GST_FLT_Rep2_M24,OSD-101,1,0.49590166305029787,0.4953251665429352
tissue_site,OSD-101::Mmus_C57-6J_GST_FLT_Rep3_M25,OSD-101,1,0.49590166305029787,0.4953251665429352
tissue_site,OSD-101::Mmus_C57-6J_GST_FLT_Rep4_M26,OSD-101,1,0.49590166305029787,0.4953251665429352
tissue_site,OSD-101::Mmus_C57-6J_GST_FLT_Rep5_M27,OSD-101,1,0.49590166305029787,0.4953251665429352
tissue_site,OSD-101::Mmus_C57-6J_GST_FLT_Rep6_M28,OSD-101,1,0.49590166305029787,0.4953251665429352
tissue_site,OSD-101::Mmus_C57-6J_GST_GC_Rep1_M33,OSD-101,0,0.49590166305029787,0.4953251665429352
tissue_site,OSD-101::Mmus_C57-6J_GST_GC_Rep2_M34,OSD-101,0,0.49590166305029787,0.4953251665429352
tissue_site,OSD-101::Mmus_C57-6J_GST_GC_Rep3_M35,OSD-101,0,0.49590166305029787,0.4953251665429352
tissue_site,OSD-101::Mmus_C57-6J_GST_GC_Rep4_M36,OSD-101,0,0.49590166305029787,0.4953251665429352
tissue_site,OSD-101::Mmus_C57-6J_GST_GC_Rep5_M37,OSD-101,0,0.49590166305029787,0.4953251665429352
tissue_site,OSD-101::Mmus_C57-6J_GST_GC_Rep6_M38,OSD-101,0,0.49590166305029787,0.4953251665429352
tissue_site,OSD-103::Mmus_C57-6J_Quad_FLT_Rep1_M23,OSD-103,1,0.49337761313485606,0.49602641776363876
tissue_site,OSD-103::Mmus_C57-6J_Quad_FLT_Rep2_M24,OSD-103,1,0.49337761313485606,0.49602641776363876
tissue_site,OSD-103::Mmus_C57-6J_Quad_FLT_Rep3_M25,OSD-103,1,0.49337761313485606,0.49602641776363876
tissue_site,OSD-103::Mmus_C57-6J_Quad_FLT_Rep4_M26,OSD-103,1,0.49337761313485606,0.49602641776363876
tissue_site,OSD-103::Mmus_C57-6J_Quad_FLT_Rep5_M27,OSD-103,1,0.49337761313485606,0.49602641776363876
tissue_site,OSD-103::Mmus_C57-6J_Quad_FLT_Rep6_M28,OSD-103,1,0.49337761313485606,0.49602641776363876
tissue_site,OSD-103::Mmus_C57-6J_Quad_GC_Rep1_M33,OSD-103,0,0.49337761313485606,0.49602641776363876
tissue_site,OSD-103::Mmus_C57-6J_Quad_GC_Rep2_M34,OSD-103,0,0.49337761313485606,0.49602641776363876
tissue_site,OSD-103::Mmus_C57-6J_Quad_GC_Rep3_M35,OSD-103,0,0.49337761313485606,0.49602641776363876
tissue_site,OSD-103::Mmus_C57-6J_Quad_GC_Rep4_M36,OSD-103,0,0.49337761313485606,0.49602641776363876
tissue_site,OSD-103::Mmus_C57-6J_Quad_GC_Rep5_M37,OSD-103,0,0.49337761313485606,0.49602641776363876
tissue_site,OSD-103::Mmus_C57-6J_Quad_GC_Rep6_M38,OSD-103,0,0.49337761313485606,0.49602641776363876
tissue_site,OSD-104::Mmus_C57-6J_SLS_FLT_Rep1_M23,OSD-104,1,0.5001214384490126,0.49980699726659894
tissue_site,OSD-104::Mmus_C57-6J_SLS_FLT_Rep2_M24,OSD-104,1,0.5001214384490126,0.49980699726659894
tissue_site,OSD-104::Mmus_C57-6J_SLS_FLT_Rep3_M25,OSD-104,1,0.5001214384490126,0.49980699726659894
tissue_site,OSD-104::Mmus_C57-6J_SLS_FLT_Rep4_M26,OSD-104,1,0.5001214384490126,0.49980699726659894
tissue_site,OSD-104::Mmus_C57-6J_SLS_FLT_Rep5_M27,OSD-104,1,0.5001214384490126,0.49980699726659894
tissue_site,OSD-104::Mmus_C57-6J_SLS_FLT_Rep6_M28,OSD-104,1,0.5001214384490126,0.49980699726659894
tissue_site,OSD-104::Mmus_C57-6J_SLS_GC_Rep1_M33,OSD-104,0,0.5001214384490126,0.49980699726659894
tissue_site,OSD-104::Mmus_C57-6J_SLS_GC_Rep2_M34,OSD-104,0,0.5001214384490126,0.49980699726659894
tissue_site,OSD-104::Mmus_C57-6J_SLS_GC_Rep3_M35,OSD-104,0,0.5001214384490126,0.49980699726659894
tissue_site,OSD-104::Mmus_C57-6J_SLS_GC_Rep4_M36,OSD-104,0,0.5001214384490126,0.49980699726659894
tissue_site,OSD-104::Mmus_C57-6J_SLS_GC_Rep5_M37,OSD-104,0,0.5001214384490126,0.49980699726659894
tissue_site,OSD-104::Mmus_C57-6J_SLS_GC_Rep6_M38,OSD-104,0,0.5001214384490126,0.49980699726659894
tissue_site,OSD-105::Mmus_C57-6J_TA_FLT_Rep1_M23,OSD-105,1,0.4938862890591949,0.49544833677950045
tissue_site,OSD-105::Mmus_C57-6J_TA_FLT_Rep2_M24,OSD-105,1,0.4938862890591949,0.49544833677950045
tissue_site,OSD-105::Mmus_C57-6J_TA_FLT_Rep3_M25,OSD-105,1,0.4938862890591949,0.49544833677950045
tissue_site,OSD-105::Mmus_C57-6J_TA_FLT_Rep4_M26,OSD-105,1,0.4938862890591949,0.49544833677950045
tissue_site,OSD-105::Mmus_C57-6J_TA_FLT_Rep5_M27,OSD-105,1,0.4938862890591949,0.49544833677950045
tissue_site,OSD-105::Mmus_C57-6J_TA_FLT_Rep6_M28,OSD-105,1,0.4938862890591949,0.49544833677950045
tissue_site,OSD-105::Mmus_C57-6J_TA_GC_Rep1_M33,OSD-105,0,0.4938862890591949,0.49544833677950045
tissue_site,OSD-105::Mmus_C57-6J_TA_GC_Rep2_M34,OSD-105,0,0.4938862890591949,0.49544833677950045
tissue_site,OSD-105::Mmus_C57-6J_TA_GC_Rep3_M35,OSD-105,0,0.4938862890591949,0.49544833677950045
tissue_site,OSD-105::Mmus_C57-6J_TA_GC_Rep4_M36,OSD-105,0,0.4938862890591949,0.49544833677950045
tissue_site,OSD-105::Mmus_C57-6J_TA_GC_Rep5_M37,OSD-105,0,0.4938862890591949,0.49544833677950045
tissue_site,OSD-105::Mmus_C57-6J_TA_GC_Rep6_M38,OSD-105,0,0.4938862890591949,0.49544833677950045
tissue_site,OSD-379::RR8_LVR_FLT_ISS-T_OLD_FI16,OSD-379,1,0.49995217875167736,0.4993864969359233
tissue_site,OSD-379::RR8_LVR_FLT_ISS-T_OLD_FI17,OSD-379,1,0.49995217875167736,0.4993864969359233
tissue_site,OSD-379::RR8_LVR_FLT_ISS-T_YNG_FI10,OSD-379,1,0.49995217875167736,0.4993864969359233
tissue_site,OSD-379::RR8_LVR_FLT_LAR_OLD_FL11,OSD-379,1,0.49995217875167736,0.4993864969359233
tissue_site,OSD-379::RR8_LVR_FLT_LAR_OLD_FL15,OSD-379,1,0.49995217875167736,0.4993864969359233
tissue_site,OSD-379::RR8_LVR_FLT_LAR_OLD_FL8,OSD-379,1,0.49995217875167736,0.4993864969359233
tissue_site,OSD-379::RR8_LVR_FLT_LAR_YNG_FL2,OSD-379,1,0.49995217875167736,0.4993864969359233
tissue_site,OSD-379::RR8_LVR_GC_ISS-T_OLD_GI11,OSD-379,0,0.49995217875167736,0.4993864969359233
tissue_site,OSD-379::RR8_LVR_GC_LAR_OLD_GL3,OSD-379,0,0.49995217875167736,0.4993864969359233
tissue_site,OSD-379::RR8_LVR_GC_LAR_YNG_GL1,OSD-379,0,0.49995217875167736,0.4993864969359233
tissue_site,OSD-379::RR8_LVR_GC_LAR_YNG_GL5,OSD-379,0,0.49995217875167736,0.4993864969359233
tissue_site,OSD-401::GSM5398359,OSD-401,0,0.49590166305029787,0.4953251665429352
tissue_site,OSD-401::GSM5398363,OSD-401,1,0.49590166305029787,0.4953251665429352
tissue_site,OSD-457::GSM4613981,OSD-457,0,0.5015702247718152,0.5012014460049838
tissue_site,OSD-457::GSM4613989,OSD-457,0,0.5015702247718152,0.5012014460049838
tissue_site,OSD-457::GSM4613991,OSD-457,0,0.5015702247718152,0.5012014460049838
tissue_site,OSD-457::GSM4613995,OSD-457,1,0.5015702247718152,0.5012014460049838
tissue_site,OSD-457::GSM4614077,OSD-457,0,0.5094160014351236,0.5068923040803396
tissue_site,OSD-457::GSM4614078,OSD-457,0,0.5094160014351236,0.5068923040803396
tissue_site,OSD-457::GSM4614079,OSD-457,0,0.5094160014351236,0.5068923040803396
tissue_site,OSD-457::GSM4614080,OSD-457,0,0.5094160014351236,0.5068923040803396
tissue_site,OSD-457::GSM4614081,OSD-457,0,0.5094160014351236,0.5068923040803396
tissue_site,OSD-457::GSM4614082,OSD-457,0,0.5094160014351236,0.5068923040803396
tissue_site,OSD-457::GSM4614083,OSD-457,0,0.5094160014351236,0.5068923040803396
tissue_site,OSD-457::GSM4614084,OSD-457,0,0.5094160014351236,0.5068923040803396
tissue_site,OSD-457::GSM4614085,OSD-457,0,0.5094160014351236,0.5068923040803396
tissue_site,OSD-457::GSM4614086,OSD-457,0,0.5094160014351236,0.5068923040803396
tissue_site,OSD-457::GSM4614087,OSD-457,0,0.5094160014351236,0.5068923040803396
tissue_site,OSD-457::GSM4614088,OSD-457,0,0.5094160014351236,0.5068923040803396
tissue_site,OSD-457::GSM4614089,OSD-457,1,0.5094160014351236,0.5068923040803396
tissue_site,OSD-457::GSM4614090,OSD-457,1,0.5094160014351236,0.5068923040803396
tissue_site,OSD-457::GSM4614091,OSD-457,1,0.5094160014351236,0.5068923040803396
tissue_site,OSD-457::GSM4614092,OSD-457,1,0.5094160014351236,0.5068923040803396
tissue_site,OSD-457::GSM4614093,OSD-457,1,0.5094160014351236,0.5068923040803396
tissue_site,OSD-457::GSM4614094,OSD-457,1,0.5094160014351236,0.5068923040803396
tissue_site,OSD-457::GSM4614095,OSD-457,1,0.5094160014351236,0.5068923040803396
tissue_site,OSD-457::GSM4614096,OSD-457,1,0.5094160014351236,0.5068923040803396
tissue_site,OSD-457::GSM4614097,OSD-457,1,0.5094160014351236,0.5068923040803396
tissue_site,OSD-457::GSM4614098,OSD-457,1,0.5094160014351236,0.5068923040803396
tissue_site,OSD-457::GSM4614099,OSD-457,1,0.5094160014351236,0.5068923040803396
tissue_site,OSD-457::GSM4614100,OSD-457,1,0.5094160014351236,0.5068923040803396
tissue_site,OSD-464::RR23_LNG_FLT_F1,OSD-464,1,0.4975881468251316,0.5002289445375995
tissue_site,OSD-464::RR23_LNG_FLT_F2,OSD-464,1,0.4975881468251316,0.5002289445375995
tissue_site,OSD-464::RR23_LNG_FLT_F3,OSD-464,1,0.4975881468251316,0.5002289445375995
tissue_site,OSD-464::RR23_LNG_FLT_F4,OSD-464,1,0.4975881468251316,0.5002289445375995
tissue_site,OSD-464::RR23_LNG_FLT_F5,OSD-464,1,0.4975881468251316,0.5002289445375995
tissue_site,OSD-464::RR23_LNG_FLT_F6,OSD-464,1,0.4975881468251316,0.5002289445375995
tissue_site,OSD-464::RR23_LNG_FLT_F7_techrep1,OSD-464,1,0.4975881468251316,0.5002289445375995
tissue_site,OSD-464::RR23_LNG_FLT_F7_techrep2,OSD-464,1,0.4975881468251316,0.5002289445375995
tissue_site,OSD-464::RR23_LNG_FLT_F8,OSD-464,1,0.4975881468251316,0.5002289445375995
tissue_site,OSD-464::RR23_LNG_FLT_F9,OSD-464,1,0.4975881468251316,0.5002289445375995
tissue_site,OSD-464::RR23_LNG_GC_G1,OSD-464,0,0.4975881468251316,0.5002289445375995
tissue_site,OSD-464::RR23_LNG_GC_G2_techrep1,OSD-464,0,0.4975881468251316,0.5002289445375995
tissue_site,OSD-464::RR23_LNG_GC_G2_techrep2,OSD-464,0,0.4975881468251316,0.5002289445375995
tissue_site,OSD-464::RR23_LNG_GC_G3,OSD-464,0,0.4975881468251316,0.5002289445375995
tissue_site,OSD-464::RR23_LNG_GC_G4,OSD-464,0,0.4975881468251316,0.5002289445375995
tissue_site,OSD-464::RR23_LNG_GC_G5,OSD-464,0,0.4975881468251316,0.5002289445375995
tissue_site,OSD-464::RR23_LNG_GC_G6,OSD-464,0,0.4975881468251316,0.5002289445375995
tissue_site,OSD-464::RR23_LNG_GC_G7,OSD-464,0,0.4975881468251316,0.5002289445375995
tissue_site,OSD-464::RR23_LNG_GC_G8,OSD-464,0,0.4975881468251316,0.5002289445375995
tissue_site,OSD-48::Mmus_C57-6J_LVR_FLT_I_Rep1_M21,OSD-48,1,0.551118276363934,0.4953251665429352
tissue_site,OSD-48::Mmus_C57-6J_LVR_GC_I_Rep2_M32,OSD-48,0,0.551118276363934,0.4953251665429352
tissue_site,OSD-562::RRRM2_HPC_FLT_ISS-T_OLD_FO11,OSD-562,1,0.5001214384490126,0.49980699726659894
tissue_site,OSD-562::RRRM2_HPC_FLT_ISS-T_OLD_FO13,OSD-562,1,0.5001214384490126,0.49980699726659894
tissue_site,OSD-562::RRRM2_HPC_FLT_ISS-T_OLD_FO15,OSD-562,1,0.5001214384490126,0.49980699726659894
tissue_site,OSD-562::RRRM2_HPC_FLT_ISS-T_YNG_FY10,OSD-562,1,0.5001214384490126,0.49980699726659894
tissue_site,OSD-562::RRRM2_HPC_FLT_ISS-T_YNG_FY3,OSD-562,1,0.5001214384490126,0.49980699726659894
tissue_site,OSD-562::RRRM2_HPC_FLT_ISS-T_YNG_FY4,OSD-562,1,0.5001214384490126,0.49980699726659894
tissue_site,OSD-562::RRRM2_HPC_FLT_ISS-T_YNG_FY6,OSD-562,1,0.5001214384490126,0.49980699726659894
tissue_site,OSD-562::RRRM2_HPC_FLT_LAR_OLD_FO2,OSD-562,1,0.5001214384490126,0.49980699726659894
tissue_site,OSD-562::RRRM2_HPC_FLT_LAR_OLD_FO3,OSD-562,1,0.5001214384490126,0.49980699726659894
tissue_site,OSD-562::RRRM2_HPC_FLT_LAR_OLD_FO5,OSD-562,1,0.5001214384490126,0.49980699726659894
tissue_site,OSD-562::RRRM2_HPC_FLT_LAR_YNG_FY10,OSD-562,1,0.5001214384490126,0.49980699726659894
tissue_site,OSD-562::RRRM2_HPC_FLT_LAR_YNG_FY6,OSD-562,1,0.5001214384490126,0.49980699726659894
tissue_site,OSD-562::RRRM2_HPC_FLT_LAR_YNG_FY7,OSD-562,1,0.5001214384490126,0.49980699726659894
tissue_site,OSD-562::RRRM2_HPC_GC_ISS-T_OLD_GO12,OSD-562,0,0.5001214384490126,0.49980699726659894
tissue_site,OSD-562::RRRM2_HPC_GC_ISS-T_OLD_GO15,OSD-562,0,0.5001214384490126,0.49980699726659894
tissue_site,OSD-562::RRRM2_HPC_GC_ISS-T_OLD_GO20,OSD-562,0,0.5001214384490126,0.49980699726659894
tissue_site,OSD-562::RRRM2_HPC_GC_ISS-T_YNG_GY10,OSD-562,0,0.5001214384490126,0.49980699726659894
tissue_site,OSD-562::RRRM2_HPC_GC_ISS-T_YNG_GY8,OSD-562,0,0.5001214384490126,0.49980699726659894
tissue_site,OSD-562::RRRM2_HPC_GC_LAR_OLD_GO12,OSD-562,0,0.5001214384490126,0.49980699726659894
tissue_site,OSD-562::RRRM2_HPC_GC_LAR_OLD_GO13,OSD-562,0,0.5001214384490126,0.49980699726659894
tissue_site,OSD-562::RRRM2_HPC_GC_LAR_OLD_GO15,OSD-562,0,0.5001214384490126,0.49980699726659894
tissue_site,OSD-562::RRRM2_HPC_GC_LAR_YNG_GY1,OSD-562,0,0.5001214384490126,0.49980699726659894
tissue_site,OSD-562::RRRM2_HPC_GC_LAR_YNG_GY4,OSD-562,0,0.5001214384490126,0.49980699726659894
tissue_site,OSD-562::RRRM2_HPC_GC_LAR_YNG_GY5,OSD-562,0,0.5001214384490126,0.49980699726659894
tissue_site,OSD-564::RR10_HPC_FLT_WT_F1,OSD-564,1,0.5182107209477842,0.5354555709253374
tissue_site,OSD-564::RR10_HPC_FLT_WT_F3,OSD-564,1,0.5182107209477842,0.5354555709253374
tissue_site,OSD-564::RR10_HPC_FLT_WT_F5,OSD-564,1,0.5182107209477842,0.5354555709253374
tissue_site,OSD-564::RR10_HPC_FLT_WT_F7,OSD-564,1,0.5182107209477842,0.5354555709253374
tissue_site,OSD-564::RR10_HPC_FLT_WT_F9,OSD-564,1,0.5182107209477842,0.5354555709253374
tissue_site,OSD-564::RR10_HPC_GC_WT_G1,OSD-564,0,0.5182107209477842,0.5354555709253374
tissue_site,OSD-564::RR10_HPC_GC_WT_G3,OSD-564,0,0.5182107209477842,0.5354555709253374
tissue_site,OSD-564::RR10_HPC_GC_WT_G5,OSD-564,0,0.5182107209477842,0.5354555709253374
tissue_site,OSD-564::RR10_HPC_GC_WT_G7,OSD-564,0,0.5182107209477842,0.5354555709253374
tissue_site,OSD-564::RR10_HPC_GC_WT_G9,OSD-564,0,0.5182107209477842,0.5354555709253374
tissue_site,OSD-576::RR23_R-TA_FLT_F1,OSD-576,1,0.4938862890591949,0.49544833677950045
tissue_site,OSD-576::RR23_R-TA_FLT_F2,OSD-576,1,0.4938862890591949,0.49544833677950045
tissue_site,OSD-576::RR23_R-TA_FLT_F3,OSD-576,1,0.4938862890591949,0.49544833677950045
tissue_site,OSD-576::RR23_R-TA_FLT_F4,OSD-576,1,0.4938862890591949,0.49544833677950045
tissue_site,OSD-576::RR23_R-TA_FLT_F5,OSD-576,1,0.4938862890591949,0.49544833677950045
tissue_site,OSD-576::RR23_R-TA_FLT_F6,OSD-576,1,0.4938862890591949,0.49544833677950045
tissue_site,OSD-576::RR23_R-TA_FLT_F7,OSD-576,1,0.4938862890591949,0.49544833677950045
tissue_site,OSD-576::RR23_R-TA_FLT_F8,OSD-576,1,0.4938862890591949,0.49544833677950045
tissue_site,OSD-576::RR23_R-TA_FLT_F9,OSD-576,1,0.4938862890591949,0.49544833677950045
tissue_site,OSD-576::RR23_R-TA_GC_G1,OSD-576,0,0.4938862890591949,0.49544833677950045
tissue_site,OSD-576::RR23_R-TA_GC_G2,OSD-576,0,0.4938862890591949,0.49544833677950045
tissue_site,OSD-576::RR23_R-TA_GC_G3,OSD-576,0,0.4938862890591949,0.49544833677950045
tissue_site,OSD-576::RR23_R-TA_GC_G4,OSD-576,0,0.4938862890591949,0.49544833677950045
tissue_site,OSD-576::RR23_R-TA_GC_G5,OSD-576,0,0.4938862890591949,0.49544833677950045
tissue_site,OSD-576::RR23_R-TA_GC_G6,OSD-576,0,0.4938862890591949,0.49544833677950045
tissue_site,OSD-576::RR23_R-TA_GC_G7,OSD-576,0,0.4938862890591949,0.49544833677950045
tissue_site,OSD-576::RR23_R-TA_GC_G8,OSD-576,0,0.4938862890591949,0.49544833677950045
tissue_site,OSD-576::RR23_R-TA_GC_G9,OSD-576,0,0.4938862890591949,0.49544833677950045
tissue_site,OSD-580::RRRM2_HRT_FLT_ISS-T_OLD_FO11,OSD-580,1,0.5010953895588749,0.4953251665429352
tissue_site,OSD-580::RRRM2_HRT_FLT_ISS-T_OLD_FO13,OSD-580,1,0.5010953895588749,0.4953251665429352
tissue_site,OSD-580::RRRM2_HRT_FLT_ISS-T_OLD_FO15,OSD-580,1,0.5010953895588749,0.4953251665429352
tissue_site,OSD-580::RRRM2_HRT_FLT_ISS-T_OLD_FO17,OSD-580,1,0.5010953895588749,0.4953251665429352
tissue_site,OSD-580::RRRM2_HRT_FLT_ISS-T_OLD_FO19,OSD-580,1,0.5010953895588749,0.4953251665429352
tissue_site,OSD-580::RRRM2_HRT_FLT_ISS-T_YNG_FY1,OSD-580,1,0.5010953895588749,0.4953251665429352
tissue_site,OSD-580::RRRM2_HRT_FLT_ISS-T_YNG_FY3,OSD-580,1,0.5010953895588749,0.4953251665429352
tissue_site,OSD-580::RRRM2_HRT_FLT_ISS-T_YNG_FY5,OSD-580,1,0.5010953895588749,0.4953251665429352
tissue_site,OSD-580::RRRM2_HRT_FLT_ISS-T_YNG_FY7,OSD-580,1,0.5010953895588749,0.4953251665429352
tissue_site,OSD-580::RRRM2_HRT_FLT_ISS-T_YNG_FY9,OSD-580,1,0.5010953895588749,0.4953251665429352
tissue_site,OSD-580::RRRM2_HRT_FLT_LAR_OLD_FO1,OSD-580,1,0.5010953895588749,0.4953251665429352
tissue_site,OSD-580::RRRM2_HRT_FLT_LAR_OLD_FO17,OSD-580,1,0.5010953895588749,0.4953251665429352
tissue_site,OSD-580::RRRM2_HRT_FLT_LAR_OLD_FO19,OSD-580,1,0.5010953895588749,0.4953251665429352
tissue_site,OSD-580::RRRM2_HRT_FLT_LAR_OLD_FO3,OSD-580,1,0.5010953895588749,0.4953251665429352
tissue_site,OSD-580::RRRM2_HRT_FLT_LAR_OLD_FO5,OSD-580,1,0.5010953895588749,0.4953251665429352
tissue_site,OSD-580::RRRM2_HRT_FLT_LAR_YNG_FY10,OSD-580,1,0.5010953895588749,0.4953251665429352
tissue_site,OSD-580::RRRM2_HRT_FLT_LAR_YNG_FY12,OSD-580,1,0.5010953895588749,0.4953251665429352
tissue_site,OSD-580::RRRM2_HRT_FLT_LAR_YNG_FY14,OSD-580,1,0.5010953895588749,0.4953251665429352
tissue_site,OSD-580::RRRM2_HRT_FLT_LAR_YNG_FY6,OSD-580,1,0.5010953895588749,0.4953251665429352
tissue_site,OSD-580::RRRM2_HRT_FLT_LAR_YNG_FY8,OSD-580,1,0.5010953895588749,0.4953251665429352
tissue_site,OSD-580::RRRM2_HRT_GC_ISS-T_OLD_GO12,OSD-580,0,0.5010953895588749,0.4953251665429352
tissue_site,OSD-580::RRRM2_HRT_GC_ISS-T_OLD_GO13,OSD-580,0,0.5010953895588749,0.4953251665429352
tissue_site,OSD-580::RRRM2_HRT_GC_ISS-T_OLD_GO14,OSD-580,0,0.5010953895588749,0.4953251665429352
tissue_site,OSD-580::RRRM2_HRT_GC_ISS-T_OLD_GO15,OSD-580,0,0.5010953895588749,0.4953251665429352
tissue_site,OSD-580::RRRM2_HRT_GC_ISS-T_OLD_GO16,OSD-580,0,0.5010953895588749,0.4953251665429352
tissue_site,OSD-580::RRRM2_HRT_GC_ISS-T_YNG_GY1,OSD-580,0,0.5010953895588749,0.4953251665429352
tissue_site,OSD-580::RRRM2_HRT_GC_ISS-T_YNG_GY3,OSD-580,0,0.5010953895588749,0.4953251665429352
tissue_site,OSD-580::RRRM2_HRT_GC_ISS-T_YNG_GY4,OSD-580,0,0.5010953895588749,0.4953251665429352
tissue_site,OSD-580::RRRM2_HRT_GC_ISS-T_YNG_GY5,OSD-580,0,0.5010953895588749,0.4953251665429352
tissue_site,OSD-580::RRRM2_HRT_GC_ISS-T_YNG_GY8,OSD-580,0,0.5010953895588749,0.4953251665429352
tissue_site,OSD-580::RRRM2_HRT_GC_LAR_OLD_GO11,OSD-580,0,0.5010953895588749,0.4953251665429352
tissue_site,OSD-580::RRRM2_HRT_GC_LAR_OLD_GO13,OSD-580,0,0.5010953895588749,0.4953251665429352
tissue_site,OSD-580::RRRM2_HRT_GC_LAR_OLD_GO15,OSD-580,0,0.5010953895588749,0.4953251665429352
tissue_site,OSD-580::RRRM2_HRT_GC_LAR_OLD_GO17,OSD-580,0,0.5010953895588749,0.4953251665429352
tissue_site,OSD-580::RRRM2_HRT_GC_LAR_OLD_GO19,OSD-580,0,0.5010953895588749,0.4953251665429352
tissue_site,OSD-580::RRRM2_HRT_GC_LAR_YNG_GY1,OSD-580,0,0.5010953895588749,0.4953251665429352
tissue_site,OSD-580::RRRM2_HRT_GC_LAR_YNG_GY3,OSD-580,0,0.5010953895588749,0.4953251665429352
tissue_site,OSD-580::RRRM2_HRT_GC_LAR_YNG_GY5,OSD-580,0,0.5010953895588749,0.4953251665429352
tissue_site,OSD-580::RRRM2_HRT_GC_LAR_YNG_GY7,OSD-580,0,0.5010953895588749,0.4953251665429352
tissue_site,OSD-580::RRRM2_HRT_GC_LAR_YNG_GY9,OSD-580,0,0.5010953895588749,0.4953251665429352
tissue_site,OSD-665::RR23_R-EDL_FLT_F1_techrep1,OSD-665,1,0.49337761313485606,0.49602641776363876
tissue_site,OSD-665::RR23_R-EDL_FLT_F1_techrep2,OSD-665,1,0.49337761313485606,0.49602641776363876
tissue_site,OSD-665::RR23_R-EDL_FLT_F2,OSD-665,1,0.49337761313485606,0.49602641776363876
tissue_site,OSD-665::RR23_R-EDL_FLT_F3,OSD-665,1,0.49337761313485606,0.49602641776363876
tissue_site,OSD-665::RR23_R-EDL_FLT_F4,OSD-665,1,0.49337761313485606,0.49602641776363876
tissue_site,OSD-665::RR23_R-EDL_FLT_F5,OSD-665,1,0.49337761313485606,0.49602641776363876
tissue_site,OSD-665::RR23_R-EDL_FLT_F6,OSD-665,1,0.49337761313485606,0.49602641776363876
tissue_site,OSD-665::RR23_R-EDL_FLT_F7,OSD-665,1,0.49337761313485606,0.49602641776363876
tissue_site,OSD-665::RR23_R-EDL_FLT_F8,OSD-665,1,0.49337761313485606,0.49602641776363876
tissue_site,OSD-665::RR23_R-EDL_FLT_F9,OSD-665,1,0.49337761313485606,0.49602641776363876
tissue_site,OSD-665::RR23_R-EDL_GC_G1_techrep1,OSD-665,0,0.49337761313485606,0.49602641776363876
tissue_site,OSD-665::RR23_R-EDL_GC_G1_techrep2,OSD-665,0,0.49337761313485606,0.49602641776363876
tissue_site,OSD-665::RR23_R-EDL_GC_G2,OSD-665,0,0.49337761313485606,0.49602641776363876
tissue_site,OSD-665::RR23_R-EDL_GC_G3,OSD-665,0,0.49337761313485606,0.49602641776363876
tissue_site,OSD-665::RR23_R-EDL_GC_G4,OSD-665,0,0.49337761313485606,0.49602641776363876
tissue_site,OSD-665::RR23_R-EDL_GC_G5,OSD-665,0,0.49337761313485606,0.49602641776363876
tissue_site,OSD-665::RR23_R-EDL_GC_G6,OSD-665,0,0.49337761313485606,0.49602641776363876
tissue_site,OSD-665::RR23_R-EDL_GC_G7,OSD-665,0,0.49337761313485606,0.49602641776363876
tissue_site,OSD-665::RR23_R-EDL_GC_G8,OSD-665,0,0.49337761313485606,0.49602641776363876
tissue_site,OSD-665::RR23_R-EDL_GC_G9,OSD-665,0,0.49337761313485606,0.49602641776363876
tissue_site,OSD-666::RR23_R-Quad_FLT_F1_techrep2,OSD-666,1,0.5001214384490126,0.49980699726659894
tissue_site,OSD-666::RR23_R-Quad_FLT_F2,OSD-666,1,0.5001214384490126,0.49980699726659894
tissue_site,OSD-666::RR23_R-Quad_FLT_F3,OSD-666,1,0.5001214384490126,0.49980699726659894
tissue_site,OSD-666::RR23_R-Quad_FLT_F4,OSD-666,1,0.5001214384490126,0.49980699726659894
tissue_site,OSD-666::RR23_R-Quad_FLT_F5,OSD-666,1,0.5001214384490126,0.49980699726659894
tissue_site,OSD-666::RR23_R-Quad_FLT_F6,OSD-666,1,0.5001214384490126,0.49980699726659894
tissue_site,OSD-666::RR23_R-Quad_FLT_F7,OSD-666,1,0.5001214384490126,0.49980699726659894
tissue_site,OSD-666::RR23_R-Quad_FLT_F8,OSD-666,1,0.5001214384490126,0.49980699726659894
tissue_site,OSD-666::RR23_R-Quad_FLT_F9,OSD-666,1,0.5001214384490126,0.49980699726659894
tissue_site,OSD-666::RR23_R-Quad_GC_G1_techrep1,OSD-666,0,0.5001214384490126,0.49980699726659894
tissue_site,OSD-666::RR23_R-Quad_GC_G1_techrep2,OSD-666,0,0.5001214384490126,0.49980699726659894
tissue_site,OSD-666::RR23_R-Quad_GC_G2,OSD-666,0,0.5001214384490126,0.49980699726659894
tissue_site,OSD-666::RR23_R-Quad_GC_G3,OSD-666,0,0.5001214384490126,0.49980699726659894
tissue_site,OSD-666::RR23_R-Quad_GC_G4,OSD-666,0,0.5001214384490126,0.49980699726659894
tissue_site,OSD-666::RR23_R-Quad_GC_G5,OSD-666,0,0.5001214384490126,0.49980699726659894
tissue_site,OSD-666::RR23_R-Quad_GC_G6,OSD-666,0,0.5001214384490126,0.49980699726659894
tissue_site,OSD-666::RR23_R-Quad_GC_G7,OSD-666,0,0.5001214384490126,0.49980699726659894
tissue_site,OSD-666::RR23_R-Quad_GC_G8,OSD-666,0,0.5001214384490126,0.49980699726659894
tissue_site,OSD-666::RR23_R-Quad_GC_G9,OSD-666,0,0.5001214384490126,0.49980699726659894
tissue_site,OSD-667::RR10_CLN_FLT_KO_F11,OSD-667,1,0.49995165191190866,0.49938013124392916
tissue_site,OSD-667::RR10_CLN_FLT_KO_F15,OSD-667,1,0.49995165191190866,0.49938013124392916
tissue_site,OSD-667::RR10_CLN_FLT_KO_F19,OSD-667,1,0.49995165191190866,0.49938013124392916
tissue_site,OSD-667::RR10_CLN_FLT_KO_F4,OSD-667,1,0.49995165191190866,0.49938013124392916
tissue_site,OSD-667::RR10_CLN_FLT_KO_F8,OSD-667,1,0.49995165191190866,0.49938013124392916
tissue_site,OSD-667::RR10_CLN_FLT_WT_F12,OSD-667,1,0.49995165191190866,0.49938013124392916
tissue_site,OSD-667::RR10_CLN_FLT_WT_F16,OSD-667,1,0.49995165191190866,0.49938013124392916
tissue_site,OSD-667::RR10_CLN_FLT_WT_F3,OSD-667,1,0.49995165191190866,0.49938013124392916
tissue_site,OSD-667::RR10_CLN_FLT_WT_F7,OSD-667,1,0.49995165191190866,0.49938013124392916
tissue_site,OSD-667::RR10_CLN_GC_KO_G11,OSD-667,0,0.49995165191190866,0.49938013124392916
tissue_site,OSD-667::RR10_CLN_GC_KO_G15,OSD-667,0,0.49995165191190866,0.49938013124392916
tissue_site,OSD-667::RR10_CLN_GC_KO_G19,OSD-667,0,0.49995165191190866,0.49938013124392916
tissue_site,OSD-667::RR10_CLN_GC_KO_G4,OSD-667,0,0.49995165191190866,0.49938013124392916
tissue_site,OSD-667::RR10_CLN_GC_KO_G8,OSD-667,0,0.49995165191190866,0.49938013124392916
tissue_site,OSD-667::RR10_CLN_GC_WT_G12,OSD-667,0,0.49995165191190866,0.49938013124392916
tissue_site,OSD-667::RR10_CLN_GC_WT_G16,OSD-667,0,0.49995165191190866,0.49938013124392916
tissue_site,OSD-667::RR10_CLN_GC_WT_G20,OSD-667,0,0.49995165191190866,0.49938013124392916
tissue_site,OSD-667::RR10_CLN_GC_WT_G3,OSD-667,0,0.49995165191190866,0.49938013124392916
tissue_site,OSD-667::RR10_CLN_GC_WT_G7,OSD-667,0,0.49995165191190866,0.49938013124392916
tissue_site,OSD-770::RR23_R-SLS_FLT_F1_techrep1,OSD-770,1,0.497537893093571,0.49762672584779055
tissue_site,OSD-770::RR23_R-SLS_FLT_F1_techrep2,OSD-770,1,0.497537893093571,0.49762672584779055
tissue_site,OSD-770::RR23_R-SLS_FLT_F2,OSD-770,1,0.497537893093571,0.49762672584779055
tissue_site,OSD-770::RR23_R-SLS_FLT_F3,OSD-770,1,0.497537893093571,0.49762672584779055
tissue_site,OSD-770::RR23_R-SLS_FLT_F4,OSD-770,1,0.497537893093571,0.49762672584779055
tissue_site,OSD-770::RR23_R-SLS_FLT_F5,OSD-770,1,0.497537893093571,0.49762672584779055
tissue_site,OSD-770::RR23_R-SLS_FLT_F6,OSD-770,1,0.497537893093571,0.49762672584779055
tissue_site,OSD-770::RR23_R-SLS_FLT_F7,OSD-770,1,0.497537893093571,0.49762672584779055
tissue_site,OSD-770::RR23_R-SLS_FLT_F8,OSD-770,1,0.497537893093571,0.49762672584779055
tissue_site,OSD-770::RR23_R-SLS_FLT_F9,OSD-770,1,0.497537893093571,0.49762672584779055
tissue_site,OSD-770::RR23_R-SLS_GC_G1_techrep1,OSD-770,0,0.497537893093571,0.49762672584779055
tissue_site,OSD-770::RR23_R-SLS_GC_G1_techrep2,OSD-770,0,0.497537893093571,0.49762672584779055
tissue_site,OSD-770::RR23_R-SLS_GC_G2,OSD-770,0,0.497537893093571,0.49762672584779055
tissue_site,OSD-770::RR23_R-SLS_GC_G3,OSD-770,0,0.497537893093571,0.49762672584779055
tissue_site,OSD-770::RR23_R-SLS_GC_G4,OSD-770,0,0.497537893093571,0.49762672584779055
tissue_site,OSD-770::RR23_R-SLS_GC_G5,OSD-770,0,0.497537893093571,0.49762672584779055
tissue_site,OSD-770::RR23_R-SLS_GC_G6,OSD-770,0,0.497537893093571,0.49762672584779055
tissue_site,OSD-770::RR23_R-SLS_GC_G7,OSD-770,0,0.497537893093571,0.49762672584779055
tissue_site,OSD-770::RR23_R-SLS_GC_G8,OSD-770,0,0.497537893093571,0.49762672584779055
tissue_site,OSD-770::RR23_R-SLS_GC_G9,OSD-770,0,0.497537893093571,0.49762672584779055
tissue_site,OSD-99::Mmus_C57-6J_EDL_FLT_Rep1_M23,OSD-99,1,0.497537893093571,0.49762672584779055
tissue_site,OSD-99::Mmus_C57-6J_EDL_FLT_Rep2_M26,OSD-99,1,0.497537893093571,0.49762672584779055
tissue_site,OSD-99::Mmus_C57-6J_EDL_FLT_Rep3_M27,OSD-99,1,0.497537893093571,0.49762672584779055
tissue_site,OSD-99::Mmus_C57-6J_EDL_FLT_Rep4_M28,OSD-99,1,0.497537893093571,0.49762672584779055
tissue_site,OSD-99::Mmus_C57-6J_EDL_FLT_Rep5_M29,OSD-99,1,0.497537893093571,0.49762672584779055
tissue_site,OSD-99::Mmus_C57-6J_EDL_FLT_Rep6_M30,OSD-99,1,0.497537893093571,0.49762672584779055
tissue_site,OSD-99::Mmus_C57-6J_EDL_GC_Rep1_M31,OSD-99,0,0.497537893093571,0.49762672584779055
tissue_site,OSD-99::Mmus_C57-6J_EDL_GC_Rep2_M32,OSD-99,0,0.497537893093571,0.49762672584779055
tissue_site,OSD-99::Mmus_C57-6J_EDL_GC_Rep3_M37,OSD-99,0,0.497537893093571,0.49762672584779055
tissue_site,OSD-99::Mmus_C57-6J_EDL_GC_Rep4_M38,OSD-99,0,0.497537893093571,0.49762672584779055
tissue_site,OSD-99::Mmus_C57-6J_EDL_GC_Rep5_M39,OSD-99,0,0.497537893093571,0.49762672584779055
tissue_site,OSD-99::Mmus_C57-6J_EDL_GC_Rep6_M40,OSD-99,0,0.497537893093571,0.49762672584779055
sex,OSD-101::Mmus_C57-6J_GST_FLT_Rep1_M23,OSD-101,1,0.49590166305029787,0.502355451367618
sex,OSD-101::Mmus_C57-6J_GST_FLT_Rep2_M24,OSD-101,1,0.49590166305029787,0.502355451367618
sex,OSD-101::Mmus_C57-6J_GST_FLT_Rep3_M25,OSD-101,1,0.49590166305029787,0.502355451367618
sex,OSD-101::Mmus_C57-6J_GST_FLT_Rep4_M26,OSD-101,1,0.49590166305029787,0.502355451367618
sex,OSD-101::Mmus_C57-6J_GST_FLT_Rep5_M27,OSD-101,1,0.49590166305029787,0.502355451367618
sex,OSD-101::Mmus_C57-6J_GST_FLT_Rep6_M28,OSD-101,1,0.49590166305029787,0.502355451367618
sex,OSD-101::Mmus_C57-6J_GST_GC_Rep1_M33,OSD-101,0,0.49590166305029787,0.502355451367618
sex,OSD-101::Mmus_C57-6J_GST_GC_Rep2_M34,OSD-101,0,0.49590166305029787,0.502355451367618
sex,OSD-101::Mmus_C57-6J_GST_GC_Rep3_M35,OSD-101,0,0.49590166305029787,0.502355451367618
sex,OSD-101::Mmus_C57-6J_GST_GC_Rep4_M36,OSD-101,0,0.49590166305029787,0.502355451367618
sex,OSD-101::Mmus_C57-6J_GST_GC_Rep5_M37,OSD-101,0,0.49590166305029787,0.502355451367618
sex,OSD-101::Mmus_C57-6J_GST_GC_Rep6_M38,OSD-101,0,0.49590166305029787,0.502355451367618
sex,OSD-103::Mmus_C57-6J_Quad_FLT_Rep1_M23,OSD-103,1,0.49337761313485606,0.5000502140829446
sex,OSD-103::Mmus_C57-6J_Quad_FLT_Rep2_M24,OSD-103,1,0.49337761313485606,0.5000502140829446
sex,OSD-103::Mmus_C57-6J_Quad_FLT_Rep3_M25,OSD-103,1,0.49337761313485606,0.5000502140829446
sex,OSD-103::Mmus_C57-6J_Quad_FLT_Rep4_M26,OSD-103,1,0.49337761313485606,0.5000502140829446
sex,OSD-103::Mmus_C57-6J_Quad_FLT_Rep5_M27,OSD-103,1,0.49337761313485606,0.5000502140829446
sex,OSD-103::Mmus_C57-6J_Quad_FLT_Rep6_M28,OSD-103,1,0.49337761313485606,0.5000502140829446
sex,OSD-103::Mmus_C57-6J_Quad_GC_Rep1_M33,OSD-103,0,0.49337761313485606,0.5000502140829446
sex,OSD-103::Mmus_C57-6J_Quad_GC_Rep2_M34,OSD-103,0,0.49337761313485606,0.5000502140829446
sex,OSD-103::Mmus_C57-6J_Quad_GC_Rep3_M35,OSD-103,0,0.49337761313485606,0.5000502140829446
sex,OSD-103::Mmus_C57-6J_Quad_GC_Rep4_M36,OSD-103,0,0.49337761313485606,0.5000502140829446
sex,OSD-103::Mmus_C57-6J_Quad_GC_Rep5_M37,OSD-103,0,0.49337761313485606,0.5000502140829446
sex,OSD-103::Mmus_C57-6J_Quad_GC_Rep6_M38,OSD-103,0,0.49337761313485606,0.5000502140829446
sex,OSD-104::Mmus_C57-6J_SLS_FLT_Rep1_M23,OSD-104,1,0.5001214384490126,0.5001214682973953
sex,OSD-104::Mmus_C57-6J_SLS_FLT_Rep2_M24,OSD-104,1,0.5001214384490126,0.5001214682973953
sex,OSD-104::Mmus_C57-6J_SLS_FLT_Rep3_M25,OSD-104,1,0.5001214384490126,0.5001214682973953
sex,OSD-104::Mmus_C57-6J_SLS_FLT_Rep4_M26,OSD-104,1,0.5001214384490126,0.5001214682973953
sex,OSD-104::Mmus_C57-6J_SLS_FLT_Rep5_M27,OSD-104,1,0.5001214384490126,0.5001214682973953
sex,OSD-104::Mmus_C57-6J_SLS_FLT_Rep6_M28,OSD-104,1,0.5001214384490126,0.5001214682973953
sex,OSD-104::Mmus_C57-6J_SLS_GC_Rep1_M33,OSD-104,0,0.5001214384490126,0.5001214682973953
sex,OSD-104::Mmus_C57-6J_SLS_GC_Rep2_M34,OSD-104,0,0.5001214384490126,0.5001214682973953
sex,OSD-104::Mmus_C57-6J_SLS_GC_Rep3_M35,OSD-104,0,0.5001214384490126,0.5001214682973953
sex,OSD-104::Mmus_C57-6J_SLS_GC_Rep4_M36,OSD-104,0,0.5001214384490126,0.5001214682973953
sex,OSD-104::Mmus_C57-6J_SLS_GC_Rep5_M37,OSD-104,0,0.5001214384490126,0.5001214682973953
sex,OSD-104::Mmus_C57-6J_SLS_GC_Rep6_M38,OSD-104,0,0.5001214384490126,0.5001214682973953
sex,OSD-105::Mmus_C57-6J_TA_FLT_Rep1_M23,OSD-105,1,0.4938862890591949,0.49898335554674966
sex,OSD-105::Mmus_C57-6J_TA_FLT_Rep2_M24,OSD-105,1,0.4938862890591949,0.49898335554674966
sex,OSD-105::Mmus_C57-6J_TA_FLT_Rep3_M25,OSD-105,1,0.4938862890591949,0.49898335554674966
sex,OSD-105::Mmus_C57-6J_TA_FLT_Rep4_M26,OSD-105,1,0.4938862890591949,0.49898335554674966
sex,OSD-105::Mmus_C57-6J_TA_FLT_Rep5_M27,OSD-105,1,0.4938862890591949,0.49898335554674966
sex,OSD-105::Mmus_C57-6J_TA_FLT_Rep6_M28,OSD-105,1,0.4938862890591949,0.49898335554674966
sex,OSD-105::Mmus_C57-6J_TA_GC_Rep1_M33,OSD-105,0,0.4938862890591949,0.49898335554674966
sex,OSD-105::Mmus_C57-6J_TA_GC_Rep2_M34,OSD-105,0,0.4938862890591949,0.49898335554674966
sex,OSD-105::Mmus_C57-6J_TA_GC_Rep3_M35,OSD-105,0,0.4938862890591949,0.49898335554674966
sex,OSD-105::Mmus_C57-6J_TA_GC_Rep4_M36,OSD-105,0,0.4938862890591949,0.49898335554674966
sex,OSD-105::Mmus_C57-6J_TA_GC_Rep5_M37,OSD-105,0,0.4938862890591949,0.49898335554674966
sex,OSD-105::Mmus_C57-6J_TA_GC_Rep6_M38,OSD-105,0,0.4938862890591949,0.49898335554674966
sex,OSD-379::RR8_LVR_FLT_ISS-T_OLD_FI16,OSD-379,1,0.49995217875167736,0.502408613757968
sex,OSD-379::RR8_LVR_FLT_ISS-T_OLD_FI17,OSD-379,1,0.49995217875167736,0.502408613757968
sex,OSD-379::RR8_LVR_FLT_ISS-T_YNG_FI10,OSD-379,1,0.49995217875167736,0.502408613757968
sex,OSD-379::RR8_LVR_FLT_LAR_OLD_FL11,OSD-379,1,0.49995217875167736,0.502408613757968
sex,OSD-379::RR8_LVR_FLT_LAR_OLD_FL15,OSD-379,1,0.49995217875167736,0.502408613757968
sex,OSD-379::RR8_LVR_FLT_LAR_OLD_FL8,OSD-379,1,0.49995217875167736,0.502408613757968
sex,OSD-379::RR8_LVR_FLT_LAR_YNG_FL2,OSD-379,1,0.49995217875167736,0.502408613757968
sex,OSD-379::RR8_LVR_GC_ISS-T_OLD_GI11,OSD-379,0,0.49995217875167736,0.502408613757968
sex,OSD-379::RR8_LVR_GC_LAR_OLD_GL3,OSD-379,0,0.49995217875167736,0.502408613757968
sex,OSD-379::RR8_LVR_GC_LAR_YNG_GL1,OSD-379,0,0.49995217875167736,0.502408613757968
sex,OSD-379::RR8_LVR_GC_LAR_YNG_GL5,OSD-379,0,0.49995217875167736,0.502408613757968
sex,OSD-401::GSM5398359,OSD-401,0,0.49590166305029787,0.502355451367618
sex,OSD-401::GSM5398363,OSD-401,1,0.49590166305029787,0.502355451367618
sex,OSD-457::GSM4613981,OSD-457,0,0.5015702247718152,0.49898335554674966
sex,OSD-457::GSM4613989,OSD-457,0,0.5015702247718152,0.49898335554674966
sex,OSD-457::GSM4613991,OSD-457,0,0.5015702247718152,0.49898335554674966
sex,OSD-457::GSM4613995,OSD-457,1,0.5015702247718152,0.49898335554674966
sex,OSD-457::GSM4614077,OSD-457,0,0.5094160014351236,0.49898335554674966
sex,OSD-457::GSM4614078,OSD-457,0,0.5094160014351236,0.49898335554674966
sex,OSD-457::GSM4614079,OSD-457,0,0.5094160014351236,0.49898335554674966
sex,OSD-457::GSM4614080,OSD-457,0,0.5094160014351236,0.49898335554674966
sex,OSD-457::GSM4614081,OSD-457,0,0.5094160014351236,0.49898335554674966
sex,OSD-457::GSM4614082,OSD-457,0,0.5094160014351236,0.49898335554674966
sex,OSD-457::GSM4614083,OSD-457,0,0.5094160014351236,0.49898335554674966
sex,OSD-457::GSM4614084,OSD-457,0,0.5094160014351236,0.49898335554674966
sex,OSD-457::GSM4614085,OSD-457,0,0.5094160014351236,0.49898335554674966
sex,OSD-457::GSM4614086,OSD-457,0,0.5094160014351236,0.49898335554674966
sex,OSD-457::GSM4614087,OSD-457,0,0.5094160014351236,0.49898335554674966
sex,OSD-457::GSM4614088,OSD-457,0,0.5094160014351236,0.49898335554674966
sex,OSD-457::GSM4614089,OSD-457,1,0.5094160014351236,0.49898335554674966
sex,OSD-457::GSM4614090,OSD-457,1,0.5094160014351236,0.49898335554674966
sex,OSD-457::GSM4614091,OSD-457,1,0.5094160014351236,0.49898335554674966
sex,OSD-457::GSM4614092,OSD-457,1,0.5094160014351236,0.49898335554674966
sex,OSD-457::GSM4614093,OSD-457,1,0.5094160014351236,0.49898335554674966
sex,OSD-457::GSM4614094,OSD-457,1,0.5094160014351236,0.49898335554674966
sex,OSD-457::GSM4614095,OSD-457,1,0.5094160014351236,0.49898335554674966
sex,OSD-457::GSM4614096,OSD-457,1,0.5094160014351236,0.49898335554674966
sex,OSD-457::GSM4614097,OSD-457,1,0.5094160014351236,0.49898335554674966
sex,OSD-457::GSM4614098,OSD-457,1,0.5094160014351236,0.49898335554674966
sex,OSD-457::GSM4614099,OSD-457,1,0.5094160014351236,0.49898335554674966
sex,OSD-457::GSM4614100,OSD-457,1,0.5094160014351236,0.49898335554674966
sex,OSD-464::RR23_LNG_FLT_F1,OSD-464,1,0.4975881468251316,0.4877137671236994
sex,OSD-464::RR23_LNG_FLT_F2,OSD-464,1,0.4975881468251316,0.4877137671236994
sex,OSD-464::RR23_LNG_FLT_F3,OSD-464,1,0.4975881468251316,0.4877137671236994
sex,OSD-464::RR23_LNG_FLT_F4,OSD-464,1,0.4975881468251316,0.4877137671236994
sex,OSD-464::RR23_LNG_FLT_F5,OSD-464,1,0.4975881468251316,0.4877137671236994
sex,OSD-464::RR23_LNG_FLT_F6,OSD-464,1,0.4975881468251316,0.4877137671236994
sex,OSD-464::RR23_LNG_FLT_F7_techrep1,OSD-464,1,0.4975881468251316,0.4877137671236994
sex,OSD-464::RR23_LNG_FLT_F7_techrep2,OSD-464,1,0.4975881468251316,0.4877137671236994
sex,OSD-464::RR23_LNG_FLT_F8,OSD-464,1,0.4975881468251316,0.4877137671236994
sex,OSD-464::RR23_LNG_FLT_F9,OSD-464,1,0.4975881468251316,0.4877137671236994
sex,OSD-464::RR23_LNG_GC_G1,OSD-464,0,0.4975881468251316,0.4877137671236994
sex,OSD-464::RR23_LNG_GC_G2_techrep1,OSD-464,0,0.4975881468251316,0.4877137671236994
sex,OSD-464::RR23_LNG_GC_G2_techrep2,OSD-464,0,0.4975881468251316,0.4877137671236994
sex,OSD-464::RR23_LNG_GC_G3,OSD-464,0,0.4975881468251316,0.4877137671236994
sex,OSD-464::RR23_LNG_GC_G4,OSD-464,0,0.4975881468251316,0.4877137671236994
sex,OSD-464::RR23_LNG_GC_G5,OSD-464,0,0.4975881468251316,0.4877137671236994
sex,OSD-464::RR23_LNG_GC_G6,OSD-464,0,0.4975881468251316,0.4877137671236994
sex,OSD-464::RR23_LNG_GC_G7,OSD-464,0,0.4975881468251316,0.4877137671236994
sex,OSD-464::RR23_LNG_GC_G8,OSD-464,0,0.4975881468251316,0.4877137671236994
sex,OSD-48::Mmus_C57-6J_LVR_FLT_I_Rep1_M21,OSD-48,1,0.551118276363934,0.5546815854098458
sex,OSD-48::Mmus_C57-6J_LVR_GC_I_Rep2_M32,OSD-48,0,0.551118276363934,0.5546815854098458
sex,OSD-562::RRRM2_HPC_FLT_ISS-T_OLD_FO11,OSD-562,1,0.5001214384490126,0.5001214682973953
sex,OSD-562::RRRM2_HPC_FLT_ISS-T_OLD_FO13,OSD-562,1,0.5001214384490126,0.5001214682973953
sex,OSD-562::RRRM2_HPC_FLT_ISS-T_OLD_FO15,OSD-562,1,0.5001214384490126,0.5001214682973953
sex,OSD-562::RRRM2_HPC_FLT_ISS-T_YNG_FY10,OSD-562,1,0.5001214384490126,0.5001214682973953
sex,OSD-562::RRRM2_HPC_FLT_ISS-T_YNG_FY3,OSD-562,1,0.5001214384490126,0.5001214682973953
sex,OSD-562::RRRM2_HPC_FLT_ISS-T_YNG_FY4,OSD-562,1,0.5001214384490126,0.5001214682973953
sex,OSD-562::RRRM2_HPC_FLT_ISS-T_YNG_FY6,OSD-562,1,0.5001214384490126,0.5001214682973953
sex,OSD-562::RRRM2_HPC_FLT_LAR_OLD_FO2,OSD-562,1,0.5001214384490126,0.5001214682973953
sex,OSD-562::RRRM2_HPC_FLT_LAR_OLD_FO3,OSD-562,1,0.5001214384490126,0.5001214682973953
sex,OSD-562::RRRM2_HPC_FLT_LAR_OLD_FO5,OSD-562,1,0.5001214384490126,0.5001214682973953
sex,OSD-562::RRRM2_HPC_FLT_LAR_YNG_FY10,OSD-562,1,0.5001214384490126,0.5001214682973953
sex,OSD-562::RRRM2_HPC_FLT_LAR_YNG_FY6,OSD-562,1,0.5001214384490126,0.5001214682973953
sex,OSD-562::RRRM2_HPC_FLT_LAR_YNG_FY7,OSD-562,1,0.5001214384490126,0.5001214682973953
sex,OSD-562::RRRM2_HPC_GC_ISS-T_OLD_GO12,OSD-562,0,0.5001214384490126,0.5001214682973953
sex,OSD-562::RRRM2_HPC_GC_ISS-T_OLD_GO15,OSD-562,0,0.5001214384490126,0.5001214682973953
sex,OSD-562::RRRM2_HPC_GC_ISS-T_OLD_GO20,OSD-562,0,0.5001214384490126,0.5001214682973953
sex,OSD-562::RRRM2_HPC_GC_ISS-T_YNG_GY10,OSD-562,0,0.5001214384490126,0.5001214682973953
sex,OSD-562::RRRM2_HPC_GC_ISS-T_YNG_GY8,OSD-562,0,0.5001214384490126,0.5001214682973953
sex,OSD-562::RRRM2_HPC_GC_LAR_OLD_GO12,OSD-562,0,0.5001214384490126,0.5001214682973953
sex,OSD-562::RRRM2_HPC_GC_LAR_OLD_GO13,OSD-562,0,0.5001214384490126,0.5001214682973953
sex,OSD-562::RRRM2_HPC_GC_LAR_OLD_GO15,OSD-562,0,0.5001214384490126,0.5001214682973953
sex,OSD-562::RRRM2_HPC_GC_LAR_YNG_GY1,OSD-562,0,0.5001214384490126,0.5001214682973953
sex,OSD-562::RRRM2_HPC_GC_LAR_YNG_GY4,OSD-562,0,0.5001214384490126,0.5001214682973953
sex,OSD-562::RRRM2_HPC_GC_LAR_YNG_GY5,OSD-562,0,0.5001214384490126,0.5001214682973953
sex,OSD-564::RR10_HPC_FLT_WT_F1,OSD-564,1,0.5182107209477842,0.5204613378201719
sex,OSD-564::RR10_HPC_FLT_WT_F3,OSD-564,1,0.5182107209477842,0.5204613378201719
sex,OSD-564::RR10_HPC_FLT_WT_F5,OSD-564,1,0.5182107209477842,0.5204613378201719
sex,OSD-564::RR10_HPC_FLT_WT_F7,OSD-564,1,0.5182107209477842,0.5204613378201719
sex,OSD-564::RR10_HPC_FLT_WT_F9,OSD-564,1,0.5182107209477842,0.5204613378201719
sex,OSD-564::RR10_HPC_GC_WT_G1,OSD-564,0,0.5182107209477842,0.5204613378201719
sex,OSD-564::RR10_HPC_GC_WT_G3,OSD-564,0,0.5182107209477842,0.5204613378201719
sex,OSD-564::RR10_HPC_GC_WT_G5,OSD-564,0,0.5182107209477842,0.5204613378201719
sex,OSD-564::RR10_HPC_GC_WT_G7,OSD-564,0,0.5182107209477842,0.5204613378201719
sex,OSD-564::RR10_HPC_GC_WT_G9,OSD-564,0,0.5182107209477842,0.5204613378201719
sex,OSD-576::RR23_R-TA_FLT_F1,OSD-576,1,0.4938862890591949,0.49898335554674966
sex,OSD-576::RR23_R-TA_FLT_F2,OSD-576,1,0.4938862890591949,0.49898335554674966
sex,OSD-576::RR23_R-TA_FLT_F3,OSD-576,1,0.4938862890591949,0.49898335554674966
sex,OSD-576::RR23_R-TA_FLT_F4,OSD-576,1,0.4938862890591949,0.49898335554674966
sex,OSD-576::RR23_R-TA_FLT_F5,OSD-576,1,0.4938862890591949,0.49898335554674966
sex,OSD-576::RR23_R-TA_FLT_F6,OSD-576,1,0.4938862890591949,0.49898335554674966
sex,OSD-576::RR23_R-TA_FLT_F7,OSD-576,1,0.4938862890591949,0.49898335554674966
sex,OSD-576::RR23_R-TA_FLT_F8,OSD-576,1,0.4938862890591949,0.49898335554674966
sex,OSD-576::RR23_R-TA_FLT_F9,OSD-576,1,0.4938862890591949,0.49898335554674966
sex,OSD-576::RR23_R-TA_GC_G1,OSD-576,0,0.4938862890591949,0.49898335554674966
sex,OSD-576::RR23_R-TA_GC_G2,OSD-576,0,0.4938862890591949,0.49898335554674966
sex,OSD-576::RR23_R-TA_GC_G3,OSD-576,0,0.4938862890591949,0.49898335554674966
sex,OSD-576::RR23_R-TA_GC_G4,OSD-576,0,0.4938862890591949,0.49898335554674966
sex,OSD-576::RR23_R-TA_GC_G5,OSD-576,0,0.4938862890591949,0.49898335554674966
sex,OSD-576::RR23_R-TA_GC_G6,OSD-576,0,0.4938862890591949,0.49898335554674966
sex,OSD-576::RR23_R-TA_GC_G7,OSD-576,0,0.4938862890591949,0.49898335554674966
sex,OSD-576::RR23_R-TA_GC_G8,OSD-576,0,0.4938862890591949,0.49898335554674966
sex,OSD-576::RR23_R-TA_GC_G9,OSD-576,0,0.4938862890591949,0.49898335554674966
sex,OSD-580::RRRM2_HRT_FLT_ISS-T_OLD_FO11,OSD-580,1,0.5010953895588749,0.506895944631949
sex,OSD-580::RRRM2_HRT_FLT_ISS-T_OLD_FO13,OSD-580,1,0.5010953895588749,0.506895944631949
sex,OSD-580::RRRM2_HRT_FLT_ISS-T_OLD_FO15,OSD-580,1,0.5010953895588749,0.506895944631949
sex,OSD-580::RRRM2_HRT_FLT_ISS-T_OLD_FO17,OSD-580,1,0.5010953895588749,0.506895944631949
sex,OSD-580::RRRM2_HRT_FLT_ISS-T_OLD_FO19,OSD-580,1,0.5010953895588749,0.506895944631949
sex,OSD-580::RRRM2_HRT_FLT_ISS-T_YNG_FY1,OSD-580,1,0.5010953895588749,0.506895944631949
sex,OSD-580::RRRM2_HRT_FLT_ISS-T_YNG_FY3,OSD-580,1,0.5010953895588749,0.506895944631949
sex,OSD-580::RRRM2_HRT_FLT_ISS-T_YNG_FY5,OSD-580,1,0.5010953895588749,0.506895944631949
sex,OSD-580::RRRM2_HRT_FLT_ISS-T_YNG_FY7,OSD-580,1,0.5010953895588749,0.506895944631949
sex,OSD-580::RRRM2_HRT_FLT_ISS-T_YNG_FY9,OSD-580,1,0.5010953895588749,0.506895944631949
sex,OSD-580::RRRM2_HRT_FLT_LAR_OLD_FO1,OSD-580,1,0.5010953895588749,0.506895944631949
sex,OSD-580::RRRM2_HRT_FLT_LAR_OLD_FO17,OSD-580,1,0.5010953895588749,0.506895944631949
sex,OSD-580::RRRM2_HRT_FLT_LAR_OLD_FO19,OSD-580,1,0.5010953895588749,0.506895944631949
sex,OSD-580::RRRM2_HRT_FLT_LAR_OLD_FO3,OSD-580,1,0.5010953895588749,0.506895944631949
sex,OSD-580::RRRM2_HRT_FLT_LAR_OLD_FO5,OSD-580,1,0.5010953895588749,0.506895944631949
sex,OSD-580::RRRM2_HRT_FLT_LAR_YNG_FY10,OSD-580,1,0.5010953895588749,0.506895944631949
sex,OSD-580::RRRM2_HRT_FLT_LAR_YNG_FY12,OSD-580,1,0.5010953895588749,0.506895944631949
sex,OSD-580::RRRM2_HRT_FLT_LAR_YNG_FY14,OSD-580,1,0.5010953895588749,0.506895944631949
sex,OSD-580::RRRM2_HRT_FLT_LAR_YNG_FY6,OSD-580,1,0.5010953895588749,0.506895944631949
sex,OSD-580::RRRM2_HRT_FLT_LAR_YNG_FY8,OSD-580,1,0.5010953895588749,0.506895944631949
sex,OSD-580::RRRM2_HRT_GC_ISS-T_OLD_GO12,OSD-580,0,0.5010953895588749,0.506895944631949
sex,OSD-580::RRRM2_HRT_GC_ISS-T_OLD_GO13,OSD-580,0,0.5010953895588749,0.506895944631949
sex,OSD-580::RRRM2_HRT_GC_ISS-T_OLD_GO14,OSD-580,0,0.5010953895588749,0.506895944631949
sex,OSD-580::RRRM2_HRT_GC_ISS-T_OLD_GO15,OSD-580,0,0.5010953895588749,0.506895944631949
sex,OSD-580::RRRM2_HRT_GC_ISS-T_OLD_GO16,OSD-580,0,0.5010953895588749,0.506895944631949
sex,OSD-580::RRRM2_HRT_GC_ISS-T_YNG_GY1,OSD-580,0,0.5010953895588749,0.506895944631949
sex,OSD-580::RRRM2_HRT_GC_ISS-T_YNG_GY3,OSD-580,0,0.5010953895588749,0.506895944631949
sex,OSD-580::RRRM2_HRT_GC_ISS-T_YNG_GY4,OSD-580,0,0.5010953895588749,0.506895944631949
sex,OSD-580::RRRM2_HRT_GC_ISS-T_YNG_GY5,OSD-580,0,0.5010953895588749,0.506895944631949
sex,OSD-580::RRRM2_HRT_GC_ISS-T_YNG_GY8,OSD-580,0,0.5010953895588749,0.506895944631949
sex,OSD-580::RRRM2_HRT_GC_LAR_OLD_GO11,OSD-580,0,0.5010953895588749,0.506895944631949
sex,OSD-580::RRRM2_HRT_GC_LAR_OLD_GO13,OSD-580,0,0.5010953895588749,0.506895944631949
sex,OSD-580::RRRM2_HRT_GC_LAR_OLD_GO15,OSD-580,0,0.5010953895588749,0.506895944631949
sex,OSD-580::RRRM2_HRT_GC_LAR_OLD_GO17,OSD-580,0,0.5010953895588749,0.506895944631949
sex,OSD-580::RRRM2_HRT_GC_LAR_OLD_GO19,OSD-580,0,0.5010953895588749,0.506895944631949
sex,OSD-580::RRRM2_HRT_GC_LAR_YNG_GY1,OSD-580,0,0.5010953895588749,0.506895944631949
sex,OSD-580::RRRM2_HRT_GC_LAR_YNG_GY3,OSD-580,0,0.5010953895588749,0.506895944631949
sex,OSD-580::RRRM2_HRT_GC_LAR_YNG_GY5,OSD-580,0,0.5010953895588749,0.506895944631949
sex,OSD-580::RRRM2_HRT_GC_LAR_YNG_GY7,OSD-580,0,0.5010953895588749,0.506895944631949
sex,OSD-580::RRRM2_HRT_GC_LAR_YNG_GY9,OSD-580,0,0.5010953895588749,0.506895944631949
sex,OSD-665::RR23_R-EDL_FLT_F1_techrep1,OSD-665,1,0.49337761313485606,0.4877137671236994
sex,OSD-665::RR23_R-EDL_FLT_F1_techrep2,OSD-665,1,0.49337761313485606,0.4877137671236994
sex,OSD-665::RR23_R-EDL_FLT_F2,OSD-665,1,0.49337761313485606,0.4877137671236994
sex,OSD-665::RR23_R-EDL_FLT_F3,OSD-665,1,0.49337761313485606,0.4877137671236994
sex,OSD-665::RR23_R-EDL_FLT_F4,OSD-665,1,0.49337761313485606,0.4877137671236994
sex,OSD-665::RR23_R-EDL_FLT_F5,OSD-665,1,0.49337761313485606,0.4877137671236994
sex,OSD-665::RR23_R-EDL_FLT_F6,OSD-665,1,0.49337761313485606,0.4877137671236994
sex,OSD-665::RR23_R-EDL_FLT_F7,OSD-665,1,0.49337761313485606,0.4877137671236994
sex,OSD-665::RR23_R-EDL_FLT_F8,OSD-665,1,0.49337761313485606,0.4877137671236994
sex,OSD-665::RR23_R-EDL_FLT_F9,OSD-665,1,0.49337761313485606,0.4877137671236994
sex,OSD-665::RR23_R-EDL_GC_G1_techrep1,OSD-665,0,0.49337761313485606,0.4877137671236994
sex,OSD-665::RR23_R-EDL_GC_G1_techrep2,OSD-665,0,0.49337761313485606,0.4877137671236994
sex,OSD-665::RR23_R-EDL_GC_G2,OSD-665,0,0.49337761313485606,0.4877137671236994
sex,OSD-665::RR23_R-EDL_GC_G3,OSD-665,0,0.49337761313485606,0.4877137671236994
sex,OSD-665::RR23_R-EDL_GC_G4,OSD-665,0,0.49337761313485606,0.4877137671236994
sex,OSD-665::RR23_R-EDL_GC_G5,OSD-665,0,0.49337761313485606,0.4877137671236994
sex,OSD-665::RR23_R-EDL_GC_G6,OSD-665,0,0.49337761313485606,0.4877137671236994
sex,OSD-665::RR23_R-EDL_GC_G7,OSD-665,0,0.49337761313485606,0.4877137671236994
sex,OSD-665::RR23_R-EDL_GC_G8,OSD-665,0,0.49337761313485606,0.4877137671236994
sex,OSD-665::RR23_R-EDL_GC_G9,OSD-665,0,0.49337761313485606,0.4877137671236994
sex,OSD-666::RR23_R-Quad_FLT_F1_techrep2,OSD-666,1,0.5001214384490126,0.5001214682973953
sex,OSD-666::RR23_R-Quad_FLT_F2,OSD-666,1,0.5001214384490126,0.5001214682973953
sex,OSD-666::RR23_R-Quad_FLT_F3,OSD-666,1,0.5001214384490126,0.5001214682973953
sex,OSD-666::RR23_R-Quad_FLT_F4,OSD-666,1,0.5001214384490126,0.5001214682973953
sex,OSD-666::RR23_R-Quad_FLT_F5,OSD-666,1,0.5001214384490126,0.5001214682973953
sex,OSD-666::RR23_R-Quad_FLT_F6,OSD-666,1,0.5001214384490126,0.5001214682973953
sex,OSD-666::RR23_R-Quad_FLT_F7,OSD-666,1,0.5001214384490126,0.5001214682973953
sex,OSD-666::RR23_R-Quad_FLT_F8,OSD-666,1,0.5001214384490126,0.5001214682973953
sex,OSD-666::RR23_R-Quad_FLT_F9,OSD-666,1,0.5001214384490126,0.5001214682973953
sex,OSD-666::RR23_R-Quad_GC_G1_techrep1,OSD-666,0,0.5001214384490126,0.5001214682973953
sex,OSD-666::RR23_R-Quad_GC_G1_techrep2,OSD-666,0,0.5001214384490126,0.5001214682973953
sex,OSD-666::RR23_R-Quad_GC_G2,OSD-666,0,0.5001214384490126,0.5001214682973953
sex,OSD-666::RR23_R-Quad_GC_G3,OSD-666,0,0.5001214384490126,0.5001214682973953
sex,OSD-666::RR23_R-Quad_GC_G4,OSD-666,0,0.5001214384490126,0.5001214682973953
sex,OSD-666::RR23_R-Quad_GC_G5,OSD-666,0,0.5001214384490126,0.5001214682973953
sex,OSD-666::RR23_R-Quad_GC_G6,OSD-666,0,0.5001214384490126,0.5001214682973953
sex,OSD-666::RR23_R-Quad_GC_G7,OSD-666,0,0.5001214384490126,0.5001214682973953
sex,OSD-666::RR23_R-Quad_GC_G8,OSD-666,0,0.5001214384490126,0.5001214682973953
sex,OSD-666::RR23_R-Quad_GC_G9,OSD-666,0,0.5001214384490126,0.5001214682973953
sex,OSD-667::RR10_CLN_FLT_KO_F11,OSD-667,1,0.49995165191190866,0.5038311166169727
sex,OSD-667::RR10_CLN_FLT_KO_F15,OSD-667,1,0.49995165191190866,0.5038311166169727
sex,OSD-667::RR10_CLN_FLT_KO_F19,OSD-667,1,0.49995165191190866,0.5038311166169727
sex,OSD-667::RR10_CLN_FLT_KO_F4,OSD-667,1,0.49995165191190866,0.5038311166169727
sex,OSD-667::RR10_CLN_FLT_KO_F8,OSD-667,1,0.49995165191190866,0.5038311166169727
sex,OSD-667::RR10_CLN_FLT_WT_F12,OSD-667,1,0.49995165191190866,0.5038311166169727
sex,OSD-667::RR10_CLN_FLT_WT_F16,OSD-667,1,0.49995165191190866,0.5038311166169727
sex,OSD-667::RR10_CLN_FLT_WT_F3,OSD-667,1,0.49995165191190866,0.5038311166169727
sex,OSD-667::RR10_CLN_FLT_WT_F7,OSD-667,1,0.49995165191190866,0.5038311166169727
sex,OSD-667::RR10_CLN_GC_KO_G11,OSD-667,0,0.49995165191190866,0.5038311166169727
sex,OSD-667::RR10_CLN_GC_KO_G15,OSD-667,0,0.49995165191190866,0.5038311166169727
sex,OSD-667::RR10_CLN_GC_KO_G19,OSD-667,0,0.49995165191190866,0.5038311166169727
sex,OSD-667::RR10_CLN_GC_KO_G4,OSD-667,0,0.49995165191190866,0.5038311166169727
sex,OSD-667::RR10_CLN_GC_KO_G8,OSD-667,0,0.49995165191190866,0.5038311166169727
sex,OSD-667::RR10_CLN_GC_WT_G12,OSD-667,0,0.49995165191190866,0.5038311166169727
sex,OSD-667::RR10_CLN_GC_WT_G16,OSD-667,0,0.49995165191190866,0.5038311166169727
sex,OSD-667::RR10_CLN_GC_WT_G20,OSD-667,0,0.49995165191190866,0.5038311166169727
sex,OSD-667::RR10_CLN_GC_WT_G3,OSD-667,0,0.49995165191190866,0.5038311166169727
sex,OSD-667::RR10_CLN_GC_WT_G7,OSD-667,0,0.49995165191190866,0.5038311166169727
sex,OSD-770::RR23_R-SLS_FLT_F1_techrep1,OSD-770,1,0.497537893093571,0.4931314048478264
sex,OSD-770::RR23_R-SLS_FLT_F1_techrep2,OSD-770,1,0.497537893093571,0.4931314048478264
sex,OSD-770::RR23_R-SLS_FLT_F2,OSD-770,1,0.497537893093571,0.4931314048478264
sex,OSD-770::RR23_R-SLS_FLT_F3,OSD-770,1,0.497537893093571,0.4931314048478264
sex,OSD-770::RR23_R-SLS_FLT_F4,OSD-770,1,0.497537893093571,0.4931314048478264
sex,OSD-770::RR23_R-SLS_FLT_F5,OSD-770,1,0.497537893093571,0.4931314048478264
sex,OSD-770::RR23_R-SLS_FLT_F6,OSD-770,1,0.497537893093571,0.4931314048478264
sex,OSD-770::RR23_R-SLS_FLT_F7,OSD-770,1,0.497537893093571,0.4931314048478264
sex,OSD-770::RR23_R-SLS_FLT_F8,OSD-770,1,0.497537893093571,0.4931314048478264
sex,OSD-770::RR23_R-SLS_FLT_F9,OSD-770,1,0.497537893093571,0.4931314048478264
sex,OSD-770::RR23_R-SLS_GC_G1_techrep1,OSD-770,0,0.497537893093571,0.4931314048478264
sex,OSD-770::RR23_R-SLS_GC_G1_techrep2,OSD-770,0,0.497537893093571,0.4931314048478264
sex,OSD-770::RR23_R-SLS_GC_G2,OSD-770,0,0.497537893093571,0.4931314048478264
sex,OSD-770::RR23_R-SLS_GC_G3,OSD-770,0,0.497537893093571,0.4931314048478264
sex,OSD-770::RR23_R-SLS_GC_G4,OSD-770,0,0.497537893093571,0.4931314048478264
sex,OSD-770::RR23_R-SLS_GC_G5,OSD-770,0,0.497537893093571,0.4931314048478264
sex,OSD-770::RR23_R-SLS_GC_G6,OSD-770,0,0.497537893093571,0.4931314048478264
sex,OSD-770::RR23_R-SLS_GC_G7,OSD-770,0,0.497537893093571,0.4931314048478264
sex,OSD-770::RR23_R-SLS_GC_G8,OSD-770,0,0.497537893093571,0.4931314048478264
sex,OSD-770::RR23_R-SLS_GC_G9,OSD-770,0,0.497537893093571,0.4931314048478264
sex,OSD-99::Mmus_C57-6J_EDL_FLT_Rep1_M23,OSD-99,1,0.497537893093571,0.5018019658241225
sex,OSD-99::Mmus_C57-6J_EDL_FLT_Rep2_M26,OSD-99,1,0.497537893093571,0.5018019658241225
sex,OSD-99::Mmus_C57-6J_EDL_FLT_Rep3_M27,OSD-99,1,0.497537893093571,0.5018019658241225
sex,OSD-99::Mmus_C57-6J_EDL_FLT_Rep4_M28,OSD-99,1,0.497537893093571,0.5018019658241225
sex,OSD-99::Mmus_C57-6J_EDL_FLT_Rep5_M29,OSD-99,1,0.497537893093571,0.5018019658241225
sex,OSD-99::Mmus_C57-6J_EDL_FLT_Rep6_M30,OSD-99,1,0.497537893093571,0.5018019658241225
sex,OSD-99::Mmus_C57-6J_EDL_GC_Rep1_M31,OSD-99,0,0.497537893093571,0.5018019658241225
sex,OSD-99::Mmus_C57-6J_EDL_GC_Rep2_M32,OSD-99,0,0.497537893093571,0.5018019658241225
sex,OSD-99::Mmus_C57-6J_EDL_GC_Rep3_M37,OSD-99,0,0.497537893093571,0.5018019658241225
sex,OSD-99::Mmus_C57-6J_EDL_GC_Rep4_M38,OSD-99,0,0.497537893093571,0.5018019658241225
sex,OSD-99::Mmus_C57-6J_EDL_GC_Rep5_M39,OSD-99,0,0.497537893093571,0.5018019658241225
sex,OSD-99::Mmus_C57-6J_EDL_GC_Rep6_M40,OSD-99,0,0.497537893093571,0.5018019658241225
age_bracket,OSD-101::Mmus_C57-6J_GST_FLT_Rep1_M23,OSD-101,1,0.49590166305029787,0.49613297937045175
age_bracket,OSD-101::Mmus_C57-6J_GST_FLT_Rep2_M24,OSD-101,1,0.49590166305029787,0.49613297937045175
age_bracket,OSD-101::Mmus_C57-6J_GST_FLT_Rep3_M25,OSD-101,1,0.49590166305029787,0.49613297937045175
age_bracket,OSD-101::Mmus_C57-6J_GST_FLT_Rep4_M26,OSD-101,1,0.49590166305029787,0.49613297937045175
age_bracket,OSD-101::Mmus_C57-6J_GST_FLT_Rep5_M27,OSD-101,1,0.49590166305029787,0.49613297937045175
age_bracket,OSD-101::Mmus_C57-6J_GST_FLT_Rep6_M28,OSD-101,1,0.49590166305029787,0.49613297937045175
age_bracket,OSD-101::Mmus_C57-6J_GST_GC_Rep1_M33,OSD-101,0,0.49590166305029787,0.49613297937045175
age_bracket,OSD-101::Mmus_C57-6J_GST_GC_Rep2_M34,OSD-101,0,0.49590166305029787,0.49613297937045175
age_bracket,OSD-101::Mmus_C57-6J_GST_GC_Rep3_M35,OSD-101,0,0.49590166305029787,0.49613297937045175
age_bracket,OSD-101::Mmus_C57-6J_GST_GC_Rep4_M36,OSD-101,0,0.49590166305029787,0.49613297937045175
age_bracket,OSD-101::Mmus_C57-6J_GST_GC_Rep5_M37,OSD-101,0,0.49590166305029787,0.49613297937045175
age_bracket,OSD-101::Mmus_C57-6J_GST_GC_Rep6_M38,OSD-101,0,0.49590166305029787,0.49613297937045175
age_bracket,OSD-103::Mmus_C57-6J_Quad_FLT_Rep1_M23,OSD-103,1,0.49337761313485606,0.49671540384828533
age_bracket,OSD-103::Mmus_C57-6J_Quad_FLT_Rep2_M24,OSD-103,1,0.49337761313485606,0.49671540384828533
age_bracket,OSD-103::Mmus_C57-6J_Quad_FLT_Rep3_M25,OSD-103,1,0.49337761313485606,0.49671540384828533
age_bracket,OSD-103::Mmus_C57-6J_Quad_FLT_Rep4_M26,OSD-103,1,0.49337761313485606,0.49671540384828533
age_bracket,OSD-103::Mmus_C57-6J_Quad_FLT_Rep5_M27,OSD-103,1,0.49337761313485606,0.49671540384828533
age_bracket,OSD-103::Mmus_C57-6J_Quad_FLT_Rep6_M28,OSD-103,1,0.49337761313485606,0.49671540384828533
age_bracket,OSD-103::Mmus_C57-6J_Quad_GC_Rep1_M33,OSD-103,0,0.49337761313485606,0.49671540384828533
age_bracket,OSD-103::Mmus_C57-6J_Quad_GC_Rep2_M34,OSD-103,0,0.49337761313485606,0.49671540384828533
age_bracket,OSD-103::Mmus_C57-6J_Quad_GC_Rep3_M35,OSD-103,0,0.49337761313485606,0.49671540384828533
age_bracket,OSD-103::Mmus_C57-6J_Quad_GC_Rep4_M36,OSD-103,0,0.49337761313485606,0.49671540384828533
age_bracket,OSD-103::Mmus_C57-6J_Quad_GC_Rep5_M37,OSD-103,0,0.49337761313485606,0.49671540384828533
age_bracket,OSD-103::Mmus_C57-6J_Quad_GC_Rep6_M38,OSD-103,0,0.49337761313485606,0.49671540384828533
age_bracket,OSD-104::Mmus_C57-6J_SLS_FLT_Rep1_M23,OSD-104,1,0.5001214384490126,0.49988451762299213
age_bracket,OSD-104::Mmus_C57-6J_SLS_FLT_Rep2_M24,OSD-104,1,0.5001214384490126,0.49988451762299213
age_bracket,OSD-104::Mmus_C57-6J_SLS_FLT_Rep3_M25,OSD-104,1,0.5001214384490126,0.49988451762299213
age_bracket,OSD-104::Mmus_C57-6J_SLS_FLT_Rep4_M26,OSD-104,1,0.5001214384490126,0.49988451762299213
age_bracket,OSD-104::Mmus_C57-6J_SLS_FLT_Rep5_M27,OSD-104,1,0.5001214384490126,0.49988451762299213
age_bracket,OSD-104::Mmus_C57-6J_SLS_FLT_Rep6_M28,OSD-104,1,0.5001214384490126,0.49988451762299213
age_bracket,OSD-104::Mmus_C57-6J_SLS_GC_Rep1_M33,OSD-104,0,0.5001214384490126,0.49988451762299213
age_bracket,OSD-104::Mmus_C57-6J_SLS_GC_Rep2_M34,OSD-104,0,0.5001214384490126,0.49988451762299213
age_bracket,OSD-104::Mmus_C57-6J_SLS_GC_Rep3_M35,OSD-104,0,0.5001214384490126,0.49988451762299213
age_bracket,OSD-104::Mmus_C57-6J_SLS_GC_Rep4_M36,OSD-104,0,0.5001214384490126,0.49988451762299213
age_bracket,OSD-104::Mmus_C57-6J_SLS_GC_Rep5_M37,OSD-104,0,0.5001214384490126,0.49988451762299213
age_bracket,OSD-104::Mmus_C57-6J_SLS_GC_Rep6_M38,OSD-104,0,0.5001214384490126,0.49988451762299213
age_bracket,OSD-105::Mmus_C57-6J_TA_FLT_Rep1_M23,OSD-105,1,0.4938862890591949,0.5008353887500153
age_bracket,OSD-105::Mmus_C57-6J_TA_FLT_Rep2_M24,OSD-105,1,0.4938862890591949,0.5008353887500153
age_bracket,OSD-105::Mmus_C57-6J_TA_FLT_Rep3_M25,OSD-105,1,0.4938862890591949,0.5008353887500153
age_bracket,OSD-105::Mmus_C57-6J_TA_FLT_Rep4_M26,OSD-105,1,0.4938862890591949,0.5008353887500153
age_bracket,OSD-105::Mmus_C57-6J_TA_FLT_Rep5_M27,OSD-105,1,0.4938862890591949,0.5008353887500153
age_bracket,OSD-105::Mmus_C57-6J_TA_FLT_Rep6_M28,OSD-105,1,0.4938862890591949,0.5008353887500153
age_bracket,OSD-105::Mmus_C57-6J_TA_GC_Rep1_M33,OSD-105,0,0.4938862890591949,0.5008353887500153
age_bracket,OSD-105::Mmus_C57-6J_TA_GC_Rep2_M34,OSD-105,0,0.4938862890591949,0.5008353887500153
age_bracket,OSD-105::Mmus_C57-6J_TA_GC_Rep3_M35,OSD-105,0,0.4938862890591949,0.5008353887500153
age_bracket,OSD-105::Mmus_C57-6J_TA_GC_Rep4_M36,OSD-105,0,0.4938862890591949,0.5008353887500153
age_bracket,OSD-105::Mmus_C57-6J_TA_GC_Rep5_M37,OSD-105,0,0.4938862890591949,0.5008353887500153
age_bracket,OSD-105::Mmus_C57-6J_TA_GC_Rep6_M38,OSD-105,0,0.4938862890591949,0.5008353887500153
age_bracket,OSD-379::RR8_LVR_FLT_ISS-T_OLD_FI16,OSD-379,1,0.49995217875167736,0.5061654608481904
age_bracket,OSD-379::RR8_LVR_FLT_ISS-T_OLD_FI17,OSD-379,1,0.49995217875167736,0.5061654608481904
age_bracket,OSD-379::RR8_LVR_FLT_ISS-T_YNG_FI10,OSD-379,1,0.49995217875167736,0.5061654608481904
age_bracket,OSD-379::RR8_LVR_FLT_LAR_OLD_FL11,OSD-379,1,0.49995217875167736,0.5061654608481904
age_bracket,OSD-379::RR8_LVR_FLT_LAR_OLD_FL15,OSD-379,1,0.49995217875167736,0.5061654608481904
age_bracket,OSD-379::RR8_LVR_FLT_LAR_OLD_FL8,OSD-379,1,0.49995217875167736,0.5061654608481904
age_bracket,OSD-379::RR8_LVR_FLT_LAR_YNG_FL2,OSD-379,1,0.49995217875167736,0.5061654608481904
age_bracket,OSD-379::RR8_LVR_GC_ISS-T_OLD_GI11,OSD-379,0,0.49995217875167736,0.5061654608481904
age_bracket,OSD-379::RR8_LVR_GC_LAR_OLD_GL3,OSD-379,0,0.49995217875167736,0.5061654608481904
age_bracket,OSD-379::RR8_LVR_GC_LAR_YNG_GL1,OSD-379,0,0.49995217875167736,0.5061654608481904
age_bracket,OSD-379::RR8_LVR_GC_LAR_YNG_GL5,OSD-379,0,0.49995217875167736,0.5061654608481904
age_bracket,OSD-401::GSM5398359,OSD-401,0,0.49590166305029787,0.4964049970307128
age_bracket,OSD-401::GSM5398363,OSD-401,1,0.49590166305029787,0.4964049970307128
age_bracket,OSD-457::GSM4613981,OSD-457,0,0.5015702247718152,0.5008353887500153
age_bracket,OSD-457::GSM4613989,OSD-457,0,0.5015702247718152,0.5008353887500153
age_bracket,OSD-457::GSM4613991,OSD-457,0,0.5015702247718152,0.5008353887500153
age_bracket,OSD-457::GSM4613995,OSD-457,1,0.5015702247718152,0.5008353887500153
age_bracket,OSD-457::GSM4614077,OSD-457,0,0.5094160014351236,0.5008353887500153
age_bracket,OSD-457::GSM4614078,OSD-457,0,0.5094160014351236,0.5008353887500153
age_bracket,OSD-457::GSM4614079,OSD-457,0,0.5094160014351236,0.5008353887500153
age_bracket,OSD-457::GSM4614080,OSD-457,0,0.5094160014351236,0.5008353887500153
age_bracket,OSD-457::GSM4614081,OSD-457,0,0.5094160014351236,0.5008353887500153
age_bracket,OSD-457::GSM4614082,OSD-457,0,0.5094160014351236,0.5008353887500153
age_bracket,OSD-457::GSM4614083,OSD-457,0,0.5094160014351236,0.5008353887500153
age_bracket,OSD-457::GSM4614084,OSD-457,0,0.5094160014351236,0.5008353887500153
age_bracket,OSD-457::GSM4614085,OSD-457,0,0.5094160014351236,0.5008353887500153
age_bracket,OSD-457::GSM4614086,OSD-457,0,0.5094160014351236,0.5008353887500153
age_bracket,OSD-457::GSM4614087,OSD-457,0,0.5094160014351236,0.5008353887500153
age_bracket,OSD-457::GSM4614088,OSD-457,0,0.5094160014351236,0.5008353887500153
age_bracket,OSD-457::GSM4614089,OSD-457,1,0.5094160014351236,0.5008353887500153
age_bracket,OSD-457::GSM4614090,OSD-457,1,0.5094160014351236,0.5008353887500153
age_bracket,OSD-457::GSM4614091,OSD-457,1,0.5094160014351236,0.5008353887500153
age_bracket,OSD-457::GSM4614092,OSD-457,1,0.5094160014351236,0.5008353887500153
age_bracket,OSD-457::GSM4614093,OSD-457,1,0.5094160014351236,0.5008353887500153
age_bracket,OSD-457::GSM4614094,OSD-457,1,0.5094160014351236,0.5008353887500153
age_bracket,OSD-457::GSM4614095,OSD-457,1,0.5094160014351236,0.5008353887500153
age_bracket,OSD-457::GSM4614096,OSD-457,1,0.5094160014351236,0.5008353887500153
age_bracket,OSD-457::GSM4614097,OSD-457,1,0.5094160014351236,0.5008353887500153
age_bracket,OSD-457::GSM4614098,OSD-457,1,0.5094160014351236,0.5008353887500153
age_bracket,OSD-457::GSM4614099,OSD-457,1,0.5094160014351236,0.5008353887500153
age_bracket,OSD-457::GSM4614100,OSD-457,1,0.5094160014351236,0.5008353887500153
age_bracket,OSD-464::RR23_LNG_FLT_F1,OSD-464,1,0.4975881468251316,0.4940680389616417
age_bracket,OSD-464::RR23_LNG_FLT_F2,OSD-464,1,0.4975881468251316,0.4940680389616417
age_bracket,OSD-464::RR23_LNG_FLT_F3,OSD-464,1,0.4975881468251316,0.4940680389616417
age_bracket,OSD-464::RR23_LNG_FLT_F4,OSD-464,1,0.4975881468251316,0.4940680389616417
age_bracket,OSD-464::RR23_LNG_FLT_F5,OSD-464,1,0.4975881468251316,0.4940680389616417
age_bracket,OSD-464::RR23_LNG_FLT_F6,OSD-464,1,0.4975881468251316,0.4940680389616417
age_bracket,OSD-464::RR23_LNG_FLT_F7_techrep1,OSD-464,1,0.4975881468251316,0.4940680389616417
age_bracket,OSD-464::RR23_LNG_FLT_F7_techrep2,OSD-464,1,0.4975881468251316,0.4940680389616417
age_bracket,OSD-464::RR23_LNG_FLT_F8,OSD-464,1,0.4975881468251316,0.4940680389616417
age_bracket,OSD-464::RR23_LNG_FLT_F9,OSD-464,1,0.4975881468251316,0.4940680389616417
age_bracket,OSD-464::RR23_LNG_GC_G1,OSD-464,0,0.4975881468251316,0.4940680389616417
age_bracket,OSD-464::RR23_LNG_GC_G2_techrep1,OSD-464,0,0.4975881468251316,0.4940680389616417
age_bracket,OSD-464::RR23_LNG_GC_G2_techrep2,OSD-464,0,0.4975881468251316,0.4940680389616417
age_bracket,OSD-464::RR23_LNG_GC_G3,OSD-464,0,0.4975881468251316,0.4940680389616417
age_bracket,OSD-464::RR23_LNG_GC_G4,OSD-464,0,0.4975881468251316,0.4940680389616417
age_bracket,OSD-464::RR23_LNG_GC_G5,OSD-464,0,0.4975881468251316,0.4940680389616417
age_bracket,OSD-464::RR23_LNG_GC_G6,OSD-464,0,0.4975881468251316,0.4940680389616417
age_bracket,OSD-464::RR23_LNG_GC_G7,OSD-464,0,0.4975881468251316,0.4940680389616417
age_bracket,OSD-464::RR23_LNG_GC_G8,OSD-464,0,0.4975881468251316,0.4940680389616417
age_bracket,OSD-48::Mmus_C57-6J_LVR_FLT_I_Rep1_M21,OSD-48,1,0.551118276363934,0.5430610031131411
age_bracket,OSD-48::Mmus_C57-6J_LVR_GC_I_Rep2_M32,OSD-48,0,0.551118276363934,0.5430610031131411
age_bracket,OSD-562::RRRM2_HPC_FLT_ISS-T_OLD_FO11,OSD-562,1,0.5001214384490126,0.49988451762299213
age_bracket,OSD-562::RRRM2_HPC_FLT_ISS-T_OLD_FO13,OSD-562,1,0.5001214384490126,0.49988451762299213
age_bracket,OSD-562::RRRM2_HPC_FLT_ISS-T_OLD_FO15,OSD-562,1,0.5001214384490126,0.49988451762299213
age_bracket,OSD-562::RRRM2_HPC_FLT_ISS-T_YNG_FY10,OSD-562,1,0.5001214384490126,0.49988451762299213
age_bracket,OSD-562::RRRM2_HPC_FLT_ISS-T_YNG_FY3,OSD-562,1,0.5001214384490126,0.49988451762299213
age_bracket,OSD-562::RRRM2_HPC_FLT_ISS-T_YNG_FY4,OSD-562,1,0.5001214384490126,0.49988451762299213
age_bracket,OSD-562::RRRM2_HPC_FLT_ISS-T_YNG_FY6,OSD-562,1,0.5001214384490126,0.49988451762299213
age_bracket,OSD-562::RRRM2_HPC_FLT_LAR_OLD_FO2,OSD-562,1,0.5001214384490126,0.49988451762299213
age_bracket,OSD-562::RRRM2_HPC_FLT_LAR_OLD_FO3,OSD-562,1,0.5001214384490126,0.49988451762299213
age_bracket,OSD-562::RRRM2_HPC_FLT_LAR_OLD_FO5,OSD-562,1,0.5001214384490126,0.49988451762299213
age_bracket,OSD-562::RRRM2_HPC_FLT_LAR_YNG_FY10,OSD-562,1,0.5001214384490126,0.49988451762299213
age_bracket,OSD-562::RRRM2_HPC_FLT_LAR_YNG_FY6,OSD-562,1,0.5001214384490126,0.49988451762299213
age_bracket,OSD-562::RRRM2_HPC_FLT_LAR_YNG_FY7,OSD-562,1,0.5001214384490126,0.49988451762299213
age_bracket,OSD-562::RRRM2_HPC_GC_ISS-T_OLD_GO12,OSD-562,0,0.5001214384490126,0.49988451762299213
age_bracket,OSD-562::RRRM2_HPC_GC_ISS-T_OLD_GO15,OSD-562,0,0.5001214384490126,0.49988451762299213
age_bracket,OSD-562::RRRM2_HPC_GC_ISS-T_OLD_GO20,OSD-562,0,0.5001214384490126,0.49988451762299213
age_bracket,OSD-562::RRRM2_HPC_GC_ISS-T_YNG_GY10,OSD-562,0,0.5001214384490126,0.49988451762299213
age_bracket,OSD-562::RRRM2_HPC_GC_ISS-T_YNG_GY8,OSD-562,0,0.5001214384490126,0.49988451762299213
age_bracket,OSD-562::RRRM2_HPC_GC_LAR_OLD_GO12,OSD-562,0,0.5001214384490126,0.49988451762299213
age_bracket,OSD-562::RRRM2_HPC_GC_LAR_OLD_GO13,OSD-562,0,0.5001214384490126,0.49988451762299213
age_bracket,OSD-562::RRRM2_HPC_GC_LAR_OLD_GO15,OSD-562,0,0.5001214384490126,0.49988451762299213
age_bracket,OSD-562::RRRM2_HPC_GC_LAR_YNG_GY1,OSD-562,0,0.5001214384490126,0.49988451762299213
age_bracket,OSD-562::RRRM2_HPC_GC_LAR_YNG_GY4,OSD-562,0,0.5001214384490126,0.49988451762299213
age_bracket,OSD-562::RRRM2_HPC_GC_LAR_YNG_GY5,OSD-562,0,0.5001214384490126,0.49988451762299213
age_bracket,OSD-564::RR10_HPC_FLT_WT_F1,OSD-564,1,0.5182107209477842,0.5075520386573676
age_bracket,OSD-564::RR10_HPC_FLT_WT_F3,OSD-564,1,0.5182107209477842,0.5075520386573676
age_bracket,OSD-564::RR10_HPC_FLT_WT_F5,OSD-564,1,0.5182107209477842,0.5075520386573676
age_bracket,OSD-564::RR10_HPC_FLT_WT_F7,OSD-564,1,0.5182107209477842,0.5075520386573676
age_bracket,OSD-564::RR10_HPC_FLT_WT_F9,OSD-564,1,0.5182107209477842,0.5075520386573676
age_bracket,OSD-564::RR10_HPC_GC_WT_G1,OSD-564,0,0.5182107209477842,0.5075520386573676
age_bracket,OSD-564::RR10_HPC_GC_WT_G3,OSD-564,0,0.5182107209477842,0.5075520386573676
age_bracket,OSD-564::RR10_HPC_GC_WT_G5,OSD-564,0,0.5182107209477842,0.5075520386573676
age_bracket,OSD-564::RR10_HPC_GC_WT_G7,OSD-564,0,0.5182107209477842,0.5075520386573676
age_bracket,OSD-564::RR10_HPC_GC_WT_G9,OSD-564,0,0.5182107209477842,0.5075520386573676
age_bracket,OSD-576::RR23_R-TA_FLT_F1,OSD-576,1,0.4938862890591949,0.5008353887500153
age_bracket,OSD-576::RR23_R-TA_FLT_F2,OSD-576,1,0.4938862890591949,0.5008353887500153
age_bracket,OSD-576::RR23_R-TA_FLT_F3,OSD-576,1,0.4938862890591949,0.5008353887500153
age_bracket,OSD-576::RR23_R-TA_FLT_F4,OSD-576,1,0.4938862890591949,0.5008353887500153
age_bracket,OSD-576::RR23_R-TA_FLT_F5,OSD-576,1,0.4938862890591949,0.5008353887500153
age_bracket,OSD-576::RR23_R-TA_FLT_F6,OSD-576,1,0.4938862890591949,0.5008353887500153
age_bracket,OSD-576::RR23_R-TA_FLT_F7,OSD-576,1,0.4938862890591949,0.5008353887500153
age_bracket,OSD-576::RR23_R-TA_FLT_F8,OSD-576,1,0.4938862890591949,0.5008353887500153
age_bracket,OSD-576::RR23_R-TA_FLT_F9,OSD-576,1,0.4938862890591949,0.5008353887500153
age_bracket,OSD-576::RR23_R-TA_GC_G1,OSD-576,0,0.4938862890591949,0.5008353887500153
age_bracket,OSD-576::RR23_R-TA_GC_G2,OSD-576,0,0.4938862890591949,0.5008353887500153
age_bracket,OSD-576::RR23_R-TA_GC_G3,OSD-576,0,0.4938862890591949,0.5008353887500153
age_bracket,OSD-576::RR23_R-TA_GC_G4,OSD-576,0,0.4938862890591949,0.5008353887500153
age_bracket,OSD-576::RR23_R-TA_GC_G5,OSD-576,0,0.4938862890591949,0.5008353887500153
age_bracket,OSD-576::RR23_R-TA_GC_G6,OSD-576,0,0.4938862890591949,0.5008353887500153
age_bracket,OSD-576::RR23_R-TA_GC_G7,OSD-576,0,0.4938862890591949,0.5008353887500153
age_bracket,OSD-576::RR23_R-TA_GC_G8,OSD-576,0,0.4938862890591949,0.5008353887500153
age_bracket,OSD-576::RR23_R-TA_GC_G9,OSD-576,0,0.4938862890591949,0.5008353887500153
age_bracket,OSD-580::RRRM2_HRT_FLT_ISS-T_OLD_FO11,OSD-580,1,0.5010953895588749,0.5215150885824904
age_bracket,OSD-580::RRRM2_HRT_FLT_ISS-T_OLD_FO13,OSD-580,1,0.5010953895588749,0.5215150885824904
age_bracket,OSD-580::RRRM2_HRT_FLT_ISS-T_OLD_FO15,OSD-580,1,0.5010953895588749,0.5215150885824904
age_bracket,OSD-580::RRRM2_HRT_FLT_ISS-T_OLD_FO17,OSD-580,1,0.5010953895588749,0.5215150885824904
age_bracket,OSD-580::RRRM2_HRT_FLT_ISS-T_OLD_FO19,OSD-580,1,0.5010953895588749,0.5215150885824904
age_bracket,OSD-580::RRRM2_HRT_FLT_ISS-T_YNG_FY1,OSD-580,1,0.5010953895588749,0.5215150885824904
age_bracket,OSD-580::RRRM2_HRT_FLT_ISS-T_YNG_FY3,OSD-580,1,0.5010953895588749,0.5215150885824904
age_bracket,OSD-580::RRRM2_HRT_FLT_ISS-T_YNG_FY5,OSD-580,1,0.5010953895588749,0.5215150885824904
age_bracket,OSD-580::RRRM2_HRT_FLT_ISS-T_YNG_FY7,OSD-580,1,0.5010953895588749,0.5215150885824904
age_bracket,OSD-580::RRRM2_HRT_FLT_ISS-T_YNG_FY9,OSD-580,1,0.5010953895588749,0.5215150885824904
age_bracket,OSD-580::RRRM2_HRT_FLT_LAR_OLD_FO1,OSD-580,1,0.5010953895588749,0.5215150885824904
age_bracket,OSD-580::RRRM2_HRT_FLT_LAR_OLD_FO17,OSD-580,1,0.5010953895588749,0.5215150885824904
age_bracket,OSD-580::RRRM2_HRT_FLT_LAR_OLD_FO19,OSD-580,1,0.5010953895588749,0.5215150885824904
age_bracket,OSD-580::RRRM2_HRT_FLT_LAR_OLD_FO3,OSD-580,1,0.5010953895588749,0.5215150885824904
age_bracket,OSD-580::RRRM2_HRT_FLT_LAR_OLD_FO5,OSD-580,1,0.5010953895588749,0.5215150885824904
age_bracket,OSD-580::RRRM2_HRT_FLT_LAR_YNG_FY10,OSD-580,1,0.5010953895588749,0.5215150885824904
age_bracket,OSD-580::RRRM2_HRT_FLT_LAR_YNG_FY12,OSD-580,1,0.5010953895588749,0.5215150885824904
age_bracket,OSD-580::RRRM2_HRT_FLT_LAR_YNG_FY14,OSD-580,1,0.5010953895588749,0.5215150885824904
age_bracket,OSD-580::RRRM2_HRT_FLT_LAR_YNG_FY6,OSD-580,1,0.5010953895588749,0.5215150885824904
age_bracket,OSD-580::RRRM2_HRT_FLT_LAR_YNG_FY8,OSD-580,1,0.5010953895588749,0.5215150885824904
age_bracket,OSD-580::RRRM2_HRT_GC_ISS-T_OLD_GO12,OSD-580,0,0.5010953895588749,0.5215150885824904
age_bracket,OSD-580::RRRM2_HRT_GC_ISS-T_OLD_GO13,OSD-580,0,0.5010953895588749,0.5215150885824904
age_bracket,OSD-580::RRRM2_HRT_GC_ISS-T_OLD_GO14,OSD-580,0,0.5010953895588749,0.5215150885824904
age_bracket,OSD-580::RRRM2_HRT_GC_ISS-T_OLD_GO15,OSD-580,0,0.5010953895588749,0.5215150885824904
age_bracket,OSD-580::RRRM2_HRT_GC_ISS-T_OLD_GO16,OSD-580,0,0.5010953895588749,0.5215150885824904
age_bracket,OSD-580::RRRM2_HRT_GC_ISS-T_YNG_GY1,OSD-580,0,0.5010953895588749,0.5215150885824904
age_bracket,OSD-580::RRRM2_HRT_GC_ISS-T_YNG_GY3,OSD-580,0,0.5010953895588749,0.5215150885824904
age_bracket,OSD-580::RRRM2_HRT_GC_ISS-T_YNG_GY4,OSD-580,0,0.5010953895588749,0.5215150885824904
age_bracket,OSD-580::RRRM2_HRT_GC_ISS-T_YNG_GY5,OSD-580,0,0.5010953895588749,0.5215150885824904
age_bracket,OSD-580::RRRM2_HRT_GC_ISS-T_YNG_GY8,OSD-580,0,0.5010953895588749,0.5215150885824904
age_bracket,OSD-580::RRRM2_HRT_GC_LAR_OLD_GO11,OSD-580,0,0.5010953895588749,0.5215150885824904
age_bracket,OSD-580::RRRM2_HRT_GC_LAR_OLD_GO13,OSD-580,0,0.5010953895588749,0.5215150885824904
age_bracket,OSD-580::RRRM2_HRT_GC_LAR_OLD_GO15,OSD-580,0,0.5010953895588749,0.5215150885824904
age_bracket,OSD-580::RRRM2_HRT_GC_LAR_OLD_GO17,OSD-580,0,0.5010953895588749,0.5215150885824904
age_bracket,OSD-580::RRRM2_HRT_GC_LAR_OLD_GO19,OSD-580,0,0.5010953895588749,0.5215150885824904
age_bracket,OSD-580::RRRM2_HRT_GC_LAR_YNG_GY1,OSD-580,0,0.5010953895588749,0.5215150885824904
age_bracket,OSD-580::RRRM2_HRT_GC_LAR_YNG_GY3,OSD-580,0,0.5010953895588749,0.5215150885824904
age_bracket,OSD-580::RRRM2_HRT_GC_LAR_YNG_GY5,OSD-580,0,0.5010953895588749,0.5215150885824904
age_bracket,OSD-580::RRRM2_HRT_GC_LAR_YNG_GY7,OSD-580,0,0.5010953895588749,0.5215150885824904
age_bracket,OSD-580::RRRM2_HRT_GC_LAR_YNG_GY9,OSD-580,0,0.5010953895588749,0.5215150885824904
age_bracket,OSD-665::RR23_R-EDL_FLT_F1_techrep1,OSD-665,1,0.49337761313485606,0.49188068111693645
age_bracket,OSD-665::RR23_R-EDL_FLT_F1_techrep2,OSD-665,1,0.49337761313485606,0.49188068111693645
age_bracket,OSD-665::RR23_R-EDL_FLT_F2,OSD-665,1,0.49337761313485606,0.49188068111693645
age_bracket,OSD-665::RR23_R-EDL_FLT_F3,OSD-665,1,0.49337761313485606,0.49188068111693645
age_bracket,OSD-665::RR23_R-EDL_FLT_F4,OSD-665,1,0.49337761313485606,0.49188068111693645
age_bracket,OSD-665::RR23_R-EDL_FLT_F5,OSD-665,1,0.49337761313485606,0.49188068111693645
age_bracket,OSD-665::RR23_R-EDL_FLT_F6,OSD-665,1,0.49337761313485606,0.49188068111693645
age_bracket,OSD-665::RR23_R-EDL_FLT_F7,OSD-665,1,0.49337761313485606,0.49188068111693645
age_bracket,OSD-665::RR23_R-EDL_FLT_F8,OSD-665,1,0.49337761313485606,0.49188068111693645
age_bracket,OSD-665::RR23_R-EDL_FLT_F9,OSD-665,1,0.49337761313485606,0.49188068111693645
age_bracket,OSD-665::RR23_R-EDL_GC_G1_techrep1,OSD-665,0,0.49337761313485606,0.49188068111693645
age_bracket,OSD-665::RR23_R-EDL_GC_G1_techrep2,OSD-665,0,0.49337761313485606,0.49188068111693645
age_bracket,OSD-665::RR23_R-EDL_GC_G2,OSD-665,0,0.49337761313485606,0.49188068111693645
age_bracket,OSD-665::RR23_R-EDL_GC_G3,OSD-665,0,0.49337761313485606,0.49188068111693645
age_bracket,OSD-665::RR23_R-EDL_GC_G4,OSD-665,0,0.49337761313485606,0.49188068111693645
age_bracket,OSD-665::RR23_R-EDL_GC_G5,OSD-665,0,0.49337761313485606,0.49188068111693645
age_bracket,OSD-665::RR23_R-EDL_GC_G6,OSD-665,0,0.49337761313485606,0.49188068111693645
age_bracket,OSD-665::RR23_R-EDL_GC_G7,OSD-665,0,0.49337761313485606,0.49188068111693645
age_bracket,OSD-665::RR23_R-EDL_GC_G8,OSD-665,0,0.49337761313485606,0.49188068111693645
age_bracket,OSD-665::RR23_R-EDL_GC_G9,OSD-665,0,0.49337761313485606,0.49188068111693645
age_bracket,OSD-666::RR23_R-Quad_FLT_F1_techrep2,OSD-666,1,0.5001214384490126,0.49988451762299213
age_bracket,OSD-666::RR23_R-Quad_FLT_F2,OSD-666,1,0.5001214384490126,0.49988451762299213
age_bracket,OSD-666::RR23_R-Quad_FLT_F3,OSD-666,1,0.5001214384490126,0.49988451762299213
age_bracket,OSD-666::RR23_R-Quad_FLT_F4,OSD-666,1,0.5001214384490126,0.49988451762299213
age_bracket,OSD-666::RR23_R-Quad_FLT_F5,OSD-666,1,0.5001214384490126,0.49988451762299213
age_bracket,OSD-666::RR23_R-Quad_FLT_F6,OSD-666,1,0.5001214384490126,0.49988451762299213
age_bracket,OSD-666::RR23_R-Quad_FLT_F7,OSD-666,1,0.5001214384490126,0.49988451762299213
age_bracket,OSD-666::RR23_R-Quad_FLT_F8,OSD-666,1,0.5001214384490126,0.49988451762299213
age_bracket,OSD-666::RR23_R-Quad_FLT_F9,OSD-666,1,0.5001214384490126,0.49988451762299213
age_bracket,OSD-666::RR23_R-Quad_GC_G1_techrep1,OSD-666,0,0.5001214384490126,0.49988451762299213
age_bracket,OSD-666::RR23_R-Quad_GC_G1_techrep2,OSD-666,0,0.5001214384490126,0.49988451762299213
age_bracket,OSD-666::RR23_R-Quad_GC_G2,OSD-666,0,0.5001214384490126,0.49988451762299213
age_bracket,OSD-666::RR23_R-Quad_GC_G3,OSD-666,0,0.5001214384490126,0.49988451762299213
age_bracket,OSD-666::RR23_R-Quad_GC_G4,OSD-666,0,0.5001214384490126,0.49988451762299213
age_bracket,OSD-666::RR23_R-Quad_GC_G5,OSD-666,0,0.5001214384490126,0.49988451762299213
age_bracket,OSD-666::RR23_R-Quad_GC_G6,OSD-666,0,0.5001214384490126,0.49988451762299213
age_bracket,OSD-666::RR23_R-Quad_GC_G7,OSD-666,0,0.5001214384490126,0.49988451762299213
age_bracket,OSD-666::RR23_R-Quad_GC_G8,OSD-666,0,0.5001214384490126,0.49988451762299213
age_bracket,OSD-666::RR23_R-Quad_GC_G9,OSD-666,0,0.5001214384490126,0.49988451762299213
age_bracket,OSD-667::RR10_CLN_FLT_KO_F11,OSD-667,1,0.49995165191190866,0.49634466253802606
age_bracket,OSD-667::RR10_CLN_FLT_KO_F15,OSD-667,1,0.49995165191190866,0.49634466253802606
age_bracket,OSD-667::RR10_CLN_FLT_KO_F19,OSD-667,1,0.49995165191190866,0.49634466253802606
age_bracket,OSD-667::RR10_CLN_FLT_KO_F4,OSD-667,1,0.49995165191190866,0.49634466253802606
age_bracket,OSD-667::RR10_CLN_FLT_KO_F8,OSD-667,1,0.49995165191190866,0.49634466253802606
age_bracket,OSD-667::RR10_CLN_FLT_WT_F12,OSD-667,1,0.49995165191190866,0.49634466253802606
age_bracket,OSD-667::RR10_CLN_FLT_WT_F16,OSD-667,1,0.49995165191190866,0.49634466253802606
age_bracket,OSD-667::RR10_CLN_FLT_WT_F3,OSD-667,1,0.49995165191190866,0.49634466253802606
age_bracket,OSD-667::RR10_CLN_FLT_WT_F7,OSD-667,1,0.49995165191190866,0.49634466253802606
age_bracket,OSD-667::RR10_CLN_GC_KO_G11,OSD-667,0,0.49995165191190866,0.49634466253802606
age_bracket,OSD-667::RR10_CLN_GC_KO_G15,OSD-667,0,0.49995165191190866,0.49634466253802606
age_bracket,OSD-667::RR10_CLN_GC_KO_G19,OSD-667,0,0.49995165191190866,0.49634466253802606
age_bracket,OSD-667::RR10_CLN_GC_KO_G4,OSD-667,0,0.49995165191190866,0.49634466253802606
age_bracket,OSD-667::RR10_CLN_GC_KO_G8,OSD-667,0,0.49995165191190866,0.49634466253802606
age_bracket,OSD-667::RR10_CLN_GC_WT_G12,OSD-667,0,0.49995165191190866,0.49634466253802606
age_bracket,OSD-667::RR10_CLN_GC_WT_G16,OSD-667,0,0.49995165191190866,0.49634466253802606
age_bracket,OSD-667::RR10_CLN_GC_WT_G20,OSD-667,0,0.49995165191190866,0.49634466253802606
age_bracket,OSD-667::RR10_CLN_GC_WT_G3,OSD-667,0,0.49995165191190866,0.49634466253802606
age_bracket,OSD-667::RR10_CLN_GC_WT_G7,OSD-667,0,0.49995165191190866,0.49634466253802606
age_bracket,OSD-770::RR23_R-SLS_FLT_F1_techrep1,OSD-770,1,0.497537893093571,0.49634466253802606
age_bracket,OSD-770::RR23_R-SLS_FLT_F1_techrep2,OSD-770,1,0.497537893093571,0.49634466253802606
age_bracket,OSD-770::RR23_R-SLS_FLT_F2,OSD-770,1,0.497537893093571,0.49634466253802606
age_bracket,OSD-770::RR23_R-SLS_FLT_F3,OSD-770,1,0.497537893093571,0.49634466253802606
age_bracket,OSD-770::RR23_R-SLS_FLT_F4,OSD-770,1,0.497537893093571,0.49634466253802606
age_bracket,OSD-770::RR23_R-SLS_FLT_F5,OSD-770,1,0.497537893093571,0.49634466253802606
age_bracket,OSD-770::RR23_R-SLS_FLT_F6,OSD-770,1,0.497537893093571,0.49634466253802606
age_bracket,OSD-770::RR23_R-SLS_FLT_F7,OSD-770,1,0.497537893093571,0.49634466253802606
age_bracket,OSD-770::RR23_R-SLS_FLT_F8,OSD-770,1,0.497537893093571,0.49634466253802606
age_bracket,OSD-770::RR23_R-SLS_FLT_F9,OSD-770,1,0.497537893093571,0.49634466253802606
age_bracket,OSD-770::RR23_R-SLS_GC_G1_techrep1,OSD-770,0,0.497537893093571,0.49634466253802606
age_bracket,OSD-770::RR23_R-SLS_GC_G1_techrep2,OSD-770,0,0.497537893093571,0.49634466253802606
age_bracket,OSD-770::RR23_R-SLS_GC_G2,OSD-770,0,0.497537893093571,0.49634466253802606
age_bracket,OSD-770::RR23_R-SLS_GC_G3,OSD-770,0,0.497537893093571,0.49634466253802606
age_bracket,OSD-770::RR23_R-SLS_GC_G4,OSD-770,0,0.497537893093571,0.49634466253802606
age_bracket,OSD-770::RR23_R-SLS_GC_G5,OSD-770,0,0.497537893093571,0.49634466253802606
age_bracket,OSD-770::RR23_R-SLS_GC_G6,OSD-770,0,0.497537893093571,0.49634466253802606
age_bracket,OSD-770::RR23_R-SLS_GC_G7,OSD-770,0,0.497537893093571,0.49634466253802606
age_bracket,OSD-770::RR23_R-SLS_GC_G8,OSD-770,0,0.497537893093571,0.49634466253802606
age_bracket,OSD-770::RR23_R-SLS_GC_G9,OSD-770,0,0.497537893093571,0.49634466253802606
age_bracket,OSD-99::Mmus_C57-6J_EDL_FLT_Rep1_M23,OSD-99,1,0.497537893093571,0.49634466253802606
age_bracket,OSD-99::Mmus_C57-6J_EDL_FLT_Rep2_M26,OSD-99,1,0.497537893093571,0.49634466253802606
age_bracket,OSD-99::Mmus_C57-6J_EDL_FLT_Rep3_M27,OSD-99,1,0.497537893093571,0.49634466253802606
age_bracket,OSD-99::Mmus_C57-6J_EDL_FLT_Rep4_M28,OSD-99,1,0.497537893093571,0.49634466253802606
age_bracket,OSD-99::Mmus_C57-6J_EDL_FLT_Rep5_M29,OSD-99,1,0.497537893093571,0.49634466253802606
age_bracket,OSD-99::Mmus_C57-6J_EDL_FLT_Rep6_M30,OSD-99,1,0.497537893093571,0.49634466253802606
age_bracket,OSD-99::Mmus_C57-6J_EDL_GC_Rep1_M31,OSD-99,0,0.497537893093571,0.49634466253802606
age_bracket,OSD-99::Mmus_C57-6J_EDL_GC_Rep2_M32,OSD-99,0,0.497537893093571,0.49634466253802606
age_bracket,OSD-99::Mmus_C57-6J_EDL_GC_Rep3_M37,OSD-99,0,0.497537893093571,0.49634466253802606
age_bracket,OSD-99::Mmus_C57-6J_EDL_GC_Rep4_M38,OSD-99,0,0.497537893093571,0.49634466253802606
age_bracket,OSD-99::Mmus_C57-6J_EDL_GC_Rep5_M39,OSD-99,0,0.497537893093571,0.49634466253802606
age_bracket,OSD-99::Mmus_C57-6J_EDL_GC_Rep6_M40,OSD-99,0,0.497537893093571,0.49634466253802606
hallmark_50,OSD-101::Mmus_C57-6J_GST_FLT_Rep1_M23,OSD-101,1,0.49590166305029787,0.6428099490413958
hallmark_50,OSD-101::Mmus_C57-6J_GST_FLT_Rep2_M24,OSD-101,1,0.49590166305029787,0.7598341282395882
hallmark_50,OSD-101::Mmus_C57-6J_GST_FLT_Rep3_M25,OSD-101,1,0.49590166305029787,0.7084924575123503
hallmark_50,OSD-101::Mmus_C57-6J_GST_FLT_Rep4_M26,OSD-101,1,0.49590166305029787,0.8674309929665561
hallmark_50,OSD-101::Mmus_C57-6J_GST_FLT_Rep5_M27,OSD-101,1,0.49590166305029787,0.6653978367798677
hallmark_50,OSD-101::Mmus_C57-6J_GST_FLT_Rep6_M28,OSD-101,1,0.49590166305029787,0.5720134921105218
hallmark_50,OSD-101::Mmus_C57-6J_GST_GC_Rep1_M33,OSD-101,0,0.49590166305029787,0.5185959770023144
hallmark_50,OSD-101::Mmus_C57-6J_GST_GC_Rep2_M34,OSD-101,0,0.49590166305029787,0.5290693338362401
hallmark_50,OSD-101::Mmus_C57-6J_GST_GC_Rep3_M35,OSD-101,0,0.49590166305029787,0.5868983511526176
hallmark_50,OSD-101::Mmus_C57-6J_GST_GC_Rep4_M36,OSD-101,0,0.49590166305029787,0.8833655291658167
hallmark_50,OSD-101::Mmus_C57-6J_GST_GC_Rep5_M37,OSD-101,0,0.49590166305029787,0.3973657586137285
hallmark_50,OSD-101::Mmus_C57-6J_GST_GC_Rep6_M38,OSD-101,0,0.49590166305029787,0.5437648087553747
hallmark_50,OSD-103::Mmus_C57-6J_Quad_FLT_Rep1_M23,OSD-103,1,0.49337761313485606,0.675463028790592
hallmark_50,OSD-103::Mmus_C57-6J_Quad_FLT_Rep2_M24,OSD-103,1,0.49337761313485606,0.7028860854784065
hallmark_50,OSD-103::Mmus_C57-6J_Quad_FLT_Rep3_M25,OSD-103,1,0.49337761313485606,0.4850895604098436
hallmark_50,OSD-103::Mmus_C57-6J_Quad_FLT_Rep4_M26,OSD-103,1,0.49337761313485606,0.7400971306897709
hallmark_50,OSD-103::Mmus_C57-6J_Quad_FLT_Rep5_M27,OSD-103,1,0.49337761313485606,0.5150731708607816
hallmark_50,OSD-103::Mmus_C57-6J_Quad_FLT_Rep6_M28,OSD-103,1,0.49337761313485606,0.5469067557805164
hallmark_50,OSD-103::Mmus_C57-6J_Quad_GC_Rep1_M33,OSD-103,0,0.49337761313485606,0.3752072365735035
hallmark_50,OSD-103::Mmus_C57-6J_Quad_GC_Rep2_M34,OSD-103,0,0.49337761313485606,0.5378951821115514
hallmark_50,OSD-103::Mmus_C57-6J_Quad_GC_Rep3_M35,OSD-103,0,0.49337761313485606,0.39601275588215346
hallmark_50,OSD-103::Mmus_C57-6J_Quad_GC_Rep4_M36,OSD-103,0,0.49337761313485606,0.6665661190784609
hallmark_50,OSD-103::Mmus_C57-6J_Quad_GC_Rep5_M37,OSD-103,0,0.49337761313485606,0.327929067450569
hallmark_50,OSD-103::Mmus_C57-6J_Quad_GC_Rep6_M38,OSD-103,0,0.49337761313485606,0.27574577858744687
hallmark_50,OSD-104::Mmus_C57-6J_SLS_FLT_Rep1_M23,OSD-104,1,0.5001214384490126,0.5422930864914711
hallmark_50,OSD-104::Mmus_C57-6J_SLS_FLT_Rep2_M24,OSD-104,1,0.5001214384490126,0.6931131810612825
hallmark_50,OSD-104::Mmus_C57-6J_SLS_FLT_Rep3_M25,OSD-104,1,0.5001214384490126,0.6040824067937337
hallmark_50,OSD-104::Mmus_C57-6J_SLS_FLT_Rep4_M26,OSD-104,1,0.5001214384490126,0.4415350755328185
hallmark_50,OSD-104::Mmus_C57-6J_SLS_FLT_Rep5_M27,OSD-104,1,0.5001214384490126,0.36608600636198174
hallmark_50,OSD-104::Mmus_C57-6J_SLS_FLT_Rep6_M28,OSD-104,1,0.5001214384490126,0.27140188691880685
hallmark_50,OSD-104::Mmus_C57-6J_SLS_GC_Rep1_M33,OSD-104,0,0.5001214384490126,0.22401880315402237
hallmark_50,OSD-104::Mmus_C57-6J_SLS_GC_Rep2_M34,OSD-104,0,0.5001214384490126,0.16198115609885116
hallmark_50,OSD-104::Mmus_C57-6J_SLS_GC_Rep3_M35,OSD-104,0,0.5001214384490126,0.25916474546780327
hallmark_50,OSD-104::Mmus_C57-6J_SLS_GC_Rep4_M36,OSD-104,0,0.5001214384490126,0.18794988646982688
hallmark_50,OSD-104::Mmus_C57-6J_SLS_GC_Rep5_M37,OSD-104,0,0.5001214384490126,0.17758275969904722
hallmark_50,OSD-104::Mmus_C57-6J_SLS_GC_Rep6_M38,OSD-104,0,0.5001214384490126,0.16687112565597306
hallmark_50,OSD-105::Mmus_C57-6J_TA_FLT_Rep1_M23,OSD-105,1,0.4938862890591949,0.49393298024522386
hallmark_50,OSD-105::Mmus_C57-6J_TA_FLT_Rep2_M24,OSD-105,1,0.4938862890591949,0.36356531396405706
hallmark_50,OSD-105::Mmus_C57-6J_TA_FLT_Rep3_M25,OSD-105,1,0.4938862890591949,0.6198344418175864
hallmark_50,OSD-105::Mmus_C57-6J_TA_FLT_Rep4_M26,OSD-105,1,0.4938862890591949,0.6828926160884417
hallmark_50,OSD-105::Mmus_C57-6J_TA_FLT_Rep5_M27,OSD-105,1,0.4938862890591949,0.6049773500972175
hallmark_50,OSD-105::Mmus_C57-6J_TA_FLT_Rep6_M28,OSD-105,1,0.4938862890591949,0.48417331273071995
hallmark_50,OSD-105::Mmus_C57-6J_TA_GC_Rep1_M33,OSD-105,0,0.4938862890591949,0.20402653167913692
hallmark_50,OSD-105::Mmus_C57-6J_TA_GC_Rep2_M34,OSD-105,0,0.4938862890591949,0.31153898284841847
hallmark_50,OSD-105::Mmus_C57-6J_TA_GC_Rep3_M35,OSD-105,0,0.4938862890591949,0.3350492273054027
hallmark_50,OSD-105::Mmus_C57-6J_TA_GC_Rep4_M36,OSD-105,0,0.4938862890591949,0.21580701002800698
hallmark_50,OSD-105::Mmus_C57-6J_TA_GC_Rep5_M37,OSD-105,0,0.4938862890591949,0.2137462217724649
hallmark_50,OSD-105::Mmus_C57-6J_TA_GC_Rep6_M38,OSD-105,0,0.4938862890591949,0.20365698536416005
hallmark_50,OSD-379::RR8_LVR_FLT_ISS-T_OLD_FI16,OSD-379,1,0.49995217875167736,0.3659003791146204
hallmark_50,OSD-379::RR8_LVR_FLT_ISS-T_OLD_FI17,OSD-379,1,0.49995217875167736,0.8663826312317432
hallmark_50,OSD-379::RR8_LVR_FLT_ISS-T_YNG_FI10,OSD-379,1,0.49995217875167736,0.5204486943219164
hallmark_50,OSD-379::RR8_LVR_FLT_LAR_OLD_FL11,OSD-379,1,0.49995217875167736,0.07914519786969812
hallmark_50,OSD-379::RR8_LVR_FLT_LAR_OLD_FL15,OSD-379,1,0.49995217875167736,0.08071612869003715
hallmark_50,OSD-379::RR8_LVR_FLT_LAR_OLD_FL8,OSD-379,1,0.49995217875167736,0.04113663072729917
hallmark_50,OSD-379::RR8_LVR_FLT_LAR_YNG_FL2,OSD-379,1,0.49995217875167736,0.02607833742918267
hallmark_50,OSD-379::RR8_LVR_GC_ISS-T_OLD_GI11,OSD-379,0,0.49995217875167736,0.056600887079767084
hallmark_50,OSD-379::RR8_LVR_GC_LAR_OLD_GL3,OSD-379,0,0.49995217875167736,0.2683680540206424
hallmark_50,OSD-379::RR8_LVR_GC_LAR_YNG_GL1,OSD-379,0,0.49995217875167736,0.17270819721737657
hallmark_50,OSD-379::RR8_LVR_GC_LAR_YNG_GL5,OSD-379,0,0.49995217875167736,0.22472964181795832
hallmark_50,OSD-401::GSM5398359,OSD-401,0,0.49590166305029787,0.6058933060649495
hallmark_50,OSD-401::GSM5398363,OSD-401,1,0.49590166305029787,0.5883765398527664
hallmark_50,OSD-457::GSM4613981,OSD-457,0,0.5015702247718152,0.1271522155580706
hallmark_50,OSD-457::GSM4613989,OSD-457,0,0.5015702247718152,0.47289300998553313
hallmark_50,OSD-457::GSM4613991,OSD-457,0,0.5015702247718152,0.8357898212229731
hallmark_50,OSD-457::GSM4613995,OSD-457,1,0.5015702247718152,0.030933313993503974
hallmark_50,OSD-457::GSM4614077,OSD-457,0,0.5094160014351236,0.9922078766901344
hallmark_50,OSD-457::GSM4614078,OSD-457,0,0.5094160014351236,0.9778597935338275
hallmark_50,OSD-457::GSM4614079,OSD-457,0,0.5094160014351236,0.9835440494292833
hallmark_50,OSD-457::GSM4614080,OSD-457,0,0.5094160014351236,0.9884440707130738
hallmark_50,OSD-457::GSM4614081,OSD-457,0,0.5094160014351236,0.9687536239379803
hallmark_50,OSD-457::GSM4614082,OSD-457,0,0.5094160014351236,0.9636485325083192
hallmark_50,OSD-457::GSM4614083,OSD-457,0,0.5094160014351236,0.9781381660345203
hallmark_50,OSD-457::GSM4614084,OSD-457,0,0.5094160014351236,0.9749603461329733
hallmark_50,OSD-457::GSM4614085,OSD-457,0,0.5094160014351236,0.9816727336898224
hallmark_50,OSD-457::GSM4614086,OSD-457,0,0.5094160014351236,0.9749568443124632
hallmark_50,OSD-457::GSM4614087,OSD-457,0,0.5094160014351236,0.9829288159747394
hallmark_50,OSD-457::GSM4614088,OSD-457,0,0.5094160014351236,0.9850772785856523
hallmark_50,OSD-457::GSM4614089,OSD-457,1,0.5094160014351236,0.9880801107487008
hallmark_50,OSD-457::GSM4614090,OSD-457,1,0.5094160014351236,0.9862162585998747
hallmark_50,OSD-457::GSM4614091,OSD-457,1,0.5094160014351236,0.9841491605411037
hallmark_50,OSD-457::GSM4614092,OSD-457,1,0.5094160014351236,0.9629787204837331
hallmark_50,OSD-457::GSM4614093,OSD-457,1,0.5094160014351236,0.9695815347214007
hallmark_50,OSD-457::GSM4614094,OSD-457,1,0.5094160014351236,0.9752229983753287
hallmark_50,OSD-457::GSM4614095,OSD-457,1,0.5094160014351236,0.9603364389532012
hallmark_50,OSD-457::GSM4614096,OSD-457,1,0.5094160014351236,0.98623737894465
hallmark_50,OSD-457::GSM4614097,OSD-457,1,0.5094160014351236,0.975900326091503
hallmark_50,OSD-457::GSM4614098,OSD-457,1,0.5094160014351236,0.9808282426660132
hallmark_50,OSD-457::GSM4614099,OSD-457,1,0.5094160014351236,0.9784623937624306
hallmark_50,OSD-457::GSM4614100,OSD-457,1,0.5094160014351236,0.9817137607392025
hallmark_50,OSD-464::RR23_LNG_FLT_F1,OSD-464,1,0.4975881468251316,0.06428064773617512
hallmark_50,OSD-464::RR23_LNG_FLT_F2,OSD-464,1,0.4975881468251316,0.02908364075690432
hallmark_50,OSD-464::RR23_LNG_FLT_F3,OSD-464,1,0.4975881468251316,0.0653904549511034
hallmark_50,OSD-464::RR23_LNG_FLT_F4,OSD-464,1,0.4975881468251316,0.008895134514535557
hallmark_50,OSD-464::RR23_LNG_FLT_F5,OSD-464,1,0.4975881468251316,0.04944684893626597
hallmark_50,OSD-464::RR23_LNG_FLT_F6,OSD-464,1,0.4975881468251316,0.021204071826584514
hallmark_50,OSD-464::RR23_LNG_FLT_F7_techrep1,OSD-464,1,0.4975881468251316,0.05843684333701777
hallmark_50,OSD-464::RR23_LNG_FLT_F7_techrep2,OSD-464,1,0.4975881468251316,0.0445777494358187
hallmark_50,OSD-464::RR23_LNG_FLT_F8,OSD-464,1,0.4975881468251316,0.021422682100593494
hallmark_50,OSD-464::RR23_LNG_FLT_F9,OSD-464,1,0.4975881468251316,0.02277904508752723
hallmark_50,OSD-464::RR23_LNG_GC_G1,OSD-464,0,0.4975881468251316,0.029326497692150545
hallmark_50,OSD-464::RR23_LNG_GC_G2_techrep1,OSD-464,0,0.4975881468251316,0.01857453249751755
hallmark_50,OSD-464::RR23_LNG_GC_G2_techrep2,OSD-464,0,0.4975881468251316,0.01553974223190993
hallmark_50,OSD-464::RR23_LNG_GC_G3,OSD-464,0,0.4975881468251316,0.0013852750980882708
hallmark_50,OSD-464::RR23_LNG_GC_G4,OSD-464,0,0.4975881468251316,0.007013782291461044
hallmark_50,OSD-464::RR23_LNG_GC_G5,OSD-464,0,0.4975881468251316,0.004246355415392511
hallmark_50,OSD-464::RR23_LNG_GC_G6,OSD-464,0,0.4975881468251316,0.006423877283924499
hallmark_50,OSD-464::RR23_LNG_GC_G7,OSD-464,0,0.4975881468251316,0.009758210536735668
hallmark_50,OSD-464::RR23_LNG_GC_G8,OSD-464,0,0.4975881468251316,0.19780983816832828
hallmark_50,OSD-48::Mmus_C57-6J_LVR_FLT_I_Rep1_M21,OSD-48,1,0.551118276363934,0.9268504445161332
hallmark_50,OSD-48::Mmus_C57-6J_LVR_GC_I_Rep2_M32,OSD-48,0,0.551118276363934,0.8702072569305881
hallmark_50,OSD-562::RRRM2_HPC_FLT_ISS-T_OLD_FO11,OSD-562,1,0.5001214384490126,0.40347143082997683
hallmark_50,OSD-562::RRRM2_HPC_FLT_ISS-T_OLD_FO13,OSD-562,1,0.5001214384490126,0.34434519154292487
hallmark_50,OSD-562::RRRM2_HPC_FLT_ISS-T_OLD_FO15,OSD-562,1,0.5001214384490126,0.2191882800203699
hallmark_50,OSD-562::RRRM2_HPC_FLT_ISS-T_YNG_FY10,OSD-562,1,0.5001214384490126,0.28292520480816663
hallmark_50,OSD-562::RRRM2_HPC_FLT_ISS-T_YNG_FY3,OSD-562,1,0.5001214384490126,0.07108079146946204
hallmark_50,OSD-562::RRRM2_HPC_FLT_ISS-T_YNG_FY4,OSD-562,1,0.5001214384490126,0.4711050044400815
hallmark_50,OSD-562::RRRM2_HPC_FLT_ISS-T_YNG_FY6,OSD-562,1,0.5001214384490126,0.6925980080870986
hallmark_50,OSD-562::RRRM2_HPC_FLT_LAR_OLD_FO2,OSD-562,1,0.5001214384490126,0.09204361400982329
hallmark_50,OSD-562::RRRM2_HPC_FLT_LAR_OLD_FO3,OSD-562,1,0.5001214384490126,0.12204797462623321
hallmark_50,OSD-562::RRRM2_HPC_FLT_LAR_OLD_FO5,OSD-562,1,0.5001214384490126,0.2731524757956337
hallmark_50,OSD-562::RRRM2_HPC_FLT_LAR_YNG_FY10,OSD-562,1,0.5001214384490126,0.08496760764894189
hallmark_50,OSD-562::RRRM2_HPC_FLT_LAR_YNG_FY6,OSD-562,1,0.5001214384490126,0.31474266318901173
hallmark_50,OSD-562::RRRM2_HPC_FLT_LAR_YNG_FY7,OSD-562,1,0.5001214384490126,0.33322290513587716
hallmark_50,OSD-562::RRRM2_HPC_GC_ISS-T_OLD_GO12,OSD-562,0,0.5001214384490126,0.1740439991374321
hallmark_50,OSD-562::RRRM2_HPC_GC_ISS-T_OLD_GO15,OSD-562,0,0.5001214384490126,0.14845177204724094
hallmark_50,OSD-562::RRRM2_HPC_GC_ISS-T_OLD_GO20,OSD-562,0,0.5001214384490126,0.09866256427998232
hallmark_50,OSD-562::RRRM2_HPC_GC_ISS-T_YNG_GY10,OSD-562,0,0.5001214384490126,0.3619397673210094
hallmark_50,OSD-562::RRRM2_HPC_GC_ISS-T_YNG_GY8,OSD-562,0,0.5001214384490126,0.03961955010097637
hallmark_50,OSD-562::RRRM2_HPC_GC_LAR_OLD_GO12,OSD-562,0,0.5001214384490126,0.3234297922546799
hallmark_50,OSD-562::RRRM2_HPC_GC_LAR_OLD_GO13,OSD-562,0,0.5001214384490126,0.13762352074815695
hallmark_50,OSD-562::RRRM2_HPC_GC_LAR_OLD_GO15,OSD-562,0,0.5001214384490126,0.03748435523042996
hallmark_50,OSD-562::RRRM2_HPC_GC_LAR_YNG_GY1,OSD-562,0,0.5001214384490126,0.2464736167050734
hallmark_50,OSD-562::RRRM2_HPC_GC_LAR_YNG_GY4,OSD-562,0,0.5001214384490126,0.026157693516306462
hallmark_50,OSD-562::RRRM2_HPC_GC_LAR_YNG_GY5,OSD-562,0,0.5001214384490126,0.10261117729148268
hallmark_50,OSD-564::RR10_HPC_FLT_WT_F1,OSD-564,1,0.5182107209477842,0.6464822402767502
hallmark_50,OSD-564::RR10_HPC_FLT_WT_F3,OSD-564,1,0.5182107209477842,0.6744871563439438
hallmark_50,OSD-564::RR10_HPC_FLT_WT_F5,OSD-564,1,0.5182107209477842,0.5614430848491436
hallmark_50,OSD-564::RR10_HPC_FLT_WT_F7,OSD-564,1,0.5182107209477842,0.5347896998437013
hallmark_50,OSD-564::RR10_HPC_FLT_WT_F9,OSD-564,1,0.5182107209477842,0.6719449369396865
hallmark_50,OSD-564::RR10_HPC_GC_WT_G1,OSD-564,0,0.5182107209477842,0.7010155920818001
hallmark_50,OSD-564::RR10_HPC_GC_WT_G3,OSD-564,0,0.5182107209477842,0.4455726131483001
hallmark_50,OSD-564::RR10_HPC_GC_WT_G5,OSD-564,0,0.5182107209477842,0.43042393552727315
hallmark_50,OSD-564::RR10_HPC_GC_WT_G7,OSD-564,0,0.5182107209477842,0.5665553847607766
hallmark_50,OSD-564::RR10_HPC_GC_WT_G9,OSD-564,0,0.5182107209477842,0.7774338605463419
hallmark_50,OSD-576::RR23_R-TA_FLT_F1,OSD-576,1,0.4938862890591949,0.6680715011149239
hallmark_50,OSD-576::RR23_R-TA_FLT_F2,OSD-576,1,0.4938862890591949,0.3522623745461621
hallmark_50,OSD-576::RR23_R-TA_FLT_F3,OSD-576,1,0.4938862890591949,0.5092837810173438
hallmark_50,OSD-576::RR23_R-TA_FLT_F4,OSD-576,1,0.4938862890591949,0.49662166840803285
hallmark_50,OSD-576::RR23_R-TA_FLT_F5,OSD-576,1,0.4938862890591949,0.3967380347952166
hallmark_50,OSD-576::RR23_R-TA_FLT_F6,OSD-576,1,0.4938862890591949,0.35888527481118737
hallmark_50,OSD-576::RR23_R-TA_FLT_F7,OSD-576,1,0.4938862890591949,0.22946058746436054
hallmark_50,OSD-576::RR23_R-TA_FLT_F8,OSD-576,1,0.4938862890591949,0.26055824754742546
hallmark_50,OSD-576::RR23_R-TA_FLT_F9,OSD-576,1,0.4938862890591949,0.6022014671742454
hallmark_50,OSD-576::RR23_R-TA_GC_G1,OSD-576,0,0.4938862890591949,0.1168482265387607
hallmark_50,OSD-576::RR23_R-TA_GC_G2,OSD-576,0,0.4938862890591949,0.23020336903408373
hallmark_50,OSD-576::RR23_R-TA_GC_G3,OSD-576,0,0.4938862890591949,0.23101956089099637
hallmark_50,OSD-576::RR23_R-TA_GC_G4,OSD-576,0,0.4938862890591949,0.2213372443078597
hallmark_50,OSD-576::RR23_R-TA_GC_G5,OSD-576,0,0.4938862890591949,0.3600277400437246
hallmark_50,OSD-576::RR23_R-TA_GC_G6,OSD-576,0,0.4938862890591949,0.2560404922781726
hallmark_50,OSD-576::RR23_R-TA_GC_G7,OSD-576,0,0.4938862890591949,0.1861820075373701
hallmark_50,OSD-576::RR23_R-TA_GC_G8,OSD-576,0,0.4938862890591949,0.27146967929826793
hallmark_50,OSD-576::RR23_R-TA_GC_G9,OSD-576,0,0.4938862890591949,0.4200625121305762
hallmark_50,OSD-580::RRRM2_HRT_FLT_ISS-T_OLD_FO11,OSD-580,1,0.5010953895588749,0.6663667653376307
hallmark_50,OSD-580::RRRM2_HRT_FLT_ISS-T_OLD_FO13,OSD-580,1,0.5010953895588749,0.613232191706371
hallmark_50,OSD-580::RRRM2_HRT_FLT_ISS-T_OLD_FO15,OSD-580,1,0.5010953895588749,0.15003364041872097
hallmark_50,OSD-580::RRRM2_HRT_FLT_ISS-T_OLD_FO17,OSD-580,1,0.5010953895588749,0.2893831053687037
hallmark_50,OSD-580::RRRM2_HRT_FLT_ISS-T_OLD_FO19,OSD-580,1,0.5010953895588749,0.08412684755366968
hallmark_50,OSD-580::RRRM2_HRT_FLT_ISS-T_YNG_FY1,OSD-580,1,0.5010953895588749,0.4463282275248178
hallmark_50,OSD-580::RRRM2_HRT_FLT_ISS-T_YNG_FY3,OSD-580,1,0.5010953895588749,0.4797578066056881
hallmark_50,OSD-580::RRRM2_HRT_FLT_ISS-T_YNG_FY5,OSD-580,1,0.5010953895588749,0.32573670047970504
hallmark_50,OSD-580::RRRM2_HRT_FLT_ISS-T_YNG_FY7,OSD-580,1,0.5010953895588749,0.3146370171726191
hallmark_50,OSD-580::RRRM2_HRT_FLT_ISS-T_YNG_FY9,OSD-580,1,0.5010953895588749,0.17688319078752288
hallmark_50,OSD-580::RRRM2_HRT_FLT_LAR_OLD_FO1,OSD-580,1,0.5010953895588749,0.03775446178836523
hallmark_50,OSD-580::RRRM2_HRT_FLT_LAR_OLD_FO17,OSD-580,1,0.5010953895588749,0.27151569746181176
hallmark_50,OSD-580::RRRM2_HRT_FLT_LAR_OLD_FO19,OSD-580,1,0.5010953895588749,0.23149566315457898
hallmark_50,OSD-580::RRRM2_HRT_FLT_LAR_OLD_FO3,OSD-580,1,0.5010953895588749,0.12117115144755372
hallmark_50,OSD-580::RRRM2_HRT_FLT_LAR_OLD_FO5,OSD-580,1,0.5010953895588749,0.2685328110317872
hallmark_50,OSD-580::RRRM2_HRT_FLT_LAR_YNG_FY10,OSD-580,1,0.5010953895588749,0.5540974496810799
hallmark_50,OSD-580::RRRM2_HRT_FLT_LAR_YNG_FY12,OSD-580,1,0.5010953895588749,0.730917718935819
hallmark_50,OSD-580::RRRM2_HRT_FLT_LAR_YNG_FY14,OSD-580,1,0.5010953895588749,0.08557385635009443
hallmark_50,OSD-580::RRRM2_HRT_FLT_LAR_YNG_FY6,OSD-580,1,0.5010953895588749,0.21235799328857213
hallmark_50,OSD-580::RRRM2_HRT_FLT_LAR_YNG_FY8,OSD-580,1,0.5010953895588749,0.10112355781964281
hallmark_50,OSD-580::RRRM2_HRT_GC_ISS-T_OLD_GO12,OSD-580,0,0.5010953895588749,0.12146035469286
hallmark_50,OSD-580::RRRM2_HRT_GC_ISS-T_OLD_GO13,OSD-580,0,0.5010953895588749,0.2270456889480636
hallmark_50,OSD-580::RRRM2_HRT_GC_ISS-T_OLD_GO14,OSD-580,0,0.5010953895588749,0.18895887817601073
hallmark_50,OSD-580::RRRM2_HRT_GC_ISS-T_OLD_GO15,OSD-580,0,0.5010953895588749,0.03448826326216126
hallmark_50,OSD-580::RRRM2_HRT_GC_ISS-T_OLD_GO16,OSD-580,0,0.5010953895588749,0.07982933532913923
hallmark_50,OSD-580::RRRM2_HRT_GC_ISS-T_YNG_GY1,OSD-580,0,0.5010953895588749,0.0756876495002491
hallmark_50,OSD-580::RRRM2_HRT_GC_ISS-T_YNG_GY3,OSD-580,0,0.5010953895588749,0.20229837987253715
hallmark_50,OSD-580::RRRM2_HRT_GC_ISS-T_YNG_GY4,OSD-580,0,0.5010953895588749,0.15702049945866467
hallmark_50,OSD-580::RRRM2_HRT_GC_ISS-T_YNG_GY5,OSD-580,0,0.5010953895588749,0.21333197947123878
hallmark_50,OSD-580::RRRM2_HRT_GC_ISS-T_YNG_GY8,OSD-580,0,0.5010953895588749,0.07585812811747425
hallmark_50,OSD-580::RRRM2_HRT_GC_LAR_OLD_GO11,OSD-580,0,0.5010953895588749,0.06812628625865776
hallmark_50,OSD-580::RRRM2_HRT_GC_LAR_OLD_GO13,OSD-580,0,0.5010953895588749,0.031592820175022025
hallmark_50,OSD-580::RRRM2_HRT_GC_LAR_OLD_GO15,OSD-580,0,0.5010953895588749,0.0635588565536758
hallmark_50,OSD-580::RRRM2_HRT_GC_LAR_OLD_GO17,OSD-580,0,0.5010953895588749,0.323158946818073
hallmark_50,OSD-580::RRRM2_HRT_GC_LAR_OLD_GO19,OSD-580,0,0.5010953895588749,0.23801241614419477
hallmark_50,OSD-580::RRRM2_HRT_GC_LAR_YNG_GY1,OSD-580,0,0.5010953895588749,0.05012961460014933
hallmark_50,OSD-580::RRRM2_HRT_GC_LAR_YNG_GY3,OSD-580,0,0.5010953895588749,0.0470068237982189
hallmark_50,OSD-580::RRRM2_HRT_GC_LAR_YNG_GY5,OSD-580,0,0.5010953895588749,0.1366368271511416
hallmark_50,OSD-580::RRRM2_HRT_GC_LAR_YNG_GY7,OSD-580,0,0.5010953895588749,0.2197758675709356
hallmark_50,OSD-580::RRRM2_HRT_GC_LAR_YNG_GY9,OSD-580,0,0.5010953895588749,0.1822013173881834
hallmark_50,OSD-665::RR23_R-EDL_FLT_F1_techrep1,OSD-665,1,0.49337761313485606,0.8697516368323005
hallmark_50,OSD-665::RR23_R-EDL_FLT_F1_techrep2,OSD-665,1,0.49337761313485606,0.8533962131866977
hallmark_50,OSD-665::RR23_R-EDL_FLT_F2,OSD-665,1,0.49337761313485606,0.7828356887163062
hallmark_50,OSD-665::RR23_R-EDL_FLT_F3,OSD-665,1,0.49337761313485606,0.7862863712359042
hallmark_50,OSD-665::RR23_R-EDL_FLT_F4,OSD-665,1,0.49337761313485606,0.805084372272495
hallmark_50,OSD-665::RR23_R-EDL_FLT_F5,OSD-665,1,0.49337761313485606,0.8341545972547084
hallmark_50,OSD-665::RR23_R-EDL_FLT_F6,OSD-665,1,0.49337761313485606,0.7608762120108009
hallmark_50,OSD-665::RR23_R-EDL_FLT_F7,OSD-665,1,0.49337761313485606,0.65210612094718
hallmark_50,OSD-665::RR23_R-EDL_FLT_F8,OSD-665,1,0.49337761313485606,0.6753426496606836
hallmark_50,OSD-665::RR23_R-EDL_FLT_F9,OSD-665,1,0.49337761313485606,0.8286433237935875
hallmark_50,OSD-665::RR23_R-EDL_GC_G1_techrep1,OSD-665,0,0.49337761313485606,0.5579923400664134
hallmark_50,OSD-665::RR23_R-EDL_GC_G1_techrep2,OSD-665,0,0.49337761313485606,0.5496292877658969
hallmark_50,OSD-665::RR23_R-EDL_GC_G2,OSD-665,0,0.49337761313485606,0.5800627203824914
hallmark_50,OSD-665::RR23_R-EDL_GC_G3,OSD-665,0,0.49337761313485606,0.7244354308070013
hallmark_50,OSD-665::RR23_R-EDL_GC_G4,OSD-665,0,0.49337761313485606,0.5123091009598618
hallmark_50,OSD-665::RR23_R-EDL_GC_G5,OSD-665,0,0.49337761313485606,0.5063736657141512
hallmark_50,OSD-665::RR23_R-EDL_GC_G6,OSD-665,0,0.49337761313485606,0.4352695371328404
hallmark_50,OSD-665::RR23_R-EDL_GC_G7,OSD-665,0,0.49337761313485606,0.6367007964127968
hallmark_50,OSD-665::RR23_R-EDL_GC_G8,OSD-665,0,0.49337761313485606,0.5528902451652092
hallmark_50,OSD-665::RR23_R-EDL_GC_G9,OSD-665,0,0.49337761313485606,0.623782593620283
hallmark_50,OSD-666::RR23_R-Quad_FLT_F1_techrep2,OSD-666,1,0.5001214384490126,0.43051899000720806
hallmark_50,OSD-666::RR23_R-Quad_FLT_F2,OSD-666,1,0.5001214384490126,0.6965211703284879
hallmark_50,OSD-666::RR23_R-Quad_FLT_F3,OSD-666,1,0.5001214384490126,0.6262403105953313
hallmark_50,OSD-666::RR23_R-Quad_FLT_F4,OSD-666,1,0.5001214384490126,0.5851061182473466
hallmark_50,OSD-666::RR23_R-Quad_FLT_F5,OSD-666,1,0.5001214384490126,0.6859415322120598
hallmark_50,OSD-666::RR23_R-Quad_FLT_F6,OSD-666,1,0.5001214384490126,0.4502048674565758
hallmark_50,OSD-666::RR23_R-Quad_FLT_F7,OSD-666,1,0.5001214384490126,0.32721462044785904
hallmark_50,OSD-666::RR23_R-Quad_FLT_F8,OSD-666,1,0.5001214384490126,0.46602963655600643
hallmark_50,OSD-666::RR23_R-Quad_FLT_F9,OSD-666,1,0.5001214384490126,0.6370554832567906
hallmark_50,OSD-666::RR23_R-Quad_GC_G1_techrep1,OSD-666,0,0.5001214384490126,0.24889016128643676
hallmark_50,OSD-666::RR23_R-Quad_GC_G1_techrep2,OSD-666,0,0.5001214384490126,0.20569558699500679
hallmark_50,OSD-666::RR23_R-Quad_GC_G2,OSD-666,0,0.5001214384490126,0.19854744315507877
hallmark_50,OSD-666::RR23_R-Quad_GC_G3,OSD-666,0,0.5001214384490126,0.22984793817390686
hallmark_50,OSD-666::RR23_R-Quad_GC_G4,OSD-666,0,0.5001214384490126,0.27090059784727133
hallmark_50,OSD-666::RR23_R-Quad_GC_G5,OSD-666,0,0.5001214384490126,0.14743463061051157
hallmark_50,OSD-666::RR23_R-Quad_GC_G6,OSD-666,0,0.5001214384490126,0.11316343068152672
hallmark_50,OSD-666::RR23_R-Quad_GC_G7,OSD-666,0,0.5001214384490126,0.40672858882170826
hallmark_50,OSD-666::RR23_R-Quad_GC_G8,OSD-666,0,0.5001214384490126,0.36253007978906504
hallmark_50,OSD-666::RR23_R-Quad_GC_G9,OSD-666,0,0.5001214384490126,0.32246180003798774
hallmark_50,OSD-667::RR10_CLN_FLT_KO_F11,OSD-667,1,0.49995165191190866,0.9999009026325781
hallmark_50,OSD-667::RR10_CLN_FLT_KO_F15,OSD-667,1,0.49995165191190866,0.999963018745935
hallmark_50,OSD-667::RR10_CLN_FLT_KO_F19,OSD-667,1,0.49995165191190866,0.9990199715773631
hallmark_50,OSD-667::RR10_CLN_FLT_KO_F4,OSD-667,1,0.49995165191190866,0.9999940849372136
hallmark_50,OSD-667::RR10_CLN_FLT_KO_F8,OSD-667,1,0.49995165191190866,0.9999274800881539
hallmark_50,OSD-667::RR10_CLN_FLT_WT_F12,OSD-667,1,0.49995165191190866,0.9999968406985883
hallmark_50,OSD-667::RR10_CLN_FLT_WT_F16,OSD-667,1,0.49995165191190866,0.9999897622688458
hallmark_50,OSD-667::RR10_CLN_FLT_WT_F3,OSD-667,1,0.49995165191190866,0.9999971036679588
hallmark_50,OSD-667::RR10_CLN_FLT_WT_F7,OSD-667,1,0.49995165191190866,0.9999962714410977
hallmark_50,OSD-667::RR10_CLN_GC_KO_G11,OSD-667,0,0.49995165191190866,0.9999391747790272
hallmark_50,OSD-667::RR10_CLN_GC_KO_G15,OSD-667,0,0.49995165191190866,0.9999436726021297
hallmark_50,OSD-667::RR10_CLN_GC_KO_G19,OSD-667,0,0.49995165191190866,0.8417865124863843
hallmark_50,OSD-667::RR10_CLN_GC_KO_G4,OSD-667,0,0.49995165191190866,0.9994167005208657
hallmark_50,OSD-667::RR10_CLN_GC_KO_G8,OSD-667,0,0.49995165191190866,0.9978402222899899
hallmark_50,OSD-667::RR10_CLN_GC_WT_G12,OSD-667,0,0.49995165191190866,0.9999989217032087
hallmark_50,OSD-667::RR10_CLN_GC_WT_G16,OSD-667,0,0.49995165191190866,0.9992102699401293
hallmark_50,OSD-667::RR10_CLN_GC_WT_G20,OSD-667,0,0.49995165191190866,0.9999927832035009
hallmark_50,OSD-667::RR10_CLN_GC_WT_G3,OSD-667,0,0.49995165191190866,0.9999078135245457
hallmark_50,OSD-667::RR10_CLN_GC_WT_G7,OSD-667,0,0.49995165191190866,0.9979733984549172
hallmark_50,OSD-770::RR23_R-SLS_FLT_F1_techrep1,OSD-770,1,0.497537893093571,0.12645396979506154
hallmark_50,OSD-770::RR23_R-SLS_FLT_F1_techrep2,OSD-770,1,0.497537893093571,0.08663718951800475
hallmark_50,OSD-770::RR23_R-SLS_FLT_F2,OSD-770,1,0.497537893093571,0.06648076917386045
hallmark_50,OSD-770::RR23_R-SLS_FLT_F3,OSD-770,1,0.497537893093571,0.0014569505192426118
hallmark_50,OSD-770::RR23_R-SLS_FLT_F4,OSD-770,1,0.497537893093571,0.07121355569837218
hallmark_50,OSD-770::RR23_R-SLS_FLT_F5,OSD-770,1,0.497537893093571,0.01815012492514404
hallmark_50,OSD-770::RR23_R-SLS_FLT_F6,OSD-770,1,0.497537893093571,0.011575068500254818
hallmark_50,OSD-770::RR23_R-SLS_FLT_F7,OSD-770,1,0.497537893093571,0.02689672360055638
hallmark_50,OSD-770::RR23_R-SLS_FLT_F8,OSD-770,1,0.497537893093571,0.011482665467140662
hallmark_50,OSD-770::RR23_R-SLS_FLT_F9,OSD-770,1,0.497537893093571,0.0030228041724635747
hallmark_50,OSD-770::RR23_R-SLS_GC_G1_techrep1,OSD-770,0,0.497537893093571,0.09507404120310475
hallmark_50,OSD-770::RR23_R-SLS_GC_G1_techrep2,OSD-770,0,0.497537893093571,0.09604308378759932
hallmark_50,OSD-770::RR23_R-SLS_GC_G2,OSD-770,0,0.497537893093571,0.029501682404508997
hallmark_50,OSD-770::RR23_R-SLS_GC_G3,OSD-770,0,0.497537893093571,0.15800661805116345
hallmark_50,OSD-770::RR23_R-SLS_GC_G4,OSD-770,0,0.497537893093571,0.10620715378406073
hallmark_50,OSD-770::RR23_R-SLS_GC_G5,OSD-770,0,0.497537893093571,0.010960088598415942
hallmark_50,OSD-770::RR23_R-SLS_GC_G6,OSD-770,0,0.497537893093571,0.10393874032185009
hallmark_50,OSD-770::RR23_R-SLS_GC_G7,OSD-770,0,0.497537893093571,0.07216323334729244
hallmark_50,OSD-770::RR23_R-SLS_GC_G8,OSD-770,0,0.497537893093571,0.1714661572867865
hallmark_50,OSD-770::RR23_R-SLS_GC_G9,OSD-770,0,0.497537893093571,0.061344559005769905
hallmark_50,OSD-99::Mmus_C57-6J_EDL_FLT_Rep1_M23,OSD-99,1,0.497537893093571,0.20874005646419178
hallmark_50,OSD-99::Mmus_C57-6J_EDL_FLT_Rep2_M26,OSD-99,1,0.497537893093571,0.41368402325404224
hallmark_50,OSD-99::Mmus_C57-6J_EDL_FLT_Rep3_M27,OSD-99,1,0.497537893093571,0.4028892706514975
hallmark_50,OSD-99::Mmus_C57-6J_EDL_FLT_Rep4_M28,OSD-99,1,0.497537893093571,0.3330409582891973
hallmark_50,OSD-99::Mmus_C57-6J_EDL_FLT_Rep5_M29,OSD-99,1,0.497537893093571,0.3048739911355639
hallmark_50,OSD-99::Mmus_C57-6J_EDL_FLT_Rep6_M30,OSD-99,1,0.497537893093571,0.15667895611400978
hallmark_50,OSD-99::Mmus_C57-6J_EDL_GC_Rep1_M31,OSD-99,0,0.497537893093571,0.12406993144022789
hallmark_50,OSD-99::Mmus_C57-6J_EDL_GC_Rep2_M32,OSD-99,0,0.497537893093571,0.24569658617937573
hallmark_50,OSD-99::Mmus_C57-6J_EDL_GC_Rep3_M37,OSD-99,0,0.497537893093571,0.12523445045668158
hallmark_50,OSD-99::Mmus_C57-6J_EDL_GC_Rep4_M38,OSD-99,0,0.497537893093571,0.18821415912975079
hallmark_50,OSD-99::Mmus_C57-6J_EDL_GC_Rep5_M39,OSD-99,0,0.497537893093571,0.07293840873039317
hallmark_50,OSD-99::Mmus_C57-6J_EDL_GC_Rep6_M40,OSD-99,0,0.497537893093571,0.2710351645572456
