canonical_gene,source_row,source_symbol
A1CF,9113,A1CF
A2M,13991,A2M
A3GALT2,15751,A3GALT2
A4GALT,6004,A4GALT
A4GNT,4772,A4GNT
AAAS,2009,AAAS
AACS,1542,AACS
AADAC,4324,AADAC
AADACL2,17626,AADACL2
AADACL3,16883,AADACL3
AADAT,3679,AADAT
AAGAB,2841,AAGAB
AAK1,4511,AAK1
AAMDC,1755,AAMDC
AAMP,5955,AAMP
AANAT,6169,AANAT
AAR2,6389,AAR2
AARD,20155,AARD
AARS2,5557,AARS2
AARSD1,51058,AARSD1
AASDH,10105,AASDH
AASDHPPT,9200,AASDHPPT
AASS,213,AASS
AATF,56009,AATF
AATK,15062,AATK
ABAT,15412,ABAT
ABCA1,11511,ABCA1
ABCA12,8568,ABCA12
ABCA13,14768,ABCA13
ABCA2,3410,ABCA2
ABCA3,12249,ABCA3
ABCA4,17860,ABCA4
ABCA5,9752,ABCA5
ABCA6,9750,ABCA6
ABCA7,894,ABCA7
ABCA8,8091,ABCA8
ABCA9,9749,ABCA9
ABCB10,7152,ABCB10
ABCB11,1237,ABCB11
ABCB4,99,ABCB4
ABCB5,63,ABCB5
ABCB6,4467,ABCB6
ABCB7,6430,ABCB7
ABCB8,17369,ABCB8
ABCB9,9349,ABCB9
ABCC1,2781,ABCC1
ABCC10,5550,ABCC10
ABCC12,8020,ABCC12
ABCC2,434,ABCC2
ABCC3,3600,ABCC3
ABCC4,5625,ABCC4
ABCC5,4323,ABCC5
ABCC6,1922,ABCC6
ABCC8,122,ABCC8
ABCC9,1074,ABCC9
ABCD1,2605,ABCD1
ABCD2,13475,ABCD2
ABCD3,4726,ABCD3
ABCD4,4942,ABCD4
ABCE1,11276,ABCE1
ABCF1,19991,ABCF1
ABCF2,498,ABCF2
ABCF3,10595,ABCF3
ABCG1,10435,ABCG1
ABCG4,13296,ABCG4
ABCG5,7603,ABCG5
ABCG8,8492,ABCG8
ABHD1,8503,ABHD1
ABHD10,8628,ABHD10
ABHD11,3255,ABHD11
ABHD12,2422,ABHD12
ABHD12B,6525,ABHD12B
ABHD13,7886,ABHD13
ABHD14A,38861,ABHD14A
ABHD14B,4325,ABHD14B
ABHD15,12444,ABHD15
ABHD16A,19931,ABHD16A
ABHD16B,15465,ABHD16B
ABHD17A,6193,ABHD17A
ABHD17B,3413,ABHD17B
ABHD17C,7273,ABHD17C
ABHD18,11234,ABHD18
ABHD2,7989,ABHD2
ABHD3,10197,ABHD3
ABHD4,2311,ABHD4
ABHD5,284,ABHD5
ABHD6,11105,ABHD6
ABHD8,5896,ABHD8
ABI1,7333,ABI1
ABI2,7674,ABI2
ABI3,3587,ABI3
ABI3BP,9739,ABI3BP
ABITRAM,4890,FAM206A
ABL1,2071,ABL1
ABL2,8365,ABL2
ABLIM1,2079,ABLIM1
ABLIM2,11203,ABLIM2
ABLIM3,13477,ABLIM3
ABO,13845,ABO
ABR,10398,ABR
ABRA,13703,ABRA
ABRACL,8842,ABRACL
ABRAXAS1,10978,ABRAXAS1
ABRAXAS2,11657,ABRAXAS2
ABT1,8806,ABT1
ABTB1,4303,ABTB1
ABTB2,11747,ABTB2
ACAA2,12076,ACAA2
ACACA,57816,ACACA
ACACB,1348,ACACB
ACAD11,36507,ACAD11
ACAD8,9419,ACAD8
ACAD9,14355,ACAD9
ACADL,4414,ACADL
ACADM,4663,ACADM
ACADS,5333,ACADS
ACADSB,17047,ACADSB
ACADVL,1203,ACADVL
ACAN,10141,ACAN
ACAP1,1206,ACAP1
ACAP2,4273,ACAP2
ACAP3,6472,ACAP3
ACAT1,1295,ACAT1
ACBD3,15357,ACBD3
ACBD4,15074,ACBD4
ACBD5,3468,ACBD5
ACBD6,30041,ACBD6
ACBD7,14058,ACBD7
ACCS,3783,ACCS
ACCSL,20186,ACCSL
ACD,2736,ACD
ACE,10377,ACE
ACE2,6234,ACE2
ACER1,12198,ACER1
ACER2,14232,ACER2
ACER3,1411,ACER3
ACHE,1718,ACHE
ACIN1,2388,ACIN1
ACKR1,22357,ACKR1
ACKR2,8598,ACKR2
ACKR3,8572,ACKR3
ACKR4,6099,ACKR4
ACLY,6458,ACLY
ACMSD,9622,ACMSD
ACO1,5305,ACO1
ACO2,2300,ACO2
ACOD1,2703,ACOD1
ACOT11,10723,ACOT11
ACOT12,13337,ACOT12
ACOT13,4043,ACOT13
ACOT4,14318,ACOT4
ACOT6,20317,ACOT6
ACOT7,2072,ACOT7
ACOT8,2543,ACOT8
ACOX1,10612,ACOX1
ACOX2,12339,ACOX2
ACOX3,1713,ACOX3
ACOXL,9623,ACOXL
ACP1,8454,ACP1
ACP2,6931,ACP2
ACP4,8242,ACP4
ACP5,2686,ACP5
ACP6,10847,ACP6
ACP7,15596,ACP7
ACR,2259,ACR
ACRBP,3917,ACRBP
ACRV1,6990,ACRV1
ACSBG1,2851,ACSBG1
ACSBG2,6260,ACSBG2
ACSF2,12031,ACSF2
ACSF3,14144,ACSF3
ACSL1,9454,ACSL1
ACSL3,5438,ACSL3
ACSL4,1039,ACSL4
ACSL5,17366,ACSL5
ACSL6,11348,ACSL6
ACSM1,11928,ACSM1
ACSM3,84,ACSM3
ACSM4,23215,ACSM4
ACSM5,15530,ACSM5
ACSS1,9828,ACSS1
ACSS2,6398,ACSS2
ACSS3,3844,ACSS3
ACTA1,8446,ACTA1
ACTA2,3449,ACTA2
ACTB,1316,ACTB
ACTBL2,12515,ACTBL2
ACTC1,10332,ACTC1
ACTG1,15657,ACTG1
ACTG2,10902,ACTG2
ACTL10,-1,
ACTL6A,7294,ACTL6A
ACTL6B,1366,ACTL6B
ACTL7A,16408,ACTL7A
ACTL7B,9055,ACTL7B
ACTL9,15122,ACTL9
ACTN1,1176,ACTN1
ACTN2,1390,ACTN2
ACTN3,39029,ACTN3
ACTN4,6265,ACTN4
ACTR10,6524,ACTR10
ACTR1A,7614,ACTR1A
ACTR1B,4358,ACTR1B
ACTR2,7600,ACTR2
ACTR3,4361,ACTR3
ACTR5,2530,ACTR5
ACTR6,1286,ACTR6
ACTR8,4233,ACTR8
ACTRT1,5355,ACTRT1
ACTRT2,12663,ACTRT2
ACTRT3,15746,ACTRT3
ACVR1,4374,ACVR1
ACVR1B,7101,ACVR1B
ACVR1C,5415,ACVR1C
ACVR2A,5222,ACVR2A
ACVR2B,4317,ACVR2B
ACVRL1,7844,ACVRL1
ACY1,38041,ACY1
ACY3,6653,ACY3
ACYP2,12883,ACYP2
ADA,17271,ADA
ADAD1,11257,ADAD1
ADAD2,8044,ADAD2
ADAM10,7557,ADAM10
ADAM11,1234,ADAM11
ADAM12,9149,ADAM12
ADAM15,8422,ADAM15
ADAM17,9448,ADAM17
ADAM18,12408,ADAM18
ADAM2,2956,ADAM2
ADAM21,7907,ADAM21
ADAM22,208,ADAM22
ADAM23,4345,ADAM23
ADAM28,592,ADAM28
ADAM29,12404,ADAM29
ADAM30,6866,ADAM30
ADAM32,17365,ADAM32
ADAM33,9210,ADAM33
ADAM7,1067,ADAM7
ADAM8,9439,ADAM8
ADAM9,12407,ADAM9
ADAMDEC1,6825,ADAMDEC1
ADAMTS1,9804,ADAMTS1
ADAMTS10,8224,ADAMTS10
ADAMTS12,9403,ADAMTS12
ADAMTS13,10480,ADAMTS13
ADAMTS14,7646,ADAMTS14
ADAMTS15,11763,ADAMTS15
ADAMTS16,8715,ADAMTS16
ADAMTS17,7974,ADAMTS17
ADAMTS18,8032,ADAMTS18
ADAMTS19,8751,ADAMTS19
ADAMTS2,1724,ADAMTS2
ADAMTS20,13466,ADAMTS20
ADAMTS3,9952,ADAMTS3
ADAMTS4,10280,ADAMTS4
ADAMTS5,9805,ADAMTS5
ADAMTS6,654,ADAMTS6
ADAMTS7,7272,ADAMTS7
ADAMTS8,6989,ADAMTS8
ADAMTS9,11091,ADAMTS9
ADAMTSL1,14430,ADAMTSL1
ADAMTSL2,17591,ADAMTSL2
ADAMTSL3,9960,ADAMTSL3
ADAMTSL4,8384,ADAMTSL4
ADAMTSL5,16090,ADAMTSL5
ADAP1,3224,ADAP1
ADAP2,15668,ADAP2
ADAR,10524,ADAR
ADARB1,17442,ADARB1
ADARB2,16082,ADARB2
ADAT1,928,ADAT1
ADAT2,16894,ADAT2
ADCK1,865,ADCK1
ADCK2,6770,ADCK2
ADCK5,13461,ADCK5
ADCY1,11435,ADCY1
ADCY10,8343,ADCY10
ADCY2,1418,ADCY2
ADCY3,7591,ADCY3
ADCY4,6144,ADCY4
ADCY5,13470,ADCY5
ADCY6,13671,ADCY6
ADCY7,5148,ADCY7
ADCY8,9920,ADCY8
ADCY9,10689,ADCY9
ADCYAP1,8108,ADCYAP1
ADCYAP1R1,1427,ADCYAP1R1
ADD1,1738,ADD1
ADD2,1302,ADD2
ADD3,9127,ADD3
ADGB,4815,ADGB
ADGRA1,17380,ADGRA1
ADGRA2,397,ADGRA2
ADGRA3,9608,ADGRA3
ADGRB1,15125,ADGRB1
ADGRB2,5193,ADGRB2
ADGRB3,7046,ADGRB3
ADGRD1,3900,ADGRD1
ADGRE1,13776,ADGRE1
ADGRE5,5352,ADGRE5
ADGRF1,9650,ADGRF1
ADGRF3,13552,ADGRF3
ADGRF4,9651,ADGRF4
ADGRF5,1065,ADGRF5
ADGRG1,20235,ADGRG1
ADGRG2,13580,ADGRG2
ADGRG3,15369,ADGRG3
ADGRG4,10040,ADGRG4
ADGRG5,10375,ADGRG5
ADGRG6,4063,ADGRG6
ADGRG7,8625,ADGRG7
ADGRL1,1174,ADGRL1
ADGRL2,4667,ADGRL2
ADGRL3,9306,ADGRL3
ADGRL4,10782,ADGRL4
ADGRV1,11293,ADGRV1
ADH4,17681,ADH4
ADH5,17607,ADH5
ADH6,13429,ADH6
ADH7,17101,ADH7
ADHFE1,8995,ADHFE1
ADI1,15292,ADI1
ADIG,15172,ADIG
ADIPOQ,15012,ADIPOQ
ADIPOR1,10345,ADIPOR1
ADIPOR2,160,ADIPOR2
ADK,9948,ADK
ADM,9152,ADM
ADM2,5988,ADM2
ADNP,2442,ADNP
ADNP2,2548,ADNP2
ADO,15147,ADO
ADORA1,11025,ADORA1
ADORA2A,6002,ADORA2A
ADORA2B,12826,ADORA2B
ADORA3,60336,ADORA3
ADPGK,10341,ADPGK
ADPRH,8632,ADPRH
ADPRM,12773,ADPRM
ADPRS,4634,ADPRHL2
ADRA1A,5114,ADRA1A
ADRA1B,12772,ADRA1B
ADRA1D,13182,ADRA1D
ADRA2A,9315,ADRA2A
ADRA2B,55103,ADRA2B
ADRA2C,15688,ADRA2C
ADRB1,599,ADRB1
ADRB2,12567,ADRB2
ADRB3,16833,ADRB3
ADSL,36336,ADSL
ADTRP,3972,ADTRP
AEBP1,3339,AEBP1
AEBP2,7776,AEBP2
AEN,14999,AEN
AFAP1,17173,AFAP1
AFAP1L1,10114,AFAP1L1
AFAP1L2,12529,AFAP1L2
AFDN,6264,AFDN
AFF1,13336,AFF1
AFF2,9929,AFF2
AFF3,8537,AFF3
AFF4,1189,AFF4
AFG1L,7108,AFG1L
AFG3L2,8099,AFG3L2
AFM,1470,AFM
AFMID,15421,AFMID
AFP,1521,AFP
AFTPH,4968,AFTPH
AGA,544,AGA
AGAP1,10166,AGAP1
AGAP2,7083,AGAP2
AGAP3,6772,AGAP3
AGBL1,54614,AGBL1
AGBL2,11723,AGBL2
AGBL3,8895,AGBL3
AGBL4,16182,AGBL4
AGBL5,1636,AGBL5
AGER,19880,AGER
AGFG1,13590,AGFG1
AGFG2,3296,AGFG2
AGGF1,11304,AGGF1
AGK,138,AGK
AGL,10804,AGL
AGMAT,4619,AGMAT
AGMO,16506,AGMO
AGO1,1983,AGO1
AGO2,5433,AGO2
AGO3,5789,AGO3
AGO4,6947,AGO4
AGPAT1,19882,AGPAT1
AGPAT2,12657,AGPAT2
AGPAT3,10456,AGPAT3
AGPAT4,458,AGPAT4
AGPAT5,9853,AGPAT5
AGPS,380,AGPS
AGR2,3324,AGR2
AGR3,13535,AGR3
AGRN,16673,AGRN
AGRP,10389,AGRP
AGT,7144,AGT
AGTPBP1,7006,AGTPBP1
AGTR2,14939,AGTR2
AGTRAP,14360,AGTRAP
AGXT,13333,AGXT
AGXT2,4187,AGXT2
AHCTF1,9637,AHCTF1
AHCYL1,12426,AHCYL1
AHCYL2,10223,AHCYL2
AHDC1,5842,AHDC1
AHI1,7110,AHI1
AHNAK,5606,AHNAK
AHR,3325,AHR
AHRR,860,AHRR
AHSA1,2347,AHSA1
AHSG,8666,AHSG
AICDA,3947,AICDA
AIDA,16171,AIDA
AIF1,19951,AIF1
AIF1L,5870,AIF1L
AIFM1,10021,AIFM1
AIFM2,582,AIFM2
AIFM3,15601,AIFM3
AIG1,8848,AIG1
AIM2,11058,AIM2
AIMP1,11209,AIMP1
AIMP2,3285,AIMP2
AIP,3801,AIP
AIPL1,6121,AIPL1
AIRE,10461,AIRE
AJAP1,17193,AJAP1
AJM1,31638,AJM1
AJUBA,6147,AJUBA
AK1,3378,AK1
AK2,49,AK2
AK3,9027,AK3
AK5,9716,AK5
AK7,7919,AK7
AK8,11670,AK8
AK9,9842,AK9
AKAIN1,31221,AKAIN1
AKAP1,5130,AKAP1
AKAP10,3560,AKAP10
AKAP11,429,AKAP11
AKAP12,6383,AKAP12
AKAP13,12901,AKAP13
AKAP3,3868,AKAP3
AKAP4,8919,AKAP4
AKAP6,9390,AKAP6
AKAP7,4819,AKAP7
AKAP8,3034,AKAP8
AKAP8L,286,AKAP8L
AKAP9,5961,AKAP9
AKIP1,11868,AKIP1
AKIRIN1,13733,AKIRIN1
AKIRIN2,7056,AKIRIN2
AKNA,3374,AKNA
AKR1A1,4710,AKR1A1
AKR1D1,5314,AKR1D1
AKR1E2,11635,AKR1E2
AKR7L,21588,AKR7L
AKT1,8215,AKT1
AKT1S1,20040,AKT1S1
AKT2,3055,AKT2
AKT3,4661,AKT3
AKTIP,12002,AKTIP
ALAD,9063,ALAD
ALAS1,427,ALAS1
ALAS2,10246,ALAS2
ALB,11084,ALB
ALCAM,12735,ALCAM
ALDH16A1,10621,ALDH16A1
ALDH18A1,799,ALDH18A1
ALDH1A2,6086,ALDH1A2
ALDH1A3,15712,ALDH1A3
ALDH1B1,7418,ALDH1B1
ALDH1L1,8642,ALDH1L1
ALDH1L2,7201,ALDH1L2
ALDH2,3874,ALDH2
ALDH3A1,3561,ALDH3A1
ALDH3A2,1185,ALDH3A2
ALDH3B1,139,ALDH3B1
ALDH4A1,10357,ALDH4A1
ALDH5A1,4039,ALDH5A1
ALDH6A1,4949,ALDH6A1
ALDH7A1,11479,ALDH7A1
ALDH8A1,4822,ALDH8A1
ALDOB,7363,ALDOB
ALDOC,3635,ALDOC
ALG11,42584,ALG11
ALG12,15363,ALG12
ALG13,2589,ALG13
ALG14,13289,ALG14
ALG2,4914,ALG2
ALG3,22904,ALG3
ALG5,5085,ALG5
ALG6,1759,ALG6
ALG8,10296,ALG8
ALG9,1710,ALG9
ALK,12981,ALK
ALKAL1,17235,ALKAL1
ALKAL2,16964,ALKAL2
ALKBH1,2353,ALKBH1
ALKBH2,16903,ALKBH2
ALKBH3,11796,ALKBH3
ALKBH4,10571,ALKBH4
ALKBH5,1933,ALKBH5
ALKBH6,36119,ALKBH6
ALKBH7,5686,ALKBH7
ALKBH8,7529,ALKBH8
ALLC,9397,ALLC
ALOX12,3598,ALOX12
ALOX12B,14709,ALOX12B
ALOX15,10652,ALOX15
ALOX15B,14724,ALOX15B
ALOX5,319,ALOX5
ALOX5AP,6693,ALOX5AP
ALOXE3,14647,ALOXE3
ALPK1,1224,ALPK1
ALPK2,17913,ALPK2
ALPK3,7275,ALPK3
ALPL,10763,ALPL
ALS2,37,ALS2
ALS2CL,14433,ALS2CL
ALX1,14860,ALX1
ALX3,9953,ALX3
ALX4,704,ALX4
AMACR,37256,AMACR
AMBN,14518,AMBN
AMBP,3373,AMBP
AMBRA1,3786,AMBRA1
AMDHD1,7816,AMDHD1
AMDHD2,10682,AMDHD2
AMELX,5637,AMELX
AMER1,15815,AMER1
AMER2,11634,AMER2
AMER3,14457,AMER3
AMFR,10363,AMFR
AMH,2997,AMH
AMHR2,7075,AMHR2
AMIGO1,15114,AMIGO1
AMIGO2,7794,AMIGO2
AMIGO3,14006,AMIGO3
AMMECR1,2593,AMMECR1
AMMECR1L,8544,AMMECR1L
AMN,11767,AMN
AMN1,9456,AMN1
AMOT,5786,AMOT
AMOTL1,11749,AMOTL1
AMOTL2,4245,AMOTL2
AMPD1,4614,AMPD1
AMPD2,4564,AMPD2
AMPD3,6797,AMPD3
AMPH,1405,AMPH
AMT,8651,AMT
AMTN,16545,AMTN
AMZ1,13802,AMZ1
AMZ2,17233,AMZ2
ANAPC1,9625,ANAPC1
ANAPC10,11275,ANAPC10
ANAPC11,8138,ANAPC11
ANAPC13,6100,ANAPC13
ANAPC15,3756,ANAPC15
ANAPC16,11821,ANAPC16
ANAPC2,14060,ANAPC2
ANAPC4,716,ANAPC4
ANAPC5,1811,ANAPC5
ANAPC7,17170,ANAPC7
ANGEL1,336,ANGEL1
ANGEL2,13739,ANGEL2
ANGPT1,9740,ANGPT1
ANGPT2,1945,ANGPT2
ANGPT4,2487,ANGPT4
ANGPTL1,4545,ANGPTL1
ANGPTL2,7356,ANGPTL2
ANGPTL3,6676,ANGPTL3
ANGPTL4,12201,ANGPTL4
ANGPTL6,6351,ANGPTL6
ANGPTL7,13163,ANGPTL7
ANGPTL8,6219,ANGPTL8
ANK1,477,ANK1
ANK2,8693,ANK2
ANKAR,9443,ANKAR
ANKDD1A,11956,ANKDD1A
ANKDD1B,16902,ANKDD1B
ANKEF1,6627,ANKEF1
ANKFN1,9702,ANKFN1
ANKFY1,16079,ANKFY1
ANKH,9727,ANKH
ANKHD1,6465,ANKHD1
ANKIB1,16,ANKIB1
ANKK1,12771,ANKK1
ANKLE1,10429,ANKLE1
ANKLE2,14195,ANKLE2
ANKMY1,8576,ANKMY1
ANKMY2,3318,ANKMY2
ANKRA2,11334,ANKRA2
ANKRD1,9123,ANKRD1
ANKRD10,1776,ANKRD10
ANKRD11,12113,ANKRD11
ANKRD12,2565,ANKRD12
ANKRD13A,1346,ANKRD13A
ANKRD13B,17872,ANKRD13B
ANKRD13C,4811,ANKRD13C
ANKRD13D,13421,ANKRD13D
ANKRD16,6911,ANKRD16
ANKRD17,6596,ANKRD17
ANKRD2,11712,ANKRD2
ANKRD22,9582,ANKRD22
ANKRD23,10930,ANKRD23
ANKRD24,1855,ANKRD24
ANKRD27,3046,ANKRD27
ANKRD28,20478,ANKRD28
ANKRD29,9719,ANKRD29
ANKRD31,8731,ANKRD31
ANKRD33,12141,ANKRD33
ANKRD33B,11299,ANKRD33B
ANKRD34A,53737,ANKRD34A
ANKRD34B,16923,ANKRD34B
ANKRD34C,33913,ANKRD34C
ANKRD35,17791,ANKRD35
ANKRD37,16255,ANKRD37
ANKRD39,22496,ANKRD39
ANKRD40,9829,ANKRD40
ANKRD40CL,12036,ANKRD40CL
ANKRD42,7482,ANKRD42
ANKRD44,926,ANKRD44
ANKRD45,15621,ANKRD45
ANKRD46,16186,ANKRD46
ANKRD49,12463,ANKRD49
ANKRD52,7862,ANKRD52
ANKRD54,2197,ANKRD54
ANKRD55,11378,ANKRD55
ANKRD6,7047,ANKRD6
ANKRD60,5493,ANKRD60
ANKRD61,10168,ANKRD61
ANKRD63,30506,ANKRD63
ANKRD65,33498,ANKRD65
ANKRD66,29992,ANKRD66
ANKRD9,9980,ANKRD9
ANKS1A,907,ANKS1A
ANKS1B,15910,ANKS1B
ANKS3,12290,ANKS3
ANKS4B,13877,ANKS4B
ANKS6,11538,ANKS6
ANKUB1,20448,ANKUB1
ANKZF1,11037,ANKZF1
ANLN,297,ANLN
ANO1,6474,ANO1
ANO10,10529,ANO10
ANO2,625,ANO2
ANO3,6893,ANO3
ANO4,9426,ANO4
ANO5,13134,ANO5
ANO6,14242,ANO6
ANO7,8815,ANO7
ANO8,1279,ANO8
ANO9,15926,ANO9
ANP32B,7386,ANP32B
ANP32E,8390,ANP32E
ANPEP,11952,ANPEP
ANTKMT,2789,FAM173A
ANTXR1,12636,ANTXR1
ANTXR2,10974,ANTXR2
ANXA1,7003,ANXA1
ANXA10,3674,ANXA10
ANXA11,5254,ANXA11
ANXA13,2936,ANXA13
ANXA2,15333,ANXA2
ANXA3,7739,ANXA3
ANXA4,17311,ANXA4
ANXA5,11255,ANXA5
ANXA6,17329,ANXA6
ANXA7,7640,ANXA7
ANXA9,8392,ANXA9
AOAH,7252,AOAH
AOC2,6461,AOC2
AOC3,6457,AOC3
AOPEP,9049,C9orf3
AOX1,7651,AOX1
AP1AR,7707,AP1AR
AP1B1,2242,AP1B1
AP1G1,11929,AP1G1
AP1G2,22829,AP1G2
AP1M1,1214,AP1M1
AP1M2,6135,AP1M2
AP1S1,3299,AP1S1
AP1S2,15233,AP1S2
AP1S3,9488,AP1S3
AP2A1,17306,AP2A1
AP2A2,15404,AP2A2
AP2B1,125,AP2B1
AP2M1,10594,AP2M1
AP2S1,588,AP2S1
AP3B1,6672,AP3B1
AP3B2,2850,AP3B2
AP3D1,908,AP3D1
AP3M1,15895,AP3M1
AP3M2,1123,AP3M2
AP3S1,14404,AP3S1
AP3S2,10146,AP3S2
AP4B1,6873,AP4B1
AP4E1,1517,AP4E1
AP4M1,24709,AP4M1
AP4S1,2321,AP4S1
AP5B1,43222,AP5B1
AP5M1,715,AP5M1
AP5S1,5733,AP5S1
AP5Z1,37549,AP5Z1
APAF1,5107,APAF1
APBA1,3406,APBA1
APBA2,507,APBA2
APBA3,282,APBA3
APBB1,11823,APBB1
APBB1IP,1384,APBB1IP
APBB2,11109,APBB2
APBB3,4140,APBB3
APC,6995,APC
APC2,4392,APC2
APCDD1,9819,APCDD1
APCS,6648,APCS
APEH,11229,APEH
APEX1,2391,APEX1
APEX2,12541,APEX2
APH1A,4698,APH1A
API5,11790,API5
APIP,9166,APIP
APLF,12642,APLF
APLN,13049,APLN
APLNR,6968,APLNR
APLP1,3072,APLP1
APLP2,1626,APLP2
APMAP,2544,APMAP
APOA1,4778,APOA1
APOA2,10285,APOA2
APOA4,3761,APOA4
APOA5,3760,APOA5
APOB,1634,APOB
APOBEC1,3935,APOBEC1
APOBEC2,5569,APOBEC2
APOBEC4,13568,APOBEC4
APOC1,6229,APOC1
APOC2,33362,APOC2
APOC4,51472,APOC4
APOD,16909,APOD
APOE,6227,APOE
APOF,13886,APOF
APOH,1934,APOH
APOLD1,14580,APOLD1
APOM,19940,APOM
APOO,15846,APOO
APOOL,9834,APOOL
APP,8212,APP
APPBP2,847,APPBP2
APPL1,10112,APPL1
APPL2,7207,APPL2
APRT,17994,APRT
APTX,7405,APTX
AQP1,36628,AQP1
AQP11,14484,AQP11
AQP2,12134,AQP2
AQP3,11571,AQP3
AQP4,13184,AQP4
AQP5,10640,AQP5
AQP6,1686,AQP6
AQP8,2811,AQP8
AQP9,2840,AQP9
AQR,411,AQR
AR,12518,AR
ARAF,1406,ARAF
ARAP1,16323,ARAP1
ARAP2,619,ARAP2
ARAP3,5037,ARAP3
ARC,17822,ARC
ARCN1,2018,ARCN1
AREG,3658,AREG
AREL1,4938,AREL1
ARF1,8461,ARF1
ARF3,6878,ARF3
ARF4,12350,ARF4
ARF5,45,ARF5
ARF6,11628,ARF6
ARFGAP1,2467,ARFGAP1
ARFGAP2,9178,ARFGAP2
ARFGAP3,37316,ARFGAP3
ARFGEF1,985,ARFGEF1
ARFGEF2,5477,ARFGEF2
ARFGEF3,4060,ARFGEF3
ARFIP1,11272,ARFIP1
ARFIP2,6555,ARFIP2
ARFRP1,2479,ARFRP1
ARG1,4825,ARG1
ARG2,1529,ARG2
ARGLU1,6981,ARGLU1
ARHGAP1,13861,ARHGAP1
ARHGAP10,1149,ARHGAP10
ARHGAP11A,17929,ARHGAP11A
ARHGAP12,11581,ARHGAP12
ARHGAP15,1326,ARHGAP15
ARHGAP17,8018,ARHGAP17
ARHGAP18,8838,ARHGAP18
ARHGAP19,22521,ARHGAP19
ARHGAP20,7523,ARHGAP20
ARHGAP21,3462,ARHGAP21
ARHGAP22,6074,ARHGAP22
ARHGAP23,56087,ARHGAP23
ARHGAP24,7699,ARHGAP24
ARHGAP25,10955,ARHGAP25
ARHGAP26,8753,ARHGAP26
ARHGAP27,10340,ARHGAP27
ARHGAP28,1783,ARHGAP28
ARHGAP29,7578,ARHGAP29
ARHGAP30,16300,ARHGAP30
ARHGAP31,488,ARHGAP31
ARHGAP32,6987,ARHGAP32
ARHGAP33,58,ARHGAP33
ARHGAP35,10413,ARHGAP35
ARHGAP36,8955,ARHGAP36
ARHGAP39,9023,ARHGAP39
ARHGAP4,1854,ARHGAP4
ARHGAP40,5461,ARHGAP40
ARHGAP42,11714,ARHGAP42
ARHGAP44,154,ARHGAP44
ARHGAP45,14888,ARHGAP45
ARHGAP5,2394,ARHGAP5
ARHGAP6,629,ARHGAP6
ARHGAP8,36997,ARHGAP8
ARHGAP9,5369,ARHGAP9
ARHGDIA,8130,ARHGDIA
ARHGDIB,3888,ARHGDIB
ARHGDIG,37287,ARHGDIG
ARHGEF1,1360,ARHGEF1
ARHGEF10,2953,ARHGEF10
ARHGEF10L,1281,ARHGEF10L
ARHGEF11,6645,ARHGEF11
ARHGEF12,17290,ARHGEF12
ARHGEF15,17943,ARHGEF15
ARHGEF16,6338,ARHGEF16
ARHGEF17,3759,ARHGEF17
ARHGEF18,2986,ARHGEF18
ARHGEF19,8265,ARHGEF19
ARHGEF2,4583,ARHGEF2
ARHGEF25,36702,ARHGEF25
ARHGEF26,4328,ARHGEF26
ARHGEF28,23191,ARHGEF28
ARHGEF3,11192,ARHGEF3
ARHGEF33,23093,ARHGEF33
ARHGEF37,15427,ARHGEF37
ARHGEF38,34589,ARHGEF38
ARHGEF39,7420,ARHGEF39
ARHGEF40,11691,ARHGEF40
ARHGEF5,675,ARHGEF5
ARHGEF6,6170,ARHGEF6
ARHGEF7,2689,ARHGEF7
ARHGEF9,6400,ARHGEF9
ARID1A,4754,ARID1A
ARID1B,665,ARID1B
ARID2,16915,ARID2
ARID3A,4518,ARID3A
ARID3B,14683,ARID3B
ARID3C,20190,ARID3C
ARID4A,492,ARID4A
ARID4B,723,ARID4B
ARID5A,17272,ARID5A
ARID5B,9296,ARID5B
ARIH1,11805,ARIH1
ARIH2,14322,ARIH2
ARL1,5101,ARL1
ARL10,13898,ARL10
ARL11,9509,ARL11
ARL13B,12591,ARL13B
ARL14,14738,ARL14
ARL14EP,9512,ARL14EP
ARL14EPL,51874,ARL14EPL
ARL15,15982,ARL15
ARL16,22878,ARL16
ARL2,22566,ARL2
ARL2BP,2729,ARL2BP
ARL3,7630,ARL3
ARL4A,5291,ARL4A
ARL4C,16648,ARL4C
ARL4D,13992,ARL4D
ARL5A,10887,ARL5A
ARL5B,11740,ARL5B
ARL5C,8170,ARL5C
ARL6,4242,ARL6
ARL6IP1,12858,ARL6IP1
ARL6IP4,15213,ARL6IP4
ARL6IP5,8615,ARL6IP5
ARL6IP6,14409,ARL6IP6
ARL8A,8483,ARL8A
ARL8B,6839,ARL8B
ARMC1,2924,ARMC1
ARMC10,12881,ARMC10
ARMC12,10095,ARMC12
ARMC2,4838,ARMC2
ARMC3,11579,ARMC3
ARMC5,8012,ARMC5
ARMC6,3165,ARMC6
ARMC7,5651,ARMC7
ARMC8,4252,ARMC8
ARMC9,7184,ARMC9
ARMCX1,5878,ARMCX1
ARMCX2,15855,ARMCX2
ARMCX3,2672,ARMCX3
ARMCX4,17147,ARMCX4
ARMCX5,5767,ARMCX5
ARMCX6,18009,ARMCX6
ARMH1,17801,ARMH1
ARMH2,47126,ARMH2
ARMH3,4997,ARMH3
ARMH4,7903,ARMH4
ARMT1,8856,ARMT1
ARNT,8399,ARNT
ARNT2,13306,ARNT2
ARPC1A,37081,ARPC1A
ARPC2,11018,ARPC2
ARPC3,3860,ARPC3
ARPC4,37024,ARPC4
ARPC5,10810,ARPC5
ARPC5L,7392,ARPC5L
ARPIN,37420,ARPIN
ARPP19,6093,ARPP19
ARPP21,13440,ARPP21
ARR3,5058,ARR3
ARRB1,7479,ARRB1
ARRB2,8120,ARRB2
ARRDC1,17341,ARRDC1
ARRDC2,3152,ARRDC2
ARRDC3,4175,ARRDC3
ARRDC4,7967,ARRDC4
ARRDC5,20345,ARRDC5
ARSA,2253,ARSA
ARSB,4160,ARSB
ARSG,8090,ARSG
ARSI,15632,ARSI
ARSJ,14945,ARSJ
ARSK,11314,ARSK
ART1,6175,ART1
ART3,9961,ART3
ART4,3885,ART4
ART5,12075,ART5
ARTN,4704,ARTN
ARV1,13522,ARV1
ARVCF,2130,ARVCF
ARX,64,ARX
AS3MT,23019,AS3MT
ASAH1,2959,ASAH1
ASAP1,9654,ASAP1
ASAP2,9447,ASAP2
ASAP3,1766,ASAP3
ASB1,945,ASB1
ASB10,8904,ASB10
ASB11,11553,ASB11
ASB12,17964,ASB12
ASB13,17117,ASB13
ASB14,36121,ASB14
ASB15,8887,ASB15
ASB16,10632,ASB16
ASB17,9713,ASB17
ASB18,15206,ASB18
ASB2,2361,ASB2
ASB3,4386,ASB3
ASB4,113,ASB4
ASB5,11263,ASB5
ASB6,9076,ASB6
ASB7,15514,ASB7
ASB8,14419,ASB8
ASB9,2618,ASB9
ASCC1,7642,ASCC1
ASCC2,2266,ASCC2
ASCC3,4032,ASCC3
ASCL1,7819,ASCL1
ASCL2,15589,ASCL2
ASCL3,14003,ASCL3
ASCL4,16594,ASCL4
ASCL5,31511,ASCL5
ASF1A,3973,ASF1A
ASF1B,3025,ASF1B
ASGR1,8126,ASGR1
ASGR2,10661,ASGR2
ASH1L,4578,ASH1L
ASH2L,6173,ASH2L
ASIC1,3822,ASIC1
ASIC2,3572,ASIC2
ASIC3,22421,ASIC3
ASIC4,1182,ASIC4
ASIC5,44575,ASIC5
ASIP,2528,ASIP
ASL,5829,ASL
ASNS,1122,ASNS
ASNSD1,7658,ASNSD1
ASPA,3517,ASPA
ASPDH,20028,ASPDH
ASPG,11791,ASPG
ASPH,17756,ASPH
ASPHD1,13798,ASPHD1
ASPHD2,5991,ASPHD2
ASPM,966,ASPM
ASPN,3367,ASPN
ASPRV1,38318,ASPRV1
ASPSCR1,12658,ASPSCR1
ASRGL1,10695,ASRGL1
ASS1,6319,ASS1
ASTE1,511,ASTE1
ASTL,16866,ASTL
ASTN1,9494,ASTN1
ASTN2,9064,ASTN2
ASXL1,13069,ASXL1
ASXL2,8500,ASXL2
ASXL3,8107,ASXL3
ASZ1,9770,ASZ1
ATAD1,7623,ATAD1
ATAD2,10028,ATAD2
ATAD2B,4962,ATAD2B
ATAD3A,17571,ATAD3A
ATAD5,14047,ATAD5
ATAT1,7460,ATAT1
ATCAY,12160,ATCAY
ATE1,3436,ATE1
ATF1,5366,ATF1
ATF2,4509,ATF2
ATF3,10835,ATF3
ATF4,6003,ATF4
ATF5,12531,ATF5
ATF6,4787,ATF6
ATF6B,22672,ATF6B
ATF7,12886,ATF7
ATF7IP,13129,ATF7IP
ATG10,9528,ATG10
ATG101,5381,ATG101
ATG12,8749,ATG12
ATG13,13863,ATG13
ATG14,5853,ATG14
ATG16L1,1677,ATG16L1
ATG16L2,12266,ATG16L2
ATG2A,3733,ATG2A
ATG2B,984,ATG2B
ATG3,8634,ATG3
ATG4B,12357,ATG4B
ATG4C,5694,ATG4C
ATG4D,6331,ATG4D
ATG5,775,ATG5
ATG7,17490,ATG7
ATG9A,17991,ATG9A
ATG9B,15098,ATG9B
ATIC,7652,ATIC
ATL1,17798,ATL1
ATL2,4964,ATL2
ATL3,15831,ATL3
ATM,9199,ATM
ATMIN,11869,ATMIN
ATN1,3929,ATN1
ATOH1,13262,ATOH1
ATOH7,14751,ATOH7
ATOH8,12461,ATOH8
ATOX1,14336,ATOX1
ATP10A,20445,ATP10A
ATP10B,4801,ATP10B
ATP10D,8676,ATP10D
ATP11A,1046,ATP11A
ATP11B,780,ATP11B
ATP11C,2602,ATP11C
ATP12A,1319,ATP12A
ATP13A1,3183,ATP13A1
ATP13A2,10348,ATP13A2
ATP13A3,6780,ATP13A3
ATP13A4,5898,ATP13A4
ATP13A5,16498,ATP13A5
ATP1A1,11002,ATP1A1
ATP1A2,383,ATP1A2
ATP1A3,3103,ATP1A3
ATP1A4,6641,ATP1A4
ATP1B1,8324,ATP1B1
ATP1B2,6124,ATP1B2
ATP1B3,1085,ATP1B3
ATP1B4,2587,ATP1B4
ATP23,11975,ATP23
ATP2A1,17089,ATP2A1
ATP2A2,13704,ATP2A2
ATP2A3,1261,ATP2A3
ATP2B1,1140,ATP2B1
ATP2B2,10063,ATP2B2
ATP2B3,1023,ATP2B3
ATP2B4,789,ATP2B4
ATP2C1,372,ATP2C1
ATP2C2,878,ATP2C2
ATP4A,3164,ATP4A
ATP4B,16160,ATP4B
ATP5PB,4570,ATP5PB
ATP6AP1,1157,ATP6AP1
ATP6AP2,15218,ATP6AP2
ATP6V0A1,504,ATP6V0A1
ATP6V0A2,15991,ATP6V0A2
ATP6V0A4,3219,ATP6V0A4
ATP6V0B,4706,ATP6V0B
ATP6V0C,16120,ATP6V0C
ATP6V0D1,10388,ATP6V0D1
ATP6V0D2,9004,ATP6V0D2
ATP6V0E1,4221,ATP6V0E1
ATP6V1A,4302,ATP6V1A
ATP6V1B1,4523,ATP6V1B1
ATP6V1B2,8969,ATP6V1B2
ATP6V1C1,9847,ATP6V1C1
ATP6V1C2,8488,ATP6V1C2
ATP6V1D,2335,ATP6V1D
ATP6V1E1,6405,ATP6V1E1
ATP6V1E2,40220,ATP6V1E2
ATP6V1F,6032,ATP6V1F
ATP6V1G1,7370,ATP6V1G1
ATP6V1G2,22719,ATP6V1G2
ATP6V1G3,9406,ATP6V1G3
ATP6V1H,616,ATP6V1H
ATP7A,11564,ATP7A
ATP7B,5359,ATP7B
ATP8A1,5521,ATP8A1
ATP8A2,6685,ATP8A2
ATP8B1,1551,ATP8B1
ATP8B2,8419,ATP8B2
ATP8B3,6238,ATP8B3
ATP8B4,2866,ATP8B4
ATP9A,733,ATP9A
ATP9B,11843,ATP9B
ATPAF1,5392,ATPAF1
ATPAF2,13197,ATPAF2
ATPSCKMT,9333,FAM173B
ATR,13822,ATR
ATRAID,7609,ATRAID
ATRIP,11225,ATRIP
ATRN,1787,ATRN
ATRNL1,3421,ATRNL1
ATRX,1647,ATRX
ATXN1,5588,ATXN1
ATXN10,6303,ATXN10
ATXN1L,26142,ATXN1L
ATXN2,20092,ATXN2
ATXN2L,12378,ATXN2L
ATXN7,11088,ATXN7
ATXN7L1,8885,ATXN7L1
ATXN7L2,10796,ATXN7L2
ATXN7L3,1726,ATXN7L3
ATXN7L3B,42592,ATXN7L3B
AUH,9047,AUH
AUNIP,5918,AUNIP
AUP1,4405,AUP1
AURKA,1752,AURKA
AURKAIP1,13961,AURKAIP1
AURKB,14607,AURKB
AUTS2,10209,AUTS2
AVEN,12693,AVEN
AVIL,7074,AVIL
AVL9,3191,AVL9
AVP,2468,AVP
AVPI1,4995,AVPI1
AVPR1A,11777,AVPR1A
AVPR1B,17662,AVPR1B
AVPR2,5874,AVPR2
AWAT1,19843,AWAT1
AWAT2,8938,AWAT2
AXDND1,10838,AXDND1
AXIN1,2763,AXIN1
AXIN2,12413,AXIN2
AXL,12138,AXL
AZGP1,10548,AZGP1
AZI2,11034,AZI2
AZIN1,9846,AZIN1
AZIN2,8296,AZIN2
B2M,11923,B2M
B3GALNT1,12569,B3GALNT1
B3GALNT2,10859,B3GALNT2
B3GALT1,13283,B3GALT1
B3GALT2,10788,B3GALT2
B3GALT4,34013,B3GALT4
B3GALT5,15603,B3GALT5
B3GALT6,14007,B3GALT6
B3GALT9,23079,B3GNT10
B3GAT1,3724,B3GAT1
B3GAT2,4047,B3GAT2
B3GAT3,9228,B3GAT3
B3GLCT,16540,B3GLCT
B3GNT2,12803,B3GNT2
B3GNT3,14776,B3GNT3
B3GNT4,14084,B3GNT4
B3GNT5,14125,B3GNT5
B3GNT6,17792,B3GNT6
B3GNT7,10046,B3GNT7
B3GNT8,14258,B3GNT8
B3GNT9,34912,B3GNT9
B3GNTL1,13952,B3GNTL1
B4GALNT1,7090,B4GALNT1
B4GALNT2,12019,B4GALNT2
B4GALNT3,7763,B4GALNT3
B4GALNT4,15232,B4GALNT4
B4GALT1,1683,B4GALT1
B4GALT2,4707,B4GALT2
B4GALT3,10278,B4GALT3
B4GALT4,5177,B4GALT4
B4GALT5,10224,B4GALT5
B4GALT6,4796,B4GALT6
B4GALT7,465,B4GALT7
B4GAT1,13751,B4GAT1
B9D1,3565,B9D1
B9D2,5425,B9D2
BAALC,11484,BAALC
BAAT,7368,BAAT
BABAM1,3097,BABAM1
BABAM2,10172,BABAM2
BACE1,16247,BACE1
BACE2,15222,BACE2
BACH1,9971,BACH1
BACH2,4015,BACH2
BAD,21,BAD
BAG1,3403,BAG1
BAG2,4020,BAG2
BAG3,9480,BAG3
BAG4,10023,BAG4
BAG5,11787,BAG5
BAG6,19947,BAG6
BAHCC1,50467,BAHCC1
BAHD1,7946,BAHD1
BAIAP2,13982,BAIAP2
BAIAP2L1,135,BAIAP2L1
BAIAP2L2,6010,BAIAP2L2
BAIAP3,186,BAIAP3
BAK1,483,BAK1
BAMBI,2040,BAMBI
BANF1,13885,BANF1
BANF2,5753,BANF2
BANK1,9619,BANK1
BANP,13341,BANP
BAP1,11183,BAP1
BARD1,7654,BARD1
BARHL1,5661,BARHL1
BARHL2,8307,BARHL2
BARX1,6480,BARX1
BARX2,593,BARX2
BASP1,14165,BASP1
BATF,9950,BATF
BATF2,12278,BATF2
BATF3,5419,BATF3
BAX,1721,BAX
BAZ1A,17831,BAZ1A
BAZ1B,243,BAZ1B
BAZ2A,1336,BAZ2A
BAZ2B,5416,BAZ2B
BBC3,3077,BBC3
BBIP1,23008,BBIP1
BBLN,13003,C9orf16
BBOF1,4928,BBOF1
BBOX1,6107,BBOX1
BBS1,13716,BBS1
BBS10,14788,BBS10
BBS12,14991,BBS12
BBS2,5613,BBS2
BBS4,7971,BBS4
BBS5,10921,BBS5
BBS7,7717,BBS7
BBS9,5272,BBS9
BBX,4287,BBX
BCAM,16468,BCAM
BCAN,6643,BCAN
BCAP29,1323,BCAP29
BCAP31,16104,BCAP31
BCAR1,686,BCAR1
BCAR3,7569,BCAR3
BCAS1,899,BCAS1
BCAS2,4616,BCAS2
BCAS3,8095,BCAS3
BCAT1,824,BCAT1
BCAT2,3133,BCAT2
BCCIP,3473,BCCIP
BCDIN3D,16332,BCDIN3D
BCHE,4262,BCHE
BCKDHA,38619,BCKDHA
BCKDHB,1587,BCKDHB
BCKDK,2829,BCKDK
BCL10,8291,BCL10
BCL11A,4971,BCL11A
BCL11B,5893,BCL11B
BCL2,13151,BCL2
BCL2L1,13101,BCL2L1
BCL2L11,9624,BCL2L11
BCL2L12,5820,BCL2L12
BCL2L13,2146,BCL2L13
BCL2L14,5160,BCL2L14
BCL2L15,16827,BCL2L15
BCL2L2,6146,BCL2L2
BCL3,1072,BCL3
BCL6,4239,BCL6
BCL6B,10660,BCL6B
BCL7A,3837,BCL7A
BCL7B,3343,BCL7B
BCL7C,2100,BCL7C
BCL9,4532,BCL9
BCL9L,16208,BCL9L
BCLAF1,475,BCLAF1
BCLAF3,13578,BCLAF3
BCO1,7135,BCO1
BCO2,17505,BCO2
BCOR,15487,BCOR
BCORL1,1646,BCORL1
BCR,16342,BCR
BCS1L,1265,BCS1L
BDH1,10600,BDH1
BDH2,11217,BDH2
BDKRB1,2378,BDKRB1
BDKRB2,12358,BDKRB2
BDNF,14141,BDNF
BDP1,8739,BDP1
BEAN1,11893,BEAN1
BECN1,5836,BECN1
BECN2,17086,BECN2
BEGAIN,15425,BEGAIN
BEND3,14501,BEND3
BEND4,16856,BEND4
BEND5,10716,BEND5
BEND6,9478,BEND6
BEND7,11646,BEND7
BEST1,12259,BEST1
BEST2,563,BEST2
BEST3,5904,BEST3
BET1L,14415,BET1L
BEX3,11916,BEX3
BFAR,2817,BFAR
BFSP1,5742,BFSP1
BFSP2,12913,BFSP2
BGN,15279,BGN
BHLHA15,14899,BHLHA15
BHLHA9,20382,BHLHA9
BHLHE22,14952,BHLHE22
BHLHE23,5671,BHLHE23
BHLHE40,6838,BHLHE40
BHLHE41,5341,BHLHE41
BHMT2,6671,BHMT2
BICC1,5321,BICC1
BICD1,9457,BICD1
BICD2,16147,BICD2
BICDL1,7025,BICDL1
BICDL2,10684,BICDL2
BICRA,852,BICRA
BICRAL,4086,BICRAL
BID,359,BID
BIN1,7326,BIN1
BIN2,3832,BIN2
BIN3,8975,BIN3
BIRC2,3769,BIRC2
BIRC3,428,BIRC3
BIRC5,1847,BIRC5
BIRC6,4480,BIRC6
BIRC7,2465,BIRC7
BLCAP,11910,BLCAP
BLK,7305,BLK
BLM,17414,BLM
BLMH,3553,BLMH
BLNK,2034,BLNK
BLOC1S1,7084,BLOC1S1
BLOC1S2,17008,BLOC1S2
BLOC1S3,16921,BLOC1S3
BLOC1S4,16222,BLOC1S4
BLOC1S5,16743,BLOC1S5
BLOC1S6,2883,BLOC1S6
BLVRA,3333,BLVRA
BLVRB,1860,BLVRB
BLZF1,4714,BLZF1
BMERB1,11935,C16orf45
BMF,2873,BMF
BMI1,12330,BMI1
BMP1,12377,BMP1
BMP10,10953,BMP10
BMP15,6263,BMP15
BMP2,5735,BMP2
BMP2K,7729,BMP2K
BMP3,9588,BMP3
BMP4,5639,BMP4
BMP5,4014,BMP5
BMP6,9632,BMP6
BMP7,2446,BMP7
BMPER,11401,BMPER
BMPR1A,3447,BMPR1A
BMPR1B,7719,BMPR1B
BMPR2,19846,BMPR2
BMS1,11681,BMS1
BMX,2610,BMX
BNC1,12633,BNC1
BNC2,13449,BNC2
BNIP1,4222,BNIP1
BNIP2,7943,BNIP2
BNIP3,14039,BNIP3
BNIP3L,2960,BNIP3L
BNIPL,10934,BNIPL
BOC,8636,BOC
BOD1L1,546,BOD1L1
BOK,14146,BOK
BOLA1,14444,BOLA1
BOLA3,10944,BOLA3
BOLL,9538,BOLL
BOP1,47830,BOP1
BORA,7222,BORA
BORCS5,11675,BORCS5
BORCS6,17179,BORCS6
BORCS7,11817,BORCS7
BORCS8,43613,BORCS8
BPGM,13287,BPGM
BPHL,7450,BPHL
BPI,2524,BPI
BPIFA3,6394,BPIFA3
BPIFB1,5780,BPIFB1
BPIFB2,1442,BPIFB2
BPIFB3,16213,BPIFB3
BPIFB4,16214,BPIFB4
BPIFB6,12028,BPIFB6
BPIFC,15765,BPIFC
BPNT1,10842,BPNT1
BPNT2,2903,IMPAD1
BPTF,13121,BPTF
BRAF,10139,BRAF
BRAP,1831,BRAP
BRAT1,3241,BRAT1
BRCA1,309,BRCA1
BRCA2,7851,BRCA2
BRD1,2306,BRD1
BRD2,19859,BRD2
BRD3,12714,BRD3
BRD4,8178,BRD4
BRD7,11782,BRD7
BRD8,4128,BRD8
BRD9,471,BRD9
BRDT,7574,BRDT
BRF1,15901,BRF1
BRF2,2889,BRF2
BRI3,11428,BRI3
BRI3BP,15889,BRI3BP
BRICD5,15326,BRICD5
BRINP1,1436,BRINP1
BRINP2,17914,BRINP2
BRINP3,10800,BRINP3
BRIP1,7291,BRIP1
BRIX1,4186,BRIX1
BRK1,43697,BRK1
BRMS1,13761,BRMS1
BRMS1L,2407,BRMS1L
BROX,10845,BROX
BRPF1,10051,BRPF1
BRPF3,2054,BRPF3
BRS3,2649,BRS3
BRSK1,10500,BRSK1
BRSK2,13747,BRSK2
BRWD1,16061,BRWD1
BRWD3,11576,BRWD3
BSCL2,12261,BSCL2
BSDC1,10420,BSDC1
BSG,13272,BSG
BSN,11228,BSN
BSND,10727,BSND
BSPRY,4901,BSPRY
BST1,3697,BST1
BSX,16870,BSX
BTAF1,2032,BTAF1
BTBD1,897,BTBD1
BTBD10,9151,BTBD10
BTBD16,7624,BTBD16
BTBD17,19893,BTBD17
BTBD18,32344,BTBD18
BTBD19,24779,BTBD19
BTBD2,6739,BTBD2
BTBD3,6631,BTBD3
BTBD6,15857,BTBD6
BTBD7,281,BTBD7
BTBD8,16947,BTBD8
BTBD9,15619,BTBD9
BTC,13774,BTC
BTD,12685,BTD
BTF3,8742,BTF3
BTG1,6777,BTG1
BTG2,10352,BTG2
BTG3,9792,BTG3
BTG4,7516,BTG4
BTK,268,BTK
BTLA,16232,BTLA
BTN1A1,5544,BTN1A1
BTN2A2,5538,BTN2A2
BTNL2,19873,BTNL2
BTNL9,11697,BTNL9
BTRC,11785,BTRC
BUB1,12651,BUB1
BUB1B,10048,BUB1B
BUB3,9773,BUB3
BUD13,7506,BUD13
BUD23,1154,BUD23
BUD31,3273,BUD31
BYSL,4081,BYSL
BZW1,1558,BZW1
BZW2,7253,BZW2
C1D,17392,C1D
C1GALT1,3301,C1GALT1
C1GALT1C1,13002,C1GALT1C1
C1QA,13514,C1QA
C1QB,13513,C1QB
C1QBP,3551,C1QBP
C1QC,10315,C1QC
C1QL1,6401,C1QL1
C1QL2,8524,C1QL2
C1QL3,11737,C1QL3
C1QL4,16383,C1QL4
C1QTNF1,13622,C1QTNF1
C1QTNF12,15690,C1QTNF12
C1QTNF2,8762,C1QTNF2
C1QTNF3,1560,C1QTNF3
C1QTNF4,13266,C1QTNF4
C1QTNF5,25786,C1QTNF5
C1QTNF6,6763,C1QTNF6
C1QTNF7,10935,C1QTNF7
C1RL,7783,C1RL
C2,11818,C2
C2CD2,10128,C2CD2
C2CD2L,13304,C2CD2L
C2CD3,12267,C2CD3
C2CD4C,15449,C2CD4C
C2CD4D,26903,C2CD4D
C2CD5,3946,C2CD5
C3,5696,C3
C3AR1,13174,C3AR1
C5AR1,17446,C5AR1
C5AR2,6972,C5AR2
C6,559,C6
C7,4122,C7
C8A,10071,C8A
C8B,413,C8B
C8G,14196,C8G
C9,4206,C9
CA1,6792,CA1
CA10,9831,CA10
CA11,855,CA11
CA12,1262,CA12
CA13,15898,CA13
CA14,4798,CA14
CA2,2893,CA2
CA3,11469,CA3
CA4,12098,CA4
CA5A,13814,CA5A
CA5B,12558,CA5B
CA6,6482,CA6
CA7,12431,CA7
CA8,14521,CA8
CA9,3392,CA9
CAAP1,5016,CAAP1
CAB39,7185,CAB39
CAB39L,2683,CAB39L
CABCOCO1,15489,CABCOCO1
CABIN1,2151,CABIN1
CABLES1,6918,CABLES1
CABLES2,9255,CABLES2
CABP1,10143,CABP1
CABP2,12208,CABP2
CABP4,13921,CABP4
CABP5,3122,CABP5
CABP7,2260,CABP7
CABS1,8683,CABS1
CABYR,9717,CABYR
CACFD1,10481,CACFD1
CACHD1,10291,CACHD1
CACNA1A,8175,CACNA1A
CACNA1B,9095,CACNA1B
CACNA1C,9363,CACNA1C
CACNA1D,10101,CACNA1D
CACNA1E,17718,CACNA1E
CACNA1F,2607,CACNA1F
CACNA1G,130,CACNA1G
CACNA1H,17184,CACNA1H
CACNA1I,2274,CACNA1I
CACNA1S,1532,CACNA1S
CACNA2D1,9706,CACNA2D1
CACNA2D2,185,CACNA2D2
CACNA2D3,10107,CACNA2D3
CACNA2D4,9361,CACNA2D4
CACNB1,1002,CACNB1
CACNB2,11738,CACNB2
CACNB3,12120,CACNB3
CACNB4,15261,CACNB4
CACNG1,3606,CACNG1
CACNG2,11965,CACNG2
CACNG3,123,CACNG3
CACNG4,1312,CACNG4
CACNG5,1311,CACNG5
CACNG6,6270,CACNG6
CACNG7,3139,CACNG7
CACNG8,8231,CACNG8
CACTIN,3073,CACTIN
CACUL1,9476,CACUL1
CACYBP,4540,CACYBP
CAD,1643,CAD
CADM1,15397,CADM1
CADM2,13844,CADM2
CADM3,10811,CADM3
CADM4,3189,CADM4
CADPS2,1545,CADPS2
CAGE1,11321,CAGE1
CALB1,2902,CALB1
CALB2,13235,CALB2
CALCB,13983,CALCB
CALCOCO1,321,CALCOCO1
CALCR,69,CALCR
CALCRL,905,CALCRL
CALD1,5313,CALD1
CALHM1,16137,CALHM1
CALHM2,7629,CALHM2
CALHM3,15431,CALHM3
CALHM4,11364,CALHM4
CALHM5,14431,CALHM5
CALHM6,16848,CALHM6
CALM1,17847,CALM1
CALM2,8494,CALM2
CALM3,10415,CALM3
CALML3,14490,CALML3
CALML4,6095,CALML4
CALN1,15444,CALN1
CALR,14659,CALR
CALR3,52147,CALR3
CALU,6045,CALU
CALY,6305,CALY
CAMK1,6835,CAMK1
CAMK1D,15414,CAMK1D
CAMK1G,201,CAMK1G
CAMK2A,1133,CAMK2A
CAMK2B,786,CAMK2B
CAMK2G,9120,CAMK2G
CAMK2N1,10762,CAMK2N1
CAMK2N2,11172,CAMK2N2
CAMK4,9552,CAMK4
CAMKK1,54,CAMKK1
CAMKK2,3831,CAMKK2
CAMKMT,8491,CAMKMT
CAMKV,11235,CAMKV
CAMLG,11399,CAMLG
CAMP,11220,CAMP
CAMSAP1,6291,CAMSAP1
CAMSAP2,4786,CAMSAP2
CAMSAP3,1357,CAMSAP3
CAMTA1,13140,CAMTA1
CAMTA2,3539,CAMTA2
CAND1,3903,CAND1
CAND2,8608,CAND2
CANT1,13034,CANT1
CANX,5883,CANX
CAP1,6425,CAP1
CAP2,4017,CAP2
CAPG,587,CAPG
CAPN1,348,CAPN1
CAPN10,8227,CAPN10
CAPN11,7440,CAPN11
CAPN12,15272,CAPN12
CAPN13,10879,CAPN13
CAPN15,2801,CAPN15
CAPN2,10867,CAPN2
CAPN3,1976,CAPN3
CAPN5,9188,CAPN5
CAPN6,1378,CAPN6
CAPN7,6438,CAPN7
CAPN8,19685,CAPN8
CAPN9,7150,CAPN9
CAPNS1,5804,CAPNS1
CAPNS2,44740,CAPNS2
CAPRIN1,7069,CAPRIN1
CAPRIN2,3824,CAPRIN2
CAPS2,14964,CAPS2
CAPSL,9567,CAPSL
CAPZA2,17974,CAPZA2
CAPZA3,14411,CAPZA3
CAPZB,1391,CAPZB
CARD10,2176,CARD10
CARD11,17739,CARD11
CARD14,8133,CARD14
CARD19,11562,CARD19
CARD6,6574,CARD6
CARD9,16578,CARD9
CARF,7657,CARF
CARHSP1,9617,CARHSP1
CARM1,8235,CARM1
CARMIL1,1473,CARMIL1
CARMIL2,10391,CARMIL2
CARMIL3,16327,CARMIL3
CARNMT1,9937,CARNMT1
CARNS1,13339,CARNS1
CARS2,6986,CARS2
CARTPT,11330,CARTPT
CASC3,3512,CASC3
CASD1,5977,CASD1
CASK,8915,CASK
CASKIN1,12248,CASKIN1
CASKIN2,14281,CASKIN2
CASP14,3039,CASP14
CASP2,3267,CASP2
CASP3,11322,CASP3
CASP6,7745,CASP6
CASP7,11695,CASP7
CASP8,868,CASP8
CASP8AP2,4806,CASP8AP2
CASP9,6681,CASP9
CASQ1,8361,CASQ1
CASQ2,4842,CASQ2
CASR,534,CASR
CASS4,1753,CASS4
CAST,-1,
CASTOR1,36085,CASTOR1
CASTOR2,54970,CASTOR2
CAT,5187,CAT
CATIP,10218,CATIP
CATSPER2,11932,CATSPER2
CATSPER3,9578,CATSPER3
CATSPER4,16835,CATSPER4
CAV1,3228,CAV1
CAV2,3227,CAV2
CAV3,15287,CAV3
CAVIN1,14320,CAVIN1
CAVIN2,12383,CAVIN2
CAVIN3,12956,CAVIN3
CAVIN4,12889,CAVIN4
CBARP,2105,CBARP
CBFA2T2,1435,CBFA2T2
CBFA2T3,6197,CBFA2T3
CBFB,1025,CBFB
CBL,3773,CBL
CBLB,4286,CBLB
CBLC,8222,CBLC
CBLIF,6966,GIF
CBLL1,3212,CBLL1
CBLN1,2728,CBLN1
CBLN2,8161,CBLN2
CBLN3,7894,CBLN3
CBLN4,735,CBLN4
CBR3,10328,CBR3
CBR4,8707,CBR4
CBS,10447,CBS
CBX1,3534,CBX1
CBX2,13615,CBX2
CBX3,5281,CBX3
CBX4,8151,CBX4
CBX5,2010,CBX5
CBX6,15591,CBX6
CBX7,2257,CBX7
CBX8,8145,CBX8
CBY1,2219,CBY1
CBY2,13640,SPERT
CC2D1A,6537,CC2D1A
CC2D1B,9743,CC2D1B
CC2D2A,638,CC2D2A
CC2D2B,16795,CC2D2B
CCAR1,812,CCAR1
CCAR2,10289,CCAR2
CCBE1,15470,CCBE1
CCDC102A,7142,CCDC102A
CCDC106,13556,CCDC106
CCDC107,10403,CCDC107
CCDC112,11298,CCDC112
CCDC116,10592,CCDC116
CCDC117,10401,CCDC117
CCDC12,10540,CCDC12
CCDC120,8935,CCDC120
CCDC122,9459,CCDC122
CCDC124,166,CCDC124
CCDC125,15484,CCDC125
CCDC126,12543,CCDC126
CCDC127,11344,CCDC127
CCDC13,38315,CCDC13
CCDC134,2203,CCDC134
CCDC136,6046,CCDC136
CCDC137,15979,CCDC137
CCDC138,10897,CCDC138
CCDC14,13903,CCDC14
CCDC141,11027,CCDC141
CCDC142,7127,CCDC142
CCDC146,7031,CCDC146
CCDC148,9643,CCDC148
CCDC149,15161,CCDC149
CCDC15,9230,CCDC15
CCDC150,8560,CCDC150
CCDC152,17956,CCDC152
CCDC154,17515,CCDC154
CCDC157,16596,CCDC157
CCDC158,11127,CCDC158
CCDC159,15500,CCDC159
CCDC160,19766,CCDC160
CCDC167,17998,CCDC167
CCDC169,37514,CCDC169
CCDC17,10371,CCDC17
CCDC170,5029,CCDC170
CCDC171,11506,CCDC171
CCDC172,15319,CCDC172
CCDC174,9810,CCDC174
CCDC177,51774,CCDC177
CCDC178,11998,CCDC178
CCDC18,5269,CCDC18
CCDC180,17579,CCDC180
CCDC181,4715,CCDC181
CCDC182,11828,CCDC182
CCDC184,14403,CCDC184
CCDC185,14496,CCDC185
CCDC186,11698,CCDC186
CCDC188,33020,CCDC188
CCDC190,16112,CCDC190
CCDC191,11076,CCDC191
CCDC192,30357,CCDC192
CCDC194,52352,CCDC194
CCDC195,-1,
CCDC22,2606,CCDC22
CCDC24,10323,CCDC24
CCDC25,8970,CCDC25
CCDC28A,441,CCDC28A
CCDC28B,10417,CCDC28B
CCDC3,9413,CCDC3
CCDC32,6082,CCDC32
CCDC34,3714,CCDC34
CCDC38,11734,CCDC38
CCDC39,-1,
CCDC40,8129,CCDC40
CCDC42,10667,CCDC42
CCDC43,14861,CCDC43
CCDC47,3556,CCDC47
CCDC50,9551,CCDC50
CCDC51,11224,CCDC51
CCDC54,7681,CCDC54
CCDC57,14035,CCDC57
CCDC59,6793,CCDC59
CCDC6,3489,CCDC6
CCDC60,15467,CCDC60
CCDC61,3023,CCDC61
CCDC62,6346,CCDC62
CCDC65,7839,CCDC65
CCDC66,14871,CCDC66
CCDC68,11885,CCDC68
CCDC70,5356,CCDC70
CCDC71,14290,CCDC71
CCDC71L,42203,CCDC71L
CCDC73,16340,CCDC73
CCDC77,5070,CCDC77
CCDC78,10673,CCDC78
CCDC80,1948,CCDC80
CCDC81,9181,CCDC81
CCDC82,9184,CCDC82
CCDC83,9325,CCDC83
CCDC85A,752,CCDC85A
CCDC85B,13935,CCDC85B
CCDC85C,20267,CCDC85C
CCDC86,3748,CCDC86
CCDC87,15347,CCDC87
CCDC88A,4413,CCDC88A
CCDC88B,12283,CCDC88B
CCDC88C,354,CCDC88C
CCDC89,14626,CCDC89
CCDC9,3074,CCDC9
CCDC90B,7485,CCDC90B
CCDC91,5344,CCDC91
CCDC92,4882,CCDC92
CCDC92B,56941,AC005696.4
CCDC93,5681,CCDC93
CCDC97,8195,CCDC97
CCDC9B,16769,CCDC9B
CCER1,17533,CCER1
CCER2,48453,CCER2
CCHCR1,19974,CCHCR1
CCIN,16149,CCIN
CCK,16430,CCK
CCKAR,11000,CCKAR
CCKBR,3751,CCKBR
CCL11,13242,CCL11
CCL17,2734,CCL17
CCL19,13371,CCL19
CCL20,4353,CCL20
CCL22,2732,CCL22
CCL24,3269,CCL24
CCL28,9473,CCL28
CCL5,53432,CCL5
CCL7,3573,CCL7
CCM2,7261,CCM2
CCM2L,2499,CCM2L
CCN1,8292,CYR61
CCN2,4826,CTGF
CCN3,7397,NOV
CCN4,2919,WISP1
CCN5,875,WISP2
CCN6,4104,WISP3
CCNA1,6713,CCNA1
CCNA2,8697,CCNA2
CCNB1,6831,CCNB1
CCNB1IP1,2389,CCNB1IP1
CCNB2,10109,CCNB2
CCNC,4027,CCNC
CCND1,3747,CCND1
CCND2,4862,CCND2
CCND3,4080,CCND3
CCNDBP1,11993,CCNDBP1
CCNE1,3043,CCNE1
CCNE2,13875,CCNE2
CCNF,10680,CCNF
CCNG1,4170,CCNG1
CCNG2,7734,CCNG2
CCNH,6914,CCNH
CCNI,4848,CCNI
CCNJ,3418,CCNJ
CCNJL,7013,CCNJL
CCNK,1864,CCNK
CCNL1,11097,CCNL1
CCNL2,24765,CCNL2
CCNO,9571,CCNO
CCNT1,6130,CCNT1
CCNT2,1563,CCNT2
CCNY,3491,CCNY
CCNYL1,10960,CCNYL1
CCP110,2835,CCP110
CCPG1,47589,CCPG1
CCR10,15763,CCR10
CCR2,5200,CCR2
CCR3,15552,CCR3
CCR4,15616,CCR4
CCR5,10538,CCR5
CCR6,4068,CCR6
CCR7,5816,CCR7
CCR8,14785,CCR8
CCR9,13557,CCR9
CCS,13635,CCS
CCSAP,9769,CCSAP
CCSER1,15727,CCSER1
CCSER2,3446,CCSER2
CCT2,11803,CCT2
CCT3,11020,CCT3
CCT4,4435,CCT4
CCT5,9332,CCT5
CCT6A,8881,CCT6A
CCT6B,6543,CCT6B
CCT7,7122,CCT7
CCT8,9968,CCT8
CCT8L2,17779,CCT8L2
CD101,6870,CD101
CD109,10006,CD109
CD14,12835,CD14
CD151,14371,CD151
CD160,4690,CD160
CD163,14340,CD163
CD164,7107,CD164
CD164L2,13805,CD164L2
CD180,6833,CD180
CD19,14313,CD19
CD2,4629,CD2
CD200,1947,CD200
CD207,4520,CD207
CD22,311,CD22
CD226,9321,CD226
CD247,17925,CD247
CD248,13773,CD248
CD27,7789,CD27
CD274,5022,CD274
CD276,2857,CD276
CD28,14523,CD28
CD2AP,17675,CD2AP
CD2BP2,12549,CD2BP2
CD300E,16266,CD300E
CD302,36965,CD302
CD320,12203,CD320
CD34,13646,CD34
CD36,7033,CD36
CD37,2995,CD37
CD38,50,CD38
CD3D,12071,CD3D
CD3E,17946,CD3E
CD3G,10515,CD3G
CD4,266,CD4
CD40,2426,CD40
CD40LG,2652,CD40LG
CD44,456,CD44
CD47,17253,CD47
CD5,3782,CD5
CD53,8318,CD53
CD5L,1239,CD5L
CD6,343,CD6
CD63,7072,CD63
CD69,3816,CD69
CD70,5695,CD70
CD72,7415,CD72
CD74,393,CD74
CD79A,3086,CD79A
CD79B,177,CD79B
CD81,3792,CD81
CD82,1645,CD82
CD83,4010,CD83
CD84,967,CD84
CD9,252,CD9
CD93,5716,CD93
CD96,9648,CD96
CD99L2,2641,CD99L2
CDA,10276,CDA
CDADC1,2682,CDADC1
CDAN1,7948,CDAN1
CDC123,9411,CDC123
CDC14A,1460,CDC14A
CDC16,6222,CDC16
CDC20,4702,CDC20
CDC20B,11313,CDC20B
CDC23,2008,CDC23
CDC25A,11219,CDC25A
CDC25B,2476,CDC25B
CDC25C,10212,CDC25C
CDC26,14085,CDC26
CDC27,67,CDC27
CDC37,3100,CDC37
CDC37L1,3379,CDC37L1
CDC40,12367,CDC40
CDC42,1135,CDC42
CDC42BPA,8466,CDC42BPA
CDC42BPB,17890,CDC42BPB
CDC42BPG,13020,CDC42BPG
CDC42EP1,6006,CDC42EP1
CDC42EP2,9264,CDC42EP2
CDC42EP3,10945,CDC42EP3
CDC42EP4,14728,CDC42EP4
CDC42EP5,12145,CDC42EP5
CDC42SE1,17524,CDC42SE1
CDC42SE2,10292,CDC42SE2
CDC45,1993,CDC45
CDC6,2006,CDC6
CDC7,2074,CDC7
CDC73,6898,CDC73
CDCA2,15812,CDCA2
CDCA3,3922,CDCA3
CDCA4,12903,CDCA4
CDCA5,8871,CDCA5
CDCA7,8553,CDCA7
CDCA7L,11410,CDCA7L
CDCA8,6945,CDCA8
CDCP1,11147,CDCP1
CDCP2,10079,CDCP2
CDH1,554,CDH1
CDH10,571,CDH10
CDH11,8037,CDH11
CDH12,9736,CDH12
CDH13,8041,CDH13
CDH15,6185,CDH15
CDH16,11904,CDH16
CDH17,1448,CDH17
CDH18,8714,CDH18
CDH19,1169,CDH19
CDH2,12862,CDH2
CDH20,2547,CDH20
CDH22,9251,CDH22
CDH23,3441,CDH23
CDH24,7892,CDH24
CDH26,5486,CDH26
CDH3,836,CDH3
CDH4,14664,CDH4
CDH5,14752,CDH5
CDH6,4173,CDH6
CDH7,1525,CDH7
CDH8,9298,CDH8
CDH9,4139,CDH9
CDHR1,9114,CDHR1
CDHR2,1257,CDHR2
CDHR3,6034,CDHR3
CDHR4,16490,CDHR4
CDHR5,2122,CDHR5
CDIN1,16172,C15orf41
CDIP1,1841,CDIP1
CDIPT,2828,CDIPT
CDK1,12797,CDK1
CDK10,15986,CDK10
CDK12,12064,CDK12
CDK13,949,CDK13
CDK14,782,CDK14
CDK15,7662,CDK15
CDK16,2646,CDK16
CDK17,803,CDK17
CDK18,4688,CDK18
CDK19,9850,CDK19
CDK2,5378,CDK2
CDK20,9978,CDK20
CDK2AP2,12210,CDK2AP2
CDK3,40182,CDK3
CDK4,7086,CDK4
CDK5,11471,CDK5
CDK5R1,14154,CDK5R1
CDK5R2,13066,CDK5R2
CDK5RAP1,2516,CDK5RAP1
CDK5RAP2,7357,CDK5RAP2
CDK5RAP3,3533,CDK5RAP3
CDK6,3196,CDK6
CDK7,6832,CDK7
CDK8,6692,CDK8
CDK9,7338,CDK9
CDKAL1,8785,CDKAL1
CDKL1,2325,CDKL1
CDKL2,7737,CDKL2
CDKL3,161,CDKL3
CDKL4,20184,CDKL4
CDKL5,200,CDKL5
CDKN1A,5577,CDKN1A
CDKN1B,3875,CDKN1B
CDKN2A,9036,CDKN2A
CDKN2AIP,12397,CDKN2AIP
CDKN2AIPNL,34928,CDKN2AIPNL
CDKN2B,9034,CDKN2B
CDKN2C,5338,CDKN2C
CDKN2D,6136,CDKN2D
CDKN3,2332,CDKN3
CDNF,15968,CDNF
CDO1,6162,CDO1
CDON,880,CDON
CDPF1,20308,CDPF1
CDR2,8016,CDR2
CDR2L,3631,CDR2L
CDS1,11079,CDS1
CDS2,2489,CDS2
CDSN,19976,CDSN
CDT1,12111,CDT1
CDV3,1931,CDV3
CDX1,4220,CDX1
CDX2,11633,CDX2
CDX4,6429,CDX4
CDYL2,11864,CDYL2
CEACAM16,22779,CEACAM16
CEACAM18,22746,CEACAM18
CEACAM19,16310,CEACAM19
CEACAM20,54774,CEACAM20
CEBPA,38449,CEBPA
CEBPB,13259,CEBPB
CEBPD,24723,CEBPD
CEBPE,1955,CEBPE
CEBPG,9693,CEBPG
CEBPZ,4485,CEBPZ
CEBPZOS,23879,CEBPZOS
CECR2,2141,CECR2
CEL,12917,CEL
CELA1,7849,CELA1
CELF1,9179,CELF1
CELF2,648,CELF2
CELF3,10356,CELF3
CELF4,2545,CELF4
CELF5,10585,CELF5
CELF6,7980,CELF6
CELSR1,1297,CELSR1
CELSR2,8320,CELSR2
CELSR3,212,CELSR3
CEMIP,2859,CEMIP
CEMIP2,7005,CEMIP2
CEND1,15782,CEND1
CENPA,4372,CENPA
CENPB,5722,CENPB
CENPE,7741,CENPE
CENPF,4755,CENPF
CENPH,9615,CENPH
CENPI,2667,CENPI
CENPK,5363,CENPK
CENPL,5045,CENPL
CENPM,2208,CENPM
CENPN,11867,CENPN
CENPO,7610,CENPO
CENPP,16709,CENPP
CENPQ,489,CENPQ
CENPS,13870,CENPS
CENPT,2723,CENPT
CENPU,9453,CENPU
CENPV,11903,CENPV
CENPW,19706,CENPW
CEP104,4546,CEP104
CEP112,9747,CEP112
CEP120,12486,CEP120
CEP126,3765,CEP126
CEP128,2362,CEP128
CEP131,8148,CEP131
CEP135,13771,CEP135
CEP152,2865,CEP152
CEP162,7050,CEP162
CEP170,8453,CEP170
CEP170B,2118,CEP170B
CEP19,13637,CEP19
CEP192,2559,CEP192
CEP20,6755,FOPNL
CEP250,5781,CEP250
CEP290,17866,CEP290
CEP295,11742,CEP295
CEP350,7161,CEP350
CEP41,3313,CEP41
CEP43,22339,FGFR1OP
CEP44,11261,CEP44
CEP55,7631,CEP55
CEP57,11752,CEP57
CEP57L1,15434,CEP57L1
CEP63,15382,CEP63
CEP68,303,CEP68
CEP70,4253,CEP70
CEP72,4119,CEP72
CEP76,2557,CEP76
CEP78,9043,CEP78
CEP83,13558,CEP83
CEP85,6312,CEP85
CEP85L,3971,CEP85L
CEP89,5149,CEP89
CEP95,45977,CEP95
CEP97,15280,CEP97
CEPT1,6869,CEPT1
CER1,9030,CER1
CERCAM,12038,CERCAM
CERK,2305,CERK
CERKL,16747,CERKL
CERS1,25682,CERS1
CERS2,8394,CERS2
CERS3,9744,CERS3
CERS4,1893,CERS4
CERS5,7853,CERS5
CERS6,13277,CERS6
CERT1,4145,COL4A3BP
CES4A,13402,CES4A
CES5A,10353,CES5A
CETN1,14246,CETN1
CETN2,8966,CETN2
CETN3,9629,CETN3
CFAP100,11171,CFAP100
CFAP126,16875,CFAP126
CFAP157,10491,CFAP157
CFAP161,9959,CFAP161
CFAP20,1129,CFAP20
CFAP206,54020,CFAP206
CFAP20DC,11107,C3orf67
CFAP221,10916,CFAP221
CFAP298,10298,CFAP298
CFAP299,17582,CFAP299
CFAP300,7511,CFAP300
CFAP36,10895,CFAP36
CFAP410,10462,CFAP410
CFAP418,9957,C8orf37
CFAP43,17557,CFAP43
CFAP44,20468,CFAP44
CFAP45,22355,CFAP45
CFAP46,13158,CFAP46
CFAP52,11907,CFAP52
CFAP54,16779,CFAP54
CFAP57,37920,CFAP57
CFAP58,4999,CFAP58
CFAP61,1817,CFAP61
CFAP65,15055,CFAP65
CFAP69,3193,CFAP69
CFAP70,9940,CFAP70
CFAP73,16339,CFAP73
CFAP74,8258,CFAP74
CFAP77,16764,CFAP77
CFAP91,15622,MAATS1
CFAP97,11328,CFAP97
CFAP97D1,30842,CFAP97D1
CFAP99,20427,CFAP99
CFB,37889,CFB
CFD,17562,CFD
CFDP1,9680,CFDP1
CFI,20247,CFI
CFL1,13382,CFL1
CFL2,11596,CFL2
CFLAR,39,CFLAR
CFP,5849,CFP
CFTR,15,CFTR
CGA,7060,CGA
CGAS,11359,CGAS
CGGBP1,10977,CGGBP1
CGN,8381,CGN
CGNL1,6078,CGNL1
CGREF1,7588,CGREF1
CGRRF1,2334,CGRRF1
CH25H,7621,CH25H
CHAC1,6091,CHAC1
CHAC2,8495,CHAC2
CHAD,7284,CHAD
CHADL,2296,CHADL
CHAF1A,12165,CHAF1A
CHAF1B,10334,CHAF1B
CHAMP1,17927,CHAMP1
CHAT,1126,CHAT
CHCHD1,13353,CHCHD1
CHCHD10,40162,CHCHD10
CHCHD2,3268,CHCHD2
CHCHD3,3326,CHCHD3
CHCHD5,5676,CHCHD5
CHCHD6,10382,CHCHD6
CHCHD7,12908,CHCHD7
CHD1,9700,CHD1
CHD1L,6498,CHD1L
CHD2,13554,CHD2
CHD3,12732,CHD3
CHD4,3916,CHD4
CHD5,4556,CHD5
CHD6,5471,CHD6
CHD7,13040,CHD7
CHD8,2399,CHD8
CHD9,14261,CHD9
CHDH,367,CHDH
CHEK1,9231,CHEK1
CHEK2,15599,CHEK2
CHERP,1676,CHERP
CHFR,1197,CHFR
CHGA,2355,CHGA
CHGB,1828,CHGB
CHIC1,19811,CHIC1
CHIC2,3652,CHIC2
CHID1,14395,CHID1
CHIT1,6708,CHIT1
CHKA,3805,CHKA
CHKB,2246,CHKB
CHL1,6842,CHL1
CHM,16741,CHM
CHML,19680,CHML
CHMP1A,6416,CHMP1A
CHMP1B,43795,CHMP1B
CHMP2A,6326,CHMP2A
CHMP2B,1616,CHMP2B
CHMP3,4451,CHMP3
CHMP4C,11425,CHMP4C
CHMP5,1684,CHMP5
CHMP6,14026,CHMP6
CHMP7,8978,CHMP7
CHN1,6060,CHN1
CHN2,3253,CHN2
CHODL,9794,CHODL
CHORDC1,3754,CHORDC1
CHP1,16482,CHP1
CHP2,11968,CHP2
CHPF,5439,CHPF
CHPF2,499,CHPF2
CHPT1,3923,CHPT1
CHRAC1,2927,CHRAC1
CHRD,1885,CHRD
CHRDL1,2594,CHRDL1
CHRDL2,736,CHRDL2
CHRM1,12393,CHRM1
CHRM2,15008,CHRM2
CHRM3,6698,CHRM3
CHRM4,14928,CHRM4
CHRM5,15883,CHRM5
CHRNA1,7671,CHRNA1
CHRNA10,6176,CHRNA10
CHRNA2,5113,CHRNA2
CHRNA3,1503,CHRNA3
CHRNA4,2470,CHRNA4
CHRNA5,12654,CHRNA5
CHRNA6,8973,CHRNA6
CHRNA9,13687,CHRNA9
CHRNB1,12765,CHRNB1
CHRNB2,10527,CHRNB2
CHRNB3,8972,CHRNB3
CHRNB4,4767,CHRNB4
CHRND,7170,CHRND
CHRNE,3548,CHRNE
CHRNG,17264,CHRNG
CHST1,13866,CHST1
CHST10,4445,CHST10
CHST11,13037,CHST11
CHST12,7243,CHST12
CHST13,14936,CHST13
CHST14,12524,CHST14
CHST15,15171,CHST15
CHST2,13820,CHST2
CHST3,5320,CHST3
CHST4,8025,CHST4
CHST7,8926,CHST7
CHST8,5508,CHST8
CHST9,9721,CHST9
CHSY1,6513,CHSY1
CHSY3,17685,CHSY3
CHTF18,5941,CHTF18
CHTF8,12446,CHTF8
CHTOP,10517,CHTOP
CHUK,22499,CHUK
CHURC1,45475,CHURC1
CIAO1,8507,CIAO1
CIAO2A,11942,CIAO2A
CIAO2B,11906,CIAO2B
CIAO3,2785,CIAO3
CIAPIN1,86,CIAPIN1
CIART,10320,CIART
CIB1,15909,CIB1
CIB2,7277,CIB2
CIB3,8189,CIB3
CIB4,10156,CIB4
CIBAR1,16721,FAM92A
CIBAR2,9683,FAM92B
CIC,1465,CIC
CIDEA,14043,CIDEA
CIDEB,7265,CIDEB
CIDEC,16475,CIDEC
CIITA,14722,CIITA
CILK1,4008,ICK
CILP,7693,CILP
CILP2,10433,CILP2
CINP,2395,CINP
CIP2A,11031,CIP2A
CIPC,17973,CIPC
CIR1,7669,CIR1
CIRBP,2103,CIRBP
CISD1,5323,CISD1
CISD2,8691,CISD2
CISD3,57465,CISD3
CISH,4315,CISH
CIT,5331,CIT
CITED1,5762,CITED1
CITED2,11363,CITED2
CITED4,14767,CITED4
CIZ1,9079,CIZ1
CKAP2,7218,CKAP2
CKAP2L,12638,CKAP2L
CKAP4,7205,CKAP4
CKAP5,13860,CKAP5
CKB,11783,CKB
CKLF,23742,CKLF
CKM,2985,CKM
CKMT2,6488,CKMT2
CKS2,5436,CKS2
CLASP1,1250,CLASP1
CLASP2,11050,CLASP2
CLASRP,2980,CLASRP
CLBA1,7924,CLBA1
CLCA1,369,CLCA1
CLCA2,7582,CLCA2
CLCC1,5217,CLCC1
CLCF1,13912,CLCF1
CLCN1,16645,CLCN1
CLCN2,4337,CLCN2
CLCN3,3678,CLCN3
CLCN4,1227,CLCN4
CLCN5,13046,CLCN5
CLCN6,276,CLCN6
CLCN7,2787,CLCN7
CLDN1,10983,CLDN1
CLDN10,6978,CLDN10
CLDN11,328,CLDN11
CLDN12,10084,CLDN12
CLDN14,10335,CLDN14
CLDN15,3305,CLDN15
CLDN16,4241,CLDN16
CLDN17,9972,CLDN17
CLDN18,972,CLDN18
CLDN19,11205,CLDN19
CLDN2,11589,CLDN2
CLDN20,13019,CLDN20
CLDN23,42796,CLDN23
CLDN25,29000,CLDN25
CLDN3,11560,CLDN3
CLDN5,15678,CLDN5
CLDN6,15819,CLDN6
CLDN7,15141,CLDN7
CLDN8,9973,CLDN8
CLDN9,22803,CLDN9
CLDND1,1508,CLDND1
CLDND2,10478,CLDND2
CLEC11A,3114,CLEC11A
CLEC12B,44673,CLEC12B
CLEC14A,14098,CLEC14A
CLEC16A,552,CLEC16A
CLEC1A,9281,CLEC1A
CLEC1B,11664,CLEC1B
CLEC2L,34289,CLEC2L
CLEC3A,11884,CLEC3A
CLEC3B,11148,CLEC3B
CLEC4A,3945,CLEC4A
CLEC4D,11888,CLEC4D
CLEC4E,11886,CLEC4E
CLEC4G,15296,CLEC4G
CLEC5A,45441,CLEC5A
CLEC6A,20360,CLEC6A
CLEC9A,17643,CLEC9A
CLGN,9628,CLGN
CLHC1,10891,CLHC1
CLIC1,22695,CLIC1
CLIC3,12631,CLIC3
CLIC4,12616,CLIC4
CLIC6,10322,CLIC6
CLINT1,4161,CLINT1
CLIP1,6345,CLIP1
CLIP2,3347,CLIP2
CLIP3,3067,CLIP3
CLIP4,4402,CLIP4
CLK1,334,CLK1
CLK2,14100,CLK2
CLK3,14679,CLK3
CLK4,4153,CLK4
CLMN,11731,CLMN
CLMP,11807,CLMP
CLN3,16781,CLN3
CLN5,2707,CLN5
CLN6,6092,CLN6
CLN8,15256,CLN8
CLNK,3690,CLNK
CLNS1A,1253,CLNS1A
CLOCK,6974,CLOCK
CLP1,13313,CLP1
CLPB,10691,CLPB
CLPP,5687,CLPP
CLPS,7462,CLPS
CLPSL2,17246,CLPSL2
CLPTM1,2978,CLPTM1
CLPTM1L,666,CLPTM1L
CLPX,11962,CLPX
CLRN1,11094,CLRN1
CLRN2,39569,CLRN2
CLRN3,14932,CLRN3
CLSPN,1985,CLSPN
CLSTN1,13112,CLSTN1
CLSTN2,10201,CLSTN2
CLSTN3,7785,CLSTN3
CLTA,5300,CLTA
CLTB,13899,CLTB
CLTC,8093,CLTC
CLTRN,8910,CLTRN
CLU,5109,CLU
CLUAP1,2805,CLUAP1
CLUH,6576,CLUH
CLVS1,14255,CLVS1
CLVS2,8834,CLVS2
CLYBL,5621,CLYBL
CMA1,1949,CMA1
CMAS,3942,CMAS
CMBL,11300,CMBL
CMC1,16437,CMC1
CMC2,2762,CMC2
CMC4,15332,CMC4
CMIP,9687,CMIP
CMKLR1,13738,CMKLR1
CMPK1,10715,CMPK1
CMPK2,6889,CMPK2
CMSS1,15706,CMSS1
CMTM3,8035,CMTM3
CMTM4,15585,CMTM4
CMTM5,11760,CMTM5
CMTM6,1923,CMTM6
CMTM7,9669,CMTM7
CMTM8,12793,CMTM8
CMTR1,7432,CMTR1
CMTR2,14974,CMTR2
CMYA5,11326,CMYA5
CNBD2,9249,CNBD2
CNBP,12661,CNBP
CNDP1,9322,CNDP1
CNDP2,6747,CNDP2
CNEP1R1,20253,CNEP1R1
CNFN,3106,CNFN
CNGA1,17799,CNGA1
CNGA2,15629,CNGA2
CNGA3,8534,CNGA3
CNGA4,6557,CNGA4
CNGB1,1124,CNGB1
CNGB3,12790,CNGB3
CNIH1,2333,CNIH1
CNIH2,13782,CNIH2
CNIH3,8467,CNIH3
CNIH4,8463,CNIH4
CNKSR1,8271,CNKSR1
CNKSR2,9278,CNKSR2
CNKSR3,9678,CNKSR3
CNMD,7219,CNMD
CNN1,6221,CNN1
CNN2,893,CNN2
CNN3,4723,CNN3
CNNM1,4987,CNNM1
CNNM2,9147,CNNM2
CNNM3,12435,CNNM3
CNNM4,10190,CNNM4
CNOT1,5611,CNOT1
CNOT10,15393,CNOT10
CNOT11,10219,CNOT11
CNOT2,3909,CNOT2
CNOT3,1760,CNOT3
CNOT4,1505,CNOT4
CNOT6,4163,CNOT6
CNOT6L,7735,CNOT6L
CNOT7,17908,CNOT7
CNOT8,9881,CNOT8
CNOT9,8586,CNOT9
CNP,13594,CNP
CNPPD1,4465,CNPPD1
CNPY2,45173,CNPY2
CNPY3,7424,CNPY3
CNPY4,12008,CNPY4
CNR1,4809,CNR1
CNR2,16849,CNR2
CNRIP1,4970,CNRIP1
CNST,10852,CNST
CNTD1,14118,CNTD1
CNTF,37504,CNTF
CNTFR,5309,CNTFR
CNTLN,604,CNTLN
CNTN1,377,CNTN1
CNTN2,15683,CNTN2
CNTN3,4230,CNTN3
CNTN4,8592,CNTN4
CNTN5,9279,CNTN5
CNTN6,6841,CNTN6
CNTNAP1,3586,CNTNAP1
CNTNAP2,13713,CNTNAP2
CNTNAP4,9595,CNTNAP4
CNTRL,4896,CNTRL
CNTROB,12738,CNTROB
COA3,15652,COA3
COA4,15148,COA4
COA5,15523,COA5
COA7,10718,COA7
COA8,44425,APOPT1
COASY,1033,COASY
COBL,3256,COBL
COBLL1,1567,COBLL1
COCH,2320,COCH
COG1,11918,COG1
COG2,7151,COG2
COG3,7229,COG3
COG4,2753,COG4
COG5,11392,COG5
COG6,6714,COG6
COG7,12366,COG7
COG8,22516,COG8
COIL,5131,COIL
COL11A1,820,COL11A1
COL11A2,19855,COL11A2
COL12A1,3958,COL12A1
COL13A1,17470,COL13A1
COL14A1,16619,COL14A1
COL15A1,19874,COL15A1
COL16A1,1632,COL16A1
COL17A1,940,COL17A1
COL18A1,15366,COL18A1
COL19A1,1565,COL19A1
COL1A1,3591,COL1A1
COL1A2,11423,COL1A2
COL20A1,2469,COL20A1
COL23A1,685,COL23A1
COL25A1,16762,COL25A1
COL26A1,10567,COL26A1
COL27A1,17242,COL27A1
COL28A1,23219,COL28A1
COL2A1,7796,COL2A1
COL3A1,12394,COL3A1
COL4A1,16491,COL4A1
COL4A2,6977,COL4A2
COL4A3,12505,COL4A3
COL4A4,1522,COL4A4
COL4A5,16671,COL4A5
COL4A6,17499,COL4A6
COL5A1,6302,COL5A1
COL5A2,19862,COL5A2
COL5A3,1499,COL5A3
COL6A1,8202,COL6A1
COL6A2,8206,COL6A2
COL6A3,10989,COL6A3
COL6A5,13381,COL6A5
COL6A6,20458,COL6A6
COL8A1,8623,COL8A1
COL8A2,13159,COL8A2
COL9A1,4035,COL9A1
COL9A2,651,COL9A2
COLEC10,15745,COLEC10
COLEC11,4770,COLEC11
COLEC12,10202,COLEC12
COLGALT1,6248,COLGALT1
COLGALT2,17894,COLGALT2
COLQ,20479,COLQ
COMMD1,13467,COMMD1
COMMD10,8748,COMMD10
COMMD2,4319,COMMD2
COMMD3,9099,COMMD3
COMMD4,7951,COMMD4
COMMD5,12876,COMMD5
COMMD6,16695,COMMD6
COMMD7,9242,COMMD7
COMMD8,12501,COMMD8
COMMD9,3780,COMMD9
COMP,3159,COMP
COMT,1994,COMT
COMTD1,11653,COMTD1
COP1,8344,COP1
COPA,5246,COPA
COPB1,6102,COPB1
COPB2,15758,COPB2
COPE,3161,COPE
COPG1,15124,COPG1
COPG2,10249,COPG2
COPS2,11797,COPS2
COPS3,8061,COPS3
COPS4,7708,COPS4
COPS5,5127,COPS5
COPS6,12288,COPS6
COPS7A,3919,COPS7A
COPS7B,8577,COPS7B
COPS8,17833,COPS8
COPZ1,3901,COPZ1
COPZ2,89,COPZ2
COQ10A,7092,COQ10A
COQ10B,4441,COQ10B
COQ2,13453,COQ2
COQ3,6585,COQ3
COQ4,12034,COQ4
COQ5,3819,COQ5
COQ6,4954,COQ6
COQ7,12049,COQ7
COQ8A,10909,COQ8A
COQ8B,5426,COQ8B
COQ9,1780,COQ9
CORIN,8675,CORIN
CORO1A,2714,CORO1A
CORO1B,13372,CORO1B
CORO1C,3821,CORO1C
CORO2A,3362,CORO2A
CORO2B,2844,CORO2B
CORO6,12124,CORO6
CORO7,48399,CORO7
CORT,37028,CORT
COTL1,2774,COTL1
COX10,150,COX10
COX11,11809,COX11
COX14,14507,COX14
COX15,353,COX15
COX16,6817,COX16
COX17,7682,COX17
COX18,11081,COX18
COX19,36476,COX19
COX20,19679,COX20
COX4I1,6411,COX4I1
COX4I2,6393,COX4I2
COX5A,14557,COX5A
COX6A1,3950,COX6A1
COX6A2,10038,COX6A2
COX6B1,5813,COX6B1
COX6B2,10501,COX6B2
COX6C,11481,COX6C
COX7A1,10603,COX7A1
COX7A2,4095,COX7A2
COX7A2L,4504,COX7A2L
COX7B2,12853,COX7B2
COX7C,5894,COX7C
COX8A,14077,COX8A
CP,621,CP
CPA1,1941,CPA1
CPA2,10235,CPA2
CPA3,11128,CPA3
CPA4,6028,CPA4
CPA5,10237,CPA5
CPA6,11522,CPA6
CPB1,9609,CPB1
CPB2,1502,CPB2
CPD,3554,CPD
CPE,3671,CPE
CPEB1,23056,CPEB1
CPEB2,7472,CPEB2
CPEB3,3463,CPEB3
CPEB4,4224,CPEB4
CPED1,3248,CPED1
CPLANE1,17517,CPLANE1
CPLANE2,6680,CPLANE2
CPLX1,12495,CPLX1
CPLX2,8776,CPLX2
CPLX3,22619,CPLX3
CPLX4,11898,CPLX4
CPM,7132,CPM
CPN1,5001,CPN1
CPN2,14563,CPN2
CPNE2,8028,CPNE2
CPNE3,1666,CPNE3
CPNE4,17105,CPNE4
CPNE5,5580,CPNE5
CPNE6,2398,CPNE6
CPNE7,14564,CPNE7
CPNE8,7769,CPNE8
CPNE9,8579,CPNE9
CPOX,1507,CPOX
CPPED1,2812,CPPED1
CPQ,2900,CPQ
CPS1,412,CPS1
CPSF1,1166,CPSF1
CPSF2,11725,CPSF2
CPSF3,4879,CPSF3
CPSF4,10558,CPSF4
CPSF6,3911,CPSF6
CPSF7,9226,CPSF7
CPT1A,3746,CPT1A
CPT1B,20285,CPT1B
CPT1C,12536,CPT1C
CPT2,10076,CPT2
CPTP,25855,CPTP
CPVL,3252,CPVL
CPXM1,1796,CPXM1
CPXM2,5210,CPXM2
CPZ,3684,CPZ
CRABP1,11856,CRABP1
CRABP2,8363,CRABP2
CRACD,3654,KIAA1211
CRACDL,17281,KIAA1211L
CRACR2A,6205,CRACR2A
CRACR2B,14365,CRACR2B
CRADD,12589,CRADD
CRAMP1,189,CRAMP1
CRAT,2024,CRAT
CRB1,6900,CRB1
CRB2,9061,CRB2
CRB3,6289,CRB3
CRBN,4236,CRBN
CRCP,36911,CRCP
CREB1,4793,CREB1
CREB3,3395,CREB3
CREB3L1,10127,CREB3L1
CREB3L2,15199,CREB3L2
CREB3L3,815,CREB3L3
CREB3L4,8434,CREB3L4
CREB5,8867,CREB5
CREBBP,92,CREBBP
CREBL2,3872,CREBL2
CREBRF,11366,CREBRF
CREBZF,7488,CREBZF
CREG1,8329,CREG1
CREG2,13984,CREG2
CRELD1,11112,CRELD1
CRELD2,15691,CRELD2
CREM,2044,CREM
CRH,8993,CRH
CRHBP,8733,CRHBP
CRHR1,5008,CRHR1
CRHR2,3262,CRHR2
CRIM1,9347,CRIM1
CRIP1,22386,CRIP1
CRIP2,15352,CRIP2
CRIP3,8816,CRIP3
CRIPT,4972,CRIPT
CRISP1,5592,CRISP1
CRISP2,5533,CRISP2
CRISPLD1,5126,CRISPLD1
CRISPLD2,2776,CRISPLD2
CRK,12051,CRK
CRKL,2138,CRKL
CRLF1,116,CRLF1
CRLF3,14087,CRLF3
CRLS1,1784,CRLS1
CRMP1,1207,CRMP1
CRNKL1,2505,CRNKL1
CRNN,8421,CRNN
CROCC,787,CROCC
CROCC2,27429,CROCC2
CROT,98,CROT
CRP,6644,CRP
CRPPA,23195,ISPD
CRTAC1,2039,CRTAC1
CRTAM,3722,CRTAM
CRTAP,12787,CRTAP
CRTC1,3158,CRTC1
CRTC2,10528,CRTC2
CRTC3,8001,CRTC3
CRX,3096,CRX
CRY1,218,CRY1
CRY2,5184,CRY2
CRYAA,10449,CRYAA
CRYAB,3710,CRYAB
CRYBA1,3503,CRYBA1
CRYBA2,11029,CRYBA2
CRYBA4,17143,CRYBA4
CRYBB1,2196,CRYBB1
CRYBB2,38376,CRYBB2
CRYBB3,2171,CRYBB3
CRYBG1,4040,CRYBG1
CRYBG2,14021,CRYBG2
CRYBG3,1487,CRYBG3
CRYGA,12401,CRYGA
CRYGB,15211,CRYGB
CRYGC,10962,CRYGC
CRYGN,5912,CRYGN
CRYGS,22383,CRYGS
CRYL1,11608,CRYL1
CRYM,2799,CRYM
CRYZ,4624,CRYZ
CRYZL1,20339,CRYZL1
CSAD,7857,CSAD
CSDC2,13293,CSDC2
CSDE1,231,CSDE1
CSE1L,5481,CSE1L
CSF1,15744,CSF1
CSF1R,15300,CSF1R
CSF2,11350,CSF2
CSF3,3510,CSF3
CSF3R,4915,CSF3R
CSGALNACT1,8968,CSGALNACT1
CSGALNACT2,12686,CSGALNACT2
CSK,2845,CSK
CSMD1,15429,CSMD1
CSMD2,5213,CSMD2
CSMD3,11449,CSMD3
CSNK1A1,4216,CSNK1A1
CSNK1D,8137,CSNK1D
CSNK1E,22793,CSNK1E
CSNK1G1,12526,CSNK1G1
CSNK1G2,6745,CSNK1G2
CSNK1G3,9387,CSNK1G3
CSNK2A2,1130,CSNK2A2
CSNK2B,19935,CSNK2B
CSPG4,13548,CSPG4
CSPG5,4306,CSPG5
CSPP1,2887,CSPP1
CSRNP1,8600,CSRNP1
CSRNP2,3830,CSRNP2
CSRNP3,14541,CSRNP3
CSRP1,10311,CSRP1
CSRP2,13850,CSRP2
CSRP3,6112,CSRP3
CST11,5729,CST11
CST6,13878,CST6
CST7,1402,CST7
CST8,5720,CST8
CSTB,10454,CSTB
CSTF1,2445,CSTF1
CSTF2,2571,CSTF2
CSTF2T,14350,CSTF2T
CSTF3,14024,CSTF3
CSTL1,5726,CSTL1
CTBP1,10383,CTBP1
CTBS,4675,CTBS
CTC1,14599,CTC1
CTCF,2735,CTCF
CTCFL,5449,CTCFL
CTDNEP1,13977,CTDNEP1
CTDP1,807,CTDP1
CTDSP1,8585,CTDSP1
CTDSP2,13859,CTDSP2
CTDSPL,8605,CTDSPL
CTDSPL2,7533,CTDSPL2
CTF1,9293,CTF1
CTH,4618,CTH
CTHRC1,11486,CTHRC1
CTIF,6826,CTIF
CTLA4,11067,CTLA4
CTNNA1,602,CTNNA1
CTNNA2,956,CTNNA2
CTNNA3,15455,CTNNA3
CTNNAL1,4889,CTNNAL1
CTNNB1,12272,CTNNB1
CTNNBIP1,14527,CTNNBIP1
CTNNBL1,6661,CTNNBL1
CTNND1,17816,CTNND1
CTNND2,12695,CTNND2
CTNS,568,CTNS
CTPS2,615,CTPS2
CTR9,17879,CTR9
CTRL,8068,CTRL
CTSA,888,CTSA
CTSB,11431,CTSB
CTSC,3713,CTSC
CTSD,4769,CTSD
CTSE,17052,CTSE
CTSF,13647,CTSF
CTSG,2315,CTSG
CTSH,2854,CTSH
CTSK,8386,CTSK
CTSO,44421,CTSO
CTSS,10931,CTSS
CTSW,13345,CTSW
CTSZ,2451,CTSZ
CTTN,1668,CTTN
CTTNBP2,1365,CTTNBP2
CTTNBP2NL,8312,CTTNBP2NL
CTU1,8250,CTU1
CTU2,13664,CTU2
CTXN1,14519,CTXN1
CTXN2,32694,CTXN2
CTXN3,20217,CTXN3
CUBN,3431,CUBN
CUEDC1,14966,CUEDC1
CUEDC2,3465,CUEDC2
CUL1,743,CUL1
CUL2,3490,CUL2
CUL3,527,CUL3
CUL4A,7889,CUL4A
CUL4B,10204,CUL4B
CUL5,11814,CUL5
CUL7,601,CUL7
CUL9,4091,CUL9
CUTA,4072,CUTA
CUTC,4984,CUTC
CUX1,45283,CUX1
CUX2,3866,CUX2
CUZD1,7626,CUZD1
CWC15,9294,CWC15
CWC25,54629,CWC25
CWC27,9612,CWC27
CWF19L1,2030,CWF19L1
CWF19L2,9534,CWF19L2
CWH43,3646,CWH43
CX3CL1,128,CX3CL1
CX3CR1,12343,CX3CR1
CXCL10,12561,CXCL10
CXCL12,3427,CXCL12
CXCL14,8754,CXCL14
CXCL17,16990,CXCL17
CXCL6,5599,CXCL6
CXCL9,7728,CXCL9
CXCR1,11017,CXCR1
CXCR2,14959,CXCR2
CXCR3,16357,CXCR3
CXCR4,5220,CXCR4
CXCR5,10518,CXCR5
CXCR6,13258,CXCR6
CXXC1,9816,CXXC1
CXXC4,12438,CXXC4
CXXC5,13113,CXXC5
CYB561,210,CYB561
CYB561A3,10693,CYB561A3
CYB561D1,13658,CYB561D1
CYB561D2,4283,CYB561D2
CYB5A,11835,CYB5A
CYB5B,2742,CYB5B
CYB5D1,15220,CYB5D1
CYB5D2,12185,CYB5D2
CYB5R1,10346,CYB5R1
CYB5R2,11846,CYB5R2
CYB5R3,2233,CYB5R3
CYB5R4,939,CYB5R4
CYB5RL,23477,CYB5RL
CYBA,693,CYBA
CYBB,11543,CYBB
CYBC1,14589,CYBC1
CYBRD1,1168,CYBRD1
CYC1,14632,CYC1
CYFIP1,54756,CYFIP1
CYFIP2,745,CYFIP2
CYGB,10614,CYGB
CYLD,1605,CYLD
CYP11A1,7970,CYP11A1
CYP17A1,9136,CYP17A1
CYP19A1,7561,CYP19A1
CYP1A1,7973,CYP1A1
CYP1A2,7982,CYP1A2
CYP1B1,7597,CYP1B1
CYP20A1,4868,CYP20A1
CYP21A2,31238,CYP21A2
CYP24A1,389,CYP24A1
CYP26A1,2036,CYP26A1
CYP26B1,34,CYP26B1
CYP26C1,16508,CYP26C1
CYP27A1,7182,CYP27A1
CYP27B1,3839,CYP27B1
CYP2C18,3501,CYP2C18
CYP2E1,6306,CYP2E1
CYP2F1,17462,CYP2F1
CYP2R1,16184,CYP2R1
CYP2S1,12137,CYP2S1
CYP2U1,9836,CYP2U1
CYP2W1,1218,CYP2W1
CYP39A1,8821,CYP39A1
CYP46A1,530,CYP46A1
CYP4B1,8302,CYP4B1
CYP4F22,13198,CYP4F22
CYP4V2,8709,CYP4V2
CYP4X1,16261,CYP4X1
CYP51A1,17,CYP51A1
CYP7A1,12233,CYP7A1
CYP7B1,13399,CYP7B1
CYP8B1,14882,CYP8B1
CYREN,5312,CYREN
CYRIA,17596,FAM49A
CYRIB,9653,FAM49B
CYS1,20350,CYS1
CYSLTR1,13472,CYSLTR1
CYSRT1,17386,CYSRT1
CYSTM1,5035,CYSTM1
CYTH1,3569,CYTH1
CYTH2,3110,CYTH2
CYTH3,207,CYTH3
CYTH4,2172,CYTH4
CYTIP,4373,CYTIP
CYTL1,12933,CYTL1
CYYR1,11813,CYYR1
CZIB,10721,C1orf123
D2HGDH,14969,D2HGDH
DAAM1,2348,DAAM1
DAAM2,8808,DAAM2
DAB1,13521,DAB1
DAB2,9621,DAB2
DAB2IP,7353,DAB2IP
DACH1,56583,DACH1
DACH2,5844,DACH2
DACT1,11643,DACT1
DACT2,11372,DACT2
DACT3,17441,DACT3
DAD1,6159,DAD1
DAG1,13519,DAG1
DAGLA,6963,DAGLA
DAGLB,11382,DAGLB
DALRD3,14453,DALRD3
DAND5,14671,DAND5
DAO,3823,DAO
DAP,4126,DAP
DAP3,6638,DAP3
DAPK1,17239,DAPK1
DAPK2,520,DAPK2
DAPK3,12162,DAPK3
DAPL1,10980,DAPL1
DAPP1,1102,DAPP1
DARS2,4733,DARS2
DAW1,5437,DAW1
DAXX,19845,DAXX
DAZAP1,1160,DAZAP1
DAZAP2,15469,DAZAP2
DAZL,1970,DAZL
DBF4,146,DBF4
DBH,5391,DBH
DBN1,4226,DBN1
DBNDD1,36,DBNDD1
DBNDD2,38179,DBNDD2
DBNL,7260,DBNL
DBP,3125,DBP
DBR1,7637,DBR1
DBT,7584,DBT
DBX1,3711,DBX1
DBX2,16044,DBX2
DCAF1,8655,DCAF1
DCAF10,5308,DCAF10
DCAF11,2402,DCAF11
DCAF12,17961,DCAF12
DCAF13,11488,DCAF13
DCAF15,6536,DCAF15
DCAF17,4487,DCAF17
DCAF5,7909,DCAF5
DCAF6,8330,DCAF6
DCAF7,7287,DCAF7
DCAF8,6650,DCAF8
DCAKD,13439,DCAKD
DCBLD1,11367,DCBLD1
DCBLD2,767,DCBLD2
DCC,16476,DCC
DCDC2,8792,DCDC2
DCDC2B,24802,DCDC2B
DCHS1,11832,DCHS1
DCHS2,17450,DCHS2
DCK,9951,DCK
DCLK1,6712,DCLK1
DCLK2,12818,DCLK2
DCLK3,11100,DCLK3
DCLRE1A,17990,DCLRE1A
DCLRE1B,4835,DCLRE1B
DCLRE1C,9544,DCLRE1C
DCN,300,DCN
DCP1A,54235,DCP1A
DCP1B,9362,DCP1B
DCP2,13395,DCP2
DCPS,3738,DCPS
DCST1,10988,DCST1
DCST2,10987,DCST2
DCSTAMP,11489,DCSTAMP
DCT,1485,DCT
DCTD,6114,DCTD
DCTN1,20093,DCTN1
DCTN2,13856,DCTN2
DCTN3,7414,DCTN3
DCTN4,6683,DCTN4
DCTN5,11959,DCTN5
DCTN6,2944,DCTN6
DCTPP1,14792,DCTPP1
DCUN1D2,9299,DCUN1D2
DCUN1D3,16688,DCUN1D3
DCUN1D4,3647,DCUN1D4
DCUN1D5,7512,DCUN1D5
DCX,1379,DCX
DCXR,12667,DCXR
DDA1,6249,DDA1
DDAH1,9698,DDAH1
DDAH2,22697,DDAH2
DDB1,12255,DDB1
DDB2,6930,DDB2
DDC,6591,DDC
DDHD1,2331,DDHD1
DDHD2,1671,DDHD2
DDI1,12962,DDI1
DDIT3,13853,DDIT3
DDIT4,12309,DDIT4
DDIT4L,8692,DDIT4L
DDN,15063,DDN
DDO,19719,DDO
DDOST,38063,DDOST
DDR1,19994,DDR1
DDR2,10819,DDR2
DDRGK1,17705,DDRGK1
DDX1,1475,DDX1
DDX10,14446,DDX10
DDX11,339,DDX11
DDX17,2215,DDX17
DDX18,1763,DDX18
DDX19A,12460,DDX19A
DDX19B,10096,DDX19B
DDX20,896,DDX20
DDX21,11680,DDX21
DDX23,13674,DDX23
DDX24,1851,DDX24
DDX25,3709,DDX25
DDX27,5494,DDX27
DDX28,15353,DDX28
DDX31,5660,DDX31
DDX39A,5349,DDX39A
DDX39B,17817,DDX39B
DDX3X,23323,DDX3X
DDX3Y,992,DDX3Y
DDX4,9572,DDX4
DDX41,15464,DDX41
DDX42,17724,DDX42
DDX46,8757,DDX46
DDX47,22732,DDX47
DDX49,3162,DDX49
DDX5,3567,DDX5
DDX50,3433,DDX50
DDX51,15940,DDX51
DDX52,57518,DDX52
DDX54,5336,DDX54
DDX55,3891,DDX55
DDX56,7256,DDX56
DDX59,4785,DDX59
DDX6,3771,DDX6
DDX60,7502,DDX60
DEAF1,14224,DEAF1
DECR1,2901,DECR1
DECR2,37472,DECR2
DEDD,10270,DEDD
DEDD2,10507,DEDD2
DEF6,435,DEF6
DEF8,8054,DEF8
DEFB110,19769,DEFB110
DEFB113,23072,DEFB113
DEFB119,14893,DEFB119
DEFB123,14880,DEFB123
DEFB124,14872,DEFB124
DEFB136,20377,DEFB136
DEGS2,12347,DEGS2
DEK,5590,DEK
DELE1,1543,DELE1
DENND10,4994,FAM45A
DENND11,44852,KIAA1147
DENND1A,4913,DENND1A
DENND1B,22325,DENND1B
DENND1C,20334,DENND1C
DENND2A,8909,DENND2A
DENND2C,14000,DENND2C
DENND2D,10837,DENND2D
DENND3,3079,DENND3
DENND4A,13717,DENND4A
DENND4B,17936,DENND4B
DENND4C,7422,DENND4C
DENND5A,15659,DENND5A
DENND5B,12834,DENND5B
DENND6A,13777,DENND6A
DENND6B,20295,DENND6B
DENR,7877,DENR
DEPDC1,440,DEPDC1
DEPDC1B,519,DEPDC1B
DEPDC5,2204,DEPDC5
DEPDC7,5186,DEPDC7
DEPP1,11620,DEPP1
DEPTOR,9906,DEPTOR
DERA,432,DERA
DERL1,7395,DERL1
DERL2,1209,DERL2
DERL3,2144,DERL3
DERPC,-1,
DES,13829,DES
DESI1,2304,DESI1
DESI2,5182,DESI2
DET1,7993,DET1
DEUP1,11583,DEUP1
DEXI,15187,DEXI
DFFA,10416,DFFA
DFFB,12634,DFFB
DGAT1,15892,DGAT1
DGAT2,839,DGAT2
DGAT2L6,15704,DGAT2L6
DGCR2,1111,DGCR2
DGCR8,5990,DGCR8
DGKA,923,DGKA
DGKB,7254,DGKB
DGKD,1364,DGKD
DGKE,9703,DGKE
DGKG,794,DGKG
DGKH,2700,DGKH
DGKI,10134,DGKI
DGKK,55301,DGKK
DGKQ,8669,DGKQ
DGKZ,9168,DGKZ
DGLUCY,6812,DGLUCY
DGUOK,4346,DGUOK
DHCR24,4534,DHCR24
DHCR7,13414,DHCR7
DHDDS,4750,DHDDS
DHDH,2965,DHDH
DHH,7843,DHH
DHODH,2733,DHODH
DHPS,2015,DHPS
DHRS1,10100,DHRS1
DHRS11,57813,DHRS11
DHRS13,12121,DHRS13
DHRS2,2396,DHRS2
DHRS3,10751,DHRS3
DHRS7B,3619,DHRS7B
DHRS7C,15784,DHRS7C
DHRS9,1238,DHRS9
DHTKD1,15024,DHTKD1
DHX15,3681,DHX15
DHX16,19984,DHX16
DHX29,1006,DHX29
DHX30,6544,DHX30
DHX32,1856,DHX32
DHX33,79,DHX33
DHX34,6967,DHX34
DHX35,2537,DHX35
DHX36,13807,DHX36
DHX37,9351,DHX37
DHX38,8022,DHX38
DHX40,3523,DHX40
DHX57,10951,DHX57
DHX58,3579,DHX58
DHX8,1013,DHX8
DHX9,7159,DHX9
DIABLO,15664,DIABLO
DIAPH1,6466,DIAPH1
DIAPH2,8946,DIAPH2
DIAPH3,7878,DIAPH3
DICER1,2371,DICER1
DIDO1,2462,DIDO1
DIMT1,1687,DIMT1
DIO1,21587,DIO1
DIO2,21584,DIO2
DIO3,17447,DIO3
DIP2A,10475,DIP2A
DIP2B,959,DIP2B
DIP2C,9383,DIP2C
DIPK1A,9778,DIPK1A
DIPK1B,11676,DIPK1B
DIPK1C,16571,DIPK1C
DIPK2A,15111,DIPK2A
DIPK2B,8923,DIPK2B
DIRAS1,14107,DIRAS1
DIRAS2,11508,DIRAS2
DIS3,1596,DIS3
DIS3L,11992,DIS3L
DIS3L2,8578,DIS3L2
DISC1,10877,DISC1
DISP1,9757,DISP1
DISP2,7947,DISP2
DISP3,20016,DISP3
DIXDC1,9335,DIXDC1
DKC1,6357,DKC1
DKK1,3480,DKK1
DKK2,9835,DKK2
DKK3,674,DKK3
DKK4,2912,DKK4
DKKL1,2998,DKKL1
DLAT,9336,DLAT
DLC1,11434,DLC1
DLD,1918,DLD
DLEC1,206,DLEC1
DLEU7,16167,DLEU7
DLG1,1321,DLG1
DLG2,9324,DLG2
DLG3,1568,DLG3
DLG4,6611,DLG4
DLG5,9378,DLG5
DLGAP1,12866,DLGAP1
DLGAP2,17648,DLGAP2
DLGAP3,4579,DLGAP3
DLGAP4,1512,DLGAP4
DLGAP5,5857,DLGAP5
DLK1,16034,DLK1
DLK2,13071,DLK2
DLL1,17871,DLL1
DLL3,1903,DLL3
DLL4,6085,DLL4
DLST,4943,DLST
DLX1,8554,DLX1
DLX2,4492,DLX2
DLX3,872,DLX3
DLX4,3589,DLX4
DLX5,3213,DLX5
DLX6,132,DLX6
DMAC1,7399,DMAC1
DMAC2,3080,DMAC2
DMAC2L,5638,DMAC2L
DMAP1,14429,DMAP1
DMBX1,17510,DMBX1
DMC1,2216,DMC1
DMD,18003,DMD
DMGDH,6670,DMGDH
DMKN,10598,DMKN
DMP1,9564,DMP1
DMPK,3005,DMPK
DMRT1,7411,DMRT1
DMRT2,13490,DMRT2
DMRT3,876,DMRT3
DMRTA1,14090,DMRTA1
DMRTA2,8279,DMRTA2
DMRTC2,8194,DMRTC2
DMTN,10279,DMTN
DMWD,16096,DMWD
DMXL1,13409,DMXL1
DMXL2,2874,DMXL2
DNA2,7649,DNA2
DNAAF1,9723,DNAAF1
DNAAF10,37898,WDR92
DNAAF2,11619,DNAAF2
DNAAF3,12158,DNAAF3
DNAAF4,44428,DNAAF4
DNAAF5,11453,DNAAF5
DNAAF9,1793,C20orf194
DNAH1,4332,DNAH1
DNAH10,17534,DNAH10
DNAH11,3211,DNAH11
DNAH12,13780,DNAH12
DNAH14,16110,DNAH14
DNAH17,16572,DNAH17
DNAH2,15640,DNAH2
DNAH3,10232,DNAH3
DNAH5,556,DNAH5
DNAH6,4426,DNAH6
DNAH8,5572,DNAH8
DNAH9,170,DNAH9
DNAI1,5307,DNAI1
DNAI2,13110,DNAI2
DNAI3,10794,WDR63
DNAI4,9581,WDR78
DNAJA1,1682,DNAJA1
DNAJA2,1071,DNAJA2
DNAJA3,2815,DNAJA3
DNAJA4,7963,DNAJA4
DNAJB1,6530,DNAJB1
DNAJB11,1882,DNAJB11
DNAJB12,9130,DNAJB12
DNAJB13,16555,DNAJB13
DNAJB14,11212,DNAJB14
DNAJB2,7179,DNAJB2
DNAJB4,10781,DNAJB4
DNAJB5,7412,DNAJB5
DNAJB6,3235,DNAJB6
DNAJB7,13312,DNAJB7
DNAJB8,14694,DNAJB8
DNAJB9,6042,DNAJB9
DNAJC1,7335,DNAJC1
DNAJC10,1373,DNAJC10
DNAJC11,192,DNAJC11
DNAJC12,3495,DNAJC12
DNAJC13,7638,DNAJC13
DNAJC14,7071,DNAJC14
DNAJC15,5077,DNAJC15
DNAJC16,4535,DNAJC16
DNAJC17,2876,DNAJC17
DNAJC18,12836,DNAJC18
DNAJC19,20402,DNAJC19
DNAJC2,3198,DNAJC2
DNAJC21,12427,DNAJC21
DNAJC22,14498,DNAJC22
DNAJC24,12950,DNAJC24
DNAJC25,804,DNAJC25
DNAJC27,4367,DNAJC27
DNAJC28,14368,DNAJC28
DNAJC3,2687,DNAJC3
DNAJC30,14095,DNAJC30
DNAJC4,3728,DNAJC4
DNAJC5,2449,DNAJC5
DNAJC5B,8992,DNAJC5B
DNAJC5G,11136,DNAJC5G
DNAJC6,4594,DNAJC6
DNAJC7,12320,DNAJC7
DNAJC8,5841,DNAJC8
DNAJC9,22607,DNAJC9
DNAL1,4934,DNAL1
DNAL4,2234,DNAL4
DNALI1,11168,DNALI1
DNASE1,22790,DNASE1
DNASE1L1,338,DNASE1L1
DNASE1L2,12246,DNASE1L2
DNASE1L3,11106,DNASE1L3
DNASE2,3143,DNASE2
DNASE2B,7583,DNASE2B
DND1,44594,DND1
DNER,16620,DNER
DNHD1,14714,DNHD1
DNLZ,22435,DNLZ
DNM1,3376,DNM1
DNM1L,1747,DNM1L
DNM2,1476,DNM2
DNM3,17629,DNM3
DNMBP,3425,DNMBP
DNMT1,6353,DNMT1
DNMT3A,4960,DNMT3A
DNMT3L,8208,DNMT3L
DNPEP,5440,DNPEP
DNPH1,4092,DNPH1
DNTT,3419,DNTT
DNTTIP1,2538,DNTTIP1
DNTTIP2,1007,DNTTIP2
DOC2A,9272,DOC2A
DOC2B,54087,DOC2B
DOCK1,9334,DOCK1
DOCK10,7172,DOCK10
DOCK11,8953,DOCK11
DOCK2,6919,DOCK2
DOCK3,1778,DOCK3
DOCK4,6029,DOCK4
DOCK5,8979,DOCK5
DOCK6,6214,DOCK6
DOCK7,4586,DOCK7
DOCK8,3386,DOCK8
DOCK9,1775,DOCK9
DOHH,6188,DOHH
DOK1,4409,DOK1
DOK2,8976,DOK2
DOK3,8805,DOK3
DOK4,5618,DOK4
DOK5,2444,DOK5
DOK6,20412,DOK6
DOK7,13993,DOK7
DOLK,13871,DOLK
DOLPP1,12039,DOLPP1
DONSON,10306,DONSON
DOP1A,1585,DOP1A
DOP1B,8213,DOP1B
DOT1L,2990,DOT1L
DPAGT1,13271,DPAGT1
DPCD,11788,DPCD
DPEP1,358,DPEP1
DPEP2NB,48619,DPEP2NB
DPEP3,8069,DPEP3
DPF1,292,DPF1
DPF2,6808,DPF2
DPF3,20321,DPF3
DPH1,3617,DPH1
DPH2,6657,DPH2
DPH3,9813,DPH3
DPH5,4728,DPH5
DPH6,6844,DPH6
DPH7,9093,DPH7
DPM1,2,DPM1
DPM2,7374,DPM2
DPM3,14630,DPM3
DPP10,13911,DPP10
DPP3,43685,DPP3
DPP4,17528,DPP4
DPP6,6232,DPP6
DPP7,14214,DPP7
DPP8,1267,DPP8
DPP9,8193,DPP9
DPPA4,5175,DPPA4
DPPA5,19756,DPPA5
DPT,8341,DPT
DPY19L1,13608,DPY19L1
DPY19L2,14422,DPY19L2
DPY19L3,14583,DPY19L3
DPY19L4,9954,DPY19L4
DPY30,10882,DPY30
DPYD,16791,DPYD
DPYS,9006,DPYS
DPYSL2,1989,DPYSL2
DPYSL3,4214,DPYSL3
DPYSL4,9437,DPYSL4
DPYSL5,10150,DPYSL5
DQX1,8517,DQX1
DR1,4721,DR1
DRAM1,7209,DRAM1
DRAM2,9956,DRAM2
DRAP1,13923,DRAP1
DRAXIN,10748,DRAXIN
DRC1,10151,DRC1
DRC3,13201,DRC3
DRC7,10376,DRC7
DRD1,15850,DRD1
DRD2,9195,DRD2
DRD3,9429,DRD3
DRD4,1080,DRD4
DRD5,12650,DRD5
DRG1,16078,DRG1
DRG2,3558,DRG2
DROSHA,4172,DROSHA
DRP2,2668,DRP2
DSC1,6959,DSC1
DSC2,6953,DSC2
DSC3,6958,DSC3
DSCAM,13109,DSCAM
DSCAML1,14237,DSCAML1
DSCC1,7394,DSCC1
DSE,3962,DSE
DSEL,13067,DSEL
DSG2,607,DSG2
DSG3,6954,DSG3
DSG4,13825,DSG4
DSN1,9247,DSN1
DSP,2065,DSP
DST,9477,DST
DSTN,5743,DSTN
DSTYK,6707,DSTYK
DTD1,5725,DTD1
DTD2,6148,DTD2
DTHD1,17336,DTHD1
DTL,8408,DTL
DTNA,6960,DTNA
DTNBP1,623,DTNBP1
DTWD1,2868,DTWD1
DTWD2,12629,DTWD2
DTX1,7026,DTX1
DTX2,1910,DTX2
DTX3,14515,DTX3
DTX3L,11157,DTX3L
DTX4,3732,DTX4
DTYMK,12354,DTYMK
DUOX1,7558,DUOX1
DUOX2,7937,DUOX2
DUOXA1,7930,DUOXA1
DUOXA2,7936,DUOXA2
DUS1L,12664,DUS1L
DUS2,12066,DUS2
DUS3L,8192,DUS3L
DUS4L,3208,DUS4L
DUSP1,5011,DUSP1
DUSP10,8416,DUSP10
DUSP11,8518,DUSP11
DUSP12,1541,DUSP12
DUSP14,56208,DUSP14
DUSP15,9241,DUSP15
DUSP16,3871,DUSP16
DUSP18,12016,DUSP18
DUSP19,10894,DUSP19
DUSP2,10176,DUSP2
DUSP21,16899,DUSP21
DUSP22,4093,DUSP22
DUSP23,10259,DUSP23
DUSP26,6807,DUSP26
DUSP28,16768,DUSP28
DUSP29,16816,DUPD1
DUSP4,5108,DUSP4
DUSP5,7628,DUSP5
DUSP6,7810,DUSP6
DUSP7,11241,DUSP7
DUSP8,15785,DUSP8
DUSP9,6359,DUSP9
DUT,6090,DUT
DVL1,3416,DVL1
DVL2,71,DVL2
DVL3,10593,DVL3
DXO,19894,DXO
DYDC1,12906,DYDC1
DYM,8153,DYM
DYNC1H1,17351,DYNC1H1
DYNC1I1,10244,DYNC1I1
DYNC1I2,1383,DYNC1I2
DYNC1LI1,8593,DYNC1LI1
DYNC1LI2,7139,DYNC1LI2
DYNC2H1,16465,DYNC2H1
DYNC2I1,5869,WDR60
DYNC2I2,4891,WDR34
DYNC2LI1,7594,DYNC2LI1
DYNLL1,1802,DYNLL1
DYNLL2,49351,DYNLL2
DYNLRB1,5773,DYNLRB1
DYNLRB2,12402,DYNLRB2
DYNLT2B,22376,TCTEX1D2
DYNLT3,11544,DYNLT3
DYNLT4,16736,TCTEX1D4
DYNLT5,9580,TCTEX1D1
DYRK1A,10117,DYRK1A
DYRK1B,3051,DYRK1B
DYRK2,5907,DYRK2
DYRK3,8409,DYRK3
DYRK4,248,DYRK4
DYSF,7126,DYSF
DYTN,31432,DYTN
DZANK1,1815,DZANK1
DZIP1,6979,DZIP1
DZIP1L,10192,DZIP1L
DZIP3,17987,DZIP3
E2F1,2520,E2F1
E2F2,196,E2F2
E2F3,4029,E2F3
E2F4,20210,E2F4
E2F5,6791,E2F5
E2F6,12499,E2F6
E2F7,11713,E2F7
E2F8,6113,E2F8
E4F1,12245,E4F1
EAF1,8591,EAF1
EAF2,8660,EAF2
EAPP,6153,EAPP
EARS2,2808,EARS2
EBAG9,9009,EBAG9
EBF1,11333,EBF1
EBF2,24701,EBF2
EBF3,3481,EBF3
EBF4,1795,EBF4
EBI3,3060,EBI3
EBNA1BP2,4701,EBNA1BP2
EBP,8937,EBP
EBPL,5358,EBPL
ECD,5325,ECD
ECE1,4691,ECE1
ECE2,8667,ECE2
ECEL1,13100,ECEL1
ECH1,2969,ECH1
ECHDC1,1998,ECHDC1
ECHDC2,5151,ECHDC2
ECHDC3,6912,ECHDC3
ECHS1,5959,ECHS1
ECI1,12247,ECI1
ECM1,8378,ECM1
ECM2,3368,ECM2
ECPAS,7341,ECPAS
ECRG4,4877,C2orf40
ECSIT,6215,ECSIT
ECT2,4274,ECT2
ECT2L,19698,ECT2L
EDA,10273,EDA
EDA2R,6399,EDA2R
EDAR,7191,EDAR
EDARADD,16216,EDARADD
EDC3,14648,EDC3
EDC4,549,EDC4
EDEM1,6840,EDEM1
EDEM2,1767,EDEM2
EDEM3,4568,EDEM3
EDF1,3400,EDF1
EDIL3,11284,EDIL3
EDN1,1424,EDN1
EDN2,5892,EDN2
EDN3,5480,EDN3
EDNRA,9433,EDNRA
EDNRB,7235,EDNRB
EDRF1,3472,EDRF1
EEA1,2642,EEA1
EED,1256,EED
EEF1A2,2471,EEF1A2
EEF1AKMT1,9303,EEF1AKMT1
EEF1AKMT2,19717,EEF1AKMT2
EEF1AKMT3,5387,EEF1AKMT3
EEF1AKMT4,-1,
EEF1B2,4344,EEF1B2
EEF1D,2935,EEF1D
EEF1E1,5591,EEF1E1
EEF1G,43497,EEF1G
EEF2,12163,EEF2
EEF2K,2800,EEF2K
EEFSEC,6582,EEFSEC
EEPD1,5277,EEPD1
EFCAB11,7915,EFCAB11
EFCAB12,13386,EFCAB12
EFCAB14,10380,EFCAB14
EFCAB2,19678,EFCAB2
EFCAB5,14201,EFCAB5
EFCAB6,16403,EFCAB6
EFCAB7,19768,EFCAB7
EFCAB8,23400,EFCAB8
EFCAB9,22993,EFCAB9
EFCC1,4309,EFCC1
EFEMP1,4419,EFEMP1
EFEMP2,13358,EFEMP2
EFHB,11059,EFHB
EFHC1,2058,EFHC1
EFHC2,15575,EFHC2
EFHD1,4433,EFHD1
EFHD2,8266,EFHD2
EFL1,8002,EFL1
EFNA1,12560,EFNA1
EFNA2,2102,EFNA2
EFNA3,8435,EFNA3
EFNA4,37773,EFNA4
EFNA5,15737,EFNA5
EFNB1,1896,EFNB1
EFNB2,5626,EFNB2
EFNB3,3611,EFNB3
EFR3A,6561,EFR3A
EFR3B,1637,EFR3B
EFS,2393,EFS
EFTUD2,3607,EFTUD2
EGF,7748,EGF
EGFL6,17896,EGFL6
EGFL7,13412,EGFL7
EGFL8,36967,EGFL8
EGFLAM,11327,EGFLAM
EGFR,8869,EGFR
EGLN1,7149,EGLN1
EGLN2,52402,EGLN2
EGLN3,6154,EGLN3
EGR1,5094,EGR1
EGR2,5324,EGR2
EGR3,14689,EGR3
EGR4,7123,EGR4
EHBP1,4438,EHBP1
EHBP1L1,13528,EHBP1L1
EHD1,3734,EHD1
EHD2,439,EHD2
EHD3,324,EHD3
EHD4,2862,EHD4
EHF,7066,EHF
EHHADH,4229,EHHADH
EHMT1,15011,EHMT1
EHMT2,19905,EHMT2
EI24,9229,EI24
EID1,43973,EID1
EID2,14089,EID2
EID2B,14091,EID2B
EID3,43832,EID3
EIF1,13600,EIF1
EIF1AD,13892,EIF1AD
EIF1AX,13575,EIF1AX
EIF1B,4326,EIF1B
EIF2A,8641,EIF2A
EIF2AK1,1690,EIF2AK1
EIF2AK2,748,EIF2AK2
EIF2AK3,13227,EIF2AK3
EIF2AK4,6076,EIF2AK4
EIF2B1,3890,EIF2B1
EIF2B2,4952,EIF2B2
EIF2B3,1132,EIF2B3
EIF2B4,4379,EIF2B4
EIF2B5,8665,EIF2B5
EIF2D,8410,EIF2D
EIF2S1,6820,EIF2S1
EIF2S2,5775,EIF2S2
EIF3A,3429,EIF3A
EIF3B,3277,EIF3B
EIF3D,2279,EIF3D
EIF3E,2916,EIF3E
EIF3F,13894,EIF3F
EIF3G,6350,EIF3G
EIF3H,9013,EIF3H
EIF3I,1630,EIF3I
EIF3K,14603,EIF3K
EIF3L,2198,EIF3L
EIF3M,9169,EIF3M
EIF4A1,10665,EIF4A1
EIF4A2,10050,EIF4A2
EIF4E,9384,EIF4E
EIF4E1B,13963,EIF4E1B
EIF4E2,7183,EIF4E2
EIF4E3,11004,EIF4E3
EIF4EBP2,9131,EIF4EBP2
EIF4EBP3,37655,EIF4EBP3
EIF4ENIF1,15822,EIF4ENIF1
EIF4G1,4339,EIF4G1
EIF4G2,3766,EIF4G2
EIF4G3,1289,EIF4G3
EIF4H,3348,EIF4H
EIF5,2368,EIF5
EIF5A2,11060,EIF5A2
EIF5B,10215,EIF5B
EIF6,37377,EIF6
EIPR1,493,EIPR1
ELAC1,8155,ELAC1
ELAC2,155,ELAC2
ELANE,17496,ELANE
ELAPOR1,4562,KIAA1324
ELAPOR2,11413,KIAA1324L
ELAVL1,957,ELAVL1
ELAVL2,3388,ELAVL2
ELAVL3,17108,ELAVL3
ELAVL4,10717,ELAVL4
ELF1,5081,ELF1
ELF2,3662,ELF2
ELF3,11010,ELF3
ELF4,2615,ELF4
ELF5,7067,ELF5
ELFN1,27180,ELFN1
ELFN2,11976,ELFN2
ELK1,5850,ELK1
ELK3,3850,ELK3
ELK4,10256,ELK4
ELL,3157,ELL
ELL2,4865,ELL2
ELL3,6081,ELL3
ELMO1,9911,ELMO1
ELMO2,844,ELMO2
ELMO3,2717,ELMO3
ELMOD1,3795,ELMOD1
ELMOD2,14688,ELMOD2
ELMOD3,4430,ELMOD3
ELN,663,ELN
ELOA,274,ELOA
ELOB,2809,ELOB
ELOC,9786,ELOC
ELOF1,6217,ELOF1
ELOVL1,968,ELOVL1
ELOVL2,17635,ELOVL2
ELOVL3,4979,ELOVL3
ELOVL4,4804,ELOVL4
ELOVL5,318,ELOVL5
ELOVL6,12854,ELOVL6
ELOVL7,11286,ELOVL7
ELP1,1097,ELP1
ELP2,6956,ELP2
ELP3,6823,ELP3
ELP4,3716,ELP4
ELP5,12792,ELP5
ELP6,11155,ELP6
EMB,12864,EMB
EMC1,5921,EMC1
EMC10,10633,EMC10
EMC2,2917,EMC2
EMC3,5607,EMC3
EMC4,6025,EMC4
EMC6,5950,EMC6
EMC7,6846,EMC7
EMC8,6412,EMC8
EMC9,2405,EMC9
EMCN,11214,EMCN
EMD,2632,EMD
EME1,9826,EME1
EME2,17566,EME2
EMG1,5846,EMG1
EMID1,16407,EMID1
EMILIN1,7606,EMILIN1
EMILIN2,6553,EMILIN2
EMILIN3,15612,EMILIN3
EML1,979,EML1
EML2,5705,EML2
EML3,9219,EML3
EML4,8493,EML4
EML5,11625,EML5
EML6,23061,EML6
EMP1,6920,EMP1
EMP2,22753,EMP2
EMP3,8217,EMP3
EMSY,10250,EMSY
EMX1,7128,EMX1
EMX2,12811,EMX2
EN1,10912,EN1
EN2,11447,EN2
ENAH,9767,ENAH
ENAM,6594,ENAM
ENC1,13118,ENC1
ENDOD1,9183,ENDOD1
ENDOG,12041,ENDOG
ENDOU,3894,ENDOU
ENDOV,13601,ENDOV
ENG,3377,ENG
ENGASE,12068,ENGASE
ENHO,12475,ENHO
ENKD1,5446,ENKD1
ENKUR,9358,ENKUR
ENO2,3928,ENO2
ENO3,3542,ENO3
ENO4,16713,ENO4
ENOPH1,8682,ENOPH1
ENOX1,5072,ENOX1
ENOX2,11662,ENOX2
ENPEP,7744,ENPEP
ENPP1,17513,ENPP1
ENPP2,7393,ENPP2
ENPP3,9753,ENPP3
ENPP4,13,ENPP4
ENPP5,4110,ENPP5
ENPP6,11320,ENPP6
ENPP7,15198,ENPP7
ENSA,8395,ENSA
ENTHD1,14040,ENTHD1
ENTPD1,7633,ENTPD1
ENTPD2,721,ENTPD2
ENTPD3,12271,ENTPD3
ENTPD5,16431,ENTPD5
ENTPD6,17509,ENTPD6
ENTPD7,17650,ENTPD7
ENTPD8,16854,ENTPD8
ENTR1,11668,ENTR1
ENY2,5062,ENY2
EOGT,10995,EOGT
EOMES,11032,EOMES
EP300,2294,EP300
EP400,15519,EP400
EPAS1,4517,EPAS1
EPB41,10294,EPB41
EPB41L1,1773,EPB41L1
EPB41L2,1477,EPB41L2
EPB41L3,1566,EPB41L3
EPB41L4A,6161,EPB41L4A
EPB41L4B,2019,EPB41L4B
EPB41L5,4363,EPB41L5
EPB42,11994,EPB42
EPC1,5068,EPC1
EPC2,7198,EPC2
EPCAM,4973,EPCAM
EPDR1,1692,EPDR1
EPG5,9513,EPG5
EPGN,15304,EPGN
EPHA1,8900,EPHA1
EPHA2,8264,EPHA2
EPHA3,605,EPHA3
EPHA4,4528,EPHA4
EPHA5,8674,EPHA5
EPHA6,1488,EPHA6
EPHA7,7055,EPHA7
EPHA8,1137,EPHA8
EPHB1,9827,EPHB1
EPHB2,6737,EPHB2
EPHB3,15301,EPHB3
EPHB4,17133,EPHB4
EPHB6,3263,EPHB6
EPHX1,8475,EPHX1
EPHX2,5117,EPHX2
EPHX3,3035,EPHX3
EPHX4,13218,EPHX4
EPM2A,4065,EPM2A
EPM2AIP1,14524,EPM2AIP1
EPN1,858,EPN1
EPN2,1179,EPN2
EPN3,660,EPN3
EPO,6268,EPO
EPOP,54661,EPOP
EPOR,16472,EPOR
EPPIN,2536,EPPIN
EPPK1,47763,EPPK1
EPS15,1673,EPS15
EPS15L1,5929,EPS15L1
EPS8,9418,EPS8
EPS8L1,6387,EPS8L1
EPS8L2,14239,EPS8L2
EPS8L3,17895,EPS8L3
EPSTI1,6717,EPSTI1
EPX,5129,EPX
EPYC,1604,EPYC
ERAL1,6620,ERAL1
ERAP1,11324,ERAP1
ERAS,16542,ERAS
ERBB2,8166,ERBB2
ERBB3,924,ERBB3
ERBB4,14525,ERBB4
ERBIN,4115,ERBIN
ERC1,1579,ERC1
ERC2,16539,ERC2
ERCC1,310,ERCC1
ERCC2,2989,ERCC2
ERCC3,10941,ERCC3
ERCC4,13933,ERCC4
ERCC6,27085,ERCC6
ERCC6L,16377,ERCC6L
ERCC8,653,ERCC8
EREG,5600,EREG
ERF,3181,ERF
ERFE,14559,ERFE
ERFL,51805,AC010616.1
ERG,10120,ERG
ERG28,6810,ERG28
ERGIC1,4218,ERGIC1
ERGIC2,1750,ERGIC2
ERGIC3,5776,ERGIC3
ERI1,2940,ERI1
ERI2,17226,ERI2
ERI3,4708,ERI3
ERICH4,20147,ERICH4
ERICH5,14314,ERICH5
ERICH6,11093,ERICH6
ERLEC1,1058,ERLEC1
ERLIN1,3428,ERLIN1
ERLIN2,8982,ERLIN2
ERMAP,11207,ERMAP
ERMN,7301,ERMN
ERMP1,2080,ERMP1
ERN1,14534,ERN1
ERN2,6902,ERN2
ERO1A,17617,ERO1A
ERO1B,1702,ERO1B
ERP27,7765,ERP27
ERP29,1832,ERP29
ERP44,426,ERP44
ERRFI1,4560,ERRFI1
ESAM,9233,ESAM
ESCO1,8112,ESCO1
ESCO2,13041,ESCO2
ESD,7869,ESD
ESF1,1809,ESF1
ESM1,11311,ESM1
ESPL1,7095,ESPL1
ESPNL,8575,ESPNL
ESR1,1943,ESR1
ESR2,7912,ESR2
ESRP1,2918,ESRP1
ESRP2,2758,ESRP2
ESRRA,13464,ESRRA
ESRRB,4951,ESRRB
ESRRG,17162,ESRRG
ESS2,2173,ESS2
ESYT1,7860,ESYT1
ESYT2,4763,ESYT2
ESYT3,10198,ESYT3
ETAA1,8501,ETAA1
ETF1,5087,ETF1
ETFA,7954,ETFA
ETFB,3093,ETFB
ETFBKMT,7778,ETFBKMT
ETFDH,13091,ETFDH
ETFRF1,20327,ETFRF1
ETHE1,3188,ETHE1
ETNK1,7779,ETNK1
ETNK2,8478,ETNK2
ETNPPL,11244,ETNPPL
ETS1,6991,ETS1
ETS2,10121,ETS2
ETV1,137,ETV1
ETV2,3163,ETV2
ETV3,4662,ETV3
ETV3L,42689,ETV3L
ETV4,13978,ETV4
ETV5,38240,ETV5
ETV6,7766,ETV6
EVA1A,4415,EVA1A
EVA1B,8277,EVA1B
EVA1C,12004,EVA1C
EVC,1208,EVC
EVC2,13445,EVC2
EVI2A,5867,EVI2A
EVI2B,16113,EVI2B
EVI5,1003,EVI5
EVI5L,8236,EVI5L
EVL,17129,EVL
EVPL,12227,EVPL
EVX1,3249,EVX1
EVX2,13677,EVX2
EWSR1,15386,EWSR1
EXD1,14606,EXD1
EXD2,1528,EXD2
EXO1,13693,EXO1
EXO5,11204,EXO5
EXOC1,1906,EXOC1
EXOC1L,40395,EXOC1L
EXOC2,4094,EXOC2
EXOC3,14820,EXOC3
EXOC3L1,14618,EXOC3L1
EXOC3L2,-1,
EXOC3L4,20257,EXOC3L4
EXOC4,6471,EXOC4
EXOC5,1107,EXOC5
EXOC6,7634,EXOC6
EXOC6B,8514,EXOC6B
EXOC7,15273,EXOC7
EXOC8,4641,EXOC8
EXOG,10058,EXOG
EXOSC1,13038,EXOSC1
EXOSC10,13165,EXOSC10
EXOSC2,6321,EXOSC2
EXOSC3,3414,EXOSC3
EXOSC4,14582,EXOSC4
EXOSC5,1382,EXOSC5
EXOSC6,25468,EXOSC6
EXOSC7,1329,EXOSC7
EXOSC8,5086,EXOSC8
EXOSC9,5423,EXOSC9
EXPH5,3806,EXPH5
EXT1,15214,EXT1
EXT2,9395,EXT2
EXTL1,10170,EXTL1
EXTL2,10806,EXTL2
EXTL3,316,EXTL3
EYA1,2897,EYA1
EYA2,892,EYA2
EYA3,10191,EYA3
EYA4,4049,EYA4
EZH1,3588,EZH1
EZH2,3312,EZH2
EZR,1981,EZR
F10,5798,F10
F11,1799,F11
F11R,10265,F11R
F12,6420,F12
F13A1,5534,F13A1
F13B,8355,F13B
F2,14839,F2
F2R,15015,F2R
F2RL1,11303,F2RL1
F2RL2,11297,F2RL2
F2RL3,5933,F2RL3
F3,4725,F3
F5,17881,F5
F7,772,F7
F8,15896,F8
F9,2604,F9
FA2H,2759,FA2H
FAAH,4717,FAAH
FAAP100,16023,FAAP100
FAAP20,10768,FAAP20
FAAP24,6522,FAAP24
FABP1,11063,FABP1
FABP12,17452,FABP12
FABP2,8696,FABP2
FABP3,5196,FABP3
FABP4,12800,FABP4
FABP5,11420,FABP5
FABP6,12774,FABP6
FABP7,11360,FABP7
FABP9,20197,FABP9
FADD,12274,FADD
FADS1,9216,FADS1
FADS2,6969,FADS2
FADS3,24760,FADS3
FADS6,13391,FADS6
FAF1,15927,FAF1
FAF2,4146,FAF2
FAH,2858,FAH
FAHD1,14833,FAHD1
FAHD2A,4356,FAHD2A
FAIM2,7093,FAIM2
FAM107A,12340,FAM107A
FAM107B,946,FAM107B
FAM110A,5755,FAM110A
FAM110B,12527,FAM110B
FAM110D,17397,FAM110D
FAM114A1,17546,FAM114A1
FAM114A2,744,FAM114A2
FAM117A,5140,FAM117A
FAM117B,7672,FAM117B
FAM118A,2289,FAM118A
FAM118B,17575,FAM118B
FAM120A,649,FAM120A
FAM120B,4082,FAM120B
FAM120C,15671,FAM120C
FAM124A,9308,FAM124A
FAM124B,5444,FAM124B
FAM131A,13849,FAM131A
FAM131B,10394,FAM131B
FAM131C,16028,FAM131C
FAM133B,33111,FAM133B
FAM135A,1564,FAM135A
FAM135B,9019,FAM135B
FAM136A,517,FAM136A
FAM13A,7700,FAM13A
FAM13B,487,FAM13B
FAM13C,9111,FAM13C
FAM149A,3705,FAM149A
FAM149B1,7641,FAM149B1
FAM151A,10724,FAM151A
FAM151B,9531,FAM151B
FAM161B,9942,FAM161B
FAM162A,4247,FAM162A
FAM162B,15614,FAM162B
FAM163A,8369,FAM163A
FAM163B,17315,FAM163B
FAM167A,9760,FAM167A
FAM167B,15548,FAM167B
FAM168A,737,FAM168A
FAM168B,9496,FAM168B
FAM169A,17902,FAM169A
FAM170A,11336,FAM170A
FAM171A1,9102,FAM171A1
FAM171A2,10636,FAM171A2
FAM171B,8558,FAM171B
FAM174A,13654,FAM174A
FAM174B,16010,FAM174B
FAM174C,-1,
FAM178B,12432,FAM178B
FAM180A,16972,FAM180A
FAM181A,7920,FAM181A
FAM181B,15185,FAM181B
FAM184A,3975,FAM184A
FAM184B,630,FAM184B
FAM185A,24780,FAM185A
FAM186B,7081,FAM186B
FAM187A,23021,FAM187A
FAM193A,5642,FAM193A
FAM193B,8799,FAM193B
FAM199X,5406,FAM199X
FAM204A,11659,FAM204A
FAM20A,3612,FAM20A
FAM20B,4547,FAM20B
FAM20C,14374,FAM20C
FAM210A,14248,FAM210A
FAM210B,5451,FAM210B
FAM216A,20098,FAM216A
FAM216B,14755,FAM216B
FAM217B,17064,FAM217B
FAM219A,11499,FAM219A
FAM219B,14560,FAM219B
FAM221A,16820,FAM221A
FAM222A,7830,FAM222A
FAM222B,13448,FAM222B
FAM227B,11811,FAM227B
FAM228B,23995,FAM228B
FAM229A,27084,FAM229A
FAM229B,19709,FAM229B
FAM234A,12239,FAM234A
FAM234B,1627,FAM234B
FAM240A,-1,
FAM240B,-1,
FAM241A,13763,FAM241A
FAM241B,13023,FAM241B
FAM32A,3028,FAM32A
FAM3A,1165,FAM3A
FAM3B,15625,FAM3B
FAM3C,17299,FAM3C
FAM3D,17840,FAM3D
FAM43A,15929,FAM43A
FAM43B,15428,FAM43B
FAM47E,16934,FAM47E
FAM50A,1164,FAM50A
FAM50B,8779,FAM50B
FAM53A,13656,FAM53A
FAM53B,16971,FAM53B
FAM53C,5089,FAM53C
FAM76A,238,FAM76A
FAM76B,1386,FAM76B
FAM78A,5871,FAM78A
FAM78B,16859,FAM78B
FAM81A,10110,FAM81A
FAM81B,9656,FAM81B
FAM83A,9017,FAM83A
FAM83B,12302,FAM83B
FAM83C,5779,FAM83C
FAM83D,2535,FAM83D
FAM83E,3129,FAM83E
FAM83F,6765,FAM83F
FAM83G,16763,FAM83G
FAM83H,14976,FAM83H
FAM89A,15191,FAM89A
FAM89B,14212,FAM89B
FAM8A1,7468,FAM8A1
FAM91A1,14175,FAM91A1
FAM98A,4966,FAM98A
FAM98B,13030,FAM98B
FAM98C,6235,FAM98C
FAN1,17859,FAN1
FANCA,16560,FANCA
FANCC,10194,FANCC
FANCD2,8580,FANCD2
FANCD2OS,11114,FANCD2OS
FANCE,3992,FANCE
FANCG,24706,FANCG
FANCI,7988,FANCI
FANCL,4421,FANCL
FANCM,16575,FANCM
FANK1,19710,FANK1
FAP,1409,FAP
FAR1,17516,FAR1
FAR2,898,FAR2
FARP1,9583,FARP1
FARP2,143,FARP2
FARS2,8783,FARS2
FARSA,14638,FARSA
FARSB,4530,FARSB
FASLG,4729,FASLG
FASN,12660,FASN
FASTK,11474,FASTK
FASTKD1,7664,FASTKD1
FASTKD2,4791,FASTKD2
FASTKD3,5506,FASTKD3
FASTKD5,23303,FASTKD5
FAT1,1614,FAT1
FAT2,1699,FAT2
FAT3,11582,FAT3
FAT4,17041,FAT4
FAU,9265,FAU
FAXC,8827,FAXC
FBF1,16864,FBF1
FBH1,6908,FBH1
FBL,3050,FBL
FBLIM1,10744,FBLIM1
FBLL1,16774,FBLL1
FBLN1,1400,FBLN1
FBLN2,11041,FBLN2
FBLN5,7922,FBLN5
FBLN7,8529,FBLN7
FBN1,11776,FBN1
FBN2,7755,FBN2
FBP1,11539,FBP1
FBP2,6373,FBP2
FBRS,10033,FBRS
FBRSL1,4109,FBRSL1
FBXL12,5920,FBXL12
FBXL13,10581,FBXL13
FBXL14,13164,FBXL14
FBXL15,3464,FBXL15
FBXL16,5940,FBXL16
FBXL17,8743,FBXL17
FBXL18,9838,FBXL18
FBXL19,2096,FBXL19
FBXL2,9670,FBXL2
FBXL20,3507,FBXL20
FBXL22,17434,FBXL22
FBXL3,106,FBXL3
FBXL4,4026,FBXL4
FBXL5,4829,FBXL5
FBXL6,15240,FBXL6
FBXL7,15541,FBXL7
FBXL8,7140,FBXL8
FBXO10,9040,FBXO10
FBXO11,7607,FBXO11
FBXO15,8160,FBXO15
FBXO16,22864,FBXO16
FBXO17,52190,FBXO17
FBXO2,4589,FBXO2
FBXO21,7019,FBXO21
FBXO22,12054,FBXO22
FBXO24,3291,FBXO24
FBXO25,8961,FBXO25
FBXO27,10597,FBXO27
FBXO28,8460,FBXO28
FBXO3,3777,FBXO3
FBXO30,4817,FBXO30
FBXO31,2792,FBXO31
FBXO32,10029,FBXO32
FBXO33,11586,FBXO33
FBXO34,14600,FBXO34
FBXO36,9692,FBXO36
FBXO38,8765,FBXO38
FBXO39,14277,FBXO39
FBXO4,9471,FBXO4
FBXO40,11156,FBXO40
FBXO41,10900,FBXO41
FBXO42,539,FBXO42
FBXO43,10001,FBXO43
FBXO44,6679,FBXO44
FBXO45,13639,FBXO45
FBXO46,14229,FBXO46
FBXO47,20133,FBXO47
FBXO48,20121,FBXO48
FBXO5,3988,FBXO5
FBXO6,4590,FBXO6
FBXO7,2225,FBXO7
FBXO8,11260,FBXO8
FBXO9,4009,FBXO9
FBXW11,1205,FBXW11
FBXW2,4898,FBXW2
FBXW4,3456,FBXW4
FBXW5,10297,FBXW5
FBXW7,3687,FBXW7
FBXW8,13813,FBXW8
FBXW9,6532,FBXW9
FCER1G,10284,FCER1G
FCER2,3004,FCER2
FCF1,4925,FCF1
FCGR1A,9295,FCGR1A
FCGRT,2983,FCGRT
FCHO1,6272,FCHO1
FCHO2,10067,FCHO2
FCHSD1,17624,FCHSD1
FCHSD2,7478,FCHSD2
FCMR,10864,FCMR
FCN1,1649,FCN1
FCRLA,6549,FCRLA
FCRLB,10826,FCRLB
FCSK,10098,FUK
FDFT1,1467,FDFT1
FDPS,10530,FDPS
FDX1,7520,FDX1
FDX2,51633,FDX2
FDXACB1,44217,FDXACB1
FECH,990,FECH
FEM1B,12500,FEM1B
FEM1C,8747,FEM1C
FEN1,12382,FEN1
FER,9407,FER
FER1L5,39648,FER1L5
FER1L6,23134,FER1L6
FERD3L,8868,FERD3L
FERMT1,2496,FERMT1
FERMT2,1236,FERMT2
FERMT3,9261,FERMT3
FES,15282,FES
FETUB,1881,FETUB
FEV,11028,FEV
FEZ1,9232,FEZ1
FEZ2,12976,FEZ2
FEZF1,6052,FEZF1
FEZF2,9647,FEZF2
FFAR1,5812,FFAR1
FFAR2,5810,FFAR2
FFAR4,16212,FFAR4
FGB,13105,FGB
FGD1,2657,FGD1
FGD2,8813,FGD2
FGD3,5889,FGD3
FGD4,7771,FGD4
FGD5,9811,FGD5
FGD6,14851,FGD6
FGF1,4199,FGF1
FGF10,1103,FGF10
FGF11,10664,FGF11
FGF12,4269,FGF12
FGF13,6172,FGF13
FGF14,2676,FGF14
FGF16,17157,FGF16
FGF17,10274,FGF17
FGF18,9987,FGF18
FGF2,7716,FGF2
FGF20,1428,FGF20
FGF21,3132,FGF21
FGF22,1109,FGF22
FGF23,4863,FGF23
FGF3,16382,FGF3
FGF4,1303,FGF4
FGF5,7713,FGF5
FGF6,3863,FGF6
FGF7,7940,FGF7
FGF8,3457,FGF8
FGF9,2690,FGF9
FGFBP1,7470,FGFBP1
FGFBP3,13758,FGFBP3
FGFR1,1397,FGFR1
FGFR1OP2,3956,FGFR1OP2
FGFR2,976,FGFR2
FGFR3,1030,FGFR3
FGFR4,10549,FGFR4
FGFRL1,5916,FGFRL1
FGG,13102,FGG
FGGY,13320,FGGY
FGL1,2958,FGL1
FGL2,5968,FGL2
FGR,5,FGR
FH,1928,FH
FHAD1,8262,FHAD1
FHDC1,7473,FHDC1
FHIP1A,11271,FAM160A1
FHIP1B,687,FAM160A2
FHIP2A,9425,FAM160B1
FHIP2B,10281,FAM160B2
FHIT,16963,FHIT
FHL2,4463,FHL2
FHL3,15495,FHL3
FHL5,4023,FHL5
FHOD1,7141,FHOD1
FHOD3,6961,FHOD3
FIBCD1,6324,FIBCD1
FIBIN,14211,FIBIN
FIBP,13338,FIBP
FICD,17949,FICD
FIG4,4058,FIG4
FIGLA,15588,FIGLA
FIGN,15229,FIGN
FIGNL1,6590,FIGNL1
FIGNL2,47886,FIGNL2
FILIP1,4805,FILIP1
FILIP1L,12352,FILIP1L
FIS1,22940,FIS1
FITM1,7897,FITM1
FITM2,17413,FITM2
FIZ1,14789,FIZ1
FJX1,14699,FJX1
FKBP10,8173,FKBP10
FKBP11,6877,FKBP11
FKBP14,3257,FKBP14
FKBP15,4888,FKBP15
FKBP1B,4963,FKBP1B
FKBP2,13539,FKBP2
FKBP3,2313,FKBP3
FKBP4,51,FKBP4
FKBP5,2052,FKBP5
FKBP6,1398,FKBP6
FKBP7,1450,FKBP7
FKBP8,3175,FKBP8
FKBP9,5289,FKBP9
FKBPL,19885,FKBPL
FKRP,15000,FKRP
FKTN,3353,FKTN
FLACC1,9901,ALS2CR12
FLAD1,10520,FLAD1
FLCN,9812,FLCN
FLI1,9449,FLI1
FLII,14380,FLII
FLNA,17294,FLNA
FLNB,7213,FLNB
FLNC,6043,FLNC
FLOT1,7456,FLOT1
FLOT2,6619,FLOT2
FLRT1,5828,FLRT1
FLRT2,15918,FLRT2
FLRT3,5737,FLRT3
FLT1,2697,FLT1
FLT3,5225,FLT3
FLT3LG,1886,FLT3LG
FLT4,537,FLT4
FLVCR1,10833,FLVCR1
FLVCR2,4941,FLVCR2
FLYWCH1,795,FLYWCH1
FLYWCH2,10686,FLYWCH2
FMC1,11476,FMC1
FMN1,39133,FMN1
FMN2,9907,FMN2
FMNL1,15868,FMNL1
FMNL2,10147,FMNL2
FMNL3,10639,FMNL3
FMO1,273,FMO1
FMO2,2011,FMO2
FMO3,193,FMO3
FMO4,1340,FMO4
FMO5,6500,FMO5
FMOD,5241,FMOD
FMR1,2625,FMR1
FN1,4422,FN1
FN3K,12085,FN3K
FN3KRP,8140,FN3KRP
FNBP1,16464,FNBP1
FNBP1L,7571,FNBP1L
FNBP4,3719,FNBP4
FNDC1,11424,FNDC1
FNDC10,28990,FNDC10
FNDC11,5670,FNDC11
FNDC3A,2680,FNDC3A
FNDC3B,1309,FNDC3B
FNDC4,4382,FNDC4
FNDC5,10426,FNDC5
FNDC7,8316,FNDC7
FNDC8,1231,FNDC8
FNDC9,13349,FNDC9
FNIP1,23691,FNIP1
FNIP2,701,FNIP2
FNTA,12389,FNTA
FNTB,44993,FNTB
FOCAD,16722,FOCAD
FOLH1,1689,FOLH1
FOLR2,11603,FOLR2
FOS,12804,FOS
FOSB,5701,FOSB
FOSL1,13932,FOSL1
FOSL2,1310,FOSL2
FOXA1,6151,FOXA1
FOXA2,5714,FOXA2
FOXA3,12873,FOXA3
FOXB1,13199,FOXB1
FOXB2,20007,FOXB2
FOXC1,729,FOXC1
FOXC2,14139,FOXC2
FOXD1,40862,FOXD1
FOXD2,16308,FOXD2
FOXD3,16442,FOXD3
FOXE1,14586,FOXE1
FOXE3,16352,FOXE3
FOXF1,2784,FOXF1
FOXF2,7449,FOXF2
FOXG1,14037,FOXG1
FOXH1,10569,FOXH1
FOXI1,12325,FOXI1
FOXI2,16347,FOXI2
FOXI3,22983,FOXI3
FOXJ1,6166,FOXJ1
FOXJ2,952,FOXJ2
FOXJ3,17922,FOXJ3
FOXK1,11480,FOXK1
FOXK2,8143,FOXK2
FOXL1,14136,FOXL1
FOXL2,15600,FOXL2
FOXL3,39046,AC187653.1
FOXM1,3856,FOXM1
FOXN1,3633,FOXN1
FOXN2,12910,FOXN2
FOXN3,706,FOXN3
FOXN4,7831,FOXN4
FOXO1,9346,FOXO1
FOXO3,4837,FOXO3
FOXO4,15770,FOXO4
FOXO6,19797,FOXO6
FOXP1,4338,FOXP1
FOXP2,6038,FOXP2
FOXP3,668,FOXP3
FOXP4,7425,FOXP4
FOXQ1,11345,FOXQ1
FOXR2,16967,FOXR2
FOXRED1,3740,FOXRED1
FOXRED2,2277,FOXRED2
FOXS1,14750,FOXS1
FPGS,7366,FPGS
FPGT,43417,FPGT
FPR1,12973,FPR1
FRA10AC1,9126,FRA10AC1
FRAS1,7732,FRAS1
FREM1,11493,FREM1
FREM2,9345,FREM2
FREM3,15423,FREM3
FRK,3961,FRK
FRMD3,13243,FRMD3
FRMD4A,9415,FRMD4A
FRMD4B,4298,FRMD4B
FRMD5,13183,FRMD5
FRMD6,7900,FRMD6
FRMD7,11669,FRMD7
FRMD8,5818,FRMD8
FRMPD1,1119,FRMPD1
FRMPD2,12801,FRMPD2
FRMPD3,8951,FRMPD3
FRMPD4,12716,FRMPD4
FRRS1,10034,FRRS1
FRRS1L,47078,FRRS1L
FRS2,11802,FRS2
FRS3,7438,FRS3
FRY,1246,FRY
FRYL,1313,FRYL
FRZB,10893,FRZB
FSBP,50309,FSBP
FSCN1,1315,FSCN1
FSCN2,16346,FSCN2
FSCN3,3287,FSCN3
FSD1,3064,FSD1
FSD1L,3354,FSD1L
FSD2,16322,FSD2
FSHB,6504,FSHB
FSHR,12914,FSHR
FSIP1,9323,FSIP1
FSIP2,16822,FSIP2
FST,6895,FST
FSTL1,11008,FSTL1
FSTL3,1110,FSTL3
FSTL4,705,FSTL4
FSTL5,12458,FSTL5
FTCD,10468,FTCD
FTH1,12260,FTH1
FTMT,15139,FTMT
FTO,8014,FTO
FTSJ1,1043,FTSJ1
FTSJ3,3559,FTSJ3
FUBP1,10779,FUBP1
FUBP3,3393,FUBP3
FUCA1,14651,FUCA1
FUCA2,7,FUCA2
FUNDC1,1077,FUNDC1
FUOM,9138,FUOM
FURIN,7999,FURIN
FUS,1834,FUS
FUT1,13806,FUT1
FUT10,13373,FUT10
FUT11,17308,FUT11
FUT4,17116,FUT4
FUT7,14903,FUT7
FUT8,501,FUT8
FUT9,13325,FUT9
FUZ,261,FUZ
FXN,11516,FXN
FXR1,4285,FXR1
FXR2,6125,FXR2
FXYD1,51056,FXYD1
FXYD2,7524,FXYD2
FXYD3,1839,FXYD3
FXYD4,9287,FXYD4
FXYD6,7522,FXYD6
FXYD7,24750,FXYD7
FYB2,16602,FYB2
FYCO1,11151,FYCO1
FYN,271,FYN
FYTTD1,5232,FYTTD1
FZD1,10086,FZD1
FZD10,3897,FZD10
FZD2,14864,FZD2
FZD3,2894,FZD3
FZD4,13772,FZD4
FZD5,10961,FZD5
FZD6,11485,FZD6
FZD7,9904,FZD7
FZD8,14275,FZD8
FZD9,16828,FZD9
FZR1,3076,FZR1
G0S2,5420,G0S2
G2E3,1961,G2E3
G3BP1,8770,G3BP1
G3BP2,7730,G3BP2
G6PC2,9519,G6PC2
G6PC3,8092,G6PC3
GAA,13033,GAA
GAB1,3668,GAB1
GAB2,503,GAB2
GAB3,10458,GAB3
GABARAP,12794,GABARAP
GABARAPL1,7767,GABARAPL1
GABARAPL2,514,GABARAPL2
GABBR1,20042,GABBR1
GABBR2,7377,GABBR2
GABPA,9803,GABPA
GABPB1,2871,GABPB1
GABPB2,8405,GABPB2
GABRA1,416,GABRA1
GABRA2,9466,GABRA2
GABRA3,308,GABRA3
GABRA4,3641,GABRA4
GABRA5,16239,GABRA5
GABRA6,8763,GABRA6
GABRB1,10970,GABRB1
GABRB2,8764,GABRB2
GABRB3,11798,GABRB3
GABRD,16556,GABRD
GABRG1,10968,GABRG1
GABRG2,4169,GABRG2
GABRG3,15226,GABRG3
GABRP,2004,GABRP
GABRQ,51829,GABRQ
GABRR1,8828,GABRR1
GABRR2,3978,GABRR2
GABRR3,15448,GABRR3
GAD1,6061,GAD1
GAD2,7332,GAD2
GADD45A,4606,GADD45A
GADD45B,2125,GADD45B
GADD45G,6230,GADD45G
GADD45GIP1,14669,GADD45GIP1
GADL1,8595,GADL1
GAK,14594,GAK
GAL,1075,GAL
GAL3ST1,5994,GAL3ST1
GAL3ST3,13864,GAL3ST3
GAL3ST4,17349,GAL3ST4
GALC,739,GALC
GALE,4693,GALE
GALK1,3537,GALK1
GALK2,10044,GALK2
GALM,8490,GALM
GALNS,8056,GALNS
GALNT1,8106,GALNT1
GALNT10,11387,GALNT10
GALNT11,14474,GALNT11
GALNT12,4912,GALNT12
GALNT13,8545,GALNT13
GALNT14,10181,GALNT14
GALNT15,6442,GALNT15
GALNT16,2360,GALNT16
GALNT17,15972,GALNT17
GALNT18,3768,GALNT18
GALNT2,8448,GALNT2
GALNT3,4410,GALNT3
GALNT4,45108,GALNT4
GALNT5,7302,GALNT5
GALNT6,7856,GALNT6
GALNT7,3680,GALNT7
GALNT9,15365,GALNT9
GALNTL5,3346,GALNTL5
GALNTL6,13714,GALNTL6
GALP,17478,GALP
GALR1,11899,GALR1
GALR2,15327,GALR2
GALR3,6012,GALR3
GALT,22799,GALT
GAMT,6198,GAMT
GAN,48109,GAN
GANAB,1844,GANAB
GANC,22841,GANC
GAP43,13216,GAP43
GAPDHS,3167,GAPDHS
GAPT,13981,GAPT
GAPVD1,11561,GAPVD1
GAR1,3676,GAR1
GAREM1,8111,GAREM1
GAREM2,10148,GAREM2
GARNL3,7372,GARNL3
GARRE1,11848,KIAA0355
GART,10304,GART
GAS1,14887,GAS1
GAS2,9153,GAS2
GAS2L1,15990,GAS2L1
GAS2L2,52950,GAS2L2
GAS2L3,7820,GAS2L3
GAS6,15422,GAS6
GAS7,173,GAS7
GAS8,8057,GAS8
GASK1A,8599,FAM198A
GASK1B,11266,FAM198B
GAST,15776,GAST
GATA1,2636,GATA1
GATA2,14682,GATA2
GATA3,3420,GATA3
GATA4,7306,GATA4
GATA5,6314,GATA5
GATA6,8114,GATA6
GATAD1,10087,GATAD1
GATAD2A,12108,GATAD2A
GATAD2B,8439,GATAD2B
GATB,801,GATB
GATC,44914,GATC
GATD1,14265,GATD1
GATD3,10459,GATD3A
GATM,13145,GATM
GBA2,1120,GBA2
GBE1,4292,GBE1
GBF1,3461,GBF1
GBGT1,9068,GBGT1
GBP5,9772,GBP5
GBX1,11477,GBX1
GBX2,12385,GBX2
GC,8684,GC
GCA,4395,GCA
GCAT,2194,GCAT
GCC1,14717,GCC1
GCC2,7193,GCC2
GCDH,3140,GCDH
GCFC2,96,GCFC2
GCG,4391,GCG
GCGR,23428,GCGR
GCH1,6526,GCH1
GCHFR,7568,GCHFR
GCK,3342,GCK
GCKR,1640,GCKR
GCLC,8,GCLC
GCLM,437,GCLM
GCM1,7448,GCM1
GCM2,5595,GCM2
GCN1,1821,GCN1
GCNT1,16459,GCNT1
GCNT3,7942,GCNT3
GCNT4,14202,GCNT4
GCSAM,13720,GCSAM
GCSH,8034,GCSH
GDA,4874,GDA
GDAP1,2914,GDAP1
GDAP1L1,5475,GDAP1L1
GDAP2,17168,GDAP2
GDE1,114,GDE1
GDF1,6239,GDF1
GDF10,50768,GDF10
GDF11,7077,GDF11
GDF15,6279,GDF15
GDF2,48935,GDF2
GDF3,15734,GDF3
GDF5,5768,GDF5
GDF6,9990,GDF6
GDF7,8485,GDF7
GDF9,11353,GDF9
GDI1,19747,GDI1
GDI2,773,GDI2
GDNF,12409,GDNF
GDPD1,9709,GDPD1
GDPD2,6209,GDPD2
GDPD3,2716,GDPD3
GDPD4,14567,GDPD4
GDPD5,10243,GDPD5
GDPGP1,15454,GDPGP1
GEM,11494,GEM
GEMIN2,1967,GEMIN2
GEMIN4,14695,GEMIN4
GEMIN5,1573,GEMIN5
GEMIN6,9503,GEMIN6
GEMIN7,8221,GEMIN7
GEMIN8,608,GEMIN8
GEN1,14482,GEN1
GET1,15183,WRB
GET3,17754,ASNA1
GET4,36319,GET4
GFAP,6402,GFAP
GFER,5935,GFER
GFI1,10801,GFI1
GFI1B,11673,GFI1B
GFM1,12455,GFM1
GFM2,11341,GFM2
GFOD1,8784,GFOD1
GFOD2,8070,GFOD2
GFPT1,17760,GFPT1
GFPT2,6452,GFPT2
GFRA1,9475,GFRA1
GFRA2,12395,GFRA2
GFRA3,8790,GFRA3
GFRA4,5740,GFRA4
GFRAL,16601,GFRAL
GFUS,2933,TSTA3
GFY,48318,GFY
GGA1,2182,GGA1
GGA2,2810,GGA2
GGA3,5650,GGA3
GGACT,6976,GGACT
GGCT,145,GGCT
GGCX,4436,GGCX
GGH,7496,GGH
GGN,14653,GGN
GGNBP2,57670,GGNBP2
GGPS1,9594,GGPS1
GGT5,2155,GGT5
GGT6,12186,GGT6
GGT7,6396,GGT7
GHDC,12238,GHDC
GHITM,11663,GHITM
GHR,4124,GHR
GHRH,4839,GHRH
GHRHR,3265,GHRHR
GHRL,10055,GHRL
GHSR,5202,GHSR
GID4,8062,GID4
GID8,2463,GID8
GIGYF1,8890,GIGYF1
GIGYF2,19814,GIGYF2
GIMAP1,22423,GIMAP1
GIMAP4,6769,GIMAP4
GIMAP7,14646,GIMAP7
GIMAP8,12989,GIMAP8
GIMD1,40029,GIMD1
GIN1,8736,GIN1
GINM1,747,GINM1
GINS1,2424,GINS1
GINS2,6415,GINS2
GINS3,15152,GINS3
GINS4,8990,GINS4
GIP,10326,GIP
GIPC1,5354,GIPC1
GIPC2,7577,GIPC2
GIPC3,14765,GIPC3
GIPR,256,GIPR
GIT1,3505,GIT1
GIT2,7828,GIT2
GJA1,9570,GJA1
GJA10,7061,GJA10
GJA3,5191,GJA3
GJA4,16494,GJA4
GJA5,49833,GJA5
GJA8,5181,GJA8
GJB1,12626,GJB1
GJB2,11607,GJB2
GJB3,16871,GJB3
GJB4,17002,GJB4
GJB5,16962,GJB5
GJB6,5190,GJB6
GJC1,15390,GJC1
GJC2,17934,GJC2
GJC3,14092,GJC3
GJD2,10331,GJD2
GJD3,15439,GJD3
GJD4,14276,GJD4
GJE1,19697,GJE1
GK2,17160,GK2
GK5,13826,GK5
GKAP1,11529,GKAP1
GKN1,12637,GKN1
GKN2,15547,GKN2
GLA,2671,GLA
GLB1,12784,GLB1
GLB1L,11042,GLB1L
GLB1L2,9201,GLB1L2
GLB1L3,11762,GLB1L3
GLCCI1,3307,GLCCI1
GLCE,7689,GLCE
GLDC,14506,GLDC
GLDN,16269,GLDN
GLE1,4894,GLE1
GLG1,1899,GLG1
GLI1,3846,GLI1
GLI2,1249,GLI2
GLI3,3329,GLI3
GLIPR1,7804,GLIPR1
GLIPR1L2,14892,GLIPR1L2
GLIPR2,5298,GLIPR2
GLIS1,13685,GLIS1
GLIS2,5839,GLIS2
GLIS3,3402,GLIS3
GLMN,13779,GLMN
GLMP,17869,GLMP
GLO1,5579,GLO1
GLOD4,12173,GLOD4
GLOD5,13060,GLOD5
GLP1R,4012,GLP1R
GLP2R,921,GLP2R
GLRA1,8768,GLRA1
GLRA2,2599,GLRA2
GLRA3,8708,GLRA3
GLRB,3696,GLRB
GLRX,13482,GLRX
GLRX3,3482,GLRX3
GLRX5,15283,GLRX5
GLS,4424,GLS
GLS2,7078,GLS2
GLT1D1,9481,GLT1D1
GLT6D1,19781,GLT6D1
GLT8D1,371,GLT8D1
GLT8D2,5102,GLT8D2
GLTP,7827,GLTP
GLTPD2,15242,GLTPD2
GLUL,7155,GLUL
GLYAT,9171,GLYAT
GLYATL3,19771,GLYATL3
GLYCTK,12315,GLYCTK
GLYR1,8006,GLYR1
GM2A,17244,GM2A
GMDS,4097,GMDS
GMEB1,10734,GMEB1
GMEB2,2473,GMEB2
GMFB,17331,GMFB
GMFG,6336,GMFG
GMIP,1845,GMIP
GMNC,20357,GMNC
GMNN,4048,GMNN
GMPPA,8589,GMPPA
GMPPB,13545,GMPPB
GMPR,7431,GMPR
GMPR2,2411,GMPR2
GMPS,11095,GMPS
GNA11,1765,GNA11
GNA12,8860,GNA12
GNA13,5004,GNA13
GNA14,9941,GNA14
GNA15,814,GNA15
GNAI1,5971,GNAI1
GNAI2,4276,GNAI2
GNAI3,913,GNAI3
GNAL,8102,GNAL
GNAO1,1734,GNAO1
GNAT1,4275,GNAT1
GNAT2,6848,GNAT2
GNAT3,23010,GNAT3
GNAZ,6000,GNAZ
GNB1,1422,GNB1
GNB1L,16108,GNB1L
GNB2,13298,GNB2
GNB3,3921,GNB3
GNB4,4289,GNB4
GNB5,1089,GNB5
GNE,10410,GNE
GNG10,37476,GNG10
GNG11,5962,GNG11
GNG12,13307,GNG12
GNG13,5942,GNG13
GNG2,16284,GNG2
GNG3,10696,GNG3
GNG4,12316,GNG4
GNG5,13642,GNG5
GNG7,14113,GNG7
GNG8,12096,GNG8
GNGT1,5964,GNGT1
GNGT2,12021,GNGT2
GNL1,19999,GNL1
GNL2,6946,GNL2
GNL3,11188,GNL3
GNL3L,6211,GNL3L
GNMT,5571,GNMT
GNPAT,4642,GNPAT
GNPDA1,4194,GNPDA1
GNPDA2,10966,GNPDA2
GNPNAT1,2330,GNPNAT1
GNPTAB,3926,GNPTAB
GNPTG,1888,GNPTG
GNRH1,8974,GNRH1
GNRHR,3642,GNRHR
GNS,7131,GNS
GOLGA1,7383,GOLGA1
GOLGA3,1890,GOLGA3
GOLGA4,8604,GOLGA4
GOLGA5,975,GOLGA5
GOLGA7,8988,GOLGA7
GOLGA7B,9859,GOLGA7B
GOLGB1,13485,GOLGB1
GOLIM4,13617,GOLIM4
GOLM1,7007,GOLM1
GOLM2,11925,CASC4
GOLPH3,4176,GOLPH3
GOLPH3L,8404,GOLPH3L
GOLT1A,13731,GOLT1A
GOLT1B,3938,GOLT1B
GON7,12785,GON7
GOPC,632,GOPC
GORAB,5048,GORAB
GORASP1,4320,GORASP1
GORASP2,4483,GORASP2
GOSR1,3555,GOSR1
GOSR2,3527,GOSR2
GOT1,5000,GOT1
GOT1L1,12533,GOT1L1
GOT2,5617,GOT2
GP1BA,15960,GP1BA
GP1BB,19666,GP1BB
GP2,12586,GP2
GP5,14555,GP5
GP6,1761,GP6
GP9,12659,GP9
GPA33,8331,GPA33
GPAA1,17590,GPAA1
GPAM,4983,GPAM
GPANK1,19937,GPANK1
GPAT2,16236,GPAT2
GPAT3,7714,GPAT3
GPAT4,10252,GPAT4
GPATCH1,1351,GPATCH1
GPATCH11,9501,GPATCH11
GPATCH2,1991,GPATCH2
GPATCH2L,1858,GPATCH2L
GPATCH3,17889,GPATCH3
GPATCH4,10545,GPATCH4
GPATCH8,16309,GPATCH8
GPBAR1,14781,GPBAR1
GPBP1,838,GPBP1
GPBP1L1,10372,GPBP1L1
GPC1,864,GPC1
GPC2,22540,GPC2
GPC3,8956,GPC3
GPC4,1355,GPC4
GPC5,14691,GPC5
GPC6,15426,GPC6
GPCPD1,5708,GPCPD1
GPD1,12135,GPD1
GPD1L,9569,GPD1L
GPD2,4371,GPD2
GPER1,11463,GPER1
GPHA2,9257,GPHA2
GPHB5,14726,GPHB5
GPHN,13137,GPHN
GPI,3054,GPI
GPKOW,1041,GPKOW
GPLD1,4038,GPLD1
GPM6A,9316,GPM6A
GPM6B,610,GPM6B
GPN1,17803,GPN1
GPN2,8283,GPN2
GPN3,3861,GPN3
GPNMB,7245,GPNMB
GPR101,11588,GPR101
GPR107,9087,GPR107
GPR108,5699,GPR108
GPR119,8957,GPR119
GPR12,6697,GPR12
GPR135,15091,GPR135
GPR137,13494,GPR137
GPR137B,1392,GPR137B
GPR137C,14988,GPR137C
GPR139,14853,GPR139
GPR141,16418,GPR141
GPR142,44815,GPR142
GPR143,2579,GPR143
GPR146,11462,GPR146
GPR149,13804,GPR149
GPR15,9737,GPR15
GPR151,13489,GPR151
GPR152,13915,GPR152
GPR153,10205,GPR153
GPR155,10979,GPR155
GPR156,13948,GPR156
GPR157,14934,GPR157
GPR158,9359,GPR158
GPR160,13614,GPR160
GPR161,8322,GPR161
GPR162,40186,GPR162
GPR17,8542,GPR17
GPR171,13803,GPR171
GPR173,15697,GPR173
GPR174,8933,GPR174
GPR176,11757,GPR176
GPR179,57071,GPR179
GPR18,5620,GPR18
GPR180,9579,GPR180
GPR182,11963,GPR182
GPR183,12618,GPR183
GPR19,15438,GPR19
GPR20,20107,GPR20
GPR21,16735,GPR21
GPR22,13257,GPR22
GPR25,12754,GPR25
GPR26,9774,GPR26
GPR27,12919,GPR27
GPR3,15117,GPR3
GPR31,5049,GPR31
GPR33,23190,GPR33
GPR34,13126,GPR34
GPR35,14535,GPR35
GPR37,12900,GPR37
GPR37L1,12744,GPR37L1
GPR39,15624,GPR39
GPR4,14317,GPR4
GPR45,7195,GPR45
GPR50,2643,GPR50
GPR52,19699,GPR52
GPR55,7167,GPR55
GPR6,8835,GPR6
GPR61,9946,GPR61
GPR62,14978,GPR62
GPR63,4024,GPR63
GPR65,7916,GPR65
GPR68,4950,GPR68
GPR75,4957,GPR75
GPR82,13124,GPR82
GPR83,5432,GPR83
GPR85,11395,GPR85
GPR87,7639,GPR87
GPR88,15099,GPR88
GPRASP1,17995,GPRASP1
GPRASP2,10207,GPRASP2
GPRC5A,341,GPRC5A
GPRC5B,12050,GPRC5B
GPRC5C,12821,GPRC5C
GPRC5D,3876,GPRC5D
GPRC6A,13564,GPRC6A
GPRIN1,12570,GPRIN1
GPRIN2,19832,GPRIN2
GPRIN3,16015,GPRIN3
GPS1,12665,GPS1
GPS2,6609,GPS2
GPSM1,10488,GPSM1
GPSM2,5218,GPSM2
GPSM3,22659,GPSM3
GPT,12175,GPT
GPT2,11766,GPT2
GPX1,32233,GPX1
GPX2,14034,GPX2
GPX3,21583,GPX3
GPX4,12103,GPX4
GPX6,17865,GPX6
GPX7,4539,GPX7
GPX8,11316,GPX8
GRAMD1A,1838,GRAMD1A
GRAMD1B,422,GRAMD1B
GRAMD1C,14438,GRAMD1C
GRAMD4,1296,GRAMD4
GRAP2,2278,GRAP2
GRB10,3254,GRB10
GRB14,4401,GRB14
GRB2,14405,GRB2
GRB7,8167,GRB7
GREB1,17058,GREB1
GREB1L,8115,GREB1L
GREM1,11985,GREM1
GREM2,14961,GREM2
GRHL1,6884,GRHL1
GRHL2,1591,GRHL2
GRHL3,10177,GRHL3
GRHPR,7417,GRHPR
GRIA1,9882,GRIA1
GRIA2,5025,GRIA2
GRIA3,5689,GRIA3
GRIA4,9559,GRIA4
GRID1,15342,GRID1
GRID2,9508,GRID2
GRID2IP,23232,GRID2IP
GRIFIN,55928,GRIFIN
GRIK1,13010,GRIK1
GRIK2,11358,GRIK2
GRIK3,11164,GRIK3
GRIK4,9205,GRIK4
GRIK5,3185,GRIK5
GRIN1,14182,GRIN1
GRIN2A,15509,GRIN2A
GRIN2B,54357,GRIN2B
GRIN2C,10609,GRIN2C
GRIN2D,3112,GRIN2D
GRIN3A,17904,GRIN3A
GRIN3B,4521,GRIN3B
GRINA,14551,GRINA
GRIP1,9931,GRIP1
GRIP2,8590,GRIP2
GRIPAP1,1042,GRIPAP1
GRK1,16151,GRK1
GRK2,13443,GRK2
GRK3,2179,GRK3
GRK4,5643,GRK4
GRK5,17959,GRK5
GRK6,17665,GRK6
GRM1,9592,GRM1
GRM2,11240,GRM2
GRM3,17926,GRM3
GRM4,5535,GRM4
GRM5,12490,GRM5
GRM6,4156,GRM6
GRM7,17084,GRM7
GRM8,14727,GRM8
GRN,486,GRN
GRP,6906,GRP
GRPEL1,3675,GRPEL1
GRPEL2,11312,GRPEL2
GRPR,5784,GRPR
GRSF1,6593,GRSF1
GRTP1,7888,GRTP1
GRWD1,3111,GRWD1
GRXCR1,23288,GRXCR1
GRXCR2,20122,GRXCR2
GSAP,16179,GSAP
GSC,6811,GSC
GSC2,861,GSC2
GSDMD,2932,GSDMD
GSDME,3218,GSDME
GSE1,6413,GSE1
GSG1,3878,GSG1
GSG1L,12539,GSG1L
GSG1L2,23202,GSG1L2
GSK3A,3182,GSK3A
GSK3B,1577,GSK3B
GSKIP,2379,GSKIP
GSN,9058,GSN
GSPT1,2803,GSPT1
GSPT2,16986,GSPT2
GSR,2946,GSR
GSS,2417,GSS
GSTCD,7742,GSTCD
GSTK1,17463,GSTK1
GSTM2,22510,GSTM2
GSTM3,6855,GSTM3
GSTM4,12436,GSTM4
GSTO1,9143,GSTO1
GSTO2,941,GSTO2
GSTT4,56784,GSTT4
GSTZ1,2343,GSTZ1
GSX1,12688,GSX1
GSX2,14911,GSX2
GTDC1,5219,GTDC1
GTF2A1,11598,GTF2A1
GTF2A1L,37403,GTF2A1L
GTF2A2,7944,GTF2A2
GTF2B,7573,GTF2B
GTF2E1,9679,GTF2E1
GTF2E2,17406,GTF2E2
GTF2F1,5685,GTF2F1
GTF2F2,16720,GTF2F2
GTF2H1,3808,GTF2H1
GTF2H3,3889,GTF2H3
GTF2H4,22730,GTF2H4
GTF2H5,53746,GTF2H5
GTF2I,48572,GTF2I
GTF2IRD1,151,GTF2IRD1
GTF3A,5228,GTF3A
GTF3C1,1374,GTF3C1
GTF3C2,4378,GTF3C2
GTF3C3,4870,GTF3C3
GTF3C4,5659,GTF3C4
GTF3C5,9075,GTF3C5
GTF3C6,9851,GTF3C6
GTPBP1,2226,GTPBP1
GTPBP10,3194,GTPBP10
GTPBP2,13319,GTPBP2
GTPBP3,6242,GTPBP3
GTPBP4,3471,GTPBP4
GTPBP6,14533,GTPBP6
GTPBP8,11072,GTPBP8
GTSE1,1292,GTSE1
GTSF1,12878,GTSF1
GTSF1L,5476,GTSF1L
GUCA1A,645,GUCA1A
GUCA1B,4084,GUCA1B
GUCA2A,17408,GUCA2A
GUCA2B,600,GUCA2B
GUCD1,7758,GUCD1
GUCY1A1,11259,GUCY1A1
GUCY1A2,9533,GUCY1A2
GUCY1B1,832,GUCY1B1
GUCY2C,1094,GUCY2C
GUCY2D,6608,GUCY2D
GUCY2F,2586,GUCY2F
GUF1,9464,GUF1
GUK1,8465,GUK1
GULP1,8557,GULP1
GUSB,12713,GUSB
GXYLT1,9381,GXYLT1
GXYLT2,13437,GXYLT2
GYPC,7330,GYPC
GYS1,2966,GYS1
GYS2,3939,GYS2
GZF1,5717,GZF1
GZMA,8725,GZMA
GZMK,4138,GZMK
GZMM,17489,GZMM
H1-0,16910,H1F0
H1-1,5558,HIST1H1A
H1-10,15859,H1FX
H1-2,16589,HIST1H1C
H1-3,5551,HIST1H1D
H1-4,12335,HIST1H1E
H1-5,15740,HIST1H1B
H1-6,16485,HIST1H1T
H2AC1,11376,HIST1H2AA
H2AC19,-1,
H2AC20,15714,HIST2H2AC
H2AC21,15716,HIST2H2AB
H2AJ,38518,H2AFJ
H2AX,16753,H2AFX
H2AZ2,3226,H2AFV
H2BC1,8794,HIST1H2BA
H2BC18,19728,HIST2H2BF
H3-4,12303,HIST3H3
H3C1,56020,HIST1H3A
H3C14,19726,HIST2H3C
H6PD,655,H6PD
HAAO,10858,HAAO
HABP2,9128,HABP2
HABP4,6372,HABP4
HACD1,11739,HACD1
HACD2,20467,HACD2
HACD3,1272,HACD3
HACD4,16874,HACD4
HACE1,1654,HACE1
HACL1,6436,HACL1
HADH,7747,HADH
HADHA,1641,HADHA
HADHB,7589,HADHB
HAGH,866,HAGH
HAGHL,2788,HAGHL
HAL,1623,HAL
HAND1,4147,HAND1
HAND2,11253,HAND2
HAO1,2497,HAO1
HAO2,4637,HAO2
HAP1,13596,HAP1
HAPLN1,8727,HAPLN1
HAPLN2,6647,HAPLN2
HAPLN3,7984,HAPLN3
HAPLN4,16538,HAPLN4
HARBI1,14879,HARBI1
HARS2,4117,HARS2
HAS1,3123,HAS1
HAS2,12959,HAS2
HAS3,2751,HAS3
HASPIN,14348,HASPIN
HAT1,6065,HAT1
HAUS1,9516,HAUS1
HAUS2,7543,HAUS2
HAUS3,22996,HAUS3
HAUS4,1952,HAUS4
HAUS5,39273,HAUS5
HAUS6,9033,HAUS6
HAUS7,22525,HAUS7
HAVCR2,7012,HAVCR2
HAX1,8433,HAX1
HBE1,22800,HBE1
HBEGF,4135,HBEGF
HBP1,3207,HBP1
HBS1L,4054,HBS1L
HBZ,6308,HBZ
HCAR1,17291,HCAR1
HCCS,70,HCCS
HCFC1,13343,HCFC1
HCFC1R1,2764,HCFC1R1
HCFC2,3943,HCFC2
HCK,2502,HCK
HCLS1,14867,HCLS1
HCN1,11390,HCN1
HCN2,2121,HCN2
HCN3,8444,HCN3
HCN4,7696,HCN4
HCRT,10620,HCRT
HCRTR1,5194,HCRTR1
HCRTR2,7442,HCRTR2
HCST,5811,HCST
HDAC1,4572,HDAC1
HDAC10,2309,HDAC10
HDAC11,11038,HDAC11
HDAC2,17198,HDAC2
HDAC3,13135,HDAC3
HDAC4,1028,HDAC4
HDAC5,3599,HDAC5
HDAC6,2002,HDAC6
HDAC7,825,HDAC7
HDAC8,8921,HDAC8
HDAC9,635,HDAC9
HDC,7941,HDC
HDDC2,3980,HDDC2
HDDC3,15778,HDDC3
HDGF,8364,HDGF
HDGFL2,12167,HDGFL2
HDGFL3,11881,HDGFL3
HDHD2,12060,HDHD2
HDHD3,4904,HDHD3
HDHD5,1091,HDHD5
HDLBP,4470,HDLBP
HDX,11567,HDX
HEATR1,4885,HEATR1
HEATR3,9874,HEATR3
HEATR4,16434,HEATR4
HEATR5A,6150,HEATR5A
HEATR5B,228,HEATR5B
HEATR6,1032,HEATR6
HEATR9,52709,HEATR9
HEBP1,340,HEBP1
HEBP2,695,HEBP2
HECA,4062,HECA
HECTD1,1962,HECTD1
HECTD2,11584,HECTD2
HECTD3,5793,HECTD3
HECTD4,13447,HECTD4
HECW1,27,HECW1
HECW2,7666,HECW2
HEG1,13584,HEG1
HELB,5900,HELB
HELLS,4991,HELLS
HELQ,10975,HELQ
HELT,16585,HELT
HELZ,17732,HELZ
HELZ2,6295,HELZ2
HEMK1,4314,HEMK1
HENMT1,10791,HENMT1
HEPACAM,11610,HEPACAM
HEPACAM2,16679,HEPACAM2
HEPH,1840,HEPH
HEPHL1,15048,HEPHL1
HERC1,2846,HERC1
HERC2,6070,HERC2
HERC3,7701,HERC3
HERC4,9118,HERC4
HERC6,7702,HERC6
HERPUD1,688,HERPUD1
HERPUD2,5280,HERPUD2
HES1,4271,HES1
HES2,1084,HES2
HES3,13574,HES3
HES5,17614,HES5
HES6,8574,HES6
HES7,14637,HES7
HESX1,11099,HESX1
HEXA,22640,HEXA
HEXB,670,HEXB
HEXIM1,16366,HEXIM1
HEXIM2,12388,HEXIM2
HEY1,11418,HEY1
HEY2,7111,HEY2
HEYL,11177,HEYL
HFE,269,HFE
HFM1,10799,HFM1
HGD,4240,HGD
HGF,394,HGF
HGFAC,3699,HGFAC
HGH1,33554,HGH1
HGS,15995,HGS
HGSNAT,11527,HGSNAT
HHAT,727,HHAT
HHATL,253,HHATL
HHIP,11274,HHIP
HHIPL1,15217,HHIPL1
HHIPL2,8417,HHIPL2
HHLA1,6562,HHLA1
HIBADH,3250,HIBADH
HIBCH,17691,HIBCH
HIC1,14296,HIC1
HIC2,12645,HIC2
HID1,12223,HID1
HIF1A,2364,HIF1A
HIF1AN,11771,HIF1AN
HIF3A,5524,HIF3A
HIGD1A,15007,HIGD1A
HIGD1B,6404,HIGD1B
HIGD1C,23032,HIGD1C
HIKESHI,9180,HIKESHI
HILPDA,7038,HILPDA
HINFP,13273,HINFP
HINT1,12628,HINT1
HINT2,7419,HINT2
HINT3,3982,HINT3
HIP1,5965,HIP1
HIP1R,6347,HIP1R
HIPK1,10985,HIPK1
HIPK2,882,HIPK2
HIPK3,3775,HIPK3
HIPK4,10490,HIPK4
HIRA,2183,HIRA
HIRIP3,9273,HIRIP3
HIVEP1,2048,HIVEP1
HIVEP2,272,HIVEP2
HIVEP3,5890,HIVEP3
HJV,12386,HJV
HK1,10003,HK1
HK3,10554,HK3
HKDC1,10002,HKDC1
HLA-DMA,19860,HLA-DMA
HLA-DOA,19857,HLA-DOA
HLA-DOB,36837,HLA-DOB
HLA-DQB2,31778,HLA-DQB2
HLA-DRA,19872,HLA-DRA
HLCS,10337,HLCS
HLF,3608,HLF
HLTF,1163,HLTF
HLX,7309,HLX
HM13,2491,HM13
HMBOX1,8971,HMBOX1
HMBS,44517,HMBS
HMCES,15551,HMCES
HMCN1,8370,HMCN1
HMCN2,9086,HMCN2
HMG20A,7956,HMG20A
HMG20B,904,HMG20B
HMGA2,9276,HMGA2
HMGB2,11250,HMGB2
HMGB3,481,HMGB3
HMGB4,14062,HMGB4
HMGCL,4692,HMGCL
HMGCLL1,8811,HMGCLL1
HMGCR,4144,HMGCR
HMGCS1,4125,HMGCS1
HMGCS2,6860,HMGCS2
HMGN1,20291,HMGN1
HMGN3,4807,HMGN3
HMGXB3,4217,HMGXB3
HMGXB4,2243,HMGXB4
HMMR,1196,HMMR
HMOX1,2248,HMOX1
HMOX2,2814,HMOX2
HMX1,23426,HMX1
HMX2,16845,HMX2
HMX3,16786,HMX3
HNF1A,7018,HNF1A
HNF1B,55830,HNF1B
HNF4A,2433,HNF4A
HNF4G,11439,HNF4G
HNMT,9311,HNMT
HNRNPA0,14382,HNRNPA0
HNRNPA1,7099,HNRNPA1
HNRNPA2B1,5282,HNRNPA2B1
HNRNPAB,17464,HNRNPAB
HNRNPD,7709,HNRNPD
HNRNPF,12684,HNRNPF
HNRNPH1,12509,HNRNPH1
HNRNPH2,5877,HNRNPH2
HNRNPH3,2067,HNRNPH3
HNRNPK,11532,HNRNPK
HNRNPL,2970,HNRNPL
HNRNPLL,8489,HNRNPLL
HNRNPM,2110,HNRNPM
HNRNPR,5763,HNRNPR
HNRNPU,9635,HNRNPU
HNRNPUL1,3075,HNRNPUL1
HNRNPUL2,23111,HNRNPUL2
HOATZ,15560,C11orf88
HOGA1,37179,HOGA1
HOMER1,9536,HOMER1
HOMER2,2861,HOMER2
HOMER3,689,HOMER3
HOMEZ,-1,
HOOK1,6948,HOOK1
HOOK2,2016,HOOK2
HOOK3,12307,HOOK3
HOPX,13076,HOPX
HORMAD1,8403,HORMAD1
HORMAD2,14131,HORMAD2
HOXA1,3234,HOXA1
HOXA10,42217,HOXA10
HOXA11,77,HOXA11
HOXA13,3247,HOXA13
HOXA2,3236,HOXA2
HOXA3,3237,HOXA3
HOXA4,17503,HOXA4
HOXA5,3239,HOXA5
HOXA6,3240,HOXA6
HOXA7,5287,HOXA7
HOXA9,1423,HOXA9
HOXB1,5010,HOXB1
HOXB13,10313,HOXB13
HOXB2,13621,HOXB2
HOXB3,5009,HOXB3
HOXB4,15336,HOXB4
HOXB5,5007,HOXB5
HOXB6,3541,HOXB6
HOXB7,46935,HOXB7
HOXB8,5005,HOXB8
HOXB9,12893,HOXB9
HOXC10,14950,HOXC10
HOXC11,5380,HOXC11
HOXC12,5383,HOXC12
HOXC13,5377,HOXC13
HOXC4,17751,HOXC4
HOXC5,13393,HOXC5
HOXC6,17560,HOXC6
HOXC8,543,HOXC8
HOXC9,14947,HOXC9
HOXD1,6056,HOXD1
HOXD10,6067,HOXD10
HOXD11,6068,HOXD11
HOXD12,12766,HOXD12
HOXD13,6069,HOXD13
HOXD3,6057,HOXD3
HOXD4,12764,HOXD4
HOXD8,13986,HOXD8
HOXD9,6066,HOXD9
HP1BP3,5924,HP1BP3
HPCA,5214,HPCA
HPCAL4,4650,HPCAL4
HPD,10183,HPD
HPDL,16319,HPDL
HPF1,757,HPF1
HPGD,11262,HPGD
HPGDS,10924,HPGDS
HPN,3177,HPN
HPS1,3422,HPS1
HPS3,11130,HPS3
HPS4,2187,HPS4
HPS5,3807,HPS5
HPS6,11793,HPS6
HPSE,13452,HPSE
HPSE2,13438,HPSE2
HPX,3752,HPX
HR,12370,HR
HRAS,13764,HRAS
HRC,6284,HRC
HRCT1,17054,HRCT1
HRG,4238,HRG
HRH1,17211,HRH1
HRH2,4225,HRH2
HRH3,2455,HRH3
HRH4,6915,HRH4
HRK,7022,HRK
HROB,5629,C17orf53
HS1BP3,4859,HS1BP3
HS2ST1,9704,HS2ST1
HS3ST1,24,HS3ST1
HS3ST2,5249,HS3ST2
HS3ST3A1,9708,HS3ST3A1
HS3ST3B1,5647,HS3ST3B1
HS3ST4,15308,HS3ST4
HS3ST5,39738,HS3ST5
HS3ST6,10678,HS3ST6
HS6ST1,7328,HS6ST1
HS6ST2,12965,HS6ST2
HS6ST3,15994,HS6ST3
HSBP1,30650,HSBP1
HSBP1L1,27723,HSBP1L1
HSCB,2218,HSCB
HSD11B1,4734,HSD11B1
HSD11B2,14086,HSD11B2
HSD17B1,3584,HSD17B1
HSD17B10,1194,HSD17B10
HSD17B11,17712,HSD17B11
HSD17B12,9165,HSD17B12
HSD17B13,12851,HSD17B13
HSD17B14,1716,HSD17B14
HSD17B2,1704,HSD17B2
HSD17B3,6370,HSD17B3
HSD17B4,6802,HSD17B4
HSD17B6,445,HSD17B6
HSD17B7,6550,HSD17B7
HSD3B7,2098,HSD3B7
HSDL1,2769,HSDL1
HSDL2,4908,HSDL2
HSF1,15931,HSF1
HSF2,443,HSF2
HSF2BP,10450,HSF2BP
HSF4,2713,HSF4
HSF5,14036,HSF5
HSH2D,17228,HSH2D
HSP90AA1,1510,HSP90AA1
HSP90AB1,2060,HSP90AB1
HSP90B1,11908,HSP90B1
HSPA12A,11708,HSPA12A
HSPA12B,6626,HSPA12B
HSPA13,9863,HSPA13
HSPA14,16497,HSPA14
HSPA1L,19915,HSPA1L
HSPA2,5859,HSPA2
HSPA4,12872,HSPA4
HSPA4L,11232,HSPA4L
HSPA5,606,HSPA5
HSPA8,3725,HSPA8
HSPA9,4132,HSPA9
HSPB1,3270,HSPB1
HSPB2,12788,HSPB2
HSPB3,12571,HSPB3
HSPB6,57,HSPB6
HSPB7,13570,HSPB7
HSPB8,9502,HSPB8
HSPBAP1,12521,HSPBAP1
HSPBP1,6744,HSPBP1
HSPD1,8559,HSPD1
HSPG2,8288,HSPG2
HSPH1,5083,HSPH1
HTATIP2,3712,HTATIP2
HTATSF1,2650,HTATSF1
HTR1A,14495,HTR1A
HTR1B,7048,HTR1B
HTR1F,14634,HTR1F
HTR2A,2677,HTR2A
HTR2B,7175,HTR2B
HTR2C,8952,HTR2C
HTR3A,11926,HTR3A
HTR3B,9197,HTR3B
HTR4,11310,HTR4
HTR5A,10083,HTR5A
HTR6,10263,HTR6
HTR7,9124,HTR7
HTRA1,11750,HTRA1
HTRA2,4407,HTRA2
HTRA3,12909,HTRA3
HTRA4,12614,HTRA4
HTT,17444,HTT
HUNK,8201,HUNK
HUS1,7257,HUS1
HUS1B,16890,HUS1B
HUWE1,1708,HUWE1
HVCN1,5334,HVCN1
HYAL1,4279,HYAL1
HYAL2,1027,HYAL2
HYAL3,16353,HYAL3
HYAL4,3283,HYAL4
HYDIN,10104,HYDIN
HYKK,16698,HYKK
HYLS1,17747,HYLS1
HYOU1,9207,HYOU1
HYPK,37216,HYPK
IAH1,6890,IAH1
IAPP,5157,IAPP
IARS2,1017,IARS2
IBA57,15140,IBA57
IBSP,478,IBSP
IBTK,103,IBTK
ICA1,35,ICA1
ICA1L,11065,ICA1L
ICAM1,1872,ICAM1
ICAM2,3563,ICAM2
ICAM4,3088,ICAM4
ICAM5,3092,ICAM5
ICE1,11273,ICE1
ICE2,6084,ICE2
ICMT,4554,ICMT
ICOS,11068,ICOS
ID1,5771,ID1
ID2,4476,ID2
ID3,4694,ID3
ID4,13255,ID4
IDE,4977,IDE
IDH1,7667,IDH1
IDH2,15177,IDH2
IDH3A,11854,IDH3A
IDH3B,2513,IDH3B
IDH3G,1020,IDH3G
IDI1,994,IDI1
IDNK,9045,IDNK
IDO1,6423,IDO1
IDO2,16804,IDO2
IDS,263,IDS
IDUA,5915,IDUA
IER2,10556,IER2
IER3,7457,IER3
IER3IP1,6829,IER3IP1
IER5,10840,IER5
IER5L,16752,IER5L
IFFO1,255,IFFO1
IFFO2,12729,IFFO2
IFI30,23611,IFI30
IFI35,1031,IFI35
IFI44,7579,IFI44
IFIH1,4393,IFIH1
IFIT2,4982,IFIT2
IFITM10,38159,IFITM10
IFITM5,20404,IFITM5
IFNE,15890,IFNE
IFNGR1,464,IFNGR1
IFNGR2,10303,IFNGR2
IFNLR1,16008,IFNLR1
IFRD1,148,IFRD1
IFRD2,23097,IFRD2
IFT122,11178,IFT122
IFT140,16502,IFT140
IFT172,7586,IFT172
IFT20,3629,IFT20
IFT22,6040,IFT22
IFT27,2282,IFT27
IFT43,4931,IFT43
IFT46,4776,IFT46
IFT52,2430,IFT52
IFT57,4288,IFT57
IFT74,2068,IFT74
IFT80,1056,IFT80
IFT81,5332,IFT81
IFT88,495,IFT88
IFTAP,11839,C11orf74
IGDCC3,13719,IGDCC3
IGDCC4,2852,IGDCC4
IGF1,373,IGF1
IGF1R,7966,IGF1R
IGF2,12062,IGF2
IGF2BP1,10325,IGF2BP1
IGF2BP2,1241,IGF2BP2
IGF2BP3,7244,IGF2BP3
IGF2R,17344,IGF2R
IGFALS,2109,IGFALS
IGFBP1,8875,IGFBP1
IGFBP2,4429,IGFBP2
IGFBP3,8872,IGFBP3
IGFBP4,8172,IGFBP4
IGFBP5,4431,IGFBP5
IGFBP6,12205,IGFBP6
IGFBP7,11014,IGFBP7
IGFBPL1,7421,IGFBPL1
IGFLR1,5803,IGFLR1
IGHMBP2,6652,IGHMBP2
IGIP,15329,IGIP
IGLON5,8252,IGLON5
IGSF1,8954,IGSF1
IGSF10,9560,IGSF10
IGSF11,8633,IGSF11
IGSF21,4678,IGSF21
IGSF3,8310,IGSF3
IGSF6,8017,IGSF6
IGSF8,10818,IGSF8
IGSF9,1662,IGSF9
IGSF9B,1513,IGSF9B
IHH,11030,IHH
IHO1,13524,CCDC36
IKBKB,2909,IKBKB
IKBKE,48776,IKBKE
IKBKG,52228,IKBKG
IKZF1,16099,IKZF1
IKZF2,485,IKZF2
IKZF3,10608,IKZF3
IKZF4,5384,IKZF4
IKZF5,2033,IKZF5
IL10,7311,IL10
IL10RA,3767,IL10RA
IL10RB,37887,IL10RB
IL11,2041,IL11
IL12A,12450,IL12A
IL12B,4164,IL12B
IL12RB2,1552,IL12RB2
IL13,12544,IL13
IL13RA1,6486,IL13RA1
IL13RA2,5395,IL13RA2
IL15,11270,IL15
IL15RA,6913,IL15RA
IL16,13295,IL16
IL17A,4002,IL17A
IL17B,5949,IL17B
IL17C,5519,IL17C
IL17D,13322,IL17D
IL17F,4003,IL17F
IL17RA,14356,IL17RA
IL17RB,764,IL17RB
IL17RC,11111,IL17RC
IL17RD,8611,IL17RD
IL17RE,11110,IL17RE
IL18,9340,IL18
IL18BP,7483,IL18BP
IL18R1,4460,IL18R1
IL18RAP,4461,IL18RAP
IL19,8216,IL19
IL1A,4352,IL1A
IL1B,5673,IL1B
IL1F10,7320,IL1F10
IL1R1,4456,IL1R1
IL1R2,4453,IL1R2
IL1RAP,17011,IL1RAP
IL1RAPL1,12578,IL1RAPL1
IL1RAPL2,16920,IL1RAPL2
IL1RL1,4459,IL1RL1
IL1RL2,4458,IL1RL2
IL1RN,7316,IL1RN
IL2,3670,IL2
IL20,10862,IL20
IL20RA,368,IL20RA
IL20RB,13730,IL20RB
IL21,7715,IL21
IL21R,2832,IL21R
IL22RA1,8273,IL22RA1
IL22RA2,11371,IL22RA2
IL23A,3833,IL23A
IL23R,10771,IL23R
IL24,10863,IL24
IL25,11759,IL25
IL27,17407,IL27
IL27RA,3024,IL27RA
IL2RA,6910,IL2RA
IL2RB,2292,IL2RB
IL2RG,8942,IL2RG
IL31RA,11377,IL31RA
IL33,7398,IL33
IL34,10099,IL34
IL36A,7317,IL36A
IL36RN,7318,IL36RN
IL4I1,3009,IL4I1
IL4R,1375,IL4R
IL5,4192,IL5
IL5RA,1921,IL5RA
IL6R,10525,IL6R
IL6ST,6894,IL6ST
IL7,2922,IL7
IL7R,12422,IL7R
IL9,8759,IL9
IL9R,5511,IL9R
ILDR1,8661,ILDR1
ILDR2,8340,ILDR2
ILF2,8440,ILF2
ILF3,6133,ILF3
ILK,11829,ILK
ILKAP,6567,ILKAP
ILRUN,17267,C6orf106
ILVBL,3036,ILVBL
IMMP1L,9157,IMMP1L
IMMP2L,15862,IMMP2L
IMMT,6564,IMMT
IMP3,14418,IMP3
IMP4,7327,IMP4
IMPA1,6789,IMPA1
IMPA2,8101,IMPA2
IMPACT,9718,IMPACT
IMPDH1,3295,IMPDH1
IMPDH2,14432,IMPDH2
IMPG1,4099,IMPG1
IMPG2,1526,IMPG2
INA,9137,INA
INAFM1,45164,INAFM1
INAFM2,46365,INAFM2
INAVA,10990,INAVA
INCA1,17123,INCA1
INCENP,9220,INCENP
INF2,19643,INF2
ING1,9665,ING1
ING2,12396,ING2
ING3,1151,ING3
ING4,3920,ING4
ING5,12356,ING5
INHA,5441,INHA
INHBA,5288,INHBA
INHBB,10919,INHBB
INHBC,13851,INHBC
INHBE,7803,INHBE
INIP,9053,INIP
INKA1,16045,INKA1
INKA2,17588,INKA2
INMT,37061,INMT
INO80,6083,INO80
INO80B,4396,INO80B
INO80C,9658,INO80C
INO80D,4343,INO80D
INO80E,12632,INO80E
INPP1,9444,INPP1
INPP4A,572,INPP4A
INPP4B,3667,INPP4B
INPP5A,1040,INPP5A
INPP5B,19802,INPP5B
INPP5D,12478,INPP5D
INPP5E,9090,INPP5E
INPP5F,17928,INPP5F
INPP5J,15935,INPP5J
INPP5K,6577,INPP5K
INPPL1,11604,INPPL1
INSC,16754,INSC
INSIG1,16290,INSIG1
INSIG2,5678,INSIG2
INSL3,38620,INSL3
INSL5,13314,INSL5
INSM1,13520,INSM1
INSM2,12346,INSM2
INSR,12987,INSR
INSRR,463,INSRR
INSYN1,20244,INSYN1
INSYN2A,16872,INSYN2
INSYN2B,20071,INSYN2B
INTS1,11470,INTS1
INTS10,2939,INTS10
INTS11,5884,INTS11
INTS12,7743,INTS12
INTS13,870,INTS13
INTS14,7692,INTS14
INTS2,3538,INTS2
INTS3,8442,INTS3
INTS4,9189,INTS4
INTS5,15921,INTS5
INTS6,2702,INTS6
INTS6L,11587,INTS6L
INTS7,8411,INTS7
INTS8,11491,INTS8
INTS9,2895,INTS9
INTU,11230,INTU
INVS,4911,INVS
IP6K1,14022,IP6K1
IP6K2,1050,IP6K2
IP6K3,10650,IP6K3
IPCEF1,1273,IPCEF1
IPMK,9375,IPMK
IPO11,1688,IPO11
IPO13,4705,IPO13
IPO4,17163,IPO4
IPO5,914,IPO5
IPO7,20236,IPO7
IPO8,6786,IPO8
IPO9,17863,IPO9
IPP,17456,IPP
IPPK,5886,IPPK
IQANK1,19649,IQANK1
IQCA1L,57922,IQCA1L
IQCB1,13483,IQCB1
IQCC,10418,IQCC
IQCD,11901,IQCD
IQCF1,13516,IQCF1
IQCF5,23088,IQCF5
IQCF6,23090,IQCF6
IQCG,4291,IQCG
IQCH,2842,IQCH
IQCJ,22929,IQCJ
IQCK,13742,IQCK
IQCM,33311,IQCM
IQGAP1,8000,IQGAP1
IQGAP2,8732,IQGAP2
IQGAP3,15628,IQGAP3
IQSEC1,8607,IQSEC1
IQSEC2,5509,IQSEC2
IQSEC3,5069,IQSEC3
IQUB,11417,IQUB
IRAG1,1212,MRVI1
IRAG2,4800,LRMP
IRAK1,15705,IRAK1
IRAK1BP1,8823,IRAK1BP1
IRAK2,6834,IRAK2
IRAK3,1874,IRAK3
IRAK4,17646,IRAK4
IREB2,7274,IREB2
IRF1,5631,IRF1
IRF2,12341,IRF2
IRF2BP1,12870,IRF2BP1
IRF2BP2,12322,IRF2BP2
IRF2BPL,4935,IRF2BPL
IRF3,5821,IRF3
IRF4,7444,IRF4
IRF5,6048,IRF5
IRF6,4735,IRF6
IRF7,16024,IRF7
IRF8,8046,IRF8
IRF9,22798,IRF9
IRGQ,12088,IRGQ
IRS1,12510,IRS1
IRS2,16142,IRS2
IRS4,6727,IRS4
IRX1,12861,IRX1
IRX2,12863,IRX2
IRX3,14328,IRX3
IRX4,4182,IRX4
IRX5,14173,IRX5
IRX6,10351,IRX6
ISCA2,11715,ISCA2
ISCU,7200,ISCU
ISG15,16523,ISG15
ISG20L2,8362,ISG20L2
ISL1,366,ISL1
ISL2,10369,ISL2
ISLR,6096,ISLR
ISLR2,12046,ISLR2
ISM1,2477,ISM1
ISM2,2349,ISM2
ISOC1,978,ISOC1
IST1,15195,IST1
ISY1,36668,ISY1
ISYNA1,3156,ISYNA1
ITCH,1437,ITCH
ITFG1,6164,ITFG1
ITFG2,3855,ITFG2
ITGA1,22810,ITGA1
ITGA10,8321,ITGA10
ITGA11,7541,ITGA11
ITGA2,11281,ITGA2
ITGA2B,112,ITGA2B
ITGA3,109,ITGA3
ITGA4,4383,ITGA4
ITGA5,10623,ITGA5
ITGA6,1924,ITGA6
ITGA7,7079,ITGA7
ITGA8,1401,ITGA8
ITGA9,8602,ITGA9
ITGAD,10039,ITGAD
ITGAE,1595,ITGAE
ITGAL,107,ITGAL
ITGAM,12704,ITGAM
ITGAV,7675,ITGAV
ITGAX,8009,ITGAX
ITGB1,9285,ITGB1
ITGB1BP1,4878,ITGB1BP1
ITGB1BP2,8941,ITGB1BP2
ITGB2,10465,ITGB2
ITGB3,46261,ITGB3
ITGB3BP,8289,ITGB3BP
ITGB4,6598,ITGB4
ITGB5,1578,ITGB5
ITGB6,4381,ITGB6
ITGB7,7855,ITGB7
ITGB8,3206,ITGB8
ITGBL1,17808,ITGBL1
ITIH1,756,ITIH1
ITIH2,9440,ITIH2
ITIH3,10705,ITIH3
ITIH4,755,ITIH4
ITIH5,5365,ITIH5
ITK,4157,ITK
ITM2A,1430,ITM2A
ITM2B,7232,ITM2B
ITM2C,7176,ITM2C
ITPA,5749,ITPA
ITPK1,2356,ITPK1
ITPKA,7551,ITPKA
ITPKB,8464,ITPKB
ITPKC,1697,ITPKC
ITPR1,9353,ITPR1
ITPR2,5343,ITPR2
ITPR3,2063,ITPR3
ITPRID1,14866,ITPRID1
ITPRID2,7670,ITPRID2
ITPRIP,9146,ITPRIP
ITPRIPL1,17966,ITPRIPL1
ITPRIPL2,20332,ITPRIPL2
ITSN1,20331,ITSN1
ITSN2,17766,ITSN2
IVD,6088,IVD
IVNS1ABP,4596,IVNS1ABP
IWS1,10943,IWS1
IYD,237,IYD
IZUMO1R,15532,IZUMO1R
IZUMO2,10629,IZUMO2
IZUMO3,20259,IZUMO3
IZUMO4,2123,IZUMO4
JADE1,1394,JADE1
JADE2,595,JADE2
JADE3,2645,JADE3
JAG1,2515,JAG1
JAG2,15867,JAG2
JAGN1,12998,JAGN1
JAK1,10738,JAK1
JAK2,2069,JAK2
JAK3,3148,JAK3
JAKMIP1,9606,JAKMIP1
JAKMIP2,14013,JAKMIP2
JAKMIP3,16730,JAKMIP3
JAM2,9801,JAM2
JAM3,11758,JAM3
JARID2,199,JARID2
JAZF1,9686,JAZF1
JCAD,11683,JCAD
JCHAIN,6595,JCHAIN
JDP2,7918,JDP2
JHY,3723,JHY
JMJD1C,13205,JMJD1C
JMJD4,1540,JMJD4
JMJD6,1115,JMJD6
JMJD7,37951,JMJD7
JMJD8,10672,JMJD8
JMY,9535,JMY
JOSD1,2224,JOSD1
JOSD2,10634,JOSD2
JPH1,2911,JPH1
JPH2,9240,JPH2
JPH3,9726,JPH3
JPH4,1953,JPH4
JPT1,16935,JPT1
JRK,33160,JRK
JRKL,15488,JRKL
JSRP1,12105,JSRP1
JTB,8423,JTB
JUN,14349,JUN
JUNB,13022,JUNB
JUND,6283,JUND
JUP,13595,JUP
KALRN,10432,KALRN
KANK1,3387,KANK1
KANK2,17402,KANK2
KANK3,16406,KANK3
KANK4,6675,KANK4
KANSL1,5006,KANSL1
KANSL1L,8566,KANSL1L
KANSL2,7852,KANSL2
KANSL3,4348,KANSL3
KANTR,31747,KANTR
KASH5,10619,CCDC155
KAT14,9212,KAT14
KAT2A,3580,KAT2A
KAT2B,4261,KAT2B
KAT5,13435,KAT5
KAT6A,1588,KAT6A
KAT6B,10015,KAT6B
KAT7,7292,KAT7
KAT8,2830,KAT8
KATNA1,16321,KATNA1
KATNAL1,2701,KATNAL1
KATNAL2,12059,KATNAL2
KATNB1,8030,KATNB1
KATNBL1,6845,KATNBL1
KATNIP,622,KIAA0556
KAZALD1,3455,KAZALD1
KAZN,16977,KAZN
KBTBD11,14124,KBTBD11
KBTBD12,16552,KBTBD12
KBTBD13,33040,KBTBD13
KBTBD2,12922,KBTBD2
KBTBD3,15252,KBTBD3
KBTBD4,5388,KBTBD4
KBTBD6,11636,KBTBD6
KBTBD7,5084,KBTBD7
KBTBD8,10993,KBTBD8
KCMF1,14094,KCMF1
KCNA1,3870,KCNA1
KCNA10,8314,KCNA10
KCNA2,14279,KCNA2
KCNA3,14273,KCNA3
KCNA4,15225,KCNA4
KCNA5,6204,KCNA5
KCNA6,9364,KCNA6
KCNA7,2976,KCNA7
KCNAB1,12572,KCNAB1
KCNAB2,1073,KCNAB2
KCNAB3,12741,KCNAB3
KCNB1,10220,KCNB1
KCNC1,6110,KCNC1
KCNC2,11743,KCNC2
KCNC3,6444,KCNC3
KCNC4,4567,KCNC4
KCND1,2622,KCND1
KCND2,15754,KCND2
KCND3,13048,KCND3
KCNE1,14895,KCNE1
KCNE2,10316,KCNE2
KCNE3,13920,KCNE3
KCNE4,9487,KCNE4
KCNF1,10885,KCNF1
KCNG1,457,KCNG1
KCNG2,14487,KCNG2
KCNG3,12994,KCNG3
KCNG4,12363,KCNG4
KCNH1,8407,KCNH1
KCNH2,742,KCNH2
KCNH3,7104,KCNH3
KCNH4,1843,KCNH4
KCNH5,7913,KCNH5
KCNH6,13604,KCNH6
KCNH7,15799,KCNH7
KCNH8,15648,KCNH8
KCNIP1,15192,KCNIP1
KCNIP2,4998,KCNIP2
KCNIP3,4355,KCNIP3
KCNIP4,16091,KCNIP4
KCNJ1,9450,KCNJ1
KCNJ10,14393,KCNJ10
KCNJ11,16489,KCNJ11
KCNJ13,4434,KCNJ13
KCNJ14,15239,KCNJ14
KCNJ15,10119,KCNJ15
KCNJ16,9689,KCNJ16
KCNJ2,5421,KCNJ2
KCNJ3,10889,KCNJ3
KCNJ4,12299,KCNJ4
KCNJ5,5054,KCNJ5
KCNJ6,10118,KCNJ6
KCNJ8,5158,KCNJ8
KCNJ9,10817,KCNJ9
KCNK1,7147,KCNK1
KCNK10,2310,KCNK10
KCNK12,15715,KCNK12
KCNK13,9526,KCNK13
KCNK15,5499,KCNK15
KCNK18,16354,KCNK18
KCNK2,1569,KCNK2
KCNK3,13035,KCNK3
KCNK4,15269,KCNK4
KCNK5,11404,KCNK5
KCNK6,2093,KCNK6
KCNK7,13509,KCNK7
KCNK9,12601,KCNK9
KCNMA1,9949,KCNMA1
KCNMB1,8778,KCNMB1
KCNMB2,17507,KCNMB2
KCNMB3,12992,KCNMB3
KCNMB4,7129,KCNMB4
KCNN1,3151,KCNN1
KCNN2,1504,KCNN2
KCNN3,8437,KCNN3
KCNN4,2962,KCNN4
KCNQ1,717,KCNQ1
KCNQ2,1284,KCNQ2
KCNQ3,15687,KCNQ3
KCNQ4,4659,KCNQ4
KCNQ5,16089,KCNQ5
KCNRG,17812,KCNRG
KCNS1,5459,KCNS1
KCNS2,9996,KCNS2
KCNS3,12897,KCNS3
KCNT1,3391,KCNT1
KCNT2,10803,KCNT2
KCNV1,11448,KCNV1
KCNV2,12321,KCNV2
KCP,7042,KCP
KCTD1,6917,KCTD1
KCTD10,3826,KCTD10
KCTD11,22757,KCTD11
KCTD12,14547,KCTD12
KCTD13,13800,KCTD13
KCTD15,9694,KCTD15
KCTD16,15602,KCTD16
KCTD17,2290,KCTD17
KCTD18,9899,KCTD18
KCTD19,12420,KCTD19
KCTD2,14968,KCTD2
KCTD20,3997,KCTD20
KCTD21,16891,KCTD21
KCTD3,7312,KCTD3
KCTD4,14862,KCTD4
KCTD5,12250,KCTD5
KCTD6,12337,KCTD6
KCTD7,37761,KCTD7
KCTD8,15606,KCTD8
KCTD9,2957,KCTD9
KDELR1,3109,KDELR1
KDELR2,7248,KDELR2
KDELR3,2213,KDELR3
KDF1,13951,KDF1
KDM1A,52,KDM1A
KDM1B,11526,KDM1B
KDM2A,13459,KDM2A
KDM2B,1816,KDM2B
KDM3A,4449,KDM3A
KDM3B,5093,KDM3B
KDM4A,961,KDM4A
KDM4B,5946,KDM4B
KDM4C,3385,KDM4C
KDM4D,16235,KDM4D
KDM5A,1233,KDM5A
KDM5B,4672,KDM5B
KDM5D,320,KDM5D
KDM6A,8916,KDM6A
KDM6B,6605,KDM6B
KDM7A,136,KDM7A
KDM8,9896,KDM8
KDR,5985,KDR
KDSR,4916,KDSR
KEAP1,1482,KEAP1
KEL,17644,KEL
KERA,7814,KERA
KHDC4,6640,KHDC4
KHDRBS1,5197,KHDRBS1
KHDRBS2,4025,KHDRBS2
KHDRBS3,6497,KHDRBS3
KHK,7590,KHK
KHNYN,2312,KHNYN
KHSRP,1764,KHSRP
KIAA0040,33941,KIAA0040
KIAA0232,12927,KIAA0232
KIAA0319,7443,KIAA0319
KIAA0319L,8276,KIAA0319L
KIAA0408,16985,KIAA0408
KIAA0513,7138,KIAA0513
KIAA0586,2344,KIAA0586
KIAA0753,17988,KIAA0753
KIAA0825,15965,KIAA0825
KIAA0930,2284,KIAA0930
KIAA1143,11142,KIAA1143
KIAA1191,5245,KIAA1191
KIAA1217,5064,KIAA1217
KIAA1328,9307,KIAA1328
KIAA1549,5310,KIAA1549
KIAA1549L,3776,KIAA1549L
KIAA1614,7160,KIAA1614
KIAA1671,17342,KIAA1671
KIAA1755,9244,KIAA1755
KIAA1958,11550,KIAA1958
KIAA2012,15243,KIAA2012
KIAA2013,4597,KIAA2013
KICS2,13666,C12orf66
KIDINS220,6883,KIDINS220
KIF11,7625,KIF11
KIF12,7369,KIF12
KIF13A,7428,KIF13A
KIF13B,17605,KIF13B
KIF14,4783,KIF14
KIF15,11143,KIF15
KIF17,4686,KIF17
KIF18A,5180,KIF18A
KIF18B,16210,KIF18B
KIF19,17044,KIF19
KIF1A,6241,KIF1A
KIF1B,728,KIF1B
KIF1C,6126,KIF1C
KIF20A,4129,KIF20A
KIF20B,7632,KIF20B
KIF21A,7768,KIF21A
KIF21B,4632,KIF21B
KIF22,1471,KIF22
KIF23,7539,KIF23
KIF24,16324,KIF24
KIF26A,983,KIF26A
KIF26B,10850,KIF26B
KIF27,11530,KIF27
KIF2A,1053,KIF2A
KIF2B,8077,KIF2B
KIF2C,8298,KIF2C
KIF3A,6450,KIF3A
KIF3B,2509,KIF3B
KIF3C,1638,KIF3C
KIF4A,1900,KIF4A
KIF4B,27662,KIF4B
KIF5A,9933,KIF5A
KIF5B,12899,KIF5B
KIF5C,12328,KIF5C
KIF6,11405,KIF6
KIF7,11946,KIF7
KIF9,1782,KIF9
KIFAP3,1330,KIFAP3
KIFBP,18007,KIF1BP
KIFC2,12176,KIFC2
KIFC3,8031,KIFC3
KIN,9441,KIN
KIRREL2,5808,KIRREL2
KIRREL3,9234,KIRREL3
KISS1R,4516,KISS1R
KIT,10103,KIT
KITLG,652,KITLG
KIZ,1801,KIZ
KL,6724,KL
KLB,6993,KLB
KLC1,5794,KLC1
KLC2,13816,KLC2
KLC3,2994,KLC3
KLC4,7427,KLC4
KLF1,3142,KLF1
KLF10,9844,KLF10
KLF11,13224,KLF11
KLF12,4856,KLF12
KLF13,12715,KLF13
KLF14,50597,KLF14
KLF15,11170,KLF15
KLF16,6186,KLF16
KLF2,5930,KLF2
KLF3,3703,KLF3
KLF4,7345,KLF4
KLF5,2684,KLF5
KLF6,996,KLF6
KLF7,4794,KLF7
KLF8,2663,KLF8
KLF9,4875,KLF9
KLHDC1,17567,KLHDC1
KLHDC10,6050,KLHDC10
KLHDC2,11624,KLHDC2
KLHDC3,5570,KLHDC3
KLHDC4,2954,KLHDC4
KLHDC7A,14612,KLHDC7A
KLHDC7B,6275,KLHDC7B
KLHDC8A,10854,KLHDC8A
KLHDC8B,16131,KLHDC8B
KLHDC9,10829,KLHDC9
KLHL1,9297,KLHL1
KLHL10,10618,KLHL10
KLHL11,14516,KLHL11
KLHL12,4677,KLHL12
KLHL13,33,KLHL13
KLHL14,17544,KLHL14
KLHL15,13638,KLHL15
KLHL18,4307,KLHL18
KLHL2,3669,KLHL2
KLHL20,1341,KLHL20
KLHL21,10732,KLHL21
KLHL22,2134,KLHL22
KLHL23,22397,KLHL23
KLHL24,4329,KLHL24
KLHL25,15564,KLHL25
KLHL26,12107,KLHL26
KLHL28,14703,KLHL28
KLHL29,4959,KLHL29
KLHL3,8791,KLHL3
KLHL30,12365,KLHL30
KLHL31,5575,KLHL31
KLHL32,16226,KLHL32
KLHL33,15970,KLHL33
KLHL34,16132,KLHL34
KLHL35,9185,KLHL35
KLHL36,7134,KLHL36
KLHL38,13997,KLHL38
KLHL4,2654,KLHL4
KLHL40,10070,KLHL40
KLHL41,36163,KLHL41
KLHL42,1745,KLHL42
KLHL5,3704,KLHL5
KLHL6,13352,KLHL6
KLHL7,5279,KLHL7
KLHL8,8686,KLHL8
KLHL9,17839,KLHL9
KLK10,6140,KLK10
KLK11,12193,KLK11
KLK12,16288,KLK12
KLK13,12194,KLK13
KLK14,6138,KLK14
KLK15,13729,KLK15
KLK4,12189,KLK4
KLK5,12191,KLK5
KLK6,12192,KLK6
KLK7,12507,KLK7
KLK8,6141,KLK8
KLK9,22310,KLK9
KLKB1,11339,KLKB1
KLRD1,6924,KLRD1
KLRG1,7786,KLRG1
KLRG2,16865,KLRG2
KLRK1,22743,KLRK1
KMO,4657,KMO
KMT2A,4774,KMT2A
KMT2B,53906,KMT2B
KMT2C,750,KMT2C
KMT2D,12123,KMT2D
KMT2E,100,KMT2E
KMT5A,15647,KMT5A
KMT5B,3739,KMT5B
KMT5C,6741,KMT5C
KNCN,10743,KNCN
KNDC1,13155,KNDC1
KNL1,7542,KNL1
KNOP1,2839,KNOP1
KNSTRN,6089,KNSTRN
KNTC1,15762,KNTC1
KPNA1,4249,KPNA1
KPNA3,2696,KPNA3
KPNA4,16271,KPNA4
KPNA6,451,KPNA6
KPNA7,16013,KPNA7
KPNB1,3526,KPNB1
KPRP,19716,KPRP
KPTN,4781,KPTN
KRAS,6785,KRAS
KRBA1,6773,KRBA1
KRCC1,13230,KRCC1
KREMEN1,15597,KREMEN1
KREMEN2,6477,KREMEN2
KRI1,6132,KRI1
KRIT1,18,KRIT1
KRR1,3912,KRR1
KRT1,12197,KRT1
KRT10,16263,KRT10
KRT12,16466,KRT12
KRT14,16370,KRT14
KRT15,13043,KRT15
KRT16,16365,KRT16
KRT17,6023,KRT17
KRT18,3843,KRT18
KRT19,13042,KRT19
KRT2,13408,KRT2
KRT20,13059,KRT20
KRT222,22543,KRT222
KRT23,3502,KRT23
KRT24,12236,KRT24
KRT25,20111,KRT25
KRT26,16262,KRT26
KRT27,13064,KRT27
KRT28,13618,KRT28
KRT32,3578,KRT32
KRT34,6490,KRT34
KRT35,17343,KRT35
KRT36,5814,KRT36
KRT39,17275,KRT39
KRT4,12843,KRT4
KRT40,20109,KRT40
KRT7,7097,KRT7
KRT71,7863,KRT71
KRT72,12847,KRT72
KRT73,16168,KRT73
KRT75,12833,KRT75
KRT76,15917,KRT76
KRT77,16943,KRT77
KRT79,16056,KRT79
KRT8,12824,KRT8
KRT80,12196,KRT80
KRT82,10647,KRT82
KRT84,10646,KRT84
KRT9,13053,KRT9
KRTAP11-1,15306,KRTAP11-1
KRTAP16-1,22258,KRTAP16-1
KRTAP24-1,16811,KRTAP24-1
KRTAP26-1,17539,KRTAP26-1
KRTAP27-1,20426,KRTAP27-1
KRTAP3-1,22286,KRTAP3-1
KRTAP7-1,55406,KRTAP7-1
KRTAP8-1,15558,KRTAP8-1
KRTCAP2,11016,KRTCAP2
KRTCAP3,10167,KRTCAP3
KRTDAP,16759,KRTDAP
KSR1,8065,KSR1
KSR2,13061,KSR2
KTI12,17940,KTI12
KTN1,5854,KTN1
KXD1,3174,KXD1
KY,13741,KY
KYAT1,12982,KYAT1
KYAT3,7572,KYAT3
KYNU,4500,KYNU
L1CAM,17980,L1CAM
L2HGDH,1739,L2HGDH
L3HYPDH,5858,L3HYPDH
L3MBTL1,16025,L3MBTL1
L3MBTL2,2295,L3MBTL2
L3MBTL3,18002,L3MBTL3
L3MBTL4,9797,L3MBTL4
LACC1,14733,LACC1
LACTB,2843,LACTB
LACTB2,8998,LACTB2
LACTBL1,23484,LACTBL1
LAD1,10308,LAD1
LAG3,1848,LAG3
LALBA,12119,LALBA
LAMA1,2563,LAMA1
LAMA2,17189,LAMA2
LAMA3,714,LAMA3
LAMA4,4106,LAMA4
LAMA5,6316,LAMA5
LAMB1,1915,LAMB1
LAMB2,13219,LAMB2
LAMB3,17284,LAMB3
LAMC1,7165,LAMC1
LAMC2,781,LAMC2
LAMC3,681,LAMC3
LAMP1,16124,LAMP1
LAMP2,111,LAMP2
LAMP5,5744,LAMP5
LAMTOR1,9203,LAMTOR1
LAMTOR2,4584,LAMTOR2
LAMTOR3,3655,LAMTOR3
LAMTOR4,16683,LAMTOR4
LAMTOR5,6865,LAMTOR5
LANCL1,4417,LANCL1
LANCL2,6589,LANCL2
LANCL3,8913,LANCL3
LAP3,22,LAP3
LAPTM4A,1048,LAPTM4A
LAPTM4B,2905,LAPTM4B
LAPTM5,10753,LAPTM5
LARGE1,6759,LARGE1
LARGE2,11717,LARGE2
LARP1,9880,LARP1
LARP4,10643,LARP4
LARP6,11789,LARP6
LARS2,294,LARS2
LAS1L,12,LAS1L
LASP1,29,LASP1
LAT,22662,LAT
LAT2,1707,LAT2
LATS1,6386,LATS1
LATS2,9304,LATS2
LAX1,5243,LAX1
LAYN,19908,LAYN
LBH,22645,LBH
LBP,6194,LBP
LBR,8473,LBR
LBX1,7622,LBX1
LBX2,14713,LBX2
LCA5,7058,LCA5
LCA5L,10123,LCA5L
LCAT,22526,LCAT
LCE7A,-1,
LCK,15364,LCK
LCLAT1,13428,LCLAT1
LCMT1,20302,LCMT1
LCMT2,12448,LCMT2
LCN10,16611,LCN10
LCN12,15871,LCN12
LCN2,9084,LCN2
LCN6,51258,LCN6
LCN8,19778,LCN8
LCOR,17067,LCOR
LCORL,14460,LCORL
LCP1,7237,LCP1
LCP2,597,LCP2
LCT,4493,LCT
LCTL,16757,LCTL
LDAH,4860,LDAH
LDB1,17877,LDB1
LDB2,12669,LDB2
LDB3,5255,LDB3
LDHA,6891,LDHA
LDHAL6B,13206,LDHAL6B
LDHB,3940,LDHB
LDHC,11941,LDHC
LDHD,11947,LDHD
LDLR,6216,LDLR
LDLRAD1,19772,LDLRAD1
LDLRAD2,16612,LDLRAD2
LDLRAD3,14663,LDLRAD3
LDLRAD4,12419,LDLRAD4
LDLRAP1,10165,LDLRAP1
LDOC1,15212,LDOC1
LEAP2,11355,LEAP2
LECT2,8755,LECT2
LEF1,7746,LEF1
LEKR1,17637,LEKR1
LEMD1,16158,LEMD1
LEMD2,10651,LEMD2
LEMD3,13649,LEMD3
LENEP,10986,LENEP
LENG1,3145,LENG1
LENG8,12144,LENG8
LENG9,55688,LENG9
LEO1,11873,LEO1
LEP,13753,LEP
LEPR,4595,LEPR
LEPROT,22644,LEPROT
LEPROTL1,2943,LEPROTL1
LETM1,12479,LETM1
LETM2,11513,LETM2
LETMD1,679,LETMD1
LFNG,3238,LFNG
LGALS1,2186,LGALS1
LGALS12,6750,LGALS12
LGALS2,2181,LGALS2
LGALS3,6527,LGALS3
LGALS3BP,3571,LGALS3BP
LGALS4,13141,LGALS4
LGALS8,4648,LGALS8
LGI1,3499,LGI1
LGI2,9611,LGI2
LGI3,12375,LGI3
LGI4,9697,LGI4
LGMN,2352,LGMN
LGR4,20202,LGR4
LGR5,7808,LGR5
LGR6,6710,LGR6
LGSN,8812,LGSN
LHCGR,7595,LHCGR
LHFPL1,15281,LHFPL1
LHFPL2,8728,LHFPL2
LHFPL3,16481,LHFPL3
LHFPL4,10045,LHFPL4
LHFPL5,17558,LHFPL5
LHPP,3469,LHPP
LHX1,54730,LHX1
LHX2,3352,LHX2
LHX3,3398,LHX3
LHX4,5170,LHX4
LHX5,1818,LHX5
LHX6,3370,LHX6
LHX8,10786,LHX8
LHX9,8373,LHX9
LIAS,5209,LIAS
LIF,6018,LIF
LIFR,4203,LIFR
LIG1,3117,LIG1
LIG3,82,LIG3
LIG4,13697,LIG4
LIM2,3087,LIM2
LIMA1,678,LIMA1
LIMCH1,869,LIMCH1
LIMD1,8620,LIMD1
LIMD2,7290,LIMD2
LIME1,19751,LIME1
LIMK1,3349,LIMK1
LIMK2,15289,LIMK2
LIMS2,1181,LIMS2
LIN28A,6518,LIN28A
LIN28B,16570,LIN28B
LIN37,51741,LIN37
LIN52,20312,LIN52
LIN54,16969,LIN54
LIN7A,3842,LIN7A
LIN7B,2981,LIN7B
LIN7C,9155,LIN7C
LIN9,15617,LIN9
LINGO1,12679,LINGO1
LINGO2,13715,LINGO2
LINGO3,24042,LINGO3
LINGO4,22401,LINGO4
LINS1,7975,LINS1
LIPA,3450,LIPA
LIPC,11751,LIPC
LIPE,1466,LIPE
LIPF,15245,LIPF
LIPG,2562,LIPG
LIPH,11173,LIPH
LIPI,16887,LIPI
LIPK,19786,LIPK
LIPM,13488,LIPM
LIPN,19785,LIPN
LIPT1,8532,LIPT1
LIPT2,13919,LIPT2
LITAF,16912,LITAF
LIX1,8735,LIX1
LIX1L,53489,LIX1L
LKAAEAR1,13130,LKAAEAR1
LLGL1,6516,LLGL1
LLGL2,1225,LLGL2
LLPH,7799,LLPH
LMAN1,1271,LMAN1
LMAN1L,7983,LMAN1L
LMAN2,12553,LMAN2
LMAN2L,4349,LMAN2L
LMBR1,3231,LMBR1
LMBR1L,7858,LMBR1L
LMBRD1,12311,LMBRD1
LMBRD2,11289,LMBRD2
LMCD1,1153,LMCD1
LMF1,2783,LMF1
LMF2,2237,LMF2
LMLN,16048,LMLN
LMNA,10537,LMNA
LMNB1,4174,LMNB1
LMNB2,14128,LMNB2
LMNTD1,9599,LMNTD1
LMO1,11852,LMO1
LMO2,7063,LMO2
LMO3,643,LMO3
LMO4,8305,LMO4
LMO7,7230,LMO7
LMOD1,11009,LMOD1
LMOD2,12912,LMOD2
LMOD3,10996,LMOD3
LMTK2,11429,LMTK2
LMTK3,8220,LMTK3
LMX1A,10831,LMX1A
LMX1B,7391,LMX1B
LNP1,20471,LNP1
LNPEP,4183,LNPEP
LNPK,8550,LNPK
LNX1,1184,LNX1
LNX2,7837,LNX2
LONP1,17111,LONP1
LONP2,2726,LONP2
LONRF1,9765,LONRF1
LONRF2,12849,LONRF2
LONRF3,13924,LONRF3
LOX,4137,LOX
LOXHD1,12058,LOXHD1
LOXL1,6098,LOXL1
LOXL2,6822,LOXL2
LOXL3,4408,LOXL3
LOXL4,7619,LOXL4
LPAR1,17687,LPAR1
LPAR2,887,LPAR2
LPAR3,13094,LPAR3
LPAR4,8936,LPAR4
LPAR5,15791,LPAR5
LPAR6,7868,LPAR6
LPCAT1,9659,LPCAT1
LPCAT2,1733,LPCAT2
LPCAT3,3932,LPCAT3
LPCAT4,14101,LPCAT4
LPGAT1,5418,LPGAT1
LPIN1,6888,LPIN1
LPIN2,2553,LPIN2
LPIN3,6662,LPIN3
LPL,13901,LPL
LPO,12097,LPO
LPP,8648,LPP
LPXN,3731,LPXN
LRAT,5142,LRAT
LRATD1,10888,FAM84A
LRATD2,12418,FAM84B
LRBA,17826,LRBA
LRCH1,7223,LRCH1
LRCH2,6231,LRCH2
LRCH3,16157,LRCH3
LRCH4,1385,LRCH4
LRFN1,5979,LRFN1
LRFN2,10007,LRFN2
LRFN3,5802,LRFN3
LRFN4,13566,LRFN4
LRFN5,11590,LRFN5
LRG1,13026,LRG1
LRIF1,5215,LRIF1
LRIG1,8617,LRIG1
LRIG2,17916,LRIG2
LRIG3,7801,LRIG3
LRIT1,9115,LRIT1
LRIT2,19790,LRIT2
LRIT3,15502,LRIT3
LRMDA,9119,LRMDA
LRP1,5379,LRP1
LRP10,17424,LRP10
LRP11,5028,LRP11
LRP12,9008,LRP12
LRP1B,12424,LRP1B
LRP2,1538,LRP2
LRP2BP,3701,LRP2BP
LRP3,6364,LRP3
LRP4,6928,LRP4
LRP5,10709,LRP5
LRP6,1093,LRP6
LRP8,10078,LRP8
LRPAP1,11194,LRPAP1
LRPPRC,7611,LRPPRC
LRR1,11617,LRR1
LRRC1,7447,LRRC1
LRRC10,17920,LRRC10
LRRC10B,20132,LRRC10B
LRRC14,10565,LRRC14
LRRC14B,15902,LRRC14B
LRRC15,13225,LRRC15
LRRC17,6049,LRRC17
LRRC18,11591,LRRC18
LRRC19,15759,LRRC19
LRRC2,11154,LRRC2
LRRC20,13374,LRRC20
LRRC23,267,LRRC23
LRRC24,43162,LRRC24
LRRC26,15823,LRRC26
LRRC27,9139,LRRC27
LRRC28,12472,LRRC28
LRRC3,10464,LRRC3
LRRC30,20461,LRRC30
LRRC31,4265,LRRC31
LRRC32,7489,LRRC32
LRRC34,13142,LRRC34
LRRC36,10384,LRRC36
LRRC38,10750,LRRC38
LRRC39,5266,LRRC39
LRRC3B,14753,LRRC3B
LRRC3C,20115,LRRC3C
LRRC4,6044,LRRC4
LRRC40,977,LRRC40
LRRC41,6542,LRRC41
LRRC42,4550,LRRC42
LRRC43,10186,LRRC43
LRRC45,12653,LRRC45
LRRC46,8085,LRRC46
LRRC47,6339,LRRC47
LRRC49,7548,LRRC49
LRRC4B,6448,LRRC4B
LRRC4C,9156,LRRC4C
LRRC51,15685,LRTOMT
LRRC52,10832,LRRC52
LRRC55,15637,LRRC55
LRRC56,10605,LRRC56
LRRC57,14985,LRRC57
LRRC58,11007,LRRC58
LRRC59,3596,LRRC59
LRRC61,5913,LRRC61
LRRC69,23193,LRRC69
LRRC7,500,LRRC7
LRRC71,10546,LRRC71
LRRC73,19793,LRRC73
LRRC74A,2339,LRRC74A
LRRC74B,16607,LRRC74B
LRRC75A,15049,LRRC75A
LRRC75B,14428,LRRC75B
LRRC8A,7337,LRRC8A
LRRC8B,17367,LRRC8B
LRRC8C,13082,LRRC8C
LRRC8D,13085,LRRC8D
LRRC8E,12968,LRRC8E
LRRC9,6523,LRRC9
LRRCC1,6790,LRRCC1
LRRD1,36680,LRRD1
LRRFIP2,1999,LRRFIP2
LRRIQ1,6778,LRRIQ1
LRRIQ3,10783,LRRIQ3
LRRIQ4,16708,LRRIQ4
LRRK1,9746,LRRK1
LRRK2,16869,LRRK2
LRRN1,13994,LRRN1
LRRN2,12816,LRRN2
LRRN3,13458,LRRN3
LRRN4,5747,LRRN4
LRRN4CL,14293,LRRN4CL
LRRTM1,10880,LRRTM1
LRRTM2,8788,LRRTM2
LRRTM3,17884,LRRTM3
LRRTM4,14046,LRRTM4
LRSAM1,9085,LRSAM1
LRTM1,8618,LRTM1
LRTM2,11780,LRTM2
LRWD1,10580,LRWD1
LSAMP,16036,LSAMP
LSG1,576,LSG1
LSM1,13882,LSM1
LSM10,15130,LSM10
LSM11,9913,LSM11
LSM12,10631,LSM12
LSM14A,44858,LSM14A
LSM14B,9253,LSM14B
LSM2,19916,LSM2
LSM3,12926,LSM3
LSM4,6282,LSM4
LSM5,3297,LSM5
LSM6,11278,LSM6
LSM7,6252,LSM7
LSM8,6033,LSM8
LSMEM1,14995,LSMEM1
LSMEM2,14718,LSMEM2
LSP1,6297,LSP1
LSR,3173,LSR
LSS,10470,LSS
LTA,27899,LTA
LTA4H,3849,LTA4H
LTB,28268,LTB
LTB4R2,22785,LTB4R2
LTBP1,661,LTBP1
LTBP2,4937,LTBP2
LTBP3,12275,LTBP3
LTBP4,1859,LTBP4
LTBR,3880,LTBR
LTC4S,22488,LTC4S
LTF,315,LTF
LTK,842,LTK
LTN1,17954,LTN1
LTO1,9256,LTO1
LTV1,7105,LTV1
LUC7L,184,LUC7L
LUC7L2,8908,LUC7L2
LUC7L3,3601,LUC7L3
LUM,7813,LUM
LURAP1,13044,LURAP1
LURAP1L,9677,LURAP1L
LUZP1,12646,LUZP1
LUZP2,16480,LUZP2
LVRN,13416,LVRN
LXN,1454,LXN
LY6D,12161,LY6D
LY6E,10559,LY6E
LY6G5B,36408,LY6G5B
LY6G5C,19932,LY6G5C
LY6G6C,19928,LY6G6C
LY6G6D,38214,LY6G6D
LY6G6F,19930,LY6G6F
LY6H,14209,LY6H
LY75,722,LY75
LY86,4111,LY86
LY9,5248,LY9
LY96,9787,LY96
LYAR,8672,LYAR
LYG1,8536,LYG1
LYG2,16068,LYG2
LYL1,2999,LYL1
LYN,42907,LYN
LYPD1,9312,LYPD1
LYPD2,17430,LYPD2
LYPD3,5528,LYPD3
LYPD4,54375,LYPD4
LYPD5,10400,LYPD5
LYPD6,16439,LYPD6
LYPD6B,9313,LYPD6B
LYPLA1,5125,LYPLA1
LYPLA2,275,LYPLA2
LYPLAL1,8372,LYPLAL1
LYRM1,2720,LYRM1
LYRM2,1586,LYRM2
LYRM4,22889,LYRM4
LYRM7,16337,LYRM7
LYRM9,31943,LYRM9
LYSMD1,10937,LYSMD1
LYSMD2,7938,LYSMD2
LYSMD3,14005,LYSMD3
LYSMD4,15417,LYSMD4
LYST,8451,LYST
LYVE1,6796,LYVE1
LYZL4,10064,LYZL4
LYZL6,56025,LYZL6
LZIC,10741,LZIC
LZTFL1,11150,LZTFL1
LZTR1,2139,LZTR1
LZTS1,826,LZTS1
LZTS2,3453,LZTS2
LZTS3,1798,LZTS3
M1AP,10349,M1AP
M6PR,32,M6PR
MAB21L1,14918,MAB21L1
MAB21L2,15079,MAB21L2
MAB21L3,13478,MAB21L3
MAB21L4,13332,MAB21L4
MACC1,15592,MACC1
MACF1,5944,MACF1
MACIR,15112,C5orf30
MACO1,19835,MACO1
MACROD1,6748,MACROD1
MACROD2,13270,MACROD2
MACROH2A1,4212,H2AFY
MACROH2A2,2087,H2AFY2
MAD1L1,28,MAD1L1
MAD2L1,11254,MAD2L1
MAD2L1BP,5568,MAD2L1BP
MAD2L2,4593,MAD2L2
MADD,3787,MADD
MAEA,1871,MAEA
MAEL,8339,MAEL
MAF,14526,MAF
MAF1,14734,MAF1
MAFA,15340,MAFA
MAFB,19807,MAFB
MAFF,15900,MAFF
MAFG,17339,MAFG
MAFK,17800,MAFK
MAG,3169,MAG
MAGEB18,14161,MAGEB18
MAGED1,14661,MAGED1
MAGED2,2661,MAGED2
MAGEE1,17997,MAGEE1
MAGEE2,16333,MAGEE2
MAGEH1,16520,MAGEH1
MAGEL2,43326,MAGEL2
MAGI1,9385,MAGI1
MAGI2,16479,MAGI2
MAGI3,1519,MAGI3
MAGIX,52222,MAGIX
MAGOH,10722,MAGOH
MAGOHB,3853,MAGOHB
MAGT1,2637,MAGT1
MAIP1,10884,MAIP1
MAJIN,12282,MAJIN
MAK,3965,MAK
MAK16,17660,MAK16
MAL,13210,MAL
MAL2,9012,MAL2
MALL,8521,MALL
MALRD1,20066,MALRD1
MALSU1,10042,MALSU1
MALT1,13248,MALT1
MAMDC2,11520,MAMDC2
MAMDC4,14412,MAMDC4
MAML1,10578,MAML1
MAML2,15748,MAML2
MAML3,17256,MAML3
MAMLD1,342,MAMLD1
MAMSTR,14193,MAMSTR
MAN1A1,3977,MAN1A1
MAN1A2,17702,MAN1A2
MAN1B1,14269,MAN1B1
MAN1C1,4747,MAN1C1
MAN2A1,4120,MAN2A1
MAN2A2,17180,MAN2A2
MAN2B1,2961,MAN2B1
MAN2B2,326,MAN2B2
MAN2C1,7962,MAN2C1
MANBA,3659,MANBA
MANBAL,2512,MANBAL
MANEA,13330,MANEA
MANEAL,15924,MANEAL
MANF,8656,MANF
MANSC1,3869,MANSC1
MANSC4,20322,MANSC4
MAOA,16950,MAOA
MAOB,1078,MAOB
MAP1A,12000,MAP1A
MAP1B,6484,MAP1B
MAP1LC3A,2539,MAP1LC3A
MAP1S,6274,MAP1S
MAP2,1403,MAP2
MAP2K1,12506,MAP2K1
MAP2K2,5876,MAP2K2
MAP2K3,508,MAP2K3
MAP2K4,935,MAP2K4
MAP2K5,7530,MAP2K5
MAP2K6,3618,MAP2K6
MAP2K7,1362,MAP2K7
MAP3K1,2014,MAP3K1
MAP3K10,6337,MAP3K10
MAP3K11,13506,MAP3K11
MAP3K12,7854,MAP3K12
MAP3K13,1242,MAP3K13
MAP3K14,121,MAP3K14
MAP3K15,14948,MAP3K15
MAP3K19,14126,MAP3K19
MAP3K2,12724,MAP3K2
MAP3K20,1926,MAP3K20
MAP3K21,8452,MAP3K21
MAP3K3,17979,MAP3K3
MAP3K4,1660,MAP3K4
MAP3K5,17459,MAP3K5
MAP3K6,8281,MAP3K6
MAP3K7,7059,MAP3K7
MAP3K8,3479,MAP3K8
MAP3K9,133,MAP3K9
MAP4K1,2967,MAP4K1
MAP4K2,12281,MAP4K2
MAP4K3,304,MAP4K3
MAP4K4,1143,MAP4K4
MAP4K5,323,MAP4K5
MAP6,13098,MAP6
MAP6D1,14953,MAP6D1
MAP7,7106,MAP7
MAP7D1,4635,MAP7D1
MAP7D2,15743,MAP7D2
MAP9,11258,MAP9
MAPK1,2165,MAPK1
MAPK10,3661,MAPK10
MAPK11,16000,MAPK11
MAPK12,16668,MAPK12
MAPK13,10022,MAPK13
MAPK14,3995,MAPK14
MAPK15,15010,MAPK15
MAPK3,2715,MAPK3
MAPK4,8154,MAPK4
MAPK6,1088,MAPK6
MAPK7,11878,MAPK7
MAPK8,3434,MAPK8
MAPK8IP1,5183,MAPK8IP1
MAPK8IP2,225,MAPK8IP2
MAPK8IP3,7756,MAPK8IP3
MAPK9,684,MAPK9
MAPKAP1,4909,MAPKAP1
MAPKAPK2,10861,MAPKAPK2
MAPKAPK3,4316,MAPKAPK3
MAPKAPK5,1807,MAPKAPK5
MAPKBP1,7536,MAPKBP1
MAPRE1,2514,MAPRE1
MAPRE2,12003,MAPRE2
MAPRE3,1642,MAPRE3
MAPT,16376,MAPT
MARCHF1,8702,MARCH1
MARCHF10,13605,MARCH10
MARCHF11,15563,MARCH11
MARCHF2,2111,MARCH2
MARCHF3,13623,MARCH3
MARCHF4,8587,MARCH4
MARCHF5,17667,MARCH5
MARCHF6,8712,MARCH6
MARCHF7,7300,MARCH7
MARCHF8,11594,MARCH8
MARCHF9,7802,MARCH9
MARCKS,57093,MARCKS
MARCKSL1,13839,MARCKSL1
MARCO,388,MARCO
MARF1,11936,MARF1
MARK1,4536,MARK1
MARK2,1195,MARK2
MARK3,1307,MARK3
MARK4,164,MARK4
MARS1,12006,MARS
MARS2,38579,MARS2
MARVELD1,9857,MARVELD1
MARVELD2,9600,MARVELD2
MARVELD3,8024,MARVELD3
MAS1,6259,MAS1
MASP1,5897,MASP1
MASP2,236,MASP2
MAST1,3144,MAST1
MAST2,1681,MAST2
MAST3,2089,MAST3
MAST4,1064,MAST4
MASTL,5063,MASTL
MAT1A,9379,MAT1A
MAT2A,12473,MAT2A
MAT2B,547,MAT2B
MATK,175,MATK
MATN1,10752,MATN1
MATN2,6615,MATN2
MATN3,6539,MATN3
MATN4,5466,MATN4
MATR3,360,MATR3
MAU2,6189,MAU2
MAX,5765,MAX
MAZ,2826,MAZ
MB,17688,MB
MB21D2,14910,MB21D2
MBD1,8156,MBD1
MBD2,6828,MBD2
MBD3,1161,MBD3
MBD3L1,12951,MBD3L1
MBD4,6101,MBD4
MBD5,19924,MBD5
MBD6,12007,MBD6
MBIP,9393,MBIP
MBL2,11606,MBL2
MBLAC1,22971,MBLAC1
MBLAC2,14015,MBLAC2
MBNL1,9566,MBNL1
MBNL2,7883,MBNL2
MBNL3,1356,MBNL3
MBOAT1,13253,MBOAT1
MBOAT2,8469,MBOAT2
MBOAT4,14358,MBOAT4
MBOAT7,5664,MBOAT7
MBP,17633,MBP
MBTD1,287,MBTD1
MBTPS1,8040,MBTPS1
MBTPS2,313,MBTPS2
MC1R,45932,MC1R
MC2R,15957,MC2R
MC3R,5447,MC3R
MC4R,11909,MC4R
MC5R,14031,MC5R
MCAM,1354,MCAM
MCAT,2249,MCAT
MCC,13063,MCC
MCCC1,1407,MCCC1
MCCC2,6507,MCCC2
MCEE,5515,MCEE
MCF2,2603,MCF2
MCF2L,5797,MCF2L
MCFD2,14876,MCFD2
MCHR1,6008,MCHR1
MCIDAS,33152,MCIDAS
MCL1,8385,MCL1
MCM10,922,MCM10
MCM2,1219,MCM2
MCM3,4004,MCM3
MCM3AP,10472,MCM3AP
MCM4,2955,MCM4
MCM5,2251,MCM5
MCM6,1332,MCM6
MCM7,11883,MCM7
MCM8,5752,MCM8
MCM9,3974,MCM9
MCMBP,17565,MCMBP
MCMDC2,14510,MCMDC2
MCOLN1,1894,MCOLN1
MCOLN2,9696,MCOLN2
MCOLN3,751,MCOLN3
MCPH1,8959,MCPH1
MCRIP1,26971,MCRIP1
MCRIP2,13302,MCRIP2
MCRS1,16573,MCRS1
MCTP1,13907,MCTP1
MCTP2,7998,MCTP2
MCTS1,31428,MCTS1
MCU,9938,MCU
MCUB,76,MCUB
MCUR1,677,MCUR1
MDFI,4077,MDFI
MDFIC,7044,MDFIC
MDFIC2,37262,MDFIC2
MDGA1,4007,MDGA1
MDGA2,7898,MDGA2
MDH1,350,MDH1
MDH1B,7665,MDH1B
MDH2,8877,MDH2
MDK,3785,MDK
MDM1,3907,MDM1
MDM2,7133,MDM2
MDM4,17836,MDM4
MDN1,4011,MDN1
ME1,947,ME1
ME2,1561,ME2
ME3,9401,ME3
MEA1,5574,MEA1
MEAF6,11166,MEAF6
MEAK7,8043,MEAK7
MECOM,1651,MECOM
MECP2,12511,MECP2
MECR,4566,MECR
MED1,5691,MED1
MED10,6756,MED10
MED11,10656,MED11
MED12,15806,MED12
MED12L,8640,MED12L
MED13,3540,MED13
MED13L,5337,MED13L
MED14,14832,MED14
MED15,2135,MED15
MED16,13862,MED16
MED17,585,MED17
MED18,6343,MED18
MED19,10012,MED19
MED20,5563,MED20
MED21,9602,MED21
MED22,9072,MED22
MED23,4036,MED23
MED24,226,MED24
MED25,3018,MED25
MED26,3031,MED26
MED27,10506,MED27
MED28,4830,MED28
MED29,859,MED29
MED30,11443,MED30
MED31,3557,MED31
MED4,7226,MED4
MED6,6819,MED6
MED7,9914,MED7
MED8,10364,MED8
MED9,8058,MED9
MEDAG,2705,MEDAG
MEF2A,1035,MEF2A
MEF2B,22837,MEF2B
MEF2C,1530,MEF2C
MEF2D,4585,MEF2D
MEGF10,8750,MEGF10
MEGF11,10157,MEGF11
MEGF6,10769,MEGF6
MEGF8,3108,MEGF8
MEGF9,3360,MEGF9
MEI1,12018,MEI1
MEI4,52472,MEI4
MEIG1,17603,MEIG1
MEIKIN,36236,MEIKIN
MEIOB,10677,MEIOB
MEIOC,14863,MEIOC
MEIS1,8504,MEIS1
MEIS2,6843,MEIS2
MELK,11578,MELK
MELTF,11200,MELTF
MEMO1,10881,MEMO1
MEN1,6809,MEN1
MEOX1,80,MEOX1
MEOX2,3317,MEOX2
MEP1B,8109,MEP1B
MEPCE,8892,MEPCE
MERTK,9638,MERTK
MESD,4765,MESD
MESP1,11951,MESP1
MESP2,16661,MESP2
MEST,3316,MEST
MET,3229,MET
METAP1,11211,METAP1
METAP1D,13410,METAP1D
METAP2,3848,METAP2
METRN,2791,METRN
METRNL,14174,METRNL
METTL1,542,METTL1
METTL14,8698,METTL14
METTL15,12621,METTL15
METTL16,5952,METTL16
METTL17,11687,METTL17
METTL18,13157,METTL18
METTL21A,8561,METTL21A
METTL21C,7882,METTL21C
METTL22,1008,METTL22
METTL23,15005,METTL23
METTL24,707,METTL24
METTL25,5948,METTL25
METTL26,6329,METTL26
METTL27,11545,METTL27
METTL3,11700,METTL3
METTL5,7659,METTL5
METTL6,20480,METTL6
METTL8,5411,METTL8
METTL9,17318,METTL9
MEX3A,43456,MEX3A
MEX3B,15520,MEX3B
MEX3C,14130,MEX3C
MEX3D,15086,MEX3D
MFAP2,4670,MFAP2
MFAP3,540,MFAP3
MFAP3L,18004,MFAP3L
MFAP4,11876,MFAP4
MFAP5,17519,MFAP5
MFF,12489,MFF
MFGE8,7994,MFGE8
MFHAS1,8960,MFHAS1
MFN1,12988,MFN1
MFN2,4598,MFN2
MFNG,2175,MFNG
MFRP,33917,MFRP
MFSD1,4850,MFSD1
MFSD10,3695,MFSD10
MFSD11,1988,MFSD11
MFSD12,10586,MFSD12
MFSD13A,7616,MFSD13A
MFSD14A,10036,MFSD14A
MFSD14B,9048,MFSD14B
MFSD2A,12353,MFSD2A
MFSD2B,20306,MFSD2B
MFSD3,12174,MFSD3
MFSD4A,13723,MFSD4A
MFSD5,15290,MFSD5
MFSD6,9445,MFSD6
MFSD6L,15938,MFSD6L
MFSD8,11233,MFSD8
MFSD9,7189,MFSD9
MGA,13665,MGA
MGAM,44978,MGAM
MGAM2,45183,MGAM2
MGAT1,6451,MGAT1
MGAT2,12329,MGAT2
MGAT3,6001,MGAT3
MGAT4A,1144,MGAT4A
MGAT4B,10576,MGAT4B
MGAT4C,15175,MGAT4C
MGAT4D,20220,MGAT4D
MGAT5,9499,MGAT5
MGAT5B,12229,MGAT5B
MGLL,1263,MGLL
MGME1,5746,MGME1
MGMT,12828,MGMT
MGP,3886,MGP
MGRN1,2710,MGRN1
MGST1,217,MGST1
MGST2,1675,MGST2
MGST3,8342,MGST3
MIA,48296,MIA
MIA3,9756,MIA3
MIB1,2568,MIB1
MIB2,17485,MIB2
MICAL1,7116,MICAL1
MICAL2,6800,MICAL2
MICAL3,37695,MICAL3
MICALL1,2200,MICALL1
MICALL2,11468,MICALL2
MICOS10,13527,MINOS1
MICOS13,13793,C19orf70
MICU1,3444,MICU1
MICU2,11612,MICU2
MICU3,9930,MICU3
MID1,2582,MID1
MID1IP1,11546,MID1IP1
MID2,1497,MID2
MIDEAS,9939,ELMSAN1
MIDN,12104,MIDN
MIEF1,2268,MIEF1
MIEF2,14308,MIEF2
MIEN1,8168,MIEN1
MIER1,17701,MIER1
MIER2,3134,MIER2
MIER3,9885,MIER3
MIF,36780,MIF
MIF4GD,5654,MIF4GD
MIGA1,14894,MIGA1
MIGA2,9082,MIGA2
MIIP,4600,MIIP
MINAR1,12583,MINAR1
MINAR2,16258,MINAR2
MINDY1,8391,MINDY1
MINDY2,6087,MINDY2
MINDY3,9103,MINDY3
MINDY4,3264,MINDY4
MINDY4B,22933,MINDY4B
MINK1,8124,MINK1
MINPP1,3448,MINPP1
MIOS,11412,MIOS
MIOX,2236,MIOX
MIP,7103,MIP
MIPEP,461,MIPEP
MIPOL1,9394,MIPOL1
MIS12,12219,MIS12
MIS18A,10295,MIS18A
MISP,2117,MISP
MISP3,8176,MISP3
MITD1,10214,MITD1
MITF,16432,MITF
MIXL1,15937,MIXL1
MKKS,5741,MKKS
MKLN1,6041,MKLN1
MKNK1,1456,MKNK1
MKNK2,2129,MKNK2
MKRN1,6771,MKRN1
MKRN2,1331,MKRN2
MKRN2OS,26880,MKRN2OS
MKRN3,14704,MKRN3
MKS1,283,MKS1
MKX,9282,MKX
MLANA,5021,MLANA
MLC1,2308,MLC1
MLEC,3828,MLEC
MLF1,14434,MLF1
MLF2,1849,MLF2
MLH1,1338,MLH1
MLH3,4939,MLH3
MLIP,8810,MLIP
MLKL,12359,MLKL
MLLT1,6261,MLLT1
MLLT10,1425,MLLT10
MLLT11,22418,MLLT11
MLLT3,13168,MLLT3
MLLT6,55580,MLLT6
MLPH,4464,MLPH
MLST8,12244,MLST8
MLX,3585,MLX
MLXIP,13954,MLXIP
MLXIPL,242,MLXIPL
MLYCD,2766,MLYCD
MMAA,9430,MMAA
MMAB,7826,MMAB
MMACHC,6656,MMACHC
MMADHC,12332,MMADHC
MMD,3615,MMD
MMD2,7264,MMD2
MME,17181,MME
MMEL1,8257,MMEL1
MMGT1,12608,MMGT1
MMP11,2140,MMP11
MMP12,48434,MMP12
MMP13,7525,MMP13
MMP14,10085,MMP14
MMP15,2740,MMP15
MMP16,9947,MMP16
MMP17,17829,MMP17
MMP19,5371,MMP19
MMP2,1731,MMP2
MMP20,7509,MMP20
MMP21,9776,MMP21
MMP23B,16995,MMP23B
MMP24,5769,MMP24
MMP25,222,MMP25
MMP27,7510,MMP27
MMP28,53399,MMP28
MMP3,9277,MMP3
MMP7,7508,MMP7
MMP8,4777,MMP8
MMP9,2418,MMP9
MMRN1,7722,MMRN1
MMRN2,13496,MMRN2
MMS19,9854,MMS19
MMS22L,8826,MMS22L
MMUT,8803,MUT
MN1,12540,MN1
MNAT1,400,MNAT1
MND1,5144,MND1
MNS1,7684,MNS1
MNT,1113,MNT
MNX1,6310,MNX1
MOAP1,11727,MOAP1
MOB1A,4347,MOB1A
MOB1B,13546,MOB1B
MOB2,15216,MOB2
MOB3A,13229,MOB3A
MOB3B,5018,MOB3B
MOB3C,8301,MOB3C
MOB4,4447,MOB4
MOBP,12342,MOBP
MOCOS,1317,MOCOS
MOCS1,5561,MOCS1
MOCS2,11282,MOCS2
MOCS3,5488,MOCS3
MOG,20029,MOG
MOGAT1,5442,MOGAT1
MOGAT2,11845,MOGAT2
MOGS,4397,MOGS
MOK,1509,MOK
MON1A,11236,MON1A
MON1B,2761,MON1B
MON2,835,MON2
MORC1,4293,MORC1
MORC3,10333,MORC3
MORC4,6728,MORC4
MORF4L1,16093,MORF4L1
MORF4L2,5402,MORF4L2
MORN1,4538,MORN1
MORN2,16636,MORN2
MORN3,7872,MORN3
MORN4,13004,MORN4
MORN5,16069,MORN5
MOS,13366,MOS
MOSMO,16077,MOSMO
MOSPD1,2592,MOSPD1
MOSPD2,6213,MOSPD2
MOSPD3,3288,MOSPD3
MOV10,9869,MOV10
MOV10L1,1220,MOV10L1
MOXD1,1479,MOXD1
MPC1L,35651,MPC1L
MPC2,8328,MPC2
MPDU1,6127,MPDU1
MPDZ,3397,MPDZ
MPG,2767,MPG
MPHOSPH10,5518,MPHOSPH10
MPHOSPH6,7136,MPHOSPH6
MPHOSPH8,17055,MPHOSPH8
MPHOSPH9,696,MPHOSPH9
MPI,14569,MPI
MPIG6B,19927,MPIG6B
MPL,4703,MPL
MPND,216,MPND
MPO,94,MPO
MPP1,6360,MPP1
MPP2,3603,MPP2
MPP3,10627,MPP3
MPP4,1556,MPP4
MPP7,9283,MPP7
MPPE1,9822,MPPE1
MPPED1,16344,MPPED1
MPPED2,971,MPPED2
MPRIP,6703,MPRIP
MPST,6011,MPST
MPV17,4377,MPV17
MPV17L,10047,MPV17L
MPV17L2,43575,MPV17L2
MPZ,10287,MPZ
MPZL1,17631,MPZL1
MPZL2,9235,MPZL2
MPZL3,10509,MPZL3
MR1,9613,MR1
MRAP2,7054,MRAP2
MRAS,10195,MRAS
MRC1,47146,MRC1
MRC2,277,MRC2
MRE11,403,MRE11
MREG,4789,MREG
MRGBP,2460,MRGBP
MRGPRD,13424,MRGPRD
MRGPRE,15738,MRGPRE
MRGPRF,13422,MRGPRF
MRGPRG,15203,MRGPRG
MRI1,541,MRI1
MRLN,28504,MRLN
MRM1,57876,MRM1
MRM2,5295,MRM2
MRM3,13175,MRM3
MRNIP,10574,MRNIP
MRO,6827,MRO
MROH1,14760,MROH1
MROH2A,15906,MROH2A
MROH2B,13086,MROH2B
MROH5,27774,MROH5
MROH6,20091,MROH6
MROH7,15729,MROH7
MROH8,2510,MROH8
MROH9,4720,MROH9
MRPL1,12573,MRPL1
MRPL10,10302,MRPL10
MRPL11,13728,MRPL11
MRPL12,48526,MRPL12
MRPL13,13247,MRPL13
MRPL14,14987,MRPL14
MRPL15,7493,MRPL15
MRPL16,11978,MRPL16
MRPL17,10175,MRPL17
MRPL18,4001,MRPL18
MRPL19,4416,MRPL19
MRPL2,4088,MRPL2
MRPL20,37417,MRPL20
MRPL21,17429,MRPL21
MRPL24,8359,MRPL24
MRPL27,3594,MRPL27
MRPL28,1695,MRPL28
MRPL3,4312,MRPL3
MRPL30,16003,MRPL30
MRPL32,3331,MRPL32
MRPL33,37690,MRPL33
MRPL34,6250,MRPL34
MRPL35,6565,MRPL35
MRPL36,13056,MRPL36
MRPL37,4553,MRPL37
MRPL38,19886,MRPL38
MRPL39,9800,MRPL39
MRPL4,3084,MRPL4
MRPL40,16043,MRPL40
MRPL41,15197,MRPL41
MRPL42,17649,MRPL42
MRPL43,754,MRPL43
MRPL44,7169,MRPL44
MRPL45,58017,MRPL45
MRPL46,46509,MRPL46
MRPL47,7296,MRPL47
MRPL48,13929,MRPL48
MRPL49,9263,MRPL49
MRPL50,7373,MRPL50
MRPL51,3913,MRPL51
MRPL52,13354,MRPL52
MRPL53,20088,MRPL53
MRPL54,15549,MRPL54
MRPL55,10868,MRPL55
MRPL57,13462,MRPL57
MRPL58,12224,MRPL58
MRPL9,8398,MRPL9
MRPS10,644,MRPS10
MRPS11,15163,MRPS11
MRPS12,6054,MRPS12
MRPS14,5044,MRPS14
MRPS15,4640,MRPS15
MRPS16,15208,MRPS16
MRPS17,36290,MRPS17
MRPS18A,2055,MRPS18A
MRPS18B,19987,MRPS18B
MRPS18C,10976,MRPS18C
MRPS2,5239,MRPS2
MRPS21,50728,MRPS21
MRPS22,13836,MRPS22
MRPS23,15088,MRPS23
MRPS24,843,MRPS24
MRPS25,6434,MRPS25
MRPS26,5758,MRPS26
MRPS27,4133,MRPS27
MRPS28,8996,MRPS28
MRPS30,4131,MRPS30
MRPS31,2694,MRPS31
MRPS33,1868,MRPS33
MRPS34,1251,MRPS34
MRPS35,831,MRPS35
MRPS5,8510,MRPS5
MRPS6,38012,MRPS6
MRPS7,5649,MRPS7
MRPS9,7194,MRPS9
MRRF,9059,MRRF
MRS2,5540,MRS2
MRTFA,17196,MRTFA
MRTFB,16231,MRTFB
MRTO4,709,MRTO4
MS4A1,10024,MS4A1
MS4A12,1148,MS4A12
MS4A15,11999,MS4A15
MS4A2,9227,MS4A2
MS4A3,9223,MS4A3
MS4A5,11991,MS4A5
MS4A8,11997,MS4A8
MSANTD1,16882,MSANTD1
MSANTD2,5055,MSANTD2
MSANTD3,982,MSANTD3
MSANTD4,12937,MSANTD4
MSC,14579,MSC
MSGN1,9402,MSGN1
MSH2,2013,MSH2
MSH3,4167,MSH3
MSH4,771,MSH4
MSH5,19925,MSH5
MSH6,4525,MSH6
MSI1,7017,MSI1
MSI2,9705,MSI2
MSL1,16867,MSL1
MSL2,13735,MSL2
MSL3,91,MSL3
MSLN,2709,MSLN
MSLNL,10674,MSLNL
MSMO1,702,MSMO1
MSMP,23278,MSMP
MSN,8918,MSN
MSR1,553,MSR1
MSRA,13974,MSRA
MSRB1,17882,MSRB1
MSRB2,9100,MSRB2
MSRB3,13648,MSRB3
MSS51,11834,MSS51
MST1,13543,MST1
MST1R,11237,MST1R
MSTN,7656,MSTN
MSTO1,5656,MSTO1
MSX1,10932,MSX1
MSX2,5013,MSX2
MT-ATP6,17975,MT-ATP6
MT-CO1,17917,MT-CO1
MT-CO2,17868,MT-CO2
MT-CO3,17999,MT-CO3
MT-CYB,17876,MT-CYB
MT-ND1,17969,MT-ND1
MT-ND2,17897,MT-ND2
MT-ND3,17939,MT-ND3
MT-ND4,17967,MT-ND4
MT-ND4L,22287,MT-ND4L
MT-ND5,17905,MT-ND5
MT-ND6,17862,MT-ND6
MT1X,16458,MT1X
MT3,1732,MT3
MT4,2718,MT4
MTA1,15395,MTA1
MTA2,9214,MTA2
MTA3,778,MTA3
MTAP,2116,MTAP
MTARC1,16219,MARC1
MTARC2,4759,MARC2
MTBP,13245,MTBP
MTCH1,7465,MTCH1
MTCH2,3718,MTCH2
MTCL1,12384,MTCL1
MTCP1,23143,MTCP1
MTDH,9007,MTDH
MTERF2,5103,MTERF2
MTERF3,9992,MTERF3
MTERF4,5233,MTERF4
MTF1,16839,MTF1
MTF2,8308,MTF2
MTFMT,2848,MTFMT
MTFP1,37259,MTFP1
MTFR1,988,MTFR1
MTFR1L,4746,MTFR1L
MTFR2,8845,MTFR2
MTG1,9140,MTG1
MTG2,2456,MTG2
MTHFD1,2373,MTHFD1
MTHFD1L,5027,MTHFD1L
MTHFD2,950,MTHFD2
MTHFD2L,11123,MTHFD2L
MTHFR,14221,MTHFR
MTHFSD,2786,MTHFSD
MTIF2,1670,MTIF2
MTIF3,5227,MTIF3
MTLN,13950,MTLN
MTM1,12983,MTM1
MTMR1,863,MTMR1
MTMR10,11980,MTMR10
MTMR11,352,MTMR11
MTMR12,9328,MTMR12
MTMR14,11117,MTMR14
MTMR2,1714,MTMR2
MTMR3,2267,MTMR3
MTMR4,3520,MTMR4
MTMR6,7833,MTMR6
MTMR7,43,MTMR7
MTMR9,2942,MTMR9
MTNR1A,12362,MTNR1A
MTNR1B,6940,MTNR1B
MTO1,7045,MTO1
MTOR,17910,MTOR
MTPAP,3474,MTPAP
MTPN,3214,MTPN
MTR,4651,MTR
MTRES1,6257,C6orf203
MTREX,555,MTREX
MTRF1,5074,MTRF1
MTRF1L,3989,MTRF1L
MTRFR,6365,C12orf65
MTRR,5505,MTRR
MTSS1,12928,MTSS1
MTSS2,6625,MTSS1L
MTTP,7754,MTTP
MTURN,14868,MTURN
MTUS1,6137,MTUS1
MTUS2,6686,MTUS2
MTX1,13469,MTX1
MTX2,6058,MTX2
MTX3,14225,MTX3
MUC15,12623,MUC15
MUL1,1877,MUL1
MUS81,13375,MUS81
MUSK,484,MUSK
MUSTN1,54053,MUSTN1
MUTYH,6660,MUTYH
MVB12A,8188,MVB12A
MVB12B,17266,MVB12B
MVD,12110,MVD
MVK,3829,MVK
MVP,330,MVP
MXD1,802,MXD1
MXD3,22502,MXD3
MXD4,5434,MXD4
MXI1,4988,MXI1
MXRA8,10767,MXRA8
MYADM,14758,MYADM
MYADML2,15928,MYADML2
MYB,4821,MYB
MYBBP1A,6578,MYBBP1A
MYBL1,16073,MYBL1
MYBL2,2431,MYBL2
MYBPC1,17014,MYBPC1
MYBPC2,1711,MYBPC2
MYBPC3,6929,MYBPC3
MYBPH,6705,MYBPH
MYBPHL,24767,MYBPHL
MYC,7396,MYC
MYCBP,22890,MYCBP
MYCBP2,105,MYCBP2
MYCBPAP,7281,MYCBPAP
MYCL,4653,MYCL
MYCT1,5032,MYCT1
MYD88,13423,MYD88
MYDGF,1278,MYDGF
MYF5,3841,MYF5
MYF6,3840,MYF6
MYG1,7859,C12orf10
MYH1,3622,MYH1
MYH10,6700,MYH10
MYH11,6754,MYH11
MYH13,159,MYH13
MYH14,3083,MYH14
MYH15,8626,MYH15
MYH3,3624,MYH3
MYH6,17520,MYH6
MYH7,1954,MYH7
MYH7B,1441,MYH7B
MYH8,6699,MYH8
MYH9,2273,MYH9
MYL1,12391,MYL1
MYL10,3308,MYL10
MYL12A,2556,MYL12A
MYL12B,4836,MYL12B
MYL2,3864,MYL2
MYL3,10543,MYL3
MYL4,17748,MYL4
MYL6B,17155,MYL6B
MYL7,3341,MYL7
MYL9,2501,MYL9
MYLIP,194,MYLIP
MYLK,933,MYLK
MYLK2,2493,MYLK2
MYLK3,8019,MYLK3
MYMK,16526,MYMK
MYMX,48382,MYMX
MYNN,1650,MYNN
MYO10,8717,MYO10
MYO15B,50899,MYO15B
MYO16,575,MYO16
MYO18A,17176,MYO18A
MYO18B,6761,MYO18B
MYO19,57643,MYO19
MYO1A,11967,MYO1A
MYO1B,6055,MYO1B
MYO1C,17597,MYO1C
MYO1D,14134,MYO1D
MYO1E,10111,MYO1E
MYO1F,8228,MYO1F
MYO1G,7262,MYO1G
MYO1H,13726,MYO1H
MYO3A,2042,MYO3A
MYO3B,1167,MYO3B
MYO5A,17487,MYO5A
MYO5B,12074,MYO5B
MYO5C,6077,MYO5C
MYO6,17195,MYO6
MYO7A,7477,MYO7A
MYO7B,12731,MYO7B
MYO9A,991,MYO9A
MYO9B,2092,MYO9B
MYOC,515,MYOC
MYOCD,8064,MYOCD
MYOD1,6108,MYOD1
MYOF,7618,MYOF
MYOG,5242,MYOG
MYOM1,2555,MYOM1
MYOM2,528,MYOM2
MYOM3,8269,MYOM3
MYORG,11502,MYORG
MYOT,5092,MYOT
MYOZ1,14390,MYOZ1
MYOZ2,13310,MYOZ2
MYOZ3,11391,MYOZ3
MYPN,7650,MYPN
MYPOP,14041,MYPOP
MYRF,5603,MYRF
MYRFL,11815,MYRFL
MYRIP,12734,MYRIP
MYSM1,10776,MYSM1
MYT1,17030,MYT1
MYT1L,16292,MYT1L
MYZAP,48607,MYZAP
MZB1,12842,MZB1
MZF1,2090,MZF1
MZT1,20112,MZT1
N4BP1,2727,N4BP1
N4BP2,1414,N4BP2
N4BP2L1,7848,N4BP2L1
N4BP2L2,38378,N4BP2L2
N4BP3,8772,N4BP3
NAA10,2613,NAA10
NAA15,11269,NAA15
NAA16,13384,NAA16
NAA20,13523,NAA20
NAA25,3877,NAA25
NAA30,7906,NAA30
NAA35,7001,NAA35
NAA38,15401,NAA38
NAA40,3789,NAA40
NAA50,5178,NAA50
NAA60,5260,NAA60
NAA80,37817,NAA80
NAAA,7726,NAAA
NAALAD2,1393,NAALAD2
NAALADL1,12276,NAALADL1
NAALADL2,14370,NAALADL2
NAB1,7661,NAB1
NAB2,11971,NAB2
NABP1,13551,NABP1
NABP2,7847,NABP2
NACAD,7258,NACAD
NACC1,10552,NACC1
NACC2,9096,NACC2
NADK,203,NADK
NADK2,9568,NADK2
NADSYN1,13413,NADSYN1
NAE1,10373,NAE1
NAF1,8701,NAF1
NAGA,18005,NAGA
NAGK,5514,NAGK
NAGLU,3582,NAGLU
NAGPA,2771,NAGPA
NAGS,10630,NAGS
NAIF1,13007,NAIF1
NALCN,2675,NALCN
NALF1,19939,FAM155A
NALF2,6208,FAM155B
NAMPT,3201,NAMPT
NANOS1,16785,NANOS1
NANOS2,16742,NANOS2
NANOS3,16511,NANOS3
NANP,12770,NANP
NANS,2026,NANS
NAP1L1,16435,NAP1L1
NAP1L2,16281,NAP1L2
NAP1L3,16244,NAP1L3
NAP1L4,20278,NAP1L4
NAP1L5,14309,NAP1L5
NAPA,3101,NAPA
NAPB,5719,NAPB
NAPEPLD,10582,NAPEPLD
NAPG,6874,NAPG
NAPRT,9025,NAPRT
NAPSA,6445,NAPSA
NARF,8141,NARF
NARS2,7491,NARS2
NASP,6659,NASP
NAT10,7065,NAT10
NAT14,1904,NAT14
NAT8L,16101,NAT8L
NAT9,3625,NAT9
NATD1,55030,NATD1
NAV1,6897,NAV1
NAV2,11955,NAV2
NAV3,1019,NAV3
NAXD,22834,NAXD
NAXE,10997,NAXE
NBAS,9461,NBAS
NBDY,19866,NBDY
NBEA,13418,NBEA
NBEAL1,8565,NBEAL1
NBEAL2,10539,NBEAL2
NBL1,10262,NBL1
NBN,2898,NBN
NBR1,16770,NBR1
NCALD,2928,NCALD
NCAM1,9194,NCAM1
NCAM2,9796,NCAM2
NCAN,6240,NCAN
NCAPD2,254,NCAPD2
NCAPD3,9422,NCAPD3
NCAPG,3706,NCAPG
NCAPG2,8903,NCAPG2
NCAPH,5141,NCAPH
NCAPH2,448,NCAPH2
NCBP1,7385,NCBP1
NCBP2,4295,NCBP2
NCBP3,1260,NCBP3
NCCRP1,16758,NCCRP1
NCDN,396,NCDN
NCEH1,8645,NCEH1
NCF1,10236,NCF1
NCF2,4602,NCF2
NCF4,2285,NCF4
NCK1,10182,NCK1
NCK2,1142,NCK2
NCKAP1,830,NCKAP1
NCKAP1L,5370,NCKAP1L
NCKAP5,14160,NCKAP5
NCKAP5L,12132,NCKAP5L
NCKIPSD,22670,NCKIPSD
NCL,4357,NCL
NCLN,5761,NCLN
NCMAP,15764,NCMAP
NCOA1,1635,NCOA1
NCOA2,7960,NCOA2
NCOA3,5463,NCOA3
NCOA4,50692,NCOA4
NCOA5,5467,NCOA5
NCOA6,17841,NCOA6
NCOA7,3983,NCOA7
NCOR1,8059,NCOR1
NCOR2,17164,NCOR2
NCR1,17000,NCR1
NCS1,3389,NCS1
NCSTN,10822,NCSTN
NDC1,793,NDC1
NDC80,1516,NDC80
NDE1,1211,NDE1
NDEL1,11902,NDEL1
NDFIP1,6467,NDFIP1
NDFIP2,2678,NDFIP2
NDN,15318,NDN
NDNF,13515,NDNF
NDOR1,16773,NDOR1
NDP,5531,NDP
NDRG1,2920,NDRG1
NDRG2,11689,NDRG2
NDRG3,2434,NDRG3
NDRG4,2746,NDRG4
NDST1,1121,NDST1
NDST2,11882,NDST2
NDST3,11249,NDST3
NDST4,7705,NDST4
NDUFA1,5636,NDUFA1
NDUFA10,6267,NDUFA10
NDUFA11,13785,NDUFA11
NDUFA12,15832,NDUFA12
NDUFA13,16161,NDUFA13
NDUFA2,6464,NDUFA2
NDUFA3,12938,NDUFA3
NDUFA4,16901,NDUFA4
NDUFA4L2,16053,NDUFA4L2
NDUFA5,6051,NDUFA5
NDUFA6,15882,NDUFA6
NDUFA7,51755,NDUFA7
NDUFA8,4903,NDUFA8
NDUFA9,7784,NDUFA9
NDUFAB1,59,NDUFAB1
NDUFAF1,7538,NDUFAF1
NDUFAF2,11287,NDUFAF2
NDUFAF3,14436,NDUFAF3
NDUFAF4,5398,NDUFAF4
NDUFAF5,2480,NDUFAF5
NDUFAF6,9955,NDUFAF6
NDUFAF7,41,NDUFAF7
NDUFAF8,26434,NDUFAF8
NDUFB1,15562,NDUFB1
NDUFB10,8051,NDUFB10
NDUFB2,1869,NDUFB2
NDUFB3,4869,NDUFB3
NDUFB4,931,NDUFB4
NDUFB5,7295,NDUFB5
NDUFB6,11568,NDUFB6
NDUFB7,2112,NDUFB7
NDUFB8,11772,NDUFB8
NDUFB9,9015,NDUFB9
NDUFC1,3663,NDUFC1
NDUFC2,9400,NDUFC2
NDUFS1,424,NDUFS1
NDUFS2,10282,NDUFS2
NDUFS3,22641,NDUFS3
NDUFS4,11307,NDUFS4
NDUFS5,12414,NDUFS5
NDUFS6,8711,NDUFS6
NDUFS7,4399,NDUFS7
NDUFS8,3803,NDUFS8
NDUFV1,12209,NDUFV1
NDUFV2,14450,NDUFV2
NDUFV3,10445,NDUFV3
NEB,15424,NEB
NEBL,1410,NEBL
NECAB1,5345,NECAB1
NECAB2,2768,NECAB2
NECAB3,5770,NECAB3
NECAP1,1853,NECAP1
NECAP2,10077,NECAP2
NECTIN1,3774,NECTIN1
NECTIN2,6226,NECTIN2
NECTIN3,14375,NECTIN3
NECTIN4,8345,NECTIN4
NEDD1,7817,NEDD1
NEDD4,1086,NEDD4
NEDD4L,667,NEDD4L
NEDD8,6158,NEDD8
NEDD9,3970,NEDD9
NEFH,2245,NEFH
NEFL,57199,NEFL
NEGR1,13268,NEGR1
NEIL1,7961,NEIL1
NEIL2,9761,NEIL2
NEIL3,3688,NEIL3
NEK1,7501,NEK1
NEK10,11026,NEK10
NEK11,4311,NEK11
NEK2,4748,NEK2
NEK3,7214,NEK3
NEK4,4341,NEK4
NEK5,17375,NEK5
NEK6,4900,NEK6
NEK7,9405,NEK7
NEK8,10511,NEK8
NEK9,4929,NEK9
NELFA,15911,NELFA
NELFB,16885,NELFB
NELFCD,2450,NELFCD
NELFE,19897,NELFE
NELL1,11735,NELL1
NELL2,15801,NELL2
NEMF,11626,NEMF
NEMP1,11969,NEMP1
NEMP2,16983,NEMP2
NENF,4751,NENF
NEO1,998,NEO1
NEPRO,11073,NEPRO
NES,6642,NES
NET1,13607,NET1
NETO1,11833,NETO1
NETO2,13017,NETO2
NEU1,19911,NEU1
NEU2,4437,NEU2
NEU3,10692,NEU3
NEU4,19806,NEU4
NEURL1,3475,NEURL1
NEURL1B,22991,NEURL1B
NEURL2,5503,NEURL2
NEURL3,10928,NEURL3
NEURL4,23230,NEURL4
NEUROD1,10890,NEUROD1
NEUROD2,13097,NEUROD2
NEUROD4,5368,NEUROD4
NEUROD6,11393,NEUROD6
NEUROG1,15159,NEUROG1
NEUROG2,14499,NEUROG2
NEUROG3,5317,NEUROG3
NEXMIF,672,NEXMIF
NEXN,10780,NEXN
NF1,17236,NF1
NF2,16312,NF2
NFASC,11046,NFASC
NFAT5,2725,NFAT5
NFATC1,6422,NFATC1
NFATC2,2437,NFATC2
NFATC2IP,14208,NFATC2IP
NFATC3,1201,NFATC3
NFATC4,2414,NFATC4
NFE2,5382,NFE2
NFE2L1,1575,NFE2L1
NFE2L2,4524,NFE2L2
NFE2L3,676,NFE2L3
NFIA,10774,NFIA
NFIB,9029,NFIB
NFIC,8180,NFIC
NFIL3,11512,NFIL3
NFIX,220,NFIX
NFKB1,3657,NFKB1
NFKB2,1370,NFKB2
NFKBIA,2404,NFKBIA
NFKBIB,2971,NFKBIB
NFKBID,12139,NFKBID
NFKBIE,8820,NFKBIE
NFKBIL1,19958,NFKBIL1
NFKBIZ,8622,NFKBIZ
NFRKB,12799,NFRKB
NFS1,38049,NFS1
NFU1,12635,NFU1
NFX1,1685,NFX1
NFXL1,12832,NFXL1
NFYA,9,NFYA
NFYB,5105,NFYB
NFYC,962,NFYC
NGB,11631,NGB
NGDN,6142,NGDN
NGEF,965,NGEF
NGF,6872,NGF
NGFR,879,NGFR
NGLY1,9366,NGLY1
NGRN,15341,NGRN
NHEJ1,16559,NHEJ1
NHLH1,13149,NHLH1
NHLH2,14334,NHLH2
NHLRC1,16513,NHLRC1
NHLRC2,17278,NHLRC2
NHLRC3,16844,NHLRC3
NHLRC4,44860,NHLRC4
NHP2,8773,NHP2
NHS,16674,NHS
NHSL1,7109,NHSL1
NHSL2,19818,NHSL2
NIBAN1,7163,FAM129A
NIBAN2,7348,FAM129B
NIBAN3,12106,FAM129C
NICN1,8653,NICN1
NID1,4647,NID1
NID2,1742,NID2
NIF3L1,17087,NIF3L1
NIFK,9876,NIFK
NIM1K,14312,NIM1K
NIN,2326,NIN
NINJ1,6481,NINJ1
NINJ2,13167,NINJ2
NINL,2425,NINL
NIP7,6622,NIP7
NIPA1,12752,NIPA1
NIPA2,7928,NIPA2
NIPAL1,10972,NIPAL1
NIPAL2,2908,NIPAL2
NIPAL3,11,NIPAL3
NIPAL4,13346,NIPAL4
NIPBL,11291,NIPBL
NIPSNAP1,15680,NIPSNAP1
NIPSNAP2,8880,NIPSNAP2
NISCH,259,NISCH
NIT1,10269,NIT1
NIT2,4246,NIT2
NKAIN1,1631,NKAIN1
NKAIN2,16775,NKAIN2
NKAIN3,16139,NKAIN3
NKAIN4,2466,NKAIN4
NKAP,2583,NKAP
NKAPD1,9338,NKAPD1
NKAPL,16926,NKAPL
NKD1,8021,NKD1
NKD2,8713,NKD2
NKG7,3091,NKG7
NKIRAS1,17600,NKIRAS1
NKIRAS2,12319,NKIRAS2
NKPD1,14764,NKPD1
NKRF,16268,NKRF
NKTR,4336,NKTR
NKX1-1,33843,NKX1-1
NKX1-2,29626,NKX1-2
NKX2-1,7269,NKX2-1
NKX2-2,5724,NKX2-2
NKX2-3,4981,NKX2-3
NKX2-4,5721,NKX2-4
NKX2-5,15420,NKX2-5
NKX2-6,14810,NKX2-6
NKX2-8,7268,NKX2-8
NKX3-1,12013,NKX3-1
NKX3-2,3694,NKX3-2
NKX6-1,11078,NKX6-1
NKX6-2,9141,NKX6-2
NKX6-3,11518,NKX6-3
NLE1,1228,NLE1
NLGN1,12674,NLGN1
NLGN2,12730,NLGN2
NLGN3,17099,NLGN3
NLK,1722,NLK
NLN,5362,NLN
NLRC3,12253,NLRC3
NLRC4,1911,NLRC4
NLRC5,8029,NLRC5
NLRP10,15228,NLRP10
NLRP12,8230,NLRP12
NLRP14,10179,NLRP14
NLRP3,10812,NLRP3
NLRP6,13784,NLRP6
NLRX1,10523,NLRX1
NMB,17542,NMB
NMBR,7114,NMBR
NMD3,12566,NMD3
NME1,36246,NME1
NME2,37904,NME2
NME3,2745,NME3
NME4,2780,NME4
NME5,4127,NME5
NME6,13231,NME6
NME7,8326,NME7
NME8,1691,NME8
NME9,15045,NME9
NMI,5413,NMI
NMNAT1,13565,NMNAT1
NMNAT2,10061,NMNAT2
NMNAT3,11159,NMNAT3
NMRAL1,9661,NMRAL1
NMRK1,3357,NMRK1
NMRK2,1363,NMRK2
NMS,20022,NMS
NMT1,7280,NMT1
NMT2,9547,NMT2
NMU,3653,NMU
NMUR1,13111,NMUR1
NMUR2,6682,NMUR2
NNMT,11927,NNMT
NOA1,1621,NOA1
NOB1,8071,NOB1
NOC2L,16881,NOC2L
NOC3L,13463,NOC3L
NOC4L,15880,NOC4L
NOCT,9357,NOCT
NOD1,3260,NOD1
NOD2,12056,NOD2
NODAL,10008,NODAL
NOG,15576,NOG
NOL10,4481,NOL10
NOL11,6366,NOL11
NOL12,54857,NOL12
NOL3,8038,NOL3
NOL4,2566,NOL4
NOL4L,17384,NOL4L
NOL6,11570,NOL6
NOL7,27145,NOL7
NOL8,17645,NOL8
NOL9,10730,NOL9
NOLC1,11795,NOLC1
NOM1,8901,NOM1
NONO,8934,NONO
NOP10,15190,NOP10
NOP14,1737,NOP14
NOP16,637,NOP16
NOP2,3915,NOP2
NOP53,3090,NOP53
NOP56,2511,NOP56
NOP58,740,NOP58
NOP9,17300,NOP9
NOPCHAP1,9370,C12orf45
NOS1,1833,NOS1
NOS1AP,17992,NOS1AP
NOS2,169,NOS2
NOS3,11466,NOS3
NOSIP,8251,NOSIP
NOSTRIN,10915,NOSTRIN
NOTCH1,9094,NOTCH1
NOTCH2,6867,NOTCH2
NOTCH3,1252,NOTCH3
NOTO,23033,NOTO
NOTUM,15969,NOTUM
NOVA1,7896,NOVA1
NOVA2,3014,NOVA2
NOX1,195,NOX1
NOX3,1275,NOX3
NOX4,1712,NOX4
NOXA1,16824,NOXA1
NOXO1,17132,NOXO1
NOXRED1,11632,NOXRED1
NPAS1,6335,NPAS1
NPAS2,12846,NPAS2
NPAS3,9391,NPAS3
NPAS4,13734,NPAS4
NPAT,9198,NPAT
NPB,15653,NPB
NPBWR1,-1,
NPC1,8118,NPC1
NPC1L1,361,NPC1L1
NPC2,4932,NPC2
NPDC1,3405,NPDC1
NPEPL1,23368,NPEPL1
NPEPPS,8083,NPEPPS
NPFF,7846,NPFF
NPFFR1,9132,NPFFR1
NPFFR2,760,NPFFR2
NPHP1,8520,NPHP1
NPHP3,4243,NPHP3
NPHP4,6483,NPHP4
NPHS1,10601,NPHS1
NPHS2,4552,NPHS2
NPL,7162,NPL
NPLOC4,15267,NPLOC4
NPM2,10272,NPM2
NPM3,3458,NPM3
NPNT,12429,NPNT
NPPA,13857,NPPA
NPPC,10965,NPPC
NPR1,12600,NPR1
NPR2,10405,NPR2
NPR3,4178,NPR3
NPRL2,4281,NPRL2
NPRL3,2765,NPRL3
NPS,22959,NPS
NPSR1,16470,NPSR1
NPTN,10014,NPTN
NPTX1,13029,NPTX1
NPTX2,3271,NPTX2
NPTXR,24734,NPTXR
NPVF,3223,NPVF
NPW,15650,NPW
NPY,5285,NPY
NPY1R,11267,NPY1R
NPY2R,15936,NPY2R
NPY5R,11268,NPY5R
NQO1,14997,NQO1
NQO2,5553,NQO2
NR0B1,12575,NR0B1
NR0B2,6517,NR0B2
NR1D1,5817,NR1D1
NR1D2,13759,NR1D2
NR1H2,6447,NR1H2
NR1H3,446,NR1H3
NR1H4,317,NR1H4
NR1I2,8635,NR1I2
NR1I3,8353,NR1I3
NR2C1,5098,NR2C1
NR2C2,14316,NR2C2
NR2C2AP,15689,NR2C2AP
NR2E1,4051,NR2E1
NR2E3,57835,NR2E3
NR2F1,13958,NR2F1
NR2F2,16033,NR2F2
NR2F6,10428,NR2F6
NR3C1,4200,NR3C1
NR3C2,9434,NR3C2
NR4A1,5375,NR4A1
NR4A2,9642,NR4A2
NR4A3,4910,NR4A3
NR5A1,7380,NR5A1
NR5A2,4631,NR5A2
NR6A1,9060,NR6A1
NRAP,17606,NRAP
NRARP,17776,NRARP
NRAS,22468,NRAS
NRBF2,9112,NRBF2
NRBP1,4380,NRBP1
NRBP2,15948,NRBP2
NRCAM,1914,NRCAM
NRDE2,4953,NRDE2
NREP,6996,NREP
NRF1,3310,NRF1
NRG2,10222,NRG2
NRG3,16083,NRG3
NRG4,12671,NRG4
NRGN,9734,NRGN
NRIP1,14897,NRIP1
NRIP2,713,NRIP2
NRIP3,13889,NRIP3
NRK,5405,NRK
NRL,6156,NRL
NRM,7464,NRM
NRN1,5585,NRN1
NRN1L,16646,NRN1L
NRP1,2082,NRP1
NRP2,4792,NRP2
NRROS,13636,NRROS
NRSN1,9605,NRSN1
NRSN2,5732,NRSN2
NRTN,12991,NRTN
NRXN1,14778,NRXN1
NRXN2,3742,NRXN2
NRXN3,409,NRXN3
NSA2,11340,NSA2
NSD1,11660,NSD1
NSD2,3691,NSD2
NSD3,8991,NSD3
NSDHL,8964,NSDHL
NSF,1248,NSF
NSFL1C,1791,NSFL1C
NSG1,12453,NSG1
NSG2,12748,NSG2
NSL1,4752,NSL1
NSMAF,521,NSMAF
NSMCE1,12542,NSMCE1
NSMCE2,10030,NSMCE2
NSMCE4A,3437,NSMCE4A
NSMF,11692,NSMF
NSRP1,5840,NSRP1
NSUN2,538,NSUN2
NSUN3,14546,NSUN3
NSUN5,6246,NSUN5
NSUN6,36817,NSUN6
NSUN7,14674,NSUN7
NT5C,5655,NT5C
NT5C1A,4649,NT5C1A
NT5C1B,15897,NT5C1B
NT5C2,1353,NT5C2
NT5C3A,5290,NT5C3A
NT5C3B,8164,NT5C3B
NT5DC1,14503,NT5DC1
NT5DC2,12324,NT5DC2
NT5DC3,3933,NT5DC3
NT5E,7053,NT5E
NT5M,20223,NT5M
NTAN1,10059,NTAN1
NTF3,16060,NTF3
NTF4,27169,NTF4
NTHL1,911,NTHL1
NTM,15322,NTM
NTMT1,9078,NTMT1
NTN1,920,NTN1
NTN3,10683,NTN3
NTN4,1264,NTN4
NTN5,8219,NTN5
NTNG1,10789,NTNG1
NTNG2,17107,NTNG2
NTPCR,7153,NTPCR
NTRK1,17767,NTRK1
NTRK2,9044,NTRK2
NTRK3,7992,NTRK3
NTS,6776,NTS
NTSR1,2459,NTSR1
NTSR2,12498,NTSR2
NUAK1,1266,NUAK1
NUAK2,11052,NUAK2
NUB1,331,NUB1
NUBP1,2795,NUBP1
NUBP2,2045,NUBP2
NUBPL,9404,NUBPL
NUCB1,2964,NUCB1
NUCB2,1098,NUCB2
NUCKS1,1069,NUCKS1
NUDC,1870,NUDC
NUDCD1,5061,NUDCD1
NUDCD2,12868,NUDCD2
NUDCD3,365,NUDCD3
NUDT1,3279,NUDT1
NUDT12,4118,NUDT12
NUDT13,11825,NUDT13
NUDT14,15620,NUDT14
NUDT15,7234,NUDT15
NUDT16L1,12291,NUDT16L1
NUDT17,16257,NUDT17
NUDT18,55616,NUDT18
NUDT19,22819,NUDT19
NUDT2,11503,NUDT2
NUDT21,12010,NUDT21
NUDT22,9260,NUDT22
NUDT3,53902,NUDT3
NUDT5,11642,NUDT5
NUDT6,12941,NUDT6
NUDT7,8033,NUDT7
NUDT9,12850,NUDT9
NUF2,8349,NUF2
NUFIP1,1600,NUFIP1
NUFIP2,3504,NUFIP2
NUMA1,7484,NUMA1
NUMB,6814,NUMB
NUMBL,3059,NUMBL
NUP107,3908,NUP107
NUP133,1068,NUP133
NUP153,5589,NUP153
NUP155,4197,NUP155
NUP160,482,NUP160
NUP188,2023,NUP188
NUP205,9886,NUP205
NUP210,6548,NUP210
NUP210L,8427,NUP210L
NUP214,5872,NUP214
NUP35,10896,NUP35
NUP37,1290,NUP37
NUP43,5026,NUP43
NUP54,7727,NUP54
NUP58,7832,NUP58
NUP62,22312,NUP62
NUP85,5652,NUP85
NUP88,3550,NUP88
NUP93,2722,NUP93
NUP98,3802,NUP98
NUPR1,14012,NUPR1
NUS1,9710,NUS1
NUSAP1,7537,NUSAP1
NUTM1,15777,NUTM1
NVL,8457,NVL
NWD1,16647,NWD1
NWD2,13657,NWD2
NXF1,10701,NXF1
NXN,12171,NXN
NXNL1,13147,NXNL1
NXNL2,6206,NXNL2
NXPE2,19898,NXPE2
NXPE3,8624,NXPE3
NXPE4,7503,NXPE4
NXPH1,5284,NXPH1
NXPH2,8539,NXPH2
NXPH3,15299,NXPH3
NXPH4,15259,NXPH4
NXT1,6633,NXT1
NXT2,2585,NXT2
NYAP1,11986,NYAP1
NYAP2,8570,NYAP2
NYNRIN,20401,NYNRIN
NYX,16877,NYX
OAF,15711,OAF
OARD1,5555,OARD1
OAS2,3884,OAS2
OAS3,3883,OAS3
OASL,7021,OASL
OAT,915,OAT
OAZ1,3000,OAZ1
OAZ2,14857,OAZ2
OAZ3,8402,OAZ3
OBI1,9506,RNF219
OBSCN,9764,OBSCN
OBSL1,5443,OBSL1
OC90,42067,OC90
OCA2,2867,OCA2
OCIAD1,3644,OCIAD1
OCIAD2,8677,OCIAD2
OCLN,17581,OCLN
OCRL,5236,OCRL
OCSTAMP,9246,OCSTAMP
ODAD2,12528,ARMC4
ODAD3,17647,CCDC151
ODAD4,20085,TTC25
ODAM,3650,ODAM
ODAPH,13769,ODAPH
ODC1,4479,ODC1
ODF1,9843,ODF1
ODF2,7340,ODF2
ODF2L,5262,ODF2L
ODR4,10075,ODR4
OFD1,609,OFD1
OGA,17769,OGA
OGDH,3222,OGDH
OGDHL,17460,OGDHL
OGFOD1,1735,OGFOD1
OGFOD2,3881,OGFOD2
OGFOD3,15059,OGFOD3
OGFRL1,4975,OGFRL1
OGG1,4248,OGG1
OGN,3366,OGN
OGT,8939,OGT
OIP5,2881,OIP5
OIT3,7645,OIT3
OLA1,7668,OLA1
OLAH,9545,OLAH
OLFM1,6290,OLFM1
OLFM2,3032,OLFM2
OLFM3,4843,OLFM3
OLFM4,2708,OLFM4
OLFML2A,16038,OLFML2A
OLFML2B,10825,OLFML2B
OLFML3,4620,OLFML3
OLIG1,15707,OLIG1
OLIG2,20389,OLIG2
OLIG3,14319,OLIG3
OMA1,10775,OMA1
OMD,5888,OMD
OMG,5868,OMG
OMP,43292,OMP
ONECUT1,12692,ONECUT1
ONECUT2,4918,ONECUT2
ONECUT3,20387,ONECUT3
OPA1,17935,OPA1
OPA3,5702,OPA3
OPALIN,17457,OPALIN
OPCML,15582,OPCML
OPHN1,1469,OPHN1
OPLAH,14573,OPLAH
OPN1SW,6053,OPN1SW
OPN3,724,OPN3
OPN4,5256,OPN4
OPN5,5594,OPN5
OPRD1,4563,OPRD1
OPRK1,1574,OPRK1
OPRL1,5666,OPRL1
OPRM1,3991,OPRM1
OPTC,16831,OPTC
OPTN,5364,OPTN
ORAI1,56222,ORAI1
ORAI2,10570,ORAI2
ORAI3,13996,ORAI3
ORC1,1674,ORC1
ORC2,4503,ORC2
ORC3,7057,ORC3
ORC4,4506,ORC4
ORC5,11451,ORC5
ORC6,1938,ORC6
ORMDL1,6064,ORMDL1
ORMDL2,5374,ORMDL2
ORMDL3,13222,ORMDL3
OS9,7102,OS9
OSBP,3735,OSBP
OSBP2,15840,OSBP2
OSBPL10,8596,OSBPL10
OSBPL11,8643,OSBPL11
OSBPL1A,8113,OSBPL1A
OSBPL2,6317,OSBPL2
OSBPL3,1136,OSBPL3
OSBPL5,410,OSBPL5
OSBPL6,1451,OSBPL6
OSBPL7,117,OSBPL7
OSBPL8,1909,OSBPL8
OSBPL9,4761,OSBPL9
OSCAR,12939,OSCAR
OSCP1,4639,OSCP1
OSER1,6666,OSER1
OSGEP,1957,OSGEP
OSGEPL1,6063,OSGEPL1
OSGIN1,8045,OSGIN1
OSGIN2,11456,OSGIN2
OSMR,8721,OSMR
OSR1,8484,OSR1
OSR2,11482,OSR2
OST4,28912,OST4
OSTC,17950,OSTC
OSTF1,6998,OSTF1
OSTM1,1524,OSTM1
OSTN,16818,OSTN
OTC,529,OTC
OTOA,9898,OTOA
OTOF,4370,OTOF
OTOG,16675,OTOG
OTOGL,11716,OTOGL
OTOL1,15268,OTOL1
OTOP1,11201,OTOP1
OTOP2,15409,OTOP2
OTOP3,15385,OTOP3
OTOR,5751,OTOR
OTOS,14532,OTOS
OTP,13099,OTP
OTUB1,12199,OTUB1
OTUB2,1850,OTUB2
OTUD1,11580,OTUD1
OTUD3,12711,OTUD3
OTUD4,11277,OTUD4
OTUD5,1036,OTUD5
OTUD6A,16993,OTUD6A
OTUD6B,9849,OTUD6B
OTUD7A,12712,OTUD7A
OTUD7B,49450,OTUD7B
OTULIN,9728,OTULIN
OTULINL,8718,OTULINL
OTX1,4439,OTX1
OTX2,11639,OTX2
OVCA2,48497,OVCA2
OVCH2,15492,OVCH2
OVGP1,1658,OVGP1
OVOL1,13400,OVOL1
OVOL2,5738,OVOL2
OVOL3,3066,OVOL3
OXA1L,9877,OXA1L
OXCT1,1602,OXCT1
OXGR1,11644,OXGR1
OXR1,11459,OXR1
OXSM,9367,OXSM
OXSR1,13425,OXSR1
OXT,2518,OXT
OXTR,14973,OXTR
P2RX1,3522,P2RX1
P2RX2,16593,P2RX2
P2RX3,3726,P2RX3
P2RX4,7024,P2RX4
P2RX5,1594,P2RX5
P2RX6,2143,P2RX6
P2RX7,1808,P2RX7
P2RY1,12694,P2RY1
P2RY10,1429,P2RY10
P2RY12,12579,P2RY12
P2RY13,15094,P2RY13
P2RY14,13801,P2RY14
P2RY2,13931,P2RY2
P2RY4,16387,P2RY4
P2RY6,13120,P2RY6
P3H1,4699,P3H1
P3H2,1883,P3H2
P3H3,3813,P3H3
P3H4,8163,P3H4
P3R3URF,40328,AL672043.1
P4HA1,5326,P4HA1
P4HA2,1199,P4HA2
P4HA3,9204,P4HA3
P4HB,16049,P4HB
P4HTM,14513,P4HTM
PA2G4,12852,PA2G4
PABPC1L,2439,PABPC1L
PABPC4,1891,PABPC4
PABPC4L,43278,PABPC4L
PABPC5,13760,PABPC5
PABPN1,2392,PABPN1
PABPN1L,20158,PABPN1L
PACC1,936,TMEM206
PACRG,4073,PACRG
PACRGL,10933,PACRGL
PACS1,13837,PACS1
PACS2,14686,PACS2
PACSIN1,5537,PACSIN1
PACSIN2,2239,PACSIN2
PACSIN3,11718,PACSIN3
PADI1,8263,PADI1
PADI2,4668,PADI2
PADI3,8261,PADI3
PADI4,10344,PADI4
PADI6,56654,PADI6
PAF1,152,PAF1
PAFAH1B1,168,PAFAH1B1
PAFAH1B2,12289,PAFAH1B2
PAFAH1B3,1468,PAFAH1B3
PAFAH2,10169,PAFAH2
PAG1,1350,PAG1
PAH,13143,PAH
PAICS,5984,PAICS
PAIP1,13263,PAIP1
PAIP2,5091,PAIP2
PAIP2B,5516,PAIP2B
PAK1,9190,PAK1
PAK1IP1,3967,PAK1IP1
PAK2,14870,PAK2
PAK3,1377,PAK3
PAK4,6309,PAK4
PAK5,2508,PAK5
PAK6,7556,PAK6
PALB2,1584,PALB2
PALD1,3439,PALD1
PALLD,6105,PALLD
PALM,2126,PALM
PALM2AKAP2,10132,PALM2-AKAP2
PALM3,16599,PALM3
PALMD,2085,PALMD
PALS1,1191,MPP5
PALS2,3217,MPP6
PAM,8738,PAM
PAMR1,9167,PAMR1
PAN2,7094,PAN2
PAN3,9555,PAN3
PANK1,9586,PANK1
PANK2,5710,PANK2
PANK3,5012,PANK3
PANK4,10155,PANK4
PANX1,3758,PANX1
PANX2,1221,PANX2
PANX3,9732,PANX3
PAOX,9142,PAOX
PAPLN,2382,PAPLN
PAPOLA,1863,PAPOLA
PAPOLB,23894,PAPOLB
PAPOLG,4425,PAPOLG
PAPPA,15339,PAPPA
PAPPA2,4543,PAPPA2
PAPSS1,7749,PAPSS1
PAPSS2,17856,PAPSS2
PAQR3,10971,PAQR3
PAQR4,10685,PAQR4
PAQR5,7547,PAQR5
PAQR6,10534,PAQR6
PAQR7,15338,PAQR7
PAQR8,12940,PAQR8
PAQR9,16777,PAQR9
PARD3,9108,PARD3
PARD3B,4529,PARD3B
PARD6A,2738,PARD6A
PARD6B,5469,PARD6B
PARD6G,14461,PARD6G
PARG,28155,PARG
PARK7,4561,PARK7
PARL,13852,PARL
PARM1,12525,PARM1
PARN,8013,PARN
PARP1,8470,PARP1
PARP10,14543,PARP10
PARP11,3859,PARP11
PARP12,798,PARP12
PARP14,13471,PARP14
PARP16,7694,PARP16
PARP2,6149,PARP2
PARP3,577,PARP3
PARP4,2692,PARP4
PARP6,7545,PARP6
PARP8,9474,PARP8
PARP9,7683,PARP9
PARPBP,16017,PARPBP
PARS2,10725,PARS2
PARVA,17543,PARVA
PARVB,16805,PARVB
PARVG,7762,PARVG
PASK,4472,PASK
PATE1,12974,PATE1
PATE3,34119,PATE3
PATJ,6674,PATJ
PATL1,11974,PATL1
PATL2,29583,PATL2
PATZ1,2191,PATZ1
PAWR,14306,PAWR
PAX1,5718,PAX1
PAX2,1328,PAX2
PAX3,7171,PAX3
PAX4,3289,PAX4
PAX5,17015,PAX5
PAX6,181,PAX6
PAX7,235,PAX7
PAX8,5677,PAX8
PAX9,17919,PAX9
PAXBP1,10300,PAXBP1
PAXIP1,10080,PAXIP1
PAXX,-1,
PBDC1,2670,PBDC1
PBK,12285,PBK
PBRM1,11189,PBRM1
PBX1,16051,PBX1
PBX2,19879,PBX2
PBX3,12020,PBX3
PBX4,3180,PBX4
PBXIP1,10982,PBXIP1
PC,13561,PC
PCARE,14668,PCARE
PCBD1,11804,PCBD1
PCBD2,6617,PCBD2
PCBP1,12627,PCBP1
PCBP2,17354,PCBP2
PCBP3,15536,PCBP3
PCBP4,1865,PCBP4
PCCA,13854,PCCA
PCCB,4250,PCCB
PCDH1,9988,PCDH1
PCDH10,7704,PCDH10
PCDH12,4195,PCDH12
PCDH15,9291,PCDH15
PCDH17,4858,PCDH17
PCDH18,16944,PCDH18
PCDH19,11554,PCDH19
PCDH20,59190,PCDH20
PCDH7,12690,PCDH7
PCDH8,7215,PCDH8
PCDH9,15709,PCDH9
PCDHA1,20144,PCDHA1
PCDHA10,39918,PCDHA10
PCDHA11,39296,PCDHA11
PCDHA13,36122,PCDHA13
PCDHA2,20143,PCDHA2
PCDHA3,44072,PCDHA3
PCDHA5,20141,PCDHA5
PCDHAC1,38789,PCDHAC1
PCDHAC2,37718,PCDHAC2
PCDHB1,13161,PCDHB1
PCDHB13,16478,PCDHB13
PCDHB14,5040,PCDHB14
PCDHB15,4154,PCDHB15
PCDHB16,54111,PCDHB16
PCDHB2,4116,PCDHB2
PCDHB3,4148,PCDHB3
PCDHB6,4150,PCDHB6
PCDHB7,4151,PCDHB7
PCDHGA1,20135,PCDHGA1
PCDHGA10,42703,PCDHGA10
PCDHGA11,42724,PCDHGA11
PCDHGA12,42102,PCDHGA12
PCDHGA2,1548,PCDHGA2
PCDHGA3,43035,PCDHGA3
PCDHGA4,48476,PCDHGA4
PCDHGA5,42384,PCDHGA5
PCDHGA6,42602,PCDHGA6
PCDHGA7,42427,PCDHGA7
PCDHGA8,42633,PCDHGA8
PCDHGA9,48315,PCDHGA9
PCDHGB1,43014,PCDHGB1
PCDHGB2,42755,PCDHGB2
PCDHGB4,42791,PCDHGB4
PCDHGB5,56518,PCDHGB5
PCDHGB6,42228,PCDHGB6
PCDHGB7,42935,PCDHGB7
PCDHGC3,36456,PCDHGC3
PCDHGC4,37394,PCDHGC4
PCDHGC5,36698,PCDHGC5
PCED1A,6629,PCED1A
PCED1B,14743,PCED1B
PCF11,11614,PCF11
PCGF1,4400,PCGF1
PCGF2,56984,PCGF2
PCGF3,16047,PCGF3
PCGF5,14914,PCGF5
PCGF6,9979,PCGF6
PCID2,5799,PCID2
PCIF1,2416,PCIF1
PCK1,5501,PCK1
PCK2,2400,PCK2
PCLAF,11945,PCLAF
PCLO,16287,PCLO
PCM1,1433,PCM1
PCMT1,5030,PCMT1
PCMTD1,12336,PCMTD1
PCMTD2,19748,PCMTD2
PCNA,6632,PCNA
PCNP,1527,PCNP
PCNT,10474,PCNT
PCNX2,7146,PCNX2
PCNX3,17364,PCNX3
PCNX4,5852,PCNX4
PCOLCE,3290,PCOLCE
PCOLCE2,11115,PCOLCE2
PCP2,13767,PCP2
PCP4,15411,PCP4
PCP4L1,38859,PCP4L1
PCSK1,13900,PCSK1
PCSK1N,2631,PCSK1N
PCSK2,5739,PCSK2
PCSK4,4390,PCSK4
PCSK5,2076,PCSK5
PCSK6,7978,PCSK6
PCSK7,10513,PCSK7
PCSK9,12537,PCSK9
PCTP,8074,PCTP
PCYOX1,4515,PCYOX1
PCYOX1L,8767,PCYOX1L
PCYT1A,10596,PCYT1A
PCYT1B,2648,PCYT1B
PCYT2,16100,PCYT2
PDAP1,3272,PDAP1
PDC,4603,PDC
PDCD1,16733,PDCD1
PDCD10,4264,PDCD10
PDCD11,9148,PDCD11
PDCD1LG2,17531,PDCD1LG2
PDCD2,1170,PDCD2
PDCD2L,5805,PDCD2L
PDCD4,9314,PDCD4
PDCD5,3045,PDCD5
PDCD6,39783,PDCD6
PDCD7,1879,PDCD7
PDCL,7388,PDCL
PDCL2,11011,PDCL2
PDCL3,4446,PDCL3
PDE10A,4076,PDE10A
PDE11A,6059,PDE11A
PDE12,13778,PDE12
PDE1A,4388,PDE1A
PDE1B,5376,PDE1B
PDE1C,9798,PDE1C
PDE2A,16325,PDE2A
PDE3A,13350,PDE3A
PDE3B,9522,PDE3B
PDE4A,954,PDE4A
PDE4B,15794,PDE4B
PDE4C,3155,PDE4C
PDE4D,4184,PDE4D
PDE4DIP,14445,PDE4DIP
PDE5A,7723,PDE5A
PDE6A,6684,PDE6A
PDE6B,6743,PDE6B
PDE6C,2029,PDE6C
PDE6D,10049,PDE6D
PDE6G,16031,PDE6G
PDE6H,7764,PDE6H
PDE7A,20213,PDE7A
PDE7B,13055,PDE7B
PDE8A,1226,PDE8A
PDE8B,4152,PDE8B
PDE9A,10443,PDE9A
PDF,45569,PDF
PDGFA,17467,PDGFA
PDGFB,2258,PDGFB
PDGFC,8706,PDGFC
PDGFD,12960,PDGFD
PDGFRA,6975,PDGFRA
PDGFRB,4219,PDGFRB
PDGFRL,2886,PDGFRL
PDHA1,6505,PDHA1
PDHA2,10926,PDHA2
PDHB,12333,PDHB
PDHX,3778,PDHX
PDIA2,16046,PDIA2
PDIA3,12009,PDIA3
PDIA4,9895,PDIA4
PDIA5,929,PDIA5
PDIA6,8486,PDIA6
PDIK1L,13830,PDIK1L
PDILT,12584,PDILT
PDK1,9520,PDK1
PDK2,108,PDK2
PDK3,1026,PDK3
PDK4,60,PDK4
PDLIM1,3417,PDLIM1
PDLIM2,5116,PDLIM2
PDLIM3,9784,PDLIM3
PDLIM4,6449,PDLIM4
PDLIM5,10925,PDLIM5
PDLIM7,17293,PDLIM7
PDP1,11495,PDP1
PDP2,13406,PDP2
PDPK1,8052,PDPK1
PDPR,1897,PDPR
PDRG1,1772,PDRG1
PDS5A,5207,PDS5A
PDS5B,1601,PDS5B
PDSS1,9101,PDSS1
PDSS2,11373,PDSS2
PDX1,7836,PDX1
PDXDC1,14771,PDXDC1
PDXK,10452,PDXK
PDXP,36952,PDXP
PDYN,2498,PDYN
PDZD11,5059,PDZD11
PDZD2,6757,PDZD2
PDZD4,1022,PDZD4
PDZD7,16373,PDZD7
PDZD8,11655,PDZD8
PDZD9,9897,PDZD9
PDZK1,13775,PDZK1
PDZK1IP1,10713,PDZK1IP1
PDZRN3,5168,PDZRN3
PDZRN4,11732,PDZRN4
PEA15,10820,PEA15
PEAK1,13541,PEAK1
PEAR1,16579,PEAR1
PECAM1,47931,PECAM1
PECR,4427,PECR
PEDS1,36731,TMEM189
PEF1,10755,PEF1
PEG3,17741,PEG3
PELI1,17425,PELI1
PELI2,7901,PELI2
PELI3,13724,PELI3
PELO,9575,PELO
PELP1,8117,PELP1
PEMT,6701,PEMT
PENK,15025,PENK
PEPD,5507,PEPD
PER1,14633,PER1
PER2,6568,PER2
PER3,657,PER3
PERCC1,-1,
PERM1,16533,PERM1
PERP,4059,PERP
PES1,2164,PES1
PET100,29828,PET100
PET117,31928,PET117
PEX1,5973,PEX1
PEX10,10159,PEX10
PEX11A,11949,PEX11A
PEX11B,6499,PEX11B
PEX11G,2988,PEX11G
PEX12,3577,PEX12
PEX13,10873,PEX13
PEX14,8267,PEX14
PEX16,5185,PEX16
PEX19,10821,PEX19
PEX2,11440,PEX2
PEX26,23283,PEX26
PEX3,513,PEX3
PEX5,7791,PEX5
PEX5L,4321,PEX5L
PEX6,5552,PEX6
PEX7,4056,PEX7
PFAS,14587,PFAS
PFDN1,4134,PFDN1
PFDN2,8352,PFDN2
PFDN4,2443,PFDN4
PFDN5,5372,PFDN5
PFDN6,19848,PFDN6
PFKFB1,10245,PFKFB1
PFKFB2,5427,PFKFB2
PFKFB3,12856,PFKFB3
PFKFB4,4267,PFKFB4
PFKL,8185,PFKL
PFKM,9557,PFKM
PFKP,993,PFKP
PFN1,3544,PFN1
PFN2,1099,PFN2
PFN3,17190,PFN3
PFN4,14150,PFN4
PGAM2,11427,PGAM2
PGAM5,38540,PGAM5
PGAP1,17357,PGAP1
PGAP2,9159,PGAP2
PGAP3,10607,PGAP3
PGAP4,11540,TMEM246
PGAP6,6187,TMEM8A
PGBD5,14351,PGBD5
PGC,2056,PGC
PGD,8268,PGD
PGF,4926,PGF
PGGHG,8200,PGGHG
PGGT1B,11296,PGGT1B
PGK1,2635,PGK1
PGK2,12953,PGK2
PGLS,6251,PGLS
PGLYRP1,219,PGLYRP1
PGLYRP2,10579,PGLYRP2
PGLYRP3,10368,PGLYRP3
PGLYRP4,10954,PGLYRP4
PGM1,1474,PGM1
PGM2,12576,PGM2
PGM2L1,11600,PGM2L1
PGM3,332,PGM3
PGM5,9762,PGM5
PGP,15701,PGP
PGPEP1,6280,PGPEP1
PGR,1559,PGR
PGRMC1,2580,PGRMC1
PGRMC2,11218,PGRMC2
PGS1,1727,PGS1
PHACTR1,4006,PHACTR1
PHACTR2,4064,PHACTR2
PHACTR3,1749,PHACTR3
PHACTR4,19820,PHACTR4
PHAF1,5616,C16orf70
PHAX,11478,PHAX
PHB2,23220,PHB2
PHC1,3949,PHC1
PHC2,6944,PHC2
PHC3,13613,PHC3
PHETA1,17745,PHETA1
PHETA2,14235,PHETA2
PHEX,2639,PHEX
PHF1,4071,PHF1
PHF10,6201,PHF10
PHF12,3638,PHF12
PHF13,4559,PHF13
PHF14,3309,PHF14
PHF19,4899,PHF19
PHF2,17550,PHF2
PHF20,444,PHF20
PHF20L1,6128,PHF20L1
PHF21A,7064,PHF21A
PHF21B,761,PHF21B
PHF23,570,PHF23
PHF24,5306,PHF24
PHF3,4813,PHF3
PHF5A,2299,PHF5A
PHF6,10005,PHF6
PHF7,257,PHF7
PHF8,13427,PHF8
PHGDH,1979,PHGDH
PHIP,8824,PHIP
PHKA1,1000,PHKA1
PHKA2,603,PHKA2
PHKB,2719,PHKB
PHKG1,11446,PHKG1
PHKG2,10035,PHKG2
PHLDA1,7806,PHLDA1
PHLDA2,15097,PHLDA2
PHLDA3,13681,PHLDA3
PHLDB1,387,PHLDB1
PHLDB2,8627,PHLDB2
PHLDB3,14111,PHLDB3
PHLPP1,1550,PHLPP1
PHLPP2,564,PHLPP2
PHOSPHO1,13611,PHOSPHO1
PHOSPHO2,8556,PHOSPHO2
PHOX2A,11605,PHOX2A
PHOX2B,3639,PHOX2B
PHPT1,720,PHPT1
PHRF1,1096,PHRF1
PHTF1,4625,PHTF1
PHTF2,141,PHTF2
PHYH,3423,PHYH
PHYHD1,13872,PHYHD1
PHYHIP,12379,PHYHIP
PHYHIPL,11601,PHYHIPL
PHYKPL,13876,PHYKPL
PI15,7494,PI15
PI16,11380,PI16
PI4K2A,9856,PI4K2A
PI4K2B,545,PI4K2B
PI4KA,37196,PI4KA
PI4KB,8388,PI4KB
PIANP,7792,PIANP
PIAS1,505,PIAS1
PIAS2,1404,PIAS2
PIAS3,6501,PIAS3
PIAS4,3058,PIAS4
PIBF1,1597,PIBF1
PICALM,1247,PICALM
PICK1,2205,PICK1
PID1,9690,PID1
PIDD1,14344,PIDD1
PIEZO1,2802,PIEZO1
PIEZO2,9820,PIEZO2
PIF1,7968,PIF1
PIGA,11555,PIGA
PIGB,1087,PIGB
PIGBOS1,27185,PIGBOS1
PIGC,7164,PIGC
PIGF,9442,PIGF
PIGG,13669,PIGG
PIGH,2338,PIGH
PIGK,8294,PIGK
PIGL,3536,PIGL
PIGM,8360,PIGM
PIGN,17498,PIGN
PIGO,11574,PIGO
PIGP,16098,PIGP
PIGQ,188,PIGQ
PIGR,10865,PIGR
PIGS,1723,PIGS
PIGT,5464,PIGT
PIGU,2541,PIGU
PIGV,816,PIGV
PIGW,56920,PIGW
PIGX,11199,PIGX
PIH1D1,2984,PIH1D1
PIH1D2,9337,PIH1D2
PIK3AP1,9890,PIK3AP1
PIK3C2A,295,PIK3C2A
PIK3C2B,6706,PIK3C2B
PIK3C2G,7773,PIK3C2G
PIK3C3,1413,PIK3C3
PIK3CA,5206,PIK3CA
PIK3CB,692,PIK3CB
PIK3CD,13115,PIK3CD
PIK3CG,3203,PIK3CG
PIK3IP1,2188,PIK3IP1
PIK3R1,8726,PIK3R1
PIK3R2,3153,PIK3R2
PIK3R3,4712,PIK3R3
PIK3R4,17150,PIK3R4
PIK3R5,8127,PIK3R5
PIK3R6,56337,PIK3R6
PIKFYVE,4354,PIKFYVE
PIM1,7430,PIM1
PIM2,2626,PIM2
PIM3,17753,PIM3
PIMREG,6116,PIMREG
PIN4,2658,PIN4
PINK1,10277,PINK1
PINLYP,33060,PINLYP
PINX1,42913,PINX1
PIP4K2A,9343,PIP4K2A
PIP4K2B,56373,PIP4K2B
PIP4K2C,11979,PIP4K2C
PIP4P1,11686,PIP4P1
PIP4P2,9848,PIP4P2
PIP5K1A,8389,PIP5K1A
PIP5K1B,3401,PIP5K1B
PIP5K1C,16187,PIP5K1C
PIP5KL1,12027,PIP5KL1
PIPOX,14748,PIPOX
PIR,1754,PIR
PIRT,32509,PIRT
PITHD1,777,PITHD1
PITPNA,13673,PITPNA
PITPNB,14982,PITPNB
PITPNM1,3799,PITPNM1
PITPNM2,1905,PITPNM2
PITPNM3,1936,PITPNM3
PITRM1,3477,PITRM1
PITX1,1062,PITX1
PITX2,11246,PITX2
PITX3,3460,PITX3
PIWIL1,5619,PIWIL1
PIWIL2,17382,PIWIL2
PIWIL4,6939,PIWIL4
PJA1,15023,PJA1
PJA2,18010,PJA2
PJVK,19883,PJVK
PKD1,224,PKD1
PKD1L1,10253,PKD1L1
PKD1L2,11872,PKD1L2
PKD2,4844,PKD2
PKD2L1,3430,PKD2L1
PKD2L2,1438,PKD2L2
PKDCC,10856,PKDCC
PKDREJ,6369,PKDREJ
PKHD1,12947,PKHD1
PKHD1L1,20164,PKHD1L1
PKIA,12969,PKIA
PKIB,7112,PKIB
PKIG,12428,PKIG
PKLR,8443,PKLR
PKM,1005,PKM
PKMYT1,5937,PKMYT1
PKN1,5350,PKN1
PKN2,917,PKN2
PKN3,10498,PKN3
PKNOX1,10446,PKNOX1
PKNOX2,11615,PKNOX2
PKP1,1533,PKP1
PKP2,770,PKP2
PKP3,15742,PKP3
PKP4,8546,PKP4
PLA1A,8630,PLA1A
PLA2G10,1083,PLA2G10
PLA2G12A,5424,PLA2G12A
PLA2G12B,7643,PLA2G12B
PLA2G15,2757,PLA2G15
PLA2G1B,12932,PLA2G1B
PLA2G2C,16625,PLA2G2C
PLA2G2D,4681,PLA2G2D
PLA2G2E,16837,PLA2G2E
PLA2G2F,10267,PLA2G2F
PLA2G3,2180,PLA2G3
PLA2G4A,4605,PLA2G4A
PLA2G4B,37918,PLA2G4B
PLA2G4C,3120,PLA2G4C
PLA2G4D,10343,PLA2G4D
PLA2G4E,16659,PLA2G4E
PLA2G4F,12474,PLA2G4F
PLA2G5,5922,PLA2G5
PLA2G6,15747,PLA2G6
PLA2G7,8800,PLA2G7
PLA2R1,9644,PLA2R1
PLAA,7402,PLAA
PLAAT1,5899,HRASLS
PLAAT3,14106,PLA2G16
PLAAT5,12264,HRASLS5
PLAC8,8681,PLAC8
PLAC8L1,13492,PLAC8L1
PLAC9,16924,PLAC9
PLAG1,15102,PLAG1
PLAGL2,5782,PLAGL2
PLAT,2910,PLAT
PLAU,5318,PLAU
PLAUR,296,PLAUR
PLB1,11140,PLB1
PLBD1,5153,PLBD1
PLBD2,9377,PLBD2
PLCB1,15312,PLCB1
PLCB2,7554,PLCB2
PLCB3,9262,PLCB3
PLCB4,2500,PLCB4
PLCD1,16429,PLCD1
PLCD3,10638,PLCD3
PLCD4,4450,PLCD4
PLCE1,7635,PLCE1
PLCG1,5472,PLCG1
PLCG2,17623,PLCG2
PLCH1,4330,PLCH1
PLCH2,9224,PLCH2
PLCL1,4497,PLCL1
PLCL2,9815,PLCL2
PLCXD1,15258,PLCXD1
PLCXD2,36752,PLCXD2
PLCXD3,15359,PLCXD3
PLCZ1,7775,PLCZ1
PLD1,1318,PLD1
PLD2,6120,PLD2
PLD3,3056,PLD3
PLD4,11857,PLD4
PLD5,14856,PLD5
PLD6,14725,PLD6
PLEC,14468,PLEC
PLEK,4507,PLEK
PLEK2,2337,PLEK2
PLEKHA1,3438,PLEKHA1
PLEKHA2,12615,PLEKHA2
PLEKHA3,4526,PLEKHA3
PLEKHA4,3135,PLEKHA4
PLEKHA5,697,PLEKHA5
PLEKHA6,8480,PLEKHA6
PLEKHA7,11919,PLEKHA7
PLEKHA8,3258,PLEKHA8
PLEKHB1,404,PLEKHB1
PLEKHB2,4482,PLEKHB2
PLEKHD1,14001,PLEKHD1
PLEKHF1,11819,PLEKHF1
PLEKHF2,13990,PLEKHF2
PLEKHG1,5031,PLEKHG1
PLEKHG2,1902,PLEKHG2
PLEKHG3,5863,PLEKHG3
PLEKHG4,17039,PLEKHG4
PLEKHG5,13128,PLEKHG5
PLEKHG6,214,PLEKHG6
PLEKHH1,732,PLEKHH1
PLEKHH2,9556,PLEKHH2
PLEKHH3,1034,PLEKHH3
PLEKHJ1,2991,PLEKHJ1
PLEKHM1,26649,PLEKHM1
PLEKHM2,4623,PLEKHM2
PLEKHM3,14493,PLEKHM3
PLEKHN1,16516,PLEKHN1
PLEKHO1,436,PLEKHO1
PLEKHO2,37143,PLEKHO2
PLEKHS1,9133,PLEKHS1
PLG,5244,PLG
PLGRKT,3382,PLGRKT
PLIN1,11948,PLIN1
PLIN2,9031,PLIN2
PLIN3,3082,PLIN3
PLIN4,12168,PLIN4
PLIN5,23023,PLIN5
PLK1,11961,PLK1
PLK2,8723,PLK2
PLK3,13606,PLK3
PLK4,8280,PLK4
PLLP,2730,PLLP
PLN,17804,PLN
PLOD1,1593,PLOD1
PLOD2,9603,PLOD2
PLOD3,3302,PLOD3
PLP1,5400,PLP1
PLPBP,8981,PLPBP
PLPP1,997,PLPP1
PLPP2,8182,PLPP2
PLPP3,10729,PLPP3
PLPP4,19723,PLPP4
PLPP5,8989,PLPP5
PLPP6,20351,PLPP6
PLPP7,10504,PLPP7
PLPPR1,9050,PLPPR1
PLPPR2,3128,PLPPR2
PLPPR3,6191,PLPPR3
PLPPR4,4738,PLPPR4
PLPPR5,4737,PLPPR5
PLRG1,13106,PLRG1
PLS1,5096,PLS1
PLS3,2612,PLS3
PLSCR3,16590,PLSCR3
PLSCR4,4313,PLSCR4
PLSCR5,30812,PLSCR5
PLTP,2415,PLTP
PLVAP,6243,PLVAP
PLXDC1,10606,PLXDC1
PLXDC2,5067,PLXDC2
PLXNA1,4301,PLXNA1
PLXNA2,1344,PLXNA2
PLXNA3,6358,PLXNA3
PLXNA4,24721,PLXNA4
PLXNB1,11223,PLXNB1
PLXNB2,17191,PLXNB2
PLXNB3,17891,PLXNB3
PLXNC1,7206,PLXNC1
PLXND1,48,PLXND1
PM20D1,10855,PM20D1
PM20D2,8830,PM20D2
PMCH,15497,PMCH
PMEL,16063,PMEL
PMEPA1,5491,PMEPA1
PMF1,10535,PMF1
PMFBP1,4828,PMFBP1
PML,7972,PML
PMM1,2303,PMM1
PMM2,8007,PMM2
PMP2,8997,PMP2
PMP22,3632,PMP22
PMPCA,11667,PMPCA
PMPCB,3197,PMPCB
PMS1,903,PMS1
PMS2,5273,PMS2
PMVK,10981,PMVK
PNCK,6356,PNCK
PNISR,6586,PNISR
PNKD,5956,PNKD
PNKP,562,PNKP
PNLDC1,8852,PNLDC1
PNLIP,13918,PNLIP
PNLIPRP1,16414,PNLIPRP1
PNLIPRP2,50547,PNLIPRP2
PNMA1,14190,PNMA1
PNMA2,36671,PNMA2
PNMA3,15623,PNMA3
PNMA8A,15169,PNMA8A
PNMA8B,20096,PNMA8B
PNMA8C,57161,PNMA8C
PNMT,8169,PNMT
PNN,2412,PNN
PNO1,4505,PNO1
PNOC,12287,PNOC
PNPLA1,14859,PNPLA1
PNPLA2,14357,PNPLA2
PNPLA3,2272,PNPLA3
PNPLA5,2270,PNPLA5
PNPLA6,494,PNPLA6
PNPLA7,6307,PNPLA7
PNPLA8,7037,PNPLA8
PNPO,3528,PNPO
PNPT1,7593,PNPT1
PNRC1,8829,PNRC1
PNRC2,16959,PNRC2
POC1A,11242,POC1A
POC1B,7811,POC1B
POC5,9529,POC5
PODN,13688,PODN
PODNL1,6529,PODNL1
PODXL2,4304,PODXL2
POF1B,5523,POF1B
POFUT1,2506,POFUT1
POFUT2,16374,POFUT2
POGK,8327,POGK
POGLUT1,10998,POGLUT1
POGLUT2,6985,KDELC1
POGLUT3,14467,KDELC2
POGZ,8400,POGZ
POLA1,2581,POLA1
POLA2,346,POLA2
POLB,1116,POLB
POLD1,848,POLD1
POLD2,3340,POLD2
POLD4,13908,POLD4
POLDIP2,47,POLDIP2
POLDIP3,2227,POLDIP3
POLE,14234,POLE
POLE2,2322,POLE2
POLE3,9066,POLE3
POLE4,4411,POLE4
POLG,7986,POLG
POLG2,44618,POLG2
POLH,12895,POLH
POLI,2567,POLI
POLK,5223,POLK
POLL,11786,POLL
POLM,5293,POLM
POLN,6378,POLN
POLQ,691,POLQ
POLR1A,1047,POLR1A
POLR1B,5679,POLR1B
POLR1C,13068,POLR1C
POLR1D,16209,POLR1D
POLR1E,7401,POLR1E
POLR1F,3202,TWISTNB
POLR1H,970,ZNRD1
POLR2A,15032,POLR2A
POLR2B,617,POLR2B
POLR2C,2737,POLR2C
POLR2D,8543,POLR2D
POLR2E,2119,POLR2E
POLR2F,2201,POLR2F
POLR2G,12262,POLR2G
POLR2H,11169,POLR2H
POLR2I,3065,POLR2I
POLR2K,9011,POLR2K
POLR2L,14373,POLR2L
POLR2M,44185,POLR2M
POLR3A,9117,POLR3A
POLR3B,335,POLR3B
POLR3C,16197,POLR3C
POLR3D,12381,POLR3D
POLR3E,788,POLR3E
POLR3F,6634,POLR3F
POLR3H,2301,POLR3H
POLRMT,2120,POLRMT
POMC,4368,POMC
POMGNT1,1679,POMGNT1
POMGNT2,8597,POMGNT2
POMK,16127,POMK
POMP,6691,POMP
POMT1,6322,POMT1
POMT2,240,POMT2
PON1,95,PON1
PON2,3205,PON2
PON3,3204,PON3
POP1,2907,POP1
POP4,3042,POP4
POP5,12067,POP5
POP7,13288,POP7
POPDC2,5176,POPDC2
POPDC3,6587,POPDC3
POR,5967,POR
PORCN,2659,PORCN
POSTN,6719,POSTN
POU1F1,900,POU1F1
POU2AF1,3809,POU2AF1
POU2F1,8338,POU2F1
POU2F2,470,POU2F2
POU2F3,7517,POU2F3
POU3F1,16065,POU3F1
POU3F2,15771,POU3F2
POU3F3,17983,POU3F3
POU3F4,17251,POU3F4
POU4F1,9505,POU4F1
POU4F2,9432,POU4F2
POU4F3,1908,POU4F3
POU5F2,38857,POU5F2
POU6F1,15717,POU6F1
POU6F2,3320,POU6F2
PP2D1,15651,PP2D1
PPA1,14949,PPA1
PPA2,7740,PPA2
PPAN,6349,PPAN
PPARA,16395,PPARA
PPARD,3990,PPARD
PPARG,6547,PPARG
PPARGC1A,3708,PPARGC1A
PPARGC1B,9910,PPARGC1B
PPAT,5986,PPAT
PPCDC,7695,PPCDC
PPCS,5891,PPCS
PPDPF,5672,PPDPF
PPEF1,1706,PPEF1
PPEF2,9958,PPEF2
PPFIA1,6475,PPFIA1
PPFIA2,7797,PPFIA2
PPFIA3,14297,PPFIA3
PPFIA4,8479,PPFIA4
PPFIBP1,3814,PPFIBP1
PPFIBP2,11844,PPFIBP2
PPHLN1,6876,PPHLN1
PPIB,11940,PPIB
PPIC,12484,PPIC
PPID,13088,PPID
PPIE,1618,PPIE
PPIF,3496,PPIF
PPIG,7663,PPIG
PPIH,13200,PPIH
PPIL1,7426,PPIL1
PPIL2,2160,PPIL2
PPIL3,36520,PPIL3
PPIL4,6381,PPIL4
PPIL6,15963,PPIL6
PPIP5K1,12441,PPIP5K1
PPIP5K2,8737,PPIP5K2
PPL,4853,PPL
PPM1A,2358,PPM1A
PPM1B,7592,PPM1B
PPM1D,12918,PPM1D
PPM1E,13848,PPM1E
PPM1F,2168,PPM1F
PPM1G,4387,PPM1G
PPM1H,3847,PPM1H
PPM1J,9871,PPM1J
PPM1K,11092,PPM1K
PPM1L,11064,PPM1L
PPM1M,11243,PPM1M
PPM1N,22777,PPM1N
PPME1,23035,PPME1
PPOX,8347,PPOX
PPP1CA,13342,PPP1CA
PPP1CB,22648,PPP1CB
PPP1CC,16240,PPP1CC
PPP1R10,19988,PPP1R10
PPP1R11,20012,PPP1R11
PPP1R12A,784,PPP1R12A
PPP1R12B,1372,PPP1R12B
PPP1R12C,5663,PPP1R12C
PPP1R13B,1786,PPP1R13B
PPP1R13L,2987,PPP1R13L
PPP1R14A,12154,PPP1R14A
PPP1R14C,17878,PPP1R14C
PPP1R14D,11774,PPP1R14D
PPP1R15B,10248,PPP1R15B
PPP1R16A,10568,PPP1R16A
PPP1R16B,2533,PPP1R16B
PPP1R17,3292,PPP1R17
PPP1R18,8807,PPP1R18
PPP1R1A,7087,PPP1R1A
PPP1R1B,6496,PPP1R1B
PPP1R1C,9329,PPP1R1C
PPP1R21,10853,PPP1R21
PPP1R26,17140,PPP1R26
PPP1R27,15325,PPP1R27
PPP1R35,10544,PPP1R35
PPP1R36,11696,PPP1R36
PPP1R37,2982,PPP1R37
PPP1R3A,9768,PPP1R3A
PPP1R3B,13501,PPP1R3B
PPP1R3C,4985,PPP1R3C
PPP1R3D,6668,PPP1R3D
PPP1R3E,33568,PPP1R3E
PPP1R3F,669,PPP1R3F
PPP1R3G,23991,PPP1R3G
PPP1R42,14449,PPP1R42
PPP1R8,4757,PPP1R8
PPP1R9A,10239,PPP1R9A
PPP1R9B,3590,PPP1R9B
PPP2CA,4198,PPP2CA
PPP2CB,2949,PPP2CB
PPP2R1A,3136,PPP2R1A
PPP2R1B,7519,PPP2R1B
PPP2R2A,24739,PPP2R2A
PPP2R2B,9994,PPP2R2B
PPP2R2C,1254,PPP2R2C
PPP2R2D,13906,PPP2R2D
PPP2R3A,1235,PPP2R3A
PPP2R3C,1951,PPP2R3C
PPP2R5A,955,PPP2R5A
PPP2R5B,1059,PPP2R5B
PPP2R5C,1419,PPP2R5C
PPP2R5D,4087,PPP2R5D
PPP2R5E,9712,PPP2R5E
PPP3CA,7752,PPP3CA
PPP3CB,3445,PPP3CB
PPP3CC,5115,PPP3CC
PPP3R1,24704,PPP3R1
PPP3R2,16731,PPP3R2
PPP4C,9269,PPP4C
PPP4R1,9818,PPP4R1
PPP4R3A,2384,PPP4R3A
PPP4R3B,55599,PPP4R3B
PPP4R4,4944,PPP4R4
PPP5C,302,PPP5C
PPP6C,4902,PPP6C
PPP6R1,3029,PPP6R1
PPP6R2,2230,PPP6R2
PPP6R3,3741,PPP6R3
PPRC1,9145,PPRC1
PPT2,24768,PPT2
PPTC7,17274,PPTC7
PPWD1,4202,PPWD1
PPY,3602,PPY
PQBP1,2629,PQBP1
PRADC1,7120,PRADC1
PRAF2,37736,PRAF2
PRAG1,55786,PRAG1
PRAM1,6740,PRAM1
PRC1,17977,PRC1
PRCC,8356,PRCC
PRCD,22897,PRCD
PRCP,7490,PRCP
PRDM1,774,PRDM1
PRDM10,12802,PRDM10
PRDM11,390,PRDM11
PRDM12,6320,PRDM12
PRDM13,4028,PRDM13
PRDM14,8999,PRDM14
PRDM15,8184,PRDM15
PRDM16,8259,PRDM16
PRDM2,4610,PRDM2
PRDM4,3817,PRDM4
PRDM5,7724,PRDM5
PRDM6,827,PRDM6
PRDM8,9587,PRDM8
PRDX1,4711,PRDX1
PRDX2,12215,PRDX2
PRDX3,11661,PRDX3
PRDX4,5348,PRDX4
PRDX5,5819,PRDX5
PREB,7601,PREB
PRELID1,12556,PRELID1
PRELID2,16246,PRELID2
PRELID3A,8100,PRELID3A
PRELID3B,2454,PRELID3B
PRELP,16836,PRELP
PREP,1653,PREP
PREPL,7604,PREPL
PREX1,5458,PREX1
PREX2,612,PREX2
PRF1,14916,PRF1
PRG2,16328,PRG2
PRG3,10009,PRG3
PRG4,4599,PRG4
PRICKLE1,7782,PRICKLE1
PRICKLE2,11090,PRICKLE2
PRICKLE3,314,PRICKLE3
PRICKLE4,57623,PRICKLE4
PRIM1,17666,PRIM1
PRIM2,8809,PRIM2
PRIMA1,13969,PRIMA1
PRIMPOL,11323,PRIMPOL
PRKAA1,6573,PRKAA1
PRKAA2,10731,PRKAA2
PRKAB1,3941,PRKAB1
PRKAB2,6502,PRKAB2
PRKACA,1173,PRKACA
PRKACB,8293,PRKACB
PRKAG1,15150,PRKAG1
PRKAG2,3338,PRKAG2
PRKAG3,4454,PRKAG3
PRKAR1A,3610,PRKAR1A
PRKAR1B,16684,PRKAR1B
PRKAR2A,4270,PRKAR2A
PRKAR2B,90,PRKAR2B
PRKCA,9745,PRKCA
PRKCB,11880,PRKCB
PRKCD,11185,PRKCD
PRKCE,12996,PRKCE
PRKCG,5837,PRKCG
PRKCH,462,PRKCH
PRKCI,11054,PRKCI
PRKCQ,943,PRKCQ
PRKCSH,6220,PRKCSH
PRKCZ,1015,PRKCZ
PRKD1,15726,PRKD1
PRKD2,3070,PRKD2
PRKD3,4486,PRKD3
PRKDC,42600,PRKDC
PRKG1,16032,PRKG1
PRKG2,7710,PRKG2
PRKN,15992,PRKN
PRKRA,14843,PRKRA
PRKRIP1,6035,PRKRIP1
PRKX,15646,PRKX
PRLH,1162,PRLH
PRLHR,4992,PRLHR
PRLR,4188,PRLR
PRM2,5252,PRM2
PRM3,14479,PRM3
PRMT1,5822,PRMT1
PRMT2,10477,PRMT2
PRMT3,15959,PRMT3
PRMT5,2319,PRMT5
PRMT6,17971,PRMT6
PRMT7,6621,PRMT7
PRMT8,3858,PRMT8
PRMT9,11280,PRMT9
PRND,13178,PRND
PRNP,13180,PRNP
PROB1,29045,PROB1
PROCR,2423,PROCR
PRODH2,40380,PRODH2
PROK1,8319,PROK1
PROK2,11005,PROK2
PROKR2,2490,PROKR2
PROM1,165,PROM1
PROM2,9840,PROM2
PROP1,13883,PROP1
PRORP,2401,KIAA0391
PROS1,15775,PROS1
PROSER1,5078,PROSER1
PROSER2,9097,PROSER2
PROSER3,12136,PROSER3
PROX1,4753,PROX1
PROX2,4923,PROX2
PROZ,5800,PROZ
PRPF18,11648,PRPF18
PRPF19,3749,PRPF19
PRPF3,4697,PRPF3
PRPF31,3146,PRPF31
PRPF38A,6952,PRPF38A
PRPF39,15961,PRPF39
PRPF4,7365,PRPF4
PRPF40A,17167,PRPF40A
PRPF40B,3815,PRPF40B
PRPF6,2452,PRPF6
PRPF8,13670,PRPF8
PRPH,7073,PRPH
PRPH2,4085,PRPH2
PRPS1,8949,PRPS1
PRPS1L1,29901,PRPS1L1
PRPS2,2590,PRPS2
PRPSAP1,10613,PRPSAP1
PRPSAP2,8072,PRPSAP2
PRR11,1044,PRR11
PRR12,5826,PRR12
PRR14,10032,PRR14
PRR14L,15527,PRR14L
PRR15,14112,PRR15
PRR15L,12048,PRR15L
PRR16,15847,PRR16
PRR18,14083,PRR18
PRR19,16724,PRR19
PRR22,21975,PRR22
PRR3,19992,PRR3
PRR30,16198,PRR30
PRR32,15555,PRR32
PRR33,-1,
PRR5,16329,PRR5
PRR5L,7062,PRR5L
PRR7,6421,PRR7
PRR9,19713,PRR9
PRRC1,11302,PRRC1
PRRC2A,19949,PRRC2A
PRRC2B,-1,
PRRC2C,4724,PRRC2C
PRRG1,6375,PRRG1
PRRG2,5824,PRRG2
PRRG3,6202,PRRG3
PRRG4,7068,PRRG4
PRRT1,19884,PRRT1
PRRT2,12086,PRRT2
PRRT3,11113,PRRT3
PRRT4,26478,PRRT4
PRRX1,4533,PRRX1
PRRX2,12043,PRRX2
PRSS12,11248,PRSS12
PRSS16,4112,PRSS16
PRSS22,72,PRSS22
PRSS23,9327,PRSS23
PRSS27,13309,PRSS27
PRSS33,2807,PRSS33
PRSS35,8825,PRSS35
PRSS36,14471,PRSS36
PRSS37,11521,PRSS37
PRSS38,16122,PRSS38
PRSS48,16919,PRSS48
PRSS50,-1,
PRSS51,42528,PRSS51
PRSS53,9355,PRSS53
PRSS54,2744,PRSS54
PRSS55,15809,PRSS55
PRSS56,35085,PRSS56
PRSS57,15949,PRSS57
PRSS58,45438,PRSS58
PRSS8,698,PRSS8
PRTG,11866,PRTG
PRTN3,17134,PRTN3
PRUNE1,8374,PRUNE1
PRUNE2,3359,PRUNE2
PRX,3057,PRX
PRXL2A,5258,PRXL2A
PRXL2B,10153,PRXL2B
PRXL2C,10187,PRXL2C
PSAP,17555,PSAP
PSAPL1,14531,PSAPL1
PSAT1,7009,PSAT1
PSCA,12159,PSCA
PSD,806,PSD
PSD2,8787,PSD2
PSD3,9936,PSD3
PSD4,5682,PSD4
PSEN1,1506,PSEN1
PSEN2,8471,PSEN2
PSENEN,20191,PSENEN
PSIP1,11505,PSIP1
PSKH1,10396,PSKH1
PSMA1,6103,PSMA1
PSMA2,3330,PSMA2
PSMA3,2340,PSMA3
PSMA4,574,PSMA4
PSMA5,8315,PSMA5
PSMA6,2403,PSMA6
PSMA7,2457,PSMA7
PSMA8,9789,PSMA8
PSMB1,197,PSMB1
PSMB10,20204,PSMB10
PSMB11,24789,PSMB11
PSMB2,5788,PSMB2
PSMB3,57345,PSMB3
PSMB4,10350,PSMB4
PSMB5,2386,PSMB5
PSMB6,8239,PSMB6
PSMB7,7379,PSMB7
PSMB8,19863,PSMB8
PSMB9,36413,PSMB9
PSMC1,2381,PSMC1
PSMC2,10584,PSMC2
PSMC3,11721,PSMC3
PSMC3IP,6456,PSMC3IP
PSMC4,325,PSMC4
PSMC5,1728,PSMC5
PSMC6,2329,PSMC6
PSMD1,13579,PSMD1
PSMD10,2575,PSMD10
PSMD11,3570,PSMD11
PSMD12,17376,PSMD12
PSMD13,16050,PSMD13
PSMD14,4384,PSMD14
PSMD2,13846,PSMD2
PSMD3,3511,PSMD3
PSMD4,10347,PSMD4
PSMD5,2021,PSMD5
PSMD6,11089,PSMD6
PSMD7,2747,PSMD7
PSMD8,2095,PSMD8
PSMD9,3812,PSMD9
PSME1,1950,PSME1
PSME3,6454,PSME3
PSME3IP1,13389,FAM192A
PSME4,1055,PSME4
PSMF1,5723,PSMF1
PSMG1,15526,PSMG1
PSMG2,6072,PSMG2
PSMG3,10142,PSMG3
PSMG4,14951,PSMG4
PSORS1C2,19975,PSORS1C2
PSPC1,5163,PSPC1
PSPH,8882,PSPH
PSPN,5684,PSPN
PSRC1,6859,PSRC1
PSTK,14798,PSTK
PSTPIP1,7953,PSTPIP1
PSTPIP2,9514,PSTPIP2
PTAFR,12597,PTAFR
PTAR1,16794,PTAR1
PTBP1,291,PTBP1
PTBP2,4730,PTBP2
PTBP3,4886,PTBP3
PTCD1,3274,PTCD1
PTCD2,671,PTCD2
PTCD3,6563,PTCD3
PTCH1,16134,PTCH1
PTCH2,4709,PTCH2
PTCHD1,11551,PTCHD1
PTCHD3,15180,PTCHD3
PTCHD4,38353,PTCHD4
PTDSS1,9993,PTDSS1
PTDSS2,13792,PTDSS2
PTER,11736,PTER
PTF1A,12323,PTF1A
PTGDR,12313,PTGDR
PTGDR2,15433,PTGDR2
PTGDS,3409,PTGDS
PTGER1,10562,PTGER1
PTGER2,5640,PTGER2
PTGER3,682,PTGER3
PTGER4,13095,PTGER4
PTGES,9083,PTGES
PTGES2,9077,PTGES2
PTGES3,3835,PTGES3
PTGES3L,51133,PTGES3L
PTGFR,5263,PTGFR
PTGFRN,6864,PTGFRN
PTGIR,10414,PTGIR
PTGIS,5484,PTGIS
PTGR1,3371,PTGR1
PTGR2,7917,PTGR2
PTGS1,2022,PTGS1
PTGS2,1240,PTGS2
PTH,9521,PTH
PTH1R,10541,PTH1R
PTH2,8247,PTH2
PTH2R,8563,PTH2R
PTHLH,1748,PTHLH
PTK2,12595,PTK2
PTK2B,5112,PTK2B
PTK6,2472,PTK6
PTK7,4089,PTK7
PTMA,16495,PTMA
PTN,3216,PTN
PTOV1,3012,PTOV1
PTP4A2,15656,PTP4A2
PTP4A3,15772,PTP4A3
PTPA,4893,PTPA
PTPDC1,10180,PTPDC1
PTPMT1,3788,PTPMT1
PTPN1,17127,PTPN1
PTPN11,14673,PTPN11
PTPN12,5966,PTPN12
PTPN13,11082,PTPN13
PTPN14,9497,PTPN14
PTPN18,1180,PTPN18
PTPN2,13890,PTPN2
PTPN20,19836,PTPN20
PTPN21,1131,PTPN21
PTPN22,6861,PTPN22
PTPN23,1337,PTPN23
PTPN3,1100,PTPN3
PTPN4,1762,PTPN4
PTPN5,3810,PTPN5
PTPN6,3931,PTPN6
PTPN7,8481,PTPN7
PTPN9,12598,PTPN9
PTPRA,6636,PTPRA
PTPRB,5906,PTPRB
PTPRC,1531,PTPRC
PTPRCAP,22530,PTPRCAP
PTPRD,9676,PTPRD
PTPRE,6571,PTPRE
PTPRF,8299,PTPRF
PTPRH,1484,PTPRH
PTPRJ,9176,PTPRJ
PTPRK,9593,PTPRK
PTPRM,13538,PTPRM
PTPRN,726,PTPRN
PTPRN2,9845,PTPRN2
PTPRO,9417,PTPRO
PTPRQ,7809,PTPRQ
PTPRR,9641,PTPRR
PTPRS,3105,PTPRS
PTPRT,17013,PTPRT
PTPRU,817,PTPRU
PTPRZ1,3280,PTPRZ1
PTRH1,16415,PTRH1
PTRH2,8096,PTRH2
PTRHD1,15870,PTRHD1
PTS,9342,PTS
PTTG1IP,15463,PTTG1IP
PTX3,11098,PTX3
PTX4,40999,PTX4
PUDP,6199,PUDP
PUF60,14790,PUF60
PUM1,6941,PUM1
PUM2,753,PUM2
PUM3,1501,PUM3
PURA,15933,PURA
PURB,8873,PURB
PURG,13376,PURG
PUS1,14259,PUS1
PUS10,10872,PUS10
PUS3,3737,PUS3
PUS7,1912,PUS7
PUS7L,6131,PUS7L
PUSL1,12725,PUSL1
PVALB,2283,PVALB
PWP1,7208,PWP1
PWP2,37184,PWP2
PWWP2A,12775,PWWP2A
PWWP2B,13160,PWWP2B
PWWP3A,10563,MUM1
PWWP3B,10113,MUM1L1
PXDC1,12496,PXDC1
PXDN,6277,PXDN
PXK,12334,PXK
PXMP2,14186,PXMP2
PXMP4,2522,PXMP4
PXN,1823,PXN
PXYLP1,9919,PXYLP1
PYCARD,2824,PYCARD
PYCR1,15400,PYCR1
PYCR2,8472,PYCR2
PYGB,2421,PYGB
PYGL,2327,PYGL
PYGM,1060,PYGM
PYGO1,12967,PYGO1
PYGO2,10984,PYGO2
PYM1,12841,PYM1
PYROXD1,5156,PYROXD1
PYROXD2,4986,PYROXD2
PYY,6403,PYY
QDPR,9424,QDPR
QPCT,4488,QPCT
QPCTL,301,QPCTL
QPRT,2822,QPRT
QRFP,16814,QRFP
QRICH1,17720,QRICH1
QRSL1,6256,QRSL1
QSER1,821,QSER1
QSOX1,4557,QSOX1
QSOX2,11658,QSOX2
QTRT1,22498,QTRT1
QTRT2,9428,QTRT2
R3HCC1,2945,R3HCC1
R3HCC1L,11748,R3HCC1L
R3HDM1,650,R3HDM1
R3HDM2,14775,R3HDM2
R3HDM4,17952,R3HDM4
R3HDML,2432,R3HDML
RAB10,1639,RAB10
RAB11A,2853,RAB11A
RAB11B,15958,RAB11B
RAB11FIP1,10017,RAB11FIP1
RAB11FIP2,3426,RAB11FIP2
RAB11FIP3,1887,RAB11FIP3
RAB11FIP4,6427,RAB11FIP4
RAB11FIP5,7124,RAB11FIP5
RAB12,20460,RAB12
RAB13,8424,RAB13
RAB14,4895,RAB14
RAB15,7910,RAB15
RAB17,5598,RAB17
RAB18,2081,RAB18
RAB19,8907,RAB19
RAB1A,7599,RAB1A
RAB1B,13789,RAB1B
RAB20,7887,RAB20
RAB21,1492,RAB21
RAB22A,5483,RAB22A
RAB23,4021,RAB23
RAB24,12555,RAB24
RAB25,6646,RAB25
RAB26,12243,RAB26
RAB27A,1090,RAB27A
RAB27B,573,RAB27B
RAB28,10152,RAB28
RAB29,4689,RAB29
RAB2A,2915,RAB2A
RAB2B,6145,RAB2B
RAB30,7487,RAB30
RAB31,12372,RAB31
RAB33A,6934,RAB33A
RAB33B,13212,RAB33B
RAB34,3637,RAB34
RAB35,3948,RAB35
RAB36,2228,RAB36
RAB37,13394,RAB37
RAB38,5431,RAB38
RAB39A,14678,RAB39A
RAB39B,9927,RAB39B
RAB3A,3154,RAB3A
RAB3B,12547,RAB3B
RAB3C,9598,RAB3C
RAB3D,3124,RAB3D
RAB3GAP1,4489,RAB3GAP1
RAB3GAP2,4851,RAB3GAP2
RAB3IL1,12258,RAB3IL1
RAB3IP,5905,RAB3IP
RAB40B,8135,RAB40B
RAB40C,17497,RAB40C
RAB42,16652,RAB42
RAB43,13390,RAB43
RAB44,44232,RAB44
RAB4A,12293,RAB4A
RAB4B,12133,RAB4B
RAB5A,8583,RAB5A
RAB5B,3906,RAB5B
RAB5C,3581,RAB5C
RAB5IF,2436,RAB5IF
RAB6A,13930,RAB6A
RAB6B,9825,RAB6B
RAB7B,56553,RAB7B
RAB8A,12102,RAB8A
RAB8B,11768,RAB8B
RAB9A,5410,RAB9A
RAB9B,5404,RAB9B
RABAC1,3102,RABAC1
RABEP1,480,RABEP1
RABEP2,14333,RABEP2
RABEPK,7382,RABEPK
RABGAP1,299,RABGAP1
RABGAP1L,9489,RABGAP1L
RABGEF1,9799,RABGEF1
RABGGTA,2413,RABGGTA
RABGGTB,7575,RABGGTB
RABIF,15441,RABIF
RABL3,8631,RABL3
RABL6,17212,RABL6
RAC1,7247,RAC1
RAC2,6017,RAC2
RAC3,12670,RAC3
RACGAP1,10641,RACGAP1
RACK1,20018,RACK1
RAD1,4185,RAD1
RAD17,9601,RAD17
RAD18,1139,RAD18
RAD21,11441,RAD21
RAD21L1,38312,RAD21L1
RAD23A,14667,RAD23A
RAD23B,4887,RAD23B
RAD50,4191,RAD50
RAD51,690,RAD51
RAD51AP1,3865,RAD51AP1
RAD51B,15210,RAD51B
RAD51C,3518,RAD51C
RAD51D,15998,RAD51D
RAD52,19,RAD52
RAD54B,17409,RAD54B
RAD54L,1680,RAD54L
RAD54L2,11238,RAD54L2
RAD9A,13357,RAD9A
RAD9B,9376,RAD9B
RADIL,10161,RADIL
RADX,8950,RADX
RAE1,2447,RAE1
RAF1,6545,RAF1
RAG1,11837,RAG1
RAG2,13832,RAG2
RAI1,3549,RAI1
RAI14,560,RAI14
RAI2,6506,RAI2
RALA,134,RALA
RALB,8523,RALB
RALBP1,375,RALBP1
RALGAPA1,13694,RALGAPA1
RALGAPA2,16772,RALGAPA2
RALGAPB,12840,RALGAPB
RALGDS,10467,RALGDS
RALGPS1,7347,RALGPS1
RALGPS2,4544,RALGPS2
RALY,5772,RALY
RALYL,15814,RALYL
RAMP1,6569,RAMP1
RAMP2,6460,RAMP2
RAMP3,5294,RAMP3
RAN,6572,RAN
RANBP1,2132,RANBP1
RANBP10,8067,RANBP10
RANBP17,20070,RANBP17
RANBP2,9636,RANBP2
RANBP3,491,RANBP3
RANBP3L,11290,RANBP3L
RANBP6,7400,RANBP6
RANBP9,244,RANBP9
RANGAP1,2297,RANGAP1
RANGRF,3616,RANGRF
RAP1A,4571,RAP1A
RAP1B,5901,RAP1B
RAP1GAP,1358,RAP1GAP
RAP1GAP2,6575,RAP1GAP2
RAP1GDS1,7720,RAP1GDS1
RAP2A,5623,RAP2A
RAP2B,15069,RAP2B
RAP2C,5422,RAP2C
RAPGEF1,3404,RAPGEF1
RAPGEF2,3698,RAPGEF2
RAPGEF3,1461,RAPGEF3
RAPGEF4,1925,RAPGEF4
RAPGEF5,7246,RAPGEF5
RAPGEF6,10293,RAPGEF6
RAPGEFL1,3513,RAPGEFL1
RAPH1,13468,RAPH1
RAPSN,11722,RAPSN
RARA,6495,RARA
RARB,1367,RARB
RARG,13401,RARG
RARRES1,4849,RARRES1
RARRES2,3322,RARRES2
RARS2,8831,RARS2
RASA1,8734,RASA1
RASA2,9921,RASA2
RASA3,16156,RASA3
RASAL1,3887,RASAL1
RASAL2,1304,RASAL2
RASAL3,3033,RASAL3
RASD1,3547,RASD1
RASD2,2255,RASD2
RASEF,11528,RASEF
RASGEF1A,17984,RASGEF1A
RASGEF1B,7711,RASGEF1B
RASGEF1C,8804,RASGEF1C
RASGRF1,785,RASGRF1
RASGRF2,4168,RASGRF2
RASGRP1,13351,RASGRP1
RASGRP2,1054,RASGRP2
RASGRP3,9576,RASGRP3
RASGRP4,13148,RASGRP4
RASIP1,3130,RASIP1
RASL10A,2241,RASL10A
RASL10B,53027,RASL10B
RASL11A,5229,RASL11A
RASL11B,5983,RASL11B
RASL12,2849,RASL12
RASSF1,1029,RASSF1
RASSF10,17001,RASSF10
RASSF2,2483,RASSF2
RASSF3,9634,RASSF3
RASSF4,3424,RASSF4
RASSF5,50479,RASSF5
RASSF6,12604,RASSF6
RASSF7,2124,RASSF7
RASSF8,5340,RASSF8
RASSF9,17901,RASSF9
RAVER1,10645,RAVER1
RAVER2,10739,RAVER2
RAX,6904,RAX
RB1,7870,RB1
RB1CC1,425,RB1CC1
RBAK,8866,RBAK
RBBP4,10757,RBBP4
RBBP5,4682,RBBP5
RBBP6,5250,RBBP6
RBBP7,2620,RBBP7
RBBP8,2569,RBBP8
RBBP8NL,6315,RBBP8NL
RBBP9,1810,RBBP9
RBCK1,5727,RBCK1
RBFA,2549,RBFA
RBFOX1,1421,RBFOX1
RBFOX2,2263,RBFOX2
RBFOX3,12069,RBFOX3
RBIS,14149,C8orf59
RBKS,13008,RBKS
RBL1,1511,RBL1
RBL2,2821,RBL2
RBM10,15367,RBM10
RBM11,15971,RBM11
RBM14,36092,RBM14
RBM15,10836,RBM15
RBM15B,46878,RBM15B
RBM17,6909,RBM17
RBM18,4906,RBM18
RBM19,5330,RBM19
RBM20,19740,RBM20
RBM22,1700,RBM22
RBM24,4016,RBM24
RBM25,4948,RBM25
RBM26,7880,RBM26
RBM27,1907,RBM27
RBM28,3293,RBM28
RBM3,2662,RBM3
RBM33,15854,RBM33
RBM34,16823,RBM34
RBM38,6664,RBM38
RBM39,6392,RBM39
RBM4,13626,RBM4
RBM41,1846,RBM41
RBM42,5807,RBM42
RBM43,15860,RBM43
RBM44,14323,RBM44
RBM45,9891,RBM45
RBM46,9483,RBM46
RBM47,11108,RBM47
RBM48,5976,RBM48
RBM4B,13619,RBM4B
RBM5,42,RBM5
RBM6,53,RBM6
RBM7,1334,RBM7
RBMS1,9645,RBMS1
RBMS2,1335,RBMS2
RBMS3,8594,RBMS3
RBMX,8958,RBMX
RBMX2,6936,RBMX2
RBP1,4255,RBP1
RBP2,4254,RBP2
RBP3,49895,RBP3
RBP4,7636,RBP4
RBP7,10742,RBP7
RBPJ,12310,RBPJ
RBPJL,5495,RBPJL
RBPMS,10068,RBPMS
RBPMS2,11954,RBPMS2
RBSN,6441,RBSN
RBX1,2293,RBX1
RC3H1,7166,RC3H1
RC3H2,763,RC3H2
RCAN1,10318,RCAN1
RCAN2,13294,RCAN2
RCAN3,4740,RCAN3
RCBTB1,7225,RCBTB1
RCBTB2,7236,RCBTB2
RCC1,14836,RCC1
RCC1L,55262,RCC1L
RCC2,14620,RCC2
RCCD1,12001,RCCD1
RCE1,13571,RCE1
RCHY1,11125,RCHY1
RCL1,5015,RCL1
RCN1,662,RCN1
RCN2,4766,RCN2
RCN3,8253,RCN3
RCOR1,1857,RCOR1
RCOR2,12200,RCOR2
RCOR3,4744,RCOR3
RCSD1,17900,RCSD1
RCVRN,3621,RCVRN
RD3,17819,RD3
RD3L,28415,RD3L
RDH10,5128,RDH10
RDH11,1172,RDH11
RDH12,7908,RDH12
RDH13,10495,RDH13
RDH14,36734,RDH14
RDH5,7082,RDH5
RDH8,1495,RDH8
RDX,7518,RDX
REC114,15485,REC114
REC8,2408,REC8
RECK,5301,RECK
RECQL,55,RECQL
RECQL4,10564,RECQL4
RECQL5,3535,RECQL5
REEP1,1045,REEP1
REEP2,6616,REEP2
REEP3,11609,REEP3
REEP4,12373,REEP4
REEP5,6163,REEP5
REG4,6851,REG4
REL,10871,REL
RELA,13444,RELA
RELB,2979,RELB
RELCH,6907,RELCH
RELL1,15132,RELL1
RELL2,11402,RELL2
RELN,16907,RELN
RELT,738,RELT
REM1,1769,REM1
REM2,7893,REM2
REN,8476,REN
RENBP,2614,RENBP
REP15,13672,REP15
REPIN1,22848,REPIN1
REPS1,7117,REPS1
REPS2,12701,REPS2
RER1,10160,RER1
RERE,8256,RERE
RERG,6922,RERG
RERGL,3893,RERGL
REST,1622,REST
RET,11679,RET
RETN,3003,RETN
RETREG1,9735,RETREG1
RETREG2,8584,RETREG2
RETREG3,8165,RETREG3
RETSAT,586,RETSAT
REV1,7187,REV1
REV3L,233,REV3L
REX1BD,115,REX1BD
REXO1,1458,REXO1
REXO2,1333,REXO2
REXO4,9073,REXO4
REXO5,85,REXO5
RFC1,525,RFC1
RFC2,664,RFC2
RFC3,6725,RFC3
RFC4,11181,RFC4
RFC5,3898,RFC5
RFESD,13902,RFESD
RFFL,1986,RFFL
RFK,6999,RFK
RFLNA,14581,RFLNA
RFLNB,15574,RFLNB
RFNG,12666,RFNG
RFT1,11186,RFT1
RFTN1,6439,RFTN1
RFTN2,10876,RFTN2
RFWD3,12361,RFWD3
RFX1,6533,RFX1
RFX2,1756,RFX2
RFX3,1490,RFX3
RFX4,3952,RFX4
RFX5,8387,RFX5
RFX6,15893,RFX6
RFX7,15133,RFX7
RFX8,17154,RFX8
RFXANK,885,RFXANK
RFXAP,6720,RFXAP
RGCC,2698,RGCC
RGL1,8371,RGL1
RGL2,35109,RGL2
RGL3,20277,RGL3
RGMA,15205,RGMA
RGMB,13655,RGMB
RGN,6377,RGN
RGP1,3396,RGP1
RGR,9116,RGR
RGS1,1866,RGS1
RGS10,9150,RGS10
RGS11,1342,RGS11
RGS12,10395,RGS12
RGS13,5885,RGS13
RGS14,12551,RGS14
RGS16,8367,RGS16
RGS17,1944,RGS17
RGS18,9326,RGS18
RGS19,13131,RGS19
RGS2,4611,RGS2
RGS20,8986,RGS20
RGS21,42094,RGS21
RGS22,6614,RGS22
RGS3,7757,RGS3
RGS4,4676,RGS4
RGS5,8350,RGS5
RGS6,15335,RGS6
RGS7,15375,RGS7
RGS7BP,16289,RGS7BP
RGS8,7157,RGS8
RGS9,3514,RGS9
RGS9BP,16248,RGS9BP
RGSL1,5169,RGSL1
RHAG,3996,RHAG
RHBDD1,8571,RHBDD1
RHBDD2,101,RHBDD2
RHBDD3,2238,RHBDD3
RHBDF1,183,RHBDF1
RHBDF2,6168,RHBDF2
RHBDL1,2794,RHBDL1
RHBDL2,10208,RHBDL2
RHBDL3,8088,RHBDL3
RHBG,6639,RHBG
RHCG,7985,RHCG
RHEB,3337,RHEB
RHEBL1,12125,RHEBL1
RHNO1,13152,RHNO1
RHO,11179,RHO
RHOA,1012,RHOA
RHOB,8487,RHOB
RHOBTB1,1192,RHOBTB1
RHOBTB2,227,RHOBTB2
RHOBTB3,11315,RHOBTB3
RHOC,9870,RHOC
RHOD,13465,RHOD
RHOF,7876,RHOF
RHOG,14238,RHOG
RHOH,12364,RHOH
RHOJ,5856,RHOJ
RHOQ,4956,RHOQ
RHOT1,5866,RHOT1
RHOT2,8047,RHOT2
RHOU,4581,RHOU
RHOV,2879,RHOV
RHPN1,10184,RHPN1
RHPN2,6520,RHPN2
RIBC1,10216,RIBC1
RIBC2,6022,RIBC2
RIC1,3384,RIC1
RIC3,11851,RIC3
RIC8A,14417,RIC8A
RIC8B,3953,RIC8B
RICTOR,11331,RICTOR
RIDA,6612,RIDA
RIF1,1491,RIF1
RIIAD1,14568,RIIAD1
RILP,12178,RILP
RILPL1,16641,RILPL1
RILPL2,9350,RILPL2
RIMBP2,819,RIMBP2
RIMKLA,14254,RIMKLA
RIMKLB,11891,RIMKLB
RIMS1,1478,RIMS1
RIMS2,14093,RIMS2
RIMS3,4660,RIMS3
RIMS4,2438,RIMS4
RIN1,13768,RIN1
RIN2,6635,RIN2
RIN3,2351,RIN3
RING1,19849,RING1
RINL,16629,RINL
RINT1,7040,RINT1
RIOK1,5584,RIOK1
RIOK2,791,RIOK2
RIOK3,2570,RIOK3
RIOX1,12838,RIOX1
RIOX2,12923,RIOX2
RIPK1,7451,RIPK1
RIPK2,2896,RIPK2
RIPK3,6143,RIPK3
RIPK4,15501,RIPK4
RIPOR1,558,RIPOR1
RIPOR2,3984,RIPOR2
RIPOR3,580,RIPOR3
RIPPLY2,19745,RIPPLY2
RIPPLY3,15435,RIPPLY3
RIT1,8441,RIT1
RIT2,9510,RIT2
RITA1,7824,RITA1
RLBP1,7987,RLBP1
RLF,4656,RLF
RLIM,6428,RLIM
RLN3,12999,RLN3
RMC1,8116,RMC1
RMDN1,14129,RMDN1
RMDN2,4491,RMDN2
RMDN3,7550,RMDN3
RMI1,14598,RMI1
RMI2,13941,RMI2
RMND1,9922,RMND1
RMND5A,9672,RMND5A
RMND5B,8774,RMND5B
RNASE1,6157,RNASE1
RNASE10,15291,RNASE10
RNASE12,45574,RNASE12
RNASE13,20437,RNASE13
RNASE4,45914,RNASE4
RNASE6,12599,RNASE6
RNASEH1,13179,RNASEH1
RNASEH2A,2993,RNASEH2A
RNASEH2B,7217,RNASEH2B
RNASEH2C,13419,RNASEH2C
RNASEK,23934,RNASEK
RNASEL,7158,RNASEL
RND1,13356,RND1
RND2,3597,RND2
RND3,4508,RND3
RNF10,419,RNF10
RNF103,36091,RNF103
RNF11,5339,RNF11
RNF111,10108,RNF111
RNF112,6026,RNF112
RNF114,5492,RNF114
RNF115,50093,RNF115
RNF121,7492,RNF121
RNF122,6806,RNF122
RNF123,11231,RNF123
RNF125,2564,RNF125
RNF126,1112,RNF126
RNF128,6730,RNF128
RNF13,1582,RNF13
RNF130,4158,RNF130
RNF133,16649,RNF133
RNF138,6955,RNF138
RNF139,12930,RNF139
RNF14,337,RNF14
RNF141,3764,RNF141
RNF144A,9446,RNF144A
RNF144B,7463,RNF144B
RNF145,8761,RNF145
RNF146,4824,RNF146
RNF148,33861,RNF148
RNF149,10942,RNF149
RNF150,12759,RNF150
RNF151,14721,RNF151
RNF152,14132,RNF152
RNF157,8147,RNF157
RNF166,10260,RNF166
RNF167,3545,RNF167
RNF168,11198,RNF168
RNF169,11861,RNF169
RNF17,6696,RNF17
RNF170,5118,RNF170
RNF180,11292,RNF180
RNF182,14900,RNF182
RNF183,11552,RNF183
RNF185,7760,RNF185
RNF186,14576,RNF186
RNF19B,4575,RNF19B
RNF2,5171,RNF2
RNF20,9908,RNF20
RNF207,10203,RNF207
RNF208,22283,RNF208
RNF212,14470,RNF212
RNF212B,23315,RNF212B
RNF213,13602,RNF213
RNF214,12063,RNF214
RNF215,2156,RNF215
RNF216,289,RNF216
RNF217,8836,RNF217
RNF220,16444,RNF220
RNF222,16905,RNF222
RNF223,35031,RNF223
RNF224,32178,RNF224
RNF225,52401,RNF225
RNF227,14766,RNF227
RNF24,2478,RNF24
RNF25,11023,RNF25
RNF31,1959,RNF31
RNF32,3230,RNF32
RNF34,12882,RNF34
RNF38,7406,RNF38
RNF39,20011,RNF39
RNF4,867,RNF4
RNF40,2838,RNF40
RNF41,15137,RNF41
RNF43,3515,RNF43
RNF44,8802,RNF44
RNF5,19881,RNF5
RNF6,5958,RNF6
RNF8,4005,RNF8
RNFT1,16904,RNFT1
RNFT2,7023,RNFT2
RNGTT,3976,RNGTT
RNH1,423,RNH1
RNLS,15825,RNLS
RNMT,2560,RNMT
RNPC3,16140,RNPC3
RNPEP,14088,RNPEP
RNPEPL1,8226,RNPEPL1
RNPS1,20393,RNPS1
RO60,4613,TROVE2
ROBO1,12691,ROBO1
ROBO2,15894,ROBO2
ROBO3,9731,ROBO3
ROBO4,9730,ROBO4
ROCK1,1024,ROCK1
ROCK2,6885,ROCK2
ROGDI,1021,ROGDI
ROM1,9218,ROM1
ROMO1,5777,ROMO1
ROPN1L,8710,ROPN1L
ROR1,16019,ROR1
ROR2,12516,ROR2
RORA,1079,RORA
RORB,18011,RORB
RORC,8375,RORC
ROS1,633,ROS1
RP1,2892,RP1
RP2,2644,RP2
RP9,11397,RP9
RPA1,6579,RPA1
RPA2,4756,RPA2
RPA3,3303,RPA3
RPAIN,6117,RPAIN
RPAP1,2860,RPAP1
RPAP2,5270,RPAP2
RPAP3,83,RPAP3
RPE65,4612,RPE65
RPF1,4671,RPF1
RPF2,17481,RPF2
RPGRIP1,1964,RPGRIP1
RPGRIP1L,2825,RPGRIP1L
RPH3A,1825,RPH3A
RPH3AL,15002,RPH3AL
RPIA,9674,RPIA
RPL10,8967,RPL10
RPL10A,17893,RPL10A
RPL10L,11616,RPL10L
RPL11,8272,RPL11
RPL12,17628,RPL12
RPL13,12117,RPL13
RPL13A,8249,RPL13A
RPL14,16855,RPL14
RPL15,13762,RPL15
RPL18A,3149,RPL18A
RPL19,3506,RPL19
RPL22,4555,RPL22
RPL22L1,11062,RPL22L1
RPL23,5692,RPL23
RPL23A,17726,RPL23A
RPL26,10666,RPL26
RPL27,6455,RPL27
RPL27A,11862,RPL27A
RPL28,3493,RPL28
RPL3,2261,RPL3
RPL32,8609,RPL32
RPL34,3672,RPL34
RPL35A,15374,RPL35A
RPL36,6237,RPL36
RPL37,8719,RPL37
RPL37A,17559,RPL37A
RPL38,13398,RPL38
RPL39,17986,RPL39
RPL3L,8048,RPL3L
RPL4,13706,RPL4
RPL5,5261,RPL5
RPL6,1805,RPL6
RPL7A,9074,RPL7A
RPL7L1,8819,RPL7L1
RPL8,10577,RPL8
RPN1,11175,RPN1
RPN2,4840,RPN2
RPP14,11104,RPP14
RPP21,36957,RPP21
RPP25,14550,RPP25
RPP25L,11498,RPP25L
RPP30,9125,RPP30
RPP38,9546,RPP38
RPP40,5587,RPP40
RPRD1A,8104,RPRD1A
RPRD1B,2521,RPRD1B
RPRD2,10929,RPRD2
RPRM,14330,RPRM
RPRML,14737,RPRML
RPS11,8246,RPS11
RPS13,3800,RPS13
RPS14,11389,RPS14
RPS15,4394,RPS15
RPS15A,6903,RPS15A
RPS16,3047,RPS16
RPS17,15343,RPS17
RPS18,31000,RPS18
RPS19BP1,16422,RPS19BP1
RPS2,8050,RPS2
RPS20,230,RPS20
RPS21,13173,RPS21
RPS23,16283,RPS23
RPS27A,8496,RPS27A
RPS27L,15923,RPS27L
RPS28,32690,RPS28
RPS5,1613,RPS5
RPS6,7423,RPS6
RPS6KA1,4749,RPS6KA1
RPS6KA2,1150,RPS6KA2
RPS6KA3,14257,RPS6KA3
RPS6KA4,10708,RPS6KA4
RPS6KA5,2383,RPS6KA5
RPS6KA6,1178,RPS6KA6
RPS6KB1,3530,RPS6KB1
RPS6KB2,13940,RPS6KB2
RPS6KC1,7313,RPS6KC1
RPS6KL1,17716,RPS6KL1
RPS7,13177,RPS7
RPS8,8297,RPS8
RPS9,12931,RPS9
RPTOR,8142,RPTOR
RPUSD1,182,RPUSD1
RPUSD2,11770,RPUSD2
RPUSD3,10052,RPUSD3
RPUSD4,11627,RPUSD4
RRAD,11905,RRAD
RRAGA,9916,RRAGA
RRAGB,1603,RRAGB
RRAGC,4645,RRAGC
RRAGD,442,RRAGD
RRAS,5823,RRAS
RRAS2,6801,RRAS2
RRBP1,5734,RRBP1
RREB1,5582,RREB1
RRH,14847,RRH
RRM1,12078,RRM1
RRM2,13170,RRM2
RRM2B,639,RRM2B
RRN3,1667,RRN3
RRP1,10455,RRP1
RRP12,700,RRP12
RRP15,1011,RRP15
RRP1B,10451,RRP1B
RRP36,5542,RRP36
RRP7A,16968,RRP7A
RRP8,6559,RRP8
RRP9,4322,RRP9
RRS1,14617,RRS1
RS1,2630,RS1
RSAD1,7279,RSAD1
RSAD2,6886,RSAD2
RSBN1,1518,RSBN1
RSBN1L,16469,RSBN1L
RSF1,646,RSF1
RSKR,12115,SGK494
RSL1D1,13084,RSL1D1
RSL24D1,7565,RSL24D1
RSPH1,10441,RSPH1
RSPH14,2221,RSPH14
RSPH4A,3964,RSPH4A
RSPH6A,3007,RSPH6A
RSPH9,13317,RSPH9
RSPO1,12550,RSPO1
RSPO2,9010,RSPO2
RSPO3,8837,RSPO3
RSPO4,2488,RSPO4
RSPRY1,10370,RSPRY1
RSRC1,13786,RSRC1
RSRC2,3838,RSRC2
RSRP1,4742,RSRP1
RSU1,9106,RSU1
RTBDN,6538,RTBDN
RTCA,7585,RTCA
RTCB,2223,RTCB
RTEL1,45518,RTEL1
RTF1,7544,RTF1
RTF2,415,RTF2
RTKN,4350,RTKN
RTKN2,15168,RTKN2
RTL3,14675,RTL3
RTL4,16586,RTL4
RTL5,37520,RTL5
RTL6,16790,RTL6
RTL9,38035,RTL9
RTN1,7902,RTN1
RTN2,5704,RTN2
RTN3,6751,RTN3
RTN4,4406,RTN4
RTN4IP1,6255,RTN4IP1
RTN4R,569,RTN4R
RTN4RL1,16135,RTN4RL1
RTN4RL2,16384,RTN4RL2
RTP1,13828,RTP1
RTP2,17788,RTP2
RTRAF,1741,RTRAF
RTTN,14051,RTTN
RUBCN,8650,RUBCN
RUBCNL,2674,RUBCNL
RUFY1,14163,RUFY1
RUFY2,19817,RUFY2
RUFY3,376,RUFY3
RUFY4,16702,RUFY4
RUNDC1,17955,RUNDC1
RUNDC3A,3508,RUNDC3A
RUNDC3B,3192,RUNDC3B
RUNX1,10324,RUNX1
RUNX1T1,1447,RUNX1T1
RUNX2,5593,RUNX2
RUNX3,402,RUNX3
RUSC1,10531,RUSC1
RUSC2,17947,RUSC2
RUSF1,8011,C16orf58
RUVBL1,13971,RUVBL1
RUVBL2,15453,RUVBL2
RWDD1,3963,RWDD1
RWDD2A,333,RWDD2A
RWDD2B,9966,RWDD2B
RWDD3,5267,RWDD3
RWDD4,15293,RWDD4
RXFP1,13093,RXFP1
RXFP2,6716,RXFP2
RXFP4,13451,RXFP4
RXRA,16254,RXRA
RXRB,19851,RXRB
RXRG,8332,RXRG
RXYLT1,4832,RXYLT1
RYBP,11069,RYBP
RYK,11133,RYK
RYR1,17061,RYR1
RYR2,17837,RYR2
RYR3,17937,RYR3
S100A1,10516,S100A1
S100A10,17556,S100A10
S100A11,10946,S100A11
S100A13,16940,S100A13
S100A14,16976,S100A14
S100A16,16792,S100A16
S100A3,16639,S100A3
S100A4,17038,S100A4
S100A5,17138,S100A5
S100A6,17627,S100A6
S100A8,8425,S100A8
S100B,10476,S100B
S100G,12709,S100G
S100PBP,4574,S100PBP
S100Z,13122,S100Z
S1PR1,12964,S1PR1
S1PR2,51524,S1PR2
S1PR3,22678,S1PR3
S1PR4,5760,S1PR4
S1PR5,14931,S1PR5
SAA4,9158,SAA4
SAAL1,11938,SAAL1
SAC3D1,12277,SAC3D1
SACM1L,21590,SACM1L
SACS,9467,SACS
SAE1,8218,SAE1
SAFB,10514,SAFB
SAFB2,6236,SAFB2
SAG,6293,SAG
SALL1,2818,SALL1
SALL2,11701,SALL2
SALL3,44597,SALL3
SALL4,2441,SALL4
SAMD10,6296,SAMD10
SAMD12,14339,SAMD12
SAMD13,19764,SAMD13
SAMD14,12026,SAMD14
SAMD3,11369,SAMD3
SAMD4A,401,SAMD4A
SAMD4B,14642,SAMD4B
SAMD5,19694,SAMD5
SAMD7,16417,SAMD7
SAMD8,10016,SAMD8
SAMD9L,14302,SAMD9L
SAMHD1,2507,SAMHD1
SAMM50,2275,SAMM50
SAMSN1,9864,SAMSN1
SANBR,10874,KIAA1841
SAP130,7325,SAP130
SAP30,11251,SAP30
SAP30BP,10611,SAP30BP
SAP30L,11388,SAP30L
SAPCD1,29081,SAPCD1
SAPCD2,16215,SAPCD2
SAR1A,1459,SAR1A
SAR1B,9577,SAR1B
SARAF,6805,SARAF
SARDH,5390,SARDH
SARM1,46,SARM1
SARNP,20226,SARNP
SARS2,2975,SARS2
SART1,13905,SART1
SART3,1325,SART3
SASH1,3985,SASH1
SASH3,5235,SASH3
SASS6,10037,SASS6
SAT1,6210,SAT1
SAT2,8125,SAT2
SATB1,15297,SATB1
SATB2,4871,SATB2
SAV1,9458,SAV1
SAXO2,16798,SAXO2
SAYSD1,4013,SAYSD1
SBDS,5830,SBDS
SBF1,2231,SBF1
SBF2,6799,SBF2
SBK1,16715,SBK1
SBK2,16507,SBK2
SBK3,30852,SBK3
SBNO1,7871,SBNO1
SBNO2,902,SBNO2
SBSPON,11445,SBSPON
SC5D,3721,SC5D
SCAF1,5825,SCAF1
SCAF11,7795,SCAF11
SCAF4,9976,SCAF4
SCAF8,22350,SCAF8
SCAI,13563,SCAI
SCAMP1,1652,SCAMP1
SCAMP2,7981,SCAMP2
SCAMP3,4576,SCAMP3
SCAMP4,28265,SCAMP4
SCAMP5,17911,SCAMP5
SCAND1,13021,SCAND1
SCAP,4308,SCAP
SCAPER,7957,SCAPER
SCARA3,12284,SCARA3
SCARA5,12286,SCARA5
SCARB1,1217,SCARB1
SCARB2,7733,SCARB2
SCARF1,1270,SCARF1
SCARF2,38268,SCARF2
SCCPDH,8450,SCCPDH
SCEL,7231,SCEL
SCFD1,1960,SCFD1
SCFD2,15693,SCFD2
SCG2,13196,SCG2
SCG3,2875,SCG3
SCG5,11984,SCG5
SCGB1A1,9161,SCGB1A1
SCGB3A1,10583,SCGB3A1
SCGN,1472,SCGN
SCHIP1,9485,SCHIP1
SCIMP,10658,SCIMP
SCIN,156,SCIN
SCLT1,9412,SCLT1
SCLY,6570,SCLY
SCMH1,270,SCMH1
SCML4,8832,SCML4
SCN10A,15984,SCN10A
SCN11A,12348,SCN11A
SCN1A,8547,SCN1A
SCN1B,3179,SCN1B
SCN2A,7298,SCN2A
SCN2B,9236,SCN2B
SCN3A,9646,SCN3A
SCN3B,11808,SCN3B
SCN4A,178,SCN4A
SCN4B,14236,SCN4B
SCN5A,15631,SCN5A
SCN7A,7303,SCN7A
SCN8A,17283,SCN8A
SCN9A,12603,SCN9A
SCNM1,10938,SCNM1
SCNN1A,3879,SCNN1A
SCNN1B,12369,SCNN1B
SCNN1G,11953,SCNN1G
SCO1,6702,SCO1
SCO2,-1,
SCOC,9627,SCOC
SCP2,4541,SCP2
SCP2D1,6628,SCP2D1
SCPEP1,5133,SCPEP1
SCRG1,11252,SCRG1
SCRIB,14967,SCRIB
SCRN1,7239,SCRN1
SCRN2,8086,SCRN2
SCRN3,8549,SCRN3
SCRT1,48166,SCRT1
SCRT2,23358,SCRT2
SCT,1095,SCT
SCTR,1489,SCTR
SCUBE1,10339,SCUBE1
SCUBE2,13891,SCUBE2
SCUBE3,8814,SCUBE3
SCX,47228,SCX
SCYL1,8210,SCYL1
SCYL2,7204,SCYL2
SCYL3,3,SCYL3
SDAD1,17742,SDAD1
SDC1,4496,SDC1
SDC2,12606,SDC2
SDC3,10754,SDC3
SDC4,5462,SDC4
SDCBP,7500,SDCBP
SDCBP2,5709,SDCBP2
SDCCAG8,725,SDCCAG8
SDE2,8458,SDE2
SDF2,6618,SDF2
SDF2L1,5993,SDF2L1
SDF4,1440,SDF4
SDHA,1229,SDHA
SDHAF1,20189,SDHAF1
SDHAF2,12254,SDHAF2
SDHAF3,17210,SDHAF3
SDHAF4,9720,SDHAF4
SDHB,4669,SDHB
SDHC,8351,SDHC
SDHD,19904,SDHD
SDK1,8862,SDK1
SDK2,1066,SDK2
SDR16C5,12905,SDR16C5
SDR39U1,2314,SDR39U1
SDR42E1,15853,SDR42E1
SDR9C7,12827,SDR9C7
SDS,7016,SDS
SDSL,7825,SDSL
SEBOX,55268,SEBOX
SEC11A,8004,SEC11A
SEC11C,11897,SEC11C
SEC13,10056,SEC13
SEC14L1,6167,SEC14L1
SEC14L2,2157,SEC14L2
SEC14L3,2158,SEC14L3
SEC14L4,6766,SEC14L4
SEC14L5,2773,SEC14L5
SEC16A,9092,SEC16A
SEC16B,5047,SEC16B
SEC22A,5173,SEC22A
SEC22B,50303,SEC22B
SEC22C,2000,SEC22C
SEC23A,2410,SEC23A
SEC23B,2495,SEC23B
SEC23IP,3435,SEC23IP
SEC24A,4207,SEC24A
SEC24B,7750,SEC24B
SEC24C,14217,SEC24C
SEC24D,9348,SEC24D
SEC31A,7712,SEC31A
SEC31B,1324,SEC31B
SEC61A1,783,SEC61A1
SEC61A2,942,SEC61A2
SEC61B,3364,SEC61B
SEC61G,6588,SEC61G
SEC62,229,SEC62
SEC63,450,SEC63
SECISBP2,16561,SECISBP2
SECISBP2L,7686,SECISBP2L
SEH1L,1655,SEH1L
SEL1L,1155,SEL1L
SEL1L2,2481,SEL1L2
SEL1L3,1929,SEL1L3
SELE,191,SELE
SELENOF,15471,SELENOF
SELENOI,7587,SELENOI
SELENOK,4232,SELENOK
SELENOM,17932,SELENOM
SELENON,10736,SELENON
SELENOO,1222,SELENOO
SELENOP,40330,SELENOP
SELENOS,6512,SELENOS
SELENOT,17942,SELENOT
SELENOW,14602,SELENOW
SELL,16739,SELL
SELP,13663,SELP
SEM1,5963,SEM1
SEMA3A,1291,SEMA3A
SEMA3B,312,SEMA3B
SEMA3C,1293,SEMA3C
SEMA3D,9711,SEMA3D
SEMA3E,12815,SEMA3E
SEMA3F,14,SEMA3F
SEMA3G,258,SEMA3G
SEMA4A,17053,SEMA4A
SEMA4B,15904,SEMA4B
SEMA4C,12434,SEMA4C
SEMA4D,16568,SEMA4D
SEMA4F,7121,SEMA4F
SEMA4G,2031,SEMA4G
SEMA5A,4121,SEMA5A
SEMA5B,1576,SEMA5B
SEMA6A,1972,SEMA6A
SEMA6B,12169,SEMA6B
SEMA6C,8397,SEMA6C
SEMA6D,7563,SEMA6D
SEMA7A,7697,SEMA7A
SENP1,1463,SENP1
SENP3,10663,SENP3
SENP5,4881,SENP5
SENP6,4098,SENP6
SENP7,7679,SENP7
SENP8,11794,SENP8
SEPHS1,1694,SEPHS1
SEPHS2,14779,SEPHS2
SEPSECS,3683,SEPSECS
SEPTIN1,14818,SEPT1
SEPTIN10,16301,SEPT10
SEPTIN11,7731,SEPT11
SEPTIN12,8005,SEPT12
SEPTIN14,9833,SEPT14
SEPTIN2,12351,SEPT2
SEPTIN3,2209,SEPT3
SEPTIN5,15821,SEPT5
SEPTIN6,5634,SEPT6
SEPTIN7,5276,SEPT7
SEPTIN8,11351,SEPT8
SEPTIN9,15808,SEPT9
SERAC1,5253,SERAC1
SERBP1,8290,SERBP1
SERF1A,13223,SERF1A
SERGEF,6109,SERGEF
SERHL2,15535,SERHL2
SERINC1,3979,SERINC1
SERINC2,12390,SERINC2
SERINC3,6667,SERINC3
SERINC4,15824,SERINC4
SERINC5,11319,SERINC5
SERP1,5095,SERP1
SERP2,9460,SERP2
SERPINA10,7923,SERPINA10
SERPINA11,16386,SERPINA11
SERPINA12,11730,SERPINA12
SERPINA5,16755,SERPINA5
SERPINA6,12750,SERPINA6
SERPINA7,5401,SERPINA7
SERPINA9,12742,SERPINA9
SERPINB10,37441,SERPINB10
SERPINB11,20417,SERPINB11
SERPINB12,11911,SERPINB12
SERPINB13,17529,SERPINB13
SERPINB2,17527,SERPINB2
SERPINB5,20419,SERPINB5
SERPINB7,11847,SERPINB7
SERPINB8,11849,SERPINB8
SERPINC1,4739,SERPINC1
SERPIND1,2136,SERPIND1
SERPINE1,3298,SERPINE1
SERPINE2,7178,SERPINE2
SERPINE3,42231,SERPINE3
SERPINF1,6580,SERPINF1
SERPINF2,12179,SERPINF2
SERPING1,9172,SERPING1
SERPINH1,9187,SERPINH1
SERPINI1,11049,SERPINI1
SERPINI2,4263,SERPINI2
SERTAD1,17322,SERTAD1
SERTAD2,14761,SERTAD2
SERTAD3,12131,SERTAD3
SERTAD4,1570,SERTAD4
SERTM1,14886,SERTM1
SESN1,1496,SESN1
SESN2,6340,SESN2
SESN3,9182,SESN3
SESTD1,16462,SESTD1
SETBP1,9511,SETBP1
SETD1B,7873,SETD1B
SETD2,15082,SETD2
SETD3,15538,SETD3
SETD4,16133,SETD4
SETD5,12300,SETD5
SETD6,2748,SETD6
SETD7,8700,SETD7
SETDB1,8383,SETDB1
SETDB2,7238,SETDB2
SETX,3407,SETX
SEZ6,849,SEZ6
SEZ6L,2185,SEZ6L
SEZ6L2,13797,SEZ6L2
SF1,12280,SF1
SF3A1,2154,SF3A1
SF3A2,2996,SF3A2
SF3A3,15504,SF3A3
SF3B1,4443,SF3B1
SF3B2,1744,SF3B2
SF3B3,16918,SF3B3
SF3B4,8377,SF3B4
SF3B5,12726,SF3B5
SF3B6,4365,SF3B6
SFI1,17677,SFI1
SFMBT1,11187,SFMBT1
SFMBT2,17963,SFMBT2
SFN,13972,SFN
SFPQ,4580,SFPQ
SFRP1,2904,SFRP1
SFRP2,8703,SFRP2
SFRP4,3315,SFRP4
SFRP5,5003,SFRP5
SFSWAP,833,SFSWAP
SFT2D2,22337,SFT2D2
SFT2D3,13510,SFT2D3
SFTA2,17075,SFTA2
SFTPB,12464,SFTPB
SFTPC,12376,SFTPC
SFTPD,6781,SFTPD
SFXN1,11368,SFXN1
SFXN2,9983,SFXN2
SFXN3,3454,SFXN3
SFXN4,15546,SFXN4
SFXN5,8515,SFXN5
SGCA,3592,SGCA
SGCB,10913,SGCB
SGCD,12877,SGCD
SGCE,5975,SGCE
SGCG,2691,SGCG
SGCZ,15913,SGCZ
SGF29,14105,SGF29
SGIP1,4812,SGIP1
SGK1,4823,SGK1
SGK2,2429,SGK2
SGK3,2885,SGK3
SGMS1,18012,SGMS1
SGMS2,11210,SGMS2
SGO1,6178,SGO1
SGPL1,11801,SGPL1
SGPP1,5862,SGPP1
SGPP2,10918,SGPP2
SGSH,15077,SGSH
SGSM1,12014,SGSM1
SGSM2,8082,SGSM2
SGSM3,2281,SGSM3
SGTA,3015,SGTA
SGTB,17592,SGTB
SH2B1,14463,SH2B1
SH2B2,10573,SH2B2
SH2B3,3867,SH2B3
SH2D1A,15641,SH2D1A
SH2D2A,466,SH2D2A
SH2D3C,2025,SH2D3C
SH2D4A,2938,SH2D4A
SH2D4B,14469,SH2D4B
SH2D5,16996,SH2D5
SH2D6,9525,SH2D6
SH2D7,15515,SH2D7
SH3BGRL,6417,SH3BGRL
SH3BGRL2,17789,SH3BGRL2
SH3BGRL3,8270,SH3BGRL3
SH3BP1,2184,SH3BP1
SH3BP2,1736,SH3BP2
SH3BP4,6212,SH3BP4
SH3BP5,6435,SH3BP5
SH3BP5L,13840,SH3BP5L
SH3D19,3692,SH3D19
SH3GL1,8191,SH3GL1
SH3GL2,3408,SH3GL2
SH3GL3,8003,SH3GL3
SH3GLB1,2073,SH3GLB1
SH3GLB2,9081,SH3GLB2
SH3KBP1,8911,SH3KBP1
SH3PXD2A,3476,SH3PXD2A
SH3PXD2B,13754,SH3PXD2B
SH3RF1,9771,SH3RF1
SH3RF2,9989,SH3RF2
SH3RF3,13436,SH3RF3
SH3TC1,5610,SH3TC1
SH3TC2,12563,SH3TC2
SH3YL1,516,SH3YL1
SHANK1,10635,SHANK1
SHANK2,10690,SHANK2
SHANK3,40731,SHANK3
SHARPIN,14712,SHARPIN
SHB,3411,SHB
SHBG,6119,SHBG
SHC1,10521,SHC1
SHC3,9046,SHC3
SHC4,16054,SHC4
SHCBP1,13027,SHCBP1
SHCBP1L,10060,SHCBP1L
SHD,3062,SHD
SHE,12574,SHE
SHFL,6352,C19orf66
SHH,11421,SHH
SHISA2,14930,SHISA2
SHISA3,14488,SHISA3
SHISA4,17972,SHISA4
SHISA5,11226,SHISA5
SHISA6,16842,SHISA6
SHISA7,16605,SHISA7
SHISA8,33403,SHISA8
SHISA9,35163,SHISA9
SHISAL1,7761,SHISAL1
SHISAL2A,15209,SHISAL2A
SHISAL2B,8724,SHISAL2B
SHKBP1,10494,SHKBP1
SHLD1,13203,SHLD1
SHLD2,5257,SHLD2
SHLD3,42183,SHLD3
SHMT1,14213,SHMT1
SHMT2,15215,SHMT2
SHOC1,11548,C9orf84
SHOC2,3487,SHOC2
SHOX2,12440,SHOX2
SHPK,17453,SHPK
SHPRH,8847,SHPRH
SHQ1,8612,SHQ1
SHROOM1,11352,SHROOM1
SHROOM2,8906,SHROOM2
SHROOM3,7738,SHROOM3
SHROOM4,10210,SHROOM4
SHTN1,16446,SHTN1
SI,1876,SI
SIAE,3729,SIAE
SIAH2,15123,SIAH2
SIAH3,23384,SIAH3
SIDT1,1210,SIDT1
SIDT2,9237,SIDT2
SIGIRR,15947,SIGIRR
SIGLEC1,1789,SIGLEC1
SIGLEC15,17332,SIGLEC15
SIGLECL1,14658,SIGLECL1
SIGMAR1,9041,SIGMAR1
SIK1,8207,SIK1
SIK2,12757,SIK2
SIK3,10508,SIK3
SIKE1,699,SIKE1
SIL1,5090,SIL1
SIM1,4031,SIM1
SIM2,10336,SIM2
SIMC1,12745,SIMC1
SIN3A,12590,SIN3A
SIN3B,5926,SIN3B
SINHCAF,7774,SINHCAF
SIPA1,22555,SIPA1
SIPA1L1,17493,SIPA1L1
SIPA1L2,4654,SIPA1L2
SIPA1L3,3186,SIPA1L3
SIRT1,2066,SIRT1
SIRT2,1057,SIRT2
SIRT3,8198,SIRT3
SIRT4,1824,SIRT4
SIRT5,5539,SIRT5
SIRT6,1387,SIRT6
SIRT7,16499,SIRT7
SIT1,7409,SIT1
SIVA1,15887,SIVA1
SIX1,5855,SIX1
SIX2,12865,SIX2
SIX3,7608,SIX3
SIX4,2359,SIX4
SIX5,14227,SIX5
SIX6,15724,SIX6
SKA1,9817,SKA1
SKA2,15314,SKA2
SKA3,11611,SKA3
SKAP1,8084,SKAP1
SKAP2,74,SKAP2
SKI,10162,SKI
SKIDA1,14907,SKIDA1
SKIL,7307,SKIL
SKOR1,16834,SKOR1
SKOR2,23383,SKOR2
SKP1,4196,SKP1
SKP2,8720,SKP2
SLA,9924,SLA
SLA2,2435,SLA2
SLAIN1,7879,SLAIN1
SLAIN2,3643,SLAIN2
SLAMF1,4665,SLAMF1
SLAMF8,10257,SLAMF8
SLAMF9,10815,SLAMF9
SLBP,11193,SLBP
SLC10A1,2367,SLC10A1
SLC10A2,5624,SLC10A2
SLC10A3,5875,SLC10A3
SLC10A5,42482,SLC10A5
SLC10A6,8679,SLC10A6
SLC10A7,5060,SLC10A7
SLC11A1,378,SLC11A1
SLC11A2,3827,SLC11A2
SLC12A1,1277,SLC12A1
SLC12A2,890,SLC12A2
SLC12A3,1138,SLC12A3
SLC12A4,5445,SLC12A4
SLC12A5,5460,SLC12A5
SLC12A6,7929,SLC12A6
SLC12A7,4189,SLC12A7
SLC12A8,24755,SLC12A8
SLC12A9,8889,SLC12A9
SLC13A1,1544,SLC13A1
SLC13A2,172,SLC13A2
SLC13A3,10206,SLC13A3
SLC13A4,11426,SLC13A4
SLC13A5,8121,SLC13A5
SLC14A1,8119,SLC14A1
SLC15A1,1774,SLC15A1
SLC15A2,11003,SLC15A2
SLC15A3,3781,SLC15A3
SLC15A4,7822,SLC15A4
SLC15A5,16886,SLC15A5
SLC16A1,9873,SLC16A1
SLC16A10,4061,SLC16A10
SLC16A11,13683,SLC16A11
SLC16A12,9585,SLC16A12
SLC16A13,13684,SLC16A13
SLC16A14,10910,SLC16A14
SLC16A2,8922,SLC16A2
SLC16A3,8132,SLC16A3
SLC16A4,12421,SLC16A4
SLC16A6,3609,SLC16A6
SLC16A7,4831,SLC16A7
SLC16A8,2207,SLC16A8
SLC16A9,11602,SLC16A9
SLC17A1,5547,SLC17A1
SLC17A2,4053,SLC17A2
SLC17A3,5546,SLC17A3
SLC17A4,8793,SLC17A4
SLC17A5,4974,SLC17A5
SLC17A6,1940,SLC17A6
SLC17A7,2992,SLC17A7
SLC17A8,14710,SLC17A8
SLC17A9,2464,SLC17A9
SLC18A1,532,SLC18A1
SLC18A2,11654,SLC18A2
SLC18A3,16551,SLC18A3
SLC18B1,8844,SLC18B1
SLC19A1,13569,SLC19A1
SLC19A2,4716,SLC19A2
SLC19A3,7177,SLC19A3
SLC1A1,3351,SLC1A1
SLC1A2,3779,SLC1A2
SLC1A3,1452,SLC1A3
SLC1A4,4498,SLC1A4
SLC1A5,3069,SLC1A5
SLC1A6,3040,SLC1A6
SLC1A7,10720,SLC1A7
SLC20A1,8528,SLC20A1
SLC20A2,12400,SLC20A2
SLC22A1,13817,SLC22A1
SLC22A12,17604,SLC22A12
SLC22A14,8603,SLC22A14
SLC22A15,10999,SLC22A15
SLC22A17,1958,SLC22A17
SLC22A2,4070,SLC22A2
SLC22A23,7445,SLC22A23
SLC22A3,8857,SLC22A3
SLC22A4,17387,SLC22A4
SLC22A6,17608,SLC22A6
SLC22A7,7434,SLC22A7
SLC22A8,9211,SLC22A8
SLC23A1,12844,SLC23A1
SLC23A2,1812,SLC23A2
SLC23A3,22782,SLC23A3
SLC24A1,1268,SLC24A1
SLC24A2,9917,SLC24A2
SLC24A3,15912,SLC24A3
SLC24A4,7921,SLC24A4
SLC24A5,16750,SLC24A5
SLC25A1,2178,SLC25A1
SLC25A10,15413,SLC25A10
SLC25A11,3546,SLC25A11
SLC25A12,4490,SLC25A12
SLC25A13,65,SLC25A13
SLC25A14,2624,SLC25A14
SLC25A15,2695,SLC25A15
SLC25A16,5327,SLC25A16
SLC25A17,2287,SLC25A17
SLC25A18,15376,SLC25A18
SLC25A19,5653,SLC25A19
SLC25A2,5042,SLC25A2
SLC25A20,14520,SLC25A20
SLC25A21,15408,SLC25A21
SLC25A22,14332,SLC25A22
SLC25A23,5683,SLC25A23
SLC25A24,1659,SLC25A24
SLC25A25,9080,SLC25A25
SLC25A26,8613,SLC25A26
SLC25A27,9649,SLC25A27
SLC25A28,9862,SLC25A28
SLC25A29,17356,SLC25A29
SLC25A3,1308,SLC25A3
SLC25A30,13644,SLC25A30
SLC25A31,9416,SLC25A31
SLC25A32,11487,SLC25A32
SLC25A33,13117,SLC25A33
SLC25A34,10746,SLC25A34
SLC25A35,5648,SLC25A35
SLC25A36,4256,SLC25A36
SLC25A37,8977,SLC25A37
SLC25A38,8601,SLC25A38
SLC25A39,329,SLC25A39
SLC25A4,9455,SLC25A4
SLC25A40,1300,SLC25A40
SLC25A41,15035,SLC25A41
SLC25A42,15003,SLC25A42
SLC25A43,1395,SLC25A43
SLC25A44,10536,SLC25A44
SLC25A45,10703,SLC25A45
SLC25A46,11294,SLC25A46
SLC25A47,7926,SLC25A47
SLC25A48,8756,SLC25A48
SLC25A5,75,SLC25A5
SLC25A53,52360,SLC25A53
SLC26A1,8671,SLC26A1
SLC26A11,15006,SLC26A11
SLC26A2,9912,SLC26A2
SLC26A3,1917,SLC26A3
SLC26A4,1916,SLC26A4
SLC26A5,12875,SLC26A5
SLC26A6,26992,SLC26A6
SLC26A7,9002,SLC26A7
SLC26A8,3994,SLC26A8
SLC26A9,13722,SLC26A9
SLC27A1,6245,SLC27A1
SLC27A2,7939,SLC27A2
SLC27A3,8429,SLC27A3
SLC27A4,12035,SLC27A4
SLC27A5,1606,SLC27A5
SLC27A6,4180,SLC27A6
SLC28A1,9962,SLC28A1
SLC28A3,17483,SLC28A3
SLC29A1,4103,SLC29A1
SLC29A2,13746,SLC29A2
SLC29A3,17727,SLC29A3
SLC29A4,11407,SLC29A4
SLC2A1,4700,SLC2A1
SLC2A10,17479,SLC2A10
SLC2A12,8846,SLC2A12
SLC2A13,9380,SLC2A13
SLC2A2,11061,SLC2A2
SLC2A4,15138,SLC2A4
SLC2A5,8255,SLC2A5
SLC2A6,10482,SLC2A6
SLC2A7,17396,SLC2A7
SLC2A8,7355,SLC2A8
SLC2A9,3686,SLC2A9
SLC30A1,12817,SLC30A1
SLC30A10,17219,SLC30A10
SLC30A2,10171,SLC30A2
SLC30A3,4376,SLC30A3
SLC30A4,2882,SLC30A4
SLC30A5,8741,SLC30A5
SLC30A6,9574,SLC30A6
SLC30A7,10807,SLC30A7
SLC30A8,11442,SLC30A8
SLC30A9,351,SLC30A9
SLC31A1,7360,SLC31A1
SLC31A2,7359,SLC31A2
SLC32A1,2526,SLC32A1
SLC33A1,12587,SLC33A1
SLC34A1,6419,SLC34A1
SLC34A2,10140,SLC34A2
SLC34A3,17818,SLC34A3
SLC35A1,11357,SLC35A1
SLC35A2,2628,SLC35A2
SLC35A3,4743,SLC35A3
SLC35A4,14020,SLC35A4
SLC35A5,7677,SLC35A5
SLC35B1,5136,SLC35B1
SLC35B2,10124,SLC35B2
SLC35B3,5586,SLC35B3
SLC35B4,20171,SLC35B4
SLC35C1,15134,SLC35C1
SLC35C2,1486,SLC35C2
SLC35D1,4604,SLC35D1
SLC35D2,6374,SLC35D2
SLC35D3,15337,SLC35D3
SLC35E1,5928,SLC35E1
SLC35E2B,16978,SLC35E2B
SLC35E3,13968,SLC35E3
SLC35E4,2169,SLC35E4
SLC35F1,17118,SLC35F1
SLC35F2,3793,SLC35F2
SLC35F3,15605,SLC35F3
SLC35F4,9465,SLC35F4
SLC35F5,4359,SLC35F5
SLC35F6,22682,SLC35F6
SLC35G1,14066,SLC35G1
SLC35G2,12477,SLC35G2
SLC36A1,5417,SLC36A1
SLC36A2,16252,SLC36A2
SLC36A3,16251,SLC36A3
SLC36A4,14940,SLC36A4
SLC37A1,10442,SLC37A1
SLC37A2,6992,SLC37A2
SLC37A4,7515,SLC37A4
SLC38A1,3892,SLC38A1
SLC38A10,10130,SLC38A10
SLC38A11,12617,SLC38A11
SLC38A2,6880,SLC38A2
SLC38A3,16718,SLC38A3
SLC38A4,7793,SLC38A4
SLC38A5,374,SLC38A5
SLC38A6,7905,SLC38A6
SLC38A7,2749,SLC38A7
SLC38A8,11896,SLC38A8
SLC38A9,14231,SLC38A9
SLC39A1,8432,SLC39A1
SLC39A10,17303,SLC39A10
SLC39A11,6736,SLC39A11
SLC39A12,9104,SLC39A12
SLC39A13,11720,SLC39A13
SLC39A14,2941,SLC39A14
SLC39A2,11688,SLC39A2
SLC39A3,8179,SLC39A3
SLC39A4,9024,SLC39A4
SLC39A5,7840,SLC39A5
SLC39A6,8103,SLC39A6
SLC39A7,4067,SLC39A7
SLC39A8,7753,SLC39A8
SLC39A9,476,SLC39A9
SLC3A1,7605,SLC3A1
SLC3A2,12263,SLC3A2
SLC40A1,7676,SLC40A1
SLC41A1,6709,SLC41A1
SLC41A2,7211,SLC41A2
SLC41A3,4299,SLC41A3
SLC43A1,9175,SLC43A1
SLC43A2,12177,SLC43A2
SLC43A3,6964,SLC43A3
SLC44A1,1104,SLC44A1
SLC44A2,6134,SLC44A2
SLC44A3,8309,SLC44A3
SLC44A4,19910,SLC44A4
SLC44A5,7580,SLC44A5
SLC45A1,10735,SLC45A1
SLC45A2,11283,SLC45A2
SLC45A3,10258,SLC45A3
SLC45A4,418,SLC45A4
SLC46A1,1343,SLC46A1
SLC46A2,4907,SLC46A2
SLC46A3,7834,SLC46A3
SLC47A1,8238,SLC47A1
SLC48A1,21636,SLC48A1
SLC49A4,7678,DIRC2
SLC4A1,68,SLC4A1
SLC4A10,8548,SLC4A10
SLC4A11,1792,SLC4A11
SLC4A1AP,11139,SLC4A1AP
SLC4A2,11472,SLC4A2
SLC4A3,4342,SLC4A3
SLC4A4,1493,SLC4A4
SLC4A5,16807,SLC4A5
SLC4A7,506,SLC4A7
SLC4A8,680,SLC4A8
SLC4A9,4136,SLC4A9
SLC50A1,12559,SLC50A1
SLC51A,11196,SLC51A
SLC51B,16217,SLC51B
SLC52A3,2485,SLC52A3
SLC5A1,2210,SLC5A1
SLC5A10,9715,SLC5A10
SLC5A11,10283,SLC5A11
SLC5A12,9154,SLC5A12
SLC5A2,8008,SLC5A2
SLC5A3,17887,SLC5A3
SLC5A4,2212,SLC5A4
SLC5A5,3150,SLC5A5
SLC5A6,7602,SLC5A6
SLC5A7,4469,SLC5A7
SLC5A8,44759,SLC5A8
SLC5A9,4760,SLC5A9
SLC66A1,567,PQLC2
SLC66A2,5271,PQLC1
SLC6A1,10065,SLC6A1
SLC6A11,6546,SLC6A11
SLC6A12,3851,SLC6A12
SLC6A13,262,SLC6A13
SLC6A15,1171,SLC6A15
SLC6A17,17352,SLC6A17
SLC6A18,11343,SLC6A18
SLC6A19,13690,SLC6A19
SLC6A2,2837,SLC6A2
SLC6A3,8225,SLC6A3
SLC6A4,3552,SLC6A4
SLC6A5,11733,SLC6A5
SLC6A6,6443,SLC6A6
SLC6A7,279,SLC6A7
SLC6A9,17172,SLC6A9
SLC7A1,7835,SLC7A1
SLC7A10,6363,SLC7A10
SLC7A11,9356,SLC7A11
SLC7A13,11473,SLC7A13
SLC7A14,327,SLC7A14
SLC7A2,44,SLC7A2
SLC7A3,11585,SLC7A3
SLC7A4,2145,SLC7A4
SLC7A5,2790,SLC7A5
SLC7A6,2756,SLC7A6
SLC7A6OS,2755,SLC7A6OS
SLC7A7,9878,SLC7A7
SLC7A8,1956,SLC7A8
SLC7A9,407,SLC7A9
SLC8A1,15406,SLC8A1
SLC8A2,4780,SLC8A2
SLC8A3,2370,SLC8A3
SLC8B1,1813,SLC8B1
SLC9A1,1861,SLC9A1
SLC9A2,4462,SLC9A2
SLC9A3,964,SLC9A3
SLC9A4,14848,SLC9A4
SLC9A5,7143,SLC9A5
SLC9A6,17858,SLC9A6
SLC9A7,951,SLC9A7
SLC9A8,17580,SLC9A8
SLC9A9,15129,SLC9A9
SLC9B1,11215,SLC9B1
SLC9B2,11216,SLC9B2
SLC9C1,13236,SLC9C1
SLCO1C1,7777,SLCO1C1
SLCO2A1,13743,SLCO2A1
SLCO2B1,7480,SLCO2B1
SLCO3A1,14102,SLCO3A1
SLCO4A1,2458,SLCO4A1
SLCO4C1,13625,SLCO4C1
SLCO5A1,7497,SLCO5A1
SLF1,6746,SLF1
SLF2,4976,SLF2
SLFN14,34320,SLFN14
SLFN5,11931,SLFN5
SLFNL1,13150,SLFNL1
SLIRP,4947,SLIRP
SLIT1,16438,SLIT1
SLIT2,8664,SLIT2
SLIT3,15736,SLIT3
SLITRK1,14475,SLITRK1
SLITRK2,16153,SLITRK2
SLITRK3,5205,SLITRK3
SLITRK4,14715,SLITRK4
SLITRK5,11577,SLITRK5
SLITRK6,15788,SLITRK6
SLK,938,SLK
SLMAP,11101,SLMAP
SLPI,5455,SLPI
SLTM,7534,SLTM
SLU7,11396,SLU7
SLURP1,5801,SLURP1
SLX4,16851,SLX4
SLX4IP,9202,SLX4IP
SMAD1,12808,SMAD1
SMAD2,13893,SMAD2
SMAD3,11996,SMAD3
SMAD4,8157,SMAD4
SMAD5,4215,SMAD5
SMAD6,7553,SMAD6
SMAD7,2561,SMAD7
SMAGP,12860,SMAGP
SMAP1,4044,SMAP1
SMAP2,1617,SMAP2
SMARCA1,2616,SMARCA1
SMARCA2,1494,SMARCA2
SMARCA4,5945,SMARCA4
SMARCA5,9630,SMARCA5
SMARCAD1,10923,SMARCAD1
SMARCAL1,7653,SMARCAL1
SMARCB1,2142,SMARCB1
SMARCC1,13536,SMARCC1
SMARCC2,7850,SMARCC2
SMARCD1,960,SMARCD1
SMARCD2,3562,SMARCD2
SMARCD3,1553,SMARCD3
SMARCE1,1230,SMARCE1
SMC1A,1193,SMC1A
SMC1B,1399,SMC1B
SMC2,7344,SMC2
SMC3,3486,SMC3
SMC4,4231,SMC4
SMC5,17968,SMC5
SMC6,10904,SMC6
SMCHD1,2554,SMCHD1
SMCO1,22881,SMCO1
SMCO3,14666,SMCO3
SMCO4,11741,SMCO4
SMCR8,14219,SMCR8
SMDT1,15447,SMDT1
SMG1,10066,SMG1
SMG5,18006,SMG5
SMG6,1106,SMG6
SMG7,4601,SMG7
SMG8,12099,SMG8
SMG9,3190,SMG9
SMIM1,33551,SMIM1
SMIM10L1,44620,SMIM10L1
SMIM11,20318,SMIM11A
SMIM12,11160,SMIM12
SMIM13,26182,SMIM13
SMIM14,11103,SMIM14
SMIM15,16817,SMIM15
SMIM17,51857,SMIM17
SMIM18,42361,SMIM18
SMIM19,14048,SMIM19
SMIM20,40045,SMIM20
SMIM22,51740,SMIM22
SMIM24,2047,SMIM24
SMIM3,44502,SMIM3
SMIM30,22917,SMIM30
SMIM31,39049,SMIM31
SMIM34,37879,SMIM34A
SMIM38,-1,
SMIM43,11256,TMEM155
SMIM44,-1,
SMIM45,20326,LINC00634
SMIM5,19887,SMIM5
SMIM7,22861,SMIM7
SMIM8,3969,SMIM8
SMNDC1,4989,SMNDC1
SMO,6047,SMO
SMOC1,17880,SMOC1
SMOC2,4079,SMOC2
SMOX,1788,SMOX
SMPD1,11822,SMPD1
SMPD2,7115,SMPD2
SMPD3,2754,SMPD3
SMPD4,7322,SMPD4
SMPDL3A,13355,SMPDL3A
SMPDL3B,6341,SMPDL3B
SMPX,1927,SMPX
SMS,2638,SMS
SMTN,15649,SMTN
SMTNL1,23160,SMTNL1
SMTNL2,16680,SMTNL2
SMU1,5297,SMU1
SMUG1,5385,SMUG1
SMURF1,17886,SMURF1
SMURF2,3604,SMURF2
SMYD1,4455,SMYD1
SMYD2,8414,SMYD2
SMYD3,16005,SMYD3
SMYD4,16305,SMYD4
SMYD5,7125,SMYD5
SNAI1,5487,SNAI1
SNAI2,392,SNAI2
SNAI3,16066,SNAI3
SNAP23,1977,SNAP23
SNAP25,6630,SNAP25
SNAP29,2137,SNAP29
SNAP47,8455,SNAP47
SNAP91,937,SNAP91
SNAPC1,431,SNAPC1
SNAPC2,3020,SNAPC2
SNAPC3,11501,SNAPC3
SNAPC4,11665,SNAPC4
SNAPC5,13707,SNAPC5
SNAPIN,8428,SNAPIN
SNCA,8687,SNCA
SNCAIP,895,SNCAIP
SNCB,1258,SNCB
SNCG,13495,SNCG
SND1,17371,SND1
SNED1,10841,SNED1
SNF8,10321,SNF8
SNIP1,11167,SNIP1
SNN,15797,SNN
SNORC,15307,SNORC
SNPH,2492,SNPH
SNRK,11134,SNRK
SNRNP200,8509,SNRNP200
SNRNP25,10669,SNRNP25
SNRNP27,5517,SNRNP27
SNRNP35,15703,SNRNP35
SNRNP40,818,SNRNP40
SNRNP48,12398,SNRNP48
SNRNP70,2977,SNRNP70
SNRPA,1380,SNRPA
SNRPA1,6514,SNRPA1
SNRPB,5731,SNRPB
SNRPB2,5745,SNRPB2
SNRPC,5545,SNRPC
SNRPD1,12023,SNRPD1
SNRPD2,5703,SNRPD2
SNRPD3,2163,SNRPD3
SNRPE,15167,SNRPE
SNRPF,7815,SNRPF
SNRPN,6071,SNRPN
SNTA1,2517,SNTA1
SNTB1,13244,SNTB1
SNTB2,12449,SNTB2
SNTG1,8983,SNTG1
SNTG2,13348,SNTG2
SNTN,16846,SNTN
SNU13,2199,SNU13
SNUPN,12588,SNUPN
SNURF,54410,SNURF
SNW1,2354,SNW1
SNX1,472,SNX1
SNX10,1693,SNX10
SNX11,30,SNX11
SNX12,8940,SNX12
SNX13,1147,SNX13
SNX14,7052,SNX14
SNX15,3730,SNX15
SNX16,2929,SNX16
SNX17,4385,SNX17
SNX18,14605,SNX18
SNX19,5053,SNX19
SNX2,20221,SNX2
SNX20,12057,SNX20
SNX21,5454,SNX21
SNX22,10137,SNX22
SNX24,891,SNX24
SNX25,3700,SNX25
SNX27,8382,SNX27
SNX29,642,SNX29
SNX3,4052,SNX3
SNX30,9056,SNX30
SNX31,13668,SNX31
SNX32,13397,SNX32
SNX33,13549,SNX33
SNX4,4296,SNX4
SNX5,1804,SNX5
SNX6,6152,SNX6
SNX7,10787,SNX7
SNX8,3278,SNX8
SNX9,6254,SNX9
SOAT1,769,SOAT1
SOAT2,12206,SOAT2
SOBP,4050,SOBP
SOCS1,15988,SOCS1
SOCS2,5104,SOCS2
SOCS3,15786,SOCS3
SOCS4,14801,SOCS4
SOCS5,13001,SOCS5
SOCS6,12888,SOCS6
SOCS7,55050,SOCS7
SOD1,8205,SOD1
SOD2,-1,
SOD3,3682,SOD3
SON,10305,SON
SORBS1,2038,SORBS1
SORBS2,9785,SORBS2
SORBS3,5111,SORBS3
SORCS1,3483,SORCS1
SORCS2,15884,SORCS2
SORCS3,9982,SORCS3
SORD,7933,SORD
SORL1,7504,SORL1
SORT1,6862,SORT1
SOS1,4499,SOS1
SOS2,2324,SOS2
SOST,12240,SOST
SOSTDC1,13028,SOSTDC1
SOWAHA,18001,SOWAHA
SOWAHB,16221,SOWAHB
SOWAHC,17695,SOWAHC
SOWAHD,16582,SOWAHD
SOX1,15392,SOX1
SOX10,2202,SOX10
SOX11,14183,SOX11
SOX12,14381,SOX12
SOX13,8477,SOX13
SOX14,12462,SOX14
SOX15,6115,SOX15
SOX17,11432,SOX17
SOX18,19749,SOX18
SOX2,15066,SOX2
SOX21,5627,SOX21
SOX3,6935,SOX3
SOX30,561,SOX30
SOX4,5578,SOX4
SOX5,6921,SOX5
SOX6,3797,SOX6
SOX7,12977,SOX7
SOX8,102,SOX8
SOX9,5644,SOX9
SP1,16039,SP1
SP2,12047,SP2
SP3,13407,SP3
SP4,3209,SP4
SP5,19889,SP5
SP6,16922,SP6
SP7,12813,SP7
SP8,11411,SP8
SP9,23706,SP9
SPA17,873,SPA17
SPAAR,33698,SPAAR
SPACA1,4810,SPACA1
SPACA3,8089,SPACA3
SPACA4,14263,SPACA4
SPACA6,15236,SPACA6
SPACA9,11671,SPACA9
SPAG1,2926,SPAG1
SPAG16,8567,SPAG16
SPAG17,9905,SPAG17
SPAG4,829,SPAG4
SPAG5,1345,SPAG5
SPAG7,1937,SPAG7
SPAG8,7413,SPAG8
SPAG9,211,SPAG9
SPARC,4142,SPARC
SPARCL1,9562,SPARCL1
SPAST,408,SPAST
SPATA1,5264,SPATA1
SPATA13,15389,SPATA13
SPATA16,8646,SPATA16
SPATA17,10843,SPATA17
SPATA18,10914,SPATA18
SPATA19,11765,SPATA19
SPATA2,10227,SPATA2
SPATA20,129,SPATA20
SPATA22,8081,SPATA22
SPATA24,12839,SPATA24
SPATA25,9245,SPATA25
SPATA2L,10268,SPATA2L
SPATA4,9318,SPATA4
SPATA45,16030,SPATA45
SPATA46,13136,SPATA46
SPATA6,6541,SPATA6
SPATA6L,3350,SPATA6L
SPATA7,584,SPATA7
SPATA9,8744,SPATA9
SPATC1,16315,SPATC1
SPATC1L,10469,SPATC1L
SPATS1,39508,SPATS1
SPATS2,5373,SPATS2
SPATS2L,17033,SPATS2L
SPC24,10649,SPC24
SPC25,9518,SPC25
SPCS1,4340,SPCS1
SPCS2,4802,SPCS2
SPDEF,5566,SPDEF
SPDL1,565,SPDL1
SPDYA,11141,SPDYA
SPECC1,6027,SPECC1
SPECC1L,2159,SPECC1L
SPEF1,2475,SPEF1
SPEF2,9561,SPEF2
SPEG,1183,SPEG
SPEM1,15046,SPEM1
SPEM2,15787,SPEM2
SPEN,932,SPEN
SPG11,2878,SPG11
SPG21,1880,SPG21
SPG7,17611,SPG7
SPHK1,14038,SPHK1
SPHK2,853,SPHK2
SPHKAP,9688,SPHKAP
SPI1,969,SPI1
SPIB,52255,SPIB
SPIC,11799,SPIC
SPICE1,11074,SPICE1
SPIDR,11450,SPIDR
SPIN1,3356,SPIN1
SPIN4,16348,SPIN4
SPINDOC,12265,SPINDOC
SPINK1,11309,SPINK1
SPINK13,23031,SPINK13
SPINK14,17261,SPINK14
SPINK4,5302,SPINK4
SPINK5,6788,SPINK5
SPINK6,14458,SPINK6
SPINK7,8766,SPINK7
SPINK8,29570,SPINK8
SPINT1,11775,SPINT1
SPINT2,12155,SPINT2
SPIRE1,6875,SPIRE1
SPIRE2,20153,SPIRE2
SPN,17472,SPN
SPNS1,12652,SPNS1
SPNS2,15402,SPNS2
SPNS3,15294,SPNS3
SPO11,734,SPO11
SPOCK1,9530,SPOCK1
SPOCK2,3443,SPOCK2
SPOCK3,17019,SPOCK3
SPON1,48493,SPON1
SPON2,10381,SPON2
SPOPL,8540,SPOPL
SPOUT1,17985,SPOUT1
SPP1,4846,SPP1
SPP2,1175,SPP2
SPPL2A,7688,SPPL2A
SPPL2B,87,SPPL2B
SPPL2C,15977,SPPL2C
SPPL3,10149,SPPL3
SPR,4527,SPR
SPRED1,11755,SPRED1
SPRED2,17758,SPRED2
SPRED3,16830,SPRED3
SPRING1,3895,C12orf49
SPRN,19708,SPRN
SPRR4,15684,SPRR4
SPRTN,246,SPRTN
SPRY1,11227,SPRY1
SPRY2,7233,SPRY2
SPRY4,16541,SPRY4
SPRYD3,12204,SPRYD3
SPRYD4,14096,SPRYD4
SPRYD7,5357,SPRYD7
SPSB1,13119,SPSB1
SPSB2,3927,SPSB2
SPSB3,10676,SPSB3
SPSB4,13831,SPSB4
SPTA1,11053,SPTA1
SPTAN1,17541,SPTAN1
SPTB,1101,SPTB
SPTBN1,4404,SPTBN1
SPTBN2,13616,SPTBN2
SPTBN4,10499,SPTBN4
SPTBN5,7566,SPTBN5
SPTLC1,1862,SPTLC1
SPTLC2,2350,SPTLC2
SPTLC3,13279,SPTLC3
SPTSSA,11592,SPTSSA
SPTSSB,17178,SPTSSB
SPTY2D1,14639,SPTY2D1
SPX,6926,SPX
SQLE,2937,SQLE
SQOR,7532,SQOR
SQSTM1,10575,SQSTM1
SRA1,22591,SRA1
SRBD1,1052,SRBD1
SRC,17358,SRC
SRCAP,1500,SRCAP
SRCIN1,57051,SRCIN1
SRD5A1,8716,SRD5A1
SRD5A2,57415,SRD5A2
SRD5A3,5981,SRD5A3
SREBF1,1187,SREBF1
SREBF2,17981,SREBF2
SREK1IP1,9610,SREK1IP1
SRF,4090,SRF
SRFBP1,9389,SRFBP1
SRGAP1,17297,SRGAP1
SRGAP3,17062,SRGAP3
SRGN,5319,SRGN
SRI,1288,SRI
SRM,4587,SRM
SRMS,5665,SRMS
SRP14,7945,SRP14
SRP19,9614,SRP19
SRP68,12228,SRP68
SRP72,13766,SRP72
SRP9,8456,SRP9
SRPK1,2053,SRPK1
SRPK2,7041,SRPK2
SRPK3,15733,SRPK3
SRPRB,8637,SRPRB
SRPX,2598,SRPX
SRPX2,2664,SRPX2
SRR,12181,SRR
SRRM1,6738,SRRM1
SRRM2,12251,SRRM2
SRRM3,14362,SRRM3
SRRM4,7881,SRRM4
SRRT,1720,SRRT
SRSF1,7282,SRSF1
SRSF10,16766,SRSF10
SRSF11,4617,SRSF11
SRSF12,9783,SRSF12
SRSF2,10615,SRSF2
SRSF3,3999,SRSF3
SRSF4,4565,SRSF4
SRSF5,2366,SRSF5
SRSF6,5474,SRSF6
SRSF7,4495,SRSF7
SRSF9,3954,SRSF9
SRXN1,53297,SRXN1
SS18,8097,SS18
SS18L1,15753,SS18L1
SS18L2,215,SS18L2
SSB,7660,SSB
SSBP1,3246,SSBP1
SSBP2,8729,SSBP2
SSBP3,10082,SSBP3
SSBP4,6278,SSBP4
SSC4D,8876,SSC4D
SSC5D,14791,SSC5D
SSH1,1624,SSH1
SSH2,8087,SSH2
SSH3,13404,SSH3
SSMEM1,11533,SSMEM1
SSNA1,14023,SSNA1
SSPN,5342,SSPN
SSR1,5583,SSR1
SSR2,11022,SSR2
SSR3,4333,SSR3
SSR4,14963,SSR4
SSRP1,9174,SSRP1
SST,10053,SST
SSTR1,7891,SSTR1
SSTR2,14912,SSTR2
SSTR3,57604,SSTR3
SSTR4,6637,SSTR4
SSTR5,10675,SSTR5
SSU72,10423,SSU72
SSUH2,5608,SSUH2
SSX2IP,4679,SSX2IP
ST13,2291,ST13
ST14,9206,ST14
ST18,8985,ST18
ST3GAL1,221,ST3GAL1
ST3GAL2,10097,ST3GAL2
ST3GAL3,5791,ST3GAL3
ST3GAL4,3745,ST3GAL4
ST3GAL5,4444,ST3GAL5
ST3GAL6,877,ST3GAL6
ST6GAL1,1243,ST6GAL1
ST6GAL2,8519,ST6GAL2
ST6GALNAC1,1117,ST6GALNAC1
ST6GALNAC3,15655,ST6GALNAC3
ST6GALNAC4,7351,ST6GALNAC4
ST6GALNAC5,4664,ST6GALNAC5
ST6GALNAC6,10493,ST6GALNAC6
ST7,66,ST7
ST7L,179,ST7L
ST8SIA1,3944,ST8SIA1
ST8SIA2,7997,ST8SIA2
ST8SIA3,14329,ST8SIA3
ST8SIA4,4193,ST8SIA4
ST8SIA5,2558,ST8SIA5
ST8SIA6,9107,ST8SIA6
STAB1,260,STAB1
STAB2,7202,STAB2
STAC,8606,STAC
STAC2,8171,STAC2
STAC3,16018,STAC3
STAG1,4771,STAG1
STAG2,2601,STAG2
STAG3,989,STAG3
STAM,7331,STAM
STAM2,4369,STAM2
STAMBP,5513,STAMBP
STAMBPL1,7620,STAMBPL1
STAP1,523,STAP1
STAP2,14439,STAP2
STAR,8980,STAR
STARD10,23039,STARD10
STARD13,6726,STARD13
STARD3,6494,STARD3
STARD3NL,251,STARD3NL
STARD4,11295,STARD4
STARD5,13292,STARD5
STARD6,13708,STARD6
STARD7,1620,STARD7
STARD8,6207,STARD8
STAT1,4423,STAT1
STAT2,12867,STAT2
STAT3,12405,STAT3
STAT4,7655,STAT4
STAT5A,5834,STAT5A
STAT5B,13591,STAT5B
STAT6,11973,STAT6
STAU1,5485,STAU1
STAU2,566,STAU2
STBD1,4847,STBD1
STC1,10309,STC1
STC2,4223,STC2
STEAP2,10081,STEAP2
STEAP3,4362,STEAP3
STEAP4,5970,STEAP4
STEEP1,382,CXorf56
STIL,5393,STIL
STIM1,12077,STIM1
STIM2,3693,STIM2
STIMATE,22597,STIMATE
STING1,15793,TMEM173
STIP1,12368,STIP1
STK10,1204,STK10
STK11,4773,STK11
STK11IP,8588,STK11IP
STK16,4468,STK16
STK17B,1535,STK17B
STK24,2685,STK24
STK25,4473,STK25
STK26,6937,STK26
STK3,2913,STK3
STK31,17097,STK31
STK32A,12577,STK32A
STK32B,9604,STK32B
STK32C,11682,STK32C
STK33,6266,STK33
STK35,5730,STK35
STK36,11024,STK36
STK38,3998,STK38
STK38L,21589,STK38L
STK39,17842,STK39
STK4,2440,STK4
STK40,17048,STK40
STKLD1,17958,STKLD1
STMN1,4745,STMN1
STMN2,2923,STMN2
STMN3,17466,STMN3
STMN4,364,STMN4
STMND1,30577,STMND1
STN1,3478,STN1
STOM,9057,STOM
STOML1,1004,STOML1
STOML2,11575,STOML2
STOML3,6723,STOML3
STON1,37723,STON1
STON2,7914,STON2
STOX1,11678,STOX1
STOX2,13505,STOX2
STPG1,10,STPG1
STPG3,17563,STPG3
STPG4,36220,STPG4
STRA6,7560,STRA6
STRA8,8896,STRA8
STRADA,50528,STRADA
STRADB,1557,STRADB
STRAP,433,STRAP
STRBP,11559,STRBP
STRC,37575,STRC
STRIP1,8313,STRIP1
STRIP2,6039,STRIP2
STRIT1,36402,DWORF
STRN,4484,STRN
STRN3,17258,STRN3
STRN4,1873,STRN4
STT3A,6988,STT3A
STT3B,11043,STT3B
STUB1,2793,STUB1
STUM,19682,STUM
STX11,7118,STX11
STX12,4758,STX12
STX16,5489,STX16
STX17,7364,STX17
STX18,12452,STX18
STX19,14558,STX19
STX1A,3259,STX1A
STX1B,2097,STX1B
STX2,3899,STX2
STX3,11977,STX3
STX4,2827,STX4
STX5,10702,STX5
STX6,7156,STX6
STX7,1480,STX7
STX8,12796,STX8
STXBP1,7354,STXBP1
STXBP2,1361,STXBP2
STXBP3,4558,STXBP3
STXBP4,11812,STXBP4
STXBP5,11375,STXBP5
STXBP5L,8659,STXBP5L
STXBP6,12487,STXBP6
STYK1,809,STYK1
STYXL1,5969,STYXL1
SUB1,4177,SUB1
SUCLA2,7224,SUCLA2
SUCLG1,11051,SUCLG1
SUCLG2,13290,SUCLG2
SUCNR1,17930,SUCNR1
SUCO,2012,SUCO
SUDS3,3937,SUDS3
SUFU,3466,SUFU
SUGCT,13934,SUGCT
SUGP1,3176,SUGP1
SUGP2,889,SUGP2
SUGT1,11597,SUGT1
SULF1,7498,SULF1
SULF2,17185,SULF2
SULT1B1,13559,SULT1B1
SULT1C2,17714,SULT1C2
SULT1C3,17065,SULT1C3
SULT1E1,3649,SULT1E1
SULT2B1,1758,SULT2B1
SULT4A1,6287,SULT4A1
SULT6B1,7598,SULT6B1
SUMF1,8569,SUMF1
SUMF2,6104,SUMF2
SUMO1,4519,SUMO1
SUMO2,16784,SUMO2
SUMO3,15861,SUMO3
SUN1,11458,SUN1
SUN2,2232,SUN2
SUN3,11437,SUN3
SUN5,12025,SUN5
SUOX,7838,SUOX
SUPT16H,1965,SUPT16H
SUPT20H,2693,SUPT20H
SUPT3H,17085,SUPT3H
SUPT4H1,22451,SUPT4H1
SUPT5H,17068,SUPT5H
SUPT6H,3636,SUPT6H
SUPT7L,4958,SUPT7L
SUPV3L1,9998,SUPV3L1
SURF1,9069,SURF1
SURF2,9070,SURF2
SURF4,9067,SURF4
SURF6,9071,SURF6
SUSD1,3372,SUSD1
SUSD2,2153,SUSD2
SUSD3,10088,SUSD3
SUSD4,8415,SUSD4
SUSD5,13583,SUSD5
SUSD6,2365,SUSD6
SUV39H1,2596,SUV39H1
SUV39H2,9543,SUV39H2
SUZ12,14545,SUZ12
SV2A,10307,SV2A
SV2B,16027,SV2B
SV2C,5224,SV2C
SVBP,14401,SVBP
SVEP1,11535,SVEP1
SVIL,17421,SVIL
SVIP,17703,SVIP
SVOP,11764,SVOP
SVOPL,10136,SVOPL
SWAP70,6794,SWAP70
SWI5,13980,SWI5
SWSAP1,13624,SWSAP1
SWT1,4592,SWT1
SYAP1,12703,SYAP1
SYBU,9005,SYBU
SYCE1,13146,SYCE1
SYCE1L,20173,SYCE1L
SYCE2,10648,SYCE2
SYCE3,23730,SYCE3
SYCN,14746,SYCN
SYCP1,17898,SYCP1
SYCP2,17009,SYCP2
SYCP2L,9631,SYCP2L
SYDE1,3038,SYDE1
SYDE2,2075,SYDE2
SYF2,4741,SYF2
SYK,11509,SYK
SYMPK,5707,SYMPK
SYN1,198,SYN1
SYN2,10073,SYN2
SYN3,16064,SYN3
SYNC,10756,SYNC
SYNCRIP,7051,SYNCRIP
SYNDIG1,2540,SYNDIG1
SYNDIG1L,15493,SYNDIG1L
SYNE1,6384,SYNE1
SYNE2,731,SYNE2
SYNE3,14099,SYNE3
SYNE4,15057,SYNE4
SYNGAP1,17411,SYNGAP1
SYNGR1,2264,SYNGR1
SYNGR2,3564,SYNGR2
SYNGR3,5936,SYNGR3
SYNGR4,3113,SYNGR4
SYNJ1,10299,SYNJ1
SYNJ2,1417,SYNJ2
SYNJ2BP,22565,SYNJ2BP
SYNM,15224,SYNM
SYNPO,13207,SYNPO
SYNPO2,13311,SYNPO2
SYNPO2L,11824,SYNPO2L
SYNPR,11083,SYNPR
SYNRG,55609,SYNRG
SYP,2608,SYP
SYPL2,8306,SYPL2
SYS1,19799,SYS1
SYT1,1018,SYT1
SYT10,3836,SYT10
SYT11,6651,SYT11
SYT12,13484,SYT12
SYT13,391,SYT13
SYT14,8406,SYT14
SYT16,7904,SYT16
SYT17,2833,SYT17
SYT2,8482,SYT2
SYT3,22311,SYT3
SYT4,6677,SYT4
SYT5,6195,SYT5
SYT6,6856,SYT6
SYT7,293,SYT7
SYT8,9162,SYT8
SYT9,12896,SYT9
SYTL1,8284,SYTL1
SYTL2,7486,SYTL2
SYTL3,11416,SYTL3
SYTL4,2665,SYTL4
SYTL5,8914,SYTL5
SYVN1,10706,SYVN1
SZRD1,741,SZRD1
SZT2,17713,SZT2
TAAR1,8843,TAAR1
TAAR2,8839,TAAR2
TAAR5,7113,TAAR5
TAAR9,34872,TAAR9
TAB1,2265,TAB1
TAB2,746,TAB2
TAB3,10129,TAB3
TAC1,126,TAC1
TAC3,11966,TAC3
TACC1,8987,TACC1
TACC2,7627,TACC2
TACO1,7285,TACO1
TACR1,4412,TACR1
TACR2,1285,TACR2
TACR3,12687,TACR3
TACSTD2,15722,TACSTD2
TADA1,9532,TADA1
TADA2A,56340,TADA2A
TADA2B,13441,TADA2B
TADA3,13000,TADA3
TAF10,11830,TAF10
TAF11,906,TAF11
TAF12,5071,TAF12
TAF13,17569,TAF13
TAF15,52873,TAF15
TAF1A,8413,TAF1A
TAF1B,4477,TAF1B
TAF1C,2770,TAF1C
TAF2,881,TAF2
TAF3,11649,TAF3
TAF4,6313,TAF4
TAF4B,8098,TAF4B
TAF5,9144,TAF5
TAF5L,7154,TAF5L
TAF6,3281,TAF6
TAF6L,10700,TAF6L
TAF7,14584,TAF7
TAF8,7467,TAF8
TAF9B,16477,TAF9B
TAFA1,15565,FAM19A1
TAFA2,17850,FAM19A2
TAFA3,15795,FAM19A3
TAFA4,10994,FAM19A4
TAFA5,23967,FAM19A5
TAFAZZIN,2633,TAZ
TAGLN,9239,TAGLN
TAGLN2,10255,TAGLN2
TAGLN3,8629,TAGLN3
TAL1,10714,TAL1
TAL2,16169,TAL2
TALDO1,14250,TALDO1
TAMALIN,10644,GRASP
TAMM41,8581,TAMM41
TANC1,4375,TANC1
TANC2,12944,TANC2
TANGO2,15543,TANGO2
TANGO6,2752,TANGO6
TANK,7304,TANK
TAOK1,10505,TAOK1
TAOK2,9274,TAOK2
TAOK3,7014,TAOK3
TAP1,12355,TAP1
TAP2,19864,TAP2
TAPBP,31294,TAPBP
TAPBPL,7788,TAPBPL
TAPT1,12675,TAPT1
TARBP1,800,TARBP1
TARBP2,7841,TARBP2
TARDBP,5121,TARDBP
TARS2,8380,TARS2
TAS1R1,13573,TAS1R1
TAS1R2,14608,TAS1R2
TAS1R3,12722,TAS1R3
TAS2R16,6031,TAS2R16
TAS2R3,5909,TAS2R3
TAS2R38,44878,TAS2R38
TAS2R39,34378,TAS2R39
TAS2R4,5910,TAS2R4
TAS2R40,24747,TAS2R40
TAS2R41,24716,TAS2R41
TAS2R60,16126,TAS2R60
TAS2R7,5159,TAS2R7
TASL,5033,CXorf21
TASOR,11191,FAM208A
TASOR2,3484,FAM208B
TASP1,1819,TASP1
TAT,17843,TAT
TATDN1,9016,TATDN1
TATDN2,10054,TATDN2
TATDN3,19686,TATDN3
TAX1BP1,3251,TAX1BP1
TAX1BP3,22826,TAX1BP3
TBATA,11800,TBATA
TBC1D1,948,TBC1D1
TBC1D10A,2152,TBC1D10A
TBC1D10B,12552,TBC1D10B
TBC1D10C,13904,TBC1D10C
TBC1D12,3500,TBC1D12
TBC1D13,3383,TBC1D13
TBC1D14,6583,TBC1D14
TBC1D15,5192,TBC1D15
TBC1D16,12072,TBC1D16
TBC1D17,3008,TBC1D17
TBC1D19,3689,TBC1D19
TBC1D2,2027,TBC1D2
TBC1D20,5748,TBC1D20
TBC1D21,12042,TBC1D21
TBC1D22A,730,TBC1D22A
TBC1D22B,930,TBC1D22B
TBC1D23,526,TBC1D23
TBC1D24,10681,TBC1D24
TBC1D25,1038,TBC1D25
TBC1D2B,12055,TBC1D2B
TBC1D30,3902,TBC1D30
TBC1D31,10026,TBC1D31
TBC1D32,8833,TBC1D32
TBC1D4,7220,TBC1D4
TBC1D5,6437,TBC1D5
TBC1D7,8782,TBC1D7
TBC1D8,20020,TBC1D8
TBC1D8B,6732,TBC1D8B
TBC1D9,3665,TBC1D9
TBC1D9B,17393,TBC1D9B
TBCA,13096,TBCA
TBCB,3063,TBCB
TBCC,5565,TBCC
TBCCD1,4234,TBCCD1
TBCD,8139,TBCD
TBCE,-1,
TBCEL,9725,TBCEL
TBCK,8689,TBCK
TBK1,15590,TBK1
TBKBP1,17996,TBKBP1
TBL1XR1,14338,TBL1XR1
TBL2,3345,TBL2
TBL3,15594,TBL3
TBP,4083,TBP
TBPL1,473,TBPL1
TBPL2,15285,TBPL2
TBR1,7299,TBR1
TBRG1,9733,TBRG1
TBRG4,7255,TBRG4
TBX1,15667,TBX1
TBX15,1978,TBX15
TBX18,4114,TBX18
TBX19,8333,TBX19
TBX2,5135,TBX2
TBX20,11381,TBX20
TBX21,1244,TBX21
TBX22,5240,TBX22
TBX3,7020,TBX3
TBX4,5137,TBX4
TBX5,1830,TBX5
TBX6,9268,TBX6
TBXA2R,147,TBXA2R
TBXAS1,797,TBXAS1
TBXT,11365,TBXT
TC2N,11724,TC2N
TCAF1,17773,TCAF1
TCAIM,14649,TCAIM
TCAP,13634,TCAP
TCEA1,16558,TCEA1
TCEA2,13132,TCEA2
TCEA3,19847,TCEA3
TCEAL1,13327,TCEAL1
TCEAL7,15379,TCEAL7
TCEAL8,14983,TCEAL8
TCEAL9,15956,TCEAL9
TCEANC,14188,TCEANC
TCEANC2,4548,TCEANC2
TCERG1,4213,TCERG1
TCERG1L,14159,TCERG1L
TCF12,7932,TCF12
TCF15,5750,TCF15
TCF19,7455,TCF19
TCF21,4827,TCF21
TCF23,11135,TCF23
TCF24,48248,TCF24
TCF25,8055,TCF25
TCF3,1158,TCF3
TCF4,17207,TCF4
TCF7,1523,TCF7
TCF7L1,9523,TCF7L1
TCF7L2,9134,TCF7L2
TCFL5,2461,TCFL5
TCIM,14192,TCIM
TCIRG1,3804,TCIRG1
TCN2,15989,TCN2
TCOF1,1134,TCOF1
TCP1,5051,TCP1
TCP11,5567,TCP11
TCP11L1,14033,TCP11L1
TCP11L2,11753,TCP11L2
TCTA,8652,TCTA
TCTE1,8818,TCTE1
TCTN1,20097,TCTN1
TCTN2,12439,TCTN2
TCTN3,4993,TCTN3
TDG,7823,TDG
TDO2,9463,TDO2
TDP1,581,TDP1
TDP2,3960,TDP2
TDRD1,2037,TDRD1
TDRD12,13597,TDRD12
TDRD3,1598,TDRD3
TDRD5,10839,TDRD5
TDRD6,14822,TDRD6
TDRD7,17024,TDRD7
TDRD9,9986,TDRD9
TDRKH,15193,TDRKH
TDRP,14835,TDRP
TEAD1,16426,TEAD1
TEAD2,1255,TEAD2
TEAD3,190,TEAD3
TEAD4,17610,TEAD4
TEC,7119,TEC
TECPR1,20238,TECPR1
TECPR2,17221,TECPR2
TECR,2113,TECR
TECRL,20319,TECRL
TECTA,3720,TECTA
TECTB,4978,TECTB
TEDC1,15993,TEDC1
TEDC2,10679,TEDC2
TEF,12017,TEF
TEFM,13246,TEFM
TEK,5014,TEK
TEKT1,12222,TEKT1
TEKT2,1984,TEKT2
TEKT3,5645,TEKT3
TEKT5,9618,TEKT5
TELO2,2376,TELO2
TENM1,234,TENM1
TENM2,8777,TENM2
TENM3,23825,TENM3
TENM4,9186,TENM4
TENT2,11332,TENT2
TENT4A,4123,TENT4A
TENT4B,5147,TENT4B
TENT5A,4107,TENT5A
TENT5B,10200,TENT5B
TENT5C,15522,TENT5C
TENT5D,13641,TENT5D
TEP1,6160,TEP1
TEPSIN,12073,TEPSIN
TERB1,39813,TERB1
TERB2,12012,TERB2
TERF1,9000,TERF1
TERF2,6623,TERF2
TERF2IP,11960,TERF2IP
TERT,11342,TERT
TESK1,3390,TESK1
TESK2,1128,TESK2
TESMIN,6655,TESMIN
TESPA1,7080,TESPA1
TET1,7648,TET1
TET2,12437,TET2
TET3,16521,TET3
TEX10,7371,TEX10
TEX101,6408,TEX101
TEX11,5057,TEX11
TEX12,9341,TEX12
TEX14,5139,TEX14
TEX2,7286,TEX2
TEX26,13945,TEX26
TEX261,8516,TEX261
TEX264,11239,TEX264
TEX28,57522,TEX28
TEX30,9386,TEX30
TEX36,13818,TEX36
TEX38,16191,TEX38
TEX47,11408,TEX47
TEX50,31423,TEX50
TEX52,-1,
TEX9,9427,TEX9
TF,1930,TF
TFAM,3488,TFAM
TFAP2A,7433,TFAP2A
TFAP2B,204,TFAP2B
TFAP2C,1751,TFAP2C
TFAP2D,205,TFAP2D
TFAP2E,4628,TFAP2E
TFAP4,1878,TFAP4
TFB1M,479,TFB1M
TFB2M,10851,TFB2M
TFCP2,7091,TFCP2
TFCP2L1,4364,TFCP2L1
TFDP1,17707,TFDP1
TFDP2,4259,TFDP2
TFE3,1037,TFE3
TFEB,4078,TFEB
TFEC,3225,TFEC
TFF1,10438,TFF1
TFF2,10437,TFF2
TFF3,10436,TFF3
TFG,4277,TFG
TFIP11,2193,TFIP11
TFPI,40,TFPI
TFPI2,3199,TFPI2
TFPT,3147,TFPT
TFR2,3286,TFR2
TFRC,1186,TFRC
TG,591,TG
TGDS,1777,TGDS
TGFA,10958,TGFA
TGFB1,3078,TGFB1
TGFB1I1,8010,TGFB1I1
TGFB2,1990,TGFB2
TGFB3,4945,TGFB3
TGFBI,5088,TGFBI
TGFBR1,3363,TGFBR1
TGFBR2,11035,TGFBR2
TGFBR3,1081,TGFBR3
TGFBR3L,46915,TGFBR3L
TGFBRAP1,7192,TGFBRAP1
TGIF1,14307,TGIF1
TGIF2,4841,TGIF2
TGM1,1968,TGM1
TGM2,18008,TGM2
TGM3,5711,TGM3
TGM4,11144,TGM4
TGM5,2869,TGM5
TGM6,11995,TGM6
TGM7,10365,TGM7
TGS1,7499,TGS1
TH,14830,TH
THADA,4510,THADA
THAP1,6519,THAP1
THAP11,12331,THAP11
THAP12,7481,THAP12
THAP2,13529,THAP2
THAP3,579,THAP3
THAP4,14206,THAP4
THAP7,15760,THAP7
THBD,14554,THBD
THBS1,7535,THBS1
THBS2,16253,THBS2
THBS3,12557,THBS3
THBS4,4162,THBS4
THEM4,10359,THEM4
THEM5,17131,THEM5
THEM6,6224,THEM6
THEMIS,13365,THEMIS
THEMIS2,6344,THEMIS2
THG1L,4159,THG1L
THNSL1,16118,THNSL1
THNSL2,8522,THNSL2
THOC1,1449,THOC1
THOC3,694,THOC3
THOC5,2250,THOC5
THOC6,6478,THOC6
THOC7,11087,THOC7
THOP1,13213,THOP1
THPO,1884,THPO
THRA,5815,THRA
THRAP3,719,THRAP3
THRB,9365,THRB
THRSP,9399,THRSP
THSD1,7221,THSD1
THSD4,16553,THSD4
THSD7A,81,THSD7A
THSD7B,8541,THSD7B
THSD8,-1,
THTPA,46455,THTPA
THUMPD1,981,THUMPD1
THUMPD2,7596,THUMPD2
THUMPD3,6836,THUMPD3
THY1,9722,THY1
THYN1,9420,THYN1
TIA1,4514,TIA1
TIAL1,9479,TIAL1
TIAM1,9975,TIAM1
TIAM2,8850,TIAM2
TICAM1,5947,TICAM1
TICRR,7991,TICRR
TIE1,958,TIE1
TIFA,8694,TIFA
TIFAB,44321,TIFAB
TIGAR,1415,TIGAR
TIGD2,14865,TIGD2
TIGD3,13603,TIGD3
TIGD4,12728,TIGD4
TIGD5,14770,TIGD5
TIGIT,15136,TIGIT
TIMELESS,3910,TIMELESS
TIMM10,6965,TIMM10
TIMM10B,6560,TIMM10B
TIMM13,2114,TIMM13
TIMM17A,6899,TIMM17A
TIMM17B,5851,TIMM17B
TIMM21,1301,TIMM21
TIMM22,14295,TIMM22
TIMM29,8233,TIMM29
TIMM44,3022,TIMM44
TIMM50,3048,TIMM50
TIMM8A,5881,TIMM8A
TIMM8B,9339,TIMM8B
TIMM9,2342,TIMM9
TIMMDC1,4235,TIMMDC1
TIMP1,2653,TIMP1
TIMP2,524,TIMP2
TIMP3,2229,TIMP3
TIMP4,10072,TIMP4
TINAG,7441,TINAG
TINAGL1,8295,TINAGL1
TINCR,25527,TINCR
TINF2,1969,TINF2
TIPARP,11096,TIPARP
TIPIN,1287,TIPIN
TIPRL,8325,TIPRL
TIRAP,9302,TIRAP
TJAP1,7439,TJAP1
TJP1,2872,TJP1
TJP2,4876,TJP2
TJP3,3071,TJP3
TK1,12231,TK1
TK2,11894,TK2
TKFC,9213,TKFC
TKT,11184,TKT
TKTL1,180,TKTL1
TKTL2,9354,TKTL2
TLCD1,10512,TLCD1
TLCD2,16035,TLCD2
TLCD3A,12172,FAM57A
TLCD3B,9271,FAM57B
TLCD4,9491,TMEM56
TLCD5,15037,TMEM136
TLDC2,2504,TLDC2
TLE1,17255,TLE1
TLE2,944,TLE2
TLE3,7949,TLE3
TLE4,3369,TLE4
TLE5,3013,AES
TLE7,47453,TLE7
TLK1,17825,TLK1
TLK2,8899,TLK2
TLL1,548,TLL1
TLL2,2035,TLL2
TLN1,7407,TLN1
TLN2,13187,TLN2
TLNRD1,7964,TLNRD1
TLR1,13652,TLR1
TLR2,7474,TLR2
TLR3,11338,TLR3
TLR4,7361,TLR4
TLR5,16509,TLR5
TLR6,13653,TLR6
TLR7,17222,TLR7
TLR8,2591,TLR8
TLR9,36275,TLR9
TLX1,3451,TLX1
TLX2,4403,TLX2
TLX3,11361,TLX3
TM2D1,10777,TM2D1
TM2D2,12613,TM2D2
TM2D3,15720,TM2D3
TM4SF1,12710,TM4SF1
TM4SF19,8662,TM4SF19
TM4SF20,12488,TM4SF20
TM4SF4,12707,TM4SF4
TM4SF5,8237,TM4SF5
TM6SF1,7276,TM6SF1
TM6SF2,22835,TM6SF2
TM7SF2,9266,TM7SF2
TM7SF3,871,TM7SF3
TM9SF1,2409,TM9SF1
TM9SF2,5628,TM9SF2
TM9SF3,1369,TM9SF3
TM9SF4,2503,TM9SF4
TMA16,17796,TMA16
TMA7,31422,TMA7
TMBIM1,7181,TMBIM1
TMBIM4,9925,TMBIM4
TMBIM6,7861,TMBIM6
TMC1,11524,TMC1
TMC2,9217,TMC2
TMC3,16861,TMC3
TMC4,12140,TMC4
TMC5,2834,TMC5
TMC6,8131,TMC6
TMC7,12857,TMC7
TMC8,12230,TMC8
TMCC1,13383,TMCC1
TMCC2,6711,TMCC2
TMCC3,776,TMCC3
TMCO1,8335,TMCO1
TMCO2,16840,TMCO2
TMCO3,9300,TMCO3
TMCO4,10760,TMCO4
TMCO5A,11756,TMCO5A
TMCO6,4141,TMCO6
TMED1,2078,TMED1
TMED10,12805,TMED10
TMED2,1701,TMED2
TMED3,11895,TMED3
TMED4,10247,TMED4
TMED5,4719,TMED5
TMED6,10090,TMED6
TMED7,6994,TMED7
TMED8,2345,TMED8
TMED9,15848,TMED9
TMEFF1,37086,TMEFF1
TMEFF2,8552,TMEFF2
TMEM100,11820,TMEM100
TMEM101,1946,TMEM101
TMEM102,15041,TMEM102
TMEM104,3626,TMEM104
TMEM106A,15886,TMEM106A
TMEM106B,3311,TMEM106B
TMEM106C,6879,TMEM106C
TMEM107,14614,TMEM107
TMEM108,8638,TMEM108
TMEM109,3750,TMEM109
TMEM11,14485,TMEM11
TMEM114,31522,TMEM114
TMEM115,5787,TMEM115
TMEM116,17733,TMEM116
TMEM117,7781,TMEM117
TMEM119,15442,TMEM119
TMEM120A,16914,TMEM120A
TMEM120B,16821,TMEM120B
TMEM121,15885,TMEM121
TMEM121B,15477,TMEM121B
TMEM123,9558,TMEM123
TMEM125,14656,TMEM125
TMEM126A,13014,TMEM126A
TMEM126B,13015,TMEM126B
TMEM127,7190,TMEM127
TMEM128,6584,TMEM128
TMEM129,12483,TMEM129
TMEM130,11865,TMEM130
TMEM131,1314,TMEM131
TMEM131L,5143,TMEM131L
TMEM132A,124,TMEM132A
TMEM132B,7821,TMEM132B
TMEM132C,15034,TMEM132C
TMEM132D,9482,TMEM132D
TMEM132E,15042,TMEM132E
TMEM134,13362,TMEM134
TMEM135,11900,TMEM135
TMEM138,9215,TMEM138
TMEM139,14575,TMEM139
TMEM140,8898,TMEM140
TMEM141,38131,TMEM141
TMEM143,10617,TMEM143
TMEM144,11265,TMEM144
TMEM145,12147,TMEM145
TMEM147,3166,TMEM147
TMEM14A,2057,TMEM14A
TMEM14C,3966,TMEM14C
TMEM150A,12468,TMEM150A
TMEM150B,14811,TMEM150B
TMEM150C,39351,TMEM150C
TMEM151A,14672,TMEM151A
TMEM151B,14473,TMEM151B
TMEM154,12733,TMEM154
TMEM158,39834,TMEM158
TMEM160,6333,TMEM160
TMEM161A,886,TMEM161A
TMEM161B,11285,TMEM161B
TMEM163,9500,TMEM163
TMEM164,10125,TMEM164
TMEM165,6973,TMEM165
TMEM167A,13752,TMEM167A
TMEM168,8886,TMEM168
TMEM169,11013,TMEM169
TMEM17,16380,TMEM17
TMEM170A,11950,TMEM170A
TMEM170B,20214,TMEM170B
TMEM171,10069,TMEM171
TMEM174,11329,TMEM174
TMEM175,5917,TMEM175
TMEM176A,31,TMEM176A
TMEM176B,3328,TMEM176B
TMEM177,8525,TMEM177
TMEM178A,9504,TMEM178A
TMEM178B,47740,TMEM178B
TMEM179,46062,TMEM179
TMEM179B,16014,TMEM179B
TMEM18,9396,TMEM18
TMEM181,8851,TMEM181
TMEM182,12822,TMEM182
TMEM183A,11012,TMEM183A
TMEM184A,11465,TMEM184A
TMEM184B,17909,TMEM184B
TMEM184C,11279,TMEM184C
TMEM185A,52307,TMEM185A
TMEM185B,27544,TMEM185B
TMEM186,15852,TMEM186
TMEM19,7807,TMEM19
TMEM190,10502,TMEM190
TMEM192,12746,TMEM192
TMEM198,16826,TMEM198
TMEM200A,11370,TMEM200A
TMEM200B,42227,TMEM200B
TMEM200C,20462,TMEM200C
TMEM201,16843,TMEM201
TMEM203,16550,TMEM203
TMEM204,6476,TMEM204
TMEM205,3126,TMEM205
TMEM207,17765,TMEM207
TMEM208,12423,TMEM208
TMEM209,8894,TMEM209
TMEM210,16114,TMEM210
TMEM212,16250,TMEM212
TMEM213,22894,TMEM213
TMEM214,4961,TMEM214
TMEM215,16669,TMEM215
TMEM216,16421,TMEM216
TMEM218,9301,TMEM218
TMEM219,9275,TMEM219
TMEM220,16587,TMEM220
TMEM221,16650,TMEM221
TMEM222,16295,TMEM222
TMEM223,12399,TMEM223
TMEM229A,32897,TMEM229A
TMEM229B,17693,TMEM229B
TMEM230,1814,TMEM230
TMEM231,20174,TMEM231
TMEM232,16396,TMEM232
TMEM233,26513,TMEM233
TMEM234,10419,TMEM234
TMEM235,19868,TMEM235
TMEM236,9105,TMEM236
TMEM237,9903,TMEM237
TMEM238,32385,TMEM238
TMEM238L,48715,TMEM238L
TMEM239,17746,TMEM239
TMEM240,20178,TMEM240
TMEM241,6916,TMEM241
TMEM242,23432,TMEM242
TMEM243,7030,TMEM243
TMEM245,3358,TMEM245
TMEM247,-1,
TMEM248,3335,TMEM248
TMEM249,48092,TMEM249
TMEM25,9238,TMEM25
TMEM252,15118,TMEM252
TMEM253,31393,TMEM253
TMEM254,6783,TMEM254
TMEM255A,5635,TMEM255A
TMEM255B,15774,TMEM255B
TMEM256,20282,TMEM256
TMEM258,6970,TMEM258
TMEM259,15182,TMEM259
TMEM26,17295,TMEM26
TMEM260,1105,TMEM260
TMEM262,16424,TMEM262
TMEM263,9371,TMEM263
TMEM266,12673,TMEM266
TMEM267,9472,TMEM267
TMEM268,10135,TMEM268
TMEM270,13985,TMEM270
TMEM273,19827,TMEM273
TMEM30A,4096,TMEM30A
TMEM30B,15186,TMEM30B
TMEM33,3640,TMEM33
TMEM35A,5879,TMEM35A
TMEM35B,37935,TMEM35B
TMEM37,13024,TMEM37
TMEM38A,1213,TMEM38A
TMEM38B,2020,TMEM38B
TMEM39A,14032,TMEM39A
TMEM39B,5198,TMEM39B
TMEM40,1781,TMEM40
TMEM41B,11871,TMEM41B
TMEM42,12723,TMEM42
TMEM43,12929,TMEM43
TMEM44,8649,TMEM44
TMEM45B,9451,TMEM45B
TMEM47,8912,TMEM47
TMEM50A,15586,TMEM50A
TMEM50B,8211,TMEM50B
TMEM51,13139,TMEM51
TMEM52,14574,TMEM52
TMEM52B,11666,TMEM52B
TMEM53,5792,TMEM53
TMEM54,5211,TMEM54
TMEM59,4549,TMEM59
TMEM59L,3170,TMEM59L
TMEM60,7032,TMEM60
TMEM62,7555,TMEM62
TMEM63A,17051,TMEM63A
TMEM63B,7437,TMEM63B
TMEM63C,11630,TMEM63C
TMEM64,14923,TMEM64
TMEM65,11504,TMEM65
TMEM67,11496,TMEM67
TMEM68,12232,TMEM68
TMEM69,10374,TMEM69
TMEM70,13937,TMEM70
TMEM71,11519,TMEM71
TMEM72,16574,TMEM72
TMEM74,11460,TMEM74
TMEM74B,5754,TMEM74B
TMEM79,11021,TMEM79
TMEM80,14226,TMEM80
TMEM81,13727,TMEM81
TMEM82,10745,TMEM82
TMEM86A,9369,TMEM86A
TMEM86B,14816,TMEM86B
TMEM87A,2863,TMEM87A
TMEM87B,9639,TMEM87B
TMEM88,12226,TMEM88
TMEM88B,20185,TMEM88B
TMEM89,15498,TMEM89
TMEM8B,7416,TMEM8B
TMEM9,4633,TMEM9
TMEM91,8196,TMEM91
TMEM94,14379,TMEM94
TMEM95,15372,TMEM95
TMEM97,3630,TMEM97
TMEM98,118,TMEM98
TMEM9B,13888,TMEM9B
TMF1,8616,TMF1
TMIE,15085,TMIE
TMIGD1,15231,TMIGD1
TMOD1,7352,TMOD1
TMOD2,6079,TMOD2
TMOD3,7687,TMOD3
TMOD4,10939,TMOD4
TMPPE,16677,TMPPE
TMPRSS11A,16423,TMPRSS11A
TMPRSS11D,9685,TMPRSS11D
TMPRSS11E,1725,TMPRSS11E
TMPRSS11F,17679,TMPRSS11F
TMPRSS12,16278,TMPRSS12
TMPRSS13,7526,TMPRSS13
TMPRSS15,9795,TMPRSS15
TMPRSS2,15658,TMPRSS2
TMPRSS3,10439,TMPRSS3
TMPRSS4,7505,TMPRSS4
TMPRSS5,11917,TMPRSS5
TMPRSS6,16419,TMPRSS6
TMPRSS7,14010,TMPRSS7
TMPRSS9,14483,TMPRSS9
TMSB4Y,9790,TMSB4Y
TMTC1,6784,TMTC1
TMTC2,14636,TMTC2
TMTC3,7812,TMTC3
TMTC4,5622,TMTC4
TMUB2,12403,TMUB2
TMX1,7899,TMX1
TMX2,22626,TMX2
TMX3,11875,TMX3
TMX4,5728,TMX4
TNC,578,TNC
TNF,31908,TNF
TNFAIP1,3628,TNFAIP1
TNFAIP2,15952,TNFAIP2
TNFAIP3,4818,TNFAIP3
TNFAIP6,5414,TNFAIP6
TNFAIP8,8746,TNFAIP8
TNFAIP8L1,15996,TNFAIP8L1
TNFAIP8L2,10936,TNFAIP8L2
TNFAIP8L3,15539,TNFAIP8L3
TNFRSF11A,8158,TNFRSF11A
TNFRSF11B,11444,TNFRSF11B
TNFRSF12A,131,TNFRSF12A
TNFRSF17,641,TNFRSF17
TNFRSF19,5957,TNFRSF19
TNFRSF1A,1001,TNFRSF1A
TNFRSF1B,468,TNFRSF1B
TNFRSF21,8801,TNFRSF21
TNFRSF25,23442,TNFRSF25
TNFRSF4,16363,TNFRSF4
TNFRSF9,659,TNFRSF9
TNFSF10,5203,TNFSF10
TNFSF11,5073,TNFSF11
TNFSF12,36257,TNFSF12
TNFSF13,10662,TNFSF13
TNFSF13B,2679,TNFSF13B
TNFSF14,5700,TNFSF14
TNFSF15,15095,TNFSF15
TNFSF18,5046,TNFSF18
TNFSF8,3375,TNFSF8
TNIK,9758,TNIK
TNIP1,8769,TNIP1
TNIP2,12466,TNIP2
TNK1,13679,TNK1
TNK2,834,TNK2
TNKS,13498,TNKS
TNKS1BP1,9170,TNKS1BP1
TNKS2,3459,TNKS2
TNMD,1,TNMD
TNN,5043,TNN
TNNC1,4335,TNNC1
TNNC2,2542,TNNC2
TNNI1,10310,TNNI1
TNNI2,6299,TNNI2
TNNI3,6196,TNNI3
TNNI3K,4621,TNNI3K
TNNT1,3026,TNNT1
TNNT2,4784,TNNT2
TNNT3,6298,TNNT3
TNP1,4790,TNP1
TNPO1,1592,TNPO1
TNPO2,3137,TNPO2
TNPO3,883,TNPO3
TNR,4537,TNR
TNRC6A,1901,TNRC6A
TNRC6B,2280,TNRC6B
TNRC6C,1434,TNRC6C
TNS1,1457,TNS1
TNS2,3845,TNS2
TNS3,7241,TNS3
TNS4,6492,TNS4
TNXB,12374,TNXB
TOB1,8079,TOB1
TOB2,15630,TOB2
TOE1,6658,TOE1
TOGARAM1,17870,TOGARAM1
TOGARAM2,16981,TOGARAM2
TOLLIP,1444,TOLLIP
TOM1,2244,TOM1
TOM1L1,8076,TOM1L1
TOM1L2,13944,TOM1L2
TOMM20,13587,TOMM20
TOMM20L,17276,TOMM20L
TOMM22,2220,TOMM22
TOMM34,449,TOMM34
TOMM40,6228,TOMM40
TOMM40L,10286,TOMM40L
TOMM6,23107,TOMM6
TOMM7,17227,TOMM7
TOMM70,9738,TOMM70
TOMT,-1,
TONSL,10561,TONSL
TOP1,17976,TOP1
TOP1MT,15757,TOP1MT
TOP2A,6493,TOP2A
TOP2B,1368,TOP2B
TOP3A,14280,TOP3A
TOP3B,2170,TOP3B
TOPAZ1,13593,TOPAZ1
TOPBP1,11132,TOPBP1
TOPORS,17504,TOPORS
TOR1A,7346,TOR1A
TOR1AIP1,8368,TOR1AIP1
TOR1AIP2,12708,TOR1AIP2
TOR1B,7342,TOR1B
TOR2A,10492,TOR2A
TOR3A,16237,TOR3A
TOR4A,17686,TOR4A
TOX,17944,TOX
TOX2,5473,TOX2
TOX3,2819,TOX3
TOX4,1966,TOX4
TP53,8128,TP53
TP53BP1,1009,TP53BP1
TP53BP2,8418,TP53BP2
TP53I11,13869,TP53I11
TP53I13,12122,TP53I13
TP53INP1,11490,TP53INP1
TP53INP2,1439,TP53INP2
TP63,1223,TP63
TP73,1443,TP73
TPBG,8822,TPBG
TPBGL,48097,TPBGL
TPCN1,16360,TPCN1
TPCN2,10710,TPCN2
TPD52,1347,TPD52
TPD52L1,3981,TPD52L1
TPD52L2,2448,TPD52L2
TPGS1,8181,TPGS1
TPGS2,6962,TPGS2
TPH1,6111,TPH1
TPH2,7805,TPH2
TPI1,3925,TPI1
TPK1,17171,TPK1
TPM1,7965,TPM1
TPM2,17786,TPM2
TPM3,8426,TPM3
TPM4,12101,TPM4
TPMT,7461,TPMT
TPO,4474,TPO
TPP1,11831,TPP1
TPP2,6984,TPP2
TPPP,13047,TPPP
TPPP2,14735,TPPP2
TPPP3,10386,TPPP3
TPR,620,TPR
TPRA1,11162,TPRA1
TPRKB,8512,TPRKB
TPRN,14016,TPRN
TPSG1,4542,TPSG1
TPST1,12706,TPST1
TPST2,6009,TPST2
TPX2,1770,TPX2
TRA2A,11385,TRA2A
TRA2B,7297,TRA2B
TRABD,12884,TRABD
TRABD2B,52166,TRABD2B
TRADD,2712,TRADD
TRAF1,762,TRAF1
TRAF2,5895,TRAF2
TRAF3,6431,TRAF3
TRAF3IP1,19808,TRAF3IP1
TRAF3IP2,765,TRAF3IP2
TRAF3IP3,239,TRAF3IP3
TRAF4,1349,TRAF4
TRAF5,1571,TRAF5
TRAF6,13833,TRAF6
TRAF7,6479,TRAF7
TRAFD1,7027,TRAFD1
TRAIP,15598,TRAIP
TRAK1,15309,TRAK1
TRAK2,4512,TRAK2
TRAM1,999,TRAM1
TRAM1L1,13737,TRAM1L1
TRAM2,919,TRAM2
TRANK1,12268,TRANK1
TRAP1,5838,TRAP1
TRAPPC1,12739,TRAPPC1
TRAPPC10,10457,TRAPPC10
TRAPPC11,12392,TRAPPC11
TRAPPC12,13171,TRAPPC12
TRAPPC13,4205,TRAPPC13
TRAPPC14,8888,C7orf43
TRAPPC2,17153,TRAPPC2
TRAPPC2L,12112,TRAPPC2L
TRAPPC3,718,TRAPPC3
TRAPPC3L,13567,TRAPPC3L
TRAPPC4,17216,TRAPPC4
TRAPPC5,15001,TRAPPC5
TRAPPC6A,174,TRAPPC6A
TRAPPC6B,15264,TRAPPC6B
TRAPPC8,9655,TRAPPC8
TRAPPC9,12149,TRAPPC9
TRARG1,15843,TRARG1
TRAT1,11040,TRAT1
TRDMT1,3432,TRDMT1
TRDN,16272,TRDN
TREH,4775,TREH
TREM2,2049,TREM2
TREML1,10653,TREML1
TREML2,4018,TREML2
TRERF1,5536,TRERF1
TREX1,22675,TREX1
TREX2,15516,TREX2
TRH,12935,TRH
TRHDE,1198,TRHDE
TRHR,13700,TRHR
TRIAP1,12924,TRIAP1
TRIB1,13507,TRIB1
TRIB2,1159,TRIB2
TRIB3,2482,TRIB3
TRIL,44269,TRIL
TRIM10,20008,TRIM10
TRIM11,9766,TRIM11
TRIM13,20146,TRIM13
TRIM14,3361,TRIM14
TRIM16,24742,TRIM16
TRIM17,10875,TRIM17
TRIM2,3685,TRIM2
TRIM21,6540,TRIM21
TRIM23,4204,TRIM23
TRIM24,5311,TRIM24
TRIM25,5132,TRIM25
TRIM26,32825,TRIM26
TRIM27,20063,TRIM27
TRIM28,6328,TRIM28
TRIM29,7514,TRIM29
TRIM3,3753,TRIM3
TRIM32,4897,TRIM32
TRIM33,17423,TRIM33
TRIM35,2890,TRIM35
TRIM36,9553,TRIM36
TRIM37,3521,TRIM37
TRIM38,4055,TRIM38
TRIM39,20002,TRIM39
TRIM40,20009,TRIM40
TRIM41,8797,TRIM41
TRIM42,9918,TRIM42
TRIM44,11827,TRIM44
TRIM45,6868,TRIM45
TRIM46,11015,TRIM46
TRIM47,6602,TRIM47
TRIM50,8883,TRIM50
TRIM54,7612,TRIM54
TRIM55,8994,TRIM55
TRIM56,12696,TRIM56
TRIM58,10814,TRIM58
TRIM59,22414,TRIM59
TRIM6,5145,TRIM6
TRIM60,14215,TRIM60
TRIM61,15507,TRIM61
TRIM62,4577,TRIM62
TRIM63,10173,TRIM63
TRIM65,8144,TRIM65
TRIM66,11860,TRIM66
TRIM67,4884,TRIM67
TRIM68,12080,TRIM68
TRIM69,16119,TRIM69
TRIM7,8796,TRIM7
TRIM71,20476,TRIM71
TRIM72,14268,TRIM72
TRIM8,13016,TRIM8
TRIM9,2328,TRIM9
TRIML1,15675,TRIML1
TRIML2,14619,TRIML2
TRIO,550,TRIO
TRIOBP,2192,TRIOBP
TRIP10,5698,TRIP10
TRIP11,2390,TRIP11
TRIP12,9691,TRIP12
TRIP13,1156,TRIP13
TRIP4,2847,TRIP4
TRIP6,1717,TRIP6
TRIQK,20188,TRIQK
TRIR,5351,TRIR
TRIT1,598,TRIT1
TRMO,7381,TRMO
TRMT1,3001,TRMT1
TRMT10A,8685,TRMT10A
TRMT10B,11572,TRMT10B
TRMT10C,13662,TRMT10C
TRMT11,980,TRMT11
TRMT112,13457,TRMT112
TRMT12,15567,TRMT12
TRMT13,5265,TRMT13
TRMT1L,5172,TRMT1L
TRMT2A,2131,TRMT2A
TRMT2B,16873,TRMT2B
TRMT44,9861,TRMT44
TRMT5,5861,TRMT5
TRMT6,1827,TRMT6
TRMT61A,11784,TRMT61A
TRMT9B,40035,TRMT9B
TRMU,2302,TRMU
TRNAU1AP,14819,TRNAU1AP
TRNP1,42283,TRNP1
TRNT1,1202,TRNT1
TROAP,7088,TROAP
TRPA1,2899,TRPA1
TRPC1,8644,TRPC1
TRPC3,7725,TRPC3
TRPC4,6718,TRPC4
TRPC4AP,2420,TRPC4AP
TRPC5,1188,TRPC5
TRPC5OS,19788,TRPC5OS
TRPC6,7507,TRPC6
TRPC7,1063,TRPC7
TRPM1,6847,TRPM1
TRPM2,8209,TRPM2
TRPM3,1583,TRPM3
TRPM4,6285,TRPM4
TRPM5,1141,TRPM5
TRPM6,4873,TRPM6
TRPM7,1973,TRPM7
TRPM8,8573,TRPM8
TRPS1,2925,TRPS1
TRPT1,9259,TRPT1
TRPV1,17229,TRPV1
TRPV2,16544,TRPV2
TRPV3,12183,TRPV3
TRPV4,3854,TRPV4
TRPV5,5914,TRPV5
TRPV6,11536,TRPV6
TRRAP,17113,TRRAP
TRUB1,11703,TRUB1
TRUB2,12033,TRUB2
TSACC,11019,TSACC
TSC1,11672,TSC1
TSC2,2777,TSC2
TSC22D1,2706,TSC22D1
TSC22D2,17142,TSC22D2
TSC22D3,10115,TSC22D3
TSEN15,17953,TSEN15
TSEN2,9806,TSEN2
TSEN34,12934,TSEN34
TSEN54,15204,TSEN54
TSFM,5367,TSFM
TSG101,1259,TSG101
TSGA10,7188,TSGA10
TSGA10IP,13914,TSGA10IP
TSGA13,22460,TSGA13
TSHB,6853,TSHB
TSHR,11595,TSHR
TSHZ1,14797,TSHZ1
TSHZ2,15271,TSHZ2
TSHZ3,5150,TSHZ3
TSKS,5827,TSKS
TSKU,15330,TSKU
TSN,21592,TSN
TSNAX,4643,TSNAX
TSNAXIP1,2724,TSNAXIP1
TSPAN1,4713,TSPAN1
TSPAN10,15310,TSPAN10
TSPAN11,3825,TSPAN11
TSPAN12,3245,TSPAN12
TSPAN13,3321,TSPAN13
TSPAN14,3498,TSPAN14
TSPAN15,2086,TSPAN15
TSPAN17,636,TSPAN17
TSPAN18,10122,TSPAN18
TSPAN2,6852,TSPAN2
TSPAN3,7958,TSPAN3
TSPAN31,7089,TSPAN31
TSPAN32,874,TSPAN32
TSPAN33,10221,TSPAN33
TSPAN4,22867,TSPAN4
TSPAN5,12442,TSPAN5
TSPAN6,0,TSPAN6
TSPAN7,9974,TSPAN7
TSPAN8,5903,TSPAN8
TSPAN9,280,TSPAN9
TSPEAR,13989,TSPEAR
TSPO,2254,TSPO
TSPO2,4022,TSPO2
TSPOAP1,93,TSPOAP1
TSPYL1,16956,TSPYL1
TSPYL2,15699,TSPYL2
TSPYL4,16456,TSPYL4
TSPYL5,14902,TSPYL5
TSR1,12182,TSR1
TSR2,10238,TSR2
TSR3,187,TSR3
TSSC4,15721,TSSC4
TSSK1B,21974,TSSK1B
TSSK2,20449,TSSK2
TSSK3,10759,TSSK3
TSSK4,7895,TSSK4
TSSK6,14443,TSSK6
TST,6013,TST
TSTD1,23462,TSTD1
TSTD2,7376,TSTD2
TTBK1,8817,TTBK1
TTBK2,6080,TTBK2
TTC1,4166,TTC1
TTC12,9193,TTC12
TTC13,8449,TTC13
TTC14,11118,TTC14
TTC17,703,TTC17
TTC19,290,TTC19
TTC21A,12269,TTC21A
TTC21B,5412,TTC21B
TTC22,140,TTC22
TTC23,2856,TTC23
TTC23L,20359,TTC23L
TTC27,384,TTC27
TTC28,2206,TTC28
TTC29,7476,TTC29
TTC3,15323,TTC3
TTC32,15636,TTC32
TTC33,4209,TTC33
TTC34,23488,TTC34
TTC36,13316,TTC36
TTC38,1294,TTC38
TTC39A,1672,TTC39A
TTC39B,9852,TTC39B
TTC39C,12314,TTC39C
TTC4,37927,TTC4
TTC5,7267,TTC5
TTC6,7890,TTC6
TTC7A,1049,TTC7A
TTC7B,11719,TTC7B
TTC8,11629,TTC8
TTC9,6818,TTC9
TTC9B,13725,TTC9B
TTC9C,10699,TTC9C
TTF2,4630,TTF2
TTI1,2519,TTI1
TTI2,6174,TTI2
TTK,4102,TTK
TTL,4351,TTL
TTLL1,2240,TTLL1
TTLL10,10765,TTLL10
TTLL11,13962,TTLL11
TTLL12,2256,TTLL12
TTLL13,22570,TTLL13P
TTLL2,5052,TTLL2
TTLL3,22847,TTLL3
TTLL4,7173,TTLL4
TTLL6,12894,TTLL6
TTLL7,7570,TTLL7
TTLL8,7759,TTLL8
TTLL9,6390,TTLL9
TTN,9893,TTN
TTPA,7495,TTPA
TTPAL,5457,TTPAL
TTR,4795,TTR
TTYH1,12143,TTYH1
TTYH2,8134,TTYH2
TTYH3,7263,TTYH3
TUB,11850,TUB
TUBA1A,12126,TUBA1A
TUBA1B,5386,TUBA1B
TUBA1C,12127,TUBA1C
TUBA3C,17656,TUBA3C
TUBA4A,5953,TUBA4A
TUBA8,15608,TUBA8
TUBAL3,14511,TUBAL3
TUBB,17066,TUBB
TUBB1,2453,TUBB1
TUBB2A,7446,TUBB2A
TUBB2B,7452,TUBB2B
TUBB3,46027,TUBB3
TUBB4A,2974,TUBB4A
TUBB4B,16692,TUBB4B
TUBB6,14004,TUBB6
TUBD1,3525,TUBD1
TUBE1,1280,TUBE1
TUBG1,6453,TUBG1
TUBG2,535,TUBG2
TUBGCP2,6304,TUBGCP2
TUBGCP3,5796,TUBGCP3
TUBGCP4,7549,TUBGCP4
TUBGCP5,56090,TUBGCP5
TUBGCP6,5987,TUBGCP6
TUFM,14596,TUFM
TUFT1,8376,TUFT1
TUG1,42269,TUG1
TULP1,3993,TULP1
TULP2,2963,TULP2
TULP3,1416,TULP3
TULP4,6253,TULP4
TUNAR,40087,TUNAR
TUSC1,17854,TUSC1
TUSC2,4280,TUSC2
TUSC3,2952,TUSC3
TUT1,9160,TUT1
TUT4,6951,TUT4
TUT7,1589,TUT7
TVP23A,11915,TVP23A
TWF1,9382,TWF1
TWF2,38577,TWF2
TWIST1,5296,TWIST1
TWIST2,32467,TWIST2
TWNK,3452,TWNK
TWSG1,6073,TWSG1
TXK,1282,TXK
TXLNA,1633,TXLNA
TXLNB,11362,TXLNB
TXLNG,1705,TXLNG
TXN,7339,TXN
TXN2,2276,TXN2
TXNDC11,9620,TXNDC11
TXNDC12,4762,TXNDC12
TXNDC15,4208,TXNDC15
TXNDC16,1740,TXNDC16
TXNDC17,6123,TXNDC17
TXNDC5,36077,TXNDC5
TXNDC8,19841,TXNDC8
TXNDC9,4440,TXNDC9
TXNIP,50400,TXNIP
TXNL1,1920,TXNL1
TXNL4A,8174,TXNL4A
TXNL4B,8023,TXNL4B
TXNRD1,17775,TXNRD1
TXNRD2,15767,TXNRD2
TXNRD3,17561,TXNRD3
TYK2,3098,TYK2
TYMP,447,TYMP
TYMS,14184,TYMS
TYR,1388,TYR
TYRO3,1974,TYRO3
TYROBP,306,TYROBP
TYRP1,3394,TYRP1
TYSND1,10004,TYSND1
TYW3,10785,TYW3
TYW5,10883,TYW5
U2AF1,10448,U2AF1
U2AF1L4,10599,U2AF1L4
U2AF2,857,U2AF2
U2SURP,11116,U2SURP
UACA,7552,UACA
UAP1,4673,UAP1
UAP1L1,17431,UAP1L1
UBA1,6376,UBA1
UBA2,5809,UBA2
UBA3,8614,UBA3
UBA5,1534,UBA5
UBA52,24766,UBA52
UBA6,502,UBA6
UBA7,15207,UBA7
UBAC1,6292,UBAC1
UBAC2,6980,UBAC2
UBALD1,9662,UBALD1
UBALD2,15966,UBALD2
UBAP1,11507,UBAP1
UBAP1L,38534,UBAP1L
UBAP2,7404,UBAP2
UBAP2L,8431,UBAP2L
UBASH3A,10440,UBASH3A
UBASH3B,9729,UBASH3B
UBB,12798,UBB
UBC,9352,UBC
UBD,22775,UBD
UBE2A,1396,UBE2A
UBE2B,4872,UBE2B
UBE2C,13824,UBE2C
UBE2D1,1190,UBE2D1
UBE2D2,6468,UBE2D2
UBE2D3,3660,UBE2D3
UBE2E1,12755,UBE2E1
UBE2E2,15223,UBE2E2
UBE2E3,12737,UBE2E3
UBE2F,15694,UBE2F
UBE2G1,6581,UBE2G1
UBE2G2,15837,UBE2G2
UBE2H,16316,UBE2H
UBE2I,2796,UBE2I
UBE2J1,17933,UBE2J1
UBE2J2,10424,UBE2J2
UBE2K,1412,UBE2K
UBE2L6,10010,UBE2L6
UBE2M,6327,UBE2M
UBE2N,14407,UBE2N
UBE2O,13995,UBE2O
UBE2Q1,10526,UBE2Q1
UBE2Q2,7952,UBE2Q2
UBE2QL1,23293,UBE2QL1
UBE2R2,3412,UBE2R2
UBE2T,1371,UBE2T
UBE2V1,38349,UBE2V1
UBE2V2,12532,UBE2V2
UBE2W,2906,UBE2W
UBE2Z,10319,UBE2Z
UBE3A,4251,UBE3A
UBE3B,9373,UBE3B
UBE3C,232,UBE3C
UBE4A,3770,UBE4A
UBE4B,6367,UBE4B
UBFD1,2806,UBFD1
UBIAD1,5120,UBIAD1
UBL3,5230,UBL3
UBL4A,2640,UBL4A
UBL4B,16201,UBL4B
UBL5,17730,UBL5
UBL7,7698,UBL7
UBLCP1,11335,UBLCP1
UBN1,4854,UBN1
UBN2,10138,UBN2
UBOX5,15899,UBOX5
UBP1,9671,UBP1
UBQLN1,7000,UBQLN1
UBQLN2,16640,UBQLN2
UBQLN3,13917,UBQLN3
UBQLN4,10542,UBQLN4
UBR1,10362,UBR1
UBR2,438,UBR2
UBR3,8555,UBR3
UBR4,5923,UBR4
UBR5,2931,UBR5
UBR7,322,UBR7
UBTD1,11711,UBTD1
UBTD2,12317,UBTD2
UBTF,3509,UBTF
UBTFL1,43707,UBTFL1
UBXN1,10697,UBXN1
UBXN10,10761,UBXN10
UBXN11,10178,UBXN11
UBXN2A,13630,UBXN2A
UBXN2B,23254,UBXN2B
UBXN4,8538,UBXN4
UBXN6,12166,UBXN6
UBXN7,11197,UBXN7
UBXN8,2948,UBXN8
UCHL1,9755,UCHL1
UCHL5,4615,UCHL5
UCK1,6323,UCK1
UCK2,8334,UCK2
UCKL1,17735,UCKL1
UCMA,11645,UCMA
UCN,11137,UCN
UCN2,8654,UCN2
UCN3,14514,UCN3
UCP1,3664,UCP1
UCP2,13926,UCP2
UCP3,13925,UCP3
UEVLD,9368,UEVLD
UFC1,8346,UFC1
UFD1,1092,UFD1
UFL1,345,UFL1
UFM1,5079,UFM1
UFSP1,14029,UFSP1
UFSP2,3702,UFSP2
UGCG,9054,UGCG
UGDH,3707,UGDH
UGGT1,7329,UGGT1
UGGT2,2688,UGGT2
UGP2,12677,UGP2
UGT1A1,37057,UGT1A1
UGT2A1,13562,UGT2A1
UGT2A2,53281,UGT2A2
UGT8,13740,UGT8
UHMK1,9527,UHMK1
UHRF1,56221,UHRF1
UHRF2,9028,UHRF2
UIMC1,1729,UIMC1
ULK1,14251,ULK1
ULK2,1590,ULK2
ULK3,7976,ULK3
ULK4,12273,ULK4
UMAD1,23981,UMAD1
UMOD,12585,UMOD
UMODL1,14299,UMODL1
UMPS,4294,UMPS
UNC119,3634,UNC119
UNC119B,13999,UNC119B
UNC13A,6273,UNC13A
UNC13B,17874,UNC13B
UNC13C,7531,UNC13C
UNC13D,1987,UNC13D
UNC45A,7996,UNC45A
UNC45B,8073,UNC45B
UNC50,4428,UNC50
UNC5A,4228,UNC5A
UNC5B,3440,UNC5B
UNC5C,15202,UNC5C
UNC5CL,5556,UNC5CL
UNC5D,10018,UNC5D
UNC79,6813,UNC79
UNC80,8562,UNC80
UNC93B1,3736,UNC93B1
UNCX,11464,UNCX
UNG,1339,UNG
UNK,6601,UNK
UNKL,796,UNKL
UPB1,2161,UPB1
UPF1,73,UPF1
UPF2,9410,UPF2
UPF3A,12513,UPF3A
UPF3B,5632,UPF3B
UPK1A,3160,UPK1A
UPK1B,4305,UPK1B
UPK2,3772,UPK2
UPK3A,2288,UPK3A
UPK3B,37861,UPK3B
UPP1,15578,UPP1
UPP2,162,UPP2
UPRT,2007,UPRT
UQCC1,2427,UQCC1
UQCC2,7453,UQCC2
UQCC3,20120,UQCC3
UQCR10,15670,UQCR10
UQCR11,5934,UQCR11
UQCRC1,250,UQCRC1
UQCRC2,8015,UQCRC2
UQCRQ,11354,UQCRQ
URB1,8214,URB1
URB2,7148,URB2
URGCP,3334,URGCP
URI1,3044,URI1
URM1,12037,URM1
UROC1,10379,UROC1
UROD,5790,UROD
UROS,16808,UROS
USB1,2741,USB1
USE1,711,USE1
USF1,10266,USF1
USF2,3172,USF2
USF3,14115,USF3
USH1C,144,USH1C
USH1G,15173,USH1G
USH2A,589,USH2A
USHBP1,6247,USHBP1
USO1,7736,USO1
USP1,10778,USP1
USP10,2775,USP10
USP11,2647,USP11
USP12,9550,USP12
USP13,779,USP13
USP14,2550,USP14
USP15,7130,USP15
USP16,9967,USP16
USP18,15881,USP18
USP19,13220,USP19
USP2,533,USP2
USP20,7367,USP20
USP21,8354,USP21
USP22,5522,USP22
USP24,10728,USP24
USP25,9865,USP25
USP27X,54805,USP27X
USP28,634,USP28
USP3,7969,USP3
USP30,7015,USP30
USP31,2813,USP31
USP33,1376,USP33
USP34,4432,USP34
USP35,4803,USP35
USP36,749,USP36
USP37,7174,USP37
USP38,12768,USP38
USP39,12465,USP39
USP4,4272,USP4
USP40,1678,USP40
USP42,3294,USP42
USP43,9824,USP43
USP44,7203,USP44
USP45,5399,USP45
USP46,3648,USP46
USP47,12777,USP47
USP48,1895,USP48
USP49,11414,USP49
USP5,3924,USP5
USP50,12776,USP50
USP51,38588,USP51
USP53,8699,USP53
USP54,11836,USP54
USP6NL,9098,USP6NL
USP7,16510,USP7
USP8,7685,USP8
USP9X,5532,USP9X
USP9Y,4278,USP9Y
USPL1,6688,USPL1
UST,3986,UST
UTP11,15525,UTP11
UTP15,11337,UTP15
UTP18,288,UTP18
UTP20,5099,UTP20
UTP23,9014,UTP23
UTP25,4736,UTP25
UTP3,6597,UTP3
UTP4,8066,UTP4
UTP6,3566,UTP6
UTRN,9591,UTRN
UVRAG,17761,UVRAG
UVSSA,11190,UVSSA
UXS1,4466,UXS1
UXT,5848,UXT
VAC14,2750,VAC14
VAMP1,7787,VAMP1
VAMP2,24062,VAMP2
VAMP3,656,VAMP3
VAMP4,4727,VAMP4
VAMP5,12470,VAMP5
VAMP8,4834,VAMP8
VANGL1,13481,VANGL1
VANGL2,10823,VANGL2
VAPA,2551,VAPA
VAPB,5468,VAPB
VARS2,7466,VARS2
VASH1,1152,VASH1
VASH2,8412,VASH2
VASN,12301,VASN
VASP,5706,VASP
VAT1,3595,VAT1
VAT1L,13138,VAT1L
VAV1,8187,VAV1
VAV2,10471,VAV2
VAV3,6857,VAV3
VAX1,9129,VAX1
VAX2,4522,VAX2
VBP1,9926,VBP1
VCAM1,10805,VCAM1
VCAN,551,VCAN
VCL,518,VCL
VCP,11573,VCP
VCPIP1,13827,VCPIP1
VCPKMT,2323,VCPKMT
VDAC1,22621,VDAC1
VDAC2,11651,VDAC2
VDAC3,1432,VDAC3
VDR,3896,VDR
VEGFA,4100,VEGFA
VEGFB,13540,VEGFB
VEGFC,9319,VEGFC
VEGFD,11556,VEGFD
VEPH1,17451,VEPH1
VEZF1,7283,VEZF1
VEZT,469,VEZT
VGF,6036,VGF
VGLL2,12762,VGLL2
VGLL3,20473,VGLL3
VGLL4,8582,VGLL4
VHL,6837,VHL
VIL1,5954,VIL1
VILL,7212,VILL
VIM,452,VIM
VIP,8855,VIP
VIPAS39,9408,VIPAS39
VIPR1,4331,VIPR1
VIPR2,3244,VIPR2
VIRMA,11492,VIRMA
VIT,20205,VIT
VKORC1,12095,VKORC1
VKORC1L1,17237,VKORC1L1
VLDLR,9026,VLDLR
VMA21,10431,VMA21
VMAC,16534,VMAC
VMO1,15361,VMO1
VMP1,846,VMP1
VNN1,4041,VNN1
VOPP1,9832,VOPP1
VPREB3,5992,VPREB3
VPS11,10522,VPS11
VPS13A,17632,VPS13A
VPS13B,6613,VPS13B
VPS13C,6094,VPS13C
VPS13D,647,VPS13D
VPS16,23326,VPS16
VPS18,2880,VPS18
VPS25,6459,VPS25
VPS26A,5329,VPS26A
VPS26B,9421,VPS26B
VPS26C,10116,VPS26C
VPS28,10560,VPS28
VPS29,3862,VPS29
VPS33A,7874,VPS33A
VPS33B,15666,VPS33B
VPS35,1070,VPS35
VPS35L,2836,VPS35L
VPS36,7216,VPS36
VPS37A,9932,VPS37A
VPS37B,7875,VPS37B
VPS37C,12256,VPS37C
VPS37D,14097,VPS37D
VPS39,11972,VPS39
VPS41,153,VPS41
VPS45,7310,VPS45
VPS4A,6624,VPS4A
VPS4B,4917,VPS4B
VPS50,56,VPS50
VPS51,9267,VPS51
VPS52,25472,VPS52
VPS53,8080,VPS53
VPS54,8498,VPS54
VPS72,10940,VPS72
VPS8,10043,VPS8
VPS9D1,1305,VPS9D1
VRK1,2380,VRK1
VRK2,467,VRK2
VRK3,3027,VRK3
VRTN,6816,VRTN
VSIG1,2574,VSIG1
VSIG10,14171,VSIG10
VSIG10L,16356,VSIG10L
VSIG2,386,VSIG2
VSIG8,37738,VSIG8
VSIR,3442,VSIR
VSNL1,10905,VSNL1
VSTM2A,12823,VSTM2A
VSTM2B,16441,VSTM2B
VSTM2L,6665,VSTM2L
VSTM4,11650,VSTM4
VSTM5,22999,VSTM5
VSX1,2419,VSX1
VSX2,4924,VSX2
VTA1,241,VTA1
VTCN1,6871,VTCN1
VTI1A,9423,VTI1A
VTI1B,2341,VTI1B
VTN,3627,VTN
VWA1,14692,VWA1
VWA2,11699,VWA2
VWA3A,13868,VWA3A
VWA3B,12415,VWA3B
VWA5B1,10275,VWA5B1
VWA5B2,8668,VWA5B2
VWA7,19919,VWA7
VWA8,2699,VWA8
VWC2,16819,VWC2
VWC2L,13710,VWC2L
VWCE,12257,VWCE
VWF,3811,VWF
VXN,12520,VXN
WAC,2043,WAC
WAPL,845,WAPL
WARS2,4636,WARS2
WAS,357,WAS
WASF1,4037,WASF1
WASF2,10196,WASF2
WASF3,6695,WASF3
WASHC3,5106,WASHC3
WASHC4,7210,WASHC4
WASHC5,11497,WASHC5
WASL,3282,WASL
WBP1,36287,WBP1
WBP1L,11816,WBP1L
WBP2,6599,WBP2
WBP2NL,15418,WBP2NL
WBP4,5080,WBP4
WDCP,10903,WDCP
WDFY1,1657,WDFY1
WDFY2,7866,WDFY2
WDFY3,11080,WDFY3
WDFY4,6075,WDFY4
WDHD1,17813,WDHD1
WDPCP,8497,WDPCP
WDR1,1146,WDR1
WDR11,4996,WDR11
WDR12,7673,WDR12
WDR13,2595,WDR13
WDR17,9317,WDR17
WDR18,918,WDR18
WDR19,10144,WDR19
WDR24,5939,WDR24
WDR25,14104,WDR25
WDR26,10870,WDR26
WDR27,15766,WDR27
WDR3,916,WDR3
WDR31,9065,WDR31
WDR33,7323,WDR33
WDR35,4861,WDR35
WDR36,6997,WDR36
WDR37,613,WDR37
WDR38,7375,WDR38
WDR4,10444,WDR4
WDR41,11305,WDR41
WDR43,11145,WDR43
WDR44,6487,WDR44
WDR45,17317,WDR45
WDR45B,8150,WDR45B
WDR46,27956,WDR46
WDR47,1656,WDR47
WDR48,4318,WDR48
WDR49,13765,WDR49
WDR5,17109,WDR5
WDR53,16095,WDR53
WDR54,97,WDR54
WDR55,5036,WDR55
WDR59,2760,WDR59
WDR5B,17314,WDR5B
WDR6,14478,WDR6
WDR62,1320,WDR62
WDR64,10849,WDR64
WDR7,1919,WDR7
WDR70,1554,WDR70
WDR72,11855,WDR72
WDR73,14233,WDR73
WDR74,6749,WDR74
WDR75,4418,WDR75
WDR76,1975,WDR76
WDR77,4569,WDR77
WDR81,12180,WDR81
WDR82,11245,WDR82
WDR83,5353,WDR83
WDR83OS,3138,WDR83OS
WDR86,16471,WDR86
WDR89,7911,WDR89
WDR90,10671,WDR90
WDR91,3210,WDR91
WDR93,7990,WDR93
WDSUB1,17036,WDSUB1
WDTC1,8285,WDTC1
WEE1,11877,WEE1
WEE2,22883,WEE2
WFDC1,2772,WFDC1
WFDC5,13838,WFDC5
WFDC9,14837,WFDC9
WFIKKN1,5938,WFIKKN1
WFIKKN2,13585,WFIKKN2
WFS1,3673,WFS1
WHAMM,9963,WHAMM
WHRN,2028,WHRN
WIF1,9944,WIF1
WIPF1,4502,WIPF1
WIPF2,13075,WIPF2
WIPF3,5283,WIPF3
WIPI1,1118,WIPI1
WIPI2,10163,WIPI2
WIZ,298,WIZ
WLS,4609,WLS
WNK1,810,WNK1
WNK2,11563,WNK2
WNK3,17208,WNK3
WNK4,5835,WNK4
WNT1,5609,WNT1
WNT10A,7180,WNT10A
WNT10B,12699,WNT10B
WNT11,1669,WNT11
WNT16,26,WNT16
WNT2,3233,WNT2
WNT2B,6863,WNT2B
WNT3,3516,WNT3
WNT3A,9763,WNT3A
WNT4,10764,WNT4
WNT5A,4266,WNT5A
WNT5B,3852,WNT5B
WNT6,4457,WNT6
WNT7A,9808,WNT7A
WNT7B,16653,WNT7B
WNT8A,828,WNT8A
WNT8B,1298,WNT8B
WNT9A,8474,WNT9A
WNT9B,10290,WNT9B
WRAP53,8123,WRAP53
WRAP73,4551,WRAP73
WRN,11593,WRN
WRNIP1,5541,WRNIP1
WSB1,3620,WSB1
WSB2,14179,WSB2
WSCD1,14677,WSCD1
WSCD2,1283,WSCD2
WT1,15873,WT1
WTAP,8853,WTAP
WTIP,8223,WTIP
WWC1,4211,WWC1
WWC2,9452,WWC2
WWOX,16203,WWOX
WWP1,5346,WWP1
WWP2,17759,WWP2
WWTR1,379,WWTR1
XAB2,1359,XAB2
XBP1,2222,XBP1
XCR1,13555,XCR1
XDH,10188,XDH
XIAP,2600,XIAP
XIRP1,12345,XIRP1
XIRP2,10920,XIRP2
XK,624,XK
XKR4,20483,XKR4
XKR5,55937,XKR5
XKR6,12970,XKR6
XKR7,47579,XKR7
XKR8,10189,XKR8
XKR9,24751,XKR9
XKRX,15278,XKRX
XPA,7384,XPA
XPC,9809,XPC
XPNPEP1,3485,XPNPEP1
XPNPEP2,5234,XPNPEP2
XPNPEP3,17069,XPNPEP3
XPO1,1580,XPO1
XPO4,6689,XPO4
XPO5,5549,XPO5
XPO6,12538,XPO6
XPO7,6233,XPO7
XPOT,15792,XPOT
XPR1,8366,XPR1
XRCC1,1216,XRCC1
XRCC2,17194,XRCC2
XRCC3,5795,XRCC3
XRCC4,9537,XRCC4
XRCC5,1453,XRCC5
XRCC6,17137,XRCC6
XRN1,4260,XRN1
XRN2,1800,XRN2
XRRA1,11859,XRRA1
XXYLT1,13628,XXYLT1
XYLB,2001,XYLB
XYLT1,2823,XYLT1
XYLT2,362,XYLT2
YAE1,36844,YAE1
YAF2,355,YAF2
YAP1,7513,YAP1
YARS2,7770,YARS2
YBEY,15253,YBEY
YBX1,953,YBX1
YBX2,119,YBX2
YBX3,808,YBX3
YDJC,10591,YDJC
YEATS2,11163,YEATS2
YEATS4,5908,YEATS4
YES1,14025,YES1
YIF1A,13781,YIF1A
YIF1B,12157,YIF1B
YIPF1,792,YIPF1
YIPF2,6330,YIPF2
YIPF3,7435,YIPF3
YIPF4,4967,YIPF4
YIPF5,8752,YIPF5
YIPF6,15105,YIPF6
YIPF7,14385,YIPF7
YJEFN3,39884,YJEFN3
YJU2,3061,YJU2
YKT6,3344,YKT6
YLPM1,4921,YLPM1
YME1L1,7334,YME1L1
YOD1,14921,YOD1
YPEL1,2162,YPEL1
YPEL2,13843,YPEL2
YPEL3,1867,YPEL3
YPEL4,11939,YPEL4
YPEL5,4965,YPEL5
YRDC,17148,YRDC
YTHDC1,1615,YTHDC1
YTHDC2,614,YTHDC2
YTHDF1,9254,YTHDF1
YTHDF2,17794,YTHDF2
YTHDF3,16080,YTHDF3
YWHAB,11981,YWHAB
YWHAE,3613,YWHAE
YWHAG,12736,YWHAG
YWHAH,5995,YWHAH
YWHAZ,11483,YWHAZ
YY1,2387,YY1
ZAP70,4360,ZAP70
ZAR1L,16938,ZAR1L
ZBED3,6673,ZBED3
ZBED4,2307,ZBED4
ZBTB1,5860,ZBTB1
ZBTB10,20198,ZBTB10
ZBTB11,973,ZBTB11
ZBTB12,19902,ZBTB12
ZBTB14,17673,ZBTB14
ZBTB16,3715,ZBTB16
ZBTB17,4626,ZBTB17
ZBTB18,14705,ZBTB18
ZBTB2,15070,ZBTB2
ZBTB20,15108,ZBTB20
ZBTB21,13500,ZBTB21
ZBTB22,34171,ZBTB22
ZBTB24,4057,ZBTB24
ZBTB25,1852,ZBTB25
ZBTB26,13065,ZBTB26
ZBTB3,16067,ZBTB3
ZBTB32,305,ZBTB32
ZBTB33,14324,ZBTB33
ZBTB34,14243,ZBTB34
ZBTB37,15974,ZBTB37
ZBTB38,14283,ZBTB38
ZBTB39,11964,ZBTB39
ZBTB4,13678,ZBTB4
ZBTB40,15816,ZBTB40
ZBTB41,14406,ZBTB41
ZBTB42,14732,ZBTB42
ZBTB43,12534,ZBTB43
ZBTB44,17095,ZBTB44
ZBTB45,4920,ZBTB45
ZBTB46,6294,ZBTB46
ZBTB48,20099,ZBTB48
ZBTB49,12454,ZBTB49
ZBTB5,12445,ZBTB5
ZBTB6,16194,ZBTB6
ZBTB7A,14595,ZBTB7A
ZBTB7B,10519,ZBTB7B
ZBTB7C,15845,ZBTB7C
ZBTB8A,10421,ZBTB8A
ZBTB8B,54472,ZBTB8B
ZBTB8OS,14063,ZBTB8OS
ZBTB9,22623,ZBTB9
ZC2HC1A,2921,ZC2HC1A
ZC2HC1B,4814,ZC2HC1B
ZC2HC1C,4946,ZC2HC1C
ZC3H10,7098,ZC3H10
ZC3H12A,11165,ZC3H12A
ZC3H12B,2619,ZC3H12B
ZC3H12C,9192,ZC3H12C
ZC3H12D,14465,ZC3H12D
ZC3H13,5360,ZC3H13
ZC3H14,2375,ZC3H14
ZC3H15,934,ZC3H15
ZC3H18,10240,ZC3H18
ZC3H3,347,ZC3H3
ZC3H4,6334,ZC3H4
ZC3H6,16681,ZC3H6
ZC3H7A,5251,ZC3H7A
ZC3H7B,2298,ZC3H7B
ZC3H8,8531,ZC3H8
ZC3HAV1,3220,ZC3HAV1
ZC3HAV1L,8897,ZC3HAV1L
ZC3HC1,1942,ZC3HC1
ZC4H2,5882,ZC4H2
ZCCHC10,9867,ZCCHC10
ZCCHC13,16623,ZCCHC13
ZCCHC14,8042,ZCCHC14
ZCCHC17,5195,ZCCHC17
ZCCHC2,8159,ZCCHC2
ZCCHC24,11599,ZCCHC24
ZCCHC3,38559,ZCCHC3
ZCCHC4,12312,ZCCHC4
ZCCHC7,9039,ZCCHC7
ZCCHC8,497,ZCCHC8
ZCCHC9,6489,ZCCHC9
ZCRB1,7780,ZCRB1
ZCWPW1,1426,ZCWPW1
ZCWPW2,20477,ZCWPW2
ZDHHC1,10387,ZDHHC1
ZDHHC12,10497,ZDHHC12
ZDHHC13,14230,ZDHHC13
ZDHHC14,13821,ZDHHC14
ZDHHC15,2666,ZDHHC15
ZDHHC16,13036,ZDHHC16
ZDHHC17,16385,ZDHHC17
ZDHHC18,19826,ZDHHC18
ZDHHC19,11195,ZDHHC19
ZDHHC2,2888,ZDHHC2
ZDHHC20,14941,ZDHHC20
ZDHHC21,13988,ZDHHC21
ZDHHC22,14240,ZDHHC22
ZDHHC23,15728,ZDHHC23
ZDHHC24,13660,ZDHHC24
ZDHHC3,11146,ZDHHC3
ZDHHC4,7251,ZDHHC4
ZDHHC5,10011,ZDHHC5
ZDHHC6,421,ZDHHC6
ZDHHC7,9682,ZDHHC7
ZDHHC8,2133,ZDHHC8
ZDHHC9,16812,ZDHHC9
ZEB1,9110,ZEB1
ZEB2,12625,ZEB2
ZER1,10496,ZER1
ZFAND1,2891,ZFAND1
ZFAND2A,14492,ZFAND2A
ZFAND2B,10241,ZFAND2B
ZFAND3,10013,ZFAND3
ZFAND4,13364,ZFAND4
ZFAND5,3415,ZFAND5
ZFAND6,1703,ZFAND6
ZFAT,987,ZFAT
ZFC3H1,6803,ZFC3H1
ZFHX2,7270,ZFHX2
ZFHX3,8026,ZFHX3
ZFHX4,1939,ZFHX4
ZFP1,15780,ZFP1
ZFP14,8197,ZFP14
ZFP2,18000,ZFP2
ZFP28,17280,ZFP28
ZFP3,14944,ZFP3
ZFP30,5097,ZFP30
ZFP36,5980,ZFP36
ZFP36L1,16058,ZFP36L1
ZFP36L2,9554,ZFP36L2
ZFP37,7358,ZFP37
ZFP41,15096,ZFP41
ZFP42,14624,ZFP42
ZFP62,17225,ZFP62
ZFP64,399,ZFP64
ZFP69,16584,ZFP69
ZFP82,14992,ZFP82
ZFP90,15874,ZFP90
ZFP91,16330,ZFP91
ZFP92,16998,ZFP92
ZFPL1,10707,ZFPL1
ZFPM1,14723,ZFPM1
ZFPM2,12717,ZFPM2
ZFR,758,ZFR
ZFR2,3068,ZFR2
ZFTA,16655,C11orf95
ZFX,110,ZFX
ZFYVE1,11706,ZFYVE1
ZFYVE19,11773,ZFYVE19
ZFYVE21,2372,ZFYVE21
ZFYVE26,1177,ZFYVE26
ZFYVE27,9858,ZFYVE27
ZFYVE28,10390,ZFYVE28
ZFYVE9,10062,ZFYVE9
ZG16,13815,ZG16
ZGLP1,24060,ZGLP1
ZGPAT,17355,ZGPAT
ZHX1,11541,ZHX1
ZHX2,14562,ZHX2
ZHX3,13680,ZHX3
ZIC1,9607,ZIC1
ZIC2,596,ZIC2
ZIC3,10041,ZIC3
ZIC4,13809,ZIC4
ZIC5,7885,ZIC5
ZIK1,13123,ZIK1
ZKSCAN1,3276,ZKSCAN1
ZKSCAN2,9887,ZKSCAN2
ZKSCAN5,17214,ZKSCAN5
ZKSCAN7,17102,ZKSCAN7
ZKSCAN8,17744,ZKSCAN8
ZMAT1,11858,ZMAT1
ZMAT2,8789,ZMAT2
ZMAT3,13363,ZMAT3
ZMAT4,11517,ZMAT4
ZMAT5,2262,ZMAT5
ZMIZ1,3494,ZMIZ1
ZMIZ2,5274,ZMIZ2
ZMPSTE24,1619,ZMPSTE24
ZMYM1,17335,ZMYM1
ZMYM2,5189,ZMYM2
ZMYM3,8931,ZMYM3
ZMYM4,8854,ZMYM4
ZMYM5,6687,ZMYM5
ZMYM6,11161,ZMYM6
ZMYND10,62,ZMYND10
ZMYND11,356,ZMYND11
ZMYND12,963,ZMYND12
ZMYND15,8122,ZMYND15
ZMYND19,11677,ZMYND19
ZMYND8,2428,ZMYND8
ZNF106,2864,ZNF106
ZNF112,840,ZNF112
ZNF12,11406,ZNF12
ZNF131,13269,ZNF131
ZNF142,4452,ZNF142
ZNF143,11874,ZNF143
ZNF146,12152,ZNF146
ZNF148,11158,ZNF148
ZNF169,13970,ZNF169
ZNF174,2804,ZNF174
ZNF18,9830,ZNF18
ZNF180,12090,ZNF180
ZNF182,8925,ZNF182
ZNF189,7362,ZNF189
ZNF2,55641,ZNF2
ZNF202,11810,ZNF202
ZNF205,5259,ZNF205
ZNF207,249,ZNF207
ZNF212,12780,ZNF212
ZNF213,1664,ZNF213
ZNF217,13192,ZNF217
ZNF219,11693,ZNF219
ZNF22,11623,ZNF22
ZNF23,12087,ZNF23
ZNF236,6362,ZNF236
ZNF24,13328,ZNF24
ZNF248,17683,ZNF248
ZNF25,13896,ZNF25
ZNF250,17035,ZNF250
ZNF251,17704,ZNF251
ZNF260,42836,ZNF260
ZNF263,127,ZNF263
ZNF266,13744,ZNF266
ZNF276,10271,ZNF276
ZNF277,17938,ZNF277
ZNF280B,55568,ZNF280B
ZNF280C,759,ZNF280C
ZNF280D,7562,ZNF280D
ZNF281,10809,ZNF281
ZNF282,12783,ZNF282
ZNF286A,16522,ZNF286A
ZNF287,8063,ZNF287
ZNF292,16889,ZNF292
ZNF296,12891,ZNF296
ZNF316,20383,ZNF316
ZNF317,6348,ZNF317
ZNF318,13073,ZNF318
ZNF319,11792,ZNF319
ZNF32,12668,ZNF32
ZNF322,15044,ZNF322
ZNF326,10798,ZNF326
ZNF329,15142,ZNF329
ZNF330,3666,ZNF330
ZNF334,17711,ZNF334
ZNF335,17654,ZNF335
ZNF341,6395,ZNF341
ZNF346,4227,ZNF346
ZNF35,12727,ZNF35
ZNF354A,12530,ZNF354A
ZNF354B,14486,ZNF354B
ZNF354C,14410,ZNF354C
ZNF358,17923,ZNF358
ZNF362,10425,ZNF362
ZNF365,7644,ZNF365
ZNF366,14459,ZNF366
ZNF367,11565,ZNF367
ZNF382,10604,ZNF382
ZNF383,16703,ZNF383
ZNF384,5845,ZNF384
ZNF385A,10625,ZNF385A
ZNF385B,8551,ZNF385B
ZNF385C,16518,ZNF385C
ZNF394,10557,ZNF394
ZNF395,16388,ZNF395
ZNF397,16358,ZNF397
ZNF398,17326,ZNF398
ZNF407,23366,ZNF407
ZNF408,13858,ZNF408
ZNF410,4955,ZNF410
ZNF414,6742,ZNF414
ZNF423,2731,ZNF423
ZNF426,6354,ZNF426
ZNF428,6407,ZNF428
ZNF436,5764,ZNF436
ZNF438,15550,ZNF438
ZNF444,12170,ZNF444
ZNF445,15953,ZNF445
ZNF449,13499,ZNF449
ZNF45,5527,ZNF45
ZNF451,4019,ZNF451
ZNF454,14462,ZNF454
ZNF462,9052,ZNF462
ZNF467,15065,ZNF467
ZNF474,11288,ZNF474
ZNF48,14806,ZNF48
ZNF483,13491,ZNF483
ZNF488,50273,ZNF488
ZNF496,10813,ZNF496
ZNF503,11656,ZNF503
ZNF507,12451,ZNF507
ZNF511,17809,ZNF511
ZNF512,38016,ZNF512
ZNF512B,17232,ZNF512B
ZNF513,11138,ZNF513
ZNF516,2546,ZNF516
ZNF518A,14398,ZNF518A
ZNF518B,14456,ZNF518B
ZNF521,17912,ZNF521
ZNF524,13062,ZNF524
ZNF526,12148,ZNF526
ZNF532,1269,ZNF532
ZNF536,17828,ZNF536
ZNF541,4779,ZNF541
ZNF551,19966,ZNF551
ZNF558,12207,ZNF558
ZNF566,16162,ZNF566
ZNF569,17146,ZNF569
ZNF574,3184,ZNF574
ZNF575,14103,ZNF575
ZNF579,23902,ZNF579
ZNF580,22306,ZNF580
ZNF583,17777,ZNF583
ZNF592,11924,ZNF592
ZNF593,8274,ZNF593
ZNF597,12252,ZNF597
ZNF598,12242,ZNF598
ZNF605,17152,ZNF605
ZNF606,11921,ZNF606
ZNF608,12476,ZNF608
ZNF609,14869,ZNF609
ZNF618,10133,ZNF618
ZNF622,13547,ZNF622
ZNF623,15479,ZNF623
ZNF627,17811,ZNF627
ZNF628,17477,ZNF628
ZNF629,2711,ZNF629
ZNF638,1299,ZNF638
ZNF639,5204,ZNF639
ZNF641,12118,ZNF641
ZNF644,5268,ZNF644
ZNF646,12094,ZNF646
ZNF648,14783,ZNF648
ZNF652,17885,ZNF652
ZNF653,10655,ZNF653
ZNF654,13834,ZNF654
ZNF655,17428,ZNF655
ZNF664,14657,ZNF664
ZNF667,17661,ZNF667
ZNF668,12093,ZNF668
ZNF672,13005,ZNF672
ZNF687,8379,ZNF687
ZNF688,29812,ZNF688
ZNF689,10031,ZNF689
ZNF691,11208,ZNF691
ZNF692,13006,ZNF692
ZNF697,8311,ZNF697
ZNF7,9022,ZNF7
ZNF703,15604,ZNF703
ZNF704,11419,ZNF704
ZNF706,5124,ZNF706
ZNF711,8944,ZNF711
ZNF740,7864,ZNF740
ZNF746,15031,ZNF746
ZNF750,8149,ZNF750
ZNF76,909,ZNF76
ZNF768,12721,ZNF768
ZNF770,17696,ZNF770
ZNF771,14793,ZNF771
ZNF777,17149,ZNF777
ZNF784,14782,ZNF784
ZNF786,17435,ZNF786
ZNF787,8232,ZNF787
ZNF791,13612,ZNF791
ZNF8,57566,ZNF8
ZNF800,640,ZNF800
ZNF804A,12819,ZNF804A
ZNF804B,15249,ZNF804B
ZNF821,2739,ZNF821
ZNF827,9431,ZNF827
ZNF830,17903,ZNF830
ZNF831,5479,ZNF831
ZNF839,420,ZNF839
ZNF853,34532,ZNF853
ZNF865,47820,ZNF865
ZNF879,32941,ZNF879
ZNFX1,5478,ZNFX1
ZNHIT1,3304,ZNHIT1
ZNHIT2,13676,ZNHIT2
ZNHIT3,54665,ZNHIT3
ZNHIT6,4680,ZNHIT6
ZNRD2,13534,SSSCA1
ZNRF1,16211,ZNRF1
ZNRF2,14846,ZNRF2
ZNRF3,15540,ZNRF3
ZP1,9221,ZP1
ZP2,2797,ZP2
ZPBP,590,ZPBP
ZPBP2,16174,ZPBP2
ZPLD1,12740,ZPLD1
ZPR1,3717,ZPR1
ZRANB1,395,ZRANB1
ZRANB2,6603,ZRANB2
ZRANB3,5221,ZRANB3
ZSCAN10,6223,ZSCAN10
ZSCAN12,10254,ZSCAN12
ZSCAN2,14081,ZSCAN2
ZSCAN20,5212,ZSCAN20
ZSCAN21,11889,ZSCAN21
ZSCAN22,15238,ZSCAN22
ZSCAN25,17327,ZSCAN25
ZSCAN26,17338,ZSCAN26
ZSCAN29,7935,ZSCAN29
ZSWIM1,12406,ZSWIM1
ZSWIM2,10899,ZSWIM2
ZSWIM3,6663,ZSWIM3
ZSWIM4,6531,ZSWIM4
ZSWIM5,10733,ZSWIM5
ZSWIM6,6271,ZSWIM6
ZSWIM7,23188,ZSWIM7
ZSWIM8,23080,ZSWIM8
ZSWIM9,16012,ZSWIM9
ZUP1,9707,ZUP1
ZW10,1709,ZW10
ZWILCH,13705,ZWILCH
ZXDC,1114,ZXDC
ZYG11A,19776,ZYG11A
ZYG11B,10719,ZYG11B
ZYX,10397,ZYX
ZZEF1,1274,ZZEF1
ZZZ3,531,AC118549.1
