sample_id,organ,series_group_id,split,label_evidence,series_id,source_name,title,single_cell_probability,tumor_like
GSM2850626,brain,GSE106810,calibration,source,GSE106810,brain,HumanCortex_AGO2RIP_B8_totalRNA,0.06779593229293823,False
GSM2850627,brain,GSE106810,calibration,source,GSE106810,brain,HumanCortex_AGO2RIP_B14_totalRNA,0.027615420520305634,False
GSM2850628,brain,GSE106810,calibration,source,GSE106810,brain,Glioblastoma_AGO2RIP_B6_totalRNA,0.08287299424409866,False
GSM2850629,brain,GSE106810,calibration,source,GSE106810,brain,Glioblastoma_AGO2RIP_B9_totalRNA,0.11200880259275436,False
GSM2850630,brain,GSE106810,calibration,source,GSE106810,brain,Glioblastoma_AGO2RIP_B10_totalRNA,0.10518229752779007,False
GSM2850631,brain,GSE106810,calibration,source,GSE106810,brain,Glioblastoma_AGO2RIP_B11_totalRNA,0.0268155075609684,False
GSM2850632,brain,GSE106810,calibration,source,GSE106810,brain,Glioblastoma_AGO2RIP_B13_totalRNA,0.03149973601102829,False
GSM2850633,brain,GSE106810,calibration,source,GSE106810,brain,HumanCortex_AGO2IN_B8_totalRNA,0.1197793185710907,False
GSM2850634,brain,GSE106810,calibration,source,GSE106810,brain,HumanCortex_AGO2IN_B14_totalRNA,0.07239241898059845,False
GSM2850635,brain,GSE106810,calibration,source,GSE106810,brain,Glioblastoma_AGO2IN_B6_totalRNA,0.13163891434669495,False
GSM2850636,brain,GSE106810,calibration,source,GSE106810,brain,Glioblastoma_AGO2IN_B9_totalRNA,0.18151305615901947,False
GSM2850637,brain,GSE106810,calibration,source,GSE106810,brain,Glioblastoma_AGO2IN_B10_totalRNA,0.18086659908294678,False
GSM2850638,brain,GSE106810,calibration,source,GSE106810,brain,Glioblastoma_AGO2IN_B11_totalRNA,0.061347465962171555,False
GSM2850639,brain,GSE106810,calibration,source,GSE106810,brain,Glioblastoma_AGO2IN_B13_totalRNA,0.06662813574075699,False
GSM3058369,brain,GSE112137,calibration,source,GSE112137,brain,Control_120hour_lane8_3,0.19908137619495392,False
GSM3058370,brain,GSE112137,calibration,source,GSE112137,brain,Control_120hour_lane6_3,0.17394006252288818,False
GSM3058376,brain,GSE112137,calibration,source,GSE112137,brain,Hypoxia_120hour_lane6_6,0.1678125262260437,False
GSM3058379,brain,GSE112137,calibration,source,GSE112137,brain,Control_48hour_lane6_8,0.17176471650600433,False
GSM3058381,brain,GSE112137,calibration,source,GSE112137,brain,Control_120hour_lane6_9,0.1678643375635147,False
GSM3058382,brain,GSE112137,calibration,source,GSE112137,brain,Control_120hour_lane8_9,0.20741340517997742,False
GSM3058383,brain,GSE112137,calibration,source,GSE112137,brain,Hypoxia_24hour_lane8_10,0.1232319325208664,False
GSM3058388,brain,GSE112137,calibration,source,GSE112137,brain,Hypoxia_120hour_lane6_12,0.19608940184116364,False
GSM3058390,brain,GSE112137,calibration,source,GSE112137,brain,Control_24hour_lane6_13,0.17621877789497375,False
GSM3058391,brain,GSE112137,calibration,source,GSE112137,brain,Control_48hour_lane8_14,0.1981848031282425,False
GSM3058393,brain,GSE112137,calibration,source,GSE112137,brain,Control_120hour_lane6_15,0.1791549026966095,False
GSM3058394,brain,GSE112137,calibration,source,GSE112137,brain,Control_120hour_lane8_15,0.18011786043643951,False
GSM3058396,brain,GSE112137,calibration,source,GSE112137,brain,Hypoxia_24hour_lane8_16,0.1557663530111313,False
GSM3058397,brain,GSE112137,calibration,source,GSE112137,brain,Hypoxia_48hour_lane7_17,0.13061991333961487,False
GSM3058400,brain,GSE112137,calibration,source,GSE112137,brain,Hypoxia_120hour_lane7_18,0.16372369229793549,False
GSM3058401,brain,GSE112137,calibration,source,GSE112137,brain,Control_24hour_lane7_19,0.1552550494670868,False
GSM3058405,brain,GSE112137,calibration,source,GSE112137,brain,Control_120hour_lane8_21,0.18662585318088531,False
GSM3058406,brain,GSE112137,calibration,source,GSE112137,brain,Control_120hour_lane7_21,0.17660745978355408,False
GSM3058408,brain,GSE112137,calibration,source,GSE112137,brain,Hypoxia_24hour_lane8_22,0.1275760978460312,False
GSM3058411,brain,GSE112137,calibration,source,GSE112137,brain,Hypoxia_120hour_lane8_24,0.18614087998867035,False
GSM3529838,brain,GSE124335,calibration,source,GSE124335,Healthy brain parenchyma,Pat1_GM_1_5.coutt.csv,0.45823928713798523,False
GSM3529840,brain,GSE124335,calibration,source,GSE124335,Healthy brain parenchyma,Pat1_WM_1_11.coutt.csv,0.4230223298072815,False
GSM3529841,brain,GSE124335,calibration,source,GSE124335,Healthy brain parenchyma,Pat1_WM_1_12.coutt.csv,0.4746238887310028,False
GSM3529842,brain,GSE124335,calibration,source,GSE124335,Healthy brain parenchyma,Pat2_GM_2_2.coutt.csv,0.28391018509864807,False
GSM3529843,brain,GSE124335,calibration,source,GSE124335,Healthy brain parenchyma,Pat2_WM_1_3.coutt.csv,0.37556329369544983,False
GSM3529845,brain,GSE124335,calibration,source,GSE124335,Healthy brain parenchyma,Pat3_GM_1_5.coutt.csv,0.26147809624671936,False
GSM3529846,brain,GSE124335,calibration,source,GSE124335,Healthy brain parenchyma,Pat3_GM_2_6.coutt.csv,0.3586926758289337,False
GSM3529847,brain,GSE124335,calibration,source,GSE124335,Healthy brain parenchyma,Pat3_WM_2_8.coutt.csv,0.26410627365112305,False
GSM3529850,brain,GSE124335,calibration,source,GSE124335,Healthy brain parenchyma,Pat4_Pl2_1_7.coutt.csv,0.3644493520259857,False
GSM3529853,brain,GSE124335,calibration,source,GSE124335,Healthy brain parenchyma,Pat5_2_2.coutt.csv,0.30440235137939453,False
GSM3678756,brain,GSE127898,calibration,source,GSE127898,22 Hypothalamus,HA32: 22 Hypothalamus,0.09729135781526566,False
GSM3678757,brain,GSE127898,calibration,source,GSE127898,22 Hypothalamus,HB32: 22 Hypothalamus,0.10304812341928482,False
GSM3678758,brain,GSE127898,calibration,source,GSE127898,22 Hypothalamus,HC32: 22 Hypothalamus,0.11756085604429245,False
GSM3678759,brain,GSE127898,calibration,source,GSE127898,22 Hypothalamus,HD32: 22 Hypothalamus,0.10743479430675507,False
GSM3678760,brain,GSE127898,calibration,source,GSE127898,19 Amygdala,HA33: 19 Amygdala,0.11597492545843124,False
GSM3678761,brain,GSE127898,calibration,source,GSE127898,19 Amygdala,HB33: 19 Amygdala,0.15156204998493195,False
GSM3678762,brain,GSE127898,calibration,source,GSE127898,19 Amygdala,HC33: 19 Amygdala,0.18383464217185974,False
GSM3678763,brain,GSE127898,calibration,source,GSE127898,19 Amygdala,HD33: 19 Amygdala,0.1667860895395279,False
GSM3678792,brain,GSE127898,calibration,source,GSE127898,21 Hippocampus,HA50: 21 Hippocampus,0.11154983937740326,False
GSM3678793,brain,GSE127898,calibration,source,GSE127898,21 Hippocampus,HB50: 21 Hippocampus,0.1512734293937683,False
GSM3678794,brain,GSE127898,calibration,source,GSE127898,21 Hippocampus,HC50: 21 Hippocampus,0.10026653856039047,False
GSM3678795,brain,GSE127898,calibration,source,GSE127898,21 Hippocampus,HD50: 21 Hippocampus,0.09604492783546448,False
GSM3900032,brain,GSE133101,calibration,source,GSE133101,Amygdala control,amy1: Amygdala control,0.2419232577085495,False
GSM3900033,brain,GSE133101,calibration,source,GSE133101,Amygdala control,amy2: Amygdala control,0.19566532969474792,False
GSM3900034,brain,GSE133101,calibration,source,GSE133101,Amygdala control,amy3: Amygdala control,0.2041844129562378,False
GSM3900035,brain,GSE133101,calibration,source,GSE133101,Amygdala control,amy4: Amygdala control,0.19268400967121124,False
GSM3900036,brain,GSE133101,calibration,source,GSE133101,Amygdala control,amy5: Amygdala control,0.19568924605846405,False
GSM3900038,brain,GSE133101,calibration,source,GSE133101,Amygdala control,amy7: Amygdala control,0.1976480484008789,False
GSM3900039,brain,GSE133101,calibration,source,GSE133101,Amygdala control,amy8: Amygdala control,0.18331687152385712,False
GSM3900040,brain,GSE133101,calibration,source,GSE133101,Amygdala parkinson's disease,amy9: Amygdala parkinson's disease,0.1929783970117569,False
GSM3900041,brain,GSE133101,calibration,source,GSE133101,Amygdala parkinson's disease,amy10: Amygdala parkinson's disease,0.20493559539318085,False
GSM3900042,brain,GSE133101,calibration,source,GSE133101,Amygdala parkinson's disease,amy11: Amygdala parkinson's disease,0.20620331168174744,False
GSM3900043,brain,GSE133101,calibration,source,GSE133101,Amygdala parkinson's disease,amy12: Amygdala parkinson's disease,0.2156660556793213,False
GSM3900044,brain,GSE133101,calibration,source,GSE133101,Amygdala parkinson's disease,amy13: Amygdala parkinson's disease,0.16897626221179962,False
GSM3900045,brain,GSE133101,calibration,source,GSE133101,Amygdala parkinson's disease,amy14: Amygdala parkinson's disease,0.1644202023744583,False
GSM3900046,brain,GSE133101,calibration,source,GSE133101,Amygdala parkinson's disease,amy15: Amygdala parkinson's disease,0.2089667171239853,False
GSM3900047,brain,GSE133101,calibration,source,GSE133101,Amygdala parkinson's disease,amy16: Amygdala parkinson's disease,0.18729792535305023,False
GSM3900049,brain,GSE133101,calibration,source,GSE133101,Amygdala parkinson's disease,amy18: Amygdala parkinson's disease,0.17529703676700592,False
GSM3900050,brain,GSE133101,calibration,source,GSE133101,Amygdala parkinson's disease,amy19: Amygdala parkinson's disease,0.17713618278503418,False
GSM3900051,brain,GSE133101,calibration,source,GSE133101,Amygdala parkinson's disease,amy20: Amygdala parkinson's disease,0.22194857895374298,False
GSM3900052,brain,GSE133101,calibration,source,GSE133101,Amygdala parkinson's disease,amy21: Amygdala parkinson's disease,0.18691988289356232,False
GSM3900053,brain,GSE133101,calibration,source,GSE133101,Amygdala parkinson's disease,amy22: Amygdala parkinson's disease,0.22817474603652954,False
GSM4322997,brain,GSE145645|GSE145646,calibration,source,GSE145645	GSE145646,Brain Tissue,Primary GBM SuR09,0.06500892341136932,False
GSM4322999,brain,GSE145645|GSE145646,calibration,source,GSE145645	GSE145646,Brain Tissue,Primary GBM SuR11,0.0748802199959755,False
GSM4323001,brain,GSE145645|GSE145646,calibration,source,GSE145645	GSE145646,Brain Tissue,Primary GBM SuR13,0.06766916811466217,False
GSM4323003,brain,GSE145645|GSE145646,calibration,source,GSE145645	GSE145646,Brain Tissue,Primary GBM SuR15,0.06935477256774902,False
GSM4323005,brain,GSE145645|GSE145646,calibration,source,GSE145645	GSE145646,Brain Tissue,Primary GBM SuR17,0.0694325640797615,False
GSM4323007,brain,GSE145645|GSE145646,calibration,source,GSE145645	GSE145646,Brain Tissue,Primary GBM SuR21,0.1422128975391388,False
GSM4323008,brain,GSE145645|GSE145646,calibration,source,GSE145645	GSE145646,Brain Tissue,Primary GBM SuR22,0.10201191157102585,False
GSM4323010,brain,GSE145645|GSE145646,calibration,source,GSE145645	GSE145646,Brain Tissue,Primary GBM SuR25,0.08042196184396744,False
GSM4323012,brain,GSE145645|GSE145646,calibration,source,GSE145645	GSE145646,Brain Tissue,Primary GBM SuR27,0.07511399686336517,False
GSM4323014,brain,GSE145645|GSE145646,calibration,source,GSE145645	GSE145646,Brain Tissue,Primary GBM SuR29,0.07728476822376251,False
GSM4323015,brain,GSE145645|GSE145646,calibration,source,GSE145645	GSE145646,Brain Tissue,Primary GBM SuR30,0.10061037540435791,False
GSM4323017,brain,GSE145645|GSE145646,calibration,source,GSE145645	GSE145646,Brain Tissue,Primary GBM SuR32,0.07796017080545425,False
GSM4323020,brain,GSE145645|GSE145646,calibration,source,GSE145645	GSE145646,Brain Tissue,Primary GBM SuR35,0.04263150691986084,False
GSM4323021,brain,GSE145645|GSE145646,calibration,source,GSE145645	GSE145646,Brain Tissue,Primary GBM SuR36,0.08097139745950699,False
GSM4323022,brain,GSE145645|GSE145646,calibration,source,GSE145645	GSE145646,Brain Tissue,Primary GBM SuR37,0.06308328360319138,False
GSM4323023,brain,GSE145645|GSE145646,calibration,source,GSE145645	GSE145646,Brain Tissue,Primary GBM SuR38,0.07955585420131683,False
GSM4323025,brain,GSE145645|GSE145646,calibration,source,GSE145645	GSE145646,Brain Tissue,Normal brain tissue-2,0.09100095927715302,False
GSM4323026,brain,GSE145645|GSE145646,calibration,source,GSE145645	GSE145646,Brain Tissue,Normal brain tissue-3,0.1218121349811554,False
GSM4473294,brain,GSE146878,calibration,source,GSE146878,Human fetal brain,Human fetal cortex_FXS [FXS Fetal Cortex_Male_PCW 23 weeks],0.13153298199176788,False
GSM4473296,brain,GSE146878,calibration,source,GSE146878,Human fetal brain,Human fetal cortex_control [CTRL_Fetal Cortex_Male_PCW 23 weeks_2],0.13988348841667175,False
GSM4971163,brain,GSE163044|GSE163186,calibration,source,GSE163044	GSE163186,Cerebellum,Tissue Cerebellum GCGR-NS13 - 13.5 pcw,0.09788763523101807,False
GSM4971170,brain,GSE163044|GSE163186,calibration,source,GSE163044	GSE163186,Cerebellum,Tissue Cerebellum GCGR-NS15 - 15.0 pcw,0.10480225086212158,False
GSM5029414,brain,GSE165286,calibration,source,GSE165286,Brain,S16_Control,0.03037228249013424,False
GSM5029415,brain,GSE165286,calibration,source,GSE165286,Brain,S17_Control,0.05216096714138985,False
GSM5029416,brain,GSE165286,calibration,source,GSE165286,Brain,S18_Control,0.04679989442229271,False
GSM5029418,brain,GSE165286,calibration,source,GSE165286,Brain,S5_GBM,0.022260090336203575,False
GSM5029419,brain,GSE165286,calibration,source,GSE165286,Brain,S7_GBM,0.03420136496424675,False
GSM5029420,brain,GSE165286,calibration,source,GSE165286,Brain,S9_GBM,0.03085600957274437,False
GSM5029423,brain,GSE165286,calibration,source,GSE165286,Brain,S12_GBM,0.05346387252211571,False
GSM5029424,brain,GSE165286,calibration,source,GSE165286,Brain,S14_GBM,0.05031464248895645,False
GSM5029426,brain,GSE165286,calibration,source,GSE165286,Brain,S22_GBM,0.03310750797390938,False
GSM5526734,brain,GSE182321,calibration,source,GSE182321,Postmortem Brain Brodmann Area 9,UTHBC0017,0.020737214013934135,False
GSM5526737,brain,GSE182321,calibration,source,GSE182321,Postmortem Brain Brodmann Area 9,UTHBC0027,0.03134017810225487,False
GSM5526738,brain,GSE182321,calibration,source,GSE182321,Postmortem Brain Brodmann Area 9,UTHBC0028,0.02705177292227745,False
GSM5526745,brain,GSE182321,calibration,source,GSE182321,Postmortem Brain Brodmann Area 9,UTHBC0041,0.01629595458507538,False
GSM5526751,brain,GSE182321,calibration,source,GSE182321,Postmortem Brain Brodmann Area 9,UTHBC0059,0.02328137308359146,False
GSM5526754,brain,GSE182321,calibration,source,GSE182321,Postmortem Brain Brodmann Area 9,UTHBC0065,0.02484639547765255,False
GSM5526755,brain,GSE182321,calibration,source,GSE182321,Postmortem Brain Brodmann Area 9,UTHBC0070,0.030657155439257622,False
GSM5526757,brain,GSE182321,calibration,source,GSE182321,Postmortem Brain Brodmann Area 9,UTHBC0076,0.0284713264554739,False
GSM5526763,brain,GSE182321,calibration,source,GSE182321,Postmortem Brain Brodmann Area 9,UTHBC0087,0.020261434838175774,False
GSM5526764,brain,GSE182321,calibration,source,GSE182321,Postmortem Brain Brodmann Area 9,UTHBC0088,0.015098294243216515,False
GSM5526766,brain,GSE182321,calibration,source,GSE182321,Postmortem Brain Brodmann Area 9,UTHBC0093,0.02172405831515789,False
GSM5526767,brain,GSE182321,calibration,source,GSE182321,Postmortem Brain Brodmann Area 9,UTHBC0094,0.02529439888894558,False
GSM5526770,brain,GSE182321,calibration,source,GSE182321,Postmortem Brain Brodmann Area 9,UTHBC0098,0.029373034834861755,False
GSM5526771,brain,GSE182321,calibration,source,GSE182321,Postmortem Brain Brodmann Area 9,UTHBC0099,0.025421522557735443,False
GSM999559,brain,GSE40710,calibration,source,GSE40710,Brain cortex,Control Und. 1,0.2430606633424759,False
GSM999560,brain,GSE40710,calibration,source,GSE40710,Brain cortex,Control Und. 2,0.04560853913426399,False
GSM999562,brain,GSE40710,calibration,source,GSE40710,Brain cortex,Control Und. 4,0.0414007306098938,False
GSM999563,brain,GSE40710,calibration,source,GSE40710,Brain cortex,Control Und. 5,0.09929033368825912,False
GSM999564,brain,GSE40710,calibration,source,GSE40710,Brain cortex,Control Und. 6,0.055832941085100174,False
GSM999568,brain,GSE40710,calibration,source,GSE40710,Brain cortex,Control Und. 10,0.022373966872692108,False
GSM999569,brain,GSE40710,calibration,source,GSE40710,Brain cortex,Control Und. 11,0.2629208266735077,False
GSM999570,brain,GSE40710,calibration,source,GSE40710,Brain cortex,Control Und. 12,0.1090782955288887,False
GSM999571,brain,GSE40710,calibration,source,GSE40710,Brain cortex,Control Und. 13,0.029729196801781654,False
GSM999572,brain,GSE40710,calibration,source,GSE40710,Brain cortex,Control Und. 14,0.022499123588204384,False
GSM999573,brain,GSE40710,calibration,source,GSE40710,Brain cortex,Control Und. 15,0.10256492346525192,False
GSM999574,brain,GSE40710,calibration,source,GSE40710,Brain cortex,Control Und. 16,0.059418413788080215,False
GSM999575,brain,GSE40710,calibration,source,GSE40710,Brain cortex,Parkinson's Disease PD 1,0.09036386013031006,False
GSM999577,brain,GSE40710,calibration,source,GSE40710,Brain cortex,Parkinson's Disease PD 3,0.04314116761088371,False
GSM999578,brain,GSE40710,calibration,source,GSE40710,Brain cortex,Parkinson's Disease PD 4,0.05442129448056221,False
GSM999580,brain,GSE40710,calibration,source,GSE40710,Brain cortex,Parkinson's Disease PD 6,0.09862605482339859,False
GSM999584,brain,GSE40710,calibration,source,GSE40710,Brain cortex,Parkinson's Disease PD 10,0.049290988594293594,False
GSM999587,brain,GSE40710,calibration,source,GSE40710,Brain cortex,Parkinson's Disease PD 13,0.056556668132543564,False
GSM999588,brain,GSE40710,calibration,source,GSE40710,Brain cortex,Parkinson's Disease PD 14,0.042275626212358475,False
GSM999589,brain,GSE40710,calibration,source,GSE40710,Brain cortex,Parkinson's Disease PD 15,0.031136630102992058,False
GSM1156877,brain,GSE47774|GSE47792|GSE49712,calibration,source,GSE47774	GSE47792,Human Brain Reference RNA (HBRR) from Ambion,SEQC_ILM_BGI_B_1_L01_CGATGT_AC0AYTACXX,0.011982579715549946,False
GSM1156885,brain,GSE47774|GSE47792|GSE49712,calibration,source,GSE47774	GSE47792,Human Brain Reference RNA (HBRR) from Ambion,SEQC_ILM_BGI_B_1_L05_CGATGT_AC0AYTACXX,0.020819982513785362,False
GSM1156893,brain,GSE47774|GSE47792|GSE49712,calibration,source,GSE47774	GSE47792,Human Brain Reference RNA (HBRR) from Ambion,SEQC_ILM_BGI_B_2_L01_GCCAAT_AC0AYTACXX,0.014050236903131008,False
GSM1156899,brain,GSE47774|GSE47792|GSE49712,calibration,source,GSE47774	GSE47792,Human Brain Reference RNA (HBRR) from Ambion,SEQC_ILM_BGI_B_2_L04_GCCAAT_AC0AYTACXX,0.01553341280668974,False
GSM1156950,brain,GSE47774|GSE47792|GSE49712,calibration,source,GSE47774	GSE47792,Human Brain Reference RNA (HBRR) from Ambion,SEQC_ILM_BGI_B_5_L05_GAGTGG_BC0AYPACXX,0.015731142833828926,False
GSM1156951,brain,GSE47774|GSE47792|GSE49712,calibration,source,GSE47774	GSE47792,Human Brain Reference RNA (HBRR) from Ambion,SEQC_ILM_BGI_B_5_L06_GAGTGG_AC0AYTACXX,0.015022028237581253,False
GSM1156954,brain,GSE47774|GSE47792|GSE49712,calibration,source,GSE47774	GSE47792,Human Brain Reference RNA (HBRR) from Ambion,SEQC_ILM_BGI_B_5_L07_GAGTGG_BC0AYPACXX,0.010755939409136772,False
GSM1157267,brain,GSE47774|GSE47792|GSE49712,calibration,source,GSE47774	GSE47792,Human Brain Reference RNA (HBRR) from Ambion,SEQC_ILM_CNL_B_1_L07_CGATGT_AD0FD7ACXX,0.016546588391065598,False
GSM1157307,brain,GSE47774|GSE47792|GSE49712,calibration,source,GSE47774	GSE47792,Human Brain Reference RNA (HBRR) from Ambion,SEQC_ILM_CNL_B_4_L04_AGTTCC_AD0FD7ACXX,0.010362125001847744,False
GSM1157655,brain,GSE47774|GSE47792|GSE49712,calibration,source,GSE47774	GSE47792,Human Brain Reference RNA (HBRR) from Ambion,SEQC_ILM_MAY_B_3_L02_TAGCTT_AD0E8UACXX,0.01156215276569128,False
GSM1158017,brain,GSE47774|GSE47792|GSE49712,calibration,source,GSE47774	GSE47792,Human Brain Reference RNA (HBRR) from Ambion,SEQC_ILM_NVS_B_2_L07_GCCAAT_AD0902ACXX,0.012201986275613308,False
GSM1158022,brain,GSE47774|GSE47792|GSE49712,calibration,source,GSE47774	GSE47792,Human Brain Reference RNA (HBRR) from Ambion,SEQC_ILM_NVS_B_3_L01_TAGCTT_BD08PVACXX,0.01229161862283945,False
GSM1158443,brain,GSE47774|GSE47792|GSE49712,calibration,source,GSE47774	GSE47792,Human Brain Reference RNA (HBRR) from Ambion,SEQC_ILM_AGR_B_1_L04_CGATGT_AC0C1TACXX,0.013344011269509792,False
GSM1158446,brain,GSE47774|GSE47792|GSE49712,calibration,source,GSE47774	GSE47792,Human Brain Reference RNA (HBRR) from Ambion,SEQC_ILM_AGR_B_1_L05_CGATGT_BD0J2JACXX,0.013724017888307571,False
GSM1158447,brain,GSE47774|GSE47792|GSE49712,calibration,source,GSE47774	GSE47792,Human Brain Reference RNA (HBRR) from Ambion,SEQC_ILM_AGR_B_1_L06_CGATGT_AC0C1TACXX,0.01518222689628601,False
GSM1158451,brain,GSE47774|GSE47792|GSE49712,calibration,source,GSE47774	GSE47792,Human Brain Reference RNA (HBRR) from Ambion,SEQC_ILM_AGR_B_1_L08_CGATGT_AC0C1TACXX,0.009609618224203587,False
GSM1158467,brain,GSE47774|GSE47792|GSE49712,calibration,source,GSE47774	GSE47792,Human Brain Reference RNA (HBRR) from Ambion,SEQC_ILM_AGR_B_2_L08_GCCAAT_AC0C1TACXX,0.010747188702225685,False
GSM1158485,brain,GSE47774|GSE47792|GSE49712,calibration,source,GSE47774	GSE47792,Human Brain Reference RNA (HBRR) from Ambion,SEQC_ILM_AGR_B_4_L01_AGTTCC_AC0C1TACXX,0.009123160503804684,False
GSM1362020,brain,GSE47774|GSE47792|GSE49712,calibration,source,GSE47774	GSE47792,Human Brain Reference RNA (HBRR) from Ambion,SEQC_ILM_NYG_B_3_L06_AGTTCC_AC132FACXX,0.03982691839337349,False
GSM1362021,brain,GSE47774|GSE47792|GSE49712,calibration,source,GSE47774	GSE47792,Human Brain Reference RNA (HBRR) from Ambion,SEQC_ILM_NYG_B_3_L07_AGTTCC_AC132FACXX,0.04054747521877289,False
GSM2072376,brain,GSE78564,calibration,source,GSE78564,Homo sapiens cerebellum tissue female fetal (19 weeks),total RNA-seq from cerebellum (ENCLB178ZZZ),0.07141179591417313,False
GSM2072377,brain,GSE78564,calibration,source,GSE78564,Homo sapiens cerebellum tissue female fetal (37 weeks),total RNA-seq from cerebellum (ENCLB177ZZZ),0.0378977470099926,False
GSM2092510,brain,GSE79338,calibration,source,GSE79338,"patient 1 (non-glioma), RNA-Seq of brain tissue",N01-Brain-RNAseq_JJ014,0.036152735352516174,False
GSM2092515,brain,GSE79338,calibration,source,GSE79338,"patient 2 (non-glioma), RNA-Seq of brain tissue",N02-Brain-RNAseq_JJ015,0.028419828042387962,False
GSM2092520,brain,GSE79338,calibration,source,GSE79338,"patient 3 (non-glioma), RNA-Seq of brain tissue",N03-Brain-RNAseq_BJ025,0.020943373441696167,False
GSM2202399,brain,GSE83402,calibration,source,GSE83402,"Human Brain Reference RNA, Thermo Fisher Scientific",MAQCB_1,0.346079558134079,False
GSM2202400,brain,GSE83402,calibration,source,GSE83402,"Human Brain Reference RNA, Thermo Fisher Scientific",MAQCB_2,0.34942933917045593,False
GSM2808512,colon,GSE104836,calibration,source,GSE104836,colon,29N,0.06424373388290405,False
GSM2808514,colon,GSE104836,calibration,source,GSE104836,colon,34N,0.10582710802555084,False
GSM2808516,colon,GSE104836,calibration,source,GSE104836,colon,48N,0.1086205318570137,False
GSM2808518,colon,GSE104836,calibration,source,GSE104836,colon,55N,0.0874832421541214,False
GSM2808520,colon,GSE104836,calibration,source,GSE104836,colon,57N,0.10183320939540863,False
GSM2808522,colon,GSE104836,calibration,source,GSE104836,colon,91N,0.12057457119226456,False
GSM2808524,colon,GSE104836,calibration,source,GSE104836,colon,94N,0.09314267337322235,False
GSM2808526,colon,GSE104836,calibration,source,GSE104836,colon,101N,0.15404194593429565,False
GSM2808528,colon,GSE104836,calibration,source,GSE104836,colon,111N,0.07217594236135483,False
GSM2808530,colon,GSE104836,calibration,source,GSE104836,colon,112N,0.07259143143892288,False
GSM3477440,colon,GSE119630,calibration,title,GSE119630,human colon FFPE,"Patient 1, normal colon tissue, biological replicate 1, technical replicate 2",0.0578063502907753,False
GSM3477445,colon,GSE119630,calibration,title,GSE119630,human colon FFPE,"Patient 1, normal colon tissue, biological replicate 2, technical replicate 1",0.07467831671237946,False
GSM3477451,colon,GSE119630,calibration,title,GSE119630,human colon FFPE,"Patient 2, normal colon tissue, biological replicate 1, technical replicate 1",0.05837778374552727,False
GSM3477456,colon,GSE119630,calibration,title,GSE119630,human colon FFPE,"Patient 2, cancerous colon tissue, biological replicate 1, technical replicate 3",0.0799456536769867,False
GSM3477457,colon,GSE119630,calibration,title,GSE119630,human colon FFPE,"Patient 2, normal colon tissue, biological replicate 2, technical replicate 1",0.0705447643995285,False
GSM3477459,colon,GSE119630,calibration,title,GSE119630,human colon FFPE,"Patient 2, normal colon tissue, biological replicate 2, technical replicate 3",0.04754983261227608,False
GSM3477461,colon,GSE119630,calibration,title,GSE119630,human colon FFPE,"Patient 2, cancerous colon tissue, biological replicate 2, technical replicate 2",0.08952946215867996,False
GSM3477462,colon,GSE119630,calibration,title,GSE119630,human colon FFPE,"Patient 2, cancerous colon tissue, biological replicate 2, technical replicate 3",0.08855602890253067,False
GSM3477463,colon,GSE119630,calibration,title,GSE119630,human colon FFPE,"Patient 3, normal colon tissue, biological replicate 1, technical replicate 1",0.05276322737336159,False
GSM3477464,colon,GSE119630,calibration,title,GSE119630,human colon FFPE,"Patient 3, normal colon tissue, biological replicate 1, technical replicate 2",0.05405866727232933,False
GSM3477468,colon,GSE119630,calibration,title,GSE119630,human colon FFPE,"Patient 3, cancerous colon tissue, biological replicate 1, technical replicate 3",0.09224121272563934,False
GSM3477474,colon,GSE119630,calibration,title,GSE119630,human colon FFPE,"Patient 3, cancerous colon tissue, biological replicate 2, technical replicate 3",0.09565644711256027,False
GSM3477476,colon,GSE119630,calibration,title,GSE119630,human colon FFPE,"Patient 4, normal colon tissue, biological replicate 1, technical replicate 2",0.0823131576180458,False
GSM3477480,colon,GSE119630,calibration,title,GSE119630,human colon FFPE,"Patient 4, cancerous colon tissue, biological replicate 1, technical replicate 3",0.0816495269536972,False
GSM3477482,colon,GSE119630,calibration,title,GSE119630,human colon FFPE,"Patient 4, normal colon tissue, biological replicate 2, technical replicate 2",0.08315686136484146,False
GSM3477490,colon,GSE119630,calibration,title,GSE119630,human colon FFPE,"Patient 5, cancerous colon tissue, biological replicate 1, technical replicate 1",0.1135597750544548,False
GSM3477491,colon,GSE119630,calibration,title,GSE119630,human colon FFPE,"Patient 5, cancerous colon tissue, biological replicate 1, technical replicate 2",0.10923761129379272,False
GSM3477494,colon,GSE119630,calibration,title,GSE119630,human colon FFPE,"Patient 5, normal colon tissue, biological replicate 2, technical replicate 2",0.09165994077920914,False
GSM3477497,colon,GSE119630,calibration,title,GSE119630,human colon FFPE,"Patient 5, cancerous colon tissue, biological replicate 2, technical replicate 2",0.11572745442390442,False
GSM3477498,colon,GSE119630,calibration,title,GSE119630,human colon FFPE,"Patient 5, cancerous colon tissue, biological replicate 2, technical replicate 3",0.08573924005031586,False
GSM4075467,colon,GSE137327,calibration,source,GSE137327,Colon,C1: Control No.1,0.10138721019029617,False
GSM4075469,colon,GSE137327,calibration,source,GSE137327,Colon,C2: Control No.2,0.0828515961766243,False
GSM4075471,colon,GSE137327,calibration,source,GSE137327,Colon,C3: Control No.3,0.09643484652042389,False
GSM4075473,colon,GSE137327,calibration,source,GSE137327,Colon,C4: Control No.4,0.11673887073993683,False
GSM4075475,colon,GSE137327,calibration,source,GSE137327,Colon,C5: Control No.5,0.10525590926408768,False
GSM4075477,colon,GSE137327,calibration,source,GSE137327,Colon,C6: Control No.6,0.06543870270252228,False
GSM4075479,colon,GSE137327,calibration,source,GSE137327,Colon,C7: Control No.7,0.09372803568840027,False
GSM4075481,colon,GSE137327,calibration,source,GSE137327,Colon,C8: Control No.8,0.08919955044984818,False
GSM4075483,colon,GSE137327,calibration,source,GSE137327,Colon,C9: Control No.9,0.06638075411319733,False
GSM4632829,colon,GSE152999,calibration,source,GSE152999,Healthy Colon,CRL1541 FBs,0.23433436453342438,False
GSM4632830,colon,GSE152999,calibration,source,GSE152999,Healthy Colon,NL-34 FBs,0.3803146481513977,False
GSM4632831,colon,GSE152999,calibration,source,GSE152999,UC Colon,UC-5 FBs,0.2499576061964035,False
GSM4632832,colon,GSE152999,calibration,source,GSE152999,UC Colon,UC-40 FBs,0.3422020375728607,False
GSM4632833,colon,GSE152999,calibration,source,GSE152999,UC Colon,UC-35 FBs,0.37407949566841125,False
GSM2343672,colon,GSE88253,calibration,source,GSE88253,Homo sapiens transverse colon tissue female adult (51 year),total RNA-seq from transverse colon (ENCLB364ORB),0.07170754671096802,False
GSM2343963,colon,GSE88426,calibration,source,GSE88426,Homo sapiens sigmoid colon tissue female adult (53 years),small RNA-seq from sigmoid colon (ENCLB608HYG),0.13753481209278107,False
GSM2344399,colon,GSE88679,calibration,source,GSE88679,Homo sapiens sigmoid colon tissue male adult (54 years),small RNA-seq from sigmoid colon (ENCLB959UXM),0.20789095759391785,False
GSM3898730,liver,GSE132219|GSE133039,calibration,source,GSE132219	GSE133039,Normal liver tissue,Nontumor9,0.07569799572229385,False
GSM3898731,liver,GSE132219|GSE133039,calibration,source,GSE132219	GSE133039,Normal liver tissue,Nontumor10,0.10735387355089188,False
GSM3898732,liver,GSE132219|GSE133039,calibration,source,GSE132219	GSE133039,Normal liver tissue,Nontumor11,0.0889921486377716,False
GSM3898733,liver,GSE132219|GSE133039,calibration,source,GSE132219	GSE133039,Normal liver tissue,Nontumor12,0.16466236114501953,False
GSM3898734,liver,GSE132219|GSE133039,calibration,source,GSE132219	GSE133039,Normal liver tissue,Nontumor1,0.08158979564905167,False
GSM3898735,liver,GSE132219|GSE133039,calibration,source,GSE132219	GSE133039,Normal liver tissue,Nontumor2,0.07149676978588104,False
GSM3898736,liver,GSE132219|GSE133039,calibration,source,GSE132219	GSE133039,Normal liver tissue,Nontumor13,0.1594916731119156,False
GSM3898737,liver,GSE132219|GSE133039,calibration,source,GSE132219	GSE133039,Normal liver tissue,Nontumor4,0.09991631656885147,False
GSM3898741,liver,GSE132219|GSE133039,calibration,source,GSE132219	GSE133039,Normal liver tissue,Nontumor17,0.10441292822360992,False
GSM3898743,liver,GSE132219|GSE133039,calibration,source,GSE132219	GSE133039,Normal liver tissue,Nontumor5,0.08818746358156204,False
GSM3898744,liver,GSE132219|GSE133039,calibration,source,GSE132219	GSE133039,Normal liver tissue,Nontumor26,0.13317988812923431,False
GSM3898746,liver,GSE132219|GSE133039,calibration,source,GSE132219	GSE133039,Normal liver tissue,Nontumor19,0.13028964400291443,False
GSM3898750,liver,GSE132219|GSE133039,calibration,source,GSE132219	GSE133039,Normal liver tissue,Nontumor23,0.12005452066659927,False
GSM3898751,liver,GSE132219|GSE133039,calibration,source,GSE132219	GSE133039,Normal liver tissue,Nontumor3,0.07712163776159286,False
GSM3898752,liver,GSE132219|GSE133039,calibration,source,GSE132219	GSE133039,Normal liver tissue,Nontumor24,0.11162100732326508,False
GSM3898753,liver,GSE132219|GSE133039,calibration,source,GSE132219	GSE133039,Normal liver tissue,Nontumor25,0.08411649614572525,False
GSM3898755,liver,GSE132219|GSE133039,calibration,source,GSE132219	GSE133039,Normal liver tissue,Nontumor29,0.13334225118160248,False
GSM3898756,liver,GSE132219|GSE133039,calibration,source,GSE132219	GSE133039,Normal liver tissue,Nontumor31,0.11032901704311371,False
GSM3898757,liver,GSE132219|GSE133039,calibration,source,GSE132219	GSE133039,Normal liver tissue,Nontumor32,0.10090107470750809,False
GSM3898758,liver,GSE132219|GSE133039,calibration,source,GSE132219	GSE133039,Normal liver tissue,Nontumor20,0.17035707831382751,False
GSM4162226,liver,GSE140462|GSE140463,calibration,source,GSE140462	GSE140463,Liver Tissue,HCC-FREE2,0.035648174583911896,False
GSM4162227,liver,GSE140462|GSE140463,calibration,source,GSE140462	GSE140463,Liver Tissue,HCC-FREE3,0.006069944705814123,False
GSM4162228,liver,GSE140462|GSE140463,calibration,source,GSE140462	GSE140463,Liver Tissue,HCC-FREE4,0.09144993126392365,False
GSM4162229,liver,GSE140462|GSE140463,calibration,source,GSE140462	GSE140463,Liver Tissue,HCC-FREE6,0.062372323125600815,False
GSM4162230,liver,GSE140462|GSE140463,calibration,source,GSE140462	GSE140463,Liver Tissue,HCC-FREE7,0.04197341203689575,False
GSM4162231,liver,GSE140462|GSE140463,calibration,source,GSE140462	GSE140463,Liver Tissue,HCC-FREE8,0.03809940814971924,False
GSM4162232,liver,GSE140462|GSE140463,calibration,source,GSE140462	GSE140463,Liver Tissue,HCC-FREE9,0.04241194203495979,False
GSM4257053,liver,GSE143318,calibration,source,GSE143318,Liver,Alcoholic Hepatitis Patient 1,0.03560253605246544,False
GSM4257054,liver,GSE143318,calibration,source,GSE143318,Liver,Alcoholic Hepatitis Patient 2,0.045706961303949356,False
GSM4257055,liver,GSE143318,calibration,source,GSE143318,Liver,Alcoholic Hepatitis Patient 3,0.03981395438313484,False
GSM4257056,liver,GSE143318,calibration,source,GSE143318,Liver,Alcoholic Hepatitis Patient 4,0.051172997802495956,False
GSM4257057,liver,GSE143318,calibration,source,GSE143318,Liver,Alcoholic Hepatitis Patient 5,0.04943826422095299,False
GSM4257058,liver,GSE143318,calibration,source,GSE143318,Liver,Donor Patient 1,0.03580833226442337,False
GSM4257059,liver,GSE143318,calibration,source,GSE143318,Liver,Donor Patient 2,0.04713450372219086,False
GSM4257060,liver,GSE143318,calibration,source,GSE143318,Liver,Donor Patient 3,0.03477215766906738,False
GSM4257061,liver,GSE143318,calibration,source,GSE143318,Liver,Donor Patient 4,0.045653294771909714,False
GSM4257062,liver,GSE143318,calibration,source,GSE143318,Liver,Donor Patient 5,0.028710080310702324,False
GSM4852526,liver,GSE160016|GSE160022,calibration,source,GSE160016	GSE160022,Liver,"Liver, D2_17",0.032425206154584885,False
GSM4852527,liver,GSE160016|GSE160022,calibration,source,GSE160016	GSE160022,Liver,"Liver, D2_21",0.057891566306352615,False
GSM4852528,liver,GSE160016|GSE160022,calibration,source,GSE160016	GSE160022,Liver,"Liver, D2_25",0.04417429119348526,False
GSM4852529,liver,GSE160016|GSE160022,calibration,source,GSE160016	GSE160022,Liver,"Liver, D2_26",0.02694668620824814,False
GSM4852530,liver,GSE160016|GSE160022,calibration,source,GSE160016	GSE160022,Liver,"Liver, D2_8",0.03199907764792442,False
GSM4852531,liver,GSE160016|GSE160022,calibration,source,GSE160016	GSE160022,Liver,"Liver, ZY12",0.030226171016693115,False
GSM4852532,liver,GSE160016|GSE160022,calibration,source,GSE160016	GSE160022,Liver,"Liver, D1_22",0.07181772589683533,False
GSM4852533,liver,GSE160016|GSE160022,calibration,source,GSE160016	GSE160022,Liver,"Liver, D1_30",0.05426261946558952,False
GSM4852534,liver,GSE160016|GSE160022,calibration,source,GSE160016	GSE160022,Liver,"Liver, ZY10",0.029667863622307777,False
GSM4852535,liver,GSE160016|GSE160022,calibration,source,GSE160016	GSE160022,Liver,"Liver, ZY24",0.022332100197672844,False
GSM4852536,liver,GSE160016|GSE160022,calibration,source,GSE160016	GSE160022,Liver,"Liver, ZY6",0.06469956785440445,False
GSM5106590,liver,GSE167523,calibration,source,GSE167523,Liver,NAFLD liver 1,0.013920744881033897,False
GSM5106596,liver,GSE167523,calibration,source,GSE167523,Liver,NAFLD liver 7,0.017959801480174065,False
GSM5106598,liver,GSE167523,calibration,source,GSE167523,Liver,NAFLD liver 9,0.01581631973385811,False
GSM5106600,liver,GSE167523,calibration,source,GSE167523,Liver,NAFLD liver 11,0.01900593191385269,False
GSM5106611,liver,GSE167523,calibration,source,GSE167523,Liver,NAFLD liver 22,0.014095875434577465,False
GSM5106612,liver,GSE167523,calibration,source,GSE167523,Liver,NAFLD liver 23,0.01611054688692093,False
GSM5106613,liver,GSE167523,calibration,source,GSE167523,Liver,NAFLD liver 24,0.027894113212823868,False
GSM5106619,liver,GSE167523,calibration,source,GSE167523,Liver,NAFLD liver 30,0.013235392980277538,False
GSM5106623,liver,GSE167523,calibration,source,GSE167523,Liver,NAFLD liver 34,0.028594637289643288,False
GSM5106632,liver,GSE167523,calibration,source,GSE167523,Liver,NAFLD liver 43,0.01666387915611267,False
GSM5106637,liver,GSE167523,calibration,source,GSE167523,Liver,NAFLD liver 48,0.024788714945316315,False
GSM5106644,liver,GSE167523,calibration,source,GSE167523,Liver,NAFLD liver 55,0.021723857149481773,False
GSM5106648,liver,GSE167523,calibration,source,GSE167523,Liver,NAFLD liver 59,0.022489048540592194,False
GSM5106650,liver,GSE167523,calibration,source,GSE167523,Liver,NAFLD liver 61,0.020879631862044334,False
GSM5106651,liver,GSE167523,calibration,source,GSE167523,Liver,NAFLD liver 62,0.026485515758395195,False
GSM5106654,liver,GSE167523,calibration,source,GSE167523,Liver,NAFLD liver 65,0.025271238759160042,False
GSM5106659,liver,GSE167523,calibration,source,GSE167523,Liver,NAFLD liver 70,0.015656603500247,False
GSM5106663,liver,GSE167523,calibration,source,GSE167523,Liver,NAFLD liver 74,0.02479320950806141,False
GSM5106668,liver,GSE167523,calibration,source,GSE167523,Liver,NAFLD liver 79,0.018552951514720917,False
GSM5106685,liver,GSE167523,calibration,source,GSE167523,Liver,NAFLD liver 96,0.026979641988873482,False
GSM5331008,liver,GSE175169,calibration,source,GSE175169,"Homo sapiens female adult (47 years) right lobe of liver tissue, preserved by flash-freezing",total RNA-seq from right lobe of liver (ENCLB596AIE),0.018412742763757706,False
GSM2072372,liver,GSE78562,calibration,source,GSE78562,Homo sapiens liver tissue male adult (32 years),total RNA-seq from liver (ENCLB174ZZZ),0.01115565374493599,False
GSM2072373,liver,GSE78562,calibration,source,GSE78562,Homo sapiens liver tissue female child (6 years),total RNA-seq from liver (ENCLB173ZZZ),0.009576583281159401,False
GSM2343656,liver,GSE88244,calibration,source,GSE88244,Homo sapiens liver tissue female child (4 years),total RNA-seq from liver (ENCLB869UHR),0.19798855483531952,False
GSM2343657,liver,GSE88244,calibration,source,GSE88244,Homo sapiens liver tissue male adult (32 years),total RNA-seq from liver (ENCLB420PUQ),0.17800548672676086,False
GSM2343909,liver,GSE88393,calibration,source,GSE88393,Homo sapiens right lobe of liver tissue female adult (53 years),small RNA-seq from right lobe of liver (ENCLB496AQV),0.14039403200149536,False
GSM3591778,lung,GSE126111,calibration,source,GSE126111,Lung,Patient 1 non-involved lung,0.26944154500961304,False
GSM4104463,lung,GSE138283,calibration,source,GSE138283,Lung tissue,ATP2005,0.00905857514590025,False
GSM4104464,lung,GSE138283,calibration,source,GSE138283,Lung tissue,ATP2019,0.014943313784897327,False
GSM4104465,lung,GSE138283,calibration,source,GSE138283,Lung tissue,ATP2024,0.00871007889509201,False
GSM4104466,lung,GSE138283,calibration,source,GSE138283,Lung tissue,ATP2025,0.004906203132122755,False
GSM4104467,lung,GSE138283,calibration,source,GSE138283,Lung tissue,ATP2032,0.005741719156503677,False
GSM4104468,lung,GSE138283,calibration,source,GSE138283,Lung tissue,ATP2041,0.007098694797605276,False
GSM4104469,lung,GSE138283,calibration,source,GSE138283,Lung tissue,ATP2042,0.005618127528578043,False
GSM4104470,lung,GSE138283,calibration,source,GSE138283,Lung tissue,ATP2044,0.011523818597197533,False
GSM4104471,lung,GSE138283,calibration,source,GSE138283,Lung tissue,ATP2048,0.016658339649438858,False
GSM4104472,lung,GSE138283,calibration,source,GSE138283,Lung tissue,ATP2049,0.008186612278223038,False
GSM4104473,lung,GSE138283,calibration,source,GSE138283,Lung tissue,ATP2051,0.007697705645114183,False
GSM4104474,lung,GSE138283,calibration,source,GSE138283,Lung tissue,ATP2053,0.007155453320592642,False
GSM4104475,lung,GSE138283,calibration,source,GSE138283,Lung tissue,ATP3007,0.007917753420770168,False
GSM4104476,lung,GSE138283,calibration,source,GSE138283,Lung tissue,ATP3013,0.01085107121616602,False
GSM4104477,lung,GSE138283,calibration,source,GSE138283,Lung tissue,ATP3014,0.008313334546983242,False
GSM4104478,lung,GSE138283,calibration,source,GSE138283,Lung tissue,ATP3017,0.006312350742518902,False
GSM4104479,lung,GSE138283,calibration,source,GSE138283,Lung tissue,ATP3018,0.01111571490764618,False
GSM4237848,lung,GSE142695,calibration,source,GSE142695,lung,control_rep1,0.008739180862903595,False
GSM4237849,lung,GSE142695,calibration,source,GSE142695,lung,control_rep2,0.009774594567716122,False
GSM4237850,lung,GSE142695,calibration,source,GSE142695,lung,control_rep3,0.017971521243453026,False
GSM4237851,lung,GSE142695,calibration,source,GSE142695,lung,miR-30a-3p_rep1,0.016666969284415245,False
GSM4237852,lung,GSE142695,calibration,source,GSE142695,lung,miR-30a-3p_rep2,0.017376204952597618,False
GSM4237853,lung,GSE142695,calibration,source,GSE142695,lung,miR-30a-3p_rep3,0.01824636198580265,False
GSM4237854,lung,GSE142695,calibration,source,GSE142695,lung,miR-30a-5p_rep1,0.01774224266409874,False
GSM4237855,lung,GSE142695,calibration,source,GSE142695,lung,miR-30a-5p_rep2,0.011149672791361809,False
GSM4237856,lung,GSE142695,calibration,source,GSE142695,lung,miR-30a-5p_rep3,0.011829124763607979,False
GSM4658759,lung,GSE153935,calibration,source,GSE153935,Lung,Donor 2 non-involved lung,0.17599143087863922,False
GSM4658761,lung,GSE153935,calibration,source,GSE153935,Lung,Donor 3 non-involved lung,0.1750304251909256,False
GSM4658766,lung,GSE153935,calibration,source,GSE153935,Lung,Donor 7 non-involved lung,0.3175552487373352,False
GSM4658769,lung,GSE153935,calibration,source,GSE153935,Lung,Donor 9 non-involved lung,0.15916895866394043,False
GSM4658771,lung,GSE153935,calibration,source,GSE153935,Lung,Donor 10 non-involved lung,0.10130167007446289,False
GSM4658773,lung,GSE153935,calibration,source,GSE153935,Lung,Donor 11 non-involved lung,0.17359477281570435,False
GSM4751803,lung,GSE157057,calibration,source,GSE157057,Lung,JA1_1E4_UN_1_S65_L004,0.09691355377435684,False
GSM4751804,lung,GSE157057,calibration,source,GSE157057,Lung,JA1_1E4_UN_2_S66_L004,0.05127599835395813,False
GSM4751805,lung,GSE157057,calibration,source,GSE157057,Lung,JA1_1E4_48h_1_S67_L004,0.06357604265213013,False
GSM4751806,lung,GSE157057,calibration,source,GSE157057,Lung,JA1_1E4_48h_2_S68_L004,0.05902596563100815,False
GSM4751807,lung,GSE157057,calibration,source,GSE157057,Lung,JA1_2E4_UN_1_S69_L004,0.1487458497285843,False
GSM4751808,lung,GSE157057,calibration,source,GSE157057,Lung,JA1_2E4_UN_2_S70_L004,0.09018366783857346,False
GSM4751809,lung,GSE157057,calibration,source,GSE157057,Lung,JA1_2E4_48h_1_S71_L004,0.06556141376495361,False
GSM4751810,lung,GSE157057,calibration,source,GSE157057,Lung,JA1_2E4_48h_2_S72_L004,0.07285402715206146,False
GSM4751811,lung,GSE157057,calibration,source,GSE157057,Lung,JA1_ALI_UN_1_S76_L004,0.07645567506551743,False
GSM4751812,lung,GSE157057,calibration,source,GSE157057,Lung,JA1_ALI_UN_2_S77_L004,0.11837702244520187,False
GSM4751813,lung,GSE157057,calibration,source,GSE157057,Lung,JA1_ALI_48h_1_S78_L004,0.07429304718971252,False
GSM4751814,lung,GSE157057,calibration,source,GSE157057,Lung,JA1_ALI_48h_2_S79_L004,0.08413366973400116,False
GSM4751815,lung,GSE157057,calibration,source,GSE157057,Lung,JA1_ALI_72h_1_S80_L004,0.11036181449890137,False
GSM4751816,lung,GSE157057,calibration,source,GSE157057,Lung,JA1_ALI_72h_2_S81_L004,0.12448205053806305,False
GSM4751817,lung,GSE157057,calibration,source,GSE157057,Lung,JA1_monolayer_Un_S73_L004,0.1181308850646019,False
GSM4751818,lung,GSE157057,calibration,source,GSE157057,Lung,JA1_monolayer_48h_S74_L004,0.13176563382148743,False
GSM4751819,lung,GSE157057,calibration,source,GSE157057,Lung,JA1_monolayer_72h_S75_L004,0.0782405436038971,False
GSM5330573,lung,GSE174943,calibration,source,GSE174943,"Homo sapiens female adult (47 years) lung tissue, preserved by flash-freezing",total RNA-seq from lung (ENCLB180FNT),0.022250736132264137,False
GSM2343696,lung,GSE88267,calibration,source,GSE88267,Homo sapiens upper lobe of left lung tissue female adult (51 year),total RNA-seq from upper lobe of left lung (ENCLB308EJA),0.08164936304092407,False
GSM3293899,skin,GSE117405,calibration,source,GSE117405,Palmoplantar psoriatic skin,HF_3,0.028886375948786736,False
GSM3293903,skin,GSE117405,calibration,source,GSE117405,Control skin,C39,0.026565315201878548,False
GSM3293906,skin,GSE117405,calibration,source,GSE117405,Control skin,C43,0.0339515320956707,False
GSM3293913,skin,GSE117405,calibration,source,GSE117405,Conventional psoriatic skin,CP_5,0.02988092601299286,False
GSM3293914,skin,GSE117405,calibration,source,GSE117405,Conventional psoriatic skin,CP_6,0.03691563755273819,False
GSM3293915,skin,GSE117405,calibration,source,GSE117405,Conventional psoriatic skin,CP_7,0.045821238309144974,False
GSM3293916,skin,GSE117405,calibration,source,GSE117405,Conventional psoriatic skin,CP_8,0.05667652562260628,False
GSM3293921,skin,GSE117405,calibration,source,GSE117405,Scalp psoriatic skin,SP_5,0.045728035271167755,False
GSM3293922,skin,GSE117405,calibration,source,GSE117405,Scalp psoriatic skin,SP_6,0.056701332330703735,False
GSM3293923,skin,GSE117405,calibration,source,GSE117405,Scalp psoriatic skin,SP_7,0.04680832475423813,False
GSM3293924,skin,GSE117405,calibration,source,GSE117405,Scalp psoriatic skin,SP_8,0.05111246556043625,False
GSM3427868,skin,GSE121212,calibration,source,GSE121212,skin biopsy,AD_004_lesional,0.050327688455581665,False
GSM3427869,skin,GSE121212,calibration,source,GSE121212,skin biopsy,AD_004_non-lesional,0.053260643035173416,False
GSM3427874,skin,GSE121212,calibration,source,GSE121212,skin biopsy,AD_007_lesional,0.039983104914426804,False
GSM3427879,skin,GSE121212,calibration,source,GSE121212,skin biopsy,AD_011_non-lesional,0.03952033072710037,False
GSM3427881,skin,GSE121212,calibration,source,GSE121212,skin biopsy,AD_014_non-lesional,0.044393014162778854,False
GSM3427882,skin,GSE121212,calibration,source,GSE121212,skin biopsy,AD_016_lesional,0.058599598705768585,False
GSM3427892,skin,GSE121212,calibration,source,GSE121212,skin biopsy,AD_023_lesional,0.0382411852478981,False
GSM3427893,skin,GSE121212,calibration,source,GSE121212,skin biopsy,AD_023_non-lesional,0.037995126098394394,False
GSM3427930,skin,GSE121212,calibration,source,GSE121212,skin biopsy,CTRL_026_healthy,0.04421121999621391,False
GSM3427937,skin,GSE121212,calibration,source,GSE121212,skin biopsy,CTRL_035_healthy,0.05001254752278328,False
GSM3427945,skin,GSE121212,calibration,source,GSE121212,skin biopsy,CTRL_043_healthy,0.04239223152399063,False
GSM3427954,skin,GSE121212,calibration,source,GSE121212,skin biopsy,PSO_003_non-lesional,0.0472588986158371,False
GSM3427958,skin,GSE121212,calibration,source,GSE121212,skin biopsy,PSO_006_non-lesional,0.054489292204380035,False
GSM3427965,skin,GSE121212,calibration,source,GSE121212,skin biopsy,PSO_011_lesional,0.06936280429363251,False
GSM3427970,skin,GSE121212,calibration,source,GSE121212,skin biopsy,PSO_014_non-lesional,0.05849045515060425,False
GSM3427978,skin,GSE121212,calibration,source,GSE121212,skin biopsy,PSO_018_non-lesional,0.043809376657009125,False
GSM3427984,skin,GSE121212,calibration,source,GSE121212,skin biopsy,PSO_024_non-lesional,0.04862590879201889,False
GSM3427990,skin,GSE121212,calibration,source,GSE121212,skin biopsy,PSO_029_non-lesional,0.04826187714934349,False
GSM3428003,skin,GSE121212,calibration,source,GSE121212,skin biopsy,PSO_037_non-lesional,0.04871353507041931,False
GSM3428012,skin,GSE121212,calibration,source,GSE121212,skin biopsy,AD_036_chronic_lesion,0.05633994936943054,False
GSM3475458,skin,GSE122592,calibration,source,GSE122592,Healthy donor skin,healthy donor skin_1,0.03722616285085678,False
GSM3475459,skin,GSE122592,calibration,source,GSE122592,Healthy donor skin,healthy donor skin_2,0.036901749670505524,False
GSM3475460,skin,GSE122592,calibration,source,GSE122592,Healthy donor skin,healthy donor skin_3,0.03298937529325485,False
GSM3475461,skin,GSE122592,calibration,source,GSE122592,Healthy donor skin,healthy donor skin_4,0.03199799731373787,False
GSM3475462,skin,GSE122592,calibration,source,GSE122592,Acne inversa skin,Acne inversa skin_1,0.04793870821595192,False
GSM3475463,skin,GSE122592,calibration,source,GSE122592,Acne inversa skin,Acne inversa skin_2,0.024672187864780426,False
GSM3475464,skin,GSE122592,calibration,source,GSE122592,Acne inversa skin,Acne inversa skin_3,0.028582796454429626,False
GSM3590062,skin,GSE126066,calibration,source,GSE126066,skin,Daiv1,0.07705031335353851,False
GSM3590063,skin,GSE126066,calibration,source,GSE126066,skin,Daiv2,0.06495750695466995,False
GSM3590064,skin,GSE126066,calibration,source,GSE126066,skin,LE1,0.07225264608860016,False
GSM3590065,skin,GSE126066,calibration,source,GSE126066,skin,LE2,0.06417212635278702,False
GSM3590066,skin,GSE126066,calibration,source,GSE126066,skin,LE3,0.07205627858638763,False
GSM3590067,skin,GSE126066,calibration,source,GSE126066,skin,MG2,0.07531565427780151,False
GSM3590068,skin,GSE126066,calibration,source,GSE126066,skin,MG3,0.09420646727085114,False
GSM3590069,skin,GSE126066,calibration,source,GSE126066,skin,NLE1,0.052869077771902084,False
GSM3590070,skin,GSE126066,calibration,source,GSE126066,skin,NLE2,0.03401082009077072,False
GSM3590071,skin,GSE126066,calibration,source,GSE126066,skin,NLE3,0.050568606704473495,False
GSM3590072,skin,GSE126066,calibration,source,GSE126066,skin,Vas1,0.07348871976137161,False
GSM3590073,skin,GSE126066,calibration,source,GSE126066,skin,Vas2,0.12739534676074982,False
GSM3590074,skin,GSE126066,calibration,source,GSE126066,skin,Vas3,0.087657131254673,False
GSM3892581,skin,GSE132802,calibration,source,GSE132802,Skin biopsy from HV4,SKIN_HV4,0.3492256700992584,False
GSM3892582,skin,GSE132802,calibration,source,GSE132802,Skin biopsy from HV5,SKIN_HV5,0.20134161412715912,False
GSM3946485,skin,GSE134431,calibration,source,GSE134431,Diabetic foot skin,Diabetic Foot Skin Donor #11,0.00781997200101614,False
GSM3946486,skin,GSE134431,calibration,source,GSE134431,Diabetic foot skin,Diabetic Foot Skin Donor #20,0.007579653523862362,False
GSM3946487,skin,GSE134431,calibration,source,GSE134431,Diabetic foot skin,Diabetic Foot Skin Donor #21,0.007946574129164219,False
GSM3946488,skin,GSE134431,calibration,source,GSE134431,Diabetic foot skin,Diabetic Foot Skin Donor #31,0.005983964540064335,False
GSM3946489,skin,GSE134431,calibration,source,GSE134431,Diabetic foot skin,Diabetic Foot Skin Donor #32,0.009154549799859524,False
GSM3946490,skin,GSE134431,calibration,source,GSE134431,Diabetic foot skin,Diabetic Foot Skin Donor #34,0.0032698921859264374,False
GSM3946491,skin,GSE134431,calibration,source,GSE134431,Diabetic foot skin,Diabetic Foot Skin Donor #37,0.007511576171964407,False
GSM3946492,skin,GSE134431,calibration,source,GSE134431,Diabetic foot skin,Diabetic Foot Skin Donor #39,0.006673491094261408,False
GSM4142607,skin,GSE139505,calibration,title,GSE139505,4 mm punch biopsy,H1: Healthy skin biopsy,0.051844943314790726,False
GSM4142608,skin,GSE139505,calibration,title,GSE139505,4 mm punch biopsy,H2: Healthy skin biopsy,0.050848543643951416,False
GSM4142609,skin,GSE139505,calibration,title,GSE139505,4 mm punch biopsy,H3: Healthy skin biopsy,0.053303755819797516,False
GSM4142610,skin,GSE139505,calibration,title,GSE139505,4 mm punch biopsy,H4: Healthy skin biopsy,0.0489862859249115,False
GSM4142611,skin,GSE139505,calibration,title,GSE139505,4 mm punch biopsy,H5: Healthy skin biopsy,0.053467005491256714,False
GSM4142612,skin,GSE139505,calibration,title,GSE139505,4 mm punch biopsy,H6: Healthy skin biopsy,0.05643841624259949,False
GSM4142613,skin,GSE139505,calibration,title,GSE139505,4 mm punch biopsy,H7: Healthy skin biopsy,0.051822222769260406,False
GSM4273445,skin,GSE143735,calibration,source,GSE143735,forearm whole skin,"forearm, no ulcer, X201_s",0.027203742414712906,False
GSM4273446,skin,GSE143735,calibration,source,GSE143735,forearm whole skin,"forearm, no ulcer, X202_s",0.03641854226589203,False
GSM4273447,skin,GSE143735,calibration,source,GSE143735,forearm whole skin,"forearm, no ulcer, X203_s",0.027451368048787117,False
GSM4273448,skin,GSE143735,calibration,source,GSE143735,forearm whole skin,"forearm, no ulcer, X204_s",0.0266021229326725,False
GSM4273449,skin,GSE143735,calibration,source,GSE143735,forearm whole skin,"forearm, ulcer healer, X206_s",0.022362928837537766,False
GSM4273450,skin,GSE143735,calibration,source,GSE143735,forearm whole skin,"forearm, ulcer healer, X207_s",0.01785820722579956,False
GSM4273451,skin,GSE143735,calibration,source,GSE143735,forearm whole skin,"forearm, ulcer healer, X208_s",0.015083642676472664,False
GSM4273452,skin,GSE143735,calibration,source,GSE143735,forearm whole skin,"forearm, ulcer healer, X209_s",0.027381282299757004,False
GSM4273453,skin,GSE143735,calibration,source,GSE143735,forearm whole skin,"forearm, ulcer healer, X210_s",0.029859691858291626,False
GSM4273454,skin,GSE143735,calibration,source,GSE143735,forearm whole skin,"forearm, ulcer nonhealer, X211_s",0.015764379873871803,False
GSM4273455,skin,GSE143735,calibration,source,GSE143735,forearm whole skin,"forearm, ulcer nonhealer, X212_s",0.05157267302274704,False
GSM4273456,skin,GSE143735,calibration,source,GSE143735,forearm whole skin,"forearm, ulcer nonhealer, X213_s",0.030912285670638084,False
GSM4273457,skin,GSE143735,calibration,source,GSE143735,forearm whole skin,"forearm, ulcer nonhealer, X215_s",0.02574770152568817,False
GSM2052586,skin,GSE77466,calibration,source,GSE77466,skin,SC1,0.1595923900604248,False
GSM2052587,skin,GSE77466,calibration,source,GSE77466,skin,SC2,0.11895937472581863,False
GSM2052588,skin,GSE77466,calibration,source,GSE77466,skin,SC3,0.18857385218143463,False
GSM2052589,skin,GSE77466,calibration,source,GSE77466,skin,SC4,0.13373751938343048,False
GSM2052590,skin,GSE77466,calibration,source,GSE77466,skin,SC5,0.11144045740365982,False
GSM2052591,skin,GSE77466,calibration,source,GSE77466,skin,SC6,0.11007986962795258,False
GSM2343841,skin,GSE88354,calibration,source,GSE88354,Homo sapiens lower leg skin tissue female adult (51 year),total RNA-seq from lower leg skin (ENCLB379JUW),0.07942941784858704,False
GSM2693413,brain,GSE100796,test,source,GSE100796,dorsolateral prefrontal cortex,Human_Hs5_DPFC,0.05256401374936104,False
GSM2693414,brain,GSE100796,test,source,GSE100796,ventrolateral prefrontal cortex,Human_Hs5_VPFC,0.06445101648569107,False
GSM2693419,brain,GSE100796,test,source,GSE100796,dorsolateral prefrontal cortex,Human_Hs2_DPFC,0.055801793932914734,False
GSM2693420,brain,GSE100796,test,source,GSE100796,ventrolateral prefrontal cortex,Human_Hs2_VPFC,0.05478697270154953,False
GSM2693425,brain,GSE100796,test,source,GSE100796,cerebellum,Human_Hs2_CB,0.0613383948802948,False
GSM2693427,brain,GSE100796,test,source,GSE100796,ventrolateral prefrontal cortex,Human_Hs6_VPFC,0.047609519213438034,False
GSM2693435,brain,GSE100796,test,source,GSE100796,ventrolateral prefrontal cortex,Human_Hs8_VPFC,0.03986264392733574,False
GSM2693441,brain,GSE100796,test,source,GSE100796,dorsolateral prefrontal cortex,Human_Hs3_DPFC,0.021523920819163322,False
GSM2693443,brain,GSE100796,test,source,GSE100796,cerebellum,Human_Hs3_CB,0.0384187251329422,False
GSM2693449,brain,GSE100796,test,source,GSE100796,cerebellum,Human_Hs1_CB,0.04738762602210045,False
GSM2693451,brain,GSE100796,test,source,GSE100796,hippocampus,Human_Hs7_HIP,0.040971070528030396,False
GSM2830596,brain,GSE106159,test,source,GSE106159,Brain,U87_tumor_TW_676_rep1,0.013383469544351101,False
GSM2830597,brain,GSE106159,test,source,GSE106159,Brain,U87_tumor_TW_677_rep1,0.022903654724359512,False
GSM2830598,brain,GSE106159,test,source,GSE106159,Brain,U87_tumor_TW_677_rep2,0.01687798462808132,False
GSM2830599,brain,GSE106159,test,source,GSE106159,Brain,U87_tumor_TW_679_rep1,0.016421834006905556,False
GSM2830600,brain,GSE106159,test,source,GSE106159,Brain,U87_tumor_TW_679_rep2,0.01558724045753479,False
GSM2830601,brain,GSE106159,test,source,GSE106159,Brain,U87_tumor_TW_681_rep1,0.017261965200304985,False
GSM2830602,brain,GSE106159,test,source,GSE106159,Brain,U87_tumor_TW_681_rep2,0.011820253916084766,False
GSM2830603,brain,GSE106159,test,source,GSE106159,Brain,U87_tumor_dTW_682_rep1,0.01120133325457573,False
GSM2830605,brain,GSE106159,test,source,GSE106159,Brain,U87_tumor_dTW_683_rep1,0.010276987217366695,False
GSM2830607,brain,GSE106159,test,source,GSE106159,Brain,U87_tumor_dTW_686_rep1,0.012224866077303886,False
GSM2830608,brain,GSE106159,test,source,GSE106159,Brain,U87_tumor_dTW_686_rep2,0.00962294451892376,False
GSM2830609,brain,GSE106159,test,source,GSE106159,Brain,U87_tumor_dTW_687_rep1,0.016152532771229744,False
GSM2830610,brain,GSE106159,test,source,GSE106159,Brain,U87_tumor_dTW_687_rep2,0.011519122868776321,False
GSM2830611,brain,GSE106159,test,source,GSE106159,Brain,U87_cell_line_TW_rep1,0.0073649040423333645,False
GSM2830612,brain,GSE106159,test,source,GSE106159,Brain,U87_cell_line_TW_rep2,0.008961115032434464,False
GSM2830613,brain,GSE106159,test,source,GSE106159,Brain,U87_cell_line_TW_rep3,0.009553703479468822,False
GSM2830614,brain,GSE106159,test,source,GSE106159,Brain,U87_cell_line_TW_rep4,0.01273400243371725,False
GSM2830616,brain,GSE106159,test,source,GSE106159,Brain,U87_cell_line_dTW_rep2,0.011930759064853191,False
GSM2830617,brain,GSE106159,test,source,GSE106159,Brain,U87_cell_line_dTW_rep3,0.01025286316871643,False
GSM2830618,brain,GSE106159,test,source,GSE106159,Brain,U87_cell_line_dTW_rep4,0.0100081292912364,False
GSM2843848,brain,GSE106608,test,source,GSE106608,fresh-frozen brain tissue,H204,0.19635236263275146,False
GSM2843849,brain,GSE106608,test,source,GSE106608,fresh-frozen brain tissue,H137,0.197921484708786,False
GSM2843850,brain,GSE106608,test,source,GSE106608,fresh-frozen brain tissue,H123,0.18304862082004547,False
GSM2843851,brain,GSE106608,test,source,GSE106608,fresh-frozen brain tissue,H109,0.190816730260849,False
GSM2843852,brain,GSE106608,test,source,GSE106608,fresh-frozen brain tissue,H122,0.1748133897781372,False
GSM2843853,brain,GSE106608,test,source,GSE106608,fresh-frozen brain tissue,H131,0.1535061150789261,False
GSM2843854,brain,GSE106608,test,source,GSE106608,fresh-frozen brain tissue,H120,0.15895605087280273,False
GSM2843855,brain,GSE106608,test,source,GSE106608,fresh-frozen brain tissue,H121,0.1632128208875656,False
GSM2843856,brain,GSE106608,test,source,GSE106608,fresh-frozen brain tissue,H168,0.17446811497211456,False
GSM2843857,brain,GSE106608,test,source,GSE106608,fresh-frozen brain tissue,PD50,0.19412173330783844,False
GSM2843858,brain,GSE106608,test,source,GSE106608,fresh-frozen brain tissue,PD54,0.17174287140369415,False
GSM2843859,brain,GSE106608,test,source,GSE106608,fresh-frozen brain tissue,PD16,0.13057005405426025,False
GSM2843860,brain,GSE106608,test,source,GSE106608,fresh-frozen brain tissue,PD33,0.31439682841300964,False
GSM2843861,brain,GSE106608,test,source,GSE106608,fresh-frozen brain tissue,PD15,0.12847547233104706,False
GSM2843862,brain,GSE106608,test,source,GSE106608,fresh-frozen brain tissue,PD8,0.1821727156639099,False
GSM2843863,brain,GSE106608,test,source,GSE106608,fresh-frozen brain tissue,PD58,0.10750528424978256,False
GSM3123155,brain,GSE113673|GSE113901,test,source,GSE113673	GSE113901,female rett brain donor,nextseq9: female rett brain donor (human),0.23917822539806366,False
GSM4008953,brain,GSE135437,test,source,GSE135437,Human brain surgery sample,GBM1_2_6,0.25811609625816345,False
GSM4008957,brain,GSE135437,test,source,GSE135437,Human brain surgery sample,GBM3_Pl1_2_6,0.20527595281600952,False
GSM4008960,brain,GSE135437,test,source,GSE135437,Human brain surgery sample,GBM4_1_7,0.21938715875148773,False
GSM4008962,brain,GSE135437,test,source,GSE135437,Human brain surgery sample,Pat10_GM_1_5,0.21861623227596283,False
GSM4008964,brain,GSE135437,test,source,GSE135437,Human brain surgery sample,Pat10_WM_2_8,0.23375563323497772,False
GSM4008969,brain,GSE135437,test,source,GSE135437,Human brain surgery sample,Pat12_1_1,0.498657763004303,False
GSM4008972,brain,GSE135437,test,source,GSE135437,Human brain surgery sample,Pat13_GM_2_2,0.3862047791481018,False
GSM4008976,brain,GSE135437,test,source,GSE135437,Human brain surgery sample,Pat14_Plate2_2_4,0.2606833279132843,False
GSM4008977,brain,GSE135437,test,source,GSE135437,Human brain surgery sample,Pat15_GM_1_1,0.30397212505340576,False
GSM4008980,brain,GSE135437,test,source,GSE135437,Human brain surgery sample,Pat15_WM_2_4,0.3097996115684509,False
GSM4008982,brain,GSE135437,test,source,GSE135437,Human brain surgery sample,Pat1_GM_2_6,0.20612086355686188,False
GSM4008983,brain,GSE135437,test,source,GSE135437,Human brain surgery sample,Pat1_WM_1_7,0.189019575715065,False
GSM4008984,brain,GSE135437,test,source,GSE135437,Human brain surgery sample,Pat1_WM_2_8,0.23648612201213837,False
GSM4008986,brain,GSE135437,test,source,GSE135437,Human brain surgery sample,Pat2_GM_2_2,0.411083459854126,False
GSM4008987,brain,GSE135437,test,source,GSE135437,Human brain surgery sample,Pat2_WM_1_3,0.4625295102596283,False
GSM4008996,brain,GSE135437,test,source,GSE135437,Human brain surgery sample,Pat4_WM_1_12,0.37798982858657837,False
GSM4009001,brain,GSE135437,test,source,GSE135437,Human brain surgery sample,Pat6_Plate1_1_1,0.39085182547569275,False
GSM4009002,brain,GSE135437,test,source,GSE135437,Human brain surgery sample,Pat6_Plate1_2_2,0.22122839093208313,False
GSM4009008,brain,GSE135437,test,source,GSE135437,Human brain surgery sample,Pat7_WM2_MS_Ctrl_1_7,0.3299465477466583,False
GSM4009016,brain,GSE135437,test,source,GSE135437,Human brain surgery sample,Pat9_WM_1_5,0.43832927942276,False
GSM4098896,brain,GSE138082,test,source,GSE138082,hippocampus,CA1_CTL_0815,0.020003292709589005,False
GSM4098899,brain,GSE138082,test,source,GSE138082,hippocampus,CA1_CTL_0823,0.017262006178498268,False
GSM4098900,brain,GSE138082,test,source,GSE138082,hippocampus,CA1_CTL_0827,0.02331649698317051,False
GSM4098904,brain,GSE138082,test,source,GSE138082,hippocampus,CA1_CTL_0832,0.024603186175227165,False
GSM4098906,brain,GSE138082,test,source,GSE138082,hippocampus,CA1_CTL_0836,0.021834684535861015,False
GSM4098909,brain,GSE138082,test,source,GSE138082,hippocampus,CA1_SZ_0809,0.025493735447525978,False
GSM4098919,brain,GSE138082,test,source,GSE138082,hippocampus,CA1_SZ_0835,0.02965208888053894,False
GSM4098924,brain,GSE138082,test,source,GSE138082,hippocampus,CA3_CTL_0876,0.03245735913515091,False
GSM4098925,brain,GSE138082,test,source,GSE138082,hippocampus,CA3_CTL_0877,0.024996118620038033,False
GSM4098926,brain,GSE138082,test,source,GSE138082,hippocampus,CA3_CTL_0878,0.0257524773478508,False
GSM4098927,brain,GSE138082,test,source,GSE138082,hippocampus,CA3_CTL_0879,0.027356315404176712,False
GSM4098930,brain,GSE138082,test,source,GSE138082,hippocampus,CA3_CTL_0882,0.012258503586053848,False
GSM4098937,brain,GSE138082,test,source,GSE138082,hippocampus,CA3_SZ_0863,0.021423127502202988,False
GSM4098938,brain,GSE138082,test,source,GSE138082,hippocampus,CA3_SZ_0864,0.01986268162727356,False
GSM4098939,brain,GSE138082,test,source,GSE138082,hippocampus,CA3_SZ_0865,0.017895296216011047,False
GSM4098941,brain,GSE138082,test,source,GSE138082,hippocampus,CA3_SZ_0867,0.030440038070082664,False
GSM4098943,brain,GSE138082,test,source,GSE138082,hippocampus,CA3_SZ_0869,0.018323108553886414,False
GSM4098945,brain,GSE138082,test,source,GSE138082,hippocampus,CA3_SZ_0871,0.013399605639278889,False
GSM4098959,brain,GSE138082,test,source,GSE138082,hippocampus,DG_CTL_0857,0.02622087299823761,False
GSM4098967,brain,GSE138082,test,source,GSE138082,hippocampus,DG_SZ_0840,0.02544235624372959,False
GSM4222739,brain,GSE142209,test,source,GSE142209,Brain,Human brain microvessels 1,0.09349490702152252,False
GSM4222740,brain,GSE142209,test,source,GSE142209,Brain,Human brain microvessels 2,0.10351639986038208,False
GSM4222741,brain,GSE142209,test,source,GSE142209,Brain,Human brain microvessels 3,0.10750146955251694,False
GSM4222742,brain,GSE142209,test,source,GSE142209,Brain,Human whole brain 1,0.09051550924777985,False
GSM4222743,brain,GSE142209,test,source,GSE142209,Brain,Human whole brain 2,0.07369231432676315,False
GSM4222744,brain,GSE142209,test,source,GSE142209,Brain,Human whole brain 3,0.16723494231700897,False
GSM4281978,brain,GSE144136,test,source,GSE144136,Post-mortem dosolateral prefrontal cortex,5: Post-mortem dosolateral prefrontal cortex,0.43582916259765625,False
GSM4281998,brain,GSE144136,test,source,GSE144136,Post-mortem dosolateral prefrontal cortex,25: Post-mortem dosolateral prefrontal cortex,0.40192925930023193,False
GSM4589993,brain,GSE151761,test,source,GSE151761,Human Postmortem Brain,D1S2.122316.BB,0.15493224561214447,False
GSM4589994,brain,GSE151761,test,source,GSE151761,Human Postmortem Brain,D1S2.121616.1,0.12126892060041428,False
GSM4589995,brain,GSE151761,test,source,GSE151761,Human Postmortem Brain,D1S2.121616.2A,0.15670783817768097,False
GSM4589996,brain,GSE151761,test,source,GSE151761,Human Postmortem Brain,D1S2.121616.2B,0.14101041853427887,False
GSM4589997,brain,GSE151761,test,source,GSE151761,Human Postmortem Brain,D1S2.121616.2C,0.12137705832719803,False
GSM4589998,brain,GSE151761,test,source,GSE151761,Human Postmortem Brain,Cn_AN08536_PosteriorCaudate.072618,0.13459672033786774,False
GSM4589999,brain,GSE151761,test,source,GSE151761,Human Postmortem Brain,D1S1.022017.pool1,0.09531577676534653,False
GSM4590000,brain,GSE151761,test,source,GSE151761,Human Postmortem Brain,D1S7.030717.pool1,0.11814204603433609,False
GSM4590001,brain,GSE151761,test,source,GSE151761,Human Postmortem Brain,D1S7.030717.pool2,0.10942943394184113,False
GSM4590002,brain,GSE151761,test,source,GSE151761,Human Postmortem Brain,D2S1.122216,0.10254621505737305,False
GSM4590003,brain,GSE151761,test,source,GSE151761,Human Postmortem Brain,D2S2.122216,0.13988742232322693,False
GSM4590004,brain,GSE151761,test,source,GSE151761,Human Postmortem Brain,D2S7.122916,0.14169372618198395,False
GSM4590005,brain,GSE151761,test,source,GSE151761,Human Postmortem Brain,D2S7.030217.pool1,0.09974206984043121,False
GSM4590006,brain,GSE151761,test,source,GSE151761,Human Postmortem Brain,D2S7.030217.pool2,0.09191663563251495,False
GSM4590007,brain,GSE151761,test,source,GSE151761,Human Postmortem Brain,D1MC.112717,0.15766164660453796,False
GSM4590012,brain,GSE151761,test,source,GSE151761,Human Postmortem Brain,D2MC.112917,0.16677778959274292,False
GSM4590019,brain,GSE151761,test,source,GSE151761,Human Postmortem Brain,D1S1.022017.pool2,0.12118980288505554,False
GSM4590020,brain,GSE151761,test,source,GSE151761,Human Postmortem Brain,D1PL.112817,0.20779851078987122,False
GSM5011860,brain,GSE164478,test,source,GSE164478,Plate 1_Human brain total RNA,Sample 25_Plate 1_Human brain total RNA_Rep 1,0.028013529255986214,False
GSM5011861,brain,GSE164478,test,source,GSE164478,Plate 1_Human brain total RNA,Sample 26_Plate 1_Human brain total RNA_Rep 2,0.026429761201143265,False
GSM998875,brain,GSE40651|GSE40653,test,source,GSE40651	GSE40653,Human brain,Human CLIPseq FUS/TLS,0.04072292521595955,False
GSM1414933,brain,GSE58604,test,source,GSE58604,Human brain,Human_1029_BA46_10,0.036373306065797806,False
GSM1414934,brain,GSE58604,test,source,GSE58604,Human brain,Human_1029_BA44_6,0.10251956433057785,False
GSM1414936,brain,GSE58604,test,source,GSE58604,Human brain,Human_1029_BA39_10,0.03508557006716728,False
GSM1414937,brain,GSE58604,test,source,GSE58604,Human brain,Human_1029_BA6_5,0.030993489548563957,False
GSM1414938,brain,GSE58604,test,source,GSE58604,Human brain,Human_1029_BA45_10,0.014350404031574726,False
GSM1414942,brain,GSE58604,test,source,GSE58604,Human brain,Human_1581_BA39_9,0.0326092503964901,False
GSM1414944,brain,GSE58604,test,source,GSE58604,Human brain,Human_1581_BA44_5,0.03235355764627457,False
GSM1414945,brain,GSE58604,test,source,GSE58604,Human brain,Human_1581_BA21_6,0.03772205114364624,False
GSM1414949,brain,GSE58604,test,source,GSE58604,Human brain,Human_1905_BA21_3,0.04390832409262657,False
GSM1414952,brain,GSE58604,test,source,GSE58604,Human brain,Human_1905_BA22_12,0.04224230721592903,False
GSM1414953,brain,GSE58604,test,source,GSE58604,Human brain,Human_1905_BA44_4,0.04063566029071808,False
GSM1414954,brain,GSE58604,test,source,GSE58604,Human brain,Human_1905_BA9_4,0.032986804842948914,False
GSM1414955,brain,GSE58604,test,source,GSE58604,Human brain,Human_1905_BA6_10,0.09189484268426895,False
GSM1414958,brain,GSE58604,test,source,GSE58604,Human brain,Human_1905_BA47_1,0.03401728346943855,False
GSM1414959,brain,GSE58604,test,source,GSE58604,Human brain,Human_4593_BA45_2,0.050398655235767365,False
GSM1414962,brain,GSE58604,test,source,GSE58604,Human brain,Human_4915_BA22_9,0.03415424004197121,False
GSM1414963,brain,GSE58604,test,source,GSE58604,Human brain,Human_4915_BA9_1,0.09429518133401871,False
GSM1414970,brain,GSE58604,test,source,GSE58604,Human brain,Human_4924_BA45_4,0.03806079551577568,False
GSM1414977,brain,GSE58604,test,source,GSE58604,Human brain,Human_4924_BA47_7,0.0329013466835022,False
GSM1414979,brain,GSE58604,test,source,GSE58604,Human brain,Human_4924_BA9_6,0.03539601340889931,False
GSM1617398,brain,GSE66217,test,source,GSE66217,mid-fetal cerebral cortex,FB032_LG+Prhi,0.11272786557674408,False
GSM1617399,brain,GSE66217,test,source,GSE66217,mid-fetal cerebral cortex,FB032_LG+Prlo,0.08513817936182022,False
GSM1617400,brain,GSE66217,test,source,GSE66217,mid-fetal cerebral cortex,FB032_LG-Pr-,0.11871873587369919,False
GSM1617401,brain,GSE66217,test,source,GSE66217,mid-fetal cerebral cortex,FB033_LG+Prhi,0.06848461925983429,False
GSM1617402,brain,GSE66217,test,source,GSE66217,mid-fetal cerebral cortex,FB033_LG+Prlo,0.08222075551748276,False
GSM1617403,brain,GSE66217,test,source,GSE66217,mid-fetal cerebral cortex,FB033_LG-Pr-,0.09220331907272339,False
GSM1617404,brain,GSE66217,test,source,GSE66217,mid-fetal cerebral cortex,FB035_LG+Prhi,0.08279471844434738,False
GSM1617405,brain,GSE66217,test,source,GSE66217,mid-fetal cerebral cortex,FB035_LG+Prlo,0.09451297670602798,False
GSM1617406,brain,GSE66217,test,source,GSE66217,mid-fetal cerebral cortex,FB035_LG-Pr-,0.16797415912151337,False
GSM1642279,brain,GSE67196,test,source,GSE67196,brain,1_FCX,0.04856336861848831,False
GSM1642281,brain,GSE67196,test,source,GSE67196,brain,2_FCX,0.030001988634467125,False
GSM1642287,brain,GSE67196,test,source,GSE67196,brain,6_FCX,0.056593675166368484,False
GSM1642288,brain,GSE67196,test,source,GSE67196,brain,62_cereb,0.06720603257417679,False
GSM1642289,brain,GSE67196,test,source,GSE67196,brain,62_FCX,0.053258515894412994,False
GSM1642296,brain,GSE67196,test,source,GSE67196,brain,12_cereb,0.05610846355557442,False
GSM1642297,brain,GSE67196,test,source,GSE67196,brain,12_FCX,0.036407627165317535,False
GSM1642300,brain,GSE67196,test,source,GSE67196,brain,14_cereb,0.05220624431967735,False
GSM1642303,brain,GSE67196,test,source,GSE67196,brain,70_FCX,0.06184564530849457,False
GSM1642305,brain,GSE67196,test,source,GSE67196,brain,71_FCX,0.03254566714167595,False
GSM1642307,brain,GSE67196,test,source,GSE67196,brain,72_FCX,0.03798902407288551,False
GSM1642309,brain,GSE67196,test,source,GSE67196,brain,73_FCX,0.04796628654003143,False
GSM1642310,brain,GSE67196,test,source,GSE67196,brain,74_cereb,0.04288780316710472,False
GSM1642313,brain,GSE67196,test,source,GSE67196,brain,75_FCX,0.04636778682470322,False
GSM1642321,brain,GSE67196,test,source,GSE67196,brain,91_FCX,0.05478183180093765,False
GSM1642323,brain,GSE67196,test,source,GSE67196,brain,93_FCX,0.03706102445721626,False
GSM1642326,brain,GSE67196,test,source,GSE67196,brain,95_cereb,0.052905164659023285,False
GSM1642327,brain,GSE67196,test,source,GSE67196,brain,95_FCX,0.07730881124734879,False
GSM1642328,brain,GSE67196,test,source,GSE67196,brain,97_cereb,0.07148268073797226,False
GSM1642329,brain,GSE67196,test,source,GSE67196,brain,97_FCX,0.017800847068428993,False
GSM2071266,brain,GSE78291,test,source,GSE78291,Homo sapiens cerebellum tissue female fetal (19 weeks),small RNA-seq from cerebellum (ENCLB218ZZZ),0.3151063024997711,False
GSM2071267,brain,GSE78291,test,source,GSE78291,Homo sapiens cerebellum tissue female fetal (37 weeks),small RNA-seq from cerebellum (ENCLB217ZZZ),0.1182016134262085,False
GSM3040158,colon,GSE111819,test,source,GSE111819,full-thickness sigmoid colon tissue,KS02,0.04360610991716385,False
GSM3040159,colon,GSE111819,test,source,GSE111819,full-thickness sigmoid colon tissue,KS03,0.0505346916615963,False
GSM3040161,colon,GSE111819,test,source,GSE111819,full-thickness sigmoid colon tissue,KS06,0.06704623997211456,False
GSM3040162,colon,GSE111819,test,source,GSE111819,full-thickness sigmoid colon tissue,KS09,0.04129672795534134,False
GSM3040163,colon,GSE111819,test,source,GSE111819,full-thickness sigmoid colon tissue,KS11,0.030486078932881355,False
GSM3040164,colon,GSE111819,test,source,GSE111819,full-thickness sigmoid colon tissue,KS14,0.03894331678748131,False
GSM3040165,colon,GSE111819,test,source,GSE111819,full-thickness sigmoid colon tissue,KS13,0.021307123824954033,False
GSM3040166,colon,GSE111819,test,source,GSE111819,full-thickness sigmoid colon tissue,KS15,0.01366228237748146,False
GSM3040167,colon,GSE111819,test,source,GSE111819,full-thickness sigmoid colon tissue,KS17,0.02053418569266796,False
GSM3040168,colon,GSE111819,test,source,GSE111819,full-thickness sigmoid colon tissue,KS20,0.020830661058425903,False
GSM3040169,colon,GSE111819,test,source,GSE111819,full-thickness sigmoid colon tissue,KS22,0.017924638465046883,False
GSM3040171,colon,GSE111819,test,source,GSE111819,full-thickness sigmoid colon tissue,KS07,0.04068101942539215,False
GSM3040172,colon,GSE111819,test,source,GSE111819,full-thickness sigmoid colon tissue,KS08,0.03760829567909241,False
GSM3040174,colon,GSE111819,test,source,GSE111819,full-thickness sigmoid colon tissue,KS12,0.0427556186914444,False
GSM3040175,colon,GSE111819,test,source,GSE111819,full-thickness sigmoid colon tissue,KS16,0.05581182613968849,False
GSM3040176,colon,GSE111819,test,source,GSE111819,full-thickness sigmoid colon tissue,KS19,0.0320187471807003,False
GSM3040177,colon,GSE111819,test,source,GSE111819,full-thickness sigmoid colon tissue,KS21,0.033111803233623505,False
GSM3040178,colon,GSE111819,test,source,GSE111819,full-thickness sigmoid colon tissue,KS24,0.02394966594874859,False
GSM3040180,colon,GSE111819,test,source,GSE111819,full-thickness sigmoid colon tissue,KS26,0.0215140450745821,False
GSM3040181,colon,GSE111819,test,source,GSE111819,full-thickness sigmoid colon tissue,KS27,0.039145659655332565,False
GSM1616912,colon,GSE66207|GSE66209,test,source,GSE66207	GSE66209,Colon,"B2/stricturing Crohn's disease [RNA-Seq, 20_CD_NI_B2]",0.13944555819034576,False
GSM1616913,colon,GSE66207|GSE66209,test,source,GSE66207	GSE66209,Colon,"B2/stricturing Crohn's disease [RNA-Seq, 21_CD_NI_B2]",0.09095295518636703,False
GSM1616916,colon,GSE66207|GSE66209,test,source,GSE66207	GSE66209,Colon,"B1/non-strituring, non-penetrating Crohn's disease [RNA-Seq, 54_CD_NI_B1]",0.08914423733949661,False
GSM1616917,colon,GSE66207|GSE66209,test,source,GSE66207	GSE66209,Colon,"B3/penetrating Crohn's disease [RNA-Seq, 62_CD_NI_B3]",0.09599069505929947,False
GSM1616918,colon,GSE66207|GSE66209,test,source,GSE66207	GSE66209,Colon,"B1/non-strituring, non-penetrating Crohn's disease [RNA-Seq, 63_CD_NI_B1]",0.05521514639258385,False
GSM1616919,colon,GSE66207|GSE66209,test,source,GSE66207	GSE66209,Colon,"B3/penetrating Crohn's disease [RNA-Seq, 64_CD_NI_B3]",0.20843172073364258,False
GSM1616921,colon,GSE66207|GSE66209,test,source,GSE66207	GSE66209,Colon,"B3/penetrating Crohn's disease [RNA-Seq, 407_CD_NI_B3]",0.0578361339867115,False
GSM1616922,colon,GSE66207|GSE66209,test,source,GSE66207	GSE66209,Colon,"B1/non-strituring, non-penetrating Crohn's disease [RNA-Seq, 408_CD_NI_B1]",0.08300581574440002,False
GSM1616924,colon,GSE66207|GSE66209,test,source,GSE66207	GSE66209,Colon,"B2/stricturing Crohn's disease [RNA-Seq, 420_CD_NI_B2]",0.1003059521317482,False
GSM1616925,colon,GSE66207|GSE66209,test,source,GSE66207	GSE66209,Colon,"B2/stricturing Crohn's disease [RNA-Seq, 422_CD_NI_B2]",0.13267047703266144,False
GSM1616926,colon,GSE66207|GSE66209,test,source,GSE66207	GSE66209,Colon,"B3/penetrating Crohn's disease [RNA-Seq, 424_CD_NI_B3]",0.13989228010177612,False
GSM1616927,colon,GSE66207|GSE66209,test,source,GSE66207	GSE66209,Colon,"B1/non-strituring, non-penetrating Crohn's disease [RNA-Seq, 429_CD_NI_B1]",0.047496646642684937,False
GSM1616928,colon,GSE66207|GSE66209,test,source,GSE66207	GSE66209,Colon,"B1/non-strituring, non-penetrating Crohn's disease [RNA-Seq, 431_CD_NI_B1]",0.0666094720363617,False
GSM1616929,colon,GSE66207|GSE66209,test,source,GSE66207	GSE66209,Colon,"B3/penetrating Crohn's disease [RNA-Seq, 434_CD_NI_B3]",0.1871885061264038,False
GSM1616930,colon,GSE66207|GSE66209,test,source,GSE66207	GSE66209,Colon,"B2/stricturing Crohn's disease [RNA-Seq, 440_CD_NI_B2]",0.08734238892793655,False
GSM1616932,colon,GSE66207|GSE66209,test,source,GSE66207	GSE66209,Colon,"Normal colon biopsy, female age 53 [RNA-Seq, 22_NIBD_NI]",0.04334082454442978,False
GSM1616938,colon,GSE66207|GSE66209,test,source,GSE66207	GSE66209,Colon,"Normal colon acquired during surgery for colonic inertia, female age 41 [RNA-Seq, 36_NIBD_NI]",0.05915622040629387,False
GSM1616940,colon,GSE66207|GSE66209,test,source,GSE66207	GSE66209,Colon,"Normal colon acquired during surgery for large polyp, male age 65 [RNA-Seq, 42_NIBD_NI]",0.12402140349149704,False
GSM1616942,colon,GSE66207|GSE66209,test,source,GSE66207	GSE66209,Colon,"Normal colon acquired during surgery for adenoma, male age 70 [RNA-Seq, 48_NIBD_NI]",0.05865362659096718,False
GSM1616943,colon,GSE66207|GSE66209,test,source,GSE66207	GSE66209,Colon,"Normal colon acquired during surgery for adenoma, male age 62 [RNA-Seq, 49_NIBD_NI]",0.11731275171041489,False
GSM2343211,colon,GSE88023,test,source,GSE88023,Homo sapiens sigmoid colon tissue female adult (53 years),total RNA-seq from sigmoid colon (ENCLB554PCH),0.02167159505188465,False
GSM2343560,colon,GSE88188,test,source,GSE88188,Homo sapiens transverse colon tissue female adult (53 years),small RNA-seq from transverse colon (ENCLB893QNR),0.09593666344881058,False
GSM2343949,colon,GSE88418,test,source,GSE88418,Homo sapiens transverse colon tissue male adult (54 years),total RNA-seq from transverse colon (ENCLB584WWI),0.10423924028873444,False
GSM2344169,colon,GSE88547,test,source,GSE88547,Homo sapiens transverse colon tissue female adult (53 years),total RNA-seq from transverse colon (ENCLB214XDA),0.08411432802677155,False
GSM2511252,colon,GSE95435|GSE95450|GSE95459,test,source,GSE95435	GSE95459,colonic mucosa,20141208_Bulk,0.3598211705684662,False
GSM2511260,colon,GSE95435|GSE95450|GSE95459,test,source,GSE95435	GSE95459,colonic mucosa,20141211_Bulk,0.26310446858406067,False
GSM2514385,colon,GSE95435|GSE95450|GSE95459,test,source,GSE95450	GSE95459,colonic mucosa,20160517_Bulk2,0.3711213171482086,False
GSM3531768,liver,GSE124395,test,source,GSE124395,Liver tissue,P309_3,0.46639424562454224,False
GSM3531776,liver,GSE124395,test,source,GSE124395,Liver tissue,P309_11,0.4987679719924927,False
GSM3531778,liver,GSE124395,test,source,GSE124395,Liver tissue,P309_13,0.43621107935905457,False
GSM3662869,liver,GSE128072,test,source,GSE128072,Liver,B5_RNA-Seq [FGC1236_s_6_1_GAATTCGT-CCTATCCT],0.05318891257047653,False
GSM3662904,liver,GSE128072,test,source,GSE128072,Liver,B9_RNA-Seq [FGC1368_s_1_1_GAGATTCC-CCTATCCT],0.042018208652734756,False
GSM3662939,liver,GSE128072,test,source,GSE128072,Liver,B13_RNA-Seq [FGC1368_s_4_1_AGCGATAG-GGCTCTGA],0.04078429937362671,False
GSM3662960,liver,GSE128072,test,source,GSE128072,Liver,B17_RNA-Seq [FGC1368_s_1_1_TCCGGAGA-ATAGAGGC],0.07273348420858383,False
GSM3662985,liver,GSE128072,test,source,GSE128072,Liver,B20_RNA-Seq [FGC1368_s_2_1_ATTCAGAA-ATAGAGGC],0.08017449826002121,False
GSM3663068,liver,GSE128072,test,source,GSE128072,Liver,B31_RNA-Seq [FGC1227_s_8_1_TAATGCGC-CCTATCCT],0.037452030926942825,False
GSM3663142,liver,GSE128072,test,source,GSE128072,Liver,B40_RNA-Seq [FGC1243_s_4_1_TCCGGAGA-GGCTCTGA],0.05806974694132805,False
GSM3663238,liver,GSE128072,test,source,GSE128072,Liver,MC-2_RNA-Seq [FGC1248_s_3_1_TCCGGAGA-TATAGCCT],0.07575013488531113,False
GSM3663338,liver,GSE128072,test,source,GSE128072,Liver,MC-17_RNA-Seq [FGC1191_s_7_1_ATTACTCG-ATAGAGGC],0.054502539336681366,False
GSM3663444,liver,GSE128072,test,source,GSE128072,Liver,MC-32_RNA-Seq [FGC1244_s_1_1_AGCGATAG-ATAGAGGC],0.05187825858592987,False
GSM3663512,liver,GSE128072,test,source,GSE128072,Liver,MC-41_RNA-Seq [FGC1247_s_2_1_CTGAAGCT-CCTATCCT],0.04863221198320389,False
GSM3663712,liver,GSE128072,test,source,GSE128072,Liver,MC-69_RNA-Seq [FGC1247_s_5_1_GAGATTCC-AGGCGAAG],0.09561044722795486,False
GSM3663763,liver,GSE128072,test,source,GSE128072,Liver,MC-76_RNA-Seq [FGC1244_s_2_1_CGGCTATG-AGGCGAAG],0.0736401304602623,False
GSM3663808,liver,GSE128072,test,source,GSE128072,Liver,MC-83_RNA-Seq [FGC1227_s_7_1_TCCGGAGA-TAATCTTA],0.06828712671995163,False
GSM3663824,liver,GSE128072,test,source,GSE128072,Liver,MC-84_RNA-Seq [FGC1247_s_8_1_CGCTCATT-TAATCTTA],0.04893438518047333,False
GSM3663826,liver,GSE128072,test,source,GSE128072,Liver,MC-85_RNA-Seq [FGC1191_s_7_1_GAGATTCC-TAATCTTA],0.06652253121137619,False
GSM3663853,liver,GSE128072,test,source,GSE128072,Liver,MC-89_RNA-Seq [FGC1227_s_5_1_CTGAAGCT-TAATCTTA],0.1507403701543808,False
GSM3663860,liver,GSE128072,test,source,GSE128072,Liver,MC-89_RNA-Seq [FGC1247_s_3_1_CTGAAGCT-TAATCTTA],0.17375653982162476,False
GSM3663930,liver,GSE128072,test,source,GSE128072,Liver,MC-98_RNA-Seq [FGC1247_s_6_1_TCCGGAGA-CAGGACGT],0.08283654600381851,False
GSM3664044,liver,GSE128072,test,source,GSE128072,Liver,MC-115_RNA-Seq [FGC1247_s_5_1_CGCTCATT-GTACTGAC],0.06794188171625137,False
GSM4059320,liver,GSE136846,test,source,GSE136846,liver,N_G0213,0.0022306651808321476,False
GSM4059321,liver,GSE136846,test,source,GSE136846,liver,N_G0218,0.004078313708305359,False
GSM4059322,liver,GSE136846,test,source,GSE136846,liver,N_G0224,0.002664178144186735,False
GSM4059323,liver,GSE136846,test,source,GSE136846,liver,N_G0164,0.0021017352119088173,False
GSM4059324,liver,GSE136846,test,source,GSE136846,liver,N_G0228,0.0022388938814401627,False
GSM4059325,liver,GSE136846,test,source,GSE136846,liver,N_G0267,0.005410964600741863,False
GSM4188845,liver,GSE140845|GSE140846,test,source,GSE140845	GSE140846,Liver Tissue,HN1: Uninfected Normal Liver tissue (Total RNA-Seq),0.001920743496157229,False
GSM4188846,liver,GSE140845|GSE140846,test,source,GSE140845	GSE140846,Liver Tissue,HN2: Uninfected Normal Liver tissue (Total RNA-Seq),0.004044194705784321,False
GSM4188847,liver,GSE140845|GSE140846,test,source,GSE140845	GSE140846,Liver Tissue,HN3: Uninfected Normal Liver tissue (Total RNA-Seq),0.0024212906137108803,False
GSM4188848,liver,GSE140845|GSE140846,test,source,GSE140845	GSE140846,Liver Tissue,HN4: Uninfected Normal Liver tissue (Total RNA-Seq),0.004141815472394228,False
GSM4188849,liver,GSE140845|GSE140846,test,source,GSE140845	GSE140846,Liver Tissue,HN5: Uninfected Normal Liver tissue (Total RNA-Seq),0.00643457705155015,False
GSM4462456,liver,GSE148355,test,source,GSE148355,"Normal tissue, liver",Sample_1 [Cat_N001],0.03757213056087494,False
GSM4462457,liver,GSE148355,test,source,GSE148355,"Normal tissue, liver",Sample_2 [Cat_N002],0.03543435037136078,False
GSM4462458,liver,GSE148355,test,source,GSE148355,"Normal tissue, liver",Sample_3 [Cat_N003],0.024795256555080414,False
GSM4462459,liver,GSE148355,test,source,GSE148355,"Normal tissue, liver",Sample_4 [Cat_N004],0.057265542447566986,False
GSM4462461,liver,GSE148355,test,source,GSE148355,"Normal tissue, liver",Sample_6 [Cat_N006],0.03502359613776207,False
GSM4462462,liver,GSE148355,test,source,GSE148355,"Normal tissue, liver",Sample_7 [Cat_N007],0.041052356362342834,False
GSM4462463,liver,GSE148355,test,source,GSE148355,"Normal tissue, liver",Sample_8 [Cat_N011],0.03472559526562691,False
GSM4462464,liver,GSE148355,test,source,GSE148355,"Normal tissue, liver",Sample_9 [Cat_N012],0.04861972853541374,False
GSM4462465,liver,GSE148355,test,source,GSE148355,"Normal tissue, liver",Sample_10 [Cat_N013],0.028857475146651268,False
GSM4462467,liver,GSE148355,test,source,GSE148355,"Normal tissue, liver",Sample_11 [Cat_N014],0.03536189720034599,False
GSM4462468,liver,GSE148355,test,source,GSE148355,"Normal tissue, liver",Sample_12 [Cat_N015],0.03820020332932472,False
GSM4462470,liver,GSE148355,test,source,GSE148355,"Normal tissue, liver",Sample_14 [Cat_N017],0.03239413723349571,False
GSM4838474,liver,GSE159720,test,source,GSE159720,liver tissue,62_BA,0.026108600199222565,False
GSM4838475,liver,GSE159720,test,source,GSE159720,liver tissue,421_BA,0.046676184982061386,False
GSM4838476,liver,GSE159720,test,source,GSE159720,liver tissue,690_BA,0.0803745910525322,False
GSM4838477,liver,GSE159720,test,source,GSE159720,liver tissue,789_BA,0.06963631510734558,False
GSM4838479,liver,GSE159720,test,source,GSE159720,liver tissue,785_NC,0.059974998235702515,False
GSM4838480,liver,GSE159720,test,source,GSE159720,liver tissue,791_NC,0.027371248230338097,False
GSM1538069,liver,GSE63018,test,source,GSE63018,normal liver,MC5,0.03253936395049095,False
GSM1538074,liver,GSE63018,test,source,GSE63018,normal liver,MC16,0.03501717373728752,False
GSM1538079,liver,GSE63018,test,source,GSE63018,normal liver,MC38,0.03485223650932312,False
GSM1538081,liver,GSE63018,test,source,GSE63018,normal liver,MC35,0.042511649429798126,False
GSM1538089,liver,GSE63018,test,source,GSE63018,normal liver,MC41,0.03843534365296364,False
GSM1538091,liver,GSE63018,test,source,GSE63018,normal liver,MC22,0.028658660128712654,False
GSM1538093,liver,GSE63018,test,source,GSE63018,normal liver,MC27,0.025487594306468964,False
GSM1538095,liver,GSE63018,test,source,GSE63018,normal liver,MC32,0.026180051267147064,False
GSM1538102,liver,GSE63018,test,source,GSE63018,normal liver,MC19,0.020274318754673004,False
GSM2177841,liver,GSE81928,test,source,GSE81928,Pediatric liver,Normal liver 2,0.03660563752055168,False
GSM2177844,liver,GSE81928,test,source,GSE81928,Pediatric liver,Background liver 2,0.03698688745498657,False
GSM2177845,liver,GSE81928,test,source,GSE81928,Pediatric liver,Background liver 3,0.043253276497125626,False
GSM2177850,liver,GSE81928,test,source,GSE81928,Pediatric liver,Hepatoblastoma liver 2,0.03689412400126457,False
GSM2177856,liver,GSE81928,test,source,GSE81928,Pediatric liver,Hepatoblastoma liver 8,0.05325719341635704,False
GSM2177859,liver,GSE81928,test,source,GSE81928,Pediatric liver,Hepatoblastoma liver 11,0.07180757075548172,False
GSM2177861,liver,GSE81928,test,source,GSE81928,Pediatric liver,Hepatoblastoma liver 13,0.043123986572027206,False
GSM2177862,liver,GSE81928,test,source,GSE81928,Pediatric liver,Hepatoblastoma liver 14,0.06414683908224106,False
GSM2177863,liver,GSE81928,test,source,GSE81928,Pediatric liver,Hepatoblastoma liver 15,0.0598837174475193,False
GSM2177870,liver,GSE81928,test,source,GSE81928,Pediatric liver,Hepatoblastoma liver 22,0.1105090081691742,False
GSM2177871,liver,GSE81928,test,source,GSE81928,Pediatric liver,Hepatoblastoma liver 23,0.05035201087594032,False
GSM2453420,liver,GSE93481,test,source,GSE93481,Homo sapiens liver tissue male adult (18 years),polyA mRNA RNA-seq from liver (ENCLB490UAX),0.018136458471417427,False
GSM2453421,liver,GSE93481,test,source,GSE93481,Homo sapiens liver tissue male adult (18 years),polyA mRNA RNA-seq from liver (ENCLB828MEI),0.0013199266977608204,False
GSM4751784,lung,GSE157055,test,source,GSE157055,Lung,JA1_Tissue_a_S85_L004,0.01819225214421749,False
GSM4751787,lung,GSE157055,test,source,GSE157055,Lung,JA2_Tissue_a_S87_L004,0.060107260942459106,False
GSM4751788,lung,GSE157055,test,source,GSE157055,Lung,JA2_Tissue_b_S88_L004,0.0635959580540657,False
GSM4810280,lung,GSE158767,test,source,GSE158767,lung,lung tissue H1,0.07858093082904816,False
GSM4810281,lung,GSE158767,test,source,GSE158767,lung,lung tissue L1,0.04891953244805336,False
GSM4810282,lung,GSE158767,test,source,GSE158767,lung,lung tissue H2,0.09375252574682236,False
GSM4810283,lung,GSE158767,test,source,GSE158767,lung,lung tissue L2,0.05855877324938774,False
GSM4810284,lung,GSE158767,test,source,GSE158767,lung,lung tissue H3,0.05885203927755356,False
GSM4810285,lung,GSE158767,test,source,GSE158767,lung,lung tissue L3,0.048971112817525864,False
GSM4810286,lung,GSE158767,test,source,GSE158767,lung,lung tissue H4,0.06059756875038147,False
GSM4810287,lung,GSE158767,test,source,GSE158767,lung,lung tissue L4,0.053085632622241974,False
GSM4810288,lung,GSE158767,test,source,GSE158767,lung,lung tissue H5,0.08754850924015045,False
GSM4810289,lung,GSE158767,test,source,GSE158767,lung,lung tissue L5,0.059096693992614746,False
GSM5331140,lung,GSE175238,test,source,GSE175238,"Homo sapiens male adult (60 years) lower lobe of right lung tissue, preserved by flash-freezing",total RNA-seq from lower lobe of right lung (ENCLB338PMP),0.013977663591504097,False
GSM5356205,lung,GSE176121,test,source,GSE176121,lung,"non-CF subject B0419, control",0.05012261122465134,False
GSM5356206,lung,GSE176121,test,source,GSE176121,lung,"non-CF subject B0519, control",0.06671492010354996,False
GSM5356208,lung,GSE176121,test,source,GSE176121,lung,"non-CF subject B0719, control",0.04918614402413368,False
GSM5356209,lung,GSE176121,test,source,GSE176121,lung,"non-CF subject B0819, control",0.06160283833742142,False
GSM5356210,lung,GSE176121,test,source,GSE176121,lung,"non-CF subject B0919, control",0.051940836012363434,False
GSM5356211,lung,GSE176121,test,source,GSE176121,lung,"non-CF subject B0419, exposed to IL-17+TNFa",0.09415404498577118,False
GSM5356213,lung,GSE176121,test,source,GSE176121,lung,"non-CF subject B0619, exposed to IL-17+TNFa",0.0683259442448616,False
GSM5356214,lung,GSE176121,test,source,GSE176121,lung,"non-CF subject B0719, exposed to IL-17+TNFa",0.10925289988517761,False
GSM5356216,lung,GSE176121,test,source,GSE176121,lung,"non-CF subject B0919, exposed to IL-17+TNFa",0.10787509381771088,False
GSM5356217,lung,GSE176121,test,source,GSE176121,lung,"CF subject CFB0219, control",0.05975896492600441,False
GSM5356218,lung,GSE176121,test,source,GSE176121,lung,"CF subject CFB0319, control",0.04400445893406868,False
GSM5356219,lung,GSE176121,test,source,GSE176121,lung,"CF subject CFB0419, control",0.05239931866526604,False
GSM5356220,lung,GSE176121,test,source,GSE176121,lung,"CF subject CFB2518, control",0.05529249459505081,False
GSM5356222,lung,GSE176121,test,source,GSE176121,lung,"CF subject CFB3218, control",0.052043356001377106,False
GSM5356223,lung,GSE176121,test,source,GSE176121,lung,"CF subject CFB0219, exposed to IL-17+TNFa",0.11114446073770523,False
GSM5356224,lung,GSE176121,test,source,GSE176121,lung,"CF subject CFB0319, exposed to IL-17+TNFa",0.08943790197372437,False
GSM5356225,lung,GSE176121,test,source,GSE176121,lung,"CF subject CFB0419, exposed to IL-17+TNFa",0.06312069296836853,False
GSM5356226,lung,GSE176121,test,source,GSE176121,lung,"CF subject CFB2518, exposed to IL-17+TNFa",0.11637528240680695,False
GSM5356227,lung,GSE176121,test,source,GSE176121,lung,"CF subject CFB2818, exposed to IL-17+TNFa",0.08142345398664474,False
GSM5356228,lung,GSE176121,test,source,GSE176121,lung,"CF subject CFB3218, exposed to IL-17+TNFa",0.09184281527996063,False
GSM1267256,lung,GSE52463,test,source,GSE52463,lung tissue,Norm1,0.014179727993905544,False
GSM1267257,lung,GSE52463,test,source,GSE52463,lung tissue,Norm2,0.017258312553167343,False
GSM1267258,lung,GSE52463,test,source,GSE52463,lung tissue,Norm3,0.03529658913612366,False
GSM1267259,lung,GSE52463,test,source,GSE52463,lung tissue,Norm4,0.03229021653532982,False
GSM1267260,lung,GSE52463,test,source,GSE52463,lung tissue,Norm5,0.031799063086509705,False
GSM1267261,lung,GSE52463,test,source,GSE52463,lung tissue,Norm6,0.06466151028871536,False
GSM1267262,lung,GSE52463,test,source,GSE52463,lung tissue,Norm8,0.030300190672278404,False
GSM1267263,lung,GSE52463,test,source,GSE52463,lung tissue,IPF1,0.04781660437583923,False
GSM1267264,lung,GSE52463,test,source,GSE52463,lung tissue,IPF2,0.03704601526260376,False
GSM1267265,lung,GSE52463,test,source,GSE52463,lung tissue,IPF3,0.05705131217837334,False
GSM1267266,lung,GSE52463,test,source,GSE52463,lung tissue,IPF4,0.037231702357530594,False
GSM1267267,lung,GSE52463,test,source,GSE52463,lung tissue,IPF5,0.053386885672807693,False
GSM1267268,lung,GSE52463,test,source,GSE52463,lung tissue,IPF6,0.019302768632769585,False
GSM1267269,lung,GSE52463,test,source,GSE52463,lung tissue,IPF7,0.025238042697310448,False
GSM1267270,lung,GSE52463,test,source,GSE52463,lung tissue,IPF8,0.028626829385757446,False
GSM1824136,lung,GSE70968,test,title,GSE70968,"Pt, normal_tissue",matched normal lung tissue from a patient,0.45741283893585205,False
GSM2071277,lung,GSE78297,test,source,GSE78297,Homo sapiens lung tissue female fetal (24 weeks),small RNA-seq from lung (ENCLB230ZZZ),0.07466169446706772,False
GSM2071278,lung,GSE78297,test,source,GSE78297,Homo sapiens lung tissue female fetal (20 weeks),small RNA-seq from lung (ENCLB229ZZZ),0.04308456927537918,False
GSM3211356,skin,GSE116142,test,source,GSE116142,dermis of the retroauricular skin,dermis_rep1,0.017847247421741486,False
GSM3211358,skin,GSE116142,test,source,GSE116142,dermis of the retroauricular skin,dermis_rep2,0.018922079354524612,False
GSM3211360,skin,GSE116142,test,source,GSE116142,dermis of the retroauricular skin,dermis_rep3,0.011323319748044014,False
GSM3581195,skin,GSE125733,test,source,GSE125733,Skin,Healthy Control 1,0.046611759811639786,False
GSM3581196,skin,GSE125733,test,source,GSE125733,Skin,Healthy Control 2,0.057053640484809875,False
GSM3581197,skin,GSE125733,test,source,GSE125733,Skin,Healthy Control 3,0.029457086697220802,False
GSM3581198,skin,GSE125733,test,source,GSE125733,Skin,Healthy Control 4,0.040031351149082184,False
GSM3581199,skin,GSE125733,test,source,GSE125733,Skin,Healthy Control 5,0.021569358184933662,False
GSM3581200,skin,GSE125733,test,source,GSE125733,Skin,Healthy Control 6,0.038732338696718216,False
GSM3581201,skin,GSE125733,test,source,GSE125733,Skin,Healthy Control 7,0.03545662760734558,False
GSM3581202,skin,GSE125733,test,source,GSE125733,Skin,Case 1,0.06057453155517578,False
GSM3581203,skin,GSE125733,test,source,GSE125733,Skin,Case 2,0.03543398901820183,False
GSM3581204,skin,GSE125733,test,source,GSE125733,Skin,Case 3,0.03716551139950752,False
GSM3581205,skin,GSE125733,test,source,GSE125733,Skin,Case 4,0.04101157188415527,False
GSM3581206,skin,GSE125733,test,source,GSE125733,Skin,Case 5,0.05785050243139267,False
GSM3581207,skin,GSE125733,test,source,GSE125733,Skin,Case 6,0.03864692151546478,False
GSM3581208,skin,GSE125733,test,source,GSE125733,Skin,Case 7,0.044645294547080994,False
GSM3852815,skin,GSE132195,test,source,GSE132195,Skin biopsy,4,0.18310002982616425,False
GSM3852816,skin,GSE132195,test,source,GSE132195,Skin biopsy,6,0.26433640718460083,False
GSM3852820,skin,GSE132195,test,source,GSE132195,Skin biopsy,10,0.14120031893253326,False
GSM3852823,skin,GSE132195,test,source,GSE132195,Skin biopsy,14,0.13308973610401154,False
GSM3852834,skin,GSE132195,test,source,GSE132195,Skin biopsy,26,0.20073015987873077,False
GSM3852837,skin,GSE132195,test,source,GSE132195,Skin biopsy,29,0.126606747508049,False
GSM3852844,skin,GSE132195,test,source,GSE132195,Skin biopsy,38,0.1544201821088791,False
GSM3852846,skin,GSE132195,test,source,GSE132195,Skin biopsy,61,0.1666562855243683,False
GSM3852857,skin,GSE132195,test,source,GSE132195,Skin biopsy,73,0.1593507081270218,False
GSM3852862,skin,GSE132195,test,source,GSE132195,Skin biopsy,78,0.19244195520877838,False
GSM3852867,skin,GSE132195,test,source,GSE132195,Skin biopsy,83,0.17485064268112183,False
GSM3852875,skin,GSE132195,test,source,GSE132195,Skin biopsy,B13,0.12618952989578247,False
GSM3852882,skin,GSE132195,test,source,GSE132195,Skin biopsy,B4,0.17296506464481354,False
GSM3852883,skin,GSE132195,test,source,GSE132195,Skin biopsy,B5,0.14179006218910217,False
GSM3852887,skin,GSE132195,test,source,GSE132195,Skin biopsy,B9,0.14828971028327942,False
GSM3852891,skin,GSE132195,test,source,GSE132195,Skin biopsy,B17,0.15763647854328156,False
GSM3852892,skin,GSE132195,test,source,GSE132195,Skin biopsy,B18,0.19423726201057434,False
GSM3852895,skin,GSE132195,test,source,GSE132195,Skin biopsy,A75,0.15014433860778809,False
GSM3852899,skin,GSE132195,test,source,GSE132195,Skin biopsy,A82,0.13843153417110443,False
GSM3852900,skin,GSE132195,test,source,GSE132195,Skin biopsy,A83,0.16998609900474548,False
GSM4127070,skin,GSE139028,test,source,GSE139028,Normal Skin,AE1,0.02131527289748192,False
GSM4127073,skin,GSE139028,test,source,GSE139028,Normal Skin,AE4,0.026267755776643753,False
GSM4127074,skin,GSE139028,test,source,GSE139028,Normal Skin,AE5,0.03220929205417633,False
GSM4182960,skin,GSE140740,test,source,GSE140740,Fibroblasts obtained from skin biopsy,Wild type clone  [C10],0.03000158816576004,False
GSM4182961,skin,GSE140740,test,source,GSE140740,Fibroblasts obtained from skin biopsy,Wild type clone [C13],0.029318684712052345,False
GSM4182962,skin,GSE140740,test,source,GSE140740,Fibroblasts obtained from skin biopsy,Wild type clone [C15],0.041511841118335724,False
GSM4679395,skin,GSE154773,test,source,GSE154773,skin,CHS017:skin,0.007044947240501642,False
GSM4679396,skin,GSE154773,test,source,GSE154773,skin,CHS018:skin,0.007010226137936115,False
GSM4679398,skin,GSE154773,test,source,GSE154773,skin,CHS022:skin,0.006683004088699818,False
GSM4679399,skin,GSE154773,test,source,GSE154773,skin,CHS023:skin,0.0065349675714969635,False
GSM4679400,skin,GSE154773,test,source,GSE154773,skin,CHS024:skin,0.007912776432931423,False
GSM4679402,skin,GSE154773,test,source,GSE154773,skin,CHS031:skin,0.0068710604682564735,False
GSM4679404,skin,GSE154773,test,source,GSE154773,skin,HS002:skin,0.005956027191132307,False
GSM4679405,skin,GSE154773,test,source,GSE154773,skin,HS003:skin,0.007146782707422972,False
GSM4679406,skin,GSE154773,test,source,GSE154773,skin,HS006:skin,0.01204997580498457,False
GSM4679409,skin,GSE154773,test,source,GSE154773,skin,HS009:skin,0.010479413904249668,False
GSM4679410,skin,GSE154773,test,source,GSE154773,skin,HS010:skin,0.007573431823402643,False
GSM4679412,skin,GSE154773,test,source,GSE154773,skin,HS013:skin,0.008485615253448486,False
GSM4679413,skin,GSE154773,test,source,GSE154773,skin,HS014:skin,0.007025118451565504,False
GSM4679414,skin,GSE154773,test,source,GSE154773,skin,HS016:skin,0.0070791468024253845,False
GSM4679417,skin,GSE154773,test,source,GSE154773,skin,HS026:skin,0.005941696930676699,False
GSM4679418,skin,GSE154773,test,source,GSE154773,skin,HS027:skin,0.009577104821801186,False
GSM4679419,skin,GSE154773,test,source,GSE154773,skin,HS028:skin,0.00802107434719801,False
GSM4679420,skin,GSE154773,test,source,GSE154773,skin,HS029:skin,0.011751373298466206,False
GSM4679421,skin,GSE154773,test,source,GSE154773,skin,HS032:skin,0.007643275428563356,False
GSM4679423,skin,GSE154773,test,source,GSE154773,skin,HS034:skin,0.008889184333384037,False
GSM5393847,skin,GSE178563,test,source,GSE178563,Skin Biopsy,OS1 (Ordinary scabies 1),0.07470709085464478,False
GSM5393849,skin,GSE178563,test,source,GSE178563,Skin Biopsy,OS3 (Ordinary scabies 3),0.04550136253237724,False
GSM5393852,skin,GSE178563,test,source,GSE178563,Skin Biopsy,N1 (Naïve 1),0.041236117482185364,False
GSM5393853,skin,GSE178563,test,source,GSE178563,Skin Biopsy,N2 (Naïve 2),0.04640371352434158,False
GSM5393854,skin,GSE178563,test,source,GSE178563,Skin Biopsy,N3 (Naïve 3),0.1041269302368164,False
GSM1930367,skin,GSE74697,test,source,GSE74697,Normal Skin,C2,0.05251415818929672,False
GSM1930368,skin,GSE74697,test,source,GSE74697,Normal Skin,C3,0.041625916957855225,False
GSM1930369,skin,GSE74697,test,source,GSE74697,Normal Skin,C4,0.039983585476875305,False
GSM1930370,skin,GSE74697,test,source,GSE74697,Normal Skin,C5,0.047836072742938995,False
GSM1930371,skin,GSE74697,test,source,GSE74697,Normal Skin,C6,0.05255863443017006,False
GSM1930372,skin,GSE74697,test,source,GSE74697,Normal Skin,C8,0.03942684456706047,False
GSM1930373,skin,GSE74697,test,source,GSE74697,Normal Skin,C9,0.05605684220790863,False
GSM1930374,skin,GSE74697,test,source,GSE74697,Normal Skin,C10,0.04911268875002861,False
GSM1930375,skin,GSE74697,test,source,GSE74697,Normal Skin,C11,0.05664268881082535,False
GSM1930376,skin,GSE74697,test,source,GSE74697,Normal Skin,C12,0.041899673640728,False
GSM1930377,skin,GSE74697,test,source,GSE74697,Normal Skin,C13,0.048580508679151535,False
GSM1930378,skin,GSE74697,test,source,GSE74697,Normal Skin,C15,0.04813218489289284,False
GSM1930379,skin,GSE74697,test,source,GSE74697,Normal Skin,107,0.0859828069806099,False
GSM1930380,skin,GSE74697,test,source,GSE74697,Normal Skin,M32ACtrl,0.09649473428726196,False
GSM1930381,skin,GSE74697,test,source,GSE74697,Normal Skin,V003ACtrl,0.05454548820853233,False
GSM1930382,skin,GSE74697,test,source,GSE74697,Normal Skin,V008,0.07915272563695908,False
GSM2254452,skin,GSE84943,test,source,GSE84943,Embryonic skin,Skin_E13_rep1,0.2340136468410492,False
GSM2254453,skin,GSE84943,test,source,GSE84943,Embryonic skin,Skin_E13_rep2,0.2379487007856369,False
GSM2254454,skin,GSE84943,test,source,GSE84943,Embryonic skin,Skin_E13_rep3,0.24391067028045654,False
GSM2344268,skin,GSE88605,test,source,GSE88605,Homo sapiens suprapubic skin tissue male adult (37 years),total RNA-seq from suprapubic skin (ENCLB591IEN),0.08794348686933517,False
GSM2705367,brain,GSE101521,train,source,GSE101521,dorsal lateral prefrontal cortex (Brodmann Area 9),V2,0.058043938130140305,False
GSM2705368,brain,GSE101521,train,source,GSE101521,dorsal lateral prefrontal cortex (Brodmann Area 9),V3,0.0555080883204937,False
GSM2705370,brain,GSE101521,train,source,GSE101521,dorsal lateral prefrontal cortex (Brodmann Area 9),V5,0.04764652997255325,False
GSM2705372,brain,GSE101521,train,source,GSE101521,dorsal lateral prefrontal cortex (Brodmann Area 9),V7,0.05069476738572121,False
GSM2705374,brain,GSE101521,train,source,GSE101521,dorsal lateral prefrontal cortex (Brodmann Area 9),V9,0.048256419599056244,False
GSM2705375,brain,GSE101521,train,source,GSE101521,dorsal lateral prefrontal cortex (Brodmann Area 9),V10,0.048035286366939545,False
GSM2705376,brain,GSE101521,train,source,GSE101521,dorsal lateral prefrontal cortex (Brodmann Area 9),V11,0.049997493624687195,False
GSM2705379,brain,GSE101521,train,source,GSE101521,dorsal lateral prefrontal cortex (Brodmann Area 9),V14,0.06648194789886475,False
GSM2705385,brain,GSE101521,train,source,GSE101521,dorsal lateral prefrontal cortex (Brodmann Area 9),V20,0.04604851454496384,False
GSM2705392,brain,GSE101521,train,source,GSE101521,dorsal lateral prefrontal cortex (Brodmann Area 9),V27,0.05137297511100769,False
GSM2705393,brain,GSE101521,train,source,GSE101521,dorsal lateral prefrontal cortex (Brodmann Area 9),V28,0.06401847302913666,False
GSM2705396,brain,GSE101521,train,source,GSE101521,dorsal lateral prefrontal cortex (Brodmann Area 9),V31,0.04998726025223732,False
GSM2705397,brain,GSE101521,train,source,GSE101521,dorsal lateral prefrontal cortex (Brodmann Area 9),V32,0.051446232944726944,False
GSM2705400,brain,GSE101521,train,source,GSE101521,dorsal lateral prefrontal cortex (Brodmann Area 9),V35,0.04022057354450226,False
GSM2705403,brain,GSE101521,train,source,GSE101521,dorsal lateral prefrontal cortex (Brodmann Area 9),V38,0.050418443977832794,False
GSM2705404,brain,GSE101521,train,source,GSE101521,dorsal lateral prefrontal cortex (Brodmann Area 9),V39,0.03277205675840378,False
GSM2705406,brain,GSE101521,train,source,GSE101521,dorsal lateral prefrontal cortex (Brodmann Area 9),V41,0.04442894086241722,False
GSM2705412,brain,GSE101521,train,source,GSE101521,dorsal lateral prefrontal cortex (Brodmann Area 9),V47,0.04588506370782852,False
GSM2705421,brain,GSE101521,train,source,GSE101521,dorsal lateral prefrontal cortex (Brodmann Area 9),V56,0.046368591487407684,False
GSM2705422,brain,GSE101521,train,source,GSE101521,dorsal lateral prefrontal cortex (Brodmann Area 9),V57,0.04585913196206093,False
GSM2740615,brain,GSE102556,train,source,GSE102556,postmortem brain,56: Orbitofrontal (OFC; BA11),0.041260361671447754,False
GSM2740636,brain,GSE102556,train,source,GSE102556,postmortem brain,124: Orbitofrontal (OFC; BA11),0.04422298073768616,False
GSM2740670,brain,GSE102556,train,source,GSE102556,postmortem brain,63: Dorsolateral prefrontal cortex (dlPFC; BA8/9),0.02823133021593094,False
GSM2740690,brain,GSE102556,train,source,GSE102556,postmortem brain,183: Dorsolateral prefrontal cortex (dlPFC; BA8/9),0.028595801442861557,False
GSM2740706,brain,GSE102556,train,source,GSE102556,postmortem brain,17: Cingulate gyrus 25 (Cg25),0.028474057093262672,False
GSM2740740,brain,GSE102556,train,source,GSE102556,postmortem brain,201: Cingulate gyrus 25 (Cg25),0.04308725893497467,False
GSM2740748,brain,GSE102556,train,source,GSE102556,postmortem brain,246: Cingulate gyrus 25 (Cg25),0.030143363401293755,False
GSM2740783,brain,GSE102556,train,source,GSE102556,postmortem brain,162: Anterior Insula (aINS),0.0420011468231678,False
GSM2740790,brain,GSE102556,train,source,GSE102556,postmortem brain,212: Anterior Insula (aINS),0.04074857756495476,False
GSM2740791,brain,GSE102556,train,source,GSE102556,postmortem brain,222: Anterior Insula (aINS),0.038824982941150665,False
GSM2740793,brain,GSE102556,train,source,GSE102556,postmortem brain,236: Anterior Insula (aINS),0.024049334228038788,False
GSM2740799,brain,GSE102556,train,source,GSE102556,postmortem brain,14: Nucleus Accumbens (Nac),0.025986775755882263,False
GSM2740800,brain,GSE102556,train,source,GSE102556,postmortem brain,17: Nucleus Accumbens (Nac),0.025588827207684517,False
GSM2740820,brain,GSE102556,train,source,GSE102556,postmortem brain,105: Nucleus Accumbens (Nac),0.024148840457201004,False
GSM2740843,brain,GSE102556,train,source,GSE102556,postmortem brain,242: Nucleus Accumbens (Nac),0.02663572132587433,False
GSM2740875,brain,GSE102556,train,source,GSE102556,postmortem brain,153: Subiculum (Sub),0.029988663271069527,False
GSM2740876,brain,GSE102556,train,source,GSE102556,postmortem brain,183: Subiculum (Sub),0.03421822562813759,False
GSM2740880,brain,GSE102556,train,source,GSE102556,postmortem brain,201: Subiculum (Sub),0.03314861282706261,False
GSM2740885,brain,GSE102556,train,source,GSE102556,postmortem brain,238: Subiculum (Sub),0.034546930342912674,False
GSM2740889,brain,GSE102556,train,source,GSE102556,postmortem brain,249: Subiculum (Sub),0.02983809821307659,False
GSM2745901,brain,GSE102741,train,source,GSE102741,"Postmortem Brain, DLPFC",Control 3,0.03790970891714096,False
GSM2745904,brain,GSE102741,train,source,GSE102741,"Postmortem Brain, DLPFC",Control 6,0.041995368897914886,False
GSM2745905,brain,GSE102741,train,source,GSE102741,"Postmortem Brain, DLPFC",Control 7,0.046974703669548035,False
GSM2745907,brain,GSE102741,train,source,GSE102741,"Postmortem Brain, DLPFC",Control 9,0.04274357855319977,False
GSM2745918,brain,GSE102741,train,source,GSE102741,"Postmortem Brain, DLPFC",Control 20,0.039003003388643265,False
GSM2745919,brain,GSE102741,train,source,GSE102741,"Postmortem Brain, DLPFC",Control 21,0.04432947188615799,False
GSM2745920,brain,GSE102741,train,source,GSE102741,"Postmortem Brain, DLPFC",Control 22,0.035605426877737045,False
GSM2745921,brain,GSE102741,train,source,GSE102741,"Postmortem Brain, DLPFC",Control 23,0.04766242578625679,False
GSM2745922,brain,GSE102741,train,source,GSE102741,"Postmortem Brain, DLPFC",Control 24,0.032141294330358505,False
GSM2745925,brain,GSE102741,train,source,GSE102741,"Postmortem Brain, DLPFC",Control 27,0.05424889177083969,False
GSM2745927,brain,GSE102741,train,source,GSE102741,"Postmortem Brain, DLPFC",Control 29,0.0558573454618454,False
GSM2745929,brain,GSE102741,train,source,GSE102741,"Postmortem Brain, DLPFC",Control 31,0.037764281034469604,False
GSM2745932,brain,GSE102741,train,source,GSE102741,"Postmortem Brain, DLPFC",Control 34,0.035627782344818115,False
GSM2745933,brain,GSE102741,train,source,GSE102741,"Postmortem Brain, DLPFC",Control 35,0.0415528230369091,False
GSM2745936,brain,GSE102741,train,source,GSE102741,"Postmortem Brain, DLPFC",ASD 1,0.0457749180495739,False
GSM2745941,brain,GSE102741,train,source,GSE102741,"Postmortem Brain, DLPFC",ASD 6,0.04771805927157402,False
GSM2745942,brain,GSE102741,train,source,GSE102741,"Postmortem Brain, DLPFC",ASD 7,0.03307716175913811,False
GSM2745943,brain,GSE102741,train,source,GSE102741,"Postmortem Brain, DLPFC",ASD 8,0.04220915213227272,False
GSM2745945,brain,GSE102741,train,source,GSE102741,"Postmortem Brain, DLPFC",ASD 10,0.054181940853595734,False
GSM2745950,brain,GSE102741,train,source,GSE102741,"Postmortem Brain, DLPFC",Control 39,0.04594162106513977,False
GSM2842950,brain,GSE106577|GSE106580,train,source,GSE106577	GSE106580,brain,human_brain_RNA-seq,0.04709412157535553,False
GSM3015451,brain,GSE110731|GSE110732,train,source,GSE110731	GSE110732,Brain prefrontal cortex,P2C3_RNA_Seq,0.03356911987066269,False
GSM3015453,brain,GSE110731|GSE110732,train,source,GSE110731	GSE110732,Brain prefrontal cortex,E10_RNA_Seq,0.049008000642061234,False
GSM3015454,brain,GSE110731|GSE110732,train,source,GSE110731	GSE110732,Brain prefrontal cortex,F11_RNA_Seq,0.0395045131444931,False
GSM3015456,brain,GSE110731|GSE110732,train,source,GSE110731	GSE110732,Brain prefrontal cortex,A2_RNA_Seq,0.051893189549446106,False
GSM3015457,brain,GSE110731|GSE110732,train,source,GSE110731	GSE110732,Brain prefrontal cortex,B8_RNA_Seq,0.033549290150403976,False
GSM3015458,brain,GSE110731|GSE110732,train,source,GSE110731	GSE110732,Brain prefrontal cortex,H5_RNA_Seq,0.03376343846321106,False
GSM3015459,brain,GSE110731|GSE110732,train,source,GSE110731	GSE110732,Brain prefrontal cortex,E1_RNA_Seq,0.04067692533135414,False
GSM3015460,brain,GSE110731|GSE110732,train,source,GSE110731	GSE110732,Brain prefrontal cortex,E2_RNA_Seq,0.046307776123285294,False
GSM3015461,brain,GSE110731|GSE110732,train,source,GSE110731	GSE110732,Brain prefrontal cortex,B12_RNA_Seq,0.048011764883995056,False
GSM3015462,brain,GSE110731|GSE110732,train,source,GSE110731	GSE110732,Brain prefrontal cortex,D9_RNA_Seq,0.03542635962367058,False
GSM3015464,brain,GSE110731|GSE110732,train,source,GSE110731	GSE110732,Brain prefrontal cortex,G8_RNA_Seq,0.044758930802345276,False
GSM3015465,brain,GSE110731|GSE110732,train,source,GSE110731	GSE110732,Brain prefrontal cortex,E3_RNA_Seq,0.03647000342607498,False
GSM3015466,brain,GSE110731|GSE110732,train,source,GSE110731	GSE110732,Brain prefrontal cortex,E7_RNA_Seq,0.041040997952222824,False
GSM3015467,brain,GSE110731|GSE110732,train,source,GSE110731	GSE110732,Brain prefrontal cortex,B10_RNA_Seq,0.030056418851017952,False
GSM3015468,brain,GSE110731|GSE110732,train,source,GSE110731	GSE110732,Brain prefrontal cortex,D10_RNA_Seq,0.0262809619307518,False
GSM3015469,brain,GSE110731|GSE110732,train,source,GSE110731	GSE110732,Brain prefrontal cortex,B4_RNA_Seq,0.040546830743551254,False
GSM3015470,brain,GSE110731|GSE110732,train,source,GSE110731	GSE110732,Brain prefrontal cortex,P2A2_RNA_Seq,0.045587826520204544,False
GSM3015471,brain,GSE110731|GSE110732,train,source,GSE110731	GSE110732,Brain prefrontal cortex,F10_RNA_Seq,0.02817405015230179,False
GSM3015473,brain,GSE110731|GSE110732,train,source,GSE110731	GSE110732,Brain prefrontal cortex,H4_RNA_Seq,0.045461103320121765,False
GSM3015475,brain,GSE110731|GSE110732,train,source,GSE110731	GSE110732,Brain prefrontal cortex,C10_RNA_Seq,0.0447988323867321,False
GSM3072104,brain,GSE112523|GSE112525,train,source,GSE112523	GSE112525,frontal cortex of the human brain,9,0.08147800713777542,False
GSM3072105,brain,GSE112523|GSE112525,train,source,GSE112523	GSE112525,frontal cortex of the human brain,10,0.07560984790325165,False
GSM3072106,brain,GSE112523|GSE112525,train,source,GSE112523	GSE112525,frontal cortex of the human brain,15,0.061689700931310654,False
GSM3072107,brain,GSE112523|GSE112525,train,source,GSE112523	GSE112525,frontal cortex of the human brain,20,0.09807593375444412,False
GSM3072108,brain,GSE112523|GSE112525,train,source,GSE112523	GSE112525,frontal cortex of the human brain,21,0.07338660210371017,False
GSM3072112,brain,GSE112523|GSE112525,train,source,GSE112523	GSE112525,frontal cortex of the human brain,33,0.06540895998477936,False
GSM3072113,brain,GSE112523|GSE112525,train,source,GSE112523	GSE112525,frontal cortex of the human brain,38,0.08962612599134445,False
GSM3072115,brain,GSE112523|GSE112525,train,source,GSE112523	GSE112525,frontal cortex of the human brain,41,0.0839250236749649,False
GSM3072116,brain,GSE112523|GSE112525,train,source,GSE112523	GSE112525,frontal cortex of the human brain,56,0.06855469942092896,False
GSM3072117,brain,GSE112523|GSE112525,train,source,GSE112523	GSE112525,frontal cortex of the human brain,57,0.06389030069112778,False
GSM3072118,brain,GSE112523|GSE112525,train,source,GSE112523	GSE112525,frontal cortex of the human brain,58,0.07992113381624222,False
GSM3072119,brain,GSE112523|GSE112525,train,source,GSE112523	GSE112525,frontal cortex of the human brain,66,0.08010978996753693,False
GSM3072120,brain,GSE112523|GSE112525,train,source,GSE112523	GSE112525,frontal cortex of the human brain,69,0.07984988391399384,False
GSM3072121,brain,GSE112523|GSE112525,train,source,GSE112523	GSE112525,frontal cortex of the human brain,70,0.0906820073723793,False
GSM3072122,brain,GSE112523|GSE112525,train,source,GSE112523	GSE112525,frontal cortex of the human brain,72,0.05788895860314369,False
GSM3072123,brain,GSE112523|GSE112525,train,source,GSE112523	GSE112525,frontal cortex of the human brain,73,0.08100628107786179,False
GSM3072130,brain,GSE112523|GSE112525,train,source,GSE112523	GSE112525,frontal cortex of the human brain,82,0.08621899038553238,False
GSM3072131,brain,GSE112523|GSE112525,train,source,GSE112523	GSE112525,frontal cortex of the human brain,86,0.07667584717273712,False
GSM3072132,brain,GSE112523|GSE112525,train,source,GSE112523	GSE112525,frontal cortex of the human brain,87,0.05409090220928192,False
GSM3072135,brain,GSE112523|GSE112525,train,source,GSE112523	GSE112525,frontal cortex of the human brain,94,0.07453405112028122,False
GSM3108354,brain,GSE113524,train,source,GSE113524,Brain,Healthy2 RNA-Seq,0.056822195649147034,False
GSM3108355,brain,GSE113524,train,source,GSE113524,Brain,Healthy3 RNA-Seq,0.024288328364491463,False
GSM3108356,brain,GSE113524,train,source,GSE113524,Brain,Healthy4 RNA-Seq,0.04552769660949707,False
GSM3108357,brain,GSE113524,train,source,GSE113524,Brain,Healthy5 RNA-Seq,0.03135575354099274,False
GSM3108363,brain,GSE113524,train,source,GSE113524,Brain,Patient1 RNA-Seq,0.025227123871445656,False
GSM3108364,brain,GSE113524,train,source,GSE113524,Brain,Patient2 RNA-Seq,0.03184815123677254,False
GSM3108365,brain,GSE113524,train,source,GSE113524,Brain,Patient3 RNA-Seq,0.05280689895153046,False
GSM3108368,brain,GSE113524,train,source,GSE113524,Brain,Patient6 RNA-Seq,0.03237282484769821,False
GSM3108369,brain,GSE113524,train,source,GSE113524,Brain,Patient7 RNA-Seq,0.048392292112112045,False
GSM3732959,brain,GSE113524,train,source,GSE113524,Brain,Patient21 RNA-Seq,0.03132829815149307,False
GSM3732961,brain,GSE113524,train,source,GSE113524,Brain,Healthy24 RNA-Seq,0.03477597236633301,False
GSM3732963,brain,GSE113524,train,source,GSE113524,Brain,Healthy26 RNA-Seq,0.022734545171260834,False
GSM3732964,brain,GSE113524,train,source,GSE113524,Brain,Healthy27 RNA-Seq,0.030344665050506592,False
GSM3732965,brain,GSE113524,train,source,GSE113524,Brain,Healthy28 RNA-Seq,0.0383768193423748,False
GSM3732968,brain,GSE113524,train,source,GSE113524,Brain,Patient31 RNA-Seq,0.039659496396780014,False
GSM3732970,brain,GSE113524,train,source,GSE113524,Brain,Patient33 RNA-Seq,0.03982362896203995,False
GSM3732971,brain,GSE113524,train,source,GSE113524,Brain,Patient34 RNA-Seq,0.02906327322125435,False
GSM3732975,brain,GSE113524,train,source,GSE113524,Brain,Healthy38 RNA-Seq,0.019646689295768738,False
GSM3732976,brain,GSE113524,train,source,GSE113524,Brain,Healthy39 RNA-Seq,0.034477610141038895,False
GSM3732977,brain,GSE113524,train,source,GSE113524,Brain,Healthy40 RNA-Seq,0.03287224844098091,False
GSM4094428,brain,GSE114517,train,source,GSE114517,Amygdala,AM Cont Male [AM1],0.027744511142373085,False
GSM4094429,brain,GSE114517,train,source,GSE114517,Amygdala,AM Cont Male [AM2],0.02457805909216404,False
GSM4094430,brain,GSE114517,train,source,GSE114517,Amygdala,AM Cont Female [AM3],0.02007819525897503,False
GSM4094431,brain,GSE114517,train,source,GSE114517,Amygdala,AM Cont Female [AM4],0.02754356898367405,False
GSM4094432,brain,GSE114517,train,source,GSE114517,Amygdala,AM Cont Male [AM5],0.02721879631280899,False
GSM4094433,brain,GSE114517,train,source,GSE114517,Amygdala,AM Cont Female [AM6],0.030408527702093124,False
GSM4094434,brain,GSE114517,train,source,GSE114517,Amygdala,AM Cont Male [AM7],0.029744209721684456,False
GSM4094435,brain,GSE114517,train,source,GSE114517,Amygdala,AM Cont Female [AM8],0.02496035397052765,False
GSM4094436,brain,GSE114517,train,source,GSE114517,Amygdala,AM PD Male [AM9],0.02277914062142372,False
GSM4094437,brain,GSE114517,train,source,GSE114517,Amygdala,AM PD Male [AM10],0.02277243696153164,False
GSM4094438,brain,GSE114517,train,source,GSE114517,Amygdala,AM PD Male [AM11],0.021420801058411598,False
GSM4094439,brain,GSE114517,train,source,GSE114517,Amygdala,AM PD Male [AM12],0.023857424035668373,False
GSM4094440,brain,GSE114517,train,source,GSE114517,Amygdala,AM PD Male [AM13],0.020041948184370995,False
GSM4094441,brain,GSE114517,train,source,GSE114517,Amygdala,AM PD Male [AM14],0.01679995283484459,False
GSM4094444,brain,GSE114517,train,source,GSE114517,Amygdala,AM PD Female [AM17],0.02791370078921318,False
GSM4094445,brain,GSE114517,train,source,GSE114517,Amygdala,AM PD Male [AM18],0.026314198970794678,False
GSM4094446,brain,GSE114517,train,source,GSE114517,Amygdala,AM PD Male [AM19],0.013376605696976185,False
GSM4094447,brain,GSE114517,train,source,GSE114517,Amygdala,AM PD Male [AM20],0.017830148339271545,False
GSM4094449,brain,GSE114517,train,source,GSE114517,Amygdala,AM PD Male [AM22],0.02390952594578266,False
GSM4094450,brain,GSE114517,train,source,GSE114517,Amygdala,AM PD Female [AM23],0.023225899785757065,False
GSM3181745,brain,GSE115542,train,source,GSE115542,Brain,Icb-2555MB-20908_S23_L001,0.10199015587568283,False
GSM3181746,brain,GSE115542,train,source,GSE115542,Brain,Icb-2555MB-20908_S23_L002,0.09300929307937622,False
GSM3181747,brain,GSE115542,train,source,GSE115542,Brain,Icb-2555MB-20908_S23_L003,0.09552603214979172,False
GSM3181748,brain,GSE115542,train,source,GSE115542,Brain,Icb-2555MB-20908_S23_L004,0.11088981479406357,False
GSM3181750,brain,GSE115542,train,source,GSE115542,Brain,ICb-2555MB-21659-digoxin-bio_S14_L002,0.06522516161203384,False
GSM3181751,brain,GSE115542,train,source,GSE115542,Brain,ICb-2555MB-21659-digoxin-bio_S14_L003,0.06701380014419556,False
GSM3181752,brain,GSE115542,train,source,GSE115542,Brain,ICb-2555MB-21659-digoxin-bio_S14_L004,0.07825668156147003,False
GSM3181753,brain,GSE115542,train,source,GSE115542,Brain,ICb-1078MB-18342-Control_S8_L001,0.12572024762630463,False
GSM3181754,brain,GSE115542,train,source,GSE115542,Brain,ICb-1078MB-18342-Control_S8_L002,0.12298209965229034,False
GSM3181755,brain,GSE115542,train,source,GSE115542,Brain,ICb-1078MB-18342-Control_S8_L003,0.10119690746068954,False
GSM3181756,brain,GSE115542,train,source,GSE115542,Brain,ICb-1078MB-18342-Control_S8_L004,0.1271955966949463,False
GSM3181757,brain,GSE115542,train,source,GSE115542,Brain,ICb-1078MB-18343-Control_S9_L001,0.10927160829305649,False
GSM3181758,brain,GSE115542,train,source,GSE115542,Brain,ICb-1078MB-18343-Control_S9_L002,0.11413393914699554,False
GSM3181759,brain,GSE115542,train,source,GSE115542,Brain,ICb-1078MB-18343-Control_S9_L003,0.0878637284040451,False
GSM3181760,brain,GSE115542,train,source,GSE115542,Brain,ICb-1078MB-18343-Control_S9_L004,0.08289073407649994,False
GSM3181761,brain,GSE115542,train,source,GSE115542,Brain,ICb-1078MB-22234-digoxin-bio_S12_L001,0.14074385166168213,False
GSM3181763,brain,GSE115542,train,source,GSE115542,Brain,ICb-1078MB-22234-digoxin-bio_S12_L003,0.0993003249168396,False
GSM3181764,brain,GSE115542,train,source,GSE115542,Brain,ICb-1078MB-22234-digoxin-bio_S12_L004,0.12992826104164124,False
GSM3181766,brain,GSE115542,train,source,GSE115542,Brain,ICb-1078MB-22241-digoxin-bio_S13_L002,0.11917766183614731,False
GSM3181767,brain,GSE115542,train,source,GSE115542,Brain,ICb-1078MB-22241-digoxin-bio_S13_L003,0.13574664294719696,False
GSM3192032,brain,GSE115862,train,source,GSE115862,human brain neurons,hneurons_PolyARNASeq,0.24599771201610565,False
GSM3319627,brain,GSE118158,train,source,GSE118158,Brain tissue,1_692_VCx,0.16665571928024292,False
GSM3319628,brain,GSE118158,train,source,GSE118158,Brain tissue,1_729_Caudate,0.13530020415782928,False
GSM3319629,brain,GSE118158,train,source,GSE118158,Brain tissue,1_729_VCx,0.16073261201381683,False
GSM3319630,brain,GSE118158,train,source,GSE118158,Brain tissue,2_692_Caudate,0.07775284349918365,False
GSM3319631,brain,GSE118158,train,source,GSE118158,Brain tissue,2_692_Cerebellum,0.09608903527259827,False
GSM3319632,brain,GSE118158,train,source,GSE118158,Brain tissue,2_692_Hippocampus,0.08067335933446884,False
GSM3319633,brain,GSE118158,train,source,GSE118158,Brain tissue,2_729_Cerebellum,0.349406361579895,False
GSM3319634,brain,GSE118158,train,source,GSE118158,Brain tissue,2_729_PFC,0.08932101726531982,False
GSM3319635,brain,GSE118158,train,source,GSE118158,Brain tissue,3_683_Thalamus,0.08199247717857361,False
GSM3319636,brain,GSE118158,train,source,GSE118158,Brain tissue,3_692_PFC,0.08729161322116852,False
GSM3319637,brain,GSE118158,train,source,GSE118158,Brain tissue,3_692_Thalamus,0.04730485752224922,False
GSM3319638,brain,GSE118158,train,source,GSE118158,Brain tissue,3_729_Hippocampus,0.11613451689481735,False
GSM3319639,brain,GSE118158,train,source,GSE118158,Brain tissue,4_683_ACCx,0.09314147382974625,False
GSM3319640,brain,GSE118158,train,source,GSE118158,Brain tissue,4_683_SupCol,0.08172767609357834,False
GSM3319641,brain,GSE118158,train,source,GSE118158,Brain tissue,4_729_ACCx,0.127073734998703,False
GSM3319642,brain,GSE118158,train,source,GSE118158,Brain tissue,4_729_SupCol,0.06609949469566345,False
GSM3358037,brain,GSE119102,train,source,GSE119102,peritumoral brain tissue (zone III),peritumoral_untreated_1,0.12344009429216385,False
GSM3358038,brain,GSE119102,train,source,GSE119102,peritumoral brain tissue (zone III),peritumoral_untreated_2,0.10934020578861237,False
GSM3505489,brain,GSE123496,train,source,GSE123496,hippocampus,MS34H,0.03262165188789368,False
GSM3505494,brain,GSE123496,train,source,GSE123496,hippocampus,MS40H,0.04222894087433815,False
GSM3505499,brain,GSE123496,train,source,GSE123496,hippocampus,MS46H,0.034592289477586746,False
GSM3505504,brain,GSE123496,train,source,GSE123496,hippocampus,MS52H,0.04049922525882721,False
GSM3505509,brain,GSE123496,train,source,GSE123496,hippocampus,MS58H,0.037798840552568436,False
GSM3505514,brain,GSE123496,train,source,GSE123496,hippocampus,NL64H,0.0397682748734951,False
GSM3505519,brain,GSE123496,train,source,GSE123496,hippocampus,NL70H,0.041208501905202866,False
GSM3505524,brain,GSE123496,train,source,GSE123496,hippocampus,NL76H,0.03898525983095169,False
GSM3505529,brain,GSE123496,train,source,GSE123496,hippocampus,NL82H,0.02585355006158352,False
GSM3505534,brain,GSE123496,train,source,GSE123496,hippocampus,NL88H,0.05155448988080025,False
GSM3517146,brain,GSE123936,train,source,GSE123936,brain,X1525_Control_NeuN_human,0.23132161796092987,False
GSM3517149,brain,GSE123936,train,source,GSE123936,brain,X1528_Control_NeuN_human,0.21085943281650543,False
GSM3517152,brain,GSE123936,train,source,GSE123936,brain,X1532_Control_NeuN_human,0.18803903460502625,False
GSM3517153,brain,GSE123936,train,source,GSE123936,brain,X1536_Control_NeuN_human,0.1717759519815445,False
GSM3517155,brain,GSE123936,train,source,GSE123936,brain,X1539_Control_NeuN_human,0.22184902429580688,False
GSM3517157,brain,GSE123936,train,source,GSE123936,brain,X1541_Control_NeuN_human,0.1687854379415512,False
GSM3517158,brain,GSE123936,train,source,GSE123936,brain,X3545_Control_NeuN_human,0.20553533732891083,False
GSM3517161,brain,GSE123936,train,source,GSE123936,brain,X3602_Control_NeuN_human,0.17693431675434113,False
GSM3517162,brain,GSE123936,train,source,GSE123936,brain,X3611_Control_NeuN_human,0.2705423831939697,False
GSM3517168,brain,GSE123936,train,source,GSE123936,brain,AN15472_Control_NeuN_human,0.24639172852039337,False
GSM3517169,brain,GSE123936,train,source,GSE123936,brain,AN16799_Control_NeuN_human,0.22707852721214294,False
GSM3517172,brain,GSE123936,train,source,GSE123936,brain,X1524_Control_Olig2_human,0.3262416422367096,False
GSM3517174,brain,GSE123936,train,source,GSE123936,brain,X1526_Control_Olig2_human,0.16871711611747742,False
GSM3517176,brain,GSE123936,train,source,GSE123936,brain,X1528_Control_Olig2_human,0.20612046122550964,False
GSM3517178,brain,GSE123936,train,source,GSE123936,brain,X1530_Control_Olig2_human,0.19748203456401825,False
GSM3517182,brain,GSE123936,train,source,GSE123936,brain,X1541_Control_Olig2_human,0.26920509338378906,False
GSM3517183,brain,GSE123936,train,source,GSE123936,brain,X3545_Control_Olig2_human,0.1826772838830948,False
GSM3517187,brain,GSE123936,train,source,GSE123936,brain,X4615_Control_Olig2_human,0.3245221674442291,False
GSM3517188,brain,GSE123936,train,source,GSE123936,brain,AN03398_Control_Olig2_human,0.2561340928077698,False
GSM3517192,brain,GSE123936,train,source,GSE123936,brain,AN16799_Control_Olig2_human,0.26862314343452454,False
GSM3640335,brain,GSE127871,train,source,GSE127871,Hippocampus,Subject 1,0.08119308948516846,False
GSM3640336,brain,GSE127871,train,source,GSE127871,Hippocampus,Subject 2,0.10730092972517014,False
GSM3640337,brain,GSE127871,train,source,GSE127871,Hippocampus,Subject 3,0.09014681726694107,False
GSM3640338,brain,GSE127871,train,source,GSE127871,Hippocampus,Subject 4,0.13249088823795319,False
GSM3640339,brain,GSE127871,train,source,GSE127871,Hippocampus,Subject 5,0.0956835001707077,False
GSM3640340,brain,GSE127871,train,source,GSE127871,Hippocampus,Subject 6,0.09318016469478607,False
GSM3640341,brain,GSE127871,train,source,GSE127871,Hippocampus,Subject 7,0.13770118355751038,False
GSM3640342,brain,GSE127871,train,source,GSE127871,Hippocampus,Subject 8,0.0690530389547348,False
GSM3640343,brain,GSE127871,train,source,GSE127871,Hippocampus,Subject 9,0.11405104398727417,False
GSM3640344,brain,GSE127871,train,source,GSE127871,Hippocampus,Subject 10,0.0963827446103096,False
GSM3640345,brain,GSE127871,train,source,GSE127871,Hippocampus,Subject 11,0.13688866794109344,False
GSM3640346,brain,GSE127871,train,source,GSE127871,Hippocampus,Subject 12,0.07680770754814148,False
GSM3713464,brain,GSE129473,train,source,GSE129473,BA9 prefrontal cortex,C_0004 (re-analyzed),0.05577630549669266,False
GSM3713465,brain,GSE129473,train,source,GSE129473,BA9 prefrontal cortex,C_0005 (re-analyzed),0.04798956587910652,False
GSM3713466,brain,GSE129473,train,source,GSE129473,BA9 prefrontal cortex,C_0006 (re-analyzed),0.06519047915935516,False
GSM3713467,brain,GSE129473,train,source,GSE129473,BA9 prefrontal cortex,C_0008 (re-analyzed),0.06027721241116524,False
GSM3713472,brain,GSE129473,train,source,GSE129473,BA9 prefrontal cortex,C_0013 (re-analyzed),0.046998146921396255,False
GSM3713481,brain,GSE129473,train,source,GSE129473,BA9 prefrontal cortex,C_0022 (re-analyzed),0.04849144071340561,False
GSM3713485,brain,GSE129473,train,source,GSE129473,BA9 prefrontal cortex,C_0026 (re-analyzed),0.05532444640994072,False
GSM3713490,brain,GSE129473,train,source,GSE129473,BA9 prefrontal cortex,C_0035 (re-analyzed),0.07089237868785858,False
GSM3713496,brain,GSE129473,train,source,GSE129473,BA9 prefrontal cortex,C_0053 (re-analyzed),0.09971678256988525,False
GSM3713498,brain,GSE129473,train,source,GSE129473,BA9 prefrontal cortex,C_0061 (re-analyzed),0.05852959305047989,False
GSM3713500,brain,GSE129473,train,source,GSE129473,BA9 prefrontal cortex,C_0065 (re-analyzed),0.056297000497579575,False
GSM3713501,brain,GSE129473,train,source,GSE129473,BA9 prefrontal cortex,C_0069 (re-analyzed),0.07524958997964859,False
GSM3713503,brain,GSE129473,train,source,GSE129473,BA9 prefrontal cortex,C_0071 (re-analyzed),0.05705127492547035,False
GSM3713507,brain,GSE129473,train,source,GSE129473,BA9 prefrontal cortex,C_0081 (re-analyzed),0.051709309220314026,False
GSM3713514,brain,GSE129473,train,source,GSE129473,BA9 prefrontal cortex,H_0005 (re-analyzed),0.06342090666294098,False
GSM3713517,brain,GSE129473,train,source,GSE129473,BA9 prefrontal cortex,H_0008 (re-analyzed),0.059221286326646805,False
GSM3713523,brain,GSE129473,train,source,GSE129473,BA9 prefrontal cortex,H_0657 (re-analyzed),0.06921709328889847,False
GSM3713525,brain,GSE129473,train,source,GSE129473,BA9 prefrontal cortex,H_0681 (re-analyzed),0.0764085128903389,False
GSM3713528,brain,GSE129473,train,source,GSE129473,BA9 prefrontal cortex,H_0726 (re-analyzed),0.07508473098278046,False
GSM3713529,brain,GSE129473,train,source,GSE129473,BA9 prefrontal cortex,H_0740 (re-analyzed),0.06779304146766663,False
GSM3753085,brain,GSE130752,train,source,GSE130752,"Extracted RNA from SVZ homogenate dissociated from the adult human brain, library 1",16-090_SVZ,0.477091521024704,False
GSM3753087,brain,GSE130752,train,source,GSE130752,"Extracted RNA from SVZ homogenate dissociated from the adult human brain, library 2",16-098_SVZ,0.2255055159330368,False
GSM3753089,brain,GSE130752,train,source,GSE130752,"Extracted RNA from SVZ homogenate dissociated from the adult human brain, library 3",16-101_SVZ,0.23595280945301056,False
GSM3753091,brain,GSE130752,train,source,GSE130752,"Extracted RNA from SVZ homogenate dissociated from the adult human brain, library 4",16-102_SVZ,0.21131475269794464,False
GSM3753093,brain,GSE130752,train,source,GSE130752,"Extracted RNA from SVZ homogenate dissociated from the adult human brain, library 6",16-137_SVZ,0.2536642253398895,False
GSM3963732,brain,GSE134697,train,source,GSE134697,Brain,Hippocampus patient 1,0.007153125014156103,False
GSM3963734,brain,GSE134697,train,source,GSE134697,Brain,Hippocampus patient 2,0.008783535100519657,False
GSM3963735,brain,GSE134697,train,source,GSE134697,Brain,Neocortex patient 3,0.013741036877036095,False
GSM3963737,brain,GSE134697,train,source,GSE134697,Brain,Neocortex patient 4,0.01762310601770878,False
GSM3963739,brain,GSE134697,train,source,GSE134697,Brain,Neocortex patient 5,0.012527281418442726,False
GSM3963740,brain,GSE134697,train,source,GSE134697,Brain,Hippocampus patient 5,0.008649948984384537,False
GSM3963741,brain,GSE134697,train,source,GSE134697,Brain,Neocortex patient 6,0.013488877564668655,False
GSM3963743,brain,GSE134697,train,source,GSE134697,Brain,Neocortex patient 7,0.013121835887432098,False
GSM3963745,brain,GSE134697,train,source,GSE134697,Brain,Neocortex patient 8,0.009991350583732128,False
GSM3963747,brain,GSE134697,train,source,GSE134697,Brain,Neocortex patient 9,0.0114031583070755,False
GSM3963751,brain,GSE134697,train,source,GSE134697,Brain,Neocortex patient 11,0.011031139642000198,False
GSM3963752,brain,GSE134697,train,source,GSE134697,Brain,Hippocampus patient 11,0.010486920364201069,False
GSM3963754,brain,GSE134697,train,source,GSE134697,Brain,Hippocampus patient 12,0.00802171602845192,False
GSM3963755,brain,GSE134697,train,source,GSE134697,Brain,Neocortex patient 13,0.01235082559287548,False
GSM3963756,brain,GSE134697,train,source,GSE134697,Brain,Hippocampus patient 13,0.012128850445151329,False
GSM3963757,brain,GSE134697,train,source,GSE134697,Brain,Neocortex patient 14,0.010992645286023617,False
GSM3963760,brain,GSE134697,train,source,GSE134697,Brain,Hippocampus patient 15,0.009676773101091385,False
GSM3963761,brain,GSE134697,train,source,GSE134697,Brain,Neocortex patient 16,0.012779400683939457,False
GSM3963762,brain,GSE134697,train,source,GSE134697,Brain,Hippocampus patient 16,0.007560024969279766,False
GSM3963763,brain,GSE134697,train,source,GSE134697,Brain,Neocortex patient 17,0.009388968348503113,False
GSM3984151,brain,GSE135036|GSE135037,train,source,GSE135036	GSE135037,PD_Brain prefrontal cortex,41,0.022638970986008644,False
GSM3984152,brain,GSE135036|GSE135037,train,source,GSE135036	GSE135037,PD_Brain prefrontal cortex,51,0.01755763776600361,False
GSM3984153,brain,GSE135036|GSE135037,train,source,GSE135036	GSE135037,PD_Brain prefrontal cortex,79,0.021923234686255455,False
GSM3984154,brain,GSE135036|GSE135037,train,source,GSE135036	GSE135037,PD_Brain prefrontal cortex,81,0.011744589544832706,False
GSM3984155,brain,GSE135036|GSE135037,train,source,GSE135036	GSE135037,PD_Brain prefrontal cortex,106,0.025361312553286552,False
GSM3984157,brain,GSE135036|GSE135037,train,source,GSE135036	GSE135037,PD_Brain prefrontal cortex,216,0.01787109114229679,False
GSM3984158,brain,GSE135036|GSE135037,train,source,GSE135036	GSE135037,PD_Brain prefrontal cortex,226,0.016957825049757957,False
GSM3984161,brain,GSE135036|GSE135037,train,source,GSE135036	GSE135037,PD_Brain prefrontal cortex,286,0.01524962205439806,False
GSM3984164,brain,GSE135036|GSE135037,train,source,GSE135036	GSE135037,PD_Brain prefrontal cortex,340,0.011164404451847076,False
GSM3984165,brain,GSE135036|GSE135037,train,source,GSE135036	GSE135037,PD_Brain prefrontal cortex,348,0.015444221906363964,False
GSM3984167,brain,GSE135036|GSE135037,train,source,GSE135036	GSE135037,PD_Brain prefrontal cortex,368,0.021568113937973976,False
GSM3984169,brain,GSE135036|GSE135037,train,source,GSE135036	GSE135037,PD_Brain prefrontal cortex,398,0.023477578535676003,False
GSM3984170,brain,GSE135036|GSE135037,train,source,GSE135036	GSE135037,PD_Brain prefrontal cortex,423,0.01572512276470661,False
GSM3984171,brain,GSE135036|GSE135037,train,source,GSE135036	GSE135037,PD_Brain prefrontal cortex,458,0.014272251166403294,False
GSM3984172,brain,GSE135036|GSE135037,train,source,GSE135036	GSE135037,PD_Brain prefrontal cortex,460,0.025493694469332695,False
GSM3984175,brain,GSE135036|GSE135037,train,source,GSE135036	GSE135037,Control_Brain prefrontal cortex,700,0.014744780026376247,False
GSM3984177,brain,GSE135036|GSE135037,train,source,GSE135036	GSE135037,Control_Brain prefrontal cortex,5661,0.02124863862991333,False
GSM3984180,brain,GSE135036|GSE135037,train,source,GSE135036	GSE135037,Control_Brain prefrontal cortex,AN09933,0.020474296063184738,False
GSM3984184,brain,GSE135036|GSE135037,train,source,GSE135036	GSE135037,Control_Brain prefrontal cortex,Hct15HBA007,0.015527351759374142,False
GSM3984186,brain,GSE135036|GSE135037,train,source,GSE135036	GSE135037,Control_Brain prefrontal cortex,HctZZJ006,0.0190948024392128,False
GSM4082419,brain,GSE137596,train,source,GSE137596,Normal brain tissue,Control1 RNA-seq,0.043829888105392456,False
GSM4082420,brain,GSE137596,train,source,GSE137596,Normal brain tissue,Control2 RNA-seq,0.04004034399986267,False
GSM4082421,brain,GSE137596,train,source,GSE137596,Normal brain tissue,Control3 RNA-seq,0.04229802265763283,False
GSM4082422,brain,GSE137596,train,source,GSE137596,Normal brain tissue,Control4 RNA-seq,0.04124310240149498,False
GSM4659178,brain,GSE137810|GSE153960,train,source,GSE137810	GSE153960,Cerebellum,post-mortem tissue [CGND-HRA-00069],0.04443488270044327,False
GSM4659221,brain,GSE137810|GSE153960,train,source,GSE137810	GSE153960,Cerebellum,post-mortem tissue [CGND-HRA-00159],0.05184068903326988,False
GSM4659274,brain,GSE137810|GSE153960,train,source,GSE137810	GSE153960,Cerebellum,post-mortem tissue [CGND-HRA-00326],0.05754034221172333,False
GSM4659336,brain,GSE137810|GSE153960,train,source,GSE137810	GSE153960,Cerebellum,post-mortem tissue [CGND-HRA-00785],0.06256318837404251,False
GSM4659423,brain,GSE137810|GSE153960,train,source,GSE137810	GSE153960,Cerebellum,post-mortem tissue [CGND-HRA-00533],0.0679645985364914,False
GSM4659445,brain,GSE137810|GSE153960,train,source,GSE137810	GSE153960,Cerebellum,post-mortem tissue [CGND-HRA-00585],0.05249898508191109,False
GSM4659558,brain,GSE137810|GSE153960,train,source,GSE137810	GSE153960,Cerebellum,post-mortem tissue [CGND-HRA-00486],0.043639183044433594,False
GSM4659580,brain,GSE137810|GSE153960,train,source,GSE137810	GSE153960,Cerebellum,post-mortem tissue [CGND-HRA-01358],0.03828288987278938,False
GSM4660074,brain,GSE137810|GSE153960,train,source,GSE137810	GSE153960,Hippocampus,post-mortem tissue [CGND-HRA-01698],0.03279658406972885,False
GSM4660099,brain,GSE137810|GSE153960,train,source,GSE137810	GSE153960,Hippocampus,post-mortem tissue [CGND-HRA-01723],0.038000546395778656,False
GSM4660181,brain,GSE137810|GSE153960,train,source,GSE137810	GSE153960,Hippocampus,post-mortem tissue [CGND-HRA-01932],0.030718931928277016,False
GSM4660287,brain,GSE137810|GSE153960,train,source,GSE137810	GSE153960,Cerebellum,post-mortem tissue [CGND-HRA-02048],0.044405579566955566,False
GSM4660473,brain,GSE137810|GSE153960,train,source,GSE137810	GSE153960,Cerebellum,post-mortem tissue [CGND-HRA-01303],0.030996019020676613,False
GSM4660569,brain,GSE137810|GSE153960,train,source,GSE137810	GSE153960,Cerebellum,post-mortem tissue [CGND-HRA-01459],0.026858458295464516,False
GSM4660573,brain,GSE137810|GSE153960,train,source,GSE137810	GSE153960,Cerebellum,post-mortem tissue [CGND-HRA-01467],0.034133490175008774,False
GSM4660663,brain,GSE137810|GSE153960,train,source,GSE137810	GSE153960,Cerebellum,post-mortem tissue [CGND-HRA-01573],0.021087275817990303,False
GSM4660792,brain,GSE137810|GSE153960,train,source,GSE137810	GSE153960,Cerebellum,post-mortem tissue [CGND-HRA-00451],0.0385175496339798,False
GSM4660798,brain,GSE137810|GSE153960,train,source,GSE137810	GSE153960,Cerebellum,post-mortem tissue [CGND-HRA-00458],0.0465659573674202,False
GSM4660807,brain,GSE137810|GSE153960,train,source,GSE137810	GSE153960,Cerebellum,post-mortem tissue [CGND-HRA-00691],0.04266691207885742,False
GSM4660830,brain,GSE137810|GSE153960,train,source,GSE137810	GSE153960,Cerebellum,post-mortem tissue [CGND-HRA-00718],0.04775053262710571,False
GSM4206903,brain,GSE141552,train,source,GSE141552,Human brain prefrontal cortex,Control_01,0.2153519093990326,False
GSM4284466,brain,GSE144254,train,source,GSE144254,brain,1174-M-23,0.0711403638124466,False
GSM4284468,brain,GSE144254,train,source,GSE144254,brain,1196-F-34,0.057789210230112076,False
GSM4284469,brain,GSE144254,train,source,GSE144254,brain,1199-M-34,0.06300737708806992,False
GSM4284470,brain,GSE144254,train,source,GSE144254,brain,1200-F-23,0.06352217495441437,False
GSM4284473,brain,GSE144254,train,source,GSE144254,brain,1212-M-34,0.06475399434566498,False
GSM4284474,brain,GSE144254,train,source,GSE144254,brain,1213-M-34,0.10102646797895432,False
GSM4284476,brain,GSE144254,train,source,GSE144254,brain,1222-M-23,0.05055845156311989,False
GSM4284479,brain,GSE144254,train,source,GSE144254,brain,866-M-23,0.07635938376188278,False
GSM4284480,brain,GSE144254,train,source,GSE144254,brain,983-F-33,0.08346585929393768,False
GSM4284483,brain,GSE144254,train,source,GSE144254,brain,CW01-031-F-34,0.03945783153176308,False
GSM4284486,brain,GSE144254,train,source,GSE144254,brain,CW06-013-M-33,0.06829776614904404,False
GSM4284491,brain,GSE144254,train,source,GSE144254,brain,CW12-004-F-33,0.09148384630680084,False
GSM4284492,brain,GSE144254,train,source,GSE144254,brain,CW13-002-M-33,0.07895500212907791,False
GSM4284494,brain,GSE144254,train,source,GSE144254,brain,CW13-018-M-34,0.06726877391338348,False
GSM4284496,brain,GSE144254,train,source,GSE144254,brain,CW14-012-M-44,0.08774945139884949,False
GSM4284497,brain,GSE144254,train,source,GSE144254,brain,CW15-020-M-34,0.08158056437969208,False
GSM4284499,brain,GSE144254,train,source,GSE144254,brain,CW15-023-M-34,0.06434601545333862,False
GSM4284501,brain,GSE144254,train,source,GSE144254,brain,CW97-041-F-34,0.060927603393793106,False
GSM4284503,brain,GSE144254,train,source,GSE144254,brain,CW98-037-F-34,0.08609608560800552,False
GSM4284504,brain,GSE144254,train,source,GSE144254,brain,CW99-003-F-33,0.08833060413599014,False
GSM4426487,brain,GSE147352,train,source,GSE147352,Normal brain tissues,SYC64,0.06564394384622574,False
GSM4426488,brain,GSE147352,train,source,GSE147352,Normal brain tissues,SYC66,0.08131828904151917,False
GSM4426490,brain,GSE147352,train,source,GSE147352,Normal brain tissues,SYC68,0.11466013640165329,False
GSM4426491,brain,GSE147352,train,source,GSE147352,Normal brain tissues,SYC69,0.07901793718338013,False
GSM4426492,brain,GSE147352,train,source,GSE147352,Normal brain tissues,SYC70,0.05630727857351303,False
GSM4426493,brain,GSE147352,train,source,GSE147352,Normal brain tissues,SYC71,0.07266616821289062,False
GSM4426494,brain,GSE147352,train,source,GSE147352,Normal brain tissues,SYC72,0.08479281514883041,False
GSM4426495,brain,GSE147352,train,source,GSE147352,Normal brain tissues,SYC73,0.07513382285833359,False
GSM4426496,brain,GSE147352,train,source,GSE147352,Normal brain tissues,SYC76,0.08035846054553986,False
GSM4426497,brain,GSE147352,train,source,GSE147352,Normal brain tissues,SYC77,0.07142094522714615,False
GSM4426499,brain,GSE147352,train,source,GSE147352,Normal brain tissues,SYC81,0.08762461692094803,False
GSM4426500,brain,GSE147352,train,source,GSE147352,Normal brain tissues,SYC82,0.09500613808631897,False
GSM4432638,brain,GSE147528,train,source,GSE147528,Frozen post-mortem human brain tissue,SFG4,0.4111185073852539,False
GSM4432648,brain,GSE147528,train,source,GSE147528,Frozen post-mortem human brain tissue,EC4,0.2871773838996887,False
GSM4456119,brain,GSE148216,train,source,GSE148216,Brain tissue,A35N,0.022746747359633446,False
GSM4456120,brain,GSE148216,train,source,GSE148216,Brain tissue,A38N,0.030292201787233353,False
GSM4456121,brain,GSE148216,train,source,GSE148216,Brain tissue,A43N,0.030111612752079964,False
GSM4456122,brain,GSE148216,train,source,GSE148216,Brain tissue,A37S,0.03571219742298126,False
GSM4456123,brain,GSE148216,train,source,GSE148216,Brain tissue,A39S,0.027939992025494576,False
GSM4456124,brain,GSE148216,train,source,GSE148216,Brain tissue,A41S,0.015765663236379623,False
GSM4466861,brain,GSE148389|GSE148390,train,source,GSE148389	GSE148390,Brain,NC15_4_RNA-seq,0.10980860143899918,False
GSM4466865,brain,GSE148389|GSE148390,train,source,GSE148389	GSE148390,Brain,NC16_4_RNA-seq,0.15757542848587036,False
GSM4466879,brain,GSE148389|GSE148390,train,source,GSE148389	GSE148390,Brain,NC23_2_RNA-seq,0.31858131289482117,False
GSM4466881,brain,GSE148389|GSE148390,train,source,GSE148389	GSE148390,Brain,NC23_4_RNA-seq,0.11724632233381271,False
GSM4466886,brain,GSE148389|GSE148390,train,source,GSE148389	GSE148390,Brain,NC25_1_RNA-seq,0.12132535874843597,False
GSM4466891,brain,GSE148389|GSE148390,train,source,GSE148389	GSE148390,Brain,NC4_2_RNA-seq,0.10101892054080963,False
GSM4466908,brain,GSE148389|GSE148390,train,source,GSE148389	GSE148390,Brain,Q15_3_RNA-seq,0.1616978645324707,False
GSM4466916,brain,GSE148389|GSE148390,train,source,GSE148389	GSE148390,Brain,Q2_3_RNA-seq,0.10868174582719803,False
GSM4466919,brain,GSE148389|GSE148390,train,source,GSE148389	GSE148390,Brain,Q21_2_RNA-seq,0.09744176268577576,False
GSM4466922,brain,GSE148389|GSE148390,train,source,GSE148389	GSE148390,Brain,Q22_1_RNA-seq,0.08424723148345947,False
GSM4466937,brain,GSE148389|GSE148390,train,source,GSE148389	GSE148390,Brain,Q25_4_RNA-seq,0.09538988023996353,False
GSM4466945,brain,GSE148389|GSE148390,train,source,GSE148389	GSE148390,Brain,Q27_4_RNA-seq,0.074034184217453,False
GSM4466950,brain,GSE148389|GSE148390,train,source,GSE148389	GSE148390,Brain,Q3_1_RNA-seq,0.11540685594081879,False
GSM4466952,brain,GSE148389|GSE148390,train,source,GSE148389	GSE148390,Brain,Q3_3_RNA-seq,0.11559639871120453,False
GSM4466969,brain,GSE148389|GSE148390,train,source,GSE148389	GSE148390,Brain,Q33_4_RNA-seq,0.14327813684940338,False
GSM4466971,brain,GSE148389|GSE148390,train,source,GSE148389	GSE148390,Brain,Q34_2_RNA-seq,0.13785190880298615,False
GSM4466973,brain,GSE148389|GSE148390,train,source,GSE148389	GSE148390,Brain,Q34_4_RNA-seq,0.12666940689086914,False
GSM4466986,brain,GSE148389|GSE148390,train,source,GSE148389	GSE148390,Brain,Q7_1_RNA-seq,0.13506650924682617,False
GSM4466987,brain,GSE148389|GSE148390,train,source,GSE148389	GSE148390,Brain,Q7_2_RNA-seq,0.10624660551548004,False
GSM4466999,brain,GSE148389|GSE148390,train,source,GSE148389	GSE148390,Brain,Q37_2_RNA-seq,0.1691606193780899,False
GSM4483378,brain,GSE148822,train,source,GSE148822,brain,bulk_Donor3OC_neun,0.20497509837150574,False
GSM4483380,brain,GSE148822,train,source,GSE148822,brain,bulk_Donor7OC_neun,0.09596335887908936,False
GSM4483381,brain,GSE148822,train,source,GSE148822,brain,bulk_Donor7OTC_neun,0.25106945633888245,False
GSM4483382,brain,GSE148822,train,source,GSE148822,brain,bulk_Donor4OC_neun,0.2623313069343567,False
GSM4483386,brain,GSE148822,train,source,GSE148822,brain,bulk_Donor8OC_neun,0.22114521265029907,False
GSM4483387,brain,GSE148822,train,source,GSE148822,brain,bulk_Donor8OTC_neun,0.14351560175418854,False
GSM4483391,brain,GSE148822,train,source,GSE148822,brain,bulk_Donor10OTC_neun,0.32569220662117004,False
GSM4483392,brain,GSE148822,train,source,GSE148822,brain,bulk_Donor11OC_neun,0.21888625621795654,False
GSM4483394,brain,GSE148822,train,source,GSE148822,brain,bulk_Donor12OC_neun,0.22306197881698608,False
GSM4483397,brain,GSE148822,train,source,GSE148822,brain,bulk_Donor13OTC_neun,0.24275243282318115,False
GSM4483398,brain,GSE148822,train,source,GSE148822,brain,bulk_Donor14OC_neun,0.32479801774024963,False
GSM4483403,brain,GSE148822,train,source,GSE148822,brain,bulk_Donor16OTC_neun,0.14194266498088837,False
GSM4483404,brain,GSE148822,train,source,GSE148822,brain,bulk_Donor17OC_neun,0.21789126098155975,False
GSM4483407,brain,GSE148822,train,source,GSE148822,brain,bulk_Donor18OTC_neun,0.24370326101779938,False
GSM4483411,brain,GSE148822,train,source,GSE148822,brain,bulk_Donor3OTC_olig,0.23560886085033417,False
GSM4483415,brain,GSE148822,train,source,GSE148822,brain,bulk_Donor4OTC_olig,0.24199627339839935,False
GSM4483423,brain,GSE148822,train,source,GSE148822,brain,bulk_Donor13OTC_olig,0.2060553878545761,False
GSM4483424,brain,GSE148822,train,source,GSE148822,brain,bulk_Donor14OC_olig,0.18150125443935394,False
GSM4483429,brain,GSE148822,train,source,GSE148822,brain,bulk_Donor16OTC_olig,0.20851191878318787,False
GSM4483430,brain,GSE148822,train,source,GSE148822,brain,bulk_Donor17OC_olig,0.18769317865371704,False
GSM4591813,brain,GSE151827,train,source,GSE151827,Brain,"Lateral amygdala, S1, RNAseq",0.03183647245168686,False
GSM4591815,brain,GSE151827,train,source,GSE151827,Brain,"Lateral amygdala, S3, RNAseq",0.025888271629810333,False
GSM4591824,brain,GSE151827,train,source,GSE151827,Brain,"Lateral amygdala, S12, RNAseq",0.029058175161480904,False
GSM4591825,brain,GSE151827,train,source,GSE151827,Brain,"Lateral amygdala, S13, RNAseq",0.026277190074324608,False
GSM4591826,brain,GSE151827,train,source,GSE151827,Brain,"Lateral amygdala, S14, RNAseq",0.03240569680929184,False
GSM4591827,brain,GSE151827,train,source,GSE151827,Brain,"Lateral amygdala, S15, RNAseq",0.03246490657329559,False
GSM4591828,brain,GSE151827,train,source,GSE151827,Brain,"Lateral amygdala, S16, RNAseq",0.019547101110219955,False
GSM4591835,brain,GSE151827,train,source,GSE151827,Brain,"Lateral amygdala, S23, RNAseq",0.03181142359972,False
GSM4591838,brain,GSE151827,train,source,GSE151827,Brain,"Lateral amygdala, S26, RNAseq",0.02371087297797203,False
GSM4591840,brain,GSE151827,train,source,GSE151827,Brain,"Lateral amygdala, S28, RNAseq",0.024198373779654503,False
GSM4591842,brain,GSE151827,train,source,GSE151827,Brain,"Lateral amygdala, S30, RNAseq",0.0204085074365139,False
GSM4591843,brain,GSE151827,train,source,GSE151827,Brain,"Lateral amygdala, S31, RNAseq",0.027333837002515793,False
GSM4591848,brain,GSE151827,train,source,GSE151827,Brain,"Lateral amygdala, S36, RNAseq",0.025578511878848076,False
GSM5026551,brain,GSE151827,train,source,GSE151827,Brain,"Anterior Cingulate cortex, sbb4, RNAseq",0.0386539064347744,False
GSM5026573,brain,GSE151827,train,source,GSE151827,Brain,"Anterior Cingulate cortex, sbb26, RNAseq",0.03967791795730591,False
GSM5026578,brain,GSE151827,train,source,GSE151827,Brain,"Anterior Cingulate cortex, sbb31, RNAseq",0.03569638356566429,False
GSM5026579,brain,GSE151827,train,source,GSE151827,Brain,"Anterior Cingulate cortex, sbb32, RNAseq",0.036445677280426025,False
GSM5026589,brain,GSE151827,train,source,GSE151827,Brain,"Anterior Cingulate cortex, sbb42, RNAseq",0.029347103089094162,False
GSM5026595,brain,GSE151827,train,source,GSE151827,Brain,"Anterior Cingulate cortex, sbb48, RNAseq",0.03582896664738655,False
GSM5026597,brain,GSE151827,train,source,GSE151827,Brain,"Anterior Cingulate cortex, sbb50, RNAseq",0.031165771186351776,False
GSM4774667,brain,GSE152184|GSE157760,train,source,GSE152184	GSE157760,brain,pEXP27sHSrCTXPMiDONORAd20191001dapi,0.27029016613960266,False
GSM4774669,brain,GSE152184|GSE157760,train,source,GSE152184	GSE157760,brain,pEXP27sHSrCTXPMiDONORCd20191001dapi,0.46442711353302,False
GSM4774670,brain,GSE152184|GSE157760,train,source,GSE152184	GSE157760,brain,pEXP35sHSrCTXPMiDONORAd20191001dapi2,0.25460144877433777,False
GSM4774671,brain,GSE152184|GSE157760,train,source,GSE152184	GSE157760,brain,pEXP35sHSrCTXPMiDONORBd20191001dapi2,0.3343221843242645,False
GSM4774672,brain,GSE152184|GSE157760,train,source,GSE152184	GSE157760,brain,pEXP35sHSrCTXPMiDONORCd20191001dapi2,0.4722471535205841,False
GSM4656349,brain,GSE153873|GSE153875|GSE159699,train,source,GSE153873	GSE153875,Frozen postmortem brain tissue,15-13T-Old,0.016561239957809448,False
GSM4656351,brain,GSE153873|GSE153875|GSE159699,train,source,GSE153873	GSE153875,Frozen postmortem brain tissue,16-14T-Old,0.018867449834942818,False
GSM4656352,brain,GSE153873|GSE153875|GSE159699,train,source,GSE153873	GSE153875,Frozen postmortem brain tissue,3-17T-Young,0.017005711793899536,False
GSM4656357,brain,GSE153873|GSE153875|GSE159699,train,source,GSE153873	GSE153875,Frozen postmortem brain tissue,26-3A-AD,0.01820618100464344,False
GSM4656358,brain,GSE153873|GSE153875|GSE159699,train,source,GSE153873	GSE153875,Frozen postmortem brain tissue,27-5A-AD,0.010714273899793625,False
GSM4656363,brain,GSE153873|GSE153875|GSE159699,train,source,GSE153873	GSE153875,Frozen postmortem brain tissue,17-9A-Old,0.014299064874649048,False
GSM4656364,brain,GSE153873|GSE153875|GSE159699,train,source,GSE153873	GSE153875,Frozen postmortem brain tissue,18-10A-Old,0.018646838143467903,False
GSM4656369,brain,GSE153873|GSE153875|GSE159699,train,source,GSE153873	GSE153875,Frozen postmortem brain tissue,8-15A-Young,0.01498879212886095,False
GSM4656370,brain,GSE153873|GSE153875|GSE159699,train,source,GSE153873	GSE153875,Frozen postmortem brain tissue,9-16A-Young,0.020287204533815384,False
GSM4656373,brain,GSE153873|GSE153875|GSE159699,train,source,GSE153873	GSE153875,Frozen postmortem brain tissue,29-6T-AD,0.014507031068205833,False
GSM4656375,brain,GSE153873|GSE153875|GSE159699,train,source,GSE153873	GSE153875,Frozen postmortem brain tissue,28-8T-AD,0.013785673305392265,False
GSM4837817,brain,GSE153873|GSE153875|GSE159699,train,source,GSE153875	GSE159699,CNDR brain bank (Penn),13-11T-Old [RNA-seq],0.04514198750257492,False
GSM4837820,brain,GSE153873|GSE153875|GSE159699,train,source,GSE153875	GSE159699,CNDR brain bank (Penn),16-14T-Old [RNA-seq],0.048822071403265,False
GSM4837822,brain,GSE153873|GSE153875|GSE159699,train,source,GSE153875	GSE159699,CNDR brain bank (Penn),18-10A-Old [RNA-seq],0.050124697387218475,False
GSM4837826,brain,GSE153873|GSE153875|GSE159699,train,source,GSE153875	GSE159699,CNDR brain bank (Penn),2-12A-Young [RNA-seq],0.06142590194940567,False
GSM4837828,brain,GSE153873|GSE153875|GSE159699,train,source,GSE153875	GSE159699,CNDR brain bank (Penn),23-2A-AD [RNA-seq],0.045273687690496445,False
GSM4837830,brain,GSE153873|GSE153875|GSE159699,train,source,GSE153875	GSE159699,CNDR brain bank (Penn),25-5T-AD [RNA-seq],0.038566481322050095,False
GSM4837831,brain,GSE153873|GSE153875|GSE159699,train,source,GSE153875	GSE159699,CNDR brain bank (Penn),26-3A-AD [RNA-seq],0.047016531229019165,False
GSM4837840,brain,GSE153873|GSE153875|GSE159699,train,source,GSE153875	GSE159699,CNDR brain bank (Penn),6-14A-Young [RNA-seq],0.06323529779911041,False
GSM4837842,brain,GSE153873|GSE153875|GSE159699,train,source,GSE153875	GSE159699,CNDR brain bank (Penn),8-15A-Young [RNA-seq],0.051408980041742325,False
GSM4675882,brain,GSE154616,train,source,GSE154616,Human Adult Normal Cerebellum Total RNA (R1234039-50) BioChain,Human-Cerebellum-Mock,0.09895499795675278,False
GSM4675883,brain,GSE154616,train,source,GSE154616,Human Adult Normal Cerebellum Total RNA (R1234039-50) BioChain,Human-Cerebellum-RNaseR,0.08336948603391647,False
GSM4675884,brain,GSE154616,train,source,GSE154616,Human Adult Normal Brain Total RNA (R1234035-50) BioChain,Human-total Brain-Mock,0.07272176444530487,False
GSM4675885,brain,GSE154616,train,source,GSE154616,Human Adult Normal Brain Total RNA (R1234035-50) BioChain,Human-total Brain-RNaseR,0.06006358563899994,False
GSM4747179,brain,GSE156902,train,title,GSE156902,Thrombocytes,Blood_Platelets_Vumc-Brain-metastasis-VU570 [Vumc-Brain-metastasis-VU570-TR1603],0.051882553845644,False
GSM4747180,brain,GSE156902,train,title,GSE156902,Thrombocytes,Blood_Platelets_Vumc-Brain-metastasis-BRMETA1t0 [Vumc-Brain-metastasis-BRMETA1t0-TR1541],0.1750255674123764,False
GSM4747181,brain,GSE156902,train,title,GSE156902,Thrombocytes,Blood_Platelets_Vumc-Brain-metastasis-VU589 [Vumc-Brain-metastasis-VU589-TR1605],0.01578649692237377,False
GSM4747183,brain,GSE156902,train,title,GSE156902,Thrombocytes,Blood_Platelets_Vumc-Brain-metastasis-BRMETA3t0 [Vumc-Brain-metastasis-BRMETA3t0-TR1543],0.015511415898799896,False
GSM4747184,brain,GSE156902,train,title,GSE156902,Thrombocytes,Blood_Platelets_Vumc-Brain-metastasis-BRMETA9 [Vumc-Brain-metastasis-BRMETA9-TR1710],0.026414508000016212,False
GSM4760615,brain,GSE157277,train,source,GSE157277,brain,Donor 2 HC14 total nuclei,0.23485566675662994,False
GSM4760616,brain,GSE157277,train,source,GSE157277,brain,Donor 3  HC35 total nuclei,0.2804267406463623,False
GSM4764685,brain,GSE157424,train,source,GSE157424,GBM and adjacent brain tissue,SampleTag_01-04_GBM and adjacent tissue,0.28953200578689575,False
GSM4764686,brain,GSE157424,train,source,GSE157424,GBM and adjacent brain tissue,SampleTag_05-08_GBM and adjacent tissue,0.13408617675304413,False
GSM4775562,brain,GSE157827,train,source,GSE157827,prefrontal cortex snRNAseq,AD2,0.4479687809944153,False
GSM4775563,brain,GSE157827,train,source,GSE157827,prefrontal cortex snRNAseq,AD4,0.35815706849098206,False
GSM4775564,brain,GSE157827,train,source,GSE157827,prefrontal cortex snRNAseq,AD5,0.33910322189331055,False
GSM4775565,brain,GSE157827,train,source,GSE157827,prefrontal cortex snRNAseq,AD6,0.3599063754081726,False
GSM4775566,brain,GSE157827,train,source,GSE157827,prefrontal cortex snRNAseq,AD8,0.3301565647125244,False
GSM4775567,brain,GSE157827,train,source,GSE157827,prefrontal cortex snRNAseq,AD9,0.45293164253234863,False
GSM4775568,brain,GSE157827,train,source,GSE157827,prefrontal cortex snRNAseq,AD10,0.3416491448879242,False
GSM4775569,brain,GSE157827,train,source,GSE157827,prefrontal cortex snRNAseq,AD13,0.37100520730018616,False
GSM4775571,brain,GSE157827,train,source,GSE157827,prefrontal cortex snRNAseq,AD20,0.49416735768318176,False
GSM4775572,brain,GSE157827,train,source,GSE157827,prefrontal cortex snRNAseq,AD21,0.44924551248550415,False
GSM4775573,brain,GSE157827,train,source,GSE157827,prefrontal cortex snRNAseq,NC3,0.400807648897171,False
GSM4775574,brain,GSE157827,train,source,GSE157827,prefrontal cortex snRNAseq,NC7,0.4242604374885559,False
GSM4775575,brain,GSE157827,train,source,GSE157827,prefrontal cortex snRNAseq,NC11,0.24256208539009094,False
GSM4775576,brain,GSE157827,train,source,GSE157827,prefrontal cortex snRNAseq,NC12,0.3474212884902954,False
GSM4775577,brain,GSE157827,train,source,GSE157827,prefrontal cortex snRNAseq,NC14,0.3559425473213196,False
GSM4775578,brain,GSE157827,train,source,GSE157827,prefrontal cortex snRNAseq,NC15,0.37048104405403137,False
GSM4775580,brain,GSE157827,train,source,GSE157827,prefrontal cortex snRNAseq,NC17,0.32268109917640686,False
GSM4775581,brain,GSE157827,train,source,GSE157827,prefrontal cortex snRNAseq,NC18,0.4965759217739105,False
GSM4824449,brain,GSE159260,train,source,GSE159260,Healthy brain tissue,61_MC_NOR,0.05701213702559471,False
GSM4824450,brain,GSE159260,train,source,GSE159260,Healthy brain tissue,158_MC_NOR,0.051093440502882004,False
GSM4824451,brain,GSE159260,train,source,GSE159260,Healthy brain tissue,170_MC_NOR,0.03686144948005676,False
GSM4824452,brain,GSE159260,train,source,GSE159260,Healthy brain tissue,179,0.05713673308491707,False
GSM4824453,brain,GSE159260,train,source,GSE159260,Healthy brain tissue,267_MC_NOR,0.08633563667535782,False
GSM4848442,brain,GSE159812,train,source,GSE159812,Medial prefrontal cortex,COVID-19 Sample 1,0.44001588225364685,False
GSM4848447,brain,GSE159812,train,source,GSE159812,Medial prefrontal cortex,Control Sample 1,0.270194947719574,False
GSM4848449,brain,GSE159812,train,source,GSE159812,Medial prefrontal cortex,Control Sample 3,0.44948986172676086,False
GSM5171528,brain,GSE159812,train,source,GSE159812,Medial prefrontal cortex,Control Sample 11,0.15423734486103058,False
GSM5171530,brain,GSE159812,train,source,GSE159812,Medial prefrontal cortex,Control Sample 13,0.19538089632987976,False
GSM5171531,brain,GSE159812,train,source,GSE159812,Medial prefrontal cortex,COVID-19 Sample 9,0.3663787245750427,False
GSM5171532,brain,GSE159812,train,source,GSE159812,Medial prefrontal cortex,COVID-19 Sample 10,0.20893408358097076,False
GSM4909947,brain,GSE159929,train,source,GSE159929,An adult male donor who died of a traumatic brain injury,Bladder_TCR,0.055101748555898666,False
GSM4909951,brain,GSE159929,train,source,GSE159929,An adult male donor who died of a traumatic brain injury,Heart_TCR,0.06623448431491852,False
GSM4909952,brain,GSE159929,train,source,GSE159929,An adult male donor who died of a traumatic brain injury,Liver_TCR,0.17469823360443115,False
GSM4909953,brain,GSE159929,train,source,GSE159929,An adult male donor who died of a traumatic brain injury,Lymph.node_TCR,0.17687265574932098,False
GSM4909954,brain,GSE159929,train,source,GSE159929,An adult male donor who died of a traumatic brain injury,Marrow_TCR,0.19379648566246033,False
GSM4909957,brain,GSE159929,train,source,GSE159929,An adult male donor who died of a traumatic brain injury,Skin_TCR,0.024675680324435234,False
GSM4909959,brain,GSE159929,train,source,GSE159929,An adult male donor who died of a traumatic brain injury,Spleen_TCR,0.3474957048892975,False
GSM4909960,brain,GSE159929,train,source,GSE159929,An adult male donor who died of a traumatic brain injury,Stomach_TCR,0.28182852268218994,False
GSM4909961,brain,GSE159929,train,source,GSE159929,An adult male donor who died of a traumatic brain injury,Trachea_TCR,0.049693312495946884,False
GSM4909962,brain,GSE159929,train,source,GSE159929,An adult male donor who died of a traumatic brain injury,Bladder_BCR,0.1301233470439911,False
GSM4909963,brain,GSE159929,train,source,GSE159929,An adult male donor who died of a traumatic brain injury,Blood_BCR,0.23856385052204132,False
GSM4909964,brain,GSE159929,train,source,GSE159929,An adult male donor who died of a traumatic brain injury,Common.bile.duct_BCR,0.44838863611221313,False
GSM4909966,brain,GSE159929,train,source,GSE159929,An adult male donor who died of a traumatic brain injury,Heart_BCR,0.204874187707901,False
GSM4909967,brain,GSE159929,train,source,GSE159929,An adult male donor who died of a traumatic brain injury,Liver_BCR,0.37344467639923096,False
GSM4909968,brain,GSE159929,train,source,GSE159929,An adult male donor who died of a traumatic brain injury,Lymph.node_BCR,0.37964606285095215,False
GSM4909969,brain,GSE159929,train,source,GSE159929,An adult male donor who died of a traumatic brain injury,Marrow_BCR,0.2341182976961136,False
GSM4909970,brain,GSE159929,train,source,GSE159929,An adult male donor who died of a traumatic brain injury,Muscle_BCR,0.20345358550548553,False
GSM4909971,brain,GSE159929,train,source,GSE159929,An adult male donor who died of a traumatic brain injury,Rectum_BCR,0.16457192599773407,False
GSM4909974,brain,GSE159929,train,source,GSE159929,An adult male donor who died of a traumatic brain injury,Spleen_BCR,0.3827036917209625,False
GSM4909976,brain,GSE159929,train,source,GSE159929,An adult male donor who died of a traumatic brain injury,Trachea_BCR,0.18598201870918274,False
GSM4877085,brain,GSE160690|GSE160691,train,source,GSE160690	GSE160691,Cerebral cortex,Cortex Control rep2 RNA-Seq,0.1576656699180603,False
GSM4877086,brain,GSE160690|GSE160691,train,source,GSE160690	GSE160691,Cerebral cortex,Cortex Trisomy rep1 RNA-Seq,0.11933492869138718,False
GSM4877087,brain,GSE160690|GSE160691,train,source,GSE160690	GSE160691,Cerebral cortex,Cortex Trisomy rep2 RNA-Seq,0.08273708075284958,False
GSM4877088,brain,GSE160690|GSE160691,train,source,GSE160690	GSE160691,Cerebral cortex,Cortex Trisomy rep3 RNA-Seq,0.08347565680742264,False
GSM4963081,brain,GSE162855,train,source,GSE162855,Human Brain Reference RNA,HBRR_TC00283151_C01,0.01811084896326065,False
GSM4963105,brain,GSE162855,train,source,GSE162855,Human Brain Reference RNA,HBRR_TC00283151_D01,0.02338465489447117,False
GSM4963459,brain,GSE162855,train,source,GSE162855,Human Brain Reference RNA,HBRR_TC00283171_C01,0.030691837891936302,False
GSM4963837,brain,GSE162855,train,source,GSE162855,Human Brain Reference RNA,HBRR_TC00283209_C01,0.017827941104769707,False
GSM4963861,brain,GSE162855,train,source,GSE162855,Human Brain Reference RNA,HBRR_TC00283209_D01,0.026756301522254944,False
GSM4982083,brain,GSE163577,train,source,GSE163577,Human brain vascular nuclei,Control 1 Hpc,0.22739064693450928,False
GSM4982087,brain,GSE163577,train,source,GSE163577,Human brain vascular nuclei,Control 4 Hpc,0.1789047122001648,False
GSM4982088,brain,GSE163577,train,source,GSE163577,Human brain vascular nuclei,Control 5 Hpc,0.1792740821838379,False
GSM4982093,brain,GSE163577,train,source,GSE163577,Human brain vascular nuclei,AD 4 Hpc,0.1955653727054596,False
GSM4982094,brain,GSE163577,train,source,GSE163577,Human brain vascular nuclei,AD 5 Hpc,0.2600095868110657,False
GSM4982095,brain,GSE163577,train,source,GSE163577,Human brain vascular nuclei,AD 6 Hpc,0.24203360080718994,False
GSM4982096,brain,GSE163577,train,source,GSE163577,Human brain vascular nuclei,Control 8 Hpc,0.20645073056221008,False
GSM5112255,brain,GSE167758,train,source,GSE167758,Brain tissue,ICH6-A,0.03526945412158966,False
GSM5135521,brain,GSE167758,train,source,GSE167758,Brain tissue,ICH9-A,0.030218062922358513,False
GSM5292884,brain,GSE174367,train,source,GSE174367,AD brain,Sample-105 (Total Bulk RNA-seq),0.05326201021671295,False
GSM5292885,brain,GSE174367,train,source,GSE174367,AD brain,Sample-106 (Total Bulk RNA-seq),0.05950772762298584,False
GSM5292887,brain,GSE174367,train,source,GSE174367,AD brain,Sample-108 (Total Bulk RNA-seq),0.051697950810194016,False
GSM5292903,brain,GSE174367,train,source,GSE174367,AD brain,Sample-122 (Total Bulk RNA-seq),0.04647327587008476,False
GSM5292914,brain,GSE174367,train,source,GSE174367,AD brain,Sample-133 (Total Bulk RNA-seq),0.03688589483499527,False
GSM5292922,brain,GSE174367,train,source,GSE174367,AD brain,Sample-141 (Total Bulk RNA-seq),0.04623034596443176,False
GSM5292927,brain,GSE174367,train,source,GSE174367,AD brain,Sample-146 (Total Bulk RNA-seq),0.047011956572532654,False
GSM5292930,brain,GSE174367,train,source,GSE174367,AD brain,Sample-149 (Total Bulk RNA-seq),0.044673312455415726,False
GSM5292945,brain,GSE174367,train,source,GSE174367,Control brain,Sample-164 (Total Bulk RNA-seq),0.050269123166799545,False
GSM5292948,brain,GSE174367,train,source,GSE174367,Control brain,Sample-167 (Total Bulk RNA-seq),0.0560222826898098,False
GSM5292952,brain,GSE174367,train,source,GSE174367,Control brain,Sample-170 (Total Bulk RNA-seq),0.04120994731783867,False
GSM5292973,brain,GSE174367,train,source,GSE174367,Control brain,Sample-191 (Total Bulk RNA-seq),0.04219919815659523,False
GSM5293026,brain,GSE174367,train,source,GSE174367,AD brain,Sample-6 (Total Bulk RNA-seq),0.055174361914396286,False
GSM5293028,brain,GSE174367,train,source,GSE174367,Control brain,Sample-61 (Total Bulk RNA-seq),0.035815801471471786,False
GSM5293033,brain,GSE174367,train,source,GSE174367,Control brain,Sample-66 (Total Bulk RNA-seq),0.05017487332224846,False
GSM5293034,brain,GSE174367,train,source,GSE174367,Control brain,Sample-67 (Total Bulk RNA-seq),0.04340862110257149,False
GSM5293035,brain,GSE174367,train,source,GSE174367,Control brain,Sample-69 (Total Bulk RNA-seq),0.03492159768939018,False
GSM5293039,brain,GSE174367,train,source,GSE174367,Control brain,Sample-72 (Total Bulk RNA-seq),0.031767912209033966,False
GSM5293063,brain,GSE174367,train,source,GSE174367,Control brain,Sample-95 (Total Bulk RNA-seq),0.04256322979927063,False
GSM5293067,brain,GSE174367,train,source,GSE174367,Control brain,Sample-99 (Total Bulk RNA-seq),0.04358435422182083,False
GSM5470475,brain,GSE180759,train,source,GSE180759,Brain,s1,0.44493016600608826,False
GSM1100295,brain,GSE45263,train,source,GSE45263,Prefrontal Cortex,Human_EU_1,0.010365014895796776,False
GSM1100296,brain,GSE45263,train,source,GSE45263,Prefrontal Cortex,Human_AF_2,0.009432479739189148,False
GSM1100297,brain,GSE45263,train,source,GSE45263,Prefrontal Cortex,Human_EU_3,0.014123933389782906,False
GSM1100298,brain,GSE45263,train,source,GSE45263,Prefrontal Cortex,Human_EU_4,0.01471856888383627,False
GSM1100299,brain,GSE45263,train,source,GSE45263,Prefrontal Cortex,Human_AS_5,0.011100300587713718,False
GSM1100300,brain,GSE45263,train,source,GSE45263,Prefrontal Cortex,Human_AF_6,0.014019529335200787,False
GSM1100301,brain,GSE45263,train,source,GSE45263,Prefrontal Cortex,Human_AS_7,0.008084294386208057,False
GSM1100302,brain,GSE45263,train,source,GSE45263,Prefrontal Cortex,Human_AF_8,0.007893789559602737,False
GSM1100303,brain,GSE45263,train,source,GSE45263,Prefrontal Cortex,Human_AS_9,0.010876800864934921,False
GSM1100304,brain,GSE45263,train,source,GSE45263,Prefrontal Cortex,Human_AS_10,0.01163962297141552,False
GSM1100305,brain,GSE45263,train,source,GSE45263,Prefrontal Cortex,Human_EU_11,0.012060893699526787,False
GSM1100306,brain,GSE45263,train,source,GSE45263,Prefrontal Cortex,Human_AF_12,0.013747860677540302,False
GSM1100307,brain,GSE45263,train,source,GSE45263,Prefrontal Cortex,Human_AS_13,0.009664208628237247,False
GSM1100308,brain,GSE45263,train,source,GSE45263,Prefrontal Cortex,Human_EU_14,0.020271549001336098,False
GSM1131743,brain,GSE46523,train,source,GSE46523,Dorsolateral prefrontal cortex,Normal Brain 1,0.009094299748539925,False
GSM1131744,brain,GSE46523,train,source,GSE46523,Dorsolateral prefrontal cortex,Normal Brain 2,0.005841467063874006,False
GSM1131745,brain,GSE46523,train,source,GSE46523,Dorsolateral prefrontal cortex,Normal Brain 3,0.007564801722764969,False
GSM1131746,brain,GSE46523,train,source,GSE46523,Dorsolateral prefrontal cortex,Normal Brain 4,0.006580687128007412,False
GSM1131747,brain,GSE46523,train,source,GSE46523,Dorsolateral prefrontal cortex,Normal Brain 5,0.011535460129380226,False
GSM1241351,brain,GSE51264,train,source,GSE51264,prefrontal cortex (PFC),human_02_M,0.02073271945118904,False
GSM1241352,brain,GSE51264,train,source,GSE51264,prefrontal cortex (PFC),human_03_F,0.02415125072002411,False
GSM1241353,brain,GSE51264,train,source,GSE51264,prefrontal cortex (PFC),human_04_F,0.019380880519747734,False
GSM1241356,brain,GSE51264,train,source,GSE51264,prefrontal cortex (PFC),human_07_M,0.01225834246724844,False
GSM1241357,brain,GSE51264,train,source,GSE51264,prefrontal cortex (PFC),human_08_M,0.014515339396893978,False
GSM1241358,brain,GSE51264,train,source,GSE51264,prefrontal cortex (PFC),human_09_M,0.012807298451662064,False
GSM1241359,brain,GSE51264,train,source,GSE51264,prefrontal cortex (PFC),human_10_M,0.019746316596865654,False
GSM1241360,brain,GSE51264,train,source,GSE51264,prefrontal cortex (PFC),human_11_F,0.010085840709507465,False
GSM1241364,brain,GSE51264,train,source,GSE51264,prefrontal cortex (PFC),human_15_F,0.0174544770270586,False
GSM1241365,brain,GSE51264,train,source,GSE51264,prefrontal cortex (PFC),human_16_M,0.012768643908202648,False
GSM1241367,brain,GSE51264,train,source,GSE51264,prefrontal cortex (PFC),human_18_F,0.00860009528696537,False
GSM1241368,brain,GSE51264,train,source,GSE51264,prefrontal cortex (PFC),human_19_F,0.009288015775382519,False
GSM1241371,brain,GSE51264,train,source,GSE51264,prefrontal cortex (PFC),human_23_M,0.009394306689500809,False
GSM1241374,brain,GSE51264,train,source,GSE51264,prefrontal cortex (PFC),human_26_F,0.01914682425558567,False
GSM1241376,brain,GSE51264,train,source,GSE51264,prefrontal cortex (PFC),human_28_M,0.023501982912421227,False
GSM1241378,brain,GSE51264,train,source,GSE51264,prefrontal cortex (PFC),human_30_M,0.01108227763324976,False
GSM1241380,brain,GSE51264,train,source,GSE51264,prefrontal cortex (PFC),human_32_M,0.014771714806556702,False
GSM1241381,brain,GSE51264,train,source,GSE51264,prefrontal cortex (PFC),human_33_F,0.01871274970471859,False
GSM1241383,brain,GSE51264,train,source,GSE51264,prefrontal cortex (PFC),human_36_M,0.00976327434182167,False
GSM1241385,brain,GSE51264,train,source,GSE51264,prefrontal cortex (PFC),human_38_M,0.018984336405992508,False
GSM1495249,brain,GSE51424,train,source,GSE51424,normal brain,NormalHumanRNA-SeqA,0.035211410373449326,False
GSM1495250,brain,GSE51424,train,source,GSE51424,normal brain,NormalHumanRNA-SeqB,0.04162134230136871,False
GSM1495251,brain,GSE51424,train,source,GSE51424,normal brain,NormalHumanRNA-SeqC,0.04418613389134407,False
GSM1288379,brain,GSE53239,train,source,GSE53239,postmortem brain,BD HGB_11,0.05134965479373932,False
GSM1288380,brain,GSE53239,train,source,GSE53239,postmortem brain,BD HGB_12,0.10454968363046646,False
GSM1288381,brain,GSE53239,train,source,GSE53239,postmortem brain,BD HGB_13,0.0493801012635231,False
GSM1288382,brain,GSE53239,train,source,GSE53239,postmortem brain,BD HGB_14,0.09472555667161942,False
GSM1288383,brain,GSE53239,train,source,GSE53239,postmortem brain,BD HGB_15,0.06490584462881088,False
GSM1288384,brain,GSE53239,train,source,GSE53239,postmortem brain,BD HGB_16,0.03571874275803566,False
GSM1288385,brain,GSE53239,train,source,GSE53239,postmortem brain,Control HGB_17,0.04850452393293381,False
GSM1288386,brain,GSE53239,train,source,GSE53239,postmortem brain,Control HGB_18,0.05258018895983696,False
GSM1288387,brain,GSE53239,train,source,GSE53239,postmortem brain,Control HGB_19,0.041575461626052856,False
GSM1288388,brain,GSE53239,train,source,GSE53239,postmortem brain,Control HGB_20,0.049721211194992065,False
GSM1288389,brain,GSE53239,train,source,GSE53239,postmortem brain,Control HGB_21,0.05522919446229935,False
GSM1288390,brain,GSE53239,train,source,GSE53239,postmortem brain,Control HGB_22,0.049216970801353455,False
GSM1378955,brain,GSE57295,train,source,GSE57295,brain tissue,human mRNA-seq,0.06355204433202744,False
GSM1440487,brain,GSE59612,train,source,GSE59612,non-neoplastic brain tissue,BJ025,0.03350164368748665,False
GSM1440488,brain,GSE59612,train,source,GSE59612,non-neoplastic brain tissue,BJ026,0.028878066688776016,False
GSM1440489,brain,GSE59612,train,source,GSE59612,non-neoplastic brain tissue,BJ027,0.0382910780608654,False
GSM1440490,brain,GSE59612,train,source,GSE59612,non-neoplastic brain tissue,BJ028,0.03892211988568306,False
GSM1440491,brain,GSE59612,train,source,GSE59612,non-neoplastic brain tissue,BJ029,0.034351930022239685,False
GSM1440492,brain,GSE59612,train,source,GSE59612,non-neoplastic brain tissue,BJ030,0.03685237839818001,False
GSM1440493,brain,GSE59612,train,source,GSE59612,non-neoplastic brain tissue,BJ031,0.03074265457689762,False
GSM1440494,brain,GSE59612,train,source,GSE59612,non-neoplastic brain tissue,BJ024,0.025980714708566666,False
GSM1440495,brain,GSE59612,train,source,GSE59612,non-neoplastic brain tissue,JJ015,0.03725205361843109,False
GSM1440496,brain,GSE59612,train,source,GSE59612,non-neoplastic brain tissue,JJ013,0.027568094432353973,False
GSM1440497,brain,GSE59612,train,source,GSE59612,non-neoplastic brain tissue,JJ014,0.03251628577709198,False
GSM1440498,brain,GSE59612,train,source,GSE59612,non-neoplastic brain tissue,AP001,0.07110311836004257,False
GSM1440499,brain,GSE59612,train,source,GSE59612,non-neoplastic brain tissue,AP002,0.025715790688991547,False
GSM1440500,brain,GSE59612,train,source,GSE59612,non-neoplastic brain tissue,AP003,0.03030809760093689,False
GSM1440501,brain,GSE59612,train,source,GSE59612,non-neoplastic brain tissue,AP004,0.03530822694301605,False
GSM1440502,brain,GSE59612,train,source,GSE59612,non-neoplastic brain tissue,AP005,0.030529269948601723,False
GSM1440503,brain,GSE59612,train,source,GSE59612,non-neoplastic brain tissue,AP006,0.036512311547994614,False
GSM1493974,brain,GSE60942|GSE60943,train,source,GSE60942	GSE60943,Brain,Lesion I,0.03894190862774849,False
GSM1493975,brain,GSE60942|GSE60943,train,source,GSE60942	GSE60943,Brain,Lesion II,0.03534455597400665,False
GSM1493976,brain,GSE60942|GSE60943,train,source,GSE60942	GSE60943,Brain,Lesion III,0.032525718212127686,False
GSM1519616,brain,GSE62098,train,source,GSE62098,human brain,RNA-seq of the corpus callosum #5308,0.05492408946156502,False
GSM1519617,brain,GSE62098,train,source,GSE62098,human brain,RNA-seq of the corpus callosum #5144,0.03446990251541138,False
GSM1519618,brain,GSE62098,train,source,GSE62098,human brain,RNA-seq of the corpus callosum #4727,0.04704097658395767,False
GSM1519619,brain,GSE62098,train,source,GSE62098,human brain,RNA-seq of the corpus callosum #5163,0.04671929404139519,False
GSM1519620,brain,GSE62098,train,source,GSE62098,human brain,RNA-seq of the corpus callosum #5391,0.04352610930800438,False
GSM1519621,brain,GSE62098,train,source,GSE62098,human brain,RNA-seq of the corpus callosum #5242,0.039224013686180115,False
GSM1519622,brain,GSE62098,train,source,GSE62098,human brain,RNA-seq of the corpus callosum #4899,0.023176487535238266,False
GSM1519623,brain,GSE62098,train,source,GSE62098,human brain,RNA-seq of the corpus callosum #4670,0.040652960538864136,False
GSM1519624,brain,GSE62098,train,source,GSE62098,human brain,RNA-seq of the corpus callosum #5407,0.02741170860826969,False
GSM1519626,brain,GSE62098,train,source,GSE62098,human brain,RNA-seq of the corpus callosum #5302,0.02575155533850193,False
GSM1519627,brain,GSE62098,train,source,GSE62098,human brain,RNA-seq of the corpus callosum #5403,0.030131561681628227,False
GSM1551308,brain,GSE63513,train,source,GSE63513,"human brain (BA9, Brodmann area 9)",RNA-seq of BA9,0.030082350596785545,False
GSM1551309,brain,GSE63513,train,source,GSE63513,"human brain (BA40, Brodmann area 40)",RNA-seq of BA40,0.020986564457416534,False
GSM1551310,brain,GSE63513,train,source,GSE63513,"human brain (AMY, amygdala)",RNA-seq of AMY,0.03044690191745758,False
GSM1580873,brain,GSE64810,train,source,GSE64810,brain,C_0006,0.02667381428182125,False
GSM1580877,brain,GSE64810,train,source,GSE64810,brain,C_0011,0.016907287761569023,False
GSM1580880,brain,GSE64810,train,source,GSE64810,brain,C_0014,0.02190898358821869,False
GSM1580883,brain,GSE64810,train,source,GSE64810,brain,C_0017,0.018969565629959106,False
GSM1580886,brain,GSE64810,train,source,GSE64810,brain,C_0020,0.020417779684066772,False
GSM1580890,brain,GSE64810,train,source,GSE64810,brain,C_0024,0.023119529709219933,False
GSM1580891,brain,GSE64810,train,source,GSE64810,brain,C_0025,0.020848924294114113,False
GSM1580894,brain,GSE64810,train,source,GSE64810,brain,C_0031,0.03439219295978546,False
GSM1580901,brain,GSE64810,train,source,GSE64810,brain,C_0039,0.028672710061073303,False
GSM1580906,brain,GSE64810,train,source,GSE64810,brain,C_0062,0.022425426170229912,False
GSM1580908,brain,GSE64810,train,source,GSE64810,brain,C_0069,0.026518190279603004,False
GSM1580910,brain,GSE64810,train,source,GSE64810,brain,C_0071,0.03749510273337364,False
GSM1580912,brain,GSE64810,train,source,GSE64810,brain,C_0076,0.03668045625090599,False
GSM1580913,brain,GSE64810,train,source,GSE64810,brain,C_0077,0.021226121112704277,False
GSM1580914,brain,GSE64810,train,source,GSE64810,brain,C_0081,0.01956941932439804,False
GSM1580915,brain,GSE64810,train,source,GSE64810,brain,C_0082,0.030372362583875656,False
GSM1580921,brain,GSE64810,train,source,GSE64810,brain,H_0005,0.03422199934720993,False
GSM1580933,brain,GSE64810,train,source,GSE64810,brain,H_0695,0.028512069955468178,False
GSM1580934,brain,GSE64810,train,source,GSE64810,brain,H_0700,0.016504641622304916,False
GSM1580937,brain,GSE64810,train,source,GSE64810,brain,H_0750,0.03503222391009331,False
GSM1679651,brain,GSE68719,train,source,GSE68719,BA9 prefrontal cortex,C_0005 [reanalysis of GSM1580872],0.02358129993081093,False
GSM1679653,brain,GSE68719,train,source,GSE68719,BA9 prefrontal cortex,C_0008 [reanalysis of GSM1580874],0.03621659800410271,False
GSM1679657,brain,GSE68719,train,source,GSE68719,BA9 prefrontal cortex,C_0012 [reanalysis of GSM1580878],0.03518415614962578,False
GSM1679665,brain,GSE68719,train,source,GSE68719,BA9 prefrontal cortex,C_0020 [reanalysis of GSM1580886],0.027456143870949745,False
GSM1679666,brain,GSE68719,train,source,GSE68719,BA9 prefrontal cortex,C_0021 [reanalysis of GSM1580887],0.02403387986123562,False
GSM1679668,brain,GSE68719,train,source,GSE68719,BA9 prefrontal cortex,C_0023 [reanalysis of GSM1580889],0.029488718137145042,False
GSM1679677,brain,GSE68719,train,source,GSE68719,BA9 prefrontal cortex,C_0039 [reanalysis of GSM1580901],0.03804473951458931,False
GSM1679679,brain,GSE68719,train,source,GSE68719,BA9 prefrontal cortex,C_0053 [reanalysis of GSM1580903],0.04981883242726326,False
GSM1679685,brain,GSE68719,train,source,GSE68719,BA9 prefrontal cortex,C_0070 [reanalysis of GSM1580909],0.03052605874836445,False
GSM1679687,brain,GSE68719,train,source,GSE68719,BA9 prefrontal cortex,C_0076 [reanalysis of GSM1580912],0.017154309898614883,False
GSM1679689,brain,GSE68719,train,source,GSE68719,BA9 prefrontal cortex,C_0082 [reanalysis of GSM1580915],0.04183127358555794,False
GSM1679691,brain,GSE68719,train,source,GSE68719,BA9 prefrontal cortex,C_0087 [reanalysis of GSM1580917],0.031062008813023567,False
GSM1679696,brain,GSE68719,train,source,GSE68719,BA9 prefrontal cortex,P_0014,0.02885667234659195,False
GSM1679697,brain,GSE68719,train,source,GSE68719,BA9 prefrontal cortex,P_0015,0.029137492179870605,False
GSM1679698,brain,GSE68719,train,source,GSE68719,BA9 prefrontal cortex,P_0016,0.03068007528781891,False
GSM1679703,brain,GSE68719,train,source,GSE68719,BA9 prefrontal cortex,P_0022,0.023536061868071556,False
GSM1679706,brain,GSE68719,train,source,GSE68719,BA9 prefrontal cortex,P_0027,0.03139709681272507,False
GSM1679711,brain,GSE68719,train,source,GSE68719,BA9 prefrontal cortex,P_0033,0.03776094689965248,False
GSM1679713,brain,GSE68719,train,source,GSE68719,BA9 prefrontal cortex,P_0063,0.034925974905490875,False
GSM1679716,brain,GSE68719,train,source,GSE68719,BA9 prefrontal cortex,P_0132,0.048391129821538925,False
GSM1752953,brain,GSE70424,train,title,GSE70424,NCI - HIGH,Alzheimer's Brain Sample5,0.10122708976268768,False
GSM1752954,brain,GSE70424,train,title,GSE70424,NCI - MED,Alzheimer's Brain Sample6,0.13211983442306519,False
GSM1752956,brain,GSE70424,train,title,GSE70424,DEM - MED,Alzheimer's Brain Sample8,0.09422216564416885,False
GSM1752957,brain,GSE70424,train,title,GSE70424,NCI - LOW,Alzheimer's Brain Sample9,0.11962413787841797,False
GSM1752958,brain,GSE70424,train,title,GSE70424,NCI - MED,Alzheimer's Brain Sample10,0.11560053378343582,False
GSM1752968,brain,GSE70424,train,title,GSE70424,NCI - LOW,Alzheimer's Brain Sample18,0.07094436138868332,False
GSM1752970,brain,GSE70424,train,title,GSE70424,DEM - MED,Alzheimer's Brain Sample20,0.07070866227149963,False
GSM1752972,brain,GSE70424,train,title,GSE70424,MCI - MED,Alzheimer's Brain Sample21,0.0699169784784317,False
GSM1752974,brain,GSE70424,train,title,GSE70424,NCI - LOW,Alzheimer's Brain Sample23,0.19128018617630005,False
GSM1752977,brain,GSE70424,train,title,GSE70424,MCI - LOW,Alzheimer's Brain Sample26,0.07979509234428406,False
GSM1752985,brain,GSE70424,train,title,GSE70424,NCI - MED,Alzheimer's Brain Sample33,0.07151499390602112,False
GSM1752987,brain,GSE70424,train,title,GSE70424,NCI - HIGH,Alzheimer's Brain Sample34,0.23457050323486328,False
GSM1752988,brain,GSE70424,train,title,GSE70424,MCI - MED,Alzheimer's Brain Sample35,0.2593596577644348,False
GSM1752997,brain,GSE70424,train,title,GSE70424,DEM - HIGH,Alzheimer's Brain Sample43,0.14401213824748993,False
GSM1752998,brain,GSE70424,train,title,GSE70424,NCI - LOW,Alzheimer's Brain Sample44,0.11938928067684174,False
GSM1753010,brain,GSE70424,train,title,GSE70424,NCI - MED,Alzheimer's Brain Sample54,0.1298346072435379,False
GSM1753013,brain,GSE70424,train,title,GSE70424,DEM - HIGH,Alzheimer's Brain Sample57,0.16233672201633453,False
GSM1753017,brain,GSE70424,train,title,GSE70424,MCI - HIGH,Alzheimer's Brain Sample60,0.1464899480342865,False
GSM1753019,brain,GSE70424,train,title,GSE70424,NCI - LOW,Alzheimer's Brain Sample61,0.16518402099609375,False
GSM1753030,brain,GSE70424,train,title,GSE70424,MCI - HIGH,Alzheimer's Brain Sample71,0.1851413995027542,False
GSM1866102,brain,GSE72468,train,source,GSE72468,brain,RNAseq_GBM_2493.RZY317,0.03471359238028526,False
GSM1866103,brain,GSE72468,train,source,GSE72468,brain,RNAseq_GBM_2585.RZY318,0.03269149735569954,False
GSM1866104,brain,GSE72468,train,source,GSE72468,brain,RNAseq_GBM_B39.RZY305,0.0752587765455246,False
GSM1866105,brain,GSE72468,train,source,GSE72468,brain,RNAseq_GBM_P69.RZY308,0.07427860051393509,False
GSM1866106,brain,GSE72468,train,source,GSE72468,brain,RNAseq_GBM_R28.RZY306,0.12069808691740036,False
GSM1866107,brain,GSE72468,train,source,GSE72468,brain,RNAseq_GBM_S08.RZY307,0.05746740475296974,False
GSM1866138,brain,GSE72468,train,source,GSE72468,brain,RNAseq_GBM_IDHmut-5661,0.07660535722970963,False
GSM2081423,brain,GSE78936,train,source,GSE78936,Brain,BD_BA11_1,0.1016487255692482,False
GSM2081435,brain,GSE78936,train,source,GSE78936,Brain,BD_BA11_13,0.10302332043647766,False
GSM2081439,brain,GSE78936,train,source,GSE78936,Brain,Control_BA11_17,0.2917306125164032,False
GSM2081441,brain,GSE78936,train,source,GSE78936,Brain,Control_BA11_19,0.07536788284778595,False
GSM2081443,brain,GSE78936,train,source,GSE78936,Brain,Control_BA11_21,0.19292564690113068,False
GSM2081444,brain,GSE78936,train,source,GSE78936,Brain,Control_BA11_22,0.07558134198188782,False
GSM2081445,brain,GSE78936,train,source,GSE78936,Brain,Control_BA11_23,0.1483883261680603,False
GSM2081446,brain,GSE78936,train,source,GSE78936,Brain,Control_BA11_24,0.03150667995214462,False
GSM2081451,brain,GSE78936,train,source,GSE78936,Brain,SZ_BA11_29,0.05461633577942848,False
GSM2081453,brain,GSE78936,train,source,GSE78936,Brain,SZ_BA11_31,0.13123975694179535,False
GSM2081459,brain,GSE78936,train,source,GSE78936,Brain,SZ_BA11_37,0.09814730286598206,False
GSM2081461,brain,GSE78936,train,source,GSE78936,Brain,SZ_BA11_39,0.0636797696352005,False
GSM2081464,brain,GSE78936,train,source,GSE78936,Brain,SZ_BA11_42,0.12460106611251831,False
GSM2081466,brain,GSE78936,train,source,GSE78936,Brain,SZ_BA11_44,0.09857965260744095,False
GSM2081475,brain,GSE78936,train,source,GSE78936,Brain,Control_BA9_9,0.08143176138401031,False
GSM2081476,brain,GSE78936,train,source,GSE78936,Brain,Control_BA9_10,0.05375789850950241,False
GSM2081493,brain,GSE78936,train,source,GSE78936,Brain,Control_BA24_8,0.05659034475684166,False
GSM2081499,brain,GSE78936,train,source,GSE78936,Brain,SZ_BA24_14,0.06348071247339249,False
GSM2081501,brain,GSE78936,train,source,GSE78936,Brain,SZ_BA24_16,0.0539233572781086,False
GSM2081503,brain,GSE78936,train,source,GSE78936,Brain,SZ_BA24_18,0.05927467346191406,False
GSM2339469,brain,GSE87586,train,source,GSE87586,"Hypothalamus, B6D2F1 (parental strain)","Hypothalamus, B6D2F1",0.20042754709720612,False
GSM2339473,brain,GSE87586,train,source,GSE87586,"Hypothalamus, BXD29","Hypothalamus, BXD29",0.2099601775407791,False
GSM2339477,brain,GSE87586,train,source,GSE87586,"Hypothalamus, BXD45","Hypothalamus, BXD45",0.2134246677160263,False
GSM2339479,brain,GSE87586,train,source,GSE87586,"Hypothalamus, BXD49","Hypothalamus, BXD49",0.22840900719165802,False
GSM2339480,brain,GSE87586,train,source,GSE87586,"Hypothalamus, BXD50","Hypothalamus, BXD50",0.21097484230995178,False
GSM2339481,brain,GSE87586,train,source,GSE87586,"Hypothalamus, BXD51","Hypothalamus, BXD51",0.24443674087524414,False
GSM2339482,brain,GSE87586,train,source,GSE87586,"Hypothalamus, BXD55","Hypothalamus, BXD55",0.20819011330604553,False
GSM2339483,brain,GSE87586,train,source,GSE87586,"Hypothalamus, BXD56","Hypothalamus, BXD56",0.19416512548923492,False
GSM2339485,brain,GSE87586,train,source,GSE87586,"Hypothalamus, BXD63","Hypothalamus, BXD63",0.24578027427196503,False
GSM2339486,brain,GSE87586,train,source,GSE87586,"Hypothalamus, BXD64","Hypothalamus, BXD64",0.20107869803905487,False
GSM2339490,brain,GSE87586,train,source,GSE87586,"Hypothalamus, BXD70","Hypothalamus, BXD70",0.21355034410953522,False
GSM2339494,brain,GSE87586,train,source,GSE87586,"Hypothalamus, BXD79","Hypothalamus, BXD79",0.1986735463142395,False
GSM2339496,brain,GSE87586,train,source,GSE87586,"Hypothalamus, BXD83","Hypothalamus, BXD83",0.19898883998394012,False
GSM2339497,brain,GSE87586,train,source,GSE87586,"Hypothalamus, BXD84","Hypothalamus, BXD84",0.20954521000385284,False
GSM2339503,brain,GSE87586,train,source,GSE87586,"Hypothalamus, BXD96","Hypothalamus, BXD96",0.1909177154302597,False
GSM2339504,brain,GSE87586,train,source,GSE87586,"Hypothalamus, BXD97","Hypothalamus, BXD97",0.21444928646087646,False
GSM2339505,brain,GSE87586,train,source,GSE87586,"Hypothalamus, BXD98","Hypothalamus, BXD98",0.20897679030895233,False
GSM2339506,brain,GSE87586,train,source,GSE87586,"Hypothalamus, C57BL/6J (parental strain)","Hypothalamus, C57BL/6J",0.21624816954135895,False
GSM2339507,brain,GSE87586,train,source,GSE87586,"Hypothalamus, D2B6F1 (parental strain)","Hypothalamus, D2B6F1",0.1946686953306198,False
GSM2339508,brain,GSE87586,train,source,GSE87586,"Hypothalamus, DBA/2J (parental strain)","Hypothalamus, DBA/2J",0.18932370841503143,False
GSM2371262,brain,GSE89413|GSE89969,train,source,GSE89413	GSE89969,Human fetal brain,Human Fetal Brain RNA-Seq,0.3304930329322815,False
GSM2373100,brain,GSE89476,train,title,GSE89476,Astrocytes,Astrocytes treated with Vehicle from cerebellum at 4 hours replicate number 1,0.23407895863056183,False
GSM2373101,brain,GSE89476,train,title,GSE89476,Astrocytes,Astrocytes treated with Vehicle from cerebellum at 4 hours replicate number 2,0.22675491869449615,False
GSM2373102,brain,GSE89476,train,title,GSE89476,Astrocytes,Astrocytes treated with Vehicle from cerebellum at 4 hours replicate number 3,0.2120041847229004,False
GSM2373103,brain,GSE89476,train,title,GSE89476,Astrocytes,Astrocytes treated with Interferon from cerebellum at 4 hours replicate number 1,0.21358723938465118,False
GSM2373104,brain,GSE89476,train,title,GSE89476,Astrocytes,Astrocytes treated with Interferon from cerebellum at 4 hours replicate number 2,0.2325240820646286,False
GSM2373105,brain,GSE89476,train,title,GSE89476,Astrocytes,Astrocytes treated with Interferon from cerebellum at 4 hours replicate number 3,0.1826580911874771,False
GSM2453438,brain,GSE93490,train,source,GSE93490,Homo sapiens brain tissue female adult (66 years),polyA mRNA RNA-seq from brain (ENCLB306ITM),0.12877604365348816,False
GSM2453439,brain,GSE93490,train,source,GSE93490,Homo sapiens brain tissue female adult (66 years),polyA mRNA RNA-seq from brain (ENCLB187ZUS),0.04136693477630615,False
GSM2460840,brain,GSE93708,train,source,GSE93708,Prefrontal cortex,PFC1,0.15112411975860596,False
GSM2460841,brain,GSE93708,train,source,GSE93708,Prefrontal cortex,PFC2,0.14620715379714966,False
GSM2460842,brain,GSE93708,train,source,GSE93708,Prefrontal cortex,PFC3,0.11644363403320312,False
GSM2460843,brain,GSE93708,train,source,GSE93708,Prefrontal cortex,PFC4,0.13254182040691376,False
GSM2497913,brain,GSE95155,train,source,GSE95155,brain,"MVP Human Brain Total RNA (Agilent, cat 540005) - Positive Control 35",0.45192673802375793,False
GSM2497919,brain,GSE95155,train,source,GSE95155,brain,"MVP Human Brain Total RNA (Agilent, cat 540005) - Positive Control 41",0.2804711163043976,False
GSM2575466,brain,GSE97688,train,source,GSE97688,human brain tissue from a patient with Alzheimer’s disease,Brain-AD,0.04032738506793976,False
GSM2581268,brain,GSE97930|GSE97942,train,source,GSE97930	GSE97942,Brain,Occ4,0.489009290933609,False
GSM2581269,brain,GSE97930|GSE97942,train,source,GSE97930	GSE97942,Brain,Occ5,0.49052292108535767,False
GSM2581274,brain,GSE97930|GSE97942,train,source,GSE97930	GSE97942,Brain,Occ10,0.4464239478111267,False
GSM2581275,brain,GSE97930|GSE97942,train,source,GSE97930	GSE97942,Brain,Occ11,0.33058658242225647,False
GSM2581278,brain,GSE97930|GSE97942,train,source,GSE97930	GSE97942,Brain,Occ3,0.27793076634407043,False
GSM2581281,brain,GSE97930|GSE97942,train,source,GSE97930	GSE97942,Brain,Occ13,0.40569835901260376,False
GSM2581282,brain,GSE97930|GSE97942,train,source,GSE97930	GSE97942,Brain,Occ14,0.3208483159542084,False
GSM2581283,brain,GSE97930|GSE97942,train,source,GSE97930	GSE97942,Brain,Occ15,0.3075132966041565,False
GSM2581284,brain,GSE97930|GSE97942,train,source,GSE97930	GSE97942,Brain,Occ16,0.3610488474369049,False
GSM2581294,brain,GSE97930|GSE97942,train,source,GSE97930	GSE97942,Brain,Occ19,0.4801124036312103,False
GSM2601287,brain,GSE98581,train,source,GSE98581,Prefrontal cortex,Offspring with autism,0.052189383655786514,False
GSM2601288,brain,GSE98581,train,source,GSE98581,Prefrontal cortex,Offspring without autism,0.041760627180337906,False
GSM3081145,brain,GSE99074,train,source,GSE99074,whole brain,spm9wb,0.12686802446842194,False
GSM3081147,brain,GSE99074,train,source,GSE99074,whole brain,spm6wb,0.13891883194446564,False
GSM3081148,brain,GSE99074,train,source,GSE99074,whole brain,spm5wb,0.11469228565692902,False
GSM3081150,brain,GSE99074,train,source,GSE99074,whole brain,spm35wb,0.12415093928575516,False
GSM3081151,brain,GSE99074,train,source,GSE99074,whole brain,spm33wb,0.15183167159557343,False
GSM3081152,brain,GSE99074,train,source,GSE99074,whole brain,spm30wb,0.13934218883514404,False
GSM3081153,brain,GSE99074,train,source,GSE99074,whole brain,spm2wb,0.11329986900091171,False
GSM3081154,brain,GSE99074,train,source,GSE99074,whole brain,spm28wb,0.17129550874233246,False
GSM3081156,brain,GSE99074,train,source,GSE99074,whole brain,spm25wb,0.13348250091075897,False
GSM3081157,brain,GSE99074,train,source,GSE99074,whole brain,spm15wb,0.12069077789783478,False
GSM3081158,brain,GSE99074,train,source,GSE99074,whole brain,spm14wb,0.13098394870758057,False
GSM3081159,brain,GSE99074,train,source,GSE99074,whole brain,spm13wb,0.12302497029304504,False
GSM3081160,brain,GSE99074,train,source,GSE99074,whole brain,spm11wb,0.13157372176647186,False
GSM3081161,brain,GSE99074,train,source,GSE99074,brain biopsy,S969,0.1232249066233635,False
GSM3081162,brain,GSE99074,train,source,GSE99074,brain biopsy,S947,0.14274968206882477,False
GSM3081163,brain,GSE99074,train,source,GSE99074,brain biopsy,S861,0.12341673672199249,False
GSM3081166,brain,GSE99074,train,source,GSE99074,brain biopsy,S755,0.1269633173942566,False
GSM3081168,brain,GSE99074,train,source,GSE99074,brain biopsy,S262,0.12398162484169006,False
GSM3081169,brain,GSE99074,train,source,GSE99074,brain biopsy,S243,0.11633189022541046,False
GSM3081170,brain,GSE99074,train,source,GSE99074,brain biopsy,S147,0.09871721267700195,False
GSM2706444,colon,GSE101588|GSE101651,train,source,GSE101588	GSE101651,RNA; Colon: descending colon,1017,0.205175518989563,False
GSM2706445,colon,GSE101588|GSE101651,train,source,GSE101588	GSE101651,RNA; Colon: ascending colon,1066,0.38940709829330444,False
GSM2706448,colon,GSE101588|GSE101651,train,source,GSE101588	GSE101651,RNA; Colon: rectosigmoid colon,1146,0.19943933188915253,False
GSM2706449,colon,GSE101588|GSE101651,train,source,GSE101588	GSE101651,RNA; Colon: rectosigmoid colon,1158,0.323733389377594,False
GSM2706450,colon,GSE101588|GSE101651,train,source,GSE101588	GSE101651,RNA; Colon: sigmoid colon,1144,0.43038228154182434,False
GSM2706453,colon,GSE101588|GSE101651,train,source,GSE101588	GSE101651,RNA; Colon: sigmoid colon,1054,0.25979670882225037,False
GSM2706455,colon,GSE101588|GSE101651,train,source,GSE101588	GSE101651,RNA; Colon: sigmoid colon,1073,0.14387257397174835,False
GSM2706460,colon,GSE101588|GSE101651,train,source,GSE101588	GSE101651,RNA; Colon: ascending colon,980,0.16947002708911896,False
GSM3028214,colon,GSE111307,train,source,GSE111307,colon,embryonic week 12 technical replicate 1,0.07783512771129608,False
GSM3028215,colon,GSE111307,train,source,GSE111307,colon,embryonic week 12 technical replicate 2,0.0629366934299469,False
GSM3028216,colon,GSE111307,train,source,GSE111307,colon,embryonic week 12 technical replicate 3,0.09012831747531891,False
GSM3028217,colon,GSE111307,train,source,GSE111307,colon,embryonic week 14 technical replicate 1,0.06480244547128677,False
GSM3028218,colon,GSE111307,train,source,GSE111307,colon,embryonic week 14 technical replicate 2,0.09177470207214355,False
GSM3028219,colon,GSE111307,train,source,GSE111307,colon,embryonic week 14 technical replicate 3,0.07699532061815262,False
GSM3028220,colon,GSE111307,train,source,GSE111307,colon,embryonic week 16 technical replicate 1,0.060748498886823654,False
GSM3028221,colon,GSE111307,train,source,GSE111307,colon,embryonic week 16 technical replicate 2,0.07804975658655167,False
GSM3028222,colon,GSE111307,train,source,GSE111307,colon,embryonic week 16 technical replicate 3,0.05642753839492798,False
GSM3704033,colon,GSE129288,train,source,GSE129288,Colon,WT Full medium rep1,0.12728551030158997,False
GSM3704034,colon,GSE129288,train,source,GSE129288,Colon,TP53KO Full medium rep1,0.12203298509120941,False
GSM3704035,colon,GSE129288,train,source,GSE129288,Colon,onco-RNF43/TP53KO Full medium rep1,0.10071851313114166,False
GSM3704036,colon,GSE129288,train,source,GSE129288,Colon,WT w/o Wnt3a-0.2% Rspo rep1,0.14144814014434814,False
GSM3704037,colon,GSE129288,train,source,GSE129288,Colon,TP53KO w/o Wnt3a-0.2% Rspo rep1,0.1551356017589569,False
GSM3704038,colon,GSE129288,train,source,GSE129288,Colon,onco-RNF43/TP53KO w/o Wnt3a-0.2% Rspo rep1,0.12443135678768158,False
GSM3704039,colon,GSE129288,train,source,GSE129288,Colon,WT Full medium rep2,0.10397447645664215,False
GSM3704040,colon,GSE129288,train,source,GSE129288,Colon,TP53KO Full medium rep2,0.1126585453748703,False
GSM3704041,colon,GSE129288,train,source,GSE129288,Colon,onco-RNF43/TP53KO Full medium rep2,0.12160071730613708,False
GSM3704042,colon,GSE129288,train,source,GSE129288,Colon,WT w/o Wnt3a-0.2% Rspo rep2,0.14437615871429443,False
GSM3704043,colon,GSE129288,train,source,GSE129288,Colon,TP53KO w/o Wnt3a-0.2% Rspo rep2,0.16267547011375427,False
GSM3704044,colon,GSE129288,train,source,GSE129288,Colon,onco-RNF43/TP53KO w/o Wnt3a-0.2% Rspo rep2,0.1376887857913971,False
GSM3704045,colon,GSE129288,train,source,GSE129288,Colon,WT Full medium rep3,0.12391430884599686,False
GSM3704046,colon,GSE129288,train,source,GSE129288,Colon,TP53KO Full medium rep3,0.10647211968898773,False
GSM3704047,colon,GSE129288,train,source,GSE129288,Colon,onco-RNF43/TP53KO Full medium rep3,0.11166170984506607,False
GSM3704048,colon,GSE129288,train,source,GSE129288,Colon,WT w/o Wnt3a-0.2% Rspo rep3,0.1234605684876442,False
GSM3704049,colon,GSE129288,train,source,GSE129288,Colon,TP53KO w/o Wnt3a-0.2% Rspo rep3,0.1385313719511032,False
GSM3704050,colon,GSE129288,train,source,GSE129288,Colon,onco-RNF43/TP53KO w/o Wnt3a-0.2% Rspo rep3,0.14127707481384277,False
GSM3730678,colon,GSE130038,train,source,GSE130038,sigmoid colon tissue,G155-02,0.03643845394253731,False
GSM3730679,colon,GSE130038,train,source,GSE130038,sigmoid colon tissue,G155-03,0.04160524532198906,False
GSM3730680,colon,GSE130038,train,source,GSE130038,sigmoid colon tissue,G155-04,0.04937359690666199,False
GSM3730682,colon,GSE130038,train,source,GSE130038,sigmoid colon tissue,G155-06,0.07698708772659302,False
GSM3730683,colon,GSE130038,train,source,GSE130038,sigmoid colon tissue,G155-07,0.3157283663749695,False
GSM3730684,colon,GSE130038,train,source,GSE130038,sigmoid colon tissue,G155-08,0.06694195419549942,False
GSM3730685,colon,GSE130038,train,source,GSE130038,sigmoid colon tissue,G155-09,0.11773855984210968,False
GSM3730687,colon,GSE130038,train,source,GSE130038,sigmoid colon tissue,G155-11,0.050234243273735046,False
GSM3730688,colon,GSE130038,train,source,GSE130038,sigmoid colon tissue,G155-12,0.08962824940681458,False
GSM3730689,colon,GSE130038,train,source,GSE130038,sigmoid colon tissue,G155-13,0.06270938366651535,False
GSM3730690,colon,GSE130038,train,source,GSE130038,sigmoid colon tissue,G155-14,0.07444003969430923,False
GSM3730691,colon,GSE130038,train,source,GSE130038,sigmoid colon tissue,G155-15,0.09261615574359894,False
GSM3730692,colon,GSE130038,train,source,GSE130038,sigmoid colon tissue,G155-16,0.07781602442264557,False
GSM3730694,colon,GSE130038,train,source,GSE130038,sigmoid colon tissue,G155-18,0.06488970667123795,False
GSM3730695,colon,GSE130038,train,source,GSE130038,sigmoid colon tissue,G155-19,0.04610218107700348,False
GSM3730697,colon,GSE130038,train,source,GSE130038,sigmoid colon tissue,G155-22,0.08051954209804535,False
GSM3730698,colon,GSE130038,train,source,GSE130038,sigmoid colon tissue,G155-23,0.031299397349357605,False
GSM3730700,colon,GSE130038,train,source,GSE130038,sigmoid colon tissue,G155-25,0.071465864777565,False
GSM3730701,colon,GSE130038,train,source,GSE130038,sigmoid colon tissue,G155-26,0.10078398138284683,False
GSM3730702,colon,GSE130038,train,source,GSE130038,sigmoid colon tissue,G155-27,0.04755774140357971,False
GSM4206908,colon,GSE141553,train,source,GSE141553,colon,left colon CD,0.2536982297897339,False
GSM4284531,colon,GSE144259,train,source,GSE144259,Matched normal colon,CRC1N,0.08832694590091705,False
GSM4284534,colon,GSE144259,train,source,GSE144259,Matched normal colon,CRC2N,0.08427798002958298,False
GSM4284537,colon,GSE144259,train,source,GSE144259,Matched normal colon,CRC3N,0.10981586575508118,False
GSM4635541,colon,GSE153198|GSE153202,train,source,GSE153198	GSE153202,Colon,VU1_Col_R2,0.12948322296142578,False
GSM4635542,colon,GSE153198|GSE153202,train,source,GSE153198	GSE153202,Colon,VU1_Col_R3,0.11467967927455902,False
GSM4635544,colon,GSE153198|GSE153202,train,source,GSE153198	GSE153202,Colon,VU10_Col_R1,0.23500867187976837,False
GSM4635545,colon,GSE153198|GSE153202,train,source,GSE153198	GSE153202,Colon,VU10_Col_R2b,0.21128375828266144,False
GSM4635554,colon,GSE153198|GSE153202,train,source,GSE153198	GSE153202,Colon,VU11_Col_R2,0.1660434603691101,False
GSM4635579,colon,GSE153198|GSE153202,train,source,GSE153198	GSE153202,Colon,VU14_Col_R2,0.1788225919008255,False
GSM4635580,colon,GSE153198|GSE153202,train,source,GSE153198	GSE153202,Colon,VU14_Col_R3,0.1664535403251648,False
GSM4635589,colon,GSE153198|GSE153202,train,source,GSE153198	GSE153202,Colon,VU15_Col_R5,0.17647366225719452,False
GSM4635602,colon,GSE153198|GSE153202,train,source,GSE153198	GSE153202,Colon,VU3_Col_R1,0.2661436200141907,False
GSM4635603,colon,GSE153198|GSE153202,train,source,GSE153198	GSE153202,Colon,VU3_Col_R2,0.1947893500328064,False
GSM4635604,colon,GSE153198|GSE153202,train,source,GSE153198	GSE153202,Colon,VU3_Col_R3,0.14928914606571198,False
GSM4635621,colon,GSE153198|GSE153202,train,source,GSE153198	GSE153202,Colon,VU5_Col_R1,0.20044830441474915,False
GSM4635622,colon,GSE153198|GSE153202,train,source,GSE153198	GSE153202,Colon,VU5_Col_R2,0.1523606777191162,False
GSM4635627,colon,GSE153198|GSE153202,train,source,GSE153198	GSE153202,Colon,VU6_Col_4c,0.21938370168209076,False
GSM4635635,colon,GSE153198|GSE153202,train,source,GSE153198	GSE153202,Colon,VU7_Col_R2,0.16952413320541382,False
GSM4635640,colon,GSE153198|GSE153202,train,source,GSE153198	GSE153202,Colon,VU8_Col_R1,0.20744340121746063,False
GSM4635641,colon,GSE153198|GSE153202,train,source,GSE153198	GSE153202,Colon,VU8_Col_R2,0.17017388343811035,False
GSM4635668,colon,GSE153198|GSE153202,train,source,GSE153198	GSE153202,Colon,VU21_Musc_R2,0.14111651480197906,False
GSM4635677,colon,GSE153198|GSE153202,train,source,GSE153198	GSE153202,Colon,VU24_Musc_R2,0.16251663863658905,False
GSM4635678,colon,GSE153198|GSE153202,train,source,GSE153198	GSE153202,Colon,VU24_Musc_R3,0.157496839761734,False
GSM4700319,colon,GSE155375|GSE155921,train,source,GSE155375	GSE155921,Colon,GRM_FAM104A_2M,0.18419986963272095,False
GSM4700321,colon,GSE155375|GSE155921,train,source,GSE155375	GSE155921,Colon,GRM_PABPC1_2M,0.43710795044898987,False
GSM4700323,colon,GSE155375|GSE155921,train,source,GSE155375	GSE155921,Colon,GRM_PABPC1_3M,0.14693546295166016,False
GSM4750247,colon,GSE157004,train,source,GSE157004,Colon tissue,P12N early A,0.06394457072019577,False
GSM4750248,colon,GSE157004,train,source,GSE157004,Colon tissue,P12N early B,0.07241878658533096,False
GSM4750249,colon,GSE157004,train,source,GSE157004,Colon tissue,P12N early C,0.09972364455461502,False
GSM4750250,colon,GSE157004,train,source,GSE157004,Colon tissue,P12N thaw A,0.07606133818626404,False
GSM4750251,colon,GSE157004,train,source,GSE157004,Colon tissue,P12N thaw B,0.06745325773954391,False
GSM4750252,colon,GSE157004,train,source,GSE157004,Colon tissue,P12N thaw C,0.07875100523233414,False
GSM4750253,colon,GSE157004,train,source,GSE157004,Colon tissue,P12N late A,0.07722439616918564,False
GSM4750254,colon,GSE157004,train,source,GSE157004,Colon tissue,P12N late B,0.08788043260574341,False
GSM4750255,colon,GSE157004,train,source,GSE157004,Colon tissue,P12N late C,0.11102532595396042,False
GSM4750256,colon,GSE157004,train,source,GSE157004,Colon tissue,P12T -W early A,0.08760302513837814,False
GSM4750258,colon,GSE157004,train,source,GSE157004,Colon tissue,P12T -W early C,0.12638461589813232,False
GSM4750259,colon,GSE157004,train,source,GSE157004,Colon tissue,P12T -W thaw A,0.08585299551486969,False
GSM4750260,colon,GSE157004,train,source,GSE157004,Colon tissue,P12T -W thaw B,0.06412158906459808,False
GSM4750261,colon,GSE157004,train,source,GSE157004,Colon tissue,P12T -W thaw C,0.06744012981653214,False
GSM4750262,colon,GSE157004,train,source,GSE157004,Colon tissue,P12T -W late A,0.08627855777740479,False
GSM4750264,colon,GSE157004,train,source,GSE157004,Colon tissue,P12T -W late C,0.0729353129863739,False
GSM5046514,colon,GSE165605|GSE165607,train,source,GSE165605	GSE165607,colon,G1,0.10361257940530777,False
GSM5046515,colon,GSE165605|GSE165607,train,source,GSE165605	GSE165607,colon,G2,0.046879854053258896,False
GSM5046516,colon,GSE165605|GSE165607,train,source,GSE165605	GSE165607,colon,G3,0.029006795957684517,False
GSM5046517,colon,GSE165605|GSE165607,train,source,GSE165605	GSE165607,colon,Normal1,0.03810286149382591,False
GSM5046518,colon,GSE165605|GSE165607,train,source,GSE165605	GSE165607,colon,Normal2,0.04601844772696495,False
GSM5046519,colon,GSE165605|GSE165607,train,source,GSE165605	GSE165607,colon,Normal3,0.04521199315786362,False
GSM5318863,colon,GSE174519,train,source,GSE174519,normal colorectal tissue,N1: Normal,0.022219788283109665,False
GSM5318864,colon,GSE174519,train,source,GSE174519,normal colorectal tissue,B1: Normal,0.036154501140117645,False
GSM5330285,colon,GSE174864,train,source,GSE174864,"Homo sapiens female child (16 years) colonic mucosa tissue, preserved by flash-freezing",total RNA-seq from colonic mucosa (ENCLB426QJG),0.04364793375134468,False
GSM5330770,colon,GSE175049,train,source,GSE175049,"Homo sapiens male adult (40 years) mucosa of descending colon tissue, preserved by flash-freezing",total RNA-seq from mucosa of descending colon (ENCLB596FDK),0.015799621120095253,False
GSM5330803,colon,GSE175066,train,source,GSE175066,"Homo sapiens female adult (61 year) mucosa of descending colon tissue, preserved by flash-freezing",total RNA-seq from mucosa of descending colon (ENCLB343SWL),0.02857055328786373,False
GSM5330840,colon,GSE175086,train,source,GSE175086,"Homo sapiens female adult (41 year) colonic mucosa tissue, preserved by flash-freezing",total RNA-seq from colonic mucosa (ENCLB273OUK),0.03265697509050369,False
GSM5330900,colon,GSE175113,train,source,GSE175113,"Homo sapiens female adult (59 years) left colon tissue, preserved by flash-freezing",total RNA-seq from left colon (ENCLB227NJL),0.026885151863098145,False
GSM5330908,colon,GSE175119,train,source,GSE175119,"Homo sapiens female adult (46 years) left colon tissue, preserved by flash-freezing",total RNA-seq from left colon (ENCLB987WVO),0.023288117721676826,False
GSM5396216,colon,GSE178698,train,source,GSE178698,Colon,59C-Day-10,0.16350765526294708,False
GSM5396217,colon,GSE178698,train,source,GSE178698,Colon,75C-Day-10,0.16719239950180054,False
GSM5396218,colon,GSE178698,train,source,GSE178698,Colon,59C-ALI-D7,0.11781181395053864,False
GSM5396219,colon,GSE178698,train,source,GSE178698,Colon,75C-ALI-D7,0.1296565979719162,False
GSM5396220,colon,GSE178698,train,source,GSE178698,Colon,59C-US-RD1-D3,0.14356569945812225,False
GSM5396221,colon,GSE178698,train,source,GSE178698,Colon,75C-US-RD1-D3,0.11800845712423325,False
GSM5396222,colon,GSE178698,train,source,GSE178698,Colon,59C-US-RD5-D3,0.17248855531215668,False
GSM5396223,colon,GSE178698,train,source,GSE178698,Colon,75C-US-RD5-D3,0.17062902450561523,False
GSM5396224,colon,GSE178698,train,source,GSE178698,Colon,59C-FliC-RD1-D3,0.14279203116893768,False
GSM5396225,colon,GSE178698,train,source,GSE178698,Colon,75C-FliC-RD1-D3,0.1520669311285019,False
GSM5396226,colon,GSE178698,train,source,GSE178698,Colon,59C-FliC-RD5-D3,0.17585265636444092,False
GSM5396227,colon,GSE178698,train,source,GSE178698,Colon,75C-FliC-RD5-D3,0.11967941373586655,False
GSM5462723,colon,GSE180440,train,source,GSE180440,Colon,PG6_38: 1789 normal,0.08694376051425934,False
GSM5462729,colon,GSE180440,train,source,GSE180440,Colon,PG7_44: 3211 normal,0.06893575191497803,False
GSM5462749,colon,GSE180440,train,source,GSE180440,Colon,1429_N: 1429 normal,0.08184388279914856,False
GSM5462759,colon,GSE180440,train,source,GSE180440,Colon,3292_N: 3292 normal,0.082825668156147,False
GSM1131538,colon,GSE46513,train,source,GSE46513,Colon,SSP1,0.0364840105175972,False
GSM1131539,colon,GSE46513,train,source,GSE46513,Colon,SSP2,0.028698038309812546,False
GSM1131540,colon,GSE46513,train,source,GSE46513,Colon,SSP3,0.028679734095931053,False
GSM1131541,colon,GSE46513,train,source,GSE46513,Colon,SSP4,0.05609557777643204,False
GSM1131542,colon,GSE46513,train,source,GSE46513,Colon,SSP5,0.030248207971453667,False
GSM1131543,colon,GSE46513,train,source,GSE46513,Colon,SSP6,0.020338864997029305,False
GSM1131544,colon,GSE46513,train,source,GSE46513,Colon,SSP7,0.024399476125836372,False
GSM1131545,colon,GSE46513,train,source,GSE46513,Colon,CTRL1,0.013610140420496464,False
GSM1131546,colon,GSE46513,train,source,GSE46513,Colon,CTRL2,0.01132151298224926,False
GSM1131547,colon,GSE46513,train,source,GSE46513,Colon,CTRL3,0.018686657771468163,False
GSM1131548,colon,GSE46513,train,source,GSE46513,Colon,CTRL4,0.011432059109210968,False
GSM1131549,colon,GSE46513,train,source,GSE46513,Colon,CTRL5,0.018142880871891975,False
GSM1131550,colon,GSE46513,train,source,GSE46513,Colon,CTRL6,0.00869057048112154,False
GSM1131551,colon,GSE46513,train,source,GSE46513,Colon,CTRL7,0.013443639501929283,False
GSM1131552,colon,GSE46513,train,source,GSE46513,Colon,CTRL8,0.01778426766395569,False
GSM1228202,colon,GSE50760,train,source,GSE50760,normal colon,normal colon AMC_2-2,0.008728623390197754,False
GSM1228203,colon,GSE50760,train,source,GSE50760,normal colon,normal colon AMC_3-2,0.009374678134918213,False
GSM1228204,colon,GSE50760,train,source,GSE50760,normal colon,normal colon AMC_5-2,0.01266231294721365,False
GSM1228205,colon,GSE50760,train,source,GSE50760,normal colon,normal colon AMC_6-2,0.010107837617397308,False
GSM1228206,colon,GSE50760,train,source,GSE50760,normal colon,normal colon AMC_7-2,0.006296374835073948,False
GSM1228207,colon,GSE50760,train,source,GSE50760,normal colon,normal colon AMC_8-2,0.009681147523224354,False
GSM1228208,colon,GSE50760,train,source,GSE50760,normal colon,normal colon AMC_9-2,0.008843866176903248,False
GSM1228209,colon,GSE50760,train,source,GSE50760,normal colon,normal colon AMC_10-2,0.007860353216528893,False
GSM1228210,colon,GSE50760,train,source,GSE50760,normal colon,normal colon AMC_12-2,0.008574445731937885,False
GSM1228211,colon,GSE50760,train,source,GSE50760,normal colon,normal colon AMC_13-2,0.009674323722720146,False
GSM1228212,colon,GSE50760,train,source,GSE50760,normal colon,normal colon AMC_17-2,0.006141273304820061,False
GSM1228213,colon,GSE50760,train,source,GSE50760,normal colon,normal colon AMC_18-2,0.01906212791800499,False
GSM1228214,colon,GSE50760,train,source,GSE50760,normal colon,normal colon AMC_19-2,0.00800754688680172,False
GSM1228215,colon,GSE50760,train,source,GSE50760,normal colon,normal colon AMC_20-2,0.006877764128148556,False
GSM1228216,colon,GSE50760,train,source,GSE50760,normal colon,normal colon AMC_21-2,0.01122991368174553,False
GSM1228217,colon,GSE50760,train,source,GSE50760,normal colon,normal colon AMC_22-2,0.013758176937699318,False
GSM1228218,colon,GSE50760,train,source,GSE50760,normal colon,normal colon AMC_23-2,0.011063733138144016,False
GSM1228219,colon,GSE50760,train,source,GSE50760,normal colon,normal colon AMC_24-2,0.007184795569628477,False
GSM1919380,colon,GSE74369,train,source,GSE74369,Colonic mucosa,P10_tissue_normal,0.46374133229255676,False
GSM1919393,colon,GSE74369,train,source,GSE74369,Colonic mucosa microvasculature,P08_lcm_normal,0.21935130655765533,False
GSM1919395,colon,GSE74369,train,source,GSE74369,Colonic mucosa microvasculature,P10_lcm_normal,0.26672205328941345,False
GSM1919402,colon,GSE74369,train,source,GSE74369,Colonic mucosa microvasculature,P20_lcm_normal,0.36356595158576965,False
GSM2042059,colon,GSE76987,train,source,GSE76987,Colon,SSA/P -2,0.030189765617251396,False
GSM2042060,colon,GSE76987,train,source,GSE76987,Colon,SSA/P -3,0.04012094438076019,False
GSM2042062,colon,GSE76987,train,source,GSE76987,Colon,SSA/P -5,0.0214933343231678,False
GSM2042066,colon,GSE76987,train,source,GSE76987,Colon,SSA/P -9,0.04307850822806358,False
GSM2042067,colon,GSE76987,train,source,GSE76987,Colon,SSA/P -10,0.03646574914455414,False
GSM2042068,colon,GSE76987,train,source,GSE76987,Colon,SSA/P -11,0.032709840685129166,False
GSM2042075,colon,GSE76987,train,source,GSE76987,Colon,SSA/P -18,0.01752941869199276,False
GSM2042080,colon,GSE76987,train,source,GSE76987,Colon,HP -2,0.029910549521446228,False
GSM2042093,colon,GSE76987,train,source,GSE76987,Colon,AP -5,0.029644140973687172,False
GSM2042098,colon,GSE76987,train,source,GSE76987,Colon,AP -10,0.026527302339673042,False
GSM2042103,colon,GSE76987,train,source,GSE76987,Colon,UR -1,0.026065852493047714,False
GSM2042105,colon,GSE76987,train,source,GSE76987,Colon,UR -3,0.019082238897681236,False
GSM2042108,colon,GSE76987,train,source,GSE76987,Colon,UR -6,0.009421240538358688,False
GSM2042113,colon,GSE76987,train,source,GSE76987,Colon,UR -11,0.04583769664168358,False
GSM2042119,colon,GSE76987,train,source,GSE76987,Colon,UL -2,0.022740766406059265,False
GSM2042122,colon,GSE76987,train,source,GSE76987,Colon,UL -5,0.01616806723177433,False
GSM2042133,colon,GSE76987,train,source,GSE76987,Colon,CR -10,0.00812889076769352,False
GSM2042136,colon,GSE76987,train,source,GSE76987,Colon,CL -3,0.013650080189108849,False
GSM2042137,colon,GSE76987,train,source,GSE76987,Colon,CL -4,0.011651303619146347,False
GSM2042139,colon,GSE76987,train,source,GSE76987,Colon,CL -6,0.013185176998376846,False
GSM2212666,colon,GSE83687,train,source,GSE83687,colon,1R colon male control S45,0.023166373372077942,False
GSM2212667,colon,GSE83687,train,source,GSE83687,colon,1T colon female control S46,0.017226561903953552,False
GSM2212668,colon,GSE83687,train,source,GSE83687,colon,1Y colon male control S47,0.020765312016010284,False
GSM2212689,colon,GSE83687,train,source,GSE83687,colon,3N colon male Crohn's disease S68,0.034075286239385605,False
GSM2212716,colon,GSE83687,train,source,GSE83687,colon,6R colon male control S95,0.03371848165988922,False
GSM2212755,colon,GSE83687,train,source,GSE83687,colon,9V colon female control S134,0.018209271132946014,False
GSM2343309,colon,GSE88079,train,source,GSE88079,Homo sapiens transverse colon tissue male adult (54 years),small RNA-seq from transverse colon (ENCLB474RLW),0.15401917695999146,False
GSM2343361,colon,GSE88093,train,source,GSE88093,Homo sapiens transverse colon tissue female adult (51 year),small RNA-seq from transverse colon (ENCLB351JFP),0.10500539839267731,False
GSM2343804,colon,GSE88333,train,source,GSE88333,Homo sapiens transverse colon tissue male adult (37 years),small RNA-seq from transverse colon (ENCLB365GID),0.08986552059650421,False
GSM2343980,colon,GSE88437,train,source,GSE88437,Homo sapiens transverse colon tissue male adult (37 years),total RNA-seq from transverse colon (ENCLB373HEH),0.05162806436419487,False
GSM2344186,colon,GSE88557,train,source,GSE88557,Homo sapiens sigmoid colon tissue male adult (54 years),total RNA-seq from sigmoid colon (ENCLB490FBP),0.0949069932103157,False
GSM2344212,colon,GSE88571,train,source,GSE88571,Homo sapiens sigmoid colon tissue female adult (51 year),total RNA-seq from sigmoid colon (ENCLB666FJO),0.10213296860456467,False
GSM2344258,colon,GSE88599,train,source,GSE88599,Homo sapiens sigmoid colon tissue male adult (37 years),total RNA-seq from sigmoid colon (ENCLB743CLP),0.10754156857728958,False
GSM2344290,colon,GSE88618,train,source,GSE88618,Homo sapiens sigmoid colon tissue male adult (37 years),small RNA-seq from sigmoid colon (ENCLB595PHO),0.17373518645763397,False
GSM2387334,colon,GSE89729,train,source,GSE89729,colon,HCT116-1,0.12334436178207397,False
GSM2387335,colon,GSE89729,train,source,GSE89729,colon,HCT116-2,0.13050077855587006,False
GSM2387336,colon,GSE89729,train,source,GSE89729,colon,HCT116-3,0.14146500825881958,False
GSM2387337,colon,GSE89729,train,source,GSE89729,colon,HCT116-4,0.17968492209911346,False
GSM2387338,colon,GSE89729,train,source,GSE89729,colon,KO1-1,0.1486683487892151,False
GSM2387339,colon,GSE89729,train,source,GSE89729,colon,KO1-2,0.15693672001361847,False
GSM2387340,colon,GSE89729,train,source,GSE89729,colon,KO1-3,0.028622696176171303,False
GSM2387341,colon,GSE89729,train,source,GSE89729,colon,KO1-4,0.0352572500705719,False
GSM2453436,colon,GSE93489,train,source,GSE93489,Homo sapiens sigmoid colon tissue male adult (21 year),polyA mRNA RNA-seq from sigmoid colon (ENCLB521TPI),0.0007312320522032678,False
GSM2453437,colon,GSE93489,train,source,GSE93489,Homo sapiens sigmoid colon tissue male adult (21 year),polyA mRNA RNA-seq from sigmoid colon (ENCLB679EPU),0.02028764598071575,False
GSM2496705,colon,GSE95132|GSE95656,train,source,GSE95132	GSE95656,Colon,"RNA-seq on normal crypts, patient #515",0.05408985912799835,False
GSM2496706,colon,GSE95132|GSE95656,train,source,GSE95132	GSE95656,Colon,"RNA-seq on ACF, patient #515",0.055022794753313065,False
GSM2496707,colon,GSE95132|GSE95656,train,source,GSE95132	GSE95656,Colon,"RNA-seq on normal crypts, patient #139",0.03256332874298096,False
GSM2496708,colon,GSE95132|GSE95656,train,source,GSE95132	GSE95656,Colon,"RNA-seq on ACF, patient #139",0.06138604134321213,False
GSM2496709,colon,GSE95132|GSE95656,train,source,GSE95132	GSE95656,Colon,"RNA-seq on normal crypts, patient #178",0.06870101392269135,False
GSM2496710,colon,GSE95132|GSE95656,train,source,GSE95132	GSE95656,Colon,"RNA-seq on ACF, patient #178",0.07227480411529541,False
GSM2496711,colon,GSE95132|GSE95656,train,source,GSE95132	GSE95656,Colon,"RNA-seq on normal crypts, patient #245",0.05163533240556717,False
GSM2496712,colon,GSE95132|GSE95656,train,source,GSE95132	GSE95656,Colon,"RNA-seq on ACF, patient #245",0.10886876285076141,False
GSM2496713,colon,GSE95132|GSE95656,train,source,GSE95132	GSE95656,Colon,"RNA-seq on normal crypts, patient #165",0.0402304083108902,False
GSM2496714,colon,GSE95132|GSE95656,train,source,GSE95132	GSE95656,Colon,"RNA-seq on ACF, patient #165_S1",0.05490851402282715,False
GSM2496715,colon,GSE95132|GSE95656,train,source,GSE95132	GSE95656,Colon,"RNA-seq on ACF, patient #165_S2",0.044788192957639694,False
GSM2730123,liver,GSE102188,train,source,GSE102188,Adult Liver,SL147680,0.008905240334570408,False
GSM2730124,liver,GSE102188,train,source,GSE102188,Adult Liver,SL147679,0.011255000717937946,False
GSM2730125,liver,GSE102188,train,source,GSE102188,Adult Liver,SL147677,0.011410423554480076,False
GSM2730126,liver,GSE102188,train,source,GSE102188,Adult Liver,SL147678,0.013212553225457668,False
GSM2730127,liver,GSE102188,train,source,GSE102188,Child Liver,SL147676,0.011110576801002026,False
GSM2730128,liver,GSE102188,train,source,GSE102188,Child Liver,SL147675,0.009448535740375519,False
GSM2730129,liver,GSE102188,train,source,GSE102188,Child Liver,SL147674,0.008518088608980179,False
GSM2730130,liver,GSE102188,train,source,GSE102188,Child Liver,SL147673,0.0143176494166255,False
GSM2742869,liver,GSE102683,train,source,GSE102683,Total liver,liver_p1,0.16010577976703644,False
GSM2742870,liver,GSE102683,train,source,GSE102683,Total liver,liver_p2,0.10791021585464478,False
GSM2742871,liver,GSE102683,train,source,GSE102683,Total liver,liver_p3,0.2154081165790558,False
GSM2742872,liver,GSE102683,train,source,GSE102683,Total liver,liver_p4,0.18025125563144684,False
GSM2987924,liver,GSE110345,train,source,GSE110345,Liver,Liver3,0.1312943547964096,False
GSM2987926,liver,GSE110345,train,source,GSE110345,Liver,Liver7,0.13102737069129944,False
GSM3061089,liver,GSE112221,train,source,GSE112221,normal liver,NL1_rnaseq,0.0452486015856266,False
GSM3061090,liver,GSE112221,train,source,GSE112221,normal liver,NL2_rnaseq,0.03598005324602127,False
GSM3061091,liver,GSE112221,train,source,GSE112221,cirrhotic liver,Cirr1_rnaseq,0.03828951343894005,False
GSM3061092,liver,GSE112221,train,source,GSE112221,HCC liver,HCC1_rnaseq,0.05395141616463661,False
GSM3061093,liver,GSE112221,train,source,GSE112221,cirrhotic liver,Cirr2_rnaseq,0.05284113809466362,False
GSM3061094,liver,GSE112221,train,source,GSE112221,HCC liver,HCC2_rnaseq,0.036739543080329895,False
GSM3061095,liver,GSE112221,train,source,GSE112221,cirrhotic liver,Cirr3_rnaseq,0.04568155109882355,False
GSM3061096,liver,GSE112221,train,source,GSE112221,HCC liver,HCC3_rnaseq,0.06260714679956436,False
GSM3061097,liver,GSE112221,train,source,GSE112221,cirrhotic liver,Cirr4_rnaseq,0.06873075664043427,False
GSM3061098,liver,GSE112221,train,source,GSE112221,HCC liver,HCC4_rnaseq,0.0874999389052391,False
GSM3144918,liver,GSE114564,train,source,GSE114564,liver tissue,N006,0.10564149916172028,False
GSM3144920,liver,GSE114564,train,source,GSE114564,liver tissue,N008,0.09990061819553375,False
GSM3144924,liver,GSE114564,train,source,GSE114564,liver tissue,N012,0.1015692874789238,False
GSM3144927,liver,GSE114564,train,source,GSE114564,liver tissue,N015,0.09842346608638763,False
GSM3144946,liver,GSE114564,train,source,GSE114564,liver tissue,CHB019,0.13139638304710388,False
GSM3144963,liver,GSE114564,train,source,GSE114564,liver tissue,eHCC006,0.12061949074268341,False
GSM3144966,liver,GSE114564,train,source,GSE114564,liver tissue,eHCC009,0.10857276618480682,False
GSM3144971,liver,GSE114564,train,source,GSE114564,liver tissue,eHCC014,0.10443400591611862,False
GSM3144973,liver,GSE114564,train,source,GSE114564,liver tissue,eHCC016,0.10887249559164047,False
GSM3144975,liver,GSE114564,train,source,GSE114564,liver tissue,eHCC018,0.07842502743005753,False
GSM3144978,liver,GSE114564,train,source,GSE114564,liver tissue,avHCC003,0.22084356844425201,False
GSM3144986,liver,GSE114564,train,source,GSE114564,liver tissue,avHCC011,0.12104128301143646,False
GSM3144988,liver,GSE114564,train,source,GSE114564,liver tissue,avHCC013,0.09536992758512497,False
GSM3144999,liver,GSE114564,train,source,GSE114564,liver tissue,avHCC024,0.1604977548122406,False
GSM3145003,liver,GSE114564,train,source,GSE114564,liver tissue,avHCC028,0.1288461983203888,False
GSM3145017,liver,GSE114564,train,source,GSE114564,liver tissue,avHCC042,0.12261112034320831,False
GSM3145019,liver,GSE114564,train,source,GSE114564,liver tissue,avHCC044,0.10754546523094177,False
GSM3305721,liver,GSE114564,train,source,GSE114564,liver tissue,DN002,0.08291337639093399,False
GSM3305723,liver,GSE114564,train,source,GSE114564,liver tissue,DN004,0.09636247158050537,False
GSM3305728,liver,GSE114564,train,source,GSE114564,liver tissue,DN009,0.08737698942422867,False
GSM3169090,liver,GSE115193,train,source,GSE115193,patient liver,BWF--001_Human,0.008155503310263157,False
GSM3169091,liver,GSE115193,train,source,GSE115193,patient liver,BWF--002_Human,0.009887026622891426,False
GSM3169092,liver,GSE115193,train,source,GSE115193,patient liver,BWF--003_Human,0.017500799149274826,False
GSM3169093,liver,GSE115193,train,source,GSE115193,patient liver,BWF--004_Human,0.009392902255058289,False
GSM3169094,liver,GSE115193,train,source,GSE115193,patient liver,BWF--005_Human,0.012636140920221806,False
GSM3169095,liver,GSE115193,train,source,GSE115193,patient liver,BWF--006_Human,0.02019508183002472,False
GSM3169096,liver,GSE115193,train,source,GSE115193,patient liver,BWF--007_Human,0.010389861650764942,False
GSM3169097,liver,GSE115193,train,source,GSE115193,patient liver,BWF--008_Human,0.009307684376835823,False
GSM3178782,liver,GSE115469,train,source,GSE115469,Liver,Patient 1 Total Liver Homogenate,0.3674829304218292,False
GSM3178784,liver,GSE115469,train,source,GSE115469,Liver,Patient 3 Total Liver Homogenate,0.22710902988910675,False
GSM3431833,liver,GSE121344|GSE121346,train,source,GSE121344	GSE121346,liver,lean_1,0.00936034880578518,False
GSM3431834,liver,GSE121344|GSE121346,train,source,GSE121344	GSE121346,liver,lean_2,0.006766655948013067,False
GSM3431835,liver,GSE121344|GSE121346,train,source,GSE121344	GSE121346,liver,lean_3,0.007419494446367025,False
GSM3431836,liver,GSE121344|GSE121346,train,source,GSE121344	GSE121346,liver,lean_4,0.009834161959588528,False
GSM3431837,liver,GSE121344|GSE121346,train,source,GSE121344	GSE121346,liver,obese_nonDiabetic_1,0.009691945277154446,False
GSM3431838,liver,GSE121344|GSE121346,train,source,GSE121344	GSE121346,liver,obese_nonDiabetic_2,0.009851140901446342,False
GSM3431839,liver,GSE121344|GSE121346,train,source,GSE121344	GSE121346,liver,obese_nonDiabetic_3,0.00897359848022461,False
GSM3431840,liver,GSE121344|GSE121346,train,source,GSE121344	GSE121346,liver,obese_nonDiabetic_4,0.008013607934117317,False
GSM3431841,liver,GSE121344|GSE121346,train,source,GSE121344	GSE121346,liver,obese_diabetic_1,0.007797854952514172,False
GSM3431842,liver,GSE121344|GSE121346,train,source,GSE121344	GSE121346,liver,obese_diabetic_2,0.009197620674967766,False
GSM3431843,liver,GSE121344|GSE121346,train,source,GSE121344	GSE121346,liver,obese_diabetic_3,0.008788833394646645,False
GSM3431844,liver,GSE121344|GSE121346,train,source,GSE121344	GSE121346,liver,obese_diabetic_4,0.006279997527599335,False
GSM3464212,liver,GSE122340,train,source,GSE122340,Liver,B132,0.01475184503942728,False
GSM3464223,liver,GSE122340,train,source,GSE122340,Liver,B147,0.01517636701464653,False
GSM3464258,liver,GSE122340,train,source,GSE122340,Liver,B225,0.011689356528222561,False
GSM3464286,liver,GSE122340,train,source,GSE122340,Liver,B52,0.018639573827385902,False
GSM3464299,liver,GSE122340,train,source,GSE122340,Liver,B82,0.022481461986899376,False
GSM3464303,liver,GSE122340,train,source,GSE122340,Liver,B99,0.013661319389939308,False
GSM3464304,liver,GSE122340,train,source,GSE122340,Liver,Bp.c-B60,0.010817112401127815,False
GSM3464309,liver,GSE122340,train,source,GSE122340,Liver,Cint18,0.011821698397397995,False
GSM3464310,liver,GSE122340,train,source,GSE122340,Liver,Cint19,0.012848722748458385,False
GSM3464311,liver,GSE122340,train,source,GSE122340,Liver,Cint21,0.010515098460018635,False
GSM3464312,liver,GSE122340,train,source,GSE122340,Liver,Cint22,0.011207876726984978,False
GSM3464314,liver,GSE122340,train,source,GSE122340,Liver,L_0173,0.01542443223297596,False
GSM3464324,liver,GSE122340,train,source,GSE122340,Liver,UC9612,0.024879150092601776,False
GSM3464338,liver,GSE122340,train,source,GSE122340,Liver,41270,0.017070617526769638,False
GSM3464341,liver,GSE122340,train,source,GSE122340,Liver,61041,0.015777666121721268,False
GSM3464344,liver,GSE122340,train,source,GSE122340,Liver,61104,0.03279373422265053,False
GSM3464347,liver,GSE122340,train,source,GSE122340,Liver,61193,0.028139930218458176,False
GSM3464357,liver,GSE122340,train,source,GSE122340,Liver,N0546,0.010030888952314854,False
GSM3464361,liver,GSE122340,train,source,GSE122340,Liver,P0833,0.013632618822157383,False
GSM3464362,liver,GSE122340,train,source,GSE122340,Liver,P0919,0.01249336265027523,False
GSM3664936,liver,GSE128102,train,source,GSE128102,fetal Liver,Liver_364_ribozero,0.06584717333316803,False
GSM3664937,liver,GSE128102,train,source,GSE128102,fetal Liver,Liver_369,0.06374764442443848,False
GSM3664938,liver,GSE128102,train,source,GSE128102,fetal Liver,Liver_370,0.06309612840414047,False
GSM3664939,liver,GSE128102,train,source,GSE128102,adult Liver,Liver_AAFM405,0.033878277987241745,False
GSM3664940,liver,GSE128102,train,source,GSE128102,adult Liver,Liver_ABFE481,0.04649366810917854,False
GSM3739364,liver,GSE130473,train,source,GSE130473,Human fetal liver,Human fetal liver  (F8_102#1040),0.4172876179218292,False
GSM3739525,liver,GSE130473,train,source,GSE130473,Human fetal liver,Human fetal liver  (E2_103#765),0.4898771047592163,False
GSM3739628,liver,GSE130473,train,source,GSE130473,Human fetal liver,Human fetal liver  (G7_104#1216),0.46622994542121887,False
GSM3739871,liver,GSE130473,train,source,GSE130473,Human fetal liver,Human fetal liver  (H4_123#1323),0.38700398802757263,False
GSM3739977,liver,GSE130473,train,source,GSE130473,Human fetal liver,Human fetal liver  (H9_171),0.21312008798122406,False
GSM3740216,liver,GSE130473,train,source,GSE130473,Human fetal liver,Human fetal liver  (F7_163#1033),0.45917853713035583,False
GSM3740680,liver,GSE130473,train,source,GSE130473,Human adult liver,Human adult liver  (A5_201#71),0.3902182877063751,False
GSM4010333,liver,GSE135448,train,source,GSE135448,Liver,MUC3855_LS01_HP_RNA_Seq,0.004933618940412998,False
GSM4010334,liver,GSE135448,train,source,GSE135448,Liver,MUC3856_LS03_HP_RNA_Seq,0.002653621369972825,False
GSM4010335,liver,GSE135448,train,source,GSE135448,Liver,MUC3857_LS13_HP_RNA_Seq,0.004007586743682623,False
GSM4010336,liver,GSE135448,train,source,GSE135448,Liver,MUC3858_LS14_HP_RNA_Seq,0.00362693821080029,False
GSM4010337,liver,GSE135448,train,source,GSE135448,Liver,MUC3859_LS23_HP_RNA_Seq,0.002451676642522216,False
GSM4010338,liver,GSE135448,train,source,GSE135448,Liver,MUC3860_LS24_HP_RNA_Seq,0.0024861167185008526,False
GSM4010339,liver,GSE135448,train,source,GSE135448,Liver,MUC3861_LS25_HP_RNA_Seq,0.0019962068181484938,False
GSM4010340,liver,GSE135448,train,source,GSE135448,Liver,MUC3862_LS28_HP_RNA_Seq,0.00300432532094419,False
GSM4010341,liver,GSE135448,train,source,GSE135448,Liver,MUC3863_LS29_HP_RNA_Seq,0.003583587007597089,False
GSM4010342,liver,GSE135448,train,source,GSE135448,Liver,MUC3865_LS02_LP_RNA_Seq,0.004292581230401993,False
GSM4010343,liver,GSE135448,train,source,GSE135448,Liver,MUC3866_LS04_LP_RNA_Seq,0.0026722061447799206,False
GSM4010344,liver,GSE135448,train,source,GSE135448,Liver,MUC3867_LS12_LP_RNA_Seq,0.0021616644226014614,False
GSM4010345,liver,GSE135448,train,source,GSE135448,Liver,MUC3868_LS15_LP_RNA_Seq,0.003084846306592226,False
GSM4010346,liver,GSE135448,train,source,GSE135448,Liver,MUC3869_LS16_LP_RNA_Seq,0.003147464944049716,False
GSM4010347,liver,GSE135448,train,source,GSE135448,Liver,MUC3870_LS19_LP_RNA_Seq,0.0024545665364712477,False
GSM4010348,liver,GSE135448,train,source,GSE135448,Liver,MUC3871_LS21_LP_RNA_Seq,0.002059347229078412,False
GSM4010349,liver,GSE135448,train,source,GSE135448,Liver,MUC3872_LS27_LP_RNA_Seq,0.001638438319787383,False
GSM4010350,liver,GSE135448,train,source,GSE135448,Liver,MUC3873_LS32_LP_RNA_Seq,0.0017585775349289179,False
GSM4010351,liver,GSE135448,train,source,GSE135448,Liver,MUC3874_LS34_LP_RNA_Seq,0.003180741099640727,False
GSM4114230,liver,GSE138611,train,source,GSE138611,Liver,"Extracted RNA from ductal organoids grown in ECM, replicate 1",0.4132102429866791,False
GSM4114232,liver,GSE138611,train,source,GSE138611,Liver,"Extracted RNA from ductal organoids grown in ECM, replicate 3",0.24312207102775574,False
GSM4114233,liver,GSE138611,train,source,GSE138611,Liver,"Extracted RNA from ductal organoids grown in ECM, replicate 4",0.24725358188152313,False
GSM4114234,liver,GSE138611,train,source,GSE138611,Liver,"Extracted RNA from ductal organoids grown in BME, replicate 1",0.3175097405910492,False
GSM4114235,liver,GSE138611,train,source,GSE138611,Liver,"Extracted RNA from ductal organoids grown in BME, replicate 2",0.361789345741272,False
GSM4114237,liver,GSE138611,train,source,GSE138611,Liver,"Extracted RNA from ductal organoids grown in BME, replicate 4",0.33568745851516724,False
GSM4114238,liver,GSE138611,train,source,GSE138611,Liver,"Extracted RNA from hepatocyte organoids grown in ECM, passage 29, replicate 1",0.4336167573928833,False
GSM4114239,liver,GSE138611,train,source,GSE138611,Liver,"Extracted RNA from hepatocyte organoids grown in ECM, passage 29, replicate 2",0.3122110068798065,False
GSM4114243,liver,GSE138611,train,source,GSE138611,Liver,"Extracted RNA from hepatocyte organoids grown in ECM, passage 18, replicate 2",0.3226608633995056,False
GSM4114244,liver,GSE138611,train,source,GSE138611,Liver,"Extracted RNA from hepatocyte organoids grown in BME, passage 29, replicate 1",0.3361970782279968,False
GSM4114245,liver,GSE138611,train,source,GSE138611,Liver,"Extracted RNA from hepatocyte organoids grown in BME, passage 29, replicate 2",0.38658463954925537,False
GSM4114246,liver,GSE138611,train,source,GSE138611,Liver,"Extracted RNA from hepatocyte organoids grown in BME, passage 30, replicate 1",0.22019517421722412,False
GSM4114247,liver,GSE138611,train,source,GSE138611,Liver,"Extracted RNA from hepatocyte organoids grown in BME, passage 30, replicate 2",0.2248239368200302,False
GSM4114248,liver,GSE138611,train,source,GSE138611,Liver,"Extracted RNA from hepatocyte organoids grown in BME, passage 18, replicate 1",0.3363466262817383,False
GSM4114249,liver,GSE138611,train,source,GSE138611,Liver,"Extracted RNA from hepatocyte organoids grown in BME, passage 18, replicate 2",0.44277992844581604,False
GSM4287797,liver,GSE144414,train,source,GSE144414,Liver,RB 9,0.02844953164458275,False
GSM4287798,liver,GSE144414,train,source,GSE144414,Liver,RB 14,0.02319667860865593,False
GSM4287799,liver,GSE144414,train,source,GSE144414,Liver,RB 16,0.01985589787364006,False
GSM4287800,liver,GSE144414,train,source,GSE144414,Liver,RB 17,0.014603688381612301,False
GSM4287801,liver,GSE144414,train,source,GSE144414,Liver,RB 18,0.017225077375769615,False
GSM4287802,liver,GSE144414,train,source,GSE144414,Liver,RB 19,0.018009373918175697,False
GSM4287803,liver,GSE144414,train,source,GSE144414,Liver,RB 20,0.018272653222084045,False
GSM4287804,liver,GSE144414,train,source,GSE144414,Liver,RB 21,0.019446508958935738,False
GSM4287805,liver,GSE144414,train,source,GSE144414,Liver,RB 23,0.026642102748155594,False
GSM4287806,liver,GSE144414,train,source,GSE144414,Liver,RB 30,0.017464231699705124,False
GSM4287807,liver,GSE144414,train,source,GSE144414,Liver,RB 31,0.02186836302280426,False
GSM4287808,liver,GSE144414,train,source,GSE144414,Liver,RB 33,0.01863848976790905,False
GSM4287809,liver,GSE144414,train,source,GSE144414,Liver,RB 37,0.02401469275355339,False
GSM4287810,liver,GSE144414,train,source,GSE144414,Liver,RB 40,0.021010849624872208,False
GSM4287811,liver,GSE144414,train,source,GSE144414,Liver,RB 41,0.024301854893565178,False
GSM4287812,liver,GSE144414,train,source,GSE144414,Liver,RB 43,0.019857224076986313,False
GSM4287813,liver,GSE144414,train,source,GSE144414,Liver,RB 44,0.03003799542784691,False
GSM4287814,liver,GSE144414,train,source,GSE144414,Liver,RB 45,0.021757695823907852,False
GSM4287815,liver,GSE144414,train,source,GSE144414,Liver,RB 51,0.02089444361627102,False
GSM4287816,liver,GSE144414,train,source,GSE144414,Liver,RB 52,0.024409471079707146,False
GSM4506199,liver,GSE149631,train,source,GSE149631,Normal Liver,RNA from Normal Liver D4_1,0.20553931593894958,False
GSM4506200,liver,GSE149631,train,source,GSE149631,Normal Liver,RNA from Normal Liver D4_2,0.09527479857206345,False
GSM4506201,liver,GSE149631,train,source,GSE149631,Normal Liver,RNA from Normal Liver D4_3,0.1059454008936882,False
GSM4506202,liver,GSE149631,train,source,GSE149631,Normal Liver,RNA from Normal Liver D4_4,0.23822149634361267,False
GSM4506203,liver,GSE149631,train,source,GSE149631,Normal Liver,RNA from Normal Liver D4_5,0.20735472440719604,False
GSM4506204,liver,GSE149631,train,source,GSE149631,Normal Liver,RNA from Normal Liver D4_6,0.15247322618961334,False
GSM4506205,liver,GSE149631,train,source,GSE149631,Normal Liver,RNA from Normal Liver D4_7,0.1497555375099182,False
GSM4506206,liver,GSE149631,train,source,GSE149631,Normal Liver,RNA from Normal Liver D4_8,0.15985092520713806,False
GSM4506207,liver,GSE149631,train,source,GSE149631,Normal Liver,RNA from Normal Liver D4_10,0.13852068781852722,False
GSM4575754,liver,GSE151347,train,source,GSE151347,Normal liver,N175,0.014684891328215599,False
GSM4575755,liver,GSE151347,train,source,GSE151347,Normal liver,N253,0.01750449277460575,False
GSM4575756,liver,GSE151347,train,source,GSE151347,Normal liver,N254,0.020354358479380608,False
GSM4575759,liver,GSE151347,train,source,GSE151347,Normal liver,N667,0.02065292000770569,False
GSM4575760,liver,GSE151347,train,source,GSE151347,Normal liver,N734,0.01011710986495018,False
GSM4575761,liver,GSE151347,train,source,GSE151347,Normal liver,N744,0.018706688657402992,False
GSM4575762,liver,GSE151347,train,source,GSE151347,Normal liver,N843,0.008293705992400646,False
GSM4575763,liver,GSE151347,train,source,GSE151347,Normal liver,N690,0.016001366078853607,False
GSM4575764,liver,GSE151347,train,source,GSE151347,Normal liver,N794,0.01107485219836235,False
GSM4587527,liver,GSE151648,train,source,GSE151648,Liver,102-Bx1,0.007792797405272722,False
GSM4587532,liver,GSE151648,train,source,GSE151648,Liver,105-Bx2,0.008748814463615417,False
GSM4587536,liver,GSE151648,train,source,GSE151648,Liver,107-Bx2,0.00906760711222887,False
GSM4587540,liver,GSE151648,train,source,GSE151648,Liver,109-Bx2,0.01050514355301857,False
GSM4587542,liver,GSE151648,train,source,GSE151648,Liver,111-Bx2,0.007200450170785189,False
GSM4587546,liver,GSE151648,train,source,GSE151648,Liver,113-Bx2,0.007122217211872339,False
GSM4587548,liver,GSE151648,train,source,GSE151648,Liver,114-Bx2,0.010293444618582726,False
GSM4587551,liver,GSE151648,train,source,GSE151648,Liver,116-Bx1,0.008309239521622658,False
GSM4587559,liver,GSE151648,train,source,GSE151648,Liver,121-Bx1,0.008976288139820099,False
GSM4587560,liver,GSE151648,train,source,GSE151648,Liver,121-Bx2,0.009750189259648323,False
GSM4587564,liver,GSE151648,train,source,GSE151648,Liver,123-Bx2,0.00915210135281086,False
GSM4587567,liver,GSE151648,train,source,GSE151648,Liver,125-Bx1,0.009360790252685547,False
GSM4587577,liver,GSE151648,train,source,GSE151648,Liver,82-Bx1,0.011272983625531197,False
GSM4587579,liver,GSE151648,train,source,GSE151648,Liver,85-Bx1,0.013151620514690876,False
GSM4587583,liver,GSE151648,train,source,GSE151648,Liver,87-Bx1,0.0110710384324193,False
GSM4587589,liver,GSE151648,train,source,GSE151648,Liver,91-Bx1,0.010724027641117573,False
GSM4587594,liver,GSE151648,train,source,GSE151648,Liver,93-Bx2,0.01729447953402996,False
GSM4587595,liver,GSE151648,train,source,GSE151648,Liver,94-Bx1,0.005100400652736425,False
GSM4587598,liver,GSE151648,train,source,GSE151648,Liver,95-Bx2,0.00886016245931387,False
GSM4587604,liver,GSE151648,train,source,GSE151648,Liver,98-Bx2,0.019621720537543297,False
GSM4715485,liver,GSE155907|GSE155926,train,source,GSE155907	GSE155926,liver,Control1,0.005628082435578108,False
GSM4715486,liver,GSE155907|GSE155926,train,source,GSE155907	GSE155926,liver,Control2,0.009631454944610596,False
GSM4715487,liver,GSE155907|GSE155926,train,source,GSE155907	GSE155926,liver,Control3,0.012603707611560822,False
GSM4715488,liver,GSE155907|GSE155926,train,source,GSE155907	GSE155926,liver,Control4,0.015679040923714638,False
GSM4715489,liver,GSE155907|GSE155926,train,source,GSE155907	GSE155926,liver,AH1,0.018861187621951103,False
GSM4715490,liver,GSE155907|GSE155926,train,source,GSE155907	GSE155926,liver,AH2,0.008566819131374359,False
GSM4715491,liver,GSE155907|GSE155926,train,source,GSE155907	GSE155926,liver,AH3,0.012781367637217045,False
GSM4715492,liver,GSE155907|GSE155926,train,source,GSE155907	GSE155926,liver,AH4,0.013555710203945637,False
GSM4715493,liver,GSE155907|GSE155926,train,source,GSE155907	GSE155926,liver,AH5,0.021124565973877907,False
GSM5009041,liver,GSE164397,train,source,GSE164397,Liver tissue,CONTROL_CC-21,0.02380363643169403,False
GSM5009042,liver,GSE164397,train,source,GSE164397,Liver tissue,CONTROL_CC-22,0.01806561090052128,False
GSM5009045,liver,GSE164397,train,source,GSE164397,Liver tissue,IND-PALF_CC-4,0.02566324733197689,False
GSM5009047,liver,GSE164397,train,source,GSE164397,Liver tissue,IND-PALF_CC-6,0.020748654380440712,False
GSM5009048,liver,GSE164397,train,source,GSE164397,Liver tissue,IND-PALF_CC-7,0.0375833697617054,False
GSM5009049,liver,GSE164397,train,source,GSE164397,Liver tissue,IND-PALF_CC-8,0.02432931214570999,False
GSM5009050,liver,GSE164397,train,source,GSE164397,Liver tissue,IND-PALF_CC-9,0.009320047684013844,False
GSM5009051,liver,GSE164397,train,source,GSE164397,Liver tissue,IND-PALF_CC-10,0.054064810276031494,False
GSM5009052,liver,GSE164397,train,source,GSE164397,Liver tissue,IND-PALF_CC-11,0.0335392951965332,False
GSM5009053,liver,GSE164397,train,source,GSE164397,Liver tissue,IND-PALF_CC-12,0.02852122113108635,False
GSM5009054,liver,GSE164397,train,source,GSE164397,Liver tissue,IND-PALF_CC-13,0.08903694897890091,False
GSM5009055,liver,GSE164397,train,source,GSE164397,Liver tissue,IND-PALF_CC-14,0.07646282017230988,False
GSM5009056,liver,GSE164397,train,source,GSE164397,Liver tissue,IND-PALF_CC-15,0.035900335758924484,False
GSM5009058,liver,GSE164397,train,source,GSE164397,Liver tissue,IND-PALF_CC25,0.01637362502515316,False
GSM5009059,liver,GSE164397,train,source,GSE164397,Liver tissue,DX-PALF_CC-16,0.016672348603606224,False
GSM5009060,liver,GSE164397,train,source,GSE164397,Liver tissue,DX-PALF_CC-17,0.13840174674987793,False
GSM5009061,liver,GSE164397,train,source,GSE164397,Liver tissue,DX-PALF_CC-18,0.009846926666796207,False
GSM5009062,liver,GSE164397,train,source,GSE164397,Liver tissue,DX-PALF_CC-19,0.011954602785408497,False
GSM5009063,liver,GSE164397,train,source,GSE164397,Liver tissue,DX-PALF_CC-20,0.011096367612481117,False
GSM5009064,liver,GSE164397,train,source,GSE164397,Liver tissue,DX-PALF_CC-23,0.017655016854405403,False
GSM5022034,liver,GSE164876|GSE164942,train,source,GSE164876	GSE164942,liver tissue,liverTissue_RNA-seq_sample_SJLB348,0.007080471608787775,False
GSM5022035,liver,GSE164876|GSE164942,train,source,GSE164876	GSE164942,liver tissue,liverTissue_RNA-seq_sample_SJLB365,0.0175685565918684,False
GSM5022037,liver,GSE164876|GSE164942,train,source,GSE164876	GSE164942,liver tissue,liverTissue_RNA-seq_sample_SJLB459,0.017991431057453156,False
GSM5022043,liver,GSE164876|GSE164942,train,source,GSE164876	GSE164942,liver tissue,liverTissue_RNA-seq_sample_SJLB683,0.007069031707942486,False
GSM5022044,liver,GSE164876|GSE164942,train,source,GSE164876	GSE164942,liver tissue,liverTissue_RNA-seq_sample_SJLB684,0.006002750247716904,False
GSM5022045,liver,GSE164876|GSE164942,train,source,GSE164876	GSE164942,liver tissue,liverTissue_RNA-seq_sample_SJLB713,0.01477468479424715,False
GSM5022047,liver,GSE164876|GSE164942,train,source,GSE164876	GSE164942,liver tissue,liverTissue_RNA-seq_sample_SJLB753,0.019676994532346725,False
GSM5022048,liver,GSE164876|GSE164942,train,source,GSE164876	GSE164942,liver tissue,liverTissue_RNA-seq_sample_SJLB767,0.009569156914949417,False
GSM5022049,liver,GSE164876|GSE164942,train,source,GSE164876	GSE164942,liver tissue,liverTissue_RNA-seq_sample_SJLB786,0.019521692767739296,False
GSM5022050,liver,GSE164876|GSE164942,train,source,GSE164876	GSE164942,liver tissue,liverTissue_RNA-seq_sample_SJLB793,0.00508133415132761,False
GSM5022051,liver,GSE164876|GSE164942,train,source,GSE164876	GSE164942,liver tissue,liverTissue_RNA-seq_sample_SJLB794,0.013220420107245445,False
GSM5022053,liver,GSE164876|GSE164942,train,source,GSE164876	GSE164942,liver tissue,liverTissue_RNA-seq_sample_SJLB797,0.011405205354094505,False
GSM5213184,liver,GSE169737,train,source,GSE169737,liver,T35,0.015684781596064568,False
GSM5330876,liver,GSE175102,train,source,GSE175102,"Homo sapiens female child (16 years) right lobe of liver tissue, preserved by flash-freezing",total RNA-seq from right lobe of liver (ENCLB100JUC),0.015405326150357723,False
GSM5331082,liver,GSE175205,train,source,GSE175205,"Homo sapiens male adult (45 years) left lobe of liver tissue, preserved by flash-freezing",total RNA-seq from left lobe of liver (ENCLB341GAW),0.0164972972124815,False
GSM5467387,liver,GSE180664|GSE180666,train,source,GSE180664	GSE180666,Background Liver,UDI0033=17B,0.04679267108440399,False
GSM5467395,liver,GSE180664|GSE180666,train,source,GSE180664	GSE180666,Background liver,UDI0041=18B,0.04978451132774353,False
GSM1960355,liver,GSE75606,train,source,GSE75606,liver,Human Adult Liver 1,0.04840654134750366,False
GSM1960356,liver,GSE75606,train,source,GSE75606,liver,Human Adult Liver 2,0.03356759250164032,False
GSM1960357,liver,GSE75606,train,source,GSE75606,liver,Human Adult Liver 3,0.03153875097632408,False
GSM2042242,liver,GSE76998,train,source,GSE76998,fetal liver,Truseq Fetal Liver 17,0.07101793587207794,False
GSM2042243,liver,GSE76998,train,source,GSE76998,fetal liver,Truseq Fetal Liver 18,0.07532135397195816,False
GSM2049237,liver,GSE77323,train,source,GSE77323,Liver,p62f/f mice Cre negative - WT 1,0.1354174166917801,False
GSM2049238,liver,GSE77323,train,source,GSE77323,Liver,p62f/f mice Cre negative - WT 2,0.11054027080535889,False
GSM2049239,liver,GSE77323,train,source,GSE77323,Liver,p62f/f mice Cre negative - WT 3,0.11839251965284348,False
GSM2049240,liver,GSE77323,train,source,GSE77323,Liver,p62f/f mice AlbCre positive - Specific deletion of p62 in hepatocytes 1,0.1257612407207489,False
GSM2049241,liver,GSE77323,train,source,GSE77323,Liver,p62f/f mice AlbCre positive - Specific deletion of p62 in hepatocytes 2,0.1600770801305771,False
GSM2049242,liver,GSE77323,train,source,GSE77323,Liver,p62f/f mice AlbCre positive - Specific deletion of p62 in hepatocytes 3,0.1977873295545578,False
GSM2071276,liver,GSE78296,train,source,GSE78296,Homo sapiens liver tissue female fetal (20 weeks),small RNA-seq from liver (ENCLB227ZZZ),0.13341398537158966,False
GSM2072386,liver,GSE78569,train,source,GSE78569,Homo sapiens liver tissue female fetal (20 weeks),total RNA-seq from liver (ENCLB187ZZZ),0.10631075501441956,False
GSM2072387,liver,GSE78569,train,source,GSE78569,Homo sapiens liver tissue male fetal (22 weeks),total RNA-seq from liver (ENCLB188ZZZ),0.09668142348527908,False
GSM2075766,liver,GSE78760,train,source,GSE78760,Liver,WT-1,0.13410700857639313,False
GSM2075767,liver,GSE78760,train,source,GSE78760,Liver,WT-2,0.1299731433391571,False
GSM2075768,liver,GSE78760,train,source,GSE78760,Liver,WT-3,0.12814311683177948,False
GSM2075769,liver,GSE78760,train,source,GSE78760,Liver,p62KO-1,0.13015814125537872,False
GSM2075770,liver,GSE78760,train,source,GSE78760,Liver,p62KO-2,0.12139921635389328,False
GSM2075771,liver,GSE78760,train,source,GSE78760,Liver,p62KO-3,0.1354333460330963,False
GSM2143140,liver,GSE81115,train,source,GSE81115,liver,GF1,0.1187838464975357,False
GSM2143141,liver,GSE81115,train,source,GSE81115,liver,GF2,0.14199396967887878,False
GSM2143142,liver,GSE81115,train,source,GSE81115,liver,GF3,0.1373162418603897,False
GSM2143143,liver,GSE81115,train,source,GSE81115,liver,GF+SCFA1,0.13776424527168274,False
GSM2143144,liver,GSE81115,train,source,GSE81115,liver,GF+SCFA2,0.14149636030197144,False
GSM2143145,liver,GSE81115,train,source,GSE81115,liver,GF+SCFA3,0.1279226541519165,False
GSM2143146,liver,GSE81115,train,source,GSE81115,liver,ConvD1,0.12191420793533325,False
GSM2143147,liver,GSE81115,train,source,GSE81115,liver,ConvD2,0.13230286538600922,False
GSM2143148,liver,GSE81115,train,source,GSE81115,liver,ConvD3,0.1349596530199051,False
GSM2143152,liver,GSE81117,train,source,GSE81117,liver,GF1_chow,0.17371712625026703,False
GSM2143153,liver,GSE81117,train,source,GSE81117,liver,GF2_chow,0.12020809948444366,False
GSM2143154,liver,GSE81117,train,source,GSE81117,liver,GF3_chow,0.13658280670642853,False
GSM2143155,liver,GSE81117,train,source,GSE81117,liver,ConvR1_chow,0.1292402148246765,False
GSM2143156,liver,GSE81117,train,source,GSE81117,liver,ConvR2_chow,0.1749340146780014,False
GSM2143157,liver,GSE81117,train,source,GSE81117,liver,ConvR3_chow,0.1178906112909317,False
GSM2143158,liver,GSE81117,train,source,GSE81117,liver,ConvD1_chow,0.10332231968641281,False
GSM2143159,liver,GSE81117,train,source,GSE81117,liver,ConvD2_chow,0.14905428886413574,False
GSM2143160,liver,GSE81117,train,source,GSE81117,liver,ConvD3_chow,0.12321105599403381,False
GSM2143161,liver,GSE81117,train,source,GSE81117,liver,GF1_HFHS,0.12054751813411713,False
GSM2143162,liver,GSE81117,train,source,GSE81117,liver,GF2_HFHS,0.11790453642606735,False
GSM2143163,liver,GSE81117,train,source,GSE81117,liver,GF3_HFHS,0.10148872435092926,False
GSM2143164,liver,GSE81117,train,source,GSE81117,liver,ConvR1_HFHS,0.1205032467842102,False
GSM2143165,liver,GSE81117,train,source,GSE81117,liver,ConvR2_HFHS,0.11510536819696426,False
GSM2143166,liver,GSE81117,train,source,GSE81117,liver,ConvR3_HFHS,0.0968301072716713,False
GSM2224921,liver,GSE83990,train,source,GSE83990,Unfixed Fresh Frozen Human Liver,LM1-WL,0.2095629870891571,False
GSM2224922,liver,GSE83990,train,source,GSE83990,Unfixed Fresh Frozen Human Liver,LM1-Z1,0.21167151629924774,False
GSM2224923,liver,GSE83990,train,source,GSE83990,Unfixed Fresh Frozen Human Liver,LM1-Z2,0.19739501178264618,False
GSM2224924,liver,GSE83990,train,source,GSE83990,Unfixed Fresh Frozen Human Liver,LM1-Z3,0.19468888640403748,False
GSM2224925,liver,GSE83990,train,source,GSE83990,Unfixed Fresh Frozen Human Liver,LM2-WL,0.2158314734697342,False
GSM2224926,liver,GSE83990,train,source,GSE83990,Unfixed Fresh Frozen Human Liver,LM2-Z1,0.23499880731105804,False
GSM2224927,liver,GSE83990,train,source,GSE83990,Unfixed Fresh Frozen Human Liver,LM2-Z2,0.1737125962972641,False
GSM2224928,liver,GSE83990,train,source,GSE83990,Unfixed Fresh Frozen Human Liver,LM2-Z3,0.19654512405395508,False
GSM2224929,liver,GSE83990,train,source,GSE83990,Unfixed Fresh Frozen Human Liver,LM3-WL,0.20327448844909668,False
GSM2224930,liver,GSE83990,train,source,GSE83990,Unfixed Fresh Frozen Human Liver,LM3-Z1,0.20692309737205505,False
GSM2224931,liver,GSE83990,train,source,GSE83990,Unfixed Fresh Frozen Human Liver,LM3-Z2,0.21675308048725128,False
GSM2224932,liver,GSE83990,train,source,GSE83990,Unfixed Fresh Frozen Human Liver,LM3-Z3,0.2308117151260376,False
GSM2289986,liver,GSE85929,train,source,GSE85929,Mouse liver,RNAseq HDAC3 floxed GFP Rep1,0.1957474946975708,False
GSM2289987,liver,GSE85929,train,source,GSE85929,Mouse liver,RNAseq HDAC3 floxed GFP Rep2,0.17763696610927582,False
GSM2289988,liver,GSE85929,train,source,GSE85929,Mouse liver,RNAseq SCAP floxed GFP Rep3,0.18796893954277039,False
GSM2289989,liver,GSE85929,train,source,GSE85929,Mouse liver,RNAseq SCAP floxed GFP Rep4,0.1853048950433731,False
GSM2289990,liver,GSE85929,train,source,GSE85929,Mouse liver,RNAseq Double floxed GFP Rep5,0.1783779114484787,False
GSM2289991,liver,GSE85929,train,source,GSE85929,Mouse liver,RNAseq Double floxed GFP Rep6,0.2052900791168213,False
GSM2289992,liver,GSE85929,train,source,GSE85929,Mouse liver,RNAseq HDAC3 LKO Rep1,0.1449679434299469,False
GSM2289993,liver,GSE85929,train,source,GSE85929,Mouse liver,RNAseq HDAC3 LKO Rep2,0.1469920128583908,False
GSM2289994,liver,GSE85929,train,source,GSE85929,Mouse liver,RNAseq HDAC3 LKO Rep3,0.16992011666297913,False
GSM2289995,liver,GSE85929,train,source,GSE85929,Mouse liver,RNAseq HDAC3 LKO Rep4,0.17470316588878632,False
GSM2289996,liver,GSE85929,train,source,GSE85929,Mouse liver,RNAseq SCAP LKO Rep1,0.331432580947876,False
GSM2289997,liver,GSE85929,train,source,GSE85929,Mouse liver,RNAseq SCAP LKO Rep2,0.22535249590873718,False
GSM2289998,liver,GSE85929,train,source,GSE85929,Mouse liver,RNAseq SCAP LKO Rep3,0.17207564413547516,False
GSM2289999,liver,GSE85929,train,source,GSE85929,Mouse liver,RNAseq SCAP LKO Rep4,0.1803448647260666,False
GSM2290000,liver,GSE85929,train,source,GSE85929,Mouse liver,RNAseq Double LKO Rep1,0.2199396938085556,False
GSM2290001,liver,GSE85929,train,source,GSE85929,Mouse liver,RNAseq Double LKO Rep2,0.2030867040157318,False
GSM2290002,liver,GSE85929,train,source,GSE85929,Mouse liver,RNAseq Double LKO Rep3,0.1589406281709671,False
GSM2343447,liver,GSE88121,train,source,GSE88121,Homo sapiens right lobe of liver tissue female adult (53 years),total RNA-seq from right lobe of liver (ENCLB139JXN),0.05159715935587883,False
GSM2343776,liver,GSE88318,train,source,GSE88318,Homo sapiens right lobe of liver tissue female adult (53 years),total RNA-seq from right lobe of liver (ENCLB381PQE),0.06896854937076569,False
GSM2343960,liver,GSE88424,train,source,GSE88424,Homo sapiens right lobe of liver tissue female adult (53 years),small RNA-seq from right lobe of liver (ENCLB238JDJ),0.05737994238734245,False
GSM2388498,liver,GSE89775,train,source,GSE89775,Normal liver,769_NC_S1,0.06839478015899658,False
GSM2388499,liver,GSE89775,train,source,GSE89775,Normal liver,785_NC_S2,0.043610043823719025,False
GSM2388500,liver,GSE89775,train,source,GSE89775,Normal liver,791_NC_S3,0.039284467697143555,False
GSM2388501,liver,GSE89775,train,source,GSE89775,Hepatoblastoma liver,Sample_RNAseq_FT10,0.04261011257767677,False
GSM2388502,liver,GSE89775,train,source,GSE89775,Hepatoblastoma liver,Sample_RNAseq_FT11,0.20404665172100067,False
GSM2388503,liver,GSE89775,train,source,GSE89775,Hepatoblastoma liver,Sample_RNAseq_FT12,0.03556906059384346,False
GSM2388504,liver,GSE89775,train,source,GSE89775,Hepatoblastoma liver,Sample_RNAseq_FT13,0.03155966475605965,False
GSM2388505,liver,GSE89775,train,source,GSE89775,Hepatoblastoma liver,Sample_RNAseq_FT14,0.03052385151386261,False
GSM2388506,liver,GSE89775,train,source,GSE89775,Hepatoblastoma liver,Sample_RNAseq_FT15,0.04105006903409958,False
GSM2388507,liver,GSE89775,train,source,GSE89775,Hepatoblastoma liver,Sample_RNAseq_FT6,0.024573884904384613,False
GSM2388508,liver,GSE89775,train,source,GSE89775,Hepatoblastoma liver,Sample_RNAseq_FT7,0.09068602323532104,False
GSM2388509,liver,GSE89775,train,source,GSE89775,Hepatoblastoma liver,Sample_RNAseq_FT8,0.05062608793377876,False
GSM2388510,liver,GSE89775,train,source,GSE89775,Hepatoblastoma liver,Sample_RNAseq_FT9,0.023195795714855194,False
GSM2480437,liver,GSE94660,train,source,GSE94660,Non-neoplastic liver tissue,Non-neoplastic liver tissue of P105,0.00422482518479228,False
GSM2480439,liver,GSE94660,train,source,GSE94660,Non-neoplastic liver tissue,Non-neoplastic liver tissue of P106,0.006369068752974272,False
GSM2480441,liver,GSE94660,train,source,GSE94660,Non-neoplastic liver tissue,Non-neoplastic liver tissue of P112,0.003195472527295351,False
GSM2480443,liver,GSE94660,train,source,GSE94660,Non-neoplastic liver tissue,Non-neoplastic liver tissue of P131,0.005059417802840471,False
GSM2480445,liver,GSE94660,train,source,GSE94660,Non-neoplastic liver tissue,Non-neoplastic liver tissue of P138,0.004033999051898718,False
GSM2480447,liver,GSE94660,train,source,GSE94660,Non-neoplastic liver tissue,Non-neoplastic liver tissue of P140,0.005006994586437941,False
GSM2480449,liver,GSE94660,train,source,GSE94660,Non-neoplastic liver tissue,Non-neoplastic liver tissue of P152,0.00542457215487957,False
GSM2480451,liver,GSE94660,train,source,GSE94660,Non-neoplastic liver tissue,Non-neoplastic liver tissue of P157,0.005823404062539339,False
GSM2480453,liver,GSE94660,train,source,GSE94660,Non-neoplastic liver tissue,Non-neoplastic liver tissue of P158,0.004974039737135172,False
GSM2480455,liver,GSE94660,train,source,GSE94660,Non-neoplastic liver tissue,Non-neoplastic liver tissue of P161,0.004036246798932552,False
GSM2480457,liver,GSE94660,train,source,GSE94660,Non-neoplastic liver tissue,Non-neoplastic liver tissue of P16,0.005428866948932409,False
GSM2480459,liver,GSE94660,train,source,GSE94660,Non-neoplastic liver tissue,Non-neoplastic liver tissue of P170,0.007238623220473528,False
GSM2480461,liver,GSE94660,train,source,GSE94660,Non-neoplastic liver tissue,Non-neoplastic liver tissue of P171,0.004037170205265284,False
GSM2480465,liver,GSE94660,train,source,GSE94660,Non-neoplastic liver tissue,Non-neoplastic liver tissue of P179,0.004884487483650446,False
GSM2480467,liver,GSE94660,train,source,GSE94660,Non-neoplastic liver tissue,Non-neoplastic liver tissue of P49,0.004777032416313887,False
GSM2480469,liver,GSE94660,train,source,GSE94660,Non-neoplastic liver tissue,Non-neoplastic liver tissue of P62,0.00467728404328227,False
GSM2480471,liver,GSE94660,train,source,GSE94660,Non-neoplastic liver tissue,Non-neoplastic liver tissue of P6,0.006243831478059292,False
GSM2480473,liver,GSE94660,train,source,GSE94660,Non-neoplastic liver tissue,Non-neoplastic liver tissue of P75,0.005187986418604851,False
GSM2480475,liver,GSE94660,train,source,GSE94660,Non-neoplastic liver tissue,Non-neoplastic liver tissue of P94,0.0038778139278292656,False
GSM2480477,liver,GSE94660,train,source,GSE94660,Non-neoplastic liver tissue,Non-neoplastic liver tissue of P99,0.004806294571608305,False
GSM3406050,lung,GSE120622,train,source,GSE120622,adjacent lung,N160,0.06646231561899185,False
GSM3406051,lung,GSE120622,train,source,GSE120622,adjacent lung,N467,0.05544278025627136,False
GSM3406052,lung,GSE120622,train,source,GSE120622,adjacent lung,N504,0.05216674506664276,False
GSM3406053,lung,GSE120622,train,source,GSE120622,adjacent lung,N519,0.06428275257349014,False
GSM3406054,lung,GSE120622,train,source,GSE120622,adjacent lung,N520,0.04150734469294548,False
GSM3406055,lung,GSE120622,train,source,GSE120622,adjacent lung,N527,0.06356444209814072,False
GSM3406056,lung,GSE120622,train,source,GSE120622,adjacent lung,N534,0.038734424859285355,False
GSM3406057,lung,GSE120622,train,source,GSE120622,adjacent lung,N538,0.046188320964574814,False
GSM3406058,lung,GSE120622,train,source,GSE120622,adjacent lung,N573,0.0691312700510025,False
GSM3406059,lung,GSE120622,train,source,GSE120622,adjacent lung,N580,0.07639077305793762,False
GSM3406060,lung,GSE120622,train,source,GSE120622,adjacent lung,N581,0.048066396266222,False
GSM3406061,lung,GSE120622,train,source,GSE120622,adjacent lung,N471,0.09408628940582275,False
GSM3406062,lung,GSE120622,train,source,GSE120622,adjacent lung,N494,0.05019281804561615,False
GSM3406063,lung,GSE120622,train,source,GSE120622,adjacent lung,N515,0.05724017322063446,False
GSM3406064,lung,GSE120622,train,source,GSE120622,adjacent lung,N531,0.05239446088671684,False
GSM3406065,lung,GSE120622,train,source,GSE120622,adjacent lung,N532,0.044145673513412476,False
GSM3406066,lung,GSE120622,train,source,GSE120622,adjacent lung,N536,0.05049699917435646,False
GSM3406067,lung,GSE120622,train,source,GSE120622,adjacent lung,N575,0.06858781725168228,False
GSM3406068,lung,GSE120622,train,source,GSE120622,adjacent lung,N619,0.04387460649013519,False
GSM3428301,lung,GSE121238,train,source,GSE121238,lung,10.3 weeks_1,0.04683421552181244,False
GSM3428302,lung,GSE121238,train,source,GSE121238,lung,10.3 weeks_2,0.05274368077516556,False
GSM3428303,lung,GSE121238,train,source,GSE121238,lung,10.3 weeks_3,0.05294353887438774,False
GSM3428304,lung,GSE121238,train,source,GSE121238,lung,14.5 weeks_1,0.03445810079574585,False
GSM3428305,lung,GSE121238,train,source,GSE121238,lung,14.5 weeks_2,0.030696894973516464,False
GSM3428306,lung,GSE121238,train,source,GSE121238,lung,14.4 weeks_3,0.03950539603829384,False
GSM3428307,lung,GSE121238,train,source,GSE121238,lung,20.4 weeks_1,0.01747025176882744,False
GSM3428308,lung,GSE121238,train,source,GSE121238,lung,20.5 weeks_2,0.02046927995979786,False
GSM3428309,lung,GSE121238,train,source,GSE121238,lung,20.5 weeks_3,0.02275991439819336,False
GSM3984802,lung,GSE135069,train,source,GSE135069,lung,Hu_40.1_H3N2,0.010735386982560158,False
GSM3984803,lung,GSE135069,train,source,GSE135069,lung,Hu_40.1_Mock,0.015589568763971329,False
GSM3984804,lung,GSE135069,train,source,GSE135069,lung,Hu_41_H3N2,0.012171318754553795,False
GSM3984805,lung,GSE135069,train,source,GSE135069,lung,Hu_41_Mock,0.012327504344284534,False
GSM3984806,lung,GSE135069,train,source,GSE135069,lung,Hu_44_H3N2,0.01847218908369541,False
GSM3984807,lung,GSE135069,train,source,GSE135069,lung,Hu_44_Mock,0.01630992256104946,False
GSM3984808,lung,GSE135069,train,source,GSE135069,lung,Hu_53_H3N2,0.02159918285906315,False
GSM3984809,lung,GSE135069,train,source,GSE135069,lung,Hu_53_Mock,0.02916567027568817,False
GSM3984810,lung,GSE135069,train,source,GSE135069,lung,Hu_58_H3N2,0.013878236524760723,False
GSM3984811,lung,GSE135069,train,source,GSE135069,lung,Hu_58_Mock,0.016557184979319572,False
GSM4051167,lung,GSE136534,train,source,GSE136534,isolated from IPF lung tissue,292_DMSO,0.0190169308334589,False
GSM4051168,lung,GSE136534,train,source,GSE136534,isolated from IPF lung tissue,292_TGFB,0.01501303631812334,False
GSM4051169,lung,GSE136534,train,source,GSE136534,isolated from IPF lung tissue,292_SB939,0.01366790197789669,False
GSM4051170,lung,GSE136534,train,source,GSE136534,isolated from IPF lung tissue,292_TGFB__plus__SB939,0.019835347309708595,False
GSM4051171,lung,GSE136534,train,source,GSE136534,isolated from IPF lung tissue,293_DMSO,0.018101856112480164,False
GSM4051172,lung,GSE136534,train,source,GSE136534,isolated from IPF lung tissue,293_TGFB,0.014457056298851967,False
GSM4051173,lung,GSE136534,train,source,GSE136534,isolated from IPF lung tissue,293_SB939,0.018530553206801414,False
GSM4051174,lung,GSE136534,train,source,GSE136534,isolated from IPF lung tissue,293_TGFB__plus__SB939,0.021171169355511665,False
GSM4051175,lung,GSE136534,train,source,GSE136534,isolated from IPF lung tissue,329_DMSO,0.01801643893122673,False
GSM4051176,lung,GSE136534,train,source,GSE136534,isolated from IPF lung tissue,329_TGFB,0.022374970838427544,False
GSM4051177,lung,GSE136534,train,source,GSE136534,isolated from IPF lung tissue,329_SB939,0.0210580937564373,False
GSM4051178,lung,GSE136534,train,source,GSE136534,isolated from IPF lung tissue,329_TGFB__plus__SB939,0.015398381277918816,False
GSM4103232,lung,GSE138239,train,source,GSE138239,Lung tissue,2005,0.011072242632508278,False
GSM4103233,lung,GSE138239,train,source,GSE138239,Lung tissue,2019,0.003872435074299574,False
GSM4103234,lung,GSE138239,train,source,GSE138239,Lung tissue,2024,0.005801046267151833,False
GSM4103235,lung,GSE138239,train,source,GSE138239,Lung tissue,2025,0.007129803765565157,False
GSM4103236,lung,GSE138239,train,source,GSE138239,Lung tissue,2032,0.01570272445678711,False
GSM4103237,lung,GSE138239,train,source,GSE138239,Lung tissue,2041,0.009074430912733078,False
GSM4103238,lung,GSE138239,train,source,GSE138239,Lung tissue,2042,0.00777658075094223,False
GSM4103239,lung,GSE138239,train,source,GSE138239,Lung tissue,2044,0.003284703940153122,False
GSM4103240,lung,GSE138239,train,source,GSE138239,Lung tissue,2048,0.003959699533879757,False
GSM4103241,lung,GSE138239,train,source,GSE138239,Lung tissue,2049,0.0036941729485988617,False
GSM4103242,lung,GSE138239,train,source,GSE138239,Lung tissue,2051,0.004371055401861668,False
GSM4103243,lung,GSE138239,train,source,GSE138239,Lung tissue,3013,0.004871441517025232,False
GSM4103244,lung,GSE138239,train,source,GSE138239,Lung tissue,3014,0.0043177492916584015,False
GSM4103245,lung,GSE138239,train,source,GSE138239,Lung tissue,3017,0.004040541592985392,False
GSM4103246,lung,GSE138239,train,source,GSE138239,Lung tissue,3018,0.008832667022943497,False
GSM4385401,lung,GSE146436,train,source,GSE146436,Lung tissue,EV2015-006 Baseline,0.04736033082008362,False
GSM4385402,lung,GSE146436,train,source,GSE146436,Lung tissue,EV2015-007 Baseline,0.02336582913994789,False
GSM4385404,lung,GSE146436,train,source,GSE146436,Lung tissue,EV_12_11_13 Baseline,0.041442275047302246,False
GSM4385405,lung,GSE146436,train,source,GSE146436,Lung tissue,EV_2015-005 Baseline,0.05118484050035477,False
GSM4385406,lung,GSE146436,train,source,GSE146436,Lung tissue,EV2016-009 Baseline,0.041811082512140274,False
GSM4385415,lung,GSE146436,train,source,GSE146436,Lung tissue,EV2015-007 Final,0.03194448724389076,False
GSM4385416,lung,GSE146436,train,source,GSE146436,Lung tissue,EV2015-008 Final,0.03642849996685982,False
GSM4385417,lung,GSE146436,train,source,GSE146436,Lung tissue,EV_12_11_13 Final,0.034814827144145966,False
GSM4385418,lung,GSE146436,train,source,GSE146436,Lung tissue,EV_2015-005 Final,0.07333695143461227,False
GSM4385419,lung,GSE146436,train,source,GSE146436,Lung tissue,EV2016-009 Final,0.032940685749053955,False
GSM4385423,lung,GSE146436,train,source,GSE146436,Lung tissue,EV_9_11_13 Final,0.05301085114479065,False
GSM4385424,lung,GSE146436,train,source,GSE146436,Lung tissue,EV_9_4_13 Final,0.037723176181316376,False
GSM4626872,lung,GSE152819,train,source,GSE152819,Lung,Decato-2018-Human_BronchialAirway_expression [BE_GTCCGC_L004],0.050528790801763535,False
GSM4626873,lung,GSE152819,train,source,GSE152819,Lung,Decato-2018-Human_BronchialAirway_expression [BE_GTCCGC_L007],0.06805379688739777,False
GSM4626874,lung,GSE152819,train,source,GSE152819,Lung,Decato-2018-Human_SmallAirway_expression [SA_AGTCAA_L004],0.049799803644418716,False
GSM4626875,lung,GSE152819,train,source,GSE152819,Lung,Decato-2018-Human_SmallAirway_expression [SA_AGTCAA_L007],0.05489193648099899,False
GSM4773096,lung,GSE157671,train,source,GSE157671,lung,Lung coccidiosis ID S13-15588,0.08808314055204391,False
GSM4773097,lung,GSE157671,train,source,GSE157671,lung,Lung coccidiosis ID S15-7163,0.05015628784894943,False
GSM4773098,lung,GSE157671,train,source,GSE157671,lung,Lung coccidiosis ID S16-1593,0.05461477115750313,False
GSM4773099,lung,GSE157671,train,source,GSE157671,lung,Lung healthy control ID S16-1234,0.06889227777719498,False
GSM4773100,lung,GSE157671,train,source,GSE157671,lung,Lung healthy control ID S16-430,0.06660256534814835,False
GSM4773101,lung,GSE157671,train,source,GSE157671,lung,Lung healthy control ID S16-455,0.06568849831819534,False
GSM4773102,lung,GSE157671,train,source,GSE157671,lung,Lung sarcoidosis ID ng07-1929,0.06815045326948166,False
GSM4773103,lung,GSE157671,train,source,GSE157671,lung,Lung sarcoidosis ID ng14-2391,0.10165181010961533,False
GSM4773104,lung,GSE157671,train,source,GSE157671,lung,Lung sarcoidosis ID S01-274,0.06558308750391006,False
GSM4773105,lung,GSE157671,train,source,GSE157671,lung,Lung sarcoidosis ID S08-13633,0.07554429769515991,False
GSM4773106,lung,GSE157671,train,source,GSE157671,lung,Lung sarcoidosis ID S08-8308,0.05645370855927467,False
GSM4773107,lung,GSE157671,train,source,GSE157671,lung,Lung sarcoidosis ID S14-1820,0.07804550230503082,False
GSM4991264,lung,GSE163959,train,source,GSE163959,Lung tissue,"LM4, Mock infected Donor4_rep2",0.061231985688209534,False
GSM4991266,lung,GSE163959,train,source,GSE163959,Lung tissue,"LM5, Mock infected Donor5_rep2",0.04474857449531555,False
GSM4991267,lung,GSE163959,train,source,GSE163959,Lung tissue,"LM6, Mock infected Donor6_rep1",0.06079702824354172,False
GSM4991268,lung,GSE163959,train,source,GSE163959,Lung tissue,"LM6, Mock infected Donor6_rep2",0.06753899902105331,False
GSM4991269,lung,GSE163959,train,source,GSE163959,Lung tissue,"LM7, Mock infected Donor7_rep1",0.058859582990407944,False
GSM4991272,lung,GSE163959,train,source,GSE163959,Lung tissue,"LM8, Mock infected Donor8_rep2",0.04833822324872017,False
GSM4991273,lung,GSE163959,train,source,GSE163959,Lung tissue,"LH4, Influenza A infected Donor4_rep1",0.07858546823263168,False
GSM4991275,lung,GSE163959,train,source,GSE163959,Lung tissue,"LH5, Influenza A infected Donor5_rep1",0.041858408600091934,False
GSM4991278,lung,GSE163959,train,source,GSE163959,Lung tissue,"LH6, Influenza A infected Donor6_rep2",0.06980045139789581,False
GSM4991279,lung,GSE163959,train,source,GSE163959,Lung tissue,"LH7, Influenza A infected Donor7_rep1",0.05655710771679878,False
GSM4991281,lung,GSE163959,train,source,GSE163959,Lung tissue,"LH8, Influenza A infected Donor8_rep1",0.05814730003476143,False
GSM4991282,lung,GSE163959,train,source,GSE163959,Lung tissue,"LH8, Influenza A infected Donor8_rep2",0.07054898142814636,False
GSM4991285,lung,GSE163959,train,source,GSE163959,Lung tissue,"LS5, SARS-CoV-2 infected Donor5_rep1",0.04931872710585594,False
GSM4991286,lung,GSE163959,train,source,GSE163959,Lung tissue,"LS5, SARS-CoV-2 infected Donor5_rep2",0.04044274985790253,False
GSM4991287,lung,GSE163959,train,source,GSE163959,Lung tissue,"LS6, SARS-CoV-2 infected Donor6_rep1",0.06614211946725845,False
GSM4991288,lung,GSE163959,train,source,GSE163959,Lung tissue,"LS6, SARS-CoV-2 infected Donor6_rep2",0.07007283717393875,False
GSM4991289,lung,GSE163959,train,source,GSE163959,Lung tissue,"LS7, SARS-CoV-2 infected Donor7_rep1",0.06285420805215836,False
GSM4991290,lung,GSE163959,train,source,GSE163959,Lung tissue,"LS7, SARS-CoV-2 infected Donor7_rep2",0.05395687371492386,False
GSM4991291,lung,GSE163959,train,source,GSE163959,Lung tissue,"LS8, SARS-CoV-2 infected Donor8_rep1",0.044710684567689896,False
GSM4991292,lung,GSE163959,train,source,GSE163959,Lung tissue,"LS8, SARS-CoV-2 infected Donor8_rep2",0.04650205746293068,False
GSM5028160,lung,GSE165200,train,source,GSE165200,Lung,JA1_Tissue_a_S85,0.02925478108227253,False
GSM5028161,lung,GSE165200,train,source,GSE165200,Lung,JA2_Tissue_a_S87,0.09190873056650162,False
GSM5028162,lung,GSE165200,train,source,GSE165200,Lung,JA2_Tissue_b_S88,0.09779965132474899,False
GSM5028169,lung,GSE165200,train,source,GSE165200,Lung,JA1_1E4_UN_1_S65,0.20428669452667236,False
GSM5028170,lung,GSE165200,train,source,GSE165200,Lung,JA1_1E4_UN_2_S66,0.13908277451992035,False
GSM5028171,lung,GSE165200,train,source,GSE165200,Lung,JA1_2E4_UN_1_S69,0.26535889506340027,False
GSM5028172,lung,GSE165200,train,source,GSE165200,Lung,JA1_2E4_UN_2_S70,0.1958044469356537,False
GSM5028173,lung,GSE165200,train,source,GSE165200,Lung,JA1_monolayer_Un_S73,0.22940552234649658,False
GSM5028178,lung,GSE165200,train,source,GSE165200,Lung,RC_2_S61,0.1106870248913765,False
GSM5028179,lung,GSE165200,train,source,GSE165200,Lung,RC_2_prime_S62,0.11629367619752884,False
GSM5028188,lung,GSE165200,train,source,GSE165200,Lung,HSAEpC_untreated_CR1_S62,0.05287770926952362,False
GSM5028189,lung,GSE165200,train,source,GSE165200,Lung,HSAEpC_48h_CR1_S63,0.17548124492168427,False
GSM5028190,lung,GSE165200,train,source,GSE165200,Lung,HSAEpC_96_well_48h_CR1_S64,0.04524502903223038,False
GSM5028191,lung,GSE165200,train,source,GSE165200,Lung,HSAEpC_72h_CR1_S65,0.07358834892511368,False
GSM5028192,lung,GSE165200,train,source,GSE165200,Lung,HSAEpC_96_well_72h_CR1_S71,0.19900405406951904,False
GSM5330499,lung,GSE174924,train,source,GSE174924,"Homo sapiens female adult (61 years) upper lobe of left lung tissue, preserved by flash-freezing",total RNA-seq from upper lobe of left lung (ENCLB600ZWE),0.02230159379541874,False
GSM5330829,lung,GSE175079,train,source,GSE175079,"Homo sapiens female adult (59 years) lower lobe of left lung tissue, preserved by flash-freezing",total RNA-seq from lower lobe of left lung (ENCLB363FUK),0.01971312053501606,False
GSM5331103,lung,GSE175217,train,source,GSE175217,"Homo sapiens male adult (40 years) left lung tissue, preserved by flash-freezing",total RNA-seq from left lung (ENCLB526BGX),0.022249974310398102,False
GSM5331104,lung,GSE175218,train,source,GSE175218,"Homo sapiens male adult (60 years) upper lobe of right lung tissue, preserved by flash-freezing",total RNA-seq from upper lobe of right lung (ENCLB286WHW),0.015352140180766582,False
GSM5331134,lung,GSE175234,train,source,GSE175234,"Homo sapiens female child (16 years) left lung tissue, preserved by flash-freezing",total RNA-seq from left lung (ENCLB142OZC),0.023082159459590912,False
GSM5331179,lung,GSE175260,train,source,GSE175260,"Homo sapiens male adult (60 years) lower lobe of left lung tissue, preserved by flash-freezing",total RNA-seq from lower lobe of left lung (ENCLB429LAS),0.014232352375984192,False
GSM5331271,lung,GSE175303,train,source,GSE175303,"Homo sapiens male adult (60 years) upper lobe of left lung tissue, preserved by flash-freezing",total RNA-seq from upper lobe of left lung (ENCLB542TRU),0.01464262418448925,False
GSM1375999,lung,GSE57148,train,source,GSE57148,Normal Lung Tissue,Normal lung tissue 1464-NOR,0.02474299445748329,False
GSM1376002,lung,GSE57148,train,source,GSE57148,Normal Lung Tissue,Normal lung tissue 1487-NOR,0.015138795599341393,False
GSM1376005,lung,GSE57148,train,source,GSE57148,Normal Lung Tissue,Normal lung tissue 1617-NOR,0.029402857646346092,False
GSM1376022,lung,GSE57148,train,source,GSE57148,Normal Lung Tissue,Normal lung tissue 3033-NOR,0.015696581453084946,False
GSM1376032,lung,GSE57148,train,source,GSE57148,Normal Lung Tissue,Normal lung tissue 33-NOR,0.014018405228853226,False
GSM1376036,lung,GSE57148,train,source,GSE57148,Normal Lung Tissue,Normal lung tissue 3594-NOR,0.009817303158342838,False
GSM1376053,lung,GSE57148,train,source,GSE57148,Normal Lung Tissue,Normal lung tissue 4305-NOR,0.011798136867582798,False
GSM1376082,lung,GSE57148,train,source,GSE57148,COPD lung tissue,COPD lung tissue 1092-COPD,0.012978737242519855,False
GSM1376088,lung,GSE57148,train,source,GSE57148,COPD lung tissue,COPD lung tissue 1423-COPD,0.007540115620940924,False
GSM1376090,lung,GSE57148,train,source,GSE57148,COPD lung tissue,COPD lung tissue 1480-COPD,0.050103142857551575,False
GSM1376091,lung,GSE57148,train,source,GSE57148,COPD lung tissue,COPD lung tissue 1493-COPD,0.01211540400981903,False
GSM1376093,lung,GSE57148,train,source,GSE57148,COPD lung tissue,COPD lung tissue 1506-COPD,0.03630659356713295,False
GSM1376102,lung,GSE57148,train,source,GSE57148,COPD lung tissue,COPD lung tissue 1845-COPD,0.02703186310827732,False
GSM1376103,lung,GSE57148,train,source,GSE57148,COPD lung tissue,COPD lung tissue 1890-COPD,0.018319817259907722,False
GSM1376122,lung,GSE57148,train,source,GSE57148,COPD lung tissue,COPD lung tissue 2700-COPD,0.019025521352887154,False
GSM1376129,lung,GSE57148,train,source,GSE57148,COPD lung tissue,COPD lung tissue 2846-COPD,0.014843324199318886,False
GSM1376134,lung,GSE57148,train,source,GSE57148,COPD lung tissue,COPD lung tissue 3264-COPD,0.013984166085720062,False
GSM1376135,lung,GSE57148,train,source,GSE57148,COPD lung tissue,COPD lung tissue 3298-COPD,0.013085509650409222,False
GSM1376169,lung,GSE57148,train,source,GSE57148,COPD lung tissue,COPD lung tissue 743-COPD,0.011926223523914814,False
GSM1376170,lung,GSE57148,train,source,GSE57148,COPD lung tissue,COPD lung tissue 815-COPD,0.011387543752789497,False
GSM1888327,lung,GSE73189,train,source,GSE73189,lung,IPF-1,0.013825371861457825,False
GSM1888328,lung,GSE73189,train,source,GSE73189,lung,IPF-2,0.014899921603500843,False
GSM1888329,lung,GSE73189,train,source,GSE73189,lung,IPF-3,0.008192191831767559,False
GSM1888330,lung,GSE73189,train,source,GSE73189,lung,IPF-4,0.012191268615424633,False
GSM1888331,lung,GSE73189,train,source,GSE73189,lung,INSIP-1,0.0069676777347922325,False
GSM1888332,lung,GSE73189,train,source,GSE73189,lung,INSIP-2,0.023798860609531403,False
GSM1888333,lung,GSE73189,train,source,GSE73189,lung,INSIP-3,0.012609528377652168,False
GSM1888334,lung,GSE73189,train,source,GSE73189,lung,Normal-1,0.025583287701010704,False
GSM1888335,lung,GSE73189,train,source,GSE73189,lung,Normal-2,0.009686446748673916,False
GSM1888336,lung,GSE73189,train,source,GSE73189,lung,Normal-3,0.015738889575004578,False
GSM1888337,lung,GSE73189,train,source,GSE73189,lung,Normal-4,0.015643637627363205,False
GSM1888338,lung,GSE73189,train,source,GSE73189,lung,Normal-5,0.012017662636935711,False
GSM2072388,lung,GSE78570,train,source,GSE78570,Homo sapiens lung tissue female fetal (24 weeks),total RNA-seq from lung (ENCLB190ZZZ),0.11188585311174393,False
GSM2072389,lung,GSE78570,train,source,GSE78570,Homo sapiens lung tissue female fetal (20 weeks),total RNA-seq from lung (ENCLB189ZZZ),0.08648250997066498,False
GSM2213994,lung,GSE83717,train,source,GSE83717,FFPE lung tissue,IPF SL32670,0.06258747726678848,False
GSM2213995,lung,GSE83717,train,source,GSE83717,FFPE lung tissue,IPF SL32671,0.06485410779714584,False
GSM2213996,lung,GSE83717,train,source,GSE83717,FFPE lung tissue,IPF SL32674,0.05536193773150444,False
GSM2213997,lung,GSE83717,train,source,GSE83717,FFPE lung tissue,IPF SL32677,0.05753548443317413,False
GSM2213998,lung,GSE83717,train,source,GSE83717,FFPE lung tissue,IPF SL32679,0.07097245752811432,False
GSM2213999,lung,GSE83717,train,source,GSE83717,FFPE lung tissue,IPF SL32680,0.06253670156002045,False
GSM2214000,lung,GSE83717,train,source,GSE83717,FFPE lung tissue,Control SL32683,0.06414342671632767,False
GSM2214001,lung,GSE83717,train,source,GSE83717,FFPE lung tissue,Control SL71047,0.06321241706609726,False
GSM2214002,lung,GSE83717,train,source,GSE83717,FFPE lung tissue,Control SL71048,0.07812217622995377,False
GSM2214003,lung,GSE83717,train,source,GSE83717,FFPE lung tissue,Control SL71049,0.04914483800530434,False
GSM2214004,lung,GSE83717,train,source,GSE83717,FFPE lung tissue,Control SL71050,0.07640393823385239,False
GSM2343558,lung,GSE88186,train,source,GSE88186,Homo sapiens upper lobe of left lung tissue male adult (37 years),total RNA-seq from upper lobe of left lung (ENCLB381WRT),0.018962500616908073,False
GSM2343673,lung,GSE88254,train,source,GSE88254,Homo sapiens upper lobe of left lung tissue female adult (53 years),total RNA-seq from upper lobe of left lung (ENCLB837IVL),0.12025915086269379,False
GSM2343824,lung,GSE88344,train,source,GSE88344,Homo sapiens upper lobe of left lung tissue male adult (37 years),small RNA-seq from upper lobe of left lung (ENCLB483BRP),0.17235541343688965,False
GSM2344085,lung,GSE88499,train,source,GSE88499,Homo sapiens upper lobe of left lung tissue female adult (53 years),small RNA-seq from upper lobe of left lung (ENCLB983DVP),0.050960175693035126,False
GSM2344225,lung,GSE88579,train,source,GSE88579,Homo sapiens upper lobe of left lung tissue male adult (54 years),total RNA-seq from upper lobe of left lung (ENCLB692XZA),0.01058120932430029,False
GSM2344389,lung,GSE88673,train,source,GSE88673,Homo sapiens upper lobe of left lung tissue female adult (51 year),small RNA-seq from upper lobe of left lung (ENCLB072XZS),0.08301075547933578,False
GSM2344426,lung,GSE88694,train,source,GSE88694,Homo sapiens upper lobe of left lung tissue male adult (54 years),small RNA-seq from upper lobe of left lung (ENCLB365RNP),0.4663149118423462,False
GSM2433099,lung,GSE92592,train,source,GSE92592,lung tissue,s_039545,0.007849355228245258,False
GSM2433102,lung,GSE92592,train,source,GSE92592,lung tissue,s_254200,0.012929806485772133,False
GSM2433103,lung,GSE92592,train,source,GSE92592,lung tissue,s_152649,0.013197741471230984,False
GSM2433104,lung,GSE92592,train,source,GSE92592,lung tissue,s_133378,0.008590060286223888,False
GSM2433105,lung,GSE92592,train,source,GSE92592,lung tissue,s_263234,0.010385767556726933,False
GSM2433107,lung,GSE92592,train,source,GSE92592,lung tissue,s_022562,0.01328472513705492,False
GSM2433108,lung,GSE92592,train,source,GSE92592,lung tissue,s_258760,0.009199787862598896,False
GSM2433111,lung,GSE92592,train,source,GSE92592,lung tissue,s_284489,0.014658559113740921,False
GSM2433112,lung,GSE92592,train,source,GSE92592,lung tissue,s_059846,0.011229872703552246,False
GSM2433114,lung,GSE92592,train,source,GSE92592,lung tissue,s_137431,0.008630240336060524,False
GSM2433118,lung,GSE92592,train,source,GSE92592,lung tissue,s_191307,0.01640537567436695,False
GSM2433119,lung,GSE92592,train,source,GSE92592,lung tissue,s_269070,0.020010478794574738,False
GSM2433120,lung,GSE92592,train,source,GSE92592,lung tissue,s_164046,0.010753369890153408,False
GSM2433121,lung,GSE92592,train,source,GSE92592,lung tissue,s_046027,0.013585012406110764,False
GSM2433123,lung,GSE92592,train,source,GSE92592,lung tissue,s_138327,0.010496433824300766,False
GSM2433125,lung,GSE92592,train,source,GSE92592,lung tissue,s_072042,0.011671815998852253,False
GSM2433129,lung,GSE92592,train,source,GSE92592,lung tissue,s_298223,0.010033617727458477,False
GSM2433130,lung,GSE92592,train,source,GSE92592,lung tissue,s_020096,0.010901326313614845,False
GSM2433133,lung,GSE92592,train,source,GSE92592,lung tissue,s_265639,0.0216421727091074,False
GSM2433134,lung,GSE92592,train,source,GSE92592,lung tissue,s_280560,0.009136607870459557,False
GSM2453422,lung,GSE93482,train,source,GSE93482,Homo sapiens lung tissue female adult (30 years),polyA mRNA RNA-seq from lung (ENCLB955EVV),0.07635753601789474,False
GSM2453423,lung,GSE93482,train,source,GSE93482,Homo sapiens lung tissue female adult (30 years),polyA mRNA RNA-seq from lung (ENCLB793NOU),0.004400839097797871,False
GSM2492504,lung,GSE94964,train,source,GSE94964,lung,BD005,0.05948159471154213,False
GSM2492505,lung,GSE94964,train,source,GSE94964,lung,BD006,0.07665549218654633,False
GSM2492506,lung,GSE94964,train,source,GSE94964,lung,BD007,0.07203825563192368,False
GSM2492507,lung,GSE94964,train,source,GSE94964,lung,BD008,0.11591218411922455,False
GSM2492512,lung,GSE94964,train,source,GSE94964,lung,BD013,0.037514809519052505,False
GSM2492513,lung,GSE94964,train,source,GSE94964,lung,BD014,0.04325404018163681,False
GSM2492514,lung,GSE94964,train,source,GSE94964,lung,BD015,0.044323451817035675,False
GSM2492515,lung,GSE94964,train,source,GSE94964,lung,BD016,0.06123800575733185,False
GSM2492520,lung,GSE94964,train,source,GSE94964,lung,BD021,0.038215573877096176,False
GSM2492521,lung,GSE94964,train,source,GSE94964,lung,BD022,0.131013885140419,False
GSM2492522,lung,GSE94964,train,source,GSE94964,lung,BD023,0.048928242176771164,False
GSM2492523,lung,GSE94964,train,source,GSE94964,lung,BD024,0.06180398166179657,False
GSM2648740,lung,GSE99621,train,source,GSE99621,lung tissue,HC11,0.12017565965652466,False
GSM2648741,lung,GSE99621,train,source,GSE99621,lung tissue,HC12,0.11641309410333633,False
GSM2648742,lung,GSE99621,train,source,GSE99621,lung tissue,HC21,0.11914771795272827,False
GSM2648743,lung,GSE99621,train,source,GSE99621,lung tissue,HC22,0.10159248858690262,False
GSM2648745,lung,GSE99621,train,source,GSE99621,lung tissue,HC31,0.13441596925258636,False
GSM2648747,lung,GSE99621,train,source,GSE99621,lung tissue,HC33,0.14709484577178955,False
GSM2648748,lung,GSE99621,train,source,GSE99621,lung tissue,IPF1n1,0.11989789456129074,False
GSM2648749,lung,GSE99621,train,source,GSE99621,lung tissue,IPF1n2,0.1197485700249672,False
GSM2648750,lung,GSE99621,train,source,GSE99621,lung tissue,IPF1n3,0.07994669675827026,False
GSM2648752,lung,GSE99621,train,source,GSE99621,lung tissue,IPF2n1,0.1305462121963501,False
GSM2648753,lung,GSE99621,train,source,GSE99621,lung tissue,IPF2n2,0.09075899422168732,False
GSM2648754,lung,GSE99621,train,source,GSE99621,lung tissue,IPF2n3,0.11130695044994354,False
GSM2648755,lung,GSE99621,train,source,GSE99621,lung tissue,IPF3n1,0.11569446325302124,False
GSM2648756,lung,GSE99621,train,source,GSE99621,lung tissue,IPF3n2,0.12524202466011047,False
GSM2648757,lung,GSE99621,train,source,GSE99621,lung tissue,IPF3n3,0.10347028076648712,False
GSM2648759,lung,GSE99621,train,source,GSE99621,lung tissue,IPF1s2,0.1260215789079666,False
GSM2648761,lung,GSE99621,train,source,GSE99621,lung tissue,IPF2s1,0.11495857685804367,False
GSM2648762,lung,GSE99621,train,source,GSE99621,lung tissue,IPF2s2,0.12360996752977371,False
GSM2648763,lung,GSE99621,train,source,GSE99621,lung tissue,IPF2s3,0.12491901963949203,False
GSM2648764,lung,GSE99621,train,source,GSE99621,lung tissue,IPF2s4,0.11937382072210312,False
GSM2940277,skin,GSE109350,train,source,GSE109350,skin tissue,Ctl1,0.0578010119497776,False
GSM2940278,skin,GSE109350,train,source,GSE109350,skin tissue,Ctl3,0.06534000486135483,False
GSM2940279,skin,GSE109350,train,source,GSE109350,skin tissue,Exp1,0.06382246315479279,False
GSM2940280,skin,GSE109350,train,source,GSE109350,skin tissue,Exp2,0.05373694747686386,False
GSM3021190,skin,GSE111061,train,source,GSE111061,Scalp Skin,T05-00,0.012164374813437462,False
GSM3021191,skin,GSE111061,train,source,GSE111061,Scalp Skin,T05-36,0.011492951773107052,False
GSM3021192,skin,GSE111061,train,source,GSE111061,Scalp Skin,T07-00,0.013595047406852245,False
GSM3021193,skin,GSE111061,train,source,GSE111061,Scalp Skin,T07-24,0.016217680647969246,False
GSM3021194,skin,GSE111061,train,source,GSE111061,Scalp Skin,T09-00,0.01457221806049347,False
GSM3021195,skin,GSE111061,train,source,GSE111061,Scalp Skin,T09-24,0.017601389437913895,False
GSM3021196,skin,GSE111061,train,source,GSE111061,Scalp Skin,T10-00,0.011516674421727657,False
GSM3021197,skin,GSE111061,train,source,GSE111061,Scalp Skin,T10-24,0.01377724390476942,False
GSM3021198,skin,GSE111061,train,source,GSE111061,Scalp Skin,T11-00,0.015409380197525024,False
GSM3021199,skin,GSE111061,train,source,GSE111061,Scalp Skin,T11-24,0.02111372910439968,False
GSM3021200,skin,GSE111061,train,source,GSE111061,Scalp Skin,T12-00,0.011198323220014572,False
GSM3021201,skin,GSE111061,train,source,GSE111061,Scalp Skin,T12-24,0.013090888038277626,False
GSM3021202,skin,GSE111061,train,source,GSE111061,Scalp Skin,AAB-N-C149- 1,0.015159066766500473,False
GSM3021203,skin,GSE111061,train,source,GSE111061,Scalp Skin,AAB-N-C150- 1,0.017816903069615364,False
GSM3021204,skin,GSE111061,train,source,GSE111061,Scalp Skin,AAB-N-C151- 1,0.01993260718882084,False
GSM3021205,skin,GSE111061,train,source,GSE111061,Scalp Skin,AAB-N-C069,0.01715952903032303,False
GSM3021206,skin,GSE111061,train,source,GSE111061,Scalp Skin,AAB-N-C070,0.01740422286093235,False
GSM3021207,skin,GSE111061,train,source,GSE111061,Scalp Skin,AAB-N-C071,0.018941467627882957,False
GSM3029032,skin,GSE111354,train,source,GSE111354,Human Skin Biopsy,NS1,0.1318996548652649,False
GSM3029034,skin,GSE111354,train,source,GSE111354,Human Skin Biopsy,NSCC03,0.10093852132558823,False
GSM3029036,skin,GSE111354,train,source,GSE111354,Human Skin Biopsy,S1A,0.22686545550823212,False
GSM3029038,skin,GSE111354,train,source,GSE111354,Human Skin Biopsy,S5,0.18001189827919006,False
GSM3029039,skin,GSE111354,train,source,GSE111354,Human Skin Biopsy,CC01,0.12384527176618576,False
GSM3029042,skin,GSE111354,train,source,GSE111354,Human Skin Biopsy,CC05,0.12813600897789001,False
GSM3029044,skin,GSE111354,train,source,GSE111354,Human Skin Biopsy,TS6,0.12457902729511261,False
GSM3029046,skin,GSE111354,train,source,GSE111354,Human Skin Biopsy,TS4,0.1257929801940918,False
GSM3029050,skin,GSE111354,train,source,GSE111354,Human Skin Biopsy,TS15,0.08397439867258072,False
GSM3029052,skin,GSE111354,train,source,GSE111354,Human Skin Biopsy,TS18,0.2351124882698059,False
GSM3071635,skin,GSE112509,train,source,GSE112509,skin,FKH.021.022_N,0.02772407978773117,False
GSM3071640,skin,GSE112509,train,source,GSE112509,skin,LE.037.RG.038_N,0.03355246037244797,False
GSM3071680,skin,GSE112509,train,source,GSE112509,skin,BO.013.NK.014_N,0.011875486001372337,False
GSM3272798,skin,GSE117168,train,source,GSE117168,Human skin,mRNA_HC_Skin_2,0.05048291012644768,False
GSM3495917,skin,GSE123112,train,source,GSE123112,skin biopsy,AL1B12_post_saline6hr,0.021606648340821266,False
GSM3495919,skin,GSE123112,train,source,GSE123112,skin biopsy,AL1B15_post_saline6hr,0.024713050574064255,False
GSM3495920,skin,GSE123112,train,source,GSE123112,skin biopsy,AL1B18_post_saline6hr,0.029938368126749992,False
GSM3495922,skin,GSE123112,train,source,GSE123112,skin biopsy,AL1B22_post_saline6hr,0.027006736025214195,False
GSM3495924,skin,GSE123112,train,source,GSE123112,skin biopsy,AL1B24_post_saline6hr,0.023623287677764893,False
GSM3495925,skin,GSE123112,train,source,GSE123112,skin biopsy,AL1B25_post_saline6hr,0.02239973656833172,False
GSM3495927,skin,GSE123112,train,source,GSE123112,skin biopsy,AL1B29_post_saline6hr,0.02352450229227543,False
GSM3495928,skin,GSE123112,train,source,GSE123112,skin biopsy,AL1B30_post_saline6hr,0.03891782462596893,False
GSM3495929,skin,GSE123112,train,source,GSE123112,skin biopsy,AL1B31_post_saline6hr,0.02402232028543949,False
GSM3495930,skin,GSE123112,train,source,GSE123112,skin biopsy,AL1B6_post_saline6hr,0.028890389949083328,False
GSM3495933,skin,GSE123112,train,source,GSE123112,skin biopsy,AL1B13_pre_saline6hr,0.027402637526392937,False
GSM3495934,skin,GSE123112,train,source,GSE123112,skin biopsy,AL1B15_pre_saline6hr,0.025008320808410645,False
GSM3495935,skin,GSE123112,train,source,GSE123112,skin biopsy,AL1B18_pre_saline6hr,0.026753291487693787,False
GSM3495938,skin,GSE123112,train,source,GSE123112,skin biopsy,AL1B23_pre_saline6hr,0.028376838192343712,False
GSM3495939,skin,GSE123112,train,source,GSE123112,skin biopsy,AL1B24_pre_saline6hr,0.0238693468272686,False
GSM3495940,skin,GSE123112,train,source,GSE123112,skin biopsy,AL1B25_pre_saline6hr,0.02145162783563137,False
GSM3495942,skin,GSE123112,train,source,GSE123112,skin biopsy,AL1B29_pre_saline6hr,0.023655157536268234,False
GSM3495943,skin,GSE123112,train,source,GSE123112,skin biopsy,AL1B30_pre_saline6hr,0.03344934061169624,False
GSM3495944,skin,GSE123112,train,source,GSE123112,skin biopsy,AL1B31_pre_saline6hr,0.022165318951010704,False
GSM3495945,skin,GSE123112,train,source,GSE123112,skin biopsy,AL1B6_pre_saline6hr,0.027141043916344643,False
GSM3639530,skin,GSE127831,train,source,GSE127831,healthy skin,skin_HS1,0.07257818430662155,False
GSM3639531,skin,GSE127831,train,source,GSE127831,healthy skin,skin_HS2,0.0441332682967186,False
GSM3639532,skin,GSE127831,train,source,GSE127831,healthy skin,skin_HS3,0.058390989899635315,False
GSM3639533,skin,GSE127831,train,source,GSE127831,healthy skin,skin_HS4,0.043785855174064636,False
GSM3639534,skin,GSE127831,train,source,GSE127831,healthy skin,skin_HS5,0.09309141337871552,False
GSM3639535,skin,GSE127831,train,source,GSE127831,healthy skin,skin_HS6,0.04992697015404701,False
GSM3639536,skin,GSE127831,train,source,GSE127831,healthy skin,skin_HS7,0.05950138345360756,False
GSM3745861,skin,GSE130633,train,source,GSE130633,skin biopsy,AL1B12_post_normalskin,0.0223711971193552,False
GSM3745877,skin,GSE130633,train,source,GSE130633,skin biopsy,AL1B19_post_normalskin,0.024256616830825806,False
GSM3745878,skin,GSE130633,train,source,GSE130633,skin biopsy,AL1B19_post_saline6hr_reanalyzed,0.02883114293217659,False
GSM3745886,skin,GSE130633,train,source,GSE130633,skin biopsy,AL1B23_post_saline6hr_reanalyzed,0.03116721659898758,False
GSM3745887,skin,GSE130633,train,source,GSE130633,skin biopsy,AL1B23_post_VZV6hour,0.027688955888152122,False
GSM3745890,skin,GSE130633,train,source,GSE130633,skin biopsy,AL1B24_post_saline6hr_reanalyzed,0.02449537068605423,False
GSM3745897,skin,GSE130633,train,source,GSE130633,skin biopsy,AL1B26_post_normalskin,0.02360169216990471,False
GSM3745914,skin,GSE130633,train,source,GSE130633,skin biopsy,AL1B5_post_VZVday2,0.026139026507735252,False
GSM3745917,skin,GSE130633,train,source,GSE130633,skin biopsy,AL1B6_post_normalskin,0.029206853359937668,False
GSM3745921,skin,GSE130633,train,source,GSE130633,skin biopsy,AL1B7_post_normalskin,0.02698594331741333,False
GSM3745931,skin,GSE130633,train,source,GSE130633,skin biopsy,pAL1B13_pre_VZV6hour,0.029638640582561493,False
GSM3745934,skin,GSE130633,train,source,GSE130633,skin biopsy,pAL1B18_pre_VZVday2,0.03088121861219406,False
GSM3745941,skin,GSE130633,train,source,GSE130633,skin biopsy,pAL1B19_pre_VZV6hour,0.02535240165889263,False
GSM3745953,skin,GSE130633,train,source,GSE130633,skin biopsy,pAL1B24_pre_VZV6hour,0.025363881140947342,False
GSM3745957,skin,GSE130633,train,source,GSE130633,skin biopsy,pAL1B25_pre_VZV6hour,0.020127687603235245,False
GSM3745962,skin,GSE130633,train,source,GSE130633,skin biopsy,pAL1B29_pre_VZVday2,0.024860484525561333,False
GSM3745965,skin,GSE130633,train,source,GSE130633,skin biopsy,pAL1B29_pre_VZV6hour,0.02209792286157608,False
GSM3745968,skin,GSE130633,train,source,GSE130633,skin biopsy,AL1B30_pre_saline6hr_reanalyzed,0.03441643714904785,False
GSM3745979,skin,GSE130633,train,source,GSE130633,skin biopsy,pAL1B6_pre_normalskin,0.024435000494122505,False
GSM3745982,skin,GSE130633,train,source,GSE130633,skin biopsy,pAL1B7_pre_VZVday2,0.03976060822606087,False
GSM3757032,skin,GSE130955,train,source,GSE130955,"skin biopsy, SSc patient",S002_P,0.01668776199221611,False
GSM3757035,skin,GSE130955,train,source,GSE130955,"skin biopsy, SSc patient",S005_P,0.012161524966359138,False
GSM3757040,skin,GSE130955,train,source,GSE130955,"skin biopsy, SSc patient",S011_P,0.00960580538958311,False
GSM3757048,skin,GSE130955,train,source,GSE130955,"skin biopsy, SSc patient",S021_P,0.010401100851595402,False
GSM3757053,skin,GSE130955,train,source,GSE130955,"skin biopsy, SSc patient",S027_P,0.01029665581882,False
GSM3757054,skin,GSE130955,train,source,GSE130955,"skin biopsy, healthy control",S028_N,0.01105879619717598,False
GSM3757057,skin,GSE130955,train,source,GSE130955,"skin biopsy, SSc patient",S032_P,0.010882260277867317,False
GSM3757061,skin,GSE130955,train,source,GSE130955,"skin biopsy, SSc patient",S036_P,0.009373795241117477,False
GSM3757065,skin,GSE130955,train,source,GSE130955,"skin biopsy, healthy control",S040_N,0.010110084898769855,False
GSM3757066,skin,GSE130955,train,source,GSE130955,"skin biopsy, SSc patient",S041_P,0.01010245829820633,False
GSM3757069,skin,GSE130955,train,source,GSE130955,"skin biopsy, SSc patient",S049_P,0.011542202904820442,False
GSM3757076,skin,GSE130955,train,source,GSE130955,"skin biopsy, SSc patient",S058_P,0.01312524825334549,False
GSM3757077,skin,GSE130955,train,source,GSE130955,"skin biopsy, healthy control",S059_N,0.009022489190101624,False
GSM3757089,skin,GSE130955,train,source,GSE130955,"skin biopsy, healthy control",S072_N,0.01054749172180891,False
GSM3757095,skin,GSE130955,train,source,GSE130955,"skin biopsy, healthy control",S078_N,0.01375364139676094,False
GSM3757098,skin,GSE130955,train,source,GSE130955,"skin biopsy, SSc patient",S081_P,0.009745332412421703,False
GSM3757102,skin,GSE130955,train,source,GSE130955,"skin biopsy, healthy control",S085_N,0.02175287902355194,False
GSM3757103,skin,GSE130955,train,source,GSE130955,"skin biopsy, SSc patient",S086_P,0.014130035415291786,False
GSM3757108,skin,GSE130955,train,source,GSE130955,"skin biopsy, SSc patient",S092_P,0.00947514921426773,False
GSM3757121,skin,GSE130955,train,source,GSE130955,"skin biopsy, healthy control",S105_N,0.010119156911969185,False
GSM4047112,skin,GSE136347,train,source,GSE136347,Skin,2C,0.003529076697304845,False
GSM4047113,skin,GSE136347,train,source,GSE136347,Skin,2W,0.005483337212353945,False
GSM4047115,skin,GSE136347,train,source,GSE136347,Skin,3W,0.004742592107504606,False
GSM4047116,skin,GSE136347,train,source,GSE136347,Skin,4C,0.0025849416851997375,False
GSM4047117,skin,GSE136347,train,source,GSE136347,Skin,4W,0.006645834539085627,False
GSM4047118,skin,GSE136347,train,source,GSE136347,Skin,5C,0.008710961788892746,False
GSM4047120,skin,GSE136347,train,source,GSE136347,Skin,42C,0.002604891313239932,False
GSM4047122,skin,GSE136347,train,source,GSE136347,Skin,43C,0.002653982723131776,False
GSM4047123,skin,GSE136347,train,source,GSE136347,Skin,43W,0.004034681245684624,False
GSM4047124,skin,GSE136347,train,source,GSE136347,Skin,60C,0.002987426472827792,False
GSM4047125,skin,GSE136347,train,source,GSE136347,Skin,60W,0.0059946016408503056,False
GSM4047127,skin,GSE136347,train,source,GSE136347,Skin,62W,0.005284242331981659,False
GSM4047128,skin,GSE136347,train,source,GSE136347,Skin,64C,0.001750107971020043,False
GSM4047129,skin,GSE136347,train,source,GSE136347,Skin,64W,0.0026678310241550207,False
GSM4047130,skin,GSE136347,train,source,GSE136347,Skin,66C,0.0023281252942979336,False
GSM4047131,skin,GSE136347,train,source,GSE136347,Skin,66W,0.0058327969163656235,False
GSM4047132,skin,GSE136347,train,source,GSE136347,Skin,67C,0.0024830661714076996,False
GSM4047133,skin,GSE136347,train,source,GSE136347,Skin,67W,0.004991781897842884,False
GSM4047134,skin,GSE136347,train,source,GSE136347,Skin,69C,0.0019605224952101707,False
GSM4047135,skin,GSE136347,train,source,GSE136347,Skin,69W,0.006363769993185997,False
GSM4079139,skin,GSE137430,train,source,GSE137430,Skin biopsy,104_S39_L005_R1_001_BL_NL,0.002370031550526619,False
GSM4079158,skin,GSE137430,train,source,GSE137430,Skin biopsy,121_S56_L007_R1_001_W16_LS,0.0029525847639888525,False
GSM4079163,skin,GSE137430,train,source,GSE137430,Skin biopsy,126_S2_L001_R1_001_W16_LS,0.0026728082448244095,False
GSM4079171,skin,GSE137430,train,source,GSE137430,Skin biopsy,133_S8_L001_R1_001_BL_LS,0.003025077749043703,False
GSM4079172,skin,GSE137430,train,source,GSE137430,Skin biopsy,134_S9_L002_R1_001_W4_LS,0.0029344414360821247,False
GSM4079180,skin,GSE137430,train,source,GSE137430,Skin biopsy,141_S16_L002_R1_001_BL_LS,0.00563326058909297,False
GSM4079184,skin,GSE137430,train,source,GSE137430,Skin biopsy,145_S20_L003_R1_001_W4_LS,0.00335298222489655,False
GSM4079189,skin,GSE137430,train,source,GSE137430,Skin biopsy,151_S35_L005_R1_001_BL_NL,0.0036093168891966343,False
GSM4079196,skin,GSE137430,train,source,GSE137430,Skin biopsy,159_S29_L004_R1_001_BL_NL,0.003868180327117443,False
GSM4079203,skin,GSE137430,train,source,GSE137430,Skin biopsy,165_S35_L005_R1_001_W16_NL,0.0021417951211333275,False
GSM4079208,skin,GSE137430,train,source,GSE137430,Skin biopsy,17_S17_L003_R1_001_W16_NL,0.0026328288950026035,False
GSM4079222,skin,GSE137430,train,source,GSE137430,Skin biopsy,29_S29_L005_R1_001_BL_NL,0.003906714729964733,False
GSM4079238,skin,GSE137430,train,source,GSE137430,Skin biopsy,43_S43_L006_R1_001_BL_LS,0.0031338173430413008,False
GSM4079240,skin,GSE137430,train,source,GSE137430,Skin biopsy,45_S45_L006_R1_001_W16_LS,0.003616742789745331,False
GSM4079262,skin,GSE137430,train,source,GSE137430,Skin biopsy,66_S5_L001_R1_001_W16_NL,0.0031865211203694344,False
GSM4079263,skin,GSE137430,train,source,GSE137430,Skin biopsy,67_S59_L008_R1_001_W16_LS,0.00384104554541409,False
GSM4079270,skin,GSE137430,train,source,GSE137430,Skin biopsy,74_S64_L008_R1_001_W16_NL,0.0038486721459776163,False
GSM4079278,skin,GSE137430,train,source,GSE137430,Skin biopsy,81_S15_L002_R1_001_BL_NL,0.003447712864726782,False
GSM4079285,skin,GSE137430,train,source,GSE137430,Skin biopsy,88_S21_L002_R1_001_W4_LS,0.0030467533506453037,False
GSM4079294,skin,GSE137430,train,source,GSE137430,Skin biopsy,96_S28_L004_R1_001_BL_NL,0.00358792208135128,False
GSM4091321,skin,GSE137897,train,source,GSE137897,Human skin,H1_0028,0.42094525694847107,False
GSM4091422,skin,GSE137897,train,source,GSE137897,Human skin,H1_0129,0.36193975806236267,False
GSM4091457,skin,GSE137897,train,source,GSE137897,Human skin,H1_0164,0.2238606959581375,False
GSM4091493,skin,GSE137897,train,source,GSE137897,Human skin,H1_0200,0.17939454317092896,False
GSM4091500,skin,GSE137897,train,source,GSE137897,Human skin,H1_0207,0.14958623051643372,False
GSM4091542,skin,GSE137897,train,source,GSE137897,Human skin,H2_0249,0.21975624561309814,False
GSM4091605,skin,GSE137897,train,source,GSE137897,Human skin,H2_0312,0.1709250956773758,False
GSM4091612,skin,GSE137897,train,source,GSE137897,Human skin,H2_0319,0.15923112630844116,False
GSM4091688,skin,GSE137897,train,source,GSE137897,Human skin,H2_0395,0.20065690577030182,False
GSM4091737,skin,GSE137897,train,source,GSE137897,Human skin,H3_0444,0.44567379355430603,False
GSM4091747,skin,GSE137897,train,source,GSE137897,Human skin,H3_0454,0.3717852830886841,False
GSM4091752,skin,GSE137897,train,source,GSE137897,Human skin,H3_0459,0.32267019152641296,False
GSM4091830,skin,GSE137897,train,source,GSE137897,Human skin,H4_0537,0.24357791244983673,False
GSM4091836,skin,GSE137897,train,source,GSE137897,Human skin,H4_0543,0.21246282756328583,False
GSM4091860,skin,GSE137897,train,source,GSE137897,Human skin,H4_0567,0.45845961570739746,False
GSM4091901,skin,GSE137897,train,source,GSE137897,Human skin,H4_0608,0.19524185359477997,False
GSM4091923,skin,GSE137897,train,source,GSE137897,Human skin,H4_0630,0.3590100407600403,False
GSM4092017,skin,GSE137897,train,source,GSE137897,Human skin,PU1_0724,0.3170018792152405,False
GSM4092078,skin,GSE137897,train,source,GSE137897,Human skin,PU1_0785,0.38893064856529236,False
GSM4092388,skin,GSE137897,train,source,GSE137897,Human skin,PU4_1095,0.2292664796113968,False
GSM4156922,skin,GSE140227,train,source,GSE140227,skin,AD pt1 lesional,0.009502283297479153,False
GSM4156923,skin,GSE140227,train,source,GSE140227,skin,AD pt1 nonlesional,0.011400628834962845,False
GSM4156924,skin,GSE140227,train,source,GSE140227,skin,AD pt2 lesional,0.012606678530573845,False
GSM4156925,skin,GSE140227,train,source,GSE140227,skin,AD pt2 nonlesional,0.011414156295359135,False
GSM4156926,skin,GSE140227,train,source,GSE140227,skin,AD pt3 lesional,0.021715709939599037,False
GSM4156927,skin,GSE140227,train,source,GSE140227,skin,AD pt3 nonlesional,0.014250695705413818,False
GSM4156928,skin,GSE140227,train,source,GSE140227,skin,AD pt4 lesional,0.008931170217692852,False
GSM4156929,skin,GSE140227,train,source,GSE140227,skin,AD pt4 nonlesional,0.010567240417003632,False
GSM4156930,skin,GSE140227,train,source,GSE140227,skin,AD pt5 lesional,0.018121926113963127,False
GSM4156931,skin,GSE140227,train,source,GSE140227,skin,AD pt5 nonlesional,0.01156139001250267,False
GSM4156932,skin,GSE140227,train,source,GSE140227,skin,AD pt6 lesional,0.01741766929626465,False
GSM4156933,skin,GSE140227,train,source,GSE140227,skin,AD pt6 nonlesional,0.015484723262488842,False
GSM4160338,skin,GSE140380,train,source,GSE140380,skin,ad013,0.01665649190545082,False
GSM4160339,skin,GSE140380,train,source,GSE140380,skin,ad014,0.014006081968545914,False
GSM4160340,skin,GSE140380,train,source,GSE140380,skin,ad016,0.01108276005834341,False
GSM4160341,skin,GSE140380,train,source,GSE140380,skin,ad017,0.02313028648495674,False
GSM4160342,skin,GSE140380,train,source,GSE140380,skin,mx0007,0.01356458105146885,False
GSM4160343,skin,GSE140380,train,source,GSE140380,skin,mx0014,0.011163200251758099,False
GSM4160344,skin,GSE140380,train,source,GSE140380,skin,mx0018,0.008452660404145718,False
GSM4160345,skin,GSE140380,train,source,GSE140380,skin,mx0019,0.010200601071119308,False
GSM4199131,skin,GSE141235,train,source,GSE141235,skin,S4RNA_1,0.03168891742825508,False
GSM4199132,skin,GSE141235,train,source,GSE141235,skin,S4RNA_2,0.03670365735888481,False
GSM4199133,skin,GSE141235,train,source,GSE141235,skin,s6_1,0.05131473392248154,False
GSM4199134,skin,GSE141235,train,source,GSE141235,skin,s6_2,0.07188231498003006,False
GSM4199135,skin,GSE141235,train,source,GSE141235,skin,s11_1,0.018875276669859886,False
GSM4199136,skin,GSE141235,train,source,GSE141235,skin,s11_2,0.019318582490086555,False
GSM4199137,skin,GSE141235,train,source,GSE141235,skin,s15_1,0.02892438881099224,False
GSM4199138,skin,GSE141235,train,source,GSE141235,skin,s15_2,0.025634827092289925,False
GSM4199139,skin,GSE141235,train,source,GSE141235,skin,S16RNA_1,0.022573383525013924,False
GSM4199140,skin,GSE141235,train,source,GSE141235,skin,S16RNA_2,0.040022481232881546,False
GSM4199143,skin,GSE141235,train,source,GSE141235,skin,s18_1,0.07352239638566971,False
GSM4199144,skin,GSE141235,train,source,GSE141235,skin,s18_2,0.10598810762166977,False
GSM4199145,skin,GSE141235,train,source,GSE141235,skin,s24_1,0.10646826028823853,False
GSM4199146,skin,GSE141235,train,source,GSE141235,skin,s24_2,0.16377289593219757,False
GSM4199147,skin,GSE141235,train,source,GSE141235,skin,S28RNA_1,0.04230926185846329,False
GSM4199148,skin,GSE141235,train,source,GSE141235,skin,S28RNA_2,0.03896872326731682,False
GSM4199149,skin,GSE141235,train,source,GSE141235,skin,S30_1,0.014040883630514145,False
GSM4199150,skin,GSE141235,train,source,GSE141235,skin,S30_2,0.01583426259458065,False
GSM4207124,skin,GSE141570,train,source,GSE141570,Skin biopsy,S13_S5,0.0030328650027513504,False
GSM4207125,skin,GSE141570,train,source,GSE141570,Skin biopsy,S10_S2,0.003036758629605174,False
GSM4207126,skin,GSE141570,train,source,GSE141570,Skin biopsy,S7_S7,0.004049613606184721,False
GSM4207127,skin,GSE141570,train,source,GSE141570,Skin biopsy,S3_S3,0.0028462938498705626,False
GSM4207128,skin,GSE141570,train,source,GSE141570,Skin biopsy,S16_S8,0.00448003550991416,False
GSM4207129,skin,GSE141570,train,source,GSE141570,Skin biopsy,S8_S8,0.002532558748498559,False
GSM4207130,skin,GSE141570,train,source,GSE141570,Skin biopsy,S12_S4,0.0027610764373093843,False
GSM4207131,skin,GSE141570,train,source,GSE141570,Skin biopsy,S19_S11,0.003986473195254803,False
GSM4207132,skin,GSE141570,train,source,GSE141570,Skin biopsy,S11_S3,0.0024586208164691925,False
GSM4207133,skin,GSE141570,train,source,GSE141570,Skin biopsy,S15_S7,0.004827970173209906,False
GSM4207134,skin,GSE141570,train,source,GSE141570,Skin biopsy,S4_S4,0.0017745131626725197,False
GSM4207135,skin,GSE141570,train,source,GSE141570,Skin biopsy,S9_S1,0.002708372427150607,False
GSM4207136,skin,GSE141570,train,source,GSE141570,Skin biopsy,S14_S6,0.0036352071911096573,False
GSM4207137,skin,GSE141570,train,source,GSE141570,Skin biopsy,S18,0.004409991204738617,False
GSM4207138,skin,GSE141570,train,source,GSE141570,Skin biopsy,S17,0.0031595469918102026,False
GSM4207139,skin,GSE141570,train,source,GSE141570,Skin biopsy,S20,0.001736139296554029,False
GSM4207142,skin,GSE141571,train,source,GSE141571,Skin biopsy,101_S18_L003_R1_001,0.004037170205265284,False
GSM4207157,skin,GSE141571,train,source,GSE141571,Skin biopsy,121_S31_L004_R1_001,0.006260128226131201,False
GSM4207158,skin,GSE141571,train,source,GSE141571,Skin biopsy,122_S32_L004_R1_001,0.00354320602491498,False
GSM4207163,skin,GSE141571,train,source,GSE141571,Skin biopsy,128_S1_L001_R1_001,0.002761999610811472,False
GSM4207164,skin,GSE141571,train,source,GSE141571,Skin biopsy,129_S38_L005_R1_001,0.004260349087417126,False
GSM4207171,skin,GSE141571,train,source,GSE141571,Skin biopsy,135_S5_L001_R1_001,0.004011841490864754,False
GSM4207174,skin,GSE141571,train,source,GSE141571,Skin biopsy,16_S9_L003_R1_001,0.0030500448774546385,False
GSM4207176,skin,GSE141571,train,source,GSE141571,Skin biopsy,18_S12_L003_R1_001,0.0031782924197614193,False
GSM4207179,skin,GSE141571,train,source,GSE141571,Skin biopsy,22_S14_L003_R1_001,0.004578097723424435,False
GSM4207183,skin,GSE141571,train,source,GSE141571,Skin biopsy,26_S18_L004_R1_001,0.0033614516723901033,False
GSM4207188,skin,GSE141571,train,source,GSE141571,Skin biopsy,31_S19_L004_R1_001,0.001983884023502469,False
GSM4207189,skin,GSE141571,train,source,GSE141571,Skin biopsy,32_S6_L002_R1_001,0.001409117947332561,False
GSM4207190,skin,GSE141571,train,source,GSE141571,Skin biopsy,33_S20_L004_R1_001,0.002415349707007408,False
GSM4207193,skin,GSE141571,train,source,GSE141571,Skin biopsy,36_S7_L001_R1_001,0.0026682724710553885,False
GSM4207203,skin,GSE141571,train,source,GSE141571,Skin biopsy,48_S29_L005_R1_001,0.003246249631047249,False
GSM4207205,skin,GSE141571,train,source,GSE141571,Skin biopsy,50_S30_L005_R1_001,0.003107686061412096,False
GSM4207208,skin,GSE141571,train,source,GSE141571,Skin biopsy,53_S33_L006_R1_001,0.0029050589073449373,False
GSM4207231,skin,GSE141571,train,source,GSE141571,Skin biopsy,76_S5_L001_R1_001,0.0050687300972640514,False
GSM4207234,skin,GSE141571,train,source,GSE141571,Skin biopsy,8_S2_L002_R1_001,0.0038548135198652744,False
GSM4207249,skin,GSE141571,train,source,GSE141571,Skin biopsy,95_S15_L002_R1_001,0.003837472992017865,False
GSM4745080,skin,GSE145095,train,source,GSE145095,Skin,Human_con_skin,0.3544536232948303,False
GSM4443482,skin,GSE147704,train,source,GSE147704,normal skin,normal skin from donor c3212,0.007763053756207228,False
GSM4443483,skin,GSE147704,train,source,GSE147704,normal skin,normal skin from donor c3214,0.022858457639813423,False
GSM4443484,skin,GSE147704,train,source,GSE147704,normal skin,normal skin from donor c3215,0.005365245044231415,False
GSM4455439,skin,GSE148169,train,source,GSE148169,skin,CX1-2: Less affected - replicate during late-treatment run,0.008017863146960735,False
GSM4455440,skin,GSE148169,train,source,GSE148169,skin,CX1: Less affected - technical replicate 1,0.005867197178304195,False
GSM4455441,skin,GSE148169,train,source,GSE148169,skin,CX1: Less affected - technical replicate 2,0.018893860280513763,False
GSM4455442,skin,GSE148169,train,source,GSE148169,skin,LB2-2: More affected - replicate during late-treatment run,0.013742402195930481,False
GSM4455443,skin,GSE148169,train,source,GSE148169,skin,LB2: More affected - technical replicate 1,0.011202136054635048,False
GSM4455444,skin,GSE148169,train,source,GSE148169,skin,LB2: More affected - technical replicate 2,0.009369581006467342,False
GSM4455445,skin,GSE148169,train,source,GSE148169,skin,PostTx: Late-treatment,0.008483809418976307,False
GSM4568981,skin,GSE151243,train,source,GSE151243,Skin,HidradenitisSuppurativa_11L,0.248001828789711,False
GSM4568983,skin,GSE151243,train,source,GSE151243,Skin,HidradenitisSuppurativa_12L,0.1608521044254303,False
GSM4568989,skin,GSE151243,train,source,GSE151243,Skin,HidradenitisSuppurativa_15L,0.14504408836364746,False
GSM4568992,skin,GSE151243,train,source,GSE151243,Skin,HidradenitisSuppurativa_16N,0.1733628511428833,False
GSM4568993,skin,GSE151243,train,source,GSE151243,Skin,HidradenitisSuppurativa_17L,0.19371889531612396,False
GSM4568999,skin,GSE151243,train,source,GSE151243,Skin,HidradenitisSuppurativa_1L,0.2199205756187439,False
GSM4569003,skin,GSE151243,train,source,GSE151243,Skin,HidradenitisSuppurativa_22L,0.18414917588233948,False
GSM4569004,skin,GSE151243,train,source,GSE151243,Skin,HidradenitisSuppurativa_22N,0.17493337392807007,False
GSM4569005,skin,GSE151243,train,source,GSE151243,Skin,HidradenitisSuppurativa_2L,0.23518721759319305,False
GSM4569009,skin,GSE151243,train,source,GSE151243,Skin,HidradenitisSuppurativa_5L,0.22113096714019775,False
GSM4569011,skin,GSE151243,train,source,GSE151243,Skin,HidradenitisSuppurativa_6L,0.21908549964427948,False
GSM4569015,skin,GSE151243,train,source,GSE151243,Skin,HidradenitisSuppurativa_8L,0.20447443425655365,False
GSM4569016,skin,GSE151243,train,source,GSE151243,Skin,HidradenitisSuppurativa_8N,0.16841521859169006,False
GSM4569017,skin,GSE151243,train,source,GSE151243,Skin,HidradenitisSuppurativa_9L,0.1797814518213272,False
GSM4569018,skin,GSE151243,train,source,GSE151243,Skin,HidradenitisSuppurativa_9N,0.18636222183704376,False
GSM4626204,skin,GSE152781,train,source,GSE152781,Human skin,GT65_W8_P,0.013273646123707294,False
GSM4626209,skin,GSE152781,train,source,GSE152781,Human skin,GT95_W4_T,0.020329149439930916,False
GSM4626212,skin,GSE152781,train,source,GSE152781,Human skin,GT96_DO_U 1,0.020977413281798363,False
GSM4626214,skin,GSE152781,train,source,GSE152781,Human skin,GT96_W4_P,0.01734762452542782,False
GSM4626222,skin,GSE152781,train,source,GSE152781,Human skin,GT69_W8_T,0.025023814290761948,False
GSM4626225,skin,GSE152781,train,source,GSE152781,Human skin,GT70_DO_U 2,0.011921205557882786,False
GSM4626227,skin,GSE152781,train,source,GSE152781,Human skin,GT70_W4_T,0.021804219111800194,False
GSM4626231,skin,GSE152781,train,source,GSE152781,Human skin,GT100_DO_U 2,0.029772106558084488,False
GSM4626233,skin,GSE152781,train,source,GSE152781,Human skin,GT100_W4_P,0.01964741013944149,False
GSM4626236,skin,GSE152781,train,source,GSE152781,Human skin,GT75_DO_P,0.01688898354768753,False
GSM4626237,skin,GSE152781,train,source,GSE152781,Human skin,GT75_DO_T,0.01485111191868782,False
GSM4626239,skin,GSE152781,train,source,GSE152781,Human skin,GT75_W4_T,0.021133437752723694,False
GSM4626240,skin,GSE152781,train,source,GSE152781,Human skin,GT75_W8_P,0.01775665208697319,False
GSM4626242,skin,GSE152781,train,source,GSE152781,Human skin,GT77_DO_T,0.019360410049557686,False
GSM4626243,skin,GSE152781,train,source,GSE152781,Human skin,GT77_DO_P,0.01853015087544918,False
GSM4626244,skin,GSE152781,train,source,GSE152781,Human skin,GT77_W4_T,0.02375338040292263,False
GSM4626254,skin,GSE152781,train,source,GSE152781,Human skin,GT82_DO_T,0.016630040481686592,False
GSM4626257,skin,GSE152781,train,source,GSE152781,Human skin,GT82_W4_P,0.020489349961280823,False
GSM4626258,skin,GSE152781,train,source,GSE152781,Human skin,GT82_W8_T,0.05358923226594925,False
GSM4626260,skin,GSE152781,train,source,GSE152781,Human skin,GT91_DO_T,0.016008511185646057,False
GSM4643745,skin,GSE153399,train,source,GSE153399,Skin,Reject PDX Nevus donor (human) 2,0.4152269661426544,False
GSM4643750,skin,GSE153399,train,source,GSE153399,Skin,Stable PDX Nevus donor (human) 1,0.31972965598106384,False
GSM4643751,skin,GSE153399,train,source,GSE153399,Skin,Stable PDX Nevus donor (human) 2,0.42127224802970886,False
GSM4643752,skin,GSE153399,train,source,GSE153399,Skin,Stable PDX Nevus donor (human) 3,0.23758217692375183,False
GSM4673364,skin,GSE154556,train,source,GSE154556,skin biopsy,277-FD-1,0.004080360755324364,False
GSM4673365,skin,GSE154556,train,source,GSE154556,skin biopsy,277-FD-2,0.009636230766773224,False
GSM4673366,skin,GSE154556,train,source,GSE154556,skin biopsy,277-FD-3,0.011669929139316082,False
GSM4673367,skin,GSE154556,train,source,GSE154556,skin biopsy,277-FD-4,0.014297419227659702,False
GSM4673368,skin,GSE154556,train,source,GSE154556,skin biopsy,277-FD-5,0.00710286945104599,False
GSM4673369,skin,GSE154556,train,source,GSE154556,skin biopsy,277-FD-6,0.007027767598628998,False
GSM4673370,skin,GSE154556,train,source,GSE154556,skin biopsy,277-FD-7,0.008681378327310085,False
GSM4673371,skin,GSE154557,train,source,GSE154557,skin biopsy,190731_DM1_distant,0.2131410837173462,False
GSM4673372,skin,GSE154557,train,source,GSE154557,skin biopsy,190731_DM1_wound,0.1930820345878601,False
GSM4679498,skin,GSE154775,train,source,GSE154775,skin biopsy,HSEpi190115,0.4736829996109009,False
GSM4679499,skin,GSE154775,train,source,GSE154775,skin biopsy,HSDerm190115,0.48724064230918884,False
GSM4696803,skin,GSE155176,train,source,GSE155176,Normal Skin_Normal Skin,NL01_Normal_Skin,0.019331589341163635,False
GSM4696804,skin,GSE155176,train,source,GSE155176,Normal Skin_Normal Skin,NL02_Normal_Skin,0.028484171256422997,False
GSM4696805,skin,GSE155176,train,source,GSE155176,Normal Skin_Normal Skin,NL03_Normal_Skin,0.02547796070575714,False
GSM4696806,skin,GSE155176,train,source,GSE155176,Normal Skin_Normal Skin,NL04_Normal_Skin,0.017029233276844025,False
GSM4696807,skin,GSE155176,train,source,GSE155176,Normal Skin_Normal Skin,NL05_Normal_Skin,0.019380880519747734,False
GSM4696808,skin,GSE155176,train,source,GSE155176,Normal Skin_Normal Skin,NL06_Normal_Skin,0.026933962479233742,False
GSM4696809,skin,GSE155176,train,source,GSE155176,Normal Skin_Normal Skin,NL07_Normal_Skin,0.037203844636678696,False
GSM4696810,skin,GSE155176,train,source,GSE155176,Normal Skin_Normal Skin,NL08_Normal_Skin,0.019051210954785347,False
GSM4696811,skin,GSE155176,train,source,GSE155176,Normal Skin_Normal Skin,NL09_Normal_Skin,0.014519634656608105,False
GSM4696825,skin,GSE155176,train,source,GSE155176,Normal Skin,NL10_Normal_Skin,0.020765673369169235,False
GSM4696826,skin,GSE155176,train,source,GSE155176,Normal Skin,NL11_Normal_Skin,0.019491106271743774,False
GSM4696827,skin,GSE155176,train,source,GSE155176,Normal Skin,NL12_Normal_Skin,0.015658488497138023,False
GSM4696828,skin,GSE155176,train,source,GSE155176,Normal Skin,NL13_Normal_Skin,0.012233656831085682,False
GSM4696829,skin,GSE155176,train,source,GSE155176,Normal Skin,NL14_Normal_Skin,0.02052374929189682,False
GSM4696830,skin,GSE155176,train,source,GSE155176,Normal Skin,NL15_Normal_Skin,0.016604309901595116,False
GSM4696831,skin,GSE155176,train,source,GSE155176,Normal Skin,NL16_Normal_Skin,0.023277882486581802,False
GSM4726824,skin,GSE156212,train,source,GSE156212,skin biopsy,AD006D2_S6,0.004647901747375727,False
GSM4726827,skin,GSE156212,train,source,GSE156212,skin biopsy,AD009D2_S12,0.0024246221873909235,False
GSM4726831,skin,GSE156212,train,source,GSE156212,skin biopsy,AD010N_S4,0.003714202903211117,False
GSM4726834,skin,GSE156212,train,source,GSE156212,skin biopsy,AD011N_S10,0.003062367904931307,False
GSM4726837,skin,GSE156212,train,source,GSE156212,skin biopsy,AD012N_S16,0.0030098645947873592,False
GSM4726843,skin,GSE156212,train,source,GSE156212,skin biopsy,AD023N_S4,0.002517466200515628,False
GSM4726845,skin,GSE156212,train,source,GSE156212,skin biopsy,AD025D2_S10,0.002148337895050645,False
GSM4726849,skin,GSE156212,train,source,GSE156212,skin biopsy,AD028N_S14,0.003405003808438778,False
GSM4726852,skin,GSE156212,train,source,GSE156212,skin biopsy,AD029N_S10,0.004100872203707695,False
GSM4726853,skin,GSE156212,train,source,GSE156212,skin biopsy,AD029S6_S11,0.0027439366094768047,False
GSM4726861,skin,GSE156212,train,source,GSE156212,skin biopsy,AD038N_S6,0.004168789368122816,False
GSM4726866,skin,GSE156212,train,source,GSE156212,skin biopsy,AD045D2_S5,0.00368441897444427,False
GSM4726880,skin,GSE156212,train,source,GSE156212,skin biopsy,pAD009D2_S9,0.0026368428952991962,False
GSM4726889,skin,GSE156212,train,source,GSE156212,skin biopsy,pAD012D2_S15,0.003944446332752705,False
GSM4726892,skin,GSE156212,train,source,GSE156212,skin biopsy,pAD018D2_S1,0.00327856233343482,False
GSM4726894,skin,GSE156212,train,source,GSE156212,skin biopsy,pAD018S6_S14,0.0032435201574116945,False
GSM4726899,skin,GSE156212,train,source,GSE156212,skin biopsy,pAD025N_S5,0.0033102731686085463,False
GSM4726902,skin,GSE156212,train,source,GSE156212,skin biopsy,pAD028N_S11,0.0028865542262792587,False
GSM4726904,skin,GSE156212,train,source,GSE156212,skin biopsy,pAD029D2_S9,0.004113958217203617,False
GSM4726914,skin,GSE156212,train,source,GSE156212,skin biopsy,pAD038N_S3,0.006301873829215765,False
GSM4798868,skin,GSE158395,train,source,GSE158395,Skin biopsy,JKR782-003_Keloid_LS_K5,0.026445014402270317,False
GSM4798869,skin,GSE158395,train,source,GSE158395,Skin biopsy,JKR782-003_Keloid_LS_K4,0.024284273386001587,False
GSM4798870,skin,GSE158395,train,source,GSE158395,Skin biopsy,JKR782-004_Keloid_NL_K6,0.021314870566129684,False
GSM4798871,skin,GSE158395,train,source,GSE158395,Skin biopsy,JKR782-001_Keloid_LS_K2,0.027856020256876945,False
GSM4798872,skin,GSE158395,train,source,GSE158395,Skin biopsy,N2_Normal_Normal_N2,0.02193298749625683,False
GSM4798873,skin,GSE158395,train,source,GSE158395,Skin biopsy,JKR782-003_Keloid_NL_K3,0.019062329083681107,False
GSM4798874,skin,GSE158395,train,source,GSE158395,Skin biopsy,N20_Normal_Normal_N20,0.02392216958105564,False
GSM4798875,skin,GSE158395,train,source,GSE158395,Skin biopsy,N3_Normal_Normal_N3,0.018587270751595497,False
GSM4798876,skin,GSE158395,train,source,GSE158395,Skin biopsy,N19_Normal_Normal_N19,0.0218060240149498,False
GSM4798877,skin,GSE158395,train,source,GSE158395,Skin biopsy,N1_Normal_Normal_N1,0.02302323281764984,False
GSM4798878,skin,GSE158395,train,source,GSE158395,Skin biopsy,JKR782-004_Keloid_LS_K7,0.024477949365973473,False
GSM4798879,skin,GSE158395,train,source,GSE158395,Skin biopsy,JKR782-001_Keloid_NL_K1,0.02747986651957035,False
GSM4798880,skin,GSE158395,train,source,GSE158395,Skin biopsy,JKR491-163/BA_Normal_Normal_410,0.023570863530039787,False
GSM4815788,skin,GSE158923|GSE158924|GSE158926,train,source,GSE158923	GSE158926,Lesional skin,Granuloma annulare patient 1 prior to treated with tofacitinib,0.007154770661145449,False
GSM4815789,skin,GSE158923|GSE158924|GSE158926,train,source,GSE158923	GSE158926,Lesional skin,Granuloma annulare patient 1 after treated with tofacitinib for six months,0.005357217043638229,False
GSM4815790,skin,GSE158923|GSE158924|GSE158926,train,source,GSE158923	GSE158926,Lesional skin,Granuloma annulare patient 2 prior to treated with tofacitinib,0.008096096105873585,False
GSM4815791,skin,GSE158923|GSE158924|GSE158926,train,source,GSE158923	GSE158926,Lesional skin,Granuloma annulare patient 2 after treated with tofacitinib for six months,0.008254047483205795,False
GSM4815792,skin,GSE158923|GSE158924|GSE158926,train,source,GSE158923	GSE158926,Lesional skin,Granuloma annulare patient 3 prior to treated with tofacitinib,0.006987948436290026,False
GSM4815793,skin,GSE158923|GSE158924|GSE158926,train,source,GSE158923	GSE158926,Lesional skin,Granuloma annulare patient 3 after treated with tofacitinib for six months,0.006713189650326967,False
GSM4815794,skin,GSE158923|GSE158924|GSE158926,train,source,GSE158923	GSE158926,Lesional skin,Granuloma annulare patient 4 prior to treated with tofacitinib,0.014214168302714825,False
GSM4815795,skin,GSE158923|GSE158924|GSE158926,train,source,GSE158923	GSE158926,Lesional skin,Granuloma annulare patient 4 after treated with tofacitinib for six months,0.007500296458601952,False
GSM4815796,skin,GSE158923|GSE158924|GSE158926,train,source,GSE158923	GSE158926,Lesional skin,Granuloma annulare patient 5 prior to treated with tofacitinib,0.005913478322327137,False
GSM4815797,skin,GSE158923|GSE158924|GSE158926,train,source,GSE158923	GSE158926,Lesional skin,Granuloma annulare patient 5 after treated with tofacitinib for six months,0.005166431423276663,False
GSM4815798,skin,GSE158923|GSE158924|GSE158926,train,source,GSE158923	GSE158926,Skin,Healthy control 1,0.00818873941898346,False
GSM4815799,skin,GSE158923|GSE158924|GSE158926,train,source,GSE158923	GSE158926,Skin,Healthy control 2,0.010348156094551086,False
GSM4815801,skin,GSE158923|GSE158924|GSE158926,train,source,GSE158924	GSE158926,Lesional skin,sc Granuloma annulare patient 2,0.47805577516555786,False
GSM4815803,skin,GSE158923|GSE158924|GSE158926,train,source,GSE158924	GSE158926,Skin,sc Healthy control 1,0.3522953391075134,False
GSM4815805,skin,GSE158923|GSE158924|GSE158926,train,source,GSE158924	GSE158926,Skin,sc Healthy control 3,0.4957556128501892,False
GSM4816776,skin,GSE158970,train,source,GSE158970,Skin,Polydactyly_01,0.4014799892902374,False
GSM4816778,skin,GSE158970,train,source,GSE158970,Skin,Polydactyly_03,0.3466595411300659,False
GSM4892184,skin,GSE161225,train,source,GSE161225,Skin biopsy,COVID1,0.038547415286302567,False
GSM4892185,skin,GSE161225,train,source,GSE161225,Skin biopsy,COVID3,0.13476882874965668,False
GSM4892186,skin,GSE161225,train,source,GSE161225,Skin biopsy,COVID4,0.09388992190361023,False
GSM4892188,skin,GSE161225,train,source,GSE161225,Skin biopsy,MPR2,0.0335518978536129,False
GSM4892189,skin,GSE161225,train,source,GSE161225,Skin biopsy,MPR3,0.04850492626428604,False
GSM4892190,skin,GSE161225,train,source,GSE161225,Skin biopsy,MPR4,0.023657606914639473,False
GSM4892191,skin,GSE161225,train,source,GSE161225,Skin biopsy,MPR5,0.05309382081031799,False
GSM4892192,skin,GSE161225,train,source,GSE161225,Skin biopsy,MPR6,0.10848044604063034,False
GSM4892193,skin,GSE161225,train,source,GSE161225,Skin biopsy,MPR7,0.03732450678944588,False
GSM4892194,skin,GSE161225,train,source,GSE161225,Skin biopsy,NH1,0.03995580971240997,False
GSM4892195,skin,GSE161225,train,source,GSE161225,Skin biopsy,NH3,0.017253736034035683,False
GSM4892196,skin,GSE161225,train,source,GSE161225,Skin biopsy,NH4,0.027178695425391197,False
GSM4892197,skin,GSE161225,train,source,GSE161225,Skin biopsy,NH5,0.03047841228544712,False
GSM5348403,skin,GSE175817,train,source,GSE175817,Human Skin,Acne Donor 6,0.46485403180122375,False
GSM5350038,skin,GSE175856,train,source,GSE175856,Human Skin,sample A,0.1023547425866127,False
GSM5362072,skin,GSE176279,train,source,GSE176279,human skin,Skin-atopic dermatitis lesion-01,0.0816282108426094,False
GSM5362073,skin,GSE176279,train,source,GSE176279,human skin,Skin-atopic dermatitis lesion-02,0.07232871651649475,False
GSM5362074,skin,GSE176279,train,source,GSE176279,human skin,Skin-psoriasis lesion-01,0.08672194927930832,False
GSM5362075,skin,GSE176279,train,source,GSE176279,human skin,Skin-psoriasis lesion-02,0.11029144376516342,False
GSM5367103,skin,GSE176509,train,source,GSE176509,Human Skin,RNA0288_APC73_Plate_7_19,0.4311365783214569,False
GSM5367105,skin,GSE176509,train,source,GSE176509,Human Skin,RNA0288_APC73_Plate_7_21,0.32614612579345703,False
GSM5367110,skin,GSE176509,train,source,GSE176509,Human Skin,RNA0288_APC73_Plate_7_26,0.4245638847351074,False
GSM5367116,skin,GSE176509,train,source,GSE176509,Human Skin,RNA0288_APC73_Plate_7_33,0.48208150267601013,False
GSM5367131,skin,GSE176509,train,source,GSE176509,Human Skin,RNA0288_APC73_Plate_7_53,0.40071168541908264,False
GSM5367137,skin,GSE176509,train,source,GSE176509,Human Skin,RNA0288_APC73_Plate_7_61,0.22690604627132416,False
GSM5367154,skin,GSE176509,train,source,GSE176509,Human Skin,RNA0288_APC73_Plate_7_82,0.45886558294296265,False
GSM5367156,skin,GSE176509,train,source,GSE176509,Human Skin,RNA0288_APC73_Plate_7_86,0.48314040899276733,False
GSM5367159,skin,GSE176509,train,source,GSE176509,Human Skin,RNA0288_APC73_Plate_7_91,0.34906846284866333,False
GSM5367516,skin,GSE176509,train,source,GSE176509,Human Skin,RNA0288_APC74_Plate_7_11,0.4286297559738159,False
GSM5367526,skin,GSE176509,train,source,GSE176509,Human Skin,RNA0288_APC74_Plate_7_22,0.3363800346851349,False
GSM5367534,skin,GSE176509,train,source,GSE176509,Human Skin,RNA0288_APC74_Plate_7_30,0.4847967028617859,False
GSM5367551,skin,GSE176509,train,source,GSE176509,Human Skin,RNA0288_APC74_Plate_7_61,0.47052186727523804,False
GSM5367563,skin,GSE176509,train,source,GSE176509,Human Skin,RNA0288_APC74_Plate_7_75R,0.20914292335510254,False
GSM5571764,skin,GSE183820,train,source,GSE183820,Skin biopsy,Pso2B_R1,0.0038651698268949986,False
GSM5571767,skin,GSE183820,train,source,GSE183820,Skin biopsy,Pso5A_R1,0.006207344122231007,False
GSM5571768,skin,GSE183820,train,source,GSE183820,Skin biopsy,Pso5B_R1,0.004060451406985521,False
GSM1131155,skin,GSE46486|GSE46487,train,source,GSE46486	GSE46487,skin,Skin sample from young subjects,0.01101235393434763,False
GSM1131156,skin,GSE46486|GSE46487,train,source,GSE46486	GSE46487,skin,Skin sample from old subjects,0.007334518246352673,False
GSM1296629,skin,GSE53600,train,source,GSE53600,Skin,Normal skin,0.0855550765991211,False
GSM2343233,skin,GSE88037,train,source,GSE88037,Homo sapiens suprapubic skin tissue male adult (54 years),total RNA-seq from suprapubic skin (ENCLB397AMI),0.019132694229483604,False
GSM2343564,skin,GSE88191,train,source,GSE88191,Homo sapiens lower leg skin tissue male adult (37 years),total RNA-seq from lower leg skin (ENCLB678SEO),0.014232994057238102,False
GSM2343712,skin,GSE88278,train,source,GSE88278,Homo sapiens suprapubic skin tissue female adult (53 years),total RNA-seq from suprapubic skin (ENCLB958TEH),0.014134490862488747,False
GSM2343729,skin,GSE88288,train,source,GSE88288,Homo sapiens lower leg skin tissue male adult (54 years),total RNA-seq from lower leg skin (ENCLB544ISA),0.0688808411359787,False
GSM2343747,skin,GSE88300,train,source,GSE88300,Homo sapiens suprapubic skin tissue female adult (51 year),total RNA-seq from suprapubic skin (ENCLB504OXA),0.08587322384119034,False
GSM2344419,skin,GSE88690,train,source,GSE88690,Homo sapiens lower leg skin tissue female adult (53 years),total RNA-seq from lower leg skin (ENCLB253MPS),0.06054346263408661,False
