model,training_pool,id,sample_index,label,reference,program,rank,gene,IG_logit,log1p_TPM_difference
bridge,YA,GSE298393:GSM9013398,3,0,training_ground_mean_TPM,mitochondrial_expression,1,ATP6V1D,-0.17193390160743713,-0.32985353469848633
bridge,YA,GSE298393:GSM9013398,3,0,training_ground_mean_TPM,mitochondrial_expression,2,POLR2F,0.07650036012523267,-0.2908964157104492
bridge,YA,GSE298393:GSM9013398,3,0,training_ground_mean_TPM,mitochondrial_expression,3,DECR1,-0.04384137620594375,-0.08780670166015625
bridge,YA,GSE298393:GSM9013398,3,0,training_ground_mean_TPM,mitochondrial_expression,4,SLC25A4,-0.027824077873694078,0.04614591598510742
bridge,YA,GSE298393:GSM9013398,3,0,training_ground_mean_TPM,mitochondrial_expression,5,MRPS30,0.02722050391292539,-0.16018247604370117
bridge,YA,GSE298393:GSM9013398,3,0,training_ground_mean_TPM,dna_repair,1,NUDT21,-0.18352358578834116,-0.4859280586242676
bridge,YA,GSE298393:GSM9013398,3,0,training_ground_mean_TPM,dna_repair,2,PDE4B,-0.12894550161480772,-1.5197057723999023
bridge,YA,GSE298393:GSM9013398,3,0,training_ground_mean_TPM,dna_repair,3,POLR2F,0.07650036012523267,-0.2908964157104492
bridge,YA,GSE298393:GSM9013398,3,0,training_ground_mean_TPM,dna_repair,4,DGUOK,-0.03745019596463706,-0.4625089168548584
bridge,YA,GSE298393:GSM9013398,3,0,training_ground_mean_TPM,dna_repair,5,RFC2,-0.036823318281382106,-0.2847592830657959
bridge,YA,GSE298393:GSM9013398,3,0,training_ground_mean_TPM,oxidative_stress,1,OXSR1,-0.09987057054034504,-0.4884190559387207
bridge,YA,GSE298393:GSM9013398,3,0,training_ground_mean_TPM,oxidative_stress,2,JUNB,0.029774726874995796,-1.0514798164367676
bridge,YA,GSE298393:GSM9013398,3,0,training_ground_mean_TPM,oxidative_stress,3,SBNO2,0.026539206513983934,-1.0966134071350098
bridge,YA,GSE298393:GSM9013398,3,0,training_ground_mean_TPM,oxidative_stress,4,SRXN1,0.023273987884627124,-0.641042947769165
bridge,YA,GSE298393:GSM9013398,3,0,training_ground_mean_TPM,oxidative_stress,5,TXNRD1,0.011510765108412554,-0.5075182914733887
bridge,YA,GSE298393:GSM9013398,3,0,training_ground_mean_TPM,inflammatory_signaling,1,CDKN1A,0.19742698835768654,-0.7476201057434082
bridge,YA,GSE298393:GSM9013398,3,0,training_ground_mean_TPM,inflammatory_signaling,2,FOS,-0.12926488205254177,-1.1822587251663208
bridge,YA,GSE298393:GSM9013398,3,0,training_ground_mean_TPM,inflammatory_signaling,3,PDE4B,-0.12894550161480772,-1.5197057723999023
bridge,YA,GSE298393:GSM9013398,3,0,training_ground_mean_TPM,inflammatory_signaling,4,ICAM1,0.0769926869735289,-0.31487369537353516
bridge,YA,GSE298393:GSM9013398,3,0,training_ground_mean_TPM,inflammatory_signaling,5,NAMPT,-0.06964742895929184,-1.2573823928833008
bridge,YA,GSE298393:GSM9013398,3,0,training_ground_mean_TPM,proteostasis,1,EIF2S1,0.1022466576273652,-0.7130255699157715
bridge,YA,GSE298393:GSM9013398,3,0,training_ground_mean_TPM,proteostasis,2,LSM1,-0.05302853502036501,-0.3085319995880127
bridge,YA,GSE298393:GSM9013398,3,0,training_ground_mean_TPM,proteostasis,3,XBP1,0.04899726894542168,-0.18315839767456055
bridge,YA,GSE298393:GSM9013398,3,0,training_ground_mean_TPM,proteostasis,4,BAG3,0.048156474733097976,-0.4142913818359375
bridge,YA,GSE298393:GSM9013398,3,0,training_ground_mean_TPM,proteostasis,5,SHC1,-0.03298316879544395,-0.5129783153533936
bridge,YA,GSE298393:GSM9013398,3,0,training_ground_mean_TPM,muscle_remodeling,1,CDKN1A,0.19742698835768654,-0.7476201057434082
bridge,YA,GSE298393:GSM9013398,3,0,training_ground_mean_TPM,muscle_remodeling,2,TEAD4,0.1951094154431354,-0.24429082870483398
bridge,YA,GSE298393:GSM9013398,3,0,training_ground_mean_TPM,muscle_remodeling,3,ACTC1,-0.169878249119962,-0.246063232421875
bridge,YA,GSE298393:GSM9013398,3,0,training_ground_mean_TPM,muscle_remodeling,4,MB,-0.16020707186638647,-0.7597699165344238
bridge,YA,GSE298393:GSM9013398,3,0,training_ground_mean_TPM,muscle_remodeling,5,PKIA,-0.11204597432642664,-0.362149715423584
bridge,YA,GSE298393:GSM9013398,3,0,training_all_mean_TPM,mitochondrial_expression,1,ATP6V1D,-0.19633898159790486,-0.36731815338134766
bridge,YA,GSE298393:GSM9013398,3,0,training_all_mean_TPM,mitochondrial_expression,2,SLC25A4,0.10502208028281577,-0.16627216339111328
bridge,YA,GSE298393:GSM9013398,3,0,training_all_mean_TPM,mitochondrial_expression,3,POLR2F,0.08888272782964123,-0.3358883857727051
bridge,YA,GSE298393:GSM9013398,3,0,training_all_mean_TPM,mitochondrial_expression,4,LDHB,-0.05438311404222848,-0.15853500366210938
bridge,YA,GSE298393:GSM9013398,3,0,training_all_mean_TPM,mitochondrial_expression,5,SLC25A3,0.048973260281237045,-0.1187906265258789
bridge,YA,GSE298393:GSM9013398,3,0,training_all_mean_TPM,dna_repair,1,NUDT21,-0.1824318272571892,-0.49857568740844727
bridge,YA,GSE298393:GSM9013398,3,0,training_all_mean_TPM,dna_repair,2,PDE4B,-0.09585388818531476,-0.9611606597900391
bridge,YA,GSE298393:GSM9013398,3,0,training_all_mean_TPM,dna_repair,3,POLR2F,0.08888272782964123,-0.3358883857727051
bridge,YA,GSE298393:GSM9013398,3,0,training_all_mean_TPM,dna_repair,4,DGUOK,-0.051716116629158856,-0.5976533889770508
bridge,YA,GSE298393:GSM9013398,3,0,training_all_mean_TPM,dna_repair,5,POLR2K,0.0506950945176488,-0.45540738105773926
bridge,YA,GSE298393:GSM9013398,3,0,training_all_mean_TPM,oxidative_stress,1,OXSR1,-0.11501045806385982,-0.5602428913116455
bridge,YA,GSE298393:GSM9013398,3,0,training_all_mean_TPM,oxidative_stress,2,SRXN1,0.021110662707184334,-0.5579683780670166
bridge,YA,GSE298393:GSM9013398,3,0,training_all_mean_TPM,oxidative_stress,3,PRDX1,-0.019411062977560796,-0.2872891426086426
bridge,YA,GSE298393:GSM9013398,3,0,training_all_mean_TPM,oxidative_stress,4,PDLIM1,0.01937617890207317,-0.7376604080200195
bridge,YA,GSE298393:GSM9013398,3,0,training_all_mean_TPM,oxidative_stress,5,JUNB,0.018910555938345168,-0.6918816566467285
bridge,YA,GSE298393:GSM9013398,3,0,training_all_mean_TPM,inflammatory_signaling,1,CDKN1A,0.24380746260067468,-0.9059138298034668
bridge,YA,GSE298393:GSM9013398,3,0,training_all_mean_TPM,inflammatory_signaling,2,FOS,-0.111703175466665,-0.9173814058303833
bridge,YA,GSE298393:GSM9013398,3,0,training_all_mean_TPM,inflammatory_signaling,3,PDE4B,-0.09585388818531476,-0.9611606597900391
bridge,YA,GSE298393:GSM9013398,3,0,training_all_mean_TPM,inflammatory_signaling,4,FJX1,-0.06630615194578238,-0.14715051651000977
bridge,YA,GSE298393:GSM9013398,3,0,training_all_mean_TPM,inflammatory_signaling,5,EHD1,-0.06185642479775925,-0.34941601753234863
bridge,YA,GSE298393:GSM9013398,3,0,training_all_mean_TPM,proteostasis,1,EIF2S1,0.10548651803648297,-0.7703084945678711
bridge,YA,GSE298393:GSM9013398,3,0,training_all_mean_TPM,proteostasis,2,LSM1,-0.08245587304766108,-0.45679783821105957
bridge,YA,GSE298393:GSM9013398,3,0,training_all_mean_TPM,proteostasis,3,BAG3,0.034534576409966704,-0.30835723876953125
bridge,YA,GSE298393:GSM9013398,3,0,training_all_mean_TPM,proteostasis,4,SHC1,-0.025333016964985463,-0.40271830558776855
bridge,YA,GSE298393:GSM9013398,3,0,training_all_mean_TPM,proteostasis,5,EXOC2,0.020873074859961618,-0.4844052791595459
bridge,YA,GSE298393:GSM9013398,3,0,training_all_mean_TPM,muscle_remodeling,1,TEAD4,0.25464387058361176,-0.2959723472595215
bridge,YA,GSE298393:GSM9013398,3,0,training_all_mean_TPM,muscle_remodeling,2,CDKN1A,0.24380746260067468,-0.9059138298034668
bridge,YA,GSE298393:GSM9013398,3,0,training_all_mean_TPM,muscle_remodeling,3,ACTC1,-0.21030656117438631,-0.3067502975463867
bridge,YA,GSE298393:GSM9013398,3,0,training_all_mean_TPM,muscle_remodeling,4,PKIA,-0.1534163886135169,-0.4808211326599121
bridge,YA,GSE298393:GSM9013398,3,0,training_all_mean_TPM,muscle_remodeling,5,MYH7,-0.13691995466834733,-0.5366430282592773
bridge,YA,GSE298393:GSM9013399,4,0,training_ground_mean_TPM,mitochondrial_expression,1,ATP6V1D,-0.15224672220584096,-0.2938041687011719
bridge,YA,GSE298393:GSM9013399,4,0,training_ground_mean_TPM,mitochondrial_expression,2,SLC25A4,-0.05034901194258471,0.08308935165405273
bridge,YA,GSE298393:GSM9013399,4,0,training_ground_mean_TPM,mitochondrial_expression,3,POLR2F,0.04711787812497465,-0.17200660705566406
bridge,YA,GSE298393:GSM9013399,4,0,training_ground_mean_TPM,mitochondrial_expression,4,MRPS30,0.03296966990366703,-0.19360589981079102
bridge,YA,GSE298393:GSM9013399,4,0,training_ground_mean_TPM,mitochondrial_expression,5,LDHB,-0.025851588980957015,-0.08133363723754883
bridge,YA,GSE298393:GSM9013399,4,0,training_ground_mean_TPM,dna_repair,1,NUDT21,-0.14880335409141293,-0.36477088928222656
bridge,YA,GSE298393:GSM9013399,4,0,training_ground_mean_TPM,dna_repair,2,PDE4B,-0.1168464438305541,-1.3890118598937988
bridge,YA,GSE298393:GSM9013399,4,0,training_ground_mean_TPM,dna_repair,3,POLR2F,0.04711787812497465,-0.17200660705566406
bridge,YA,GSE298393:GSM9013399,4,0,training_ground_mean_TPM,dna_repair,4,RFC2,-0.037001560681019514,-0.28902125358581543
bridge,YA,GSE298393:GSM9013399,4,0,training_ground_mean_TPM,dna_repair,5,POLR2C,-0.024988198840613027,-0.4839344024658203
bridge,YA,GSE298393:GSM9013399,4,0,training_ground_mean_TPM,oxidative_stress,1,OXSR1,-0.10352486849589634,-0.5082728862762451
bridge,YA,GSE298393:GSM9013399,4,0,training_ground_mean_TPM,oxidative_stress,2,SBNO2,0.027093888744480453,-1.1849347352981567
bridge,YA,GSE298393:GSM9013399,4,0,training_ground_mean_TPM,oxidative_stress,3,JUNB,0.02666951485761411,-0.9333570003509521
bridge,YA,GSE298393:GSM9013399,4,0,training_ground_mean_TPM,oxidative_stress,4,SRXN1,0.02339174078720991,-0.6433591842651367
bridge,YA,GSE298393:GSM9013399,4,0,training_ground_mean_TPM,oxidative_stress,5,MBP,0.012394505510933839,-0.4874824285507202
bridge,YA,GSE298393:GSM9013399,4,0,training_ground_mean_TPM,inflammatory_signaling,1,CDKN1A,0.18533979710101947,-0.7088589668273926
bridge,YA,GSE298393:GSM9013399,4,0,training_ground_mean_TPM,inflammatory_signaling,2,FOS,-0.1491492721151752,-1.3058034777641296
bridge,YA,GSE298393:GSM9013399,4,0,training_ground_mean_TPM,inflammatory_signaling,3,ICAM1,0.11774950920184489,-0.5255324840545654
bridge,YA,GSE298393:GSM9013399,4,0,training_ground_mean_TPM,inflammatory_signaling,4,PDE4B,-0.1168464438305541,-1.3890118598937988
bridge,YA,GSE298393:GSM9013399,4,0,training_ground_mean_TPM,inflammatory_signaling,5,FJX1,-0.07164427707501535,-0.15245968103408813
bridge,YA,GSE298393:GSM9013399,4,0,training_ground_mean_TPM,proteostasis,1,EIF2S1,0.09035354915824291,-0.644838809967041
bridge,YA,GSE298393:GSM9013399,4,0,training_ground_mean_TPM,proteostasis,2,BAG3,0.059613834498501016,-0.5147333145141602
bridge,YA,GSE298393:GSM9013399,4,0,training_ground_mean_TPM,proteostasis,3,SHC1,-0.033547651006868996,-0.5220069885253906
bridge,YA,GSE298393:GSM9013399,4,0,training_ground_mean_TPM,proteostasis,4,NOP56,0.024743521313247578,-0.3576200008392334
bridge,YA,GSE298393:GSM9013399,4,0,training_ground_mean_TPM,proteostasis,5,XBP1,0.021726915252374933,-0.07566070556640625
bridge,YA,GSE298393:GSM9013399,4,0,training_ground_mean_TPM,muscle_remodeling,1,CDKN1A,0.18533979710101947,-0.7088589668273926
bridge,YA,GSE298393:GSM9013399,4,0,training_ground_mean_TPM,muscle_remodeling,2,MYH7,-0.16231297563695415,-0.7341232299804688
bridge,YA,GSE298393:GSM9013399,4,0,training_ground_mean_TPM,muscle_remodeling,3,TEAD4,0.15708544339163746,-0.19826030731201172
bridge,YA,GSE298393:GSM9013399,4,0,training_ground_mean_TPM,muscle_remodeling,4,MB,-0.1279785570900955,-0.569582462310791
bridge,YA,GSE298393:GSM9013399,4,0,training_ground_mean_TPM,muscle_remodeling,5,ITGA7,0.10494298147522435,0.22577476501464844
bridge,YA,GSE298393:GSM9013399,4,0,training_all_mean_TPM,mitochondrial_expression,1,ATP6V1D,-0.1760925552587319,-0.3312687873840332
bridge,YA,GSE298393:GSM9013399,4,0,training_all_mean_TPM,mitochondrial_expression,2,SLC25A4,0.08200379718430109,-0.12932872772216797
bridge,YA,GSE298393:GSM9013399,4,0,training_all_mean_TPM,mitochondrial_expression,3,LDHB,-0.061187907282827046,-0.1848750114440918
bridge,YA,GSE298393:GSM9013399,4,0,training_all_mean_TPM,mitochondrial_expression,4,POLR2F,0.05974003649463862,-0.21699857711791992
bridge,YA,GSE298393:GSM9013399,4,0,training_all_mean_TPM,mitochondrial_expression,5,MRPS30,0.048718061444680306,-0.2861759662628174
bridge,YA,GSE298393:GSM9013399,4,0,training_all_mean_TPM,dna_repair,1,NUDT21,-0.14948654812640924,-0.37741851806640625
bridge,YA,GSE298393:GSM9013399,4,0,training_all_mean_TPM,dna_repair,2,PDE4B,-0.08365913894810728,-0.8304667472839355
bridge,YA,GSE298393:GSM9013399,4,0,training_all_mean_TPM,dna_repair,3,POLR2F,0.05974003649463862,-0.21699857711791992
bridge,YA,GSE298393:GSM9013399,4,0,training_all_mean_TPM,dna_repair,4,POLR2K,0.048070215374237904,-0.4337892532348633
bridge,YA,GSE298393:GSM9013399,4,0,training_all_mean_TPM,dna_repair,5,RFC2,-0.03755678927010804,-0.29741668701171875
bridge,YA,GSE298393:GSM9013399,4,0,training_all_mean_TPM,oxidative_stress,1,OXSR1,-0.1186802972489974,-0.5800967216491699
bridge,YA,GSE298393:GSM9013399,4,0,training_all_mean_TPM,oxidative_stress,2,SRXN1,0.02120792729193904,-0.5602846145629883
bridge,YA,GSE298393:GSM9013399,4,0,training_all_mean_TPM,oxidative_stress,3,PDLIM1,0.01773277571789138,-0.6794183254241943
bridge,YA,GSE298393:GSM9013399,4,0,training_all_mean_TPM,oxidative_stress,4,MGST1,0.01763099367546475,-0.29951953887939453
bridge,YA,GSE298393:GSM9013399,4,0,training_all_mean_TPM,oxidative_stress,5,SBNO2,0.017335039736836522,-0.8458603620529175
bridge,YA,GSE298393:GSM9013399,4,0,training_all_mean_TPM,inflammatory_signaling,1,CDKN1A,0.23114602019550176,-0.8671526908874512
bridge,YA,GSE298393:GSM9013399,4,0,training_all_mean_TPM,inflammatory_signaling,2,FOS,-0.13141988167712906,-1.0409261584281921
bridge,YA,GSE298393:GSM9013399,4,0,training_all_mean_TPM,inflammatory_signaling,3,FJX1,-0.10667568840359327,-0.2296885848045349
bridge,YA,GSE298393:GSM9013399,4,0,training_all_mean_TPM,inflammatory_signaling,4,PDE4B,-0.08365913894810728,-0.8304667472839355
bridge,YA,GSE298393:GSM9013399,4,0,training_all_mean_TPM,inflammatory_signaling,5,EHD1,-0.06552032162120482,-0.3731358051300049
bridge,YA,GSE298393:GSM9013399,4,0,training_all_mean_TPM,proteostasis,1,EIF2S1,0.09384935087205698,-0.7021217346191406
bridge,YA,GSE298393:GSM9013399,4,0,training_all_mean_TPM,proteostasis,2,BAG3,0.0454616487630258,-0.4087991714477539
bridge,YA,GSE298393:GSM9013399,4,0,training_all_mean_TPM,proteostasis,3,LSM1,-0.043376746078344776,-0.23409199714660645
bridge,YA,GSE298393:GSM9013399,4,0,training_all_mean_TPM,proteostasis,4,SHC1,-0.02588327897166174,-0.4117469787597656
bridge,YA,GSE298393:GSM9013399,4,0,training_all_mean_TPM,proteostasis,5,NOLC1,-0.02469767523692437,-0.5476679801940918
bridge,YA,GSE298393:GSM9013399,4,0,training_all_mean_TPM,muscle_remodeling,1,CDKN1A,0.23114602019550176,-0.8671526908874512
bridge,YA,GSE298393:GSM9013399,4,0,training_all_mean_TPM,muscle_remodeling,2,TEAD4,0.21341325470820027,-0.24994182586669922
bridge,YA,GSE298393:GSM9013399,4,0,training_all_mean_TPM,muscle_remodeling,3,MYH7,-0.18755128411298028,-0.8285260200500488
bridge,YA,GSE298393:GSM9013399,4,0,training_all_mean_TPM,muscle_remodeling,4,PKIA,-0.1445006646320701,-0.45101118087768555
bridge,YA,GSE298393:GSM9013399,4,0,training_all_mean_TPM,muscle_remodeling,5,ACTC1,-0.14389062458018845,-0.2095775604248047
bridge,YA,GSE298393:GSM9013400,5,0,training_ground_mean_TPM,mitochondrial_expression,1,ATP6V1D,-0.08765448234197401,-0.1684870719909668
bridge,YA,GSE298393:GSM9013400,5,0,training_ground_mean_TPM,mitochondrial_expression,2,SLC25A4,-0.08729498265195494,0.14393854141235352
bridge,YA,GSE298393:GSM9013400,5,0,training_ground_mean_TPM,mitochondrial_expression,3,POLR2F,0.04620079687824163,-0.17484664916992188
bridge,YA,GSE298393:GSM9013400,5,0,training_ground_mean_TPM,mitochondrial_expression,4,PDHX,-0.022241030294054765,-0.211411714553833
bridge,YA,GSE298393:GSM9013400,5,0,training_ground_mean_TPM,mitochondrial_expression,5,SLC25A3,-0.016696510566306867,0.044921875
bridge,YA,GSE298393:GSM9013400,5,0,training_ground_mean_TPM,dna_repair,1,NUDT21,-0.12962122475463522,-0.33062148094177246
bridge,YA,GSE298393:GSM9013400,5,0,training_ground_mean_TPM,dna_repair,2,PDE4B,-0.0565997409923492,-0.8259963989257812
bridge,YA,GSE298393:GSM9013400,5,0,training_ground_mean_TPM,dna_repair,3,POLR2F,0.04620079687824163,-0.17484664916992188
bridge,YA,GSE298393:GSM9013400,5,0,training_ground_mean_TPM,dna_repair,4,RFC2,-0.03384503499530192,-0.26927709579467773
bridge,YA,GSE298393:GSM9013400,5,0,training_ground_mean_TPM,dna_repair,5,DGUOK,-0.030291887676579397,-0.37720751762390137
bridge,YA,GSE298393:GSM9013400,5,0,training_ground_mean_TPM,oxidative_stress,1,OXSR1,-0.06691470200734931,-0.31877779960632324
bridge,YA,GSE298393:GSM9013400,5,0,training_ground_mean_TPM,oxidative_stress,2,SBNO2,0.021887981306121483,-0.8965761661529541
bridge,YA,GSE298393:GSM9013400,5,0,training_ground_mean_TPM,oxidative_stress,3,SRXN1,0.0189573448058995,-0.5183041095733643
bridge,YA,GSE298393:GSM9013400,5,0,training_ground_mean_TPM,oxidative_stress,4,JUNB,0.01617300757314481,-0.562833309173584
bridge,YA,GSE298393:GSM9013400,5,0,training_ground_mean_TPM,oxidative_stress,5,GCLM,-0.0070250542175043455,-0.32204341888427734
bridge,YA,GSE298393:GSM9013400,5,0,training_ground_mean_TPM,inflammatory_signaling,1,CDKN1A,0.14648815561568704,-0.5739178657531738
bridge,YA,GSE298393:GSM9013400,5,0,training_ground_mean_TPM,inflammatory_signaling,2,FOS,-0.12940728966866424,-1.1768239736557007
bridge,YA,GSE298393:GSM9013400,5,0,training_ground_mean_TPM,inflammatory_signaling,3,PDE4B,-0.0565997409923492,-0.8259963989257812
bridge,YA,GSE298393:GSM9013400,5,0,training_ground_mean_TPM,inflammatory_signaling,4,NAMPT,-0.04724443077552161,-0.7446017265319824
bridge,YA,GSE298393:GSM9013400,5,0,training_ground_mean_TPM,inflammatory_signaling,5,SERPINE1,0.04630610384162939,-0.9564130306243896
bridge,YA,GSE298393:GSM9013400,5,0,training_ground_mean_TPM,proteostasis,1,EIF2S1,0.07119614241728893,-0.5008940696716309
bridge,YA,GSE298393:GSM9013400,5,0,training_ground_mean_TPM,proteostasis,2,BAG3,0.03559654593717888,-0.30635690689086914
bridge,YA,GSE298393:GSM9013400,5,0,training_ground_mean_TPM,proteostasis,3,LSM1,-0.03388999409609663,-0.1939990520477295
bridge,YA,GSE298393:GSM9013400,5,0,training_ground_mean_TPM,proteostasis,4,EXOSC5,0.025753269247728285,-0.5563192367553711
bridge,YA,GSE298393:GSM9013400,5,0,training_ground_mean_TPM,proteostasis,5,XBP1,-0.022403299557194514,0.07265663146972656
bridge,YA,GSE298393:GSM9013400,5,0,training_ground_mean_TPM,muscle_remodeling,1,CDKN1A,0.14648815561568704,-0.5739178657531738
bridge,YA,GSE298393:GSM9013400,5,0,training_ground_mean_TPM,muscle_remodeling,2,TEAD4,0.14611321484337275,-0.19281435012817383
bridge,YA,GSE298393:GSM9013400,5,0,training_ground_mean_TPM,muscle_remodeling,3,MB,-0.1266277848347178,-0.5857381820678711
bridge,YA,GSE298393:GSM9013400,5,0,training_ground_mean_TPM,muscle_remodeling,4,MYL1,0.11662975498489102,0.186676025390625
bridge,YA,GSE298393:GSM9013400,5,0,training_ground_mean_TPM,muscle_remodeling,5,ITGA7,0.09874593849871048,0.21997690200805664
bridge,YA,GSE298393:GSM9013400,5,0,training_all_mean_TPM,mitochondrial_expression,1,ATP6V1D,-0.10993124136898962,-0.20595169067382812
bridge,YA,GSE298393:GSM9013400,5,0,training_all_mean_TPM,mitochondrial_expression,2,POLR2F,0.05845638572045497,-0.21983861923217773
bridge,YA,GSE298393:GSM9013400,5,0,training_all_mean_TPM,mitochondrial_expression,3,SLC25A4,0.04345926123047315,-0.06847953796386719
bridge,YA,GSE298393:GSM9013400,5,0,training_all_mean_TPM,mitochondrial_expression,4,LDHB,-0.04149863350264804,-0.11919832229614258
bridge,YA,GSE298393:GSM9013400,5,0,training_all_mean_TPM,mitochondrial_expression,5,PDHA1,0.029729663314679022,-0.19719648361206055
bridge,YA,GSE298393:GSM9013400,5,0,training_all_mean_TPM,dna_repair,1,NUDT21,-0.13057024049169377,-0.34326910972595215
bridge,YA,GSE298393:GSM9013400,5,0,training_all_mean_TPM,dna_repair,2,POLR2F,0.05845638572045497,-0.21983861923217773
bridge,YA,GSE298393:GSM9013400,5,0,training_all_mean_TPM,dna_repair,3,DGUOK,-0.04401857346656923,-0.5123519897460938
bridge,YA,GSE298393:GSM9013400,5,0,training_all_mean_TPM,dna_repair,4,RFC2,-0.03444358821429435,-0.27767252922058105
bridge,YA,GSE298393:GSM9013400,5,0,training_all_mean_TPM,dna_repair,5,TAF13,-0.03276138477877654,-0.624985933303833
bridge,YA,GSE298393:GSM9013400,5,0,training_all_mean_TPM,oxidative_stress,1,OXSR1,-0.08219890887868715,-0.39060163497924805
bridge,YA,GSE298393:GSM9013400,5,0,training_all_mean_TPM,oxidative_stress,2,PDLIM1,0.018025350341934036,-0.6783647537231445
bridge,YA,GSE298393:GSM9013400,5,0,training_all_mean_TPM,oxidative_stress,3,SRXN1,0.01658823735157934,-0.4352295398712158
bridge,YA,GSE298393:GSM9013400,5,0,training_all_mean_TPM,oxidative_stress,4,PRDX1,-0.012767196300547942,-0.18829870223999023
bridge,YA,GSE298393:GSM9013400,5,0,training_all_mean_TPM,oxidative_stress,5,SBNO2,0.012373416506495916,-0.5575017929077148
bridge,YA,GSE298393:GSM9013400,5,0,training_all_mean_TPM,inflammatory_signaling,1,CDKN1A,0.1902646112426947,-0.7322115898132324
bridge,YA,GSE298393:GSM9013400,5,0,training_all_mean_TPM,inflammatory_signaling,2,FOS,-0.11115967661888596,-0.9119466543197632
bridge,YA,GSE298393:GSM9013400,5,0,training_all_mean_TPM,inflammatory_signaling,3,FJX1,-0.06976532087772659,-0.15334713459014893
bridge,YA,GSE298393:GSM9013400,5,0,training_all_mean_TPM,inflammatory_signaling,4,ICAM1,-0.06823148985798001,0.32697081565856934
bridge,YA,GSE298393:GSM9013400,5,0,training_all_mean_TPM,inflammatory_signaling,5,DUSP4,0.04536524234462163,-0.4786125421524048
bridge,YA,GSE298393:GSM9013400,5,0,training_all_mean_TPM,proteostasis,1,EIF2S1,0.07572816427267914,-0.5581769943237305
bridge,YA,GSE298393:GSM9013400,5,0,training_all_mean_TPM,proteostasis,2,LSM1,-0.06276610237226411,-0.34226489067077637
bridge,YA,GSE298393:GSM9013400,5,0,training_all_mean_TPM,proteostasis,3,XBP1,-0.05988948480802347,0.22081375122070312
bridge,YA,GSE298393:GSM9013400,5,0,training_all_mean_TPM,proteostasis,4,EXOSC5,0.024991815533105144,-0.5610861778259277
bridge,YA,GSE298393:GSM9013400,5,0,training_all_mean_TPM,proteostasis,5,BAG3,0.02249060886953016,-0.2004227638244629
bridge,YA,GSE298393:GSM9013400,5,0,training_all_mean_TPM,muscle_remodeling,1,TEAD4,0.20081026924352444,-0.24449586868286133
bridge,YA,GSE298393:GSM9013400,5,0,training_all_mean_TPM,muscle_remodeling,2,CDKN1A,0.1902646112426947,-0.7322115898132324
bridge,YA,GSE298393:GSM9013400,5,0,training_all_mean_TPM,muscle_remodeling,3,MYH7,-0.0871884880935438,-0.31902122497558594
bridge,YA,GSE298393:GSM9013400,5,0,training_all_mean_TPM,muscle_remodeling,4,PKIA,-0.08545092432528874,-0.2585310935974121
bridge,YA,GSE298393:GSM9013400,5,0,training_all_mean_TPM,muscle_remodeling,5,ACTC1,-0.07445376144099614,-0.11676597595214844
bridge,YA,GSE298393:GSM9013410,9,1,training_ground_mean_TPM,mitochondrial_expression,1,SLC25A4,-0.16997706471269572,0.27933835983276367
bridge,YA,GSE298393:GSM9013410,9,1,training_ground_mean_TPM,mitochondrial_expression,2,LDHB,0.09694154511363963,0.2583322525024414
bridge,YA,GSE298393:GSM9013410,9,1,training_ground_mean_TPM,mitochondrial_expression,3,DECR1,0.057226712425086576,0.11236333847045898
bridge,YA,GSE298393:GSM9013410,9,1,training_ground_mean_TPM,mitochondrial_expression,4,PDHA1,-0.04490019332342427,0.29262351989746094
bridge,YA,GSE298393:GSM9013410,9,1,training_ground_mean_TPM,mitochondrial_expression,5,SLC25A3,-0.037917961833153505,0.10335826873779297
bridge,YA,GSE298393:GSM9013410,9,1,training_ground_mean_TPM,dna_repair,1,PDE4B,-0.17162431348006857,-2.080491542816162
bridge,YA,GSE298393:GSM9013410,9,1,training_ground_mean_TPM,dna_repair,2,DUT,-0.03953295684283132,0.27889418601989746
bridge,YA,GSE298393:GSM9013410,9,1,training_ground_mean_TPM,dna_repair,3,RFC2,-0.03642820624095682,-0.3126087188720703
bridge,YA,GSE298393:GSM9013410,9,1,training_ground_mean_TPM,dna_repair,4,BCAM,-0.024698578249301866,0.8016748428344727
bridge,YA,GSE298393:GSM9013410,9,1,training_ground_mean_TPM,dna_repair,5,POLE4,0.024678832917918756,-0.4380764961242676
bridge,YA,GSE298393:GSM9013410,9,1,training_ground_mean_TPM,oxidative_stress,1,LSP1,0.03150054923505942,1.5073604583740234
bridge,YA,GSE298393:GSM9013410,9,1,training_ground_mean_TPM,oxidative_stress,2,SRXN1,0.027292941524470354,-0.6817071437835693
bridge,YA,GSE298393:GSM9013410,9,1,training_ground_mean_TPM,oxidative_stress,3,SBNO2,0.025534692475176087,-1.029221773147583
bridge,YA,GSE298393:GSM9013410,9,1,training_ground_mean_TPM,oxidative_stress,4,JUNB,0.01907143855578082,-0.706035852432251
bridge,YA,GSE298393:GSM9013410,9,1,training_ground_mean_TPM,oxidative_stress,5,NDUFS2,-0.01255659642893161,0.23942852020263672
bridge,YA,GSE298393:GSM9013410,9,1,training_ground_mean_TPM,inflammatory_signaling,1,ICAM1,0.17339966117818964,-1.2162184715270996
bridge,YA,GSE298393:GSM9013410,9,1,training_ground_mean_TPM,inflammatory_signaling,2,PDE4B,-0.17162431348006857,-2.080491542816162
bridge,YA,GSE298393:GSM9013410,9,1,training_ground_mean_TPM,inflammatory_signaling,3,CDKN1A,0.08809198468280756,-0.32593250274658203
bridge,YA,GSE298393:GSM9013410,9,1,training_ground_mean_TPM,inflammatory_signaling,4,FJX1,0.08384626546598889,0.18939733505249023
bridge,YA,GSE298393:GSM9013410,9,1,training_ground_mean_TPM,inflammatory_signaling,5,CD44,0.05669133269710895,-0.7816894054412842
bridge,YA,GSE298393:GSM9013410,9,1,training_ground_mean_TPM,proteostasis,1,XBP1,0.07837830252913885,-0.36487531661987305
bridge,YA,GSE298393:GSM9013410,9,1,training_ground_mean_TPM,proteostasis,2,ATF4,-0.04199829184496776,0.25415706634521484
bridge,YA,GSE298393:GSM9013410,9,1,training_ground_mean_TPM,proteostasis,3,CEBPB,0.02936645972851572,-0.41903209686279297
bridge,YA,GSE298393:GSM9013410,9,1,training_ground_mean_TPM,proteostasis,4,BAG3,0.025279442526508884,-0.23804569244384766
bridge,YA,GSE298393:GSM9013410,9,1,training_ground_mean_TPM,proteostasis,5,DNAJA4,-0.01824681789176923,-0.8951592445373535
bridge,YA,GSE298393:GSM9013410,9,1,training_ground_mean_TPM,muscle_remodeling,1,ITGA7,0.3973937244794067,0.8786768913269043
bridge,YA,GSE298393:GSM9013410,9,1,training_ground_mean_TPM,muscle_remodeling,2,MB,-0.22858174073821888,-1.778059482574463
bridge,YA,GSE298393:GSM9013410,9,1,training_ground_mean_TPM,muscle_remodeling,3,MYH7,0.14658095162265442,0.43346071243286133
bridge,YA,GSE298393:GSM9013410,9,1,training_ground_mean_TPM,muscle_remodeling,4,MYOM1,0.1194255104726686,0.37459373474121094
bridge,YA,GSE298393:GSM9013410,9,1,training_ground_mean_TPM,muscle_remodeling,5,TEAD4,-0.1108461868869323,0.1359391212463379
bridge,YA,GSE298393:GSM9013410,9,1,training_all_mean_TPM,mitochondrial_expression,1,LDHB,0.060162741412652695,0.15479087829589844
bridge,YA,GSE298393:GSM9013410,9,1,training_all_mean_TPM,mitochondrial_expression,2,DECR1,0.05392698479794192,0.10626745223999023
bridge,YA,GSE298393:GSM9013410,9,1,training_all_mean_TPM,mitochondrial_expression,3,SLC25A4,-0.04256538091786733,0.06692028045654297
bridge,YA,GSE298393:GSM9013410,9,1,training_all_mean_TPM,mitochondrial_expression,4,POLR2F,0.03398816539131298,-0.12840557098388672
bridge,YA,GSE298393:GSM9013410,9,1,training_all_mean_TPM,mitochondrial_expression,5,PDHA1,-0.02302514919647718,0.14665985107421875
bridge,YA,GSE298393:GSM9013410,9,1,training_all_mean_TPM,dna_repair,1,PDE4B,-0.1348820817010316,-1.5219464302062988
bridge,YA,GSE298393:GSM9013410,9,1,training_all_mean_TPM,dna_repair,2,RFC2,-0.036707107781020494,-0.32100415229797363
bridge,YA,GSE298393:GSM9013410,9,1,training_all_mean_TPM,dna_repair,3,POLR2F,0.03398816539131298,-0.12840557098388672
bridge,YA,GSE298393:GSM9013410,9,1,training_all_mean_TPM,dna_repair,4,POLE4,0.02453954210213636,-0.4426136016845703
bridge,YA,GSE298393:GSM9013410,9,1,training_all_mean_TPM,dna_repair,5,NUDT21,-0.024206335530665504,-0.058286428451538086
bridge,YA,GSE298393:GSM9013410,9,1,training_all_mean_TPM,oxidative_stress,1,SRXN1,0.024875984763518613,-0.5986325740814209
bridge,YA,GSE298393:GSM9013410,9,1,training_all_mean_TPM,oxidative_stress,2,LSP1,0.024227217830774073,1.07194185256958
bridge,YA,GSE298393:GSM9013410,9,1,training_all_mean_TPM,oxidative_stress,3,SBNO2,0.015500720779263923,-0.6901473999023438
bridge,YA,GSE298393:GSM9013410,9,1,training_all_mean_TPM,oxidative_stress,4,OXSR1,-0.012976141503450875,-0.06102490425109863
bridge,YA,GSE298393:GSM9013410,9,1,training_all_mean_TPM,oxidative_stress,5,ERCC2,-0.011142509211483223,0.23526549339294434
bridge,YA,GSE298393:GSM9013410,9,1,training_all_mean_TPM,inflammatory_signaling,1,PDE4B,-0.1348820817010316,-1.5219464302062988
bridge,YA,GSE298393:GSM9013410,9,1,training_all_mean_TPM,inflammatory_signaling,2,CDKN1A,0.13261923869218867,-0.4842262268066406
bridge,YA,GSE298393:GSM9013410,9,1,training_all_mean_TPM,inflammatory_signaling,3,ICAM1,0.08571819404978297,-0.7867076396942139
bridge,YA,GSE298393:GSM9013410,9,1,training_all_mean_TPM,inflammatory_signaling,4,FJX1,0.049064053000944546,0.11216843128204346
bridge,YA,GSE298393:GSM9013410,9,1,training_all_mean_TPM,inflammatory_signaling,5,PTX3,-0.03101523132499873,-0.6463654041290283
bridge,YA,GSE298393:GSM9013410,9,1,training_all_mean_TPM,proteostasis,1,XBP1,0.04012049607259054,-0.21671819686889648
bridge,YA,GSE298393:GSM9013410,9,1,training_all_mean_TPM,proteostasis,2,ATF4,-0.03778076282323254,0.2175593376159668
bridge,YA,GSE298393:GSM9013410,9,1,training_all_mean_TPM,proteostasis,3,CEBPB,0.023519120081236383,-0.3323798179626465
bridge,YA,GSE298393:GSM9013410,9,1,training_all_mean_TPM,proteostasis,4,EIF2S1,0.01665666634364949,-0.12407207489013672
bridge,YA,GSE298393:GSM9013410,9,1,training_all_mean_TPM,proteostasis,5,DNAJB9,0.015721096795802764,-0.5961523056030273
bridge,YA,GSE298393:GSM9013410,9,1,training_all_mean_TPM,muscle_remodeling,1,ITGA7,0.2591612115461966,0.5781464576721191
bridge,YA,GSE298393:GSM9013410,9,1,training_all_mean_TPM,muscle_remodeling,2,MB,-0.15838402612955332,-1.5127182006835938
bridge,YA,GSE298393:GSM9013410,9,1,training_all_mean_TPM,muscle_remodeling,3,CDKN1A,0.13261923869218867,-0.4842262268066406
bridge,YA,GSE298393:GSM9013410,9,1,training_all_mean_TPM,muscle_remodeling,4,MYH7,0.11671250631363544,0.33905792236328125
bridge,YA,GSE298393:GSM9013410,9,1,training_all_mean_TPM,muscle_remodeling,5,MYOM1,0.09972957895842245,0.3216996192932129
bridge,YA,GSE298393:GSM9013411,10,1,training_ground_mean_TPM,mitochondrial_expression,1,SLC25A4,-0.14436699148009235,0.2321009635925293
bridge,YA,GSE298393:GSM9013411,10,1,training_ground_mean_TPM,mitochondrial_expression,2,LDHB,0.08188118081251579,0.22283935546875
bridge,YA,GSE298393:GSM9013411,10,1,training_ground_mean_TPM,mitochondrial_expression,3,POLR2F,0.041896452736166705,-0.16285037994384766
bridge,YA,GSE298393:GSM9013411,10,1,training_ground_mean_TPM,mitochondrial_expression,4,PDHA1,-0.03490607396665869,0.2290654182434082
bridge,YA,GSE298393:GSM9013411,10,1,training_ground_mean_TPM,mitochondrial_expression,5,SLC25A3,-0.031315132059095876,0.0829610824584961
bridge,YA,GSE298393:GSM9013411,10,1,training_ground_mean_TPM,dna_repair,1,PDE4B,-0.1782722635186236,-2.190309762954712
bridge,YA,GSE298393:GSM9013411,10,1,training_ground_mean_TPM,dna_repair,2,DUT,-0.04603574430530078,0.3104708194732666
bridge,YA,GSE298393:GSM9013411,10,1,training_ground_mean_TPM,dna_repair,3,POLR2F,0.041896452736166705,-0.16285037994384766
bridge,YA,GSE298393:GSM9013411,10,1,training_ground_mean_TPM,dna_repair,4,NUDT21,-0.03882833092593019,-0.09038877487182617
bridge,YA,GSE298393:GSM9013411,10,1,training_ground_mean_TPM,dna_repair,5,RFC2,-0.035136107816396575,-0.2855393886566162
bridge,YA,GSE298393:GSM9013411,10,1,training_ground_mean_TPM,oxidative_stress,1,SRXN1,0.02907461503241085,-0.7372336387634277
bridge,YA,GSE298393:GSM9013411,10,1,training_ground_mean_TPM,oxidative_stress,2,LSP1,0.026903387630054846,1.3422927856445312
bridge,YA,GSE298393:GSM9013411,10,1,training_ground_mean_TPM,oxidative_stress,3,SBNO2,0.02646871850912224,-1.0423983335494995
bridge,YA,GSE298393:GSM9013411,10,1,training_ground_mean_TPM,oxidative_stress,4,JUNB,0.025558806089148046,-0.9629569053649902
bridge,YA,GSE298393:GSM9013411,10,1,training_ground_mean_TPM,oxidative_stress,5,NDUFS2,-0.009996648444015401,0.18963336944580078
bridge,YA,GSE298393:GSM9013411,10,1,training_ground_mean_TPM,inflammatory_signaling,1,PDE4B,-0.1782722635186236,-2.190309762954712
bridge,YA,GSE298393:GSM9013411,10,1,training_ground_mean_TPM,inflammatory_signaling,2,ICAM1,0.1719825810623093,-1.1331884860992432
bridge,YA,GSE298393:GSM9013411,10,1,training_ground_mean_TPM,inflammatory_signaling,3,CDKN1A,0.10913474686194882,-0.40053558349609375
bridge,YA,GSE298393:GSM9013411,10,1,training_ground_mean_TPM,inflammatory_signaling,4,FOS,-0.057577939680959984,-0.6548408269882202
bridge,YA,GSE298393:GSM9013411,10,1,training_ground_mean_TPM,inflammatory_signaling,5,CD44,0.05675907493954404,-0.7660825252532959
bridge,YA,GSE298393:GSM9013411,10,1,training_ground_mean_TPM,proteostasis,1,XBP1,0.10298459147253264,-0.5186042785644531
bridge,YA,GSE298393:GSM9013411,10,1,training_ground_mean_TPM,proteostasis,2,EIF2S1,0.026740919452218462,-0.1890721321105957
bridge,YA,GSE298393:GSM9013411,10,1,training_ground_mean_TPM,proteostasis,3,BAG3,0.02556819785751378,-0.23654747009277344
bridge,YA,GSE298393:GSM9013411,10,1,training_ground_mean_TPM,proteostasis,4,CEBPB,0.02488005079468548,-0.35492420196533203
bridge,YA,GSE298393:GSM9013411,10,1,training_ground_mean_TPM,proteostasis,5,STC2,-0.023257490083599525,0.1965348720550537
bridge,YA,GSE298393:GSM9013411,10,1,training_ground_mean_TPM,muscle_remodeling,1,ITGA7,0.381580968457585,0.8315401077270508
bridge,YA,GSE298393:GSM9013411,10,1,training_ground_mean_TPM,muscle_remodeling,2,MB,-0.22649273914021034,-1.700439453125
bridge,YA,GSE298393:GSM9013411,10,1,training_ground_mean_TPM,muscle_remodeling,3,MYOM1,0.1299816299628255,0.3928799629211426
bridge,YA,GSE298393:GSM9013411,10,1,training_ground_mean_TPM,muscle_remodeling,4,MYH7,0.11084296693555493,0.33928966522216797
bridge,YA,GSE298393:GSM9013411,10,1,training_ground_mean_TPM,muscle_remodeling,5,CDKN1A,0.10913474686194882,-0.40053558349609375
bridge,YA,GSE298393:GSM9013411,10,1,training_all_mean_TPM,mitochondrial_expression,1,POLR2F,0.05387803474334417,-0.20784235000610352
bridge,YA,GSE298393:GSM9013411,10,1,training_all_mean_TPM,mitochondrial_expression,2,LDHB,0.04544517672834965,0.11929798126220703
bridge,YA,GSE298393:GSM9013411,10,1,training_all_mean_TPM,mitochondrial_expression,3,ATP6V1D,-0.032043337522129234,-0.05914926528930664
bridge,YA,GSE298393:GSM9013411,10,1,training_all_mean_TPM,mitochondrial_expression,4,PDP1,0.018980768163942147,0.24301409721374512
bridge,YA,GSE298393:GSM9013411,10,1,training_all_mean_TPM,mitochondrial_expression,5,ATP6V0B,0.017193679914913253,-0.27673912048339844
bridge,YA,GSE298393:GSM9013411,10,1,training_all_mean_TPM,dna_repair,1,PDE4B,-0.1418531926383335,-1.6317646503448486
bridge,YA,GSE298393:GSM9013411,10,1,training_all_mean_TPM,dna_repair,2,POLR2F,0.05387803474334417,-0.20784235000610352
bridge,YA,GSE298393:GSM9013411,10,1,training_all_mean_TPM,dna_repair,3,NUDT21,-0.04286200021001523,-0.10303640365600586
bridge,YA,GSE298393:GSM9013411,10,1,training_all_mean_TPM,dna_repair,4,RFC2,-0.035538295249920485,-0.29393482208251953
bridge,YA,GSE298393:GSM9013411,10,1,training_all_mean_TPM,dna_repair,5,POLR2K,0.031550274432523694,-0.2867317199707031
bridge,YA,GSE298393:GSM9013411,10,1,training_all_mean_TPM,oxidative_stress,1,SRXN1,0.02680725242070133,-0.6541590690612793
bridge,YA,GSE298393:GSM9013411,10,1,training_all_mean_TPM,oxidative_stress,2,LSP1,0.019567571360586594,0.9068741798400879
bridge,YA,GSE298393:GSM9013411,10,1,training_all_mean_TPM,oxidative_stress,3,SBNO2,0.016189119579744907,-0.7033239603042603
bridge,YA,GSE298393:GSM9013411,10,1,training_all_mean_TPM,oxidative_stress,4,JUNB,0.015574043420112491,-0.6033587455749512
bridge,YA,GSE298393:GSM9013411,10,1,training_all_mean_TPM,oxidative_stress,5,OXSR1,-0.014501754493272642,-0.06775999069213867
bridge,YA,GSE298393:GSM9013411,10,1,training_all_mean_TPM,inflammatory_signaling,1,CDKN1A,0.1544578928312363,-0.5588293075561523
bridge,YA,GSE298393:GSM9013411,10,1,training_all_mean_TPM,inflammatory_signaling,2,PDE4B,-0.1418531926383335,-1.6317646503448486
bridge,YA,GSE298393:GSM9013411,10,1,training_all_mean_TPM,inflammatory_signaling,3,ICAM1,0.08240479033550036,-0.7036776542663574
bridge,YA,GSE298393:GSM9013411,10,1,training_all_mean_TPM,inflammatory_signaling,4,FOS,-0.039465438485334056,-0.3899635076522827
bridge,YA,GSE298393:GSM9013411,10,1,training_all_mean_TPM,inflammatory_signaling,5,PTX3,-0.03295331850667502,-0.6670258045196533
bridge,YA,GSE298393:GSM9013411,10,1,training_all_mean_TPM,proteostasis,1,XBP1,0.06312893898791647,-0.37044715881347656
bridge,YA,GSE298393:GSM9013411,10,1,training_all_mean_TPM,proteostasis,2,LSM1,-0.04040871750499546,-0.21337294578552246
bridge,YA,GSE298393:GSM9013411,10,1,training_all_mean_TPM,proteostasis,3,EIF2S1,0.0332327081385167,-0.2463550567626953
bridge,YA,GSE298393:GSM9013411,10,1,training_all_mean_TPM,proteostasis,4,ATF4,0.02176880183291555,-0.13850021362304688
bridge,YA,GSE298393:GSM9013411,10,1,training_all_mean_TPM,proteostasis,5,CEBPB,0.019009131294881184,-0.26827192306518555
bridge,YA,GSE298393:GSM9013411,10,1,training_all_mean_TPM,muscle_remodeling,1,ITGA7,0.24166586675362964,0.5310096740722656
bridge,YA,GSE298393:GSM9013411,10,1,training_all_mean_TPM,muscle_remodeling,2,MB,-0.15675906574855486,-1.4350981712341309
bridge,YA,GSE298393:GSM9013411,10,1,training_all_mean_TPM,muscle_remodeling,3,CDKN1A,0.1544578928312363,-0.5588293075561523
bridge,YA,GSE298393:GSM9013411,10,1,training_all_mean_TPM,muscle_remodeling,4,MYOM1,0.10936786164428534,0.33998584747314453
bridge,YA,GSE298393:GSM9013411,10,1,training_all_mean_TPM,muscle_remodeling,5,MYH7,0.08143597089626144,0.2448868751525879
bridge,YA,GSE298393:GSM9013412,11,1,training_ground_mean_TPM,mitochondrial_expression,1,SLC25A4,-0.25337411249118813,0.39571523666381836
bridge,YA,GSE298393:GSM9013412,11,1,training_ground_mean_TPM,mitochondrial_expression,2,LDHB,0.0642499308713958,0.17571020126342773
bridge,YA,GSE298393:GSM9013412,11,1,training_ground_mean_TPM,mitochondrial_expression,3,PDHA1,-0.049519367315770196,0.3195619583129883
bridge,YA,GSE298393:GSM9013412,11,1,training_ground_mean_TPM,mitochondrial_expression,4,DECR1,-0.0457973711344209,-0.09453105926513672
bridge,YA,GSE298393:GSM9013412,11,1,training_ground_mean_TPM,mitochondrial_expression,5,POLR2F,0.03404924830048176,-0.12684392929077148
bridge,YA,GSE298393:GSM9013412,11,1,training_ground_mean_TPM,dna_repair,1,PDE4B,-0.15963021942907438,-1.9103949069976807
bridge,YA,GSE298393:GSM9013412,11,1,training_ground_mean_TPM,dna_repair,2,NUDT21,-0.08191919522748953,-0.2068619728088379
bridge,YA,GSE298393:GSM9013412,11,1,training_ground_mean_TPM,dna_repair,3,DUT,-0.04787357407707534,0.33012986183166504
bridge,YA,GSE298393:GSM9013412,11,1,training_ground_mean_TPM,dna_repair,4,POLR2F,0.03404924830048176,-0.12684392929077148
bridge,YA,GSE298393:GSM9013412,11,1,training_ground_mean_TPM,dna_repair,5,POLE4,0.02558201833785365,-0.4073052406311035
bridge,YA,GSE298393:GSM9013412,11,1,training_ground_mean_TPM,oxidative_stress,1,SRXN1,0.031248856817656073,-0.7876732349395752
bridge,YA,GSE298393:GSM9013412,11,1,training_ground_mean_TPM,oxidative_stress,2,JUNB,0.028531646722322827,-1.0873582363128662
bridge,YA,GSE298393:GSM9013412,11,1,training_ground_mean_TPM,oxidative_stress,3,SBNO2,0.02574919528339154,-1.0188604593276978
bridge,YA,GSE298393:GSM9013412,11,1,training_ground_mean_TPM,oxidative_stress,4,PDLIM1,-0.01697601437907575,0.533998966217041
bridge,YA,GSE298393:GSM9013412,11,1,training_ground_mean_TPM,oxidative_stress,5,LSP1,0.014541183235476167,0.8381247520446777
bridge,YA,GSE298393:GSM9013412,11,1,training_ground_mean_TPM,inflammatory_signaling,1,CDKN1A,0.2056626460059615,-0.750462532043457
bridge,YA,GSE298393:GSM9013412,11,1,training_ground_mean_TPM,inflammatory_signaling,2,ICAM1,0.19114858233361895,-1.2773807048797607
bridge,YA,GSE298393:GSM9013412,11,1,training_ground_mean_TPM,inflammatory_signaling,3,PDE4B,-0.15963021942907438,-1.9103949069976807
bridge,YA,GSE298393:GSM9013412,11,1,training_ground_mean_TPM,inflammatory_signaling,4,IRF1,0.09065340380604314,-0.8425990343093872
bridge,YA,GSE298393:GSM9013412,11,1,training_ground_mean_TPM,inflammatory_signaling,5,CD44,0.05502646586933883,-0.7036867141723633
bridge,YA,GSE298393:GSM9013412,11,1,training_ground_mean_TPM,proteostasis,1,XBP1,0.09779386315449179,-0.4891843795776367
bridge,YA,GSE298393:GSM9013412,11,1,training_ground_mean_TPM,proteostasis,2,BAG3,0.03273079218409285,-0.30115556716918945
bridge,YA,GSE298393:GSM9013412,11,1,training_ground_mean_TPM,proteostasis,3,SHC1,-0.02815719045342701,-0.44720888137817383
bridge,YA,GSE298393:GSM9013412,11,1,training_ground_mean_TPM,proteostasis,4,DNAJA4,-0.027396459882585218,-1.2460548877716064
bridge,YA,GSE298393:GSM9013412,11,1,training_ground_mean_TPM,proteostasis,5,SLC1A4,-0.019309572916611614,-0.29242396354675293
bridge,YA,GSE298393:GSM9013412,11,1,training_ground_mean_TPM,muscle_remodeling,1,ITGA7,0.3200745051089217,0.6877632141113281
bridge,YA,GSE298393:GSM9013412,11,1,training_ground_mean_TPM,muscle_remodeling,2,CDKN1A,0.2056626460059615,-0.750462532043457
bridge,YA,GSE298393:GSM9013412,11,1,training_ground_mean_TPM,muscle_remodeling,3,MB,-0.18721289643988606,-1.0796542167663574
bridge,YA,GSE298393:GSM9013412,11,1,training_ground_mean_TPM,muscle_remodeling,4,ACTC1,-0.13758401126583694,-0.2085418701171875
bridge,YA,GSE298393:GSM9013412,11,1,training_ground_mean_TPM,muscle_remodeling,5,MYOM1,0.1234922658668324,0.3655567169189453
bridge,YA,GSE298393:GSM9013412,11,1,training_all_mean_TPM,mitochondrial_expression,1,SLC25A4,-0.12252186218816359,0.18329715728759766
bridge,YA,GSE298393:GSM9013412,11,1,training_all_mean_TPM,mitochondrial_expression,2,DECR1,-0.04851883012753813,-0.10062694549560547
bridge,YA,GSE298393:GSM9013412,11,1,training_all_mean_TPM,mitochondrial_expression,3,POLR2F,0.04639837632522888,-0.17183589935302734
bridge,YA,GSE298393:GSM9013412,11,1,training_all_mean_TPM,mitochondrial_expression,4,ATP6V1D,-0.04094930829087843,-0.0726933479309082
bridge,YA,GSE298393:GSM9013412,11,1,training_all_mean_TPM,mitochondrial_expression,5,SLC25A3,0.033288093630926864,-0.08263206481933594
bridge,YA,GSE298393:GSM9013412,11,1,training_all_mean_TPM,dna_repair,1,PDE4B,-0.12419591703565083,-1.3518497943878174
bridge,YA,GSE298393:GSM9013412,11,1,training_all_mean_TPM,dna_repair,2,NUDT21,-0.08401196791479197,-0.21950960159301758
bridge,YA,GSE298393:GSM9013412,11,1,training_all_mean_TPM,dna_repair,3,POLR2F,0.04639837632522888,-0.17183589935302734
bridge,YA,GSE298393:GSM9013412,11,1,training_all_mean_TPM,dna_repair,4,DAD1,-0.028404547941627976,-0.2616877555847168
bridge,YA,GSE298393:GSM9013412,11,1,training_all_mean_TPM,dna_repair,5,POLR2K,0.025902171819461296,-0.22392034530639648
bridge,YA,GSE298393:GSM9013412,11,1,training_all_mean_TPM,oxidative_stress,1,OXSR1,-0.029248609566454056,-0.13846421241760254
bridge,YA,GSE298393:GSM9013412,11,1,training_all_mean_TPM,oxidative_stress,2,SRXN1,0.028983074737098487,-0.7045986652374268
bridge,YA,GSE298393:GSM9013412,11,1,training_all_mean_TPM,oxidative_stress,3,JUNB,0.018411079871268166,-0.7277600765228271
bridge,YA,GSE298393:GSM9013412,11,1,training_all_mean_TPM,oxidative_stress,4,SBNO2,0.015608958101549294,-0.6797860860824585
bridge,YA,GSE298393:GSM9013412,11,1,training_all_mean_TPM,oxidative_stress,5,MGST1,0.012172994939826643,-0.21201848983764648
bridge,YA,GSE298393:GSM9013412,11,1,training_all_mean_TPM,inflammatory_signaling,1,CDKN1A,0.25267568788732914,-0.9087562561035156
bridge,YA,GSE298393:GSM9013412,11,1,training_all_mean_TPM,inflammatory_signaling,2,PDE4B,-0.12419591703565083,-1.3518497943878174
bridge,YA,GSE298393:GSM9013412,11,1,training_all_mean_TPM,inflammatory_signaling,3,ICAM1,0.09744178435857574,-0.847869873046875
bridge,YA,GSE298393:GSM9013412,11,1,training_all_mean_TPM,inflammatory_signaling,4,IRF1,0.08720581197397313,-0.7102274894714355
bridge,YA,GSE298393:GSM9013412,11,1,training_all_mean_TPM,inflammatory_signaling,5,FJX1,-0.04785811583412297,-0.10592162609100342
bridge,YA,GSE298393:GSM9013412,11,1,training_all_mean_TPM,proteostasis,1,XBP1,0.058461149708594284,-0.34102725982666016
bridge,YA,GSE298393:GSM9013412,11,1,training_all_mean_TPM,proteostasis,2,LSM1,-0.027978569954459444,-0.14569401741027832
bridge,YA,GSE298393:GSM9013412,11,1,training_all_mean_TPM,proteostasis,3,EIF2S1,0.022976335601401075,-0.16938304901123047
bridge,YA,GSE298393:GSM9013412,11,1,training_all_mean_TPM,proteostasis,4,SHC1,-0.020737168046848796,-0.33694887161254883
bridge,YA,GSE298393:GSM9013412,11,1,training_all_mean_TPM,proteostasis,5,BAG3,0.020519406627199293,-0.1952214241027832
bridge,YA,GSE298393:GSM9013412,11,1,training_all_mean_TPM,muscle_remodeling,1,CDKN1A,0.25267568788732914,-0.9087562561035156
bridge,YA,GSE298393:GSM9013412,11,1,training_all_mean_TPM,muscle_remodeling,2,ITGA7,0.18003360145252137,0.38723278045654297
bridge,YA,GSE298393:GSM9013412,11,1,training_all_mean_TPM,muscle_remodeling,3,ACTC1,-0.17561772523461197,-0.2692289352416992
bridge,YA,GSE298393:GSM9013412,11,1,training_all_mean_TPM,muscle_remodeling,4,MB,-0.12007227611631022,-0.8143129348754883
bridge,YA,GSE298393:GSM9013412,11,1,training_all_mean_TPM,muscle_remodeling,5,MYOM1,0.10289596286391821,0.31266260147094727
bridge,OS,GSE298393:GSM9013395,0,0,training_ground_mean_TPM,mitochondrial_expression,1,ATP6V1D,0.03453254952940562,0.09297800064086914
bridge,OS,GSE298393:GSM9013395,0,0,training_ground_mean_TPM,mitochondrial_expression,2,SLC25A4,0.027402434652919673,-0.06576728820800781
bridge,OS,GSE298393:GSM9013395,0,0,training_ground_mean_TPM,mitochondrial_expression,3,PDHX,0.022984144425305747,0.2859158515930176
bridge,OS,GSE298393:GSM9013395,0,0,training_ground_mean_TPM,mitochondrial_expression,4,IDH3A,0.021849113737752623,0.5886132717132568
bridge,OS,GSE298393:GSM9013395,0,0,training_ground_mean_TPM,mitochondrial_expression,5,LDHB,0.02089457624516977,0.06975317001342773
bridge,OS,GSE298393:GSM9013395,0,0,training_ground_mean_TPM,dna_repair,1,PDE4B,0.14330096323897246,1.5621974468231201
bridge,OS,GSE298393:GSM9013395,0,0,training_ground_mean_TPM,dna_repair,2,NUDT21,0.040254131081525986,0.1575028896331787
bridge,OS,GSE298393:GSM9013395,0,0,training_ground_mean_TPM,dna_repair,3,RFC2,0.035487936529907504,0.32570314407348633
bridge,OS,GSE298393:GSM9013395,0,0,training_ground_mean_TPM,dna_repair,4,DGUOK,0.025921811091591074,0.38416147232055664
bridge,OS,GSE298393:GSM9013395,0,0,training_ground_mean_TPM,dna_repair,5,TAF13,0.02148383545443099,0.394228458404541
bridge,OS,GSE298393:GSM9013395,0,0,training_ground_mean_TPM,oxidative_stress,1,OXSR1,0.07269687762280855,0.4119400978088379
bridge,OS,GSE298393:GSM9013395,0,0,training_ground_mean_TPM,oxidative_stress,2,SBNO2,-0.017355383043738504,1.290368914604187
bridge,OS,GSE298393:GSM9013395,0,0,training_ground_mean_TPM,oxidative_stress,3,JUNB,-0.013618053532337523,1.1950092315673828
bridge,OS,GSE298393:GSM9013395,0,0,training_ground_mean_TPM,oxidative_stress,4,PTPA,0.007533082290632058,0.2658076286315918
bridge,OS,GSE298393:GSM9013395,0,0,training_ground_mean_TPM,oxidative_stress,5,TXNRD1,-0.0065537216285131835,0.37763166427612305
bridge,OS,GSE298393:GSM9013395,0,0,training_ground_mean_TPM,inflammatory_signaling,1,CDKN1A,-0.15325033121335885,0.6422724723815918
bridge,OS,GSE298393:GSM9013395,0,0,training_ground_mean_TPM,inflammatory_signaling,2,PDE4B,0.14330096323897246,1.5621974468231201
bridge,OS,GSE298393:GSM9013395,0,0,training_ground_mean_TPM,inflammatory_signaling,3,FOS,0.12664069524361135,1.9869693517684937
bridge,OS,GSE298393:GSM9013395,0,0,training_ground_mean_TPM,inflammatory_signaling,4,NAMPT,0.06981977241451552,1.2669711112976074
bridge,OS,GSE298393:GSM9013395,0,0,training_ground_mean_TPM,inflammatory_signaling,5,SERPINE1,-0.0629072059148171,1.7456355094909668
bridge,OS,GSE298393:GSM9013395,0,0,training_ground_mean_TPM,proteostasis,1,EIF2S1,-0.04939181743371703,0.5880780220031738
bridge,OS,GSE298393:GSM9013395,0,0,training_ground_mean_TPM,proteostasis,2,BAG3,-0.02849667530155449,0.3849024772644043
bridge,OS,GSE298393:GSM9013395,0,0,training_ground_mean_TPM,proteostasis,3,SHC1,0.01738962663764066,0.3413724899291992
bridge,OS,GSE298393:GSM9013395,0,0,training_ground_mean_TPM,proteostasis,4,ATF4,0.01702505660964462,-0.18261241912841797
bridge,OS,GSE298393:GSM9013395,0,0,training_ground_mean_TPM,proteostasis,5,DNAJA4,0.015549201982146417,0.4242980480194092
bridge,OS,GSE298393:GSM9013395,0,0,training_ground_mean_TPM,muscle_remodeling,1,TEAD4,-0.22080911937755,0.32813596725463867
bridge,OS,GSE298393:GSM9013395,0,0,training_ground_mean_TPM,muscle_remodeling,2,MYL1,-0.19652868530770357,-0.22358322143554688
bridge,OS,GSE298393:GSM9013395,0,0,training_ground_mean_TPM,muscle_remodeling,3,CDKN1A,-0.15325033121335885,0.6422724723815918
bridge,OS,GSE298393:GSM9013395,0,0,training_ground_mean_TPM,muscle_remodeling,4,MB,0.14705882232449025,0.7929096221923828
bridge,OS,GSE298393:GSM9013395,0,0,training_ground_mean_TPM,muscle_remodeling,5,ACTC1,0.12544595622390028,0.27613353729248047
bridge,OS,GSE298393:GSM9013395,0,0,training_all_mean_TPM,mitochondrial_expression,1,SLC25A4,0.07515545219634082,-0.1778717041015625
bridge,OS,GSE298393:GSM9013395,0,0,training_all_mean_TPM,mitochondrial_expression,2,DECR1,-0.028365526553021048,-0.07031679153442383
bridge,OS,GSE298393:GSM9013395,0,0,training_all_mean_TPM,mitochondrial_expression,3,LDHB,-0.023672962078547827,-0.0742344856262207
bridge,OS,GSE298393:GSM9013395,0,0,training_all_mean_TPM,mitochondrial_expression,4,IDH3A,0.014761367915349865,0.3880453109741211
bridge,OS,GSE298393:GSM9013395,0,0,training_all_mean_TPM,mitochondrial_expression,5,ATP6V1D,-0.014191363754630596,-0.03760719299316406
bridge,OS,GSE298393:GSM9013395,0,0,training_all_mean_TPM,dna_repair,1,PDE4B,0.18530852111788515,1.901353359222412
bridge,OS,GSE298393:GSM9013395,0,0,training_all_mean_TPM,dna_repair,2,RFC2,0.03365657981745491,0.31698012351989746
bridge,OS,GSE298393:GSM9013395,0,0,training_all_mean_TPM,dna_repair,3,DUT,0.017335669884581115,-0.1753530502319336
bridge,OS,GSE298393:GSM9013395,0,0,training_all_mean_TPM,dna_repair,4,POLB,-0.014945245260336769,0.2854745388031006
bridge,OS,GSE298393:GSM9013395,0,0,training_all_mean_TPM,dna_repair,5,NELFCD,-0.011108149291043536,0.2547636032104492
bridge,OS,GSE298393:GSM9013395,0,0,training_all_mean_TPM,oxidative_stress,1,OXSR1,0.03264298438893863,0.18116188049316406
bridge,OS,GSE298393:GSM9013395,0,0,training_all_mean_TPM,oxidative_stress,2,SBNO2,-0.017906609299654624,1.2793731689453125
bridge,OS,GSE298393:GSM9013395,0,0,training_all_mean_TPM,oxidative_stress,3,LSP1,-0.014264576405327543,-1.054257869720459
bridge,OS,GSE298393:GSM9013395,0,0,training_all_mean_TPM,oxidative_stress,4,JUNB,-0.013067635179581549,1.233769416809082
bridge,OS,GSE298393:GSM9013395,0,0,training_all_mean_TPM,oxidative_stress,5,PTPA,0.0076268149546786885,0.26801538467407227
bridge,OS,GSE298393:GSM9013395,0,0,training_all_mean_TPM,inflammatory_signaling,1,PDE4B,0.18530852111788515,1.901353359222412
bridge,OS,GSE298393:GSM9013395,0,0,training_all_mean_TPM,inflammatory_signaling,2,CDKN1A,-0.13105855050626333,0.5383343696594238
bridge,OS,GSE298393:GSM9013395,0,0,training_all_mean_TPM,inflammatory_signaling,3,ICAM1,-0.10872629625586122,0.6303584575653076
bridge,OS,GSE298393:GSM9013395,0,0,training_all_mean_TPM,inflammatory_signaling,4,NAMPT,0.06529019084410637,1.2481279373168945
bridge,OS,GSE298393:GSM9013395,0,0,training_all_mean_TPM,inflammatory_signaling,5,FOS,0.06122935747670738,1.4119505882263184
bridge,OS,GSE298393:GSM9013395,0,0,training_all_mean_TPM,proteostasis,1,EIF2S1,-0.026104097698722392,0.31072521209716797
bridge,OS,GSE298393:GSM9013395,0,0,training_all_mean_TPM,proteostasis,2,DNAJA4,0.021754994017901427,0.6110937595367432
bridge,OS,GSE298393:GSM9013395,0,0,training_all_mean_TPM,proteostasis,3,BAG3,-0.021595065301295954,0.3070712089538574
bridge,OS,GSE298393:GSM9013395,0,0,training_all_mean_TPM,proteostasis,4,XBP1,-0.019194124518711664,0.11809968948364258
bridge,OS,GSE298393:GSM9013395,0,0,training_all_mean_TPM,proteostasis,5,ATF4,0.0189007821473514,-0.18694353103637695
bridge,OS,GSE298393:GSM9013395,0,0,training_all_mean_TPM,muscle_remodeling,1,ITGA7,-0.18330023297190617,-0.5408096313476562
bridge,OS,GSE298393:GSM9013395,0,0,training_all_mean_TPM,muscle_remodeling,2,MB,0.17850008916905355,1.1250972747802734
bridge,OS,GSE298393:GSM9013395,0,0,training_all_mean_TPM,muscle_remodeling,3,MYL1,-0.17670401305486066,-0.20409202575683594
bridge,OS,GSE298393:GSM9013395,0,0,training_all_mean_TPM,muscle_remodeling,4,CDKN1A,-0.13105855050626333,0.5383343696594238
bridge,OS,GSE298393:GSM9013395,0,0,training_all_mean_TPM,muscle_remodeling,5,TEAD4,-0.12310647422461281,0.17296123504638672
bridge,OS,GSE298393:GSM9013396,1,0,training_ground_mean_TPM,mitochondrial_expression,1,ATP6V1D,0.14739839274628302,0.4181694984436035
bridge,OS,GSE298393:GSM9013396,1,0,training_ground_mean_TPM,mitochondrial_expression,2,DECR1,0.0565859074355495,0.1348414421081543
bridge,OS,GSE298393:GSM9013396,1,0,training_ground_mean_TPM,mitochondrial_expression,3,POLR2F,-0.04625533763114313,0.28253936767578125
bridge,OS,GSE298393:GSM9013396,1,0,training_ground_mean_TPM,mitochondrial_expression,4,PDK4,0.03232836921688675,1.5777472257614136
bridge,OS,GSE298393:GSM9013396,1,0,training_ground_mean_TPM,mitochondrial_expression,5,MRPS30,-0.030425497226753258,0.22104978561401367
bridge,OS,GSE298393:GSM9013396,1,0,training_ground_mean_TPM,dna_repair,1,NUDT21,0.16176501758586037,0.5193428993225098
bridge,OS,GSE298393:GSM9013396,1,0,training_ground_mean_TPM,dna_repair,2,PDE4B,0.11475156198069389,1.2642300128936768
bridge,OS,GSE298393:GSM9013396,1,0,training_ground_mean_TPM,dna_repair,3,POLR2F,-0.04625533763114313,0.28253936767578125
bridge,OS,GSE298393:GSM9013396,1,0,training_ground_mean_TPM,dna_repair,4,DGUOK,0.038084180782953676,0.5508089065551758
bridge,OS,GSE298393:GSM9013396,1,0,training_ground_mean_TPM,dna_repair,5,DAD1,0.03333513071263375,0.3170433044433594
bridge,OS,GSE298393:GSM9013396,1,0,training_ground_mean_TPM,oxidative_stress,1,OXSR1,0.10435379554754802,0.5936944484710693
bridge,OS,GSE298393:GSM9013396,1,0,training_ground_mean_TPM,oxidative_stress,2,SRXN1,-0.02398138534719939,1.1789271831512451
bridge,OS,GSE298393:GSM9013396,1,0,training_ground_mean_TPM,oxidative_stress,3,SBNO2,-0.015445778376786082,1.2008789777755737
bridge,OS,GSE298393:GSM9013396,1,0,training_ground_mean_TPM,oxidative_stress,4,GCLM,0.010651580190233817,0.5562407970428467
bridge,OS,GSE298393:GSM9013396,1,0,training_ground_mean_TPM,oxidative_stress,5,TXNRD1,-0.010538950202952245,0.5987248420715332
bridge,OS,GSE298393:GSM9013396,1,0,training_ground_mean_TPM,inflammatory_signaling,1,CDKN1A,-0.20577884155737733,0.8961672782897949
bridge,OS,GSE298393:GSM9013396,1,0,training_ground_mean_TPM,inflammatory_signaling,2,ICAM1,-0.1340799370908628,0.6301250457763672
bridge,OS,GSE298393:GSM9013396,1,0,training_ground_mean_TPM,inflammatory_signaling,3,PDE4B,0.11475156198069389,1.2642300128936768
bridge,OS,GSE298393:GSM9013396,1,0,training_ground_mean_TPM,inflammatory_signaling,4,NAMPT,0.06254671299721676,1.1838335990905762
bridge,OS,GSE298393:GSM9013396,1,0,training_ground_mean_TPM,inflammatory_signaling,5,FOS,0.05763202679450303,0.49108564853668213
bridge,OS,GSE298393:GSM9013396,1,0,training_ground_mean_TPM,proteostasis,1,XBP1,-0.09857629421077894,0.386868953704834
bridge,OS,GSE298393:GSM9013396,1,0,training_ground_mean_TPM,proteostasis,2,EIF2S1,-0.063033315698377,0.7470564842224121
bridge,OS,GSE298393:GSM9013396,1,0,training_ground_mean_TPM,proteostasis,3,BAG3,-0.046642156611720234,0.6530251502990723
bridge,OS,GSE298393:GSM9013396,1,0,training_ground_mean_TPM,proteostasis,4,DNAJA4,0.03418731064091169,0.8794653415679932
bridge,OS,GSE298393:GSM9013396,1,0,training_ground_mean_TPM,proteostasis,5,NOP56,-0.03058071810651357,0.45603346824645996
bridge,OS,GSE298393:GSM9013396,1,0,training_ground_mean_TPM,muscle_remodeling,1,CDKN1A,-0.20577884155737733,0.8961672782897949
bridge,OS,GSE298393:GSM9013396,1,0,training_ground_mean_TPM,muscle_remodeling,2,TEAD4,-0.09898481423204536,0.17611360549926758
bridge,OS,GSE298393:GSM9013396,1,0,training_ground_mean_TPM,muscle_remodeling,3,PKIA,0.06555242701184344,0.23206472396850586
bridge,OS,GSE298393:GSM9013396,1,0,training_ground_mean_TPM,muscle_remodeling,4,ITGA7,-0.05708229257746702,-0.17499160766601562
bridge,OS,GSE298393:GSM9013396,1,0,training_ground_mean_TPM,muscle_remodeling,5,MYL1,-0.05536886271196202,-0.058650970458984375
bridge,OS,GSE298393:GSM9013396,1,0,training_all_mean_TPM,mitochondrial_expression,1,ATP6V1D,0.10302412675963259,0.2875843048095703
bridge,OS,GSE298393:GSM9013396,1,0,training_all_mean_TPM,mitochondrial_expression,2,SLC25A4,0.056869877571991245,-0.14477109909057617
bridge,OS,GSE298393:GSM9013396,1,0,training_all_mean_TPM,mitochondrial_expression,3,LDHB,-0.049234758241185055,-0.16468143463134766
bridge,OS,GSE298393:GSM9013396,1,0,training_all_mean_TPM,mitochondrial_expression,4,DECR1,0.04677496099866223,0.11324071884155273
bridge,OS,GSE298393:GSM9013396,1,0,training_all_mean_TPM,mitochondrial_expression,5,POLR2F,-0.038508017852742875,0.2379741668701172
bridge,OS,GSE298393:GSM9013396,1,0,training_all_mean_TPM,dna_repair,1,PDE4B,0.15517441625650252,1.6033859252929688
bridge,OS,GSE298393:GSM9013396,1,0,training_all_mean_TPM,dna_repair,2,NUDT21,0.11860204555959365,0.36982059478759766
bridge,OS,GSE298393:GSM9013396,1,0,training_all_mean_TPM,dna_repair,3,POLR2F,-0.038508017852742875,0.2379741668701172
bridge,OS,GSE298393:GSM9013396,1,0,training_all_mean_TPM,dna_repair,4,POLE4,-0.03345567918012023,0.6275982856750488
bridge,OS,GSE298393:GSM9013396,1,0,training_all_mean_TPM,dna_repair,5,DAD1,0.029194104676442966,0.28417062759399414
bridge,OS,GSE298393:GSM9013396,1,0,training_all_mean_TPM,oxidative_stress,1,OXSR1,0.06504760545233819,0.3629162311553955
bridge,OS,GSE298393:GSM9013396,1,0,training_all_mean_TPM,oxidative_stress,2,SRXN1,-0.02717582034239494,1.2443501949310303
bridge,OS,GSE298393:GSM9013396,1,0,training_all_mean_TPM,oxidative_stress,3,SBNO2,-0.015996324405973622,1.1898832321166992
bridge,OS,GSE298393:GSM9013396,1,0,training_all_mean_TPM,oxidative_stress,4,LSP1,-0.012020998277619143,-0.829556941986084
bridge,OS,GSE298393:GSM9013396,1,0,training_all_mean_TPM,oxidative_stress,5,GCLM,0.01038073752940854,0.5877549648284912
bridge,OS,GSE298393:GSM9013396,1,0,training_all_mean_TPM,inflammatory_signaling,1,CDKN1A,-0.18545780134084608,0.792229175567627
bridge,OS,GSE298393:GSM9013396,1,0,training_all_mean_TPM,inflammatory_signaling,2,ICAM1,-0.17577667992217447,0.9843442440032959
bridge,OS,GSE298393:GSM9013396,1,0,training_all_mean_TPM,inflammatory_signaling,3,PDE4B,0.15517441625650252,1.6033859252929688
bridge,OS,GSE298393:GSM9013396,1,0,training_all_mean_TPM,inflammatory_signaling,4,NAMPT,0.05821888005935248,1.1649904251098633
bridge,OS,GSE298393:GSM9013396,1,0,training_all_mean_TPM,inflammatory_signaling,5,CD44,-0.04859504538408799,0.8703858852386475
bridge,OS,GSE298393:GSM9013396,1,0,training_all_mean_TPM,proteostasis,1,XBP1,-0.1220191731704135,0.5665116310119629
bridge,OS,GSE298393:GSM9013396,1,0,training_all_mean_TPM,proteostasis,2,DNAJA4,0.040066193053986246,1.0662610530853271
bridge,OS,GSE298393:GSM9013396,1,0,training_all_mean_TPM,proteostasis,3,EIF2S1,-0.03964118417778878,0.46970367431640625
bridge,OS,GSE298393:GSM9013396,1,0,training_all_mean_TPM,proteostasis,4,BAG3,-0.038914696644013924,0.5751938819885254
bridge,OS,GSE298393:GSM9013396,1,0,training_all_mean_TPM,proteostasis,5,NOP56,-0.027417071011676248,0.4261658191680908
bridge,OS,GSE298393:GSM9013396,1,0,training_all_mean_TPM,muscle_remodeling,1,CDKN1A,-0.18545780134084608,0.792229175567627
bridge,OS,GSE298393:GSM9013396,1,0,training_all_mean_TPM,muscle_remodeling,2,ITGA7,-0.1655830998775399,-0.5050053596496582
bridge,OS,GSE298393:GSM9013396,1,0,training_all_mean_TPM,muscle_remodeling,3,MB,0.08522529618547706,0.6821622848510742
bridge,OS,GSE298393:GSM9013396,1,0,training_all_mean_TPM,muscle_remodeling,4,SORBS3,0.06355395184939308,0.47467827796936035
bridge,OS,GSE298393:GSM9013396,1,0,training_all_mean_TPM,muscle_remodeling,5,MYOM1,-0.06187954284212696,-0.23398828506469727
bridge,OS,GSE298393:GSM9013397,2,0,training_ground_mean_TPM,mitochondrial_expression,1,ATP6V1D,0.09065383512872947,0.24725914001464844
bridge,OS,GSE298393:GSM9013397,2,0,training_ground_mean_TPM,mitochondrial_expression,2,SLC25A4,0.07377904332523182,-0.1833810806274414
bridge,OS,GSE298393:GSM9013397,2,0,training_ground_mean_TPM,mitochondrial_expression,3,POLR2F,-0.04387113702135911,0.25823259353637695
bridge,OS,GSE298393:GSM9013397,2,0,training_ground_mean_TPM,mitochondrial_expression,4,LDHB,0.030498848743168872,0.09802055358886719
bridge,OS,GSE298393:GSM9013397,2,0,training_ground_mean_TPM,mitochondrial_expression,5,NDUFAB1,-0.017290640894681387,-0.1993265151977539
bridge,OS,GSE298393:GSM9013397,2,0,training_ground_mean_TPM,dna_repair,1,NUDT21,0.14479161910099694,0.4615006446838379
bridge,OS,GSE298393:GSM9013397,2,0,training_ground_mean_TPM,dna_repair,2,PDE4B,0.054288993665238795,0.48566603660583496
bridge,OS,GSE298393:GSM9013397,2,0,training_ground_mean_TPM,dna_repair,3,POLR2F,-0.04387113702135911,0.25823259353637695
bridge,OS,GSE298393:GSM9013397,2,0,training_ground_mean_TPM,dna_repair,4,RFC2,0.030696912440014816,0.28568577766418457
bridge,OS,GSE298393:GSM9013397,2,0,training_ground_mean_TPM,dna_repair,5,SF3A3,0.01962994680306544,0.779111385345459
bridge,OS,GSE298393:GSM9013397,2,0,training_ground_mean_TPM,oxidative_stress,1,OXSR1,0.04702920265968785,0.2727649211883545
bridge,OS,GSE298393:GSM9013397,2,0,training_ground_mean_TPM,oxidative_stress,2,GCLM,0.010269787070571098,0.5054786205291748
bridge,OS,GSE298393:GSM9013397,2,0,training_ground_mean_TPM,oxidative_stress,3,PRDX1,0.007596636576893575,0.1449260711669922
bridge,OS,GSE298393:GSM9013397,2,0,training_ground_mean_TPM,oxidative_stress,4,PRDX4,-0.0062572314102378925,0.3424859046936035
bridge,OS,GSE298393:GSM9013397,2,0,training_ground_mean_TPM,oxidative_stress,5,JUNB,-0.005612368359759459,0.4098658561706543
bridge,OS,GSE298393:GSM9013397,2,0,training_ground_mean_TPM,inflammatory_signaling,1,CDKN1A,-0.10396711158386258,0.42863893508911133
bridge,OS,GSE298393:GSM9013397,2,0,training_ground_mean_TPM,inflammatory_signaling,2,PDE4B,0.054288993665238795,0.48566603660583496
bridge,OS,GSE298393:GSM9013397,2,0,training_ground_mean_TPM,inflammatory_signaling,3,EHD1,0.02901200559691047,0.22310185432434082
bridge,OS,GSE298393:GSM9013397,2,0,training_ground_mean_TPM,inflammatory_signaling,4,ICAM1,0.028443298016566455,-0.16075873374938965
bridge,OS,GSE298393:GSM9013397,2,0,training_ground_mean_TPM,inflammatory_signaling,5,TGIF1,-0.026795257487702565,0.3743436336517334
bridge,OS,GSE298393:GSM9013397,2,0,training_ground_mean_TPM,proteostasis,1,XBP1,0.04617889662481373,-0.2720928192138672
bridge,OS,GSE298393:GSM9013397,2,0,training_ground_mean_TPM,proteostasis,2,EIF2S1,-0.0430407747247929,0.4954190254211426
bridge,OS,GSE298393:GSM9013397,2,0,training_ground_mean_TPM,proteostasis,3,EXOSC5,-0.029307857817698575,0.6694145202636719
bridge,OS,GSE298393:GSM9013397,2,0,training_ground_mean_TPM,proteostasis,4,NOP56,-0.01863537431154761,0.26970982551574707
bridge,OS,GSE298393:GSM9013397,2,0,training_ground_mean_TPM,proteostasis,5,SHC1,0.016377644009994443,0.3220348358154297
bridge,OS,GSE298393:GSM9013397,2,0,training_ground_mean_TPM,muscle_remodeling,1,MYL1,-0.13892935454001631,-0.1641979217529297
bridge,OS,GSE298393:GSM9013397,2,0,training_ground_mean_TPM,muscle_remodeling,2,MB,0.1276189378396052,0.7083854675292969
bridge,OS,GSE298393:GSM9013397,2,0,training_ground_mean_TPM,muscle_remodeling,3,MYH7,0.12283923637374135,0.5704474449157715
bridge,OS,GSE298393:GSM9013397,2,0,training_ground_mean_TPM,muscle_remodeling,4,CDKN1A,-0.10396711158386258,0.42863893508911133
bridge,OS,GSE298393:GSM9013397,2,0,training_ground_mean_TPM,muscle_remodeling,5,ITGA7,-0.09739640544482032,-0.2923574447631836
bridge,OS,GSE298393:GSM9013397,2,0,training_all_mean_TPM,mitochondrial_expression,1,SLC25A4,0.12036898816188234,-0.2954854965209961
bridge,OS,GSE298393:GSM9013397,2,0,training_all_mean_TPM,mitochondrial_expression,2,ATP6V1D,0.04348156869877391,0.11667394638061523
bridge,OS,GSE298393:GSM9013397,2,0,training_all_mean_TPM,mitochondrial_expression,3,POLR2F,-0.03577458403192477,0.2136673927307129
bridge,OS,GSE298393:GSM9013397,2,0,training_all_mean_TPM,mitochondrial_expression,4,NDUFAB1,-0.025821826483118336,-0.30058908462524414
bridge,OS,GSE298393:GSM9013397,2,0,training_all_mean_TPM,mitochondrial_expression,5,PDHA1,0.01820270823608101,-0.16539239883422852
bridge,OS,GSE298393:GSM9013397,2,0,training_all_mean_TPM,dna_repair,1,NUDT21,0.10090465359807248,0.3119783401489258
bridge,OS,GSE298393:GSM9013397,2,0,training_all_mean_TPM,dna_repair,2,PDE4B,0.09253515255415166,0.824821949005127
bridge,OS,GSE298393:GSM9013397,2,0,training_all_mean_TPM,dna_repair,3,POLR2F,-0.03577458403192477,0.2136673927307129
bridge,OS,GSE298393:GSM9013397,2,0,training_all_mean_TPM,dna_repair,4,RFC2,0.029017676705436448,0.2769627571105957
bridge,OS,GSE298393:GSM9013397,2,0,training_all_mean_TPM,dna_repair,5,DUT,0.017039062376205047,-0.16438817977905273
bridge,OS,GSE298393:GSM9013397,2,0,training_all_mean_TPM,oxidative_stress,1,GCLM,0.010186572019687031,0.5369927883148193
bridge,OS,GSE298393:GSM9013397,2,0,training_all_mean_TPM,oxidative_stress,2,LSP1,-0.010176146124152057,-0.6829147338867188
bridge,OS,GSE298393:GSM9013397,2,0,training_all_mean_TPM,oxidative_stress,3,OXSR1,0.007436320972939659,0.041986703872680664
bridge,OS,GSE298393:GSM9013397,2,0,training_all_mean_TPM,oxidative_stress,4,PRDX4,-0.005894809197292479,0.33304691314697266
bridge,OS,GSE298393:GSM9013397,2,0,training_all_mean_TPM,oxidative_stress,5,JUNB,-0.005726665612323479,0.4486260414123535
bridge,OS,GSE298393:GSM9013397,2,0,training_all_mean_TPM,inflammatory_signaling,1,PDE4B,0.09253515255415166,0.824821949005127
bridge,OS,GSE298393:GSM9013397,2,0,training_all_mean_TPM,inflammatory_signaling,2,CDKN1A,-0.08047414257899702,0.32470083236694336
bridge,OS,GSE298393:GSM9013397,2,0,training_all_mean_TPM,inflammatory_signaling,3,FOS,-0.0406491991589634,-0.3656802177429199
bridge,OS,GSE298393:GSM9013397,2,0,training_all_mean_TPM,inflammatory_signaling,4,ICAM1,-0.027481507411907455,0.19346046447753906
bridge,OS,GSE298393:GSM9013397,2,0,training_all_mean_TPM,inflammatory_signaling,5,FJX1,-0.02301503132503531,-0.06632614135742188
bridge,OS,GSE298393:GSM9013397,2,0,training_all_mean_TPM,proteostasis,1,EXOSC5,-0.02213992384426626,0.47486066818237305
bridge,OS,GSE298393:GSM9013397,2,0,training_all_mean_TPM,proteostasis,2,EIF2S1,-0.01893811620904726,0.21806621551513672
bridge,OS,GSE298393:GSM9013397,2,0,training_all_mean_TPM,proteostasis,3,DNAJA4,0.016773014899255236,0.48631858825683594
bridge,OS,GSE298393:GSM9013397,2,0,training_all_mean_TPM,proteostasis,4,NOP56,-0.01588034536397102,0.23984217643737793
bridge,OS,GSE298393:GSM9013397,2,0,training_all_mean_TPM,proteostasis,5,SHC1,0.014179254192707384,0.285785436630249
bridge,OS,GSE298393:GSM9013397,2,0,training_all_mean_TPM,muscle_remodeling,1,ITGA7,-0.20922318284189007,-0.6223711967468262
bridge,OS,GSE298393:GSM9013397,2,0,training_all_mean_TPM,muscle_remodeling,2,MB,0.15993624169751067,1.0405731201171875
bridge,OS,GSE298393:GSM9013397,2,0,training_all_mean_TPM,muscle_remodeling,3,MYL1,-0.1209709172484735,-0.14470672607421875
bridge,OS,GSE298393:GSM9013397,2,0,training_all_mean_TPM,muscle_remodeling,4,CDKN1A,-0.08047414257899702,0.32470083236694336
bridge,OS,GSE298393:GSM9013397,2,0,training_all_mean_TPM,muscle_remodeling,5,MYOM1,-0.06582810631662658,-0.23902654647827148
bridge,OS,GSE298393:GSM9013404,6,1,training_ground_mean_TPM,mitochondrial_expression,1,SLC25A4,-0.11843389537342247,0.2695169448852539
bridge,OS,GSE298393:GSM9013404,6,1,training_ground_mean_TPM,mitochondrial_expression,2,ATP6V1D,0.11390365337615385,0.2932162284851074
bridge,OS,GSE298393:GSM9013404,6,1,training_ground_mean_TPM,mitochondrial_expression,3,LDHB,0.08436581989105107,0.26299381256103516
bridge,OS,GSE298393:GSM9013404,6,1,training_ground_mean_TPM,mitochondrial_expression,4,PDHA1,-0.051180324096840674,0.4467759132385254
bridge,OS,GSE298393:GSM9013404,6,1,training_ground_mean_TPM,mitochondrial_expression,5,SLC25A3,-0.04295517257011643,0.2177281379699707
bridge,OS,GSE298393:GSM9013404,6,1,training_ground_mean_TPM,dna_repair,1,NUDT21,0.07161495720534919,0.2789173126220703
bridge,OS,GSE298393:GSM9013404,6,1,training_ground_mean_TPM,dna_repair,2,PDE4B,-0.06950327027806234,-0.7407064437866211
bridge,OS,GSE298393:GSM9013404,6,1,training_ground_mean_TPM,dna_repair,3,POLR2K,-0.054376599840097836,0.587822675704956
bridge,OS,GSE298393:GSM9013404,6,1,training_ground_mean_TPM,dna_repair,4,DGUOK,0.0389429065896583,0.5354750156402588
bridge,OS,GSE298393:GSM9013404,6,1,training_ground_mean_TPM,dna_repair,5,DUT,-0.03400505596913435,0.30725955963134766
bridge,OS,GSE298393:GSM9013404,6,1,training_ground_mean_TPM,oxidative_stress,1,OXSR1,0.10874196281450357,0.5986299514770508
bridge,OS,GSE298393:GSM9013404,6,1,training_ground_mean_TPM,oxidative_stress,2,PDLIM1,-0.016836170365461263,1.1037828922271729
bridge,OS,GSE298393:GSM9013404,6,1,training_ground_mean_TPM,oxidative_stress,3,PRDX1,0.016294991010193174,0.3300132751464844
bridge,OS,GSE298393:GSM9013404,6,1,training_ground_mean_TPM,oxidative_stress,4,MGST1,-0.014306860174431762,0.26977014541625977
bridge,OS,GSE298393:GSM9013404,6,1,training_ground_mean_TPM,oxidative_stress,5,TXNRD1,-0.011519084159187986,0.7398247718811035
bridge,OS,GSE298393:GSM9013404,6,1,training_ground_mean_TPM,inflammatory_signaling,1,CDKN1A,-0.22520175250550747,0.9201421737670898
bridge,OS,GSE298393:GSM9013404,6,1,training_ground_mean_TPM,inflammatory_signaling,2,ICAM1,0.10970138978071824,-0.8878986835479736
bridge,OS,GSE298393:GSM9013404,6,1,training_ground_mean_TPM,inflammatory_signaling,3,FOS,0.07771838284651165,0.696631908416748
bridge,OS,GSE298393:GSM9013404,6,1,training_ground_mean_TPM,inflammatory_signaling,4,PDE4B,-0.06950327027806234,-0.7407064437866211
bridge,OS,GSE298393:GSM9013404,6,1,training_ground_mean_TPM,inflammatory_signaling,5,EHD1,0.06197789621782766,0.4529540538787842
bridge,OS,GSE298393:GSM9013404,6,1,training_ground_mean_TPM,proteostasis,1,EIF2S1,-0.05363618850969648,0.6948471069335938
bridge,OS,GSE298393:GSM9013404,6,1,training_ground_mean_TPM,proteostasis,2,XBP1,0.03193984797324749,-0.19490480422973633
bridge,OS,GSE298393:GSM9013404,6,1,training_ground_mean_TPM,proteostasis,3,LSM1,0.030224764049374048,0.4205174446105957
bridge,OS,GSE298393:GSM9013404,6,1,training_ground_mean_TPM,proteostasis,4,ATF4,0.024262148255258933,-0.24392938613891602
bridge,OS,GSE298393:GSM9013404,6,1,training_ground_mean_TPM,proteostasis,5,NOLC1,0.01950298430709104,0.5462055206298828
bridge,OS,GSE298393:GSM9013404,6,1,training_ground_mean_TPM,muscle_remodeling,1,TEAD4,-0.23834686020344692,0.3183150291442871
bridge,OS,GSE298393:GSM9013404,6,1,training_ground_mean_TPM,muscle_remodeling,2,CDKN1A,-0.22520175250550747,0.9201421737670898
bridge,OS,GSE298393:GSM9013404,6,1,training_ground_mean_TPM,muscle_remodeling,3,MYH7,0.20695305500342484,0.8802599906921387
bridge,OS,GSE298393:GSM9013404,6,1,training_ground_mean_TPM,muscle_remodeling,4,ACTC1,0.1787930717514562,0.40802860260009766
bridge,OS,GSE298393:GSM9013404,6,1,training_ground_mean_TPM,muscle_remodeling,5,ITGA7,0.15304671962566663,0.4559645652770996
bridge,OS,GSE298393:GSM9013404,6,1,training_all_mean_TPM,mitochondrial_expression,1,SLC25A4,-0.07008295217388111,0.15741252899169922
bridge,OS,GSE298393:GSM9013404,6,1,training_all_mean_TPM,mitochondrial_expression,2,ATP6V1D,0.06393687558209585,0.16263103485107422
bridge,OS,GSE298393:GSM9013404,6,1,training_all_mean_TPM,mitochondrial_expression,3,LDHB,0.040484189070090035,0.11900615692138672
bridge,OS,GSE298393:GSM9013404,6,1,training_all_mean_TPM,mitochondrial_expression,4,SLC25A3,-0.036676263494999,0.18621492385864258
bridge,OS,GSE298393:GSM9013404,6,1,training_all_mean_TPM,mitochondrial_expression,5,NDUFAB1,0.030990441469389965,0.33625078201293945
bridge,OS,GSE298393:GSM9013404,6,1,training_all_mean_TPM,dna_repair,1,POLR2K,-0.0457832766952049,0.4927036762237549
bridge,OS,GSE298393:GSM9013404,6,1,training_all_mean_TPM,dna_repair,2,NUDT21,0.03423273769465066,0.1293950080871582
bridge,OS,GSE298393:GSM9013404,6,1,training_all_mean_TPM,dna_repair,3,PDE4B,-0.031769088785225684,-0.4015505313873291
bridge,OS,GSE298393:GSM9013404,6,1,training_all_mean_TPM,dna_repair,4,RFC2,0.027731775258069642,0.2812490463256836
bridge,OS,GSE298393:GSM9013404,6,1,training_all_mean_TPM,dna_repair,5,DAD1,0.024254869678444587,0.2533698081970215
bridge,OS,GSE298393:GSM9013404,6,1,training_all_mean_TPM,oxidative_stress,1,OXSR1,0.06792321136221773,0.36785173416137695
bridge,OS,GSE298393:GSM9013404,6,1,training_all_mean_TPM,oxidative_stress,2,MGST1,-0.013912693434434539,0.2671513557434082
bridge,OS,GSE298393:GSM9013404,6,1,training_all_mean_TPM,oxidative_stress,3,PDLIM1,-0.013014787432305025,0.7431237697601318
bridge,OS,GSE298393:GSM9013404,6,1,training_all_mean_TPM,oxidative_stress,4,PRDX1,0.011146973121989964,0.2296457290649414
bridge,OS,GSE298393:GSM9013404,6,1,training_all_mean_TPM,oxidative_stress,5,SRXN1,-0.00746614555391982,0.2599315643310547
bridge,OS,GSE298393:GSM9013404,6,1,training_all_mean_TPM,inflammatory_signaling,1,CDKN1A,-0.20305910048729728,0.8162040710449219
bridge,OS,GSE298393:GSM9013404,6,1,training_all_mean_TPM,inflammatory_signaling,2,ICAM1,0.04946704808449507,-0.5336794853210449
bridge,OS,GSE298393:GSM9013404,6,1,training_all_mean_TPM,inflammatory_signaling,3,DUSP4,-0.048650112633560734,0.5610964298248291
bridge,OS,GSE298393:GSM9013404,6,1,training_all_mean_TPM,inflammatory_signaling,4,EHD1,0.03862309645486232,0.2787957191467285
bridge,OS,GSE298393:GSM9013404,6,1,training_all_mean_TPM,inflammatory_signaling,5,PDE4B,-0.031769088785225684,-0.4015505313873291
bridge,OS,GSE298393:GSM9013404,6,1,training_all_mean_TPM,proteostasis,1,EIF2S1,-0.032237657027013235,0.4174942970275879
bridge,OS,GSE298393:GSM9013404,6,1,training_all_mean_TPM,proteostasis,2,ATF4,0.026657534280073295,-0.248260498046875
bridge,OS,GSE298393:GSM9013404,6,1,training_all_mean_TPM,proteostasis,3,LSM1,0.02344589468878104,0.317324161529541
bridge,OS,GSE298393:GSM9013404,6,1,training_all_mean_TPM,proteostasis,4,TUBB2A,0.01339458197748837,0.41391968727111816
bridge,OS,GSE298393:GSM9013404,6,1,training_all_mean_TPM,proteostasis,5,PAIP1,0.012014186226798694,0.3569035530090332
bridge,OS,GSE298393:GSM9013404,6,1,training_all_mean_TPM,muscle_remodeling,1,CDKN1A,-0.20305910048729728,0.8162040710449219
bridge,OS,GSE298393:GSM9013404,6,1,training_all_mean_TPM,muscle_remodeling,2,ACTC1,0.14310539671288128,0.3438568115234375
bridge,OS,GSE298393:GSM9013404,6,1,training_all_mean_TPM,muscle_remodeling,3,TEAD4,-0.1277051410598128,0.16314029693603516
bridge,OS,GSE298393:GSM9013404,6,1,training_all_mean_TPM,muscle_remodeling,4,MYH7,0.12000926998815092,0.44182395935058594
bridge,OS,GSE298393:GSM9013404,6,1,training_all_mean_TPM,muscle_remodeling,5,PKIA,0.10643689145011517,0.33914661407470703
bridge,OS,GSE298393:GSM9013405,7,1,training_ground_mean_TPM,mitochondrial_expression,1,ATP6V1D,0.0916923561017633,0.2414536476135254
bridge,OS,GSE298393:GSM9013405,7,1,training_ground_mean_TPM,mitochondrial_expression,2,LDHB,0.06893729176986098,0.22063112258911133
bridge,OS,GSE298393:GSM9013405,7,1,training_ground_mean_TPM,mitochondrial_expression,3,SLC25A4,-0.032380502901450614,0.07615518569946289
bridge,OS,GSE298393:GSM9013405,7,1,training_ground_mean_TPM,mitochondrial_expression,4,MRPS30,-0.030789955356724255,0.2267146110534668
bridge,OS,GSE298393:GSM9013405,7,1,training_ground_mean_TPM,mitochondrial_expression,5,PDHA1,-0.02749604893284093,0.24602890014648438
bridge,OS,GSE298393:GSM9013405,7,1,training_ground_mean_TPM,dna_repair,1,NUDT21,0.09571264672582047,0.34438419342041016
bridge,OS,GSE298393:GSM9013405,7,1,training_ground_mean_TPM,dna_repair,2,PDE4B,-0.06249077787187402,-0.5912342071533203
bridge,OS,GSE298393:GSM9013405,7,1,training_ground_mean_TPM,dna_repair,3,DGUOK,0.02973607465574326,0.43756937980651855
bridge,OS,GSE298393:GSM9013405,7,1,training_ground_mean_TPM,dna_repair,4,POLR2F,-0.02582726699668837,0.16161203384399414
bridge,OS,GSE298393:GSM9013405,7,1,training_ground_mean_TPM,dna_repair,5,TAF13,0.025435166623857863,0.4629058837890625
bridge,OS,GSE298393:GSM9013405,7,1,training_ground_mean_TPM,oxidative_stress,1,OXSR1,0.08419270079140194,0.4900834560394287
bridge,OS,GSE298393:GSM9013405,7,1,training_ground_mean_TPM,oxidative_stress,2,PRDX1,0.01676719078729663,0.32619142532348633
bridge,OS,GSE298393:GSM9013405,7,1,training_ground_mean_TPM,oxidative_stress,3,PDLIM1,-0.013843418081650809,0.9443895816802979
bridge,OS,GSE298393:GSM9013405,7,1,training_ground_mean_TPM,oxidative_stress,4,TXNRD1,-0.010640279961737338,0.6499853134155273
bridge,OS,GSE298393:GSM9013405,7,1,training_ground_mean_TPM,oxidative_stress,5,NDUFS2,-0.010177892968158447,0.24990510940551758
bridge,OS,GSE298393:GSM9013405,7,1,training_ground_mean_TPM,inflammatory_signaling,1,CDKN1A,-0.2579196423968087,1.016744613647461
bridge,OS,GSE298393:GSM9013405,7,1,training_ground_mean_TPM,inflammatory_signaling,2,ICAM1,0.10622827352144391,-0.8059184551239014
bridge,OS,GSE298393:GSM9013405,7,1,training_ground_mean_TPM,inflammatory_signaling,3,DUSP4,-0.10030809024035392,1.096914529800415
bridge,OS,GSE298393:GSM9013405,7,1,training_ground_mean_TPM,inflammatory_signaling,4,FJX1,0.06388074530195378,0.18406665325164795
bridge,OS,GSE298393:GSM9013405,7,1,training_ground_mean_TPM,inflammatory_signaling,5,PDE4B,-0.06249077787187402,-0.5912342071533203
bridge,OS,GSE298393:GSM9013405,7,1,training_ground_mean_TPM,proteostasis,1,EIF2S1,-0.05808706675380479,0.7090768814086914
bridge,OS,GSE298393:GSM9013405,7,1,training_ground_mean_TPM,proteostasis,2,XBP1,0.049170123951389366,-0.32860422134399414
bridge,OS,GSE298393:GSM9013405,7,1,training_ground_mean_TPM,proteostasis,3,EXOSC5,-0.021585951886475958,0.5518612861633301
bridge,OS,GSE298393:GSM9013405,7,1,training_ground_mean_TPM,proteostasis,4,LSM1,0.020084686289725838,0.2938106060028076
bridge,OS,GSE298393:GSM9013405,7,1,training_ground_mean_TPM,proteostasis,5,NOLC1,0.01970261071771886,0.5304734706878662
bridge,OS,GSE298393:GSM9013405,7,1,training_ground_mean_TPM,muscle_remodeling,1,CDKN1A,-0.2579196423968087,1.016744613647461
bridge,OS,GSE298393:GSM9013405,7,1,training_ground_mean_TPM,muscle_remodeling,2,TEAD4,-0.2235793335883692,0.30564308166503906
bridge,OS,GSE298393:GSM9013405,7,1,training_ground_mean_TPM,muscle_remodeling,3,MYH7,0.19467492489381763,0.8386449813842773
bridge,OS,GSE298393:GSM9013405,7,1,training_ground_mean_TPM,muscle_remodeling,4,ACTC1,0.13826039781189456,0.30022430419921875
bridge,OS,GSE298393:GSM9013405,7,1,training_ground_mean_TPM,muscle_remodeling,5,ITGA7,0.1262687236582956,0.36705541610717773
bridge,OS,GSE298393:GSM9013405,7,1,training_all_mean_TPM,mitochondrial_expression,1,ATP6V1D,0.04265264447634963,0.11086845397949219
bridge,OS,GSE298393:GSM9013405,7,1,training_all_mean_TPM,mitochondrial_expression,2,LDHB,0.0254218017694812,0.07664346694946289
bridge,OS,GSE298393:GSM9013405,7,1,training_all_mean_TPM,mitochondrial_expression,3,SLC25A3,-0.02076121446071234,0.11183500289916992
bridge,OS,GSE298393:GSM9013405,7,1,training_all_mean_TPM,mitochondrial_expression,4,POLR2F,-0.01848379301114854,0.11704683303833008
bridge,OS,GSE298393:GSM9013405,7,1,training_all_mean_TPM,mitochondrial_expression,5,MRPS30,-0.01759968209801329,0.1316213607788086
bridge,OS,GSE298393:GSM9013405,7,1,training_all_mean_TPM,dna_repair,1,NUDT21,0.05573740171437553,0.19486188888549805
bridge,OS,GSE298393:GSM9013405,7,1,training_all_mean_TPM,dna_repair,2,PDE4B,-0.023073509593931372,-0.2520782947540283
bridge,OS,GSE298393:GSM9013405,7,1,training_all_mean_TPM,dna_repair,3,POLR2F,-0.01848379301114854,0.11704683303833008
bridge,OS,GSE298393:GSM9013405,7,1,training_all_mean_TPM,dna_repair,4,DGUOK,0.014740524625945136,0.20095372200012207
bridge,OS,GSE298393:GSM9013405,7,1,training_all_mean_TPM,dna_repair,5,RFC2,0.014293418263125005,0.15587115287780762
bridge,OS,GSE298393:GSM9013405,7,1,training_all_mean_TPM,oxidative_stress,1,OXSR1,0.045421074349288965,0.2593052387237549
bridge,OS,GSE298393:GSM9013405,7,1,training_all_mean_TPM,oxidative_stress,2,PRDX1,0.01142142263472098,0.22582387924194336
bridge,OS,GSE298393:GSM9013405,7,1,training_all_mean_TPM,oxidative_stress,3,SRXN1,-0.010709847601611571,0.39556384086608887
bridge,OS,GSE298393:GSM9013405,7,1,training_all_mean_TPM,oxidative_stress,4,PDLIM1,-0.00991493926069069,0.5837304592132568
bridge,OS,GSE298393:GSM9013405,7,1,training_all_mean_TPM,oxidative_stress,5,MGST1,-0.008672825029059427,0.1642751693725586
bridge,OS,GSE298393:GSM9013405,7,1,training_all_mean_TPM,inflammatory_signaling,1,CDKN1A,-0.2352886286657652,0.912806510925293
bridge,OS,GSE298393:GSM9013405,7,1,training_all_mean_TPM,inflammatory_signaling,2,DUSP4,-0.08696103752595759,0.8826179504394531
bridge,OS,GSE298393:GSM9013405,7,1,training_all_mean_TPM,inflammatory_signaling,3,ICAM1,0.04519551397622307,-0.45169925689697266
bridge,OS,GSE298393:GSM9013405,7,1,training_all_mean_TPM,inflammatory_signaling,4,EHD1,0.028872714629311746,0.2151775360107422
bridge,OS,GSE298393:GSM9013405,7,1,training_all_mean_TPM,inflammatory_signaling,5,FOS,-0.028870990834428692,-0.26915085315704346
bridge,OS,GSE298393:GSM9013405,7,1,training_all_mean_TPM,proteostasis,1,EIF2S1,-0.03534210117655047,0.43172407150268555
bridge,OS,GSE298393:GSM9013405,7,1,training_all_mean_TPM,proteostasis,2,XBP1,0.018029709940270502,-0.14896154403686523
bridge,OS,GSE298393:GSM9013405,7,1,training_all_mean_TPM,proteostasis,3,ATF4,0.017294901653949396,-0.1524953842163086
bridge,OS,GSE298393:GSM9013405,7,1,training_all_mean_TPM,proteostasis,4,EXOSC5,-0.015021546333395969,0.35730743408203125
bridge,OS,GSE298393:GSM9013405,7,1,training_all_mean_TPM,proteostasis,5,LSM1,0.01340518869328062,0.19061732292175293
bridge,OS,GSE298393:GSM9013405,7,1,training_all_mean_TPM,muscle_remodeling,1,CDKN1A,-0.2352886286657652,0.912806510925293
bridge,OS,GSE298393:GSM9013405,7,1,training_all_mean_TPM,muscle_remodeling,2,TEAD4,-0.11538996010674911,0.1504683494567871
bridge,OS,GSE298393:GSM9013405,7,1,training_all_mean_TPM,muscle_remodeling,3,MYH7,0.10741741117068494,0.4002089500427246
bridge,OS,GSE298393:GSM9013405,7,1,training_all_mean_TPM,muscle_remodeling,4,ACTC1,0.10364259442260461,0.2360525131225586
bridge,OS,GSE298393:GSM9013405,7,1,training_all_mean_TPM,muscle_remodeling,5,MYL1,-0.10112389764674073,-0.13381290435791016
bridge,OS,GSE298393:GSM9013406,8,1,training_ground_mean_TPM,mitochondrial_expression,1,SLC25A4,-0.21637617453893282,0.4968538284301758
bridge,OS,GSE298393:GSM9013406,8,1,training_ground_mean_TPM,mitochondrial_expression,2,ATP6V1D,0.18032537906430215,0.4579591751098633
bridge,OS,GSE298393:GSM9013406,8,1,training_ground_mean_TPM,mitochondrial_expression,3,POLR2F,-0.09082112368683495,0.5044207572937012
bridge,OS,GSE298393:GSM9013406,8,1,training_ground_mean_TPM,mitochondrial_expression,4,LDHB,0.08236222053304301,0.2588033676147461
bridge,OS,GSE298393:GSM9013406,8,1,training_ground_mean_TPM,mitochondrial_expression,5,NDUFB3,-0.04650591948064854,0.5425143241882324
bridge,OS,GSE298393:GSM9013406,8,1,training_ground_mean_TPM,dna_repair,1,NUDT21,0.18012415275185814,0.5977997779846191
bridge,OS,GSE298393:GSM9013406,8,1,training_ground_mean_TPM,dna_repair,2,POLR2F,-0.09082112368683495,0.5044207572937012
bridge,OS,GSE298393:GSM9013406,8,1,training_ground_mean_TPM,dna_repair,3,POLR2K,-0.08480482059414705,0.826533317565918
bridge,OS,GSE298393:GSM9013406,8,1,training_ground_mean_TPM,dna_repair,4,PDE4B,-0.0770919621515703,-0.9137568473815918
bridge,OS,GSE298393:GSM9013406,8,1,training_ground_mean_TPM,dna_repair,5,DGUOK,0.06798701258957843,0.8427009582519531
bridge,OS,GSE298393:GSM9013406,8,1,training_ground_mean_TPM,oxidative_stress,1,OXSR1,0.10910130687453974,0.6270477771759033
bridge,OS,GSE298393:GSM9013406,8,1,training_ground_mean_TPM,oxidative_stress,2,PRDX1,0.020799082364330663,0.41245269775390625
bridge,OS,GSE298393:GSM9013406,8,1,training_ground_mean_TPM,oxidative_stress,3,SRXN1,-0.017410935732038682,0.6856956481933594
bridge,OS,GSE298393:GSM9013406,8,1,training_ground_mean_TPM,oxidative_stress,4,MGST1,-0.01577531280293673,0.31075429916381836
bridge,OS,GSE298393:GSM9013406,8,1,training_ground_mean_TPM,oxidative_stress,5,LSP1,0.013152196678439532,0.8993062973022461
bridge,OS,GSE298393:GSM9013406,8,1,training_ground_mean_TPM,inflammatory_signaling,1,CDKN1A,-0.23639851367668188,0.9675149917602539
bridge,OS,GSE298393:GSM9013406,8,1,training_ground_mean_TPM,inflammatory_signaling,2,FJX1,0.14410391615192164,0.428098201751709
bridge,OS,GSE298393:GSM9013406,8,1,training_ground_mean_TPM,inflammatory_signaling,3,ICAM1,0.11572519477592436,-1.0141422748565674
bridge,OS,GSE298393:GSM9013406,8,1,training_ground_mean_TPM,inflammatory_signaling,4,FOS,0.08076723945140148,0.7260687351226807
bridge,OS,GSE298393:GSM9013406,8,1,training_ground_mean_TPM,inflammatory_signaling,5,PDE4B,-0.0770919621515703,-0.9137568473815918
bridge,OS,GSE298393:GSM9013406,8,1,training_ground_mean_TPM,proteostasis,1,EIF2S1,-0.05640207078662618,0.7754955291748047
bridge,OS,GSE298393:GSM9013406,8,1,training_ground_mean_TPM,proteostasis,2,LSM1,0.050165368699559336,0.6588685512542725
bridge,OS,GSE298393:GSM9013406,8,1,training_ground_mean_TPM,proteostasis,3,ATF4,-0.045576625276072154,0.36739397048950195
bridge,OS,GSE298393:GSM9013406,8,1,training_ground_mean_TPM,proteostasis,4,XBP1,0.04153648600950682,-0.2779359817504883
bridge,OS,GSE298393:GSM9013406,8,1,training_ground_mean_TPM,proteostasis,5,SLC1A4,-0.03160037140252348,-0.566016435623169
bridge,OS,GSE298393:GSM9013406,8,1,training_ground_mean_TPM,muscle_remodeling,1,CDKN1A,-0.23639851367668188,0.9675149917602539
bridge,OS,GSE298393:GSM9013406,8,1,training_ground_mean_TPM,muscle_remodeling,2,TEAD4,-0.23084216943020414,0.31303977966308594
bridge,OS,GSE298393:GSM9013406,8,1,training_ground_mean_TPM,muscle_remodeling,3,PKIA,0.2052553547436889,0.6404671669006348
bridge,OS,GSE298393:GSM9013406,8,1,training_ground_mean_TPM,muscle_remodeling,4,MYL1,0.1577610330120932,0.19275856018066406
bridge,OS,GSE298393:GSM9013406,8,1,training_ground_mean_TPM,muscle_remodeling,5,MYOM1,-0.08671529951215465,-0.4092574119567871
bridge,OS,GSE298393:GSM9013406,8,1,training_all_mean_TPM,mitochondrial_expression,1,SLC25A4,-0.16992951199437845,0.3847494125366211
bridge,OS,GSE298393:GSM9013406,8,1,training_all_mean_TPM,mitochondrial_expression,2,ATP6V1D,0.13072902318823834,0.3273739814758301
bridge,OS,GSE298393:GSM9013406,8,1,training_all_mean_TPM,mitochondrial_expression,3,POLR2F,-0.08184910087858745,0.4598555564880371
bridge,OS,GSE298393:GSM9013406,8,1,training_all_mean_TPM,mitochondrial_expression,4,LDHB,0.038732077429402045,0.11481571197509766
bridge,OS,GSE298393:GSM9013406,8,1,training_all_mean_TPM,mitochondrial_expression,5,NDUFB3,-0.03820636839773401,0.4323883056640625
bridge,OS,GSE298393:GSM9013406,8,1,training_all_mean_TPM,dna_repair,1,NUDT21,0.13851586895041568,0.44827747344970703
bridge,OS,GSE298393:GSM9013406,8,1,training_all_mean_TPM,dna_repair,2,POLR2F,-0.08184910087858745,0.4598555564880371
bridge,OS,GSE298393:GSM9013406,8,1,training_all_mean_TPM,dna_repair,3,POLR2K,-0.0751139959902078,0.7314143180847168
bridge,OS,GSE298393:GSM9013406,8,1,training_all_mean_TPM,dna_repair,4,DGUOK,0.052647435367780486,0.6060853004455566
bridge,OS,GSE298393:GSM9013406,8,1,training_all_mean_TPM,dna_repair,5,RFC2,0.04355612143561773,0.41326189041137695
bridge,OS,GSE298393:GSM9013406,8,1,training_all_mean_TPM,oxidative_stress,1,OXSR1,0.07025816956472537,0.3962695598602295
bridge,OS,GSE298393:GSM9013406,8,1,training_all_mean_TPM,oxidative_stress,2,SRXN1,-0.0202356775621301,0.7511186599731445
bridge,OS,GSE298393:GSM9013406,8,1,training_all_mean_TPM,oxidative_stress,3,PRDX1,0.015493904337479892,0.3120851516723633
bridge,OS,GSE298393:GSM9013406,8,1,training_all_mean_TPM,oxidative_stress,4,MGST1,-0.015396284895988053,0.3081355094909668
bridge,OS,GSE298393:GSM9013406,8,1,training_all_mean_TPM,oxidative_stress,5,TXN,-0.010731604679623443,0.41812801361083984
bridge,OS,GSE298393:GSM9013406,8,1,training_all_mean_TPM,inflammatory_signaling,1,CDKN1A,-0.21424094607048846,0.8635768890380859
bridge,OS,GSE298393:GSM9013406,8,1,training_all_mean_TPM,inflammatory_signaling,2,FJX1,0.10886107781201676,0.32557201385498047
bridge,OS,GSE298393:GSM9013406,8,1,training_all_mean_TPM,inflammatory_signaling,3,ICAM1,0.05604646572157583,-0.6599230766296387
bridge,OS,GSE298393:GSM9013406,8,1,training_all_mean_TPM,inflammatory_signaling,4,PDE4B,-0.039991748992606976,-0.5746009349822998
bridge,OS,GSE298393:GSM9013406,8,1,training_all_mean_TPM,inflammatory_signaling,5,GADD45A,-0.025803902928959777,0.2998046875
bridge,OS,GSE298393:GSM9013406,8,1,training_all_mean_TPM,proteostasis,1,ATF4,-0.0483154770093943,0.36306285858154297
bridge,OS,GSE298393:GSM9013406,8,1,training_all_mean_TPM,proteostasis,2,LSM1,0.04350642954140316,0.5556752681732178
bridge,OS,GSE298393:GSM9013406,8,1,training_all_mean_TPM,proteostasis,3,EIF2S1,-0.03629072598174945,0.49814271926879883
bridge,OS,GSE298393:GSM9013406,8,1,training_all_mean_TPM,proteostasis,4,SLC1A4,-0.027435123485125137,-0.4487783908843994
bridge,OS,GSE298393:GSM9013406,8,1,training_all_mean_TPM,proteostasis,5,BANF1,0.022239878014319824,0.38649940490722656
bridge,OS,GSE298393:GSM9013406,8,1,training_all_mean_TPM,muscle_remodeling,1,CDKN1A,-0.21424094607048846,0.8635768890380859
bridge,OS,GSE298393:GSM9013406,8,1,training_all_mean_TPM,muscle_remodeling,2,MYL1,0.17083369427915016,0.212249755859375
bridge,OS,GSE298393:GSM9013406,8,1,training_all_mean_TPM,muscle_remodeling,3,PKIA,0.1590589421637217,0.4813232421875
bridge,OS,GSE298393:GSM9013406,8,1,training_all_mean_TPM,muscle_remodeling,4,TEAD4,-0.1221668852816072,0.15786504745483398
bridge,OS,GSE298393:GSM9013406,8,1,training_all_mean_TPM,muscle_remodeling,5,MYOM1,-0.11164481369024183,-0.5258607864379883
expression,YA,GSE298393:GSM9013398,3,0,training_ground_mean_TPM,mitochondrial_expression,1,DLST,-0.0072477128910560015,-0.36243677139282227
expression,YA,GSE298393:GSM9013398,3,0,training_ground_mean_TPM,mitochondrial_expression,2,MFN2,-0.007025475055407617,-0.4400045871734619
expression,YA,GSE298393:GSM9013398,3,0,training_ground_mean_TPM,mitochondrial_expression,3,AFG3L2,0.004909934097392606,-0.3051588535308838
expression,YA,GSE298393:GSM9013398,3,0,training_ground_mean_TPM,mitochondrial_expression,4,IDH3B,-0.004872983498234209,-0.09049272537231445
expression,YA,GSE298393:GSM9013398,3,0,training_ground_mean_TPM,mitochondrial_expression,5,ECH1,-0.004696760679586776,-0.2641115188598633
expression,YA,GSE298393:GSM9013398,3,0,training_ground_mean_TPM,dna_repair,1,ARL6IP1,0.006687512495667498,-0.540154218673706
expression,YA,GSE298393:GSM9013398,3,0,training_ground_mean_TPM,dna_repair,2,GTF2H3,-0.006386360006986176,-0.5911027193069458
expression,YA,GSE298393:GSM9013398,3,0,training_ground_mean_TPM,dna_repair,3,ADA,0.005574825061461944,-0.6604039669036865
expression,YA,GSE298393:GSM9013398,3,0,training_ground_mean_TPM,dna_repair,4,TP53,-0.005072167844805084,-0.36605286598205566
expression,YA,GSE298393:GSM9013398,3,0,training_ground_mean_TPM,dna_repair,5,AK3,-0.0047334736883299375,-0.3912801742553711
expression,YA,GSE298393:GSM9013398,3,0,training_ground_mean_TPM,oxidative_stress,1,GLRX,-0.0047103497490197785,-0.36347389221191406
expression,YA,GSE298393:GSM9013398,3,0,training_ground_mean_TPM,oxidative_stress,2,GCLM,0.0038391296228168954,-0.5186147689819336
expression,YA,GSE298393:GSM9013398,3,0,training_ground_mean_TPM,oxidative_stress,3,JUNB,0.003591346175939804,-1.0514798164367676
expression,YA,GSE298393:GSM9013398,3,0,training_ground_mean_TPM,oxidative_stress,4,PTPA,0.0034536050570814184,-0.24826288223266602
expression,YA,GSE298393:GSM9013398,3,0,training_ground_mean_TPM,oxidative_stress,5,TXNRD1,-0.0034053651761940433,-0.5075182914733887
expression,YA,GSE298393:GSM9013398,3,0,training_ground_mean_TPM,inflammatory_signaling,1,B4GALT1,0.008052735396768486,-0.5297060012817383
expression,YA,GSE298393:GSM9013398,3,0,training_ground_mean_TPM,inflammatory_signaling,2,TGIF1,-0.006755420667650212,-0.4119133949279785
expression,YA,GSE298393:GSM9013398,3,0,training_ground_mean_TPM,inflammatory_signaling,3,RNF19B,0.005443873842302139,-0.3495955467224121
expression,YA,GSE298393:GSM9013398,3,0,training_ground_mean_TPM,inflammatory_signaling,4,NFKB1,0.00543899282070647,-0.3384521007537842
expression,YA,GSE298393:GSM9013398,3,0,training_ground_mean_TPM,inflammatory_signaling,5,MCL1,0.005314005616856568,-0.5037884712219238
expression,YA,GSE298393:GSM9013398,3,0,training_ground_mean_TPM,proteostasis,1,MTREX,-0.007995997309193535,-0.7505722045898438
expression,YA,GSE298393:GSM9013398,3,0,training_ground_mean_TPM,proteostasis,2,EIF2S1,-0.006769323008218187,-0.7130255699157715
expression,YA,GSE298393:GSM9013398,3,0,training_ground_mean_TPM,proteostasis,3,DKC1,-0.006741789507565607,-0.2720150947570801
expression,YA,GSE298393:GSM9013398,3,0,training_ground_mean_TPM,proteostasis,4,KDELR3,0.005855573473456069,-1.0418230295181274
expression,YA,GSE298393:GSM9013398,3,0,training_ground_mean_TPM,proteostasis,5,SHC1,0.005770581824959607,-0.5129783153533936
expression,YA,GSE298393:GSM9013398,3,0,training_ground_mean_TPM,muscle_remodeling,1,TNNI1,0.014659941111372202,-0.4262857437133789
expression,YA,GSE298393:GSM9013398,3,0,training_ground_mean_TPM,muscle_remodeling,2,TNNT1,-0.008480436854121448,-0.6259565353393555
expression,YA,GSE298393:GSM9013398,3,0,training_ground_mean_TPM,muscle_remodeling,3,ACSL1,0.007488137248283575,-0.6316368579864502
expression,YA,GSE298393:GSM9013398,3,0,training_ground_mean_TPM,muscle_remodeling,4,SPARC,-0.00669571077922171,-0.5291833877563477
expression,YA,GSE298393:GSM9013398,3,0,training_ground_mean_TPM,muscle_remodeling,5,KCNH1,0.006631308495990176,-0.48999732732772827
expression,YA,GSE298393:GSM9013398,3,0,training_all_mean_TPM,mitochondrial_expression,1,DLST,-0.008937280504485187,-0.4469270706176758
expression,YA,GSE298393:GSM9013398,3,0,training_all_mean_TPM,mitochondrial_expression,2,MFN2,-0.008868508182362162,-0.5554335117340088
expression,YA,GSE298393:GSM9013398,3,0,training_all_mean_TPM,mitochondrial_expression,3,IDH3B,-0.006022998051817707,-0.11184883117675781
expression,YA,GSE298393:GSM9013398,3,0,training_all_mean_TPM,mitochondrial_expression,4,ECH1,-0.005729801778215471,-0.322202205657959
expression,YA,GSE298393:GSM9013398,3,0,training_all_mean_TPM,mitochondrial_expression,5,HSPA9,-0.005676251491927324,-0.2766585350036621
expression,YA,GSE298393:GSM9013398,3,0,training_all_mean_TPM,dna_repair,1,GTF2H3,-0.007711219610837714,-0.7137278318405151
expression,YA,GSE298393:GSM9013398,3,0,training_all_mean_TPM,dna_repair,2,RNMT,-0.006288810634332279,-0.5412771701812744
expression,YA,GSE298393:GSM9013398,3,0,training_all_mean_TPM,dna_repair,3,AK3,-0.005952246223584573,-0.49202680587768555
expression,YA,GSE298393:GSM9013398,3,0,training_all_mean_TPM,dna_repair,4,ARL6IP1,0.005781584410647066,-0.4669818878173828
expression,YA,GSE298393:GSM9013398,3,0,training_all_mean_TPM,dna_repair,5,TAF1C,-0.005726026703106257,-0.5013654232025146
expression,YA,GSE298393:GSM9013398,3,0,training_all_mean_TPM,oxidative_stress,1,GLRX,-0.005831036784195414,-0.4499516487121582
expression,YA,GSE298393:GSM9013398,3,0,training_all_mean_TPM,oxidative_stress,2,TXNRD1,-0.004538797565717222,-0.6764392852783203
expression,YA,GSE298393:GSM9013398,3,0,training_all_mean_TPM,oxidative_stress,3,OXSR1,-0.0035464042840177333,-0.5602428913116455
expression,YA,GSE298393:GSM9013398,3,0,training_all_mean_TPM,oxidative_stress,4,PDLIM1,-0.0034499095334692346,-0.7376604080200195
expression,YA,GSE298393:GSM9013398,3,0,training_all_mean_TPM,oxidative_stress,5,PRDX1,-0.003257035032401533,-0.2872891426086426
expression,YA,GSE298393:GSM9013398,3,0,training_all_mean_TPM,inflammatory_signaling,1,TGIF1,-0.007548449161263154,-0.460268497467041
expression,YA,GSE298393:GSM9013398,3,0,training_all_mean_TPM,inflammatory_signaling,2,B4GALT1,0.007016373605301224,-0.4615345001220703
expression,YA,GSE298393:GSM9013398,3,0,training_all_mean_TPM,inflammatory_signaling,3,CDKN1A,-0.005698528145355738,-0.9059138298034668
expression,YA,GSE298393:GSM9013398,3,0,training_all_mean_TPM,inflammatory_signaling,4,NFKB1,0.005028178787296525,-0.31288838386535645
expression,YA,GSE298393:GSM9013398,3,0,training_all_mean_TPM,inflammatory_signaling,5,EHD1,-0.0047575606439926345,-0.34941601753234863
expression,YA,GSE298393:GSM9013398,3,0,training_all_mean_TPM,proteostasis,1,MTREX,-0.008760404398798202,-0.8223259449005127
expression,YA,GSE298393:GSM9013398,3,0,training_all_mean_TPM,proteostasis,2,DKC1,-0.008099479079993756,-0.3267946243286133
expression,YA,GSE298393:GSM9013398,3,0,training_all_mean_TPM,proteostasis,3,EIF2S1,-0.007313155706772452,-0.7703084945678711
expression,YA,GSE298393:GSM9013398,3,0,training_all_mean_TPM,proteostasis,4,EXOC2,-0.005896359008608735,-0.4844052791595459
expression,YA,GSE298393:GSM9013398,3,0,training_all_mean_TPM,proteostasis,5,HSPA9,-0.005676251491927324,-0.2766585350036621
expression,YA,GSE298393:GSM9013398,3,0,training_all_mean_TPM,muscle_remodeling,1,TNNI1,0.014563354528197542,-0.4234771728515625
expression,YA,GSE298393:GSM9013398,3,0,training_all_mean_TPM,muscle_remodeling,2,TNNT1,-0.009683928293539652,-0.7147884368896484
expression,YA,GSE298393:GSM9013398,3,0,training_all_mean_TPM,muscle_remodeling,3,SPARC,-0.007436187328526057,-0.5877056121826172
expression,YA,GSE298393:GSM9013398,3,0,training_all_mean_TPM,muscle_remodeling,4,ACSL1,0.006936390745487362,-0.5850961208343506
expression,YA,GSE298393:GSM9013398,3,0,training_all_mean_TPM,muscle_remodeling,5,MYL6B,-0.006502138082481187,-0.42340087890625
expression,YA,GSE298393:GSM9013399,4,0,training_ground_mean_TPM,mitochondrial_expression,1,MFN2,-0.007830283140402924,-0.49040961265563965
expression,YA,GSE298393:GSM9013399,4,0,training_ground_mean_TPM,mitochondrial_expression,2,DLST,-0.007016727413020071,-0.35088586807250977
expression,YA,GSE298393:GSM9013399,4,0,training_ground_mean_TPM,mitochondrial_expression,3,HSPA9,-0.006393527673869849,-0.3116183280944824
expression,YA,GSE298393:GSM9013399,4,0,training_ground_mean_TPM,mitochondrial_expression,4,ECH1,-0.005029775988639484,-0.2828378677368164
expression,YA,GSE298393:GSM9013399,4,0,training_ground_mean_TPM,mitochondrial_expression,5,DLAT,-0.00412434439118639,-0.25029921531677246
expression,YA,GSE298393:GSM9013399,4,0,training_ground_mean_TPM,dna_repair,1,GTF2H3,-0.006372819740759349,-0.5898494720458984
expression,YA,GSE298393:GSM9013399,4,0,training_ground_mean_TPM,dna_repair,2,ARL6IP1,0.006074184538228827,-0.4906153678894043
expression,YA,GSE298393:GSM9013399,4,0,training_ground_mean_TPM,dna_repair,3,CDA,0.005363651416164289,0.23158928751945496
expression,YA,GSE298393:GSM9013399,4,0,training_ground_mean_TPM,dna_repair,4,TP53,-0.0049803470699012605,-0.35942625999450684
expression,YA,GSE298393:GSM9013399,4,0,training_ground_mean_TPM,dna_repair,5,NFX1,-0.004875387013164631,-0.37121033668518066
expression,YA,GSE298393:GSM9013399,4,0,training_ground_mean_TPM,oxidative_stress,1,GCLM,0.00362229360047807,-0.48932313919067383
expression,YA,GSE298393:GSM9013399,4,0,training_ground_mean_TPM,oxidative_stress,2,SBNO2,0.00358839660609322,-1.1849347352981567
expression,YA,GSE298393:GSM9013399,4,0,training_ground_mean_TPM,oxidative_stress,3,OXSR1,-0.003217427957220499,-0.5082728862762451
expression,YA,GSE298393:GSM9013399,4,0,training_ground_mean_TPM,oxidative_stress,4,JUNB,0.0031878958032273523,-0.9333570003509521
expression,YA,GSE298393:GSM9013399,4,0,training_ground_mean_TPM,oxidative_stress,5,TXNRD1,-0.0031613377295242125,-0.4711496829986572
expression,YA,GSE298393:GSM9013399,4,0,training_ground_mean_TPM,inflammatory_signaling,1,TGIF1,-0.007653266901620336,-0.4666597843170166
expression,YA,GSE298393:GSM9013399,4,0,training_ground_mean_TPM,inflammatory_signaling,2,B4GALT1,0.007443289480298646,-0.48961687088012695
expression,YA,GSE298393:GSM9013399,4,0,training_ground_mean_TPM,inflammatory_signaling,3,IER5,0.006362871113498953,-0.4942595958709717
expression,YA,GSE298393:GSM9013399,4,0,training_ground_mean_TPM,inflammatory_signaling,4,CXCL6,0.006007855982277856,0.1549625601619482
expression,YA,GSE298393:GSM9013399,4,0,training_ground_mean_TPM,inflammatory_signaling,5,MCL1,0.006002757974975979,-0.569084882736206
expression,YA,GSE298393:GSM9013399,4,0,training_ground_mean_TPM,proteostasis,1,DKC1,-0.008061394848074208,-0.3252580165863037
expression,YA,GSE298393:GSM9013399,4,0,training_ground_mean_TPM,proteostasis,2,MTREX,-0.007964042559530572,-0.747572660446167
expression,YA,GSE298393:GSM9013399,4,0,training_ground_mean_TPM,proteostasis,3,HSPA9,-0.006393527673869849,-0.3116183280944824
expression,YA,GSE298393:GSM9013399,4,0,training_ground_mean_TPM,proteostasis,4,EIF2S1,-0.006121971465087249,-0.644838809967041
expression,YA,GSE298393:GSM9013399,4,0,training_ground_mean_TPM,proteostasis,5,SHC1,0.005872146931613159,-0.5220069885253906
expression,YA,GSE298393:GSM9013399,4,0,training_ground_mean_TPM,muscle_remodeling,1,TNNI1,0.013788136509012667,-0.40093517303466797
expression,YA,GSE298393:GSM9013399,4,0,training_ground_mean_TPM,muscle_remodeling,2,TNNT1,-0.008916899051669263,-0.658172607421875
expression,YA,GSE298393:GSM9013399,4,0,training_ground_mean_TPM,muscle_remodeling,3,ACSL1,0.0073850836664676985,-0.6229441165924072
expression,YA,GSE298393:GSM9013399,4,0,training_ground_mean_TPM,muscle_remodeling,4,SPARC,-0.007045791536142067,-0.5568513870239258
expression,YA,GSE298393:GSM9013399,4,0,training_ground_mean_TPM,muscle_remodeling,5,KCNH1,0.006855446129620909,-0.5065591931343079
expression,YA,GSE298393:GSM9013399,4,0,training_all_mean_TPM,mitochondrial_expression,1,MFN2,-0.00967331626735747,-0.6058385372161865
expression,YA,GSE298393:GSM9013399,4,0,training_all_mean_TPM,mitochondrial_expression,2,DLST,-0.008706295026449255,-0.4353761672973633
expression,YA,GSE298393:GSM9013399,4,0,training_all_mean_TPM,mitochondrial_expression,3,HSPA9,-0.007570484398732767,-0.36898279190063477
expression,YA,GSE298393:GSM9013399,4,0,training_all_mean_TPM,mitochondrial_expression,4,ECH1,-0.006062817087268179,-0.3409285545349121
expression,YA,GSE298393:GSM9013399,4,0,training_all_mean_TPM,mitochondrial_expression,5,GRPEL1,-0.005670869745151842,-0.3628535270690918
expression,YA,GSE298393:GSM9013399,4,0,training_all_mean_TPM,dna_repair,1,GTF2H3,-0.007697679344610886,-0.7124745845794678
expression,YA,GSE298393:GSM9013399,4,0,training_all_mean_TPM,dna_repair,2,ERCC4,-0.005747799262938055,-0.4105168581008911
expression,YA,GSE298393:GSM9013399,4,0,training_all_mean_TPM,dna_repair,3,TP53,-0.005560538476353526,-0.40129804611206055
expression,YA,GSE298393:GSM9013399,4,0,training_all_mean_TPM,dna_repair,4,AK3,-0.005492540758986336,-0.454026460647583
expression,YA,GSE298393:GSM9013399,4,0,training_all_mean_TPM,dna_repair,5,ARL6IP1,0.005168256453208395,-0.41744303703308105
expression,YA,GSE298393:GSM9013399,4,0,training_all_mean_TPM,oxidative_stress,1,TXNRD1,-0.004294770119047391,-0.6400706768035889
expression,YA,GSE298393:GSM9013399,4,0,training_all_mean_TPM,oxidative_stress,2,GLRX,-0.004083994226087453,-0.3151412010192871
expression,YA,GSE298393:GSM9013399,4,0,training_all_mean_TPM,oxidative_stress,3,OXSR1,-0.0036720813966684873,-0.5800967216491699
expression,YA,GSE298393:GSM9013399,4,0,training_all_mean_TPM,oxidative_stress,4,PDLIM1,-0.003177521434810445,-0.6794183254241943
expression,YA,GSE298393:GSM9013399,4,0,training_all_mean_TPM,oxidative_stress,5,PRNP,-0.0030998469389842305,-0.5447366237640381
expression,YA,GSE298393:GSM9013399,4,0,training_all_mean_TPM,inflammatory_signaling,1,TGIF1,-0.00844629539523328,-0.5150148868560791
expression,YA,GSE298393:GSM9013399,4,0,training_all_mean_TPM,inflammatory_signaling,2,B4GALT1,0.006406927688831384,-0.421445369720459
expression,YA,GSE298393:GSM9013399,4,0,training_all_mean_TPM,inflammatory_signaling,3,NFKB1,0.0055425564860276805,-0.3448965549468994
expression,YA,GSE298393:GSM9013399,4,0,training_all_mean_TPM,inflammatory_signaling,4,CDKN1A,-0.0054547064552653264,-0.8671526908874512
expression,YA,GSE298393:GSM9013399,4,0,training_all_mean_TPM,inflammatory_signaling,5,EHD1,-0.005080523308255805,-0.3731358051300049
expression,YA,GSE298393:GSM9013399,4,0,training_all_mean_TPM,proteostasis,1,DKC1,-0.009419084420502356,-0.3800375461578369
expression,YA,GSE298393:GSM9013399,4,0,training_all_mean_TPM,proteostasis,2,MTREX,-0.008728449649135238,-0.8193264007568359
expression,YA,GSE298393:GSM9013399,4,0,training_all_mean_TPM,proteostasis,3,HSPA9,-0.007570484398732767,-0.36898279190063477
expression,YA,GSE298393:GSM9013399,4,0,training_all_mean_TPM,proteostasis,4,EIF2S1,-0.0066658041636415135,-0.7021217346191406
expression,YA,GSE298393:GSM9013399,4,0,training_all_mean_TPM,proteostasis,5,EXOC2,-0.005989662119349991,-0.49207043647766113
expression,YA,GSE298393:GSM9013399,4,0,training_all_mean_TPM,muscle_remodeling,1,TNNI1,0.013691549925838006,-0.39812660217285156
expression,YA,GSE298393:GSM9013399,4,0,training_all_mean_TPM,muscle_remodeling,2,TNNT1,-0.010120390491087468,-0.747004508972168
expression,YA,GSE298393:GSM9013399,4,0,training_all_mean_TPM,muscle_remodeling,3,SPARC,-0.007786268085446415,-0.6153736114501953
expression,YA,GSE298393:GSM9013399,4,0,training_all_mean_TPM,muscle_remodeling,4,ACSL1,0.006833337163671485,-0.5764033794403076
expression,YA,GSE298393:GSM9013399,4,0,training_all_mean_TPM,muscle_remodeling,5,MYL6B,-0.0061493130848573625,-0.40042591094970703
expression,YA,GSE298393:GSM9013400,5,0,training_ground_mean_TPM,mitochondrial_expression,1,HSPA9,-0.004315700397072406,-0.21034574508666992
expression,YA,GSE298393:GSM9013400,5,0,training_ground_mean_TPM,mitochondrial_expression,2,GRPEL1,-0.0034923745771386775,-0.22346138954162598
expression,YA,GSE298393:GSM9013400,5,0,training_ground_mean_TPM,mitochondrial_expression,3,MFN2,-0.0033703389465721094,-0.21108388900756836
expression,YA,GSE298393:GSM9013400,5,0,training_ground_mean_TPM,mitochondrial_expression,4,DLST,-0.003270965673405612,-0.16357135772705078
expression,YA,GSE298393:GSM9013400,5,0,training_ground_mean_TPM,mitochondrial_expression,5,DLAT,-0.00265615571522409,-0.16119742393493652
expression,YA,GSE298393:GSM9013400,5,0,training_ground_mean_TPM,dna_repair,1,TP53,-0.0047497016348906325,-0.34278082847595215
expression,YA,GSE298393:GSM9013400,5,0,training_ground_mean_TPM,dna_repair,2,CDA,0.004577331608188974,0.19763793051242828
expression,YA,GSE298393:GSM9013400,5,0,training_ground_mean_TPM,dna_repair,3,RNMT,-0.003836336784656086,-0.33019304275512695
expression,YA,GSE298393:GSM9013400,5,0,training_ground_mean_TPM,dna_repair,4,SF3A3,0.0035919000968999133,-0.6430721282958984
expression,YA,GSE298393:GSM9013400,5,0,training_ground_mean_TPM,dna_repair,5,TAF6,0.0028413651039916263,-0.27893853187561035
expression,YA,GSE298393:GSM9013400,5,0,training_ground_mean_TPM,oxidative_stress,1,TXNRD2,-0.0027988037562296144,-0.33051228523254395
expression,YA,GSE298393:GSM9013400,5,0,training_ground_mean_TPM,oxidative_stress,2,SBNO2,0.0027151460547890785,-0.8965761661529541
expression,YA,GSE298393:GSM9013400,5,0,training_ground_mean_TPM,oxidative_stress,3,GCLM,0.002383978442609545,-0.32204341888427734
expression,YA,GSE298393:GSM9013400,5,0,training_ground_mean_TPM,oxidative_stress,4,OXSR1,-0.0020179014704262287,-0.31877779960632324
expression,YA,GSE298393:GSM9013400,5,0,training_ground_mean_TPM,oxidative_stress,5,TXNRD1,-0.001990555979518275,-0.2966623306274414
expression,YA,GSE298393:GSM9013400,5,0,training_ground_mean_TPM,inflammatory_signaling,1,B4GALT1,0.0048161037126086695,-0.3168015480041504
expression,YA,GSE298393:GSM9013400,5,0,training_ground_mean_TPM,inflammatory_signaling,2,IER5,0.0039542923202492905,-0.3071643114089966
expression,YA,GSE298393:GSM9013400,5,0,training_ground_mean_TPM,inflammatory_signaling,3,SERPINB2,0.003715891219698763,0.16792361438274384
expression,YA,GSE298393:GSM9013400,5,0,training_ground_mean_TPM,inflammatory_signaling,4,CDKN1A,-0.003610152537164017,-0.5739178657531738
expression,YA,GSE298393:GSM9013400,5,0,training_ground_mean_TPM,inflammatory_signaling,5,LDLR,0.0033891437393314175,-0.6072902679443359
expression,YA,GSE298393:GSM9013400,5,0,training_ground_mean_TPM,proteostasis,1,MTREX,-0.004815325004135289,-0.4520072937011719
expression,YA,GSE298393:GSM9013400,5,0,training_ground_mean_TPM,proteostasis,2,EIF2S1,-0.004755388717558549,-0.5008940696716309
expression,YA,GSE298393:GSM9013400,5,0,training_ground_mean_TPM,proteostasis,3,DKC1,-0.004648149482938819,-0.18754172325134277
expression,YA,GSE298393:GSM9013400,5,0,training_ground_mean_TPM,proteostasis,4,HSPA9,-0.004315700397072406,-0.21034574508666992
expression,YA,GSE298393:GSM9013400,5,0,training_ground_mean_TPM,proteostasis,5,KDELR3,0.0040658552062789715,-0.7233965396881104
expression,YA,GSE298393:GSM9013400,5,0,training_ground_mean_TPM,muscle_remodeling,1,TNNI1,0.009937234357359308,-0.2889575958251953
expression,YA,GSE298393:GSM9013400,5,0,training_ground_mean_TPM,muscle_remodeling,2,TNNT1,-0.007145144968381784,-0.5273962020874023
expression,YA,GSE298393:GSM9013400,5,0,training_ground_mean_TPM,muscle_remodeling,3,SOD3,0.006476172721252735,0.3620014190673828
expression,YA,GSE298393:GSM9013400,5,0,training_ground_mean_TPM,muscle_remodeling,4,MYL3,0.005304366983821382,-1.0898103713989258
expression,YA,GSE298393:GSM9013400,5,0,training_ground_mean_TPM,muscle_remodeling,5,ACSL1,0.004907453398025149,-0.4139518737792969
expression,YA,GSE298393:GSM9013400,5,0,training_all_mean_TPM,mitochondrial_expression,1,HSPA9,-0.0054926571219353236,-0.26771020889282227
expression,YA,GSE298393:GSM9013400,5,0,training_all_mean_TPM,mitochondrial_expression,2,GRPEL1,-0.005254977347134917,-0.3362424373626709
expression,YA,GSE298393:GSM9013400,5,0,training_all_mean_TPM,mitochondrial_expression,3,MFN2,-0.005213372073526655,-0.32651281356811523
expression,YA,GSE298393:GSM9013400,5,0,training_all_mean_TPM,mitochondrial_expression,4,DLST,-0.004960533286834796,-0.2480616569519043
expression,YA,GSE298393:GSM9013400,5,0,training_all_mean_TPM,mitochondrial_expression,5,DLAT,-0.004126835110496462,-0.25045037269592285
expression,YA,GSE298393:GSM9013400,5,0,training_all_mean_TPM,dna_repair,1,RNMT,-0.005397214752561742,-0.4645376205444336
expression,YA,GSE298393:GSM9013400,5,0,training_all_mean_TPM,dna_repair,2,TP53,-0.005329893041342899,-0.38465261459350586
expression,YA,GSE298393:GSM9013400,5,0,training_all_mean_TPM,dna_repair,3,TAF1C,-0.0037627619607507124,-0.3294638395309448
expression,YA,GSE298393:GSM9013400,5,0,training_all_mean_TPM,dna_repair,4,SF3A3,0.003282906985614419,-0.5877518653869629
expression,YA,GSE298393:GSM9013400,5,0,training_all_mean_TPM,dna_repair,5,RAD52,-0.003086843458356584,-0.359663724899292
expression,YA,GSE298393:GSM9013400,5,0,training_all_mean_TPM,oxidative_stress,1,PDLIM1,-0.003172594063060345,-0.6783647537231445
expression,YA,GSE298393:GSM9013400,5,0,training_all_mean_TPM,oxidative_stress,2,TXNRD1,-0.0031239883690414535,-0.46558332443237305
expression,YA,GSE298393:GSM9013400,5,0,training_all_mean_TPM,oxidative_stress,3,TXNRD2,-0.003102263616750082,-0.3663480281829834
expression,YA,GSE298393:GSM9013400,5,0,training_all_mean_TPM,oxidative_stress,4,NDUFS2,-0.002866348780218945,-0.17763233184814453
expression,YA,GSE298393:GSM9013400,5,0,training_all_mean_TPM,oxidative_stress,5,GPX3,-0.0027073694616751437,0.45201730728149414
expression,YA,GSE298393:GSM9013400,5,0,training_all_mean_TPM,inflammatory_signaling,1,CDKN1A,-0.004605877750880107,-0.7322115898132324
expression,YA,GSE298393:GSM9013400,5,0,training_all_mean_TPM,inflammatory_signaling,2,BMP2,-0.003932174336035679,0.34652233123779297
expression,YA,GSE298393:GSM9013400,5,0,training_all_mean_TPM,inflammatory_signaling,3,B4GALT1,0.0037797419211414076,-0.24863004684448242
expression,YA,GSE298393:GSM9013400,5,0,training_all_mean_TPM,inflammatory_signaling,4,TGIF1,-0.0035999910404996708,-0.21951031684875488
expression,YA,GSE298393:GSM9013400,5,0,training_all_mean_TPM,inflammatory_signaling,5,TNFAIP2,-0.003476363587409914,-0.7491459846496582
expression,YA,GSE298393:GSM9013400,5,0,training_all_mean_TPM,proteostasis,1,DKC1,-0.006005839055366968,-0.24232125282287598
expression,YA,GSE298393:GSM9013400,5,0,training_all_mean_TPM,proteostasis,2,MTREX,-0.0055797320937399555,-0.5237610340118408
expression,YA,GSE298393:GSM9013400,5,0,training_all_mean_TPM,proteostasis,3,HSPA9,-0.0054926571219353236,-0.26771020889282227
expression,YA,GSE298393:GSM9013400,5,0,training_all_mean_TPM,proteostasis,4,EIF2S1,-0.005299221416112814,-0.5581769943237305
expression,YA,GSE298393:GSM9013400,5,0,training_all_mean_TPM,proteostasis,5,EXOC2,-0.004175614574939047,-0.34304046630859375
expression,YA,GSE298393:GSM9013400,5,0,training_all_mean_TPM,muscle_remodeling,1,TNNI1,0.009840647774184648,-0.2861490249633789
expression,YA,GSE298393:GSM9013400,5,0,training_all_mean_TPM,muscle_remodeling,2,TNNT1,-0.008348636407799988,-0.6162281036376953
expression,YA,GSE298393:GSM9013400,5,0,training_all_mean_TPM,muscle_remodeling,3,MYL6B,-0.005855553431777844,-0.38129711151123047
expression,YA,GSE298393:GSM9013400,5,0,training_all_mean_TPM,muscle_remodeling,4,SOD3,0.005783336583888996,0.3232736587524414
expression,YA,GSE298393:GSM9013400,5,0,training_all_mean_TPM,muscle_remodeling,5,TPM3,-0.00505387946491461,-0.7087831497192383
expression,YA,GSE298393:GSM9013410,9,1,training_ground_mean_TPM,mitochondrial_expression,1,IDH1,0.004955317744647246,0.502246618270874
expression,YA,GSE298393:GSM9013410,9,1,training_ground_mean_TPM,mitochondrial_expression,2,SDHA,0.004554496845278701,0.38294029235839844
expression,YA,GSE298393:GSM9013410,9,1,training_ground_mean_TPM,mitochondrial_expression,3,COX10,0.004377126610140223,0.3607354164123535
expression,YA,GSE298393:GSM9013410,9,1,training_ground_mean_TPM,mitochondrial_expression,4,PMPCA,0.004267410486015896,0.24297523498535156
expression,YA,GSE298393:GSM9013410,9,1,training_ground_mean_TPM,mitochondrial_expression,5,LDHB,0.003930815882534303,0.2583322525024414
expression,YA,GSE298393:GSM9013410,9,1,training_ground_mean_TPM,dna_repair,1,BCAM,0.006497345909522162,0.8016748428344727
expression,YA,GSE298393:GSM9013410,9,1,training_ground_mean_TPM,dna_repair,2,CDA,0.006285973973500996,0.2714129090309143
expression,YA,GSE298393:GSM9013410,9,1,training_ground_mean_TPM,dna_repair,3,APRT,0.004098348265590377,0.47248077392578125
expression,YA,GSE298393:GSM9013410,9,1,training_ground_mean_TPM,dna_repair,4,REV3L,0.0037689234351933596,0.3037436008453369
expression,YA,GSE298393:GSM9013410,9,1,training_ground_mean_TPM,dna_repair,5,PDE4B,0.003598441809688979,-2.080491542816162
expression,YA,GSE298393:GSM9013410,9,1,training_ground_mean_TPM,oxidative_stress,1,LSP1,0.005613357844476472,1.5073604583740234
expression,YA,GSE298393:GSM9013410,9,1,training_ground_mean_TPM,oxidative_stress,2,NDUFS2,0.003863517636075121,0.23942852020263672
expression,YA,GSE298393:GSM9013410,9,1,training_ground_mean_TPM,oxidative_stress,3,GCLM,0.0036385592142913715,-0.49152040481567383
expression,YA,GSE298393:GSM9013410,9,1,training_ground_mean_TPM,oxidative_stress,4,GPX3,0.0034080589519525687,-0.5690031051635742
expression,YA,GSE298393:GSM9013410,9,1,training_ground_mean_TPM,oxidative_stress,5,ERCC2,0.0033841627993176845,0.24937653541564941
expression,YA,GSE298393:GSM9013410,9,1,training_ground_mean_TPM,inflammatory_signaling,1,CEBPB,0.005837921712200992,-0.41903209686279297
expression,YA,GSE298393:GSM9013410,9,1,training_ground_mean_TPM,inflammatory_signaling,2,BTG2,0.005351771649125043,-0.3570230007171631
expression,YA,GSE298393:GSM9013410,9,1,training_ground_mean_TPM,inflammatory_signaling,3,ETS2,0.00530869265702742,-0.49592018127441406
expression,YA,GSE298393:GSM9013410,9,1,training_ground_mean_TPM,inflammatory_signaling,4,SIK1,0.005017710839674429,1.018511176109314
expression,YA,GSE298393:GSM9013410,9,1,training_ground_mean_TPM,inflammatory_signaling,5,RNF19B,0.004649804328343216,-0.2986018657684326
expression,YA,GSE298393:GSM9013410,9,1,training_ground_mean_TPM,proteostasis,1,TATDN2,0.0060197593947472925,-0.37084150314331055
expression,YA,GSE298393:GSM9013410,9,1,training_ground_mean_TPM,proteostasis,2,CEBPB,0.005837921712200992,-0.41903209686279297
expression,YA,GSE298393:GSM9013410,9,1,training_ground_mean_TPM,proteostasis,3,KDELR3,0.0038699818751002047,-0.6885467767715454
expression,YA,GSE298393:GSM9013410,9,1,training_ground_mean_TPM,proteostasis,4,ATF3,0.0033437991754555357,-0.6124182939529419
expression,YA,GSE298393:GSM9013410,9,1,training_ground_mean_TPM,proteostasis,5,DKC1,0.003281643514230768,0.13240647315979004
expression,YA,GSE298393:GSM9013410,9,1,training_ground_mean_TPM,muscle_remodeling,1,SOD3,0.009388092595236947,0.5247702598571777
expression,YA,GSE298393:GSM9013410,9,1,training_ground_mean_TPM,muscle_remodeling,2,MB,0.007804558010697345,-1.778059482574463
expression,YA,GSE298393:GSM9013410,9,1,training_ground_mean_TPM,muscle_remodeling,3,MYL3,0.007217751654267818,-1.4829254150390625
expression,YA,GSE298393:GSM9013410,9,1,training_ground_mean_TPM,muscle_remodeling,4,TNNI2,0.006975712622730197,-0.49902820587158203
expression,YA,GSE298393:GSM9013410,9,1,training_ground_mean_TPM,muscle_remodeling,5,TNNC2,0.006618012118329171,-0.45109081268310547
expression,YA,GSE298393:GSM9013410,9,1,training_all_mean_TPM,mitochondrial_expression,1,IDH1,0.003296668576439637,0.3341341018676758
expression,YA,GSE298393:GSM9013410,9,1,training_all_mean_TPM,mitochondrial_expression,2,ATP1B1,0.0031482735209436637,-0.3268270492553711
expression,YA,GSE298393:GSM9013410,9,1,training_all_mean_TPM,mitochondrial_expression,3,COX10,0.0030228515046204912,0.24912452697753906
expression,YA,GSE298393:GSM9013410,9,1,training_all_mean_TPM,mitochondrial_expression,4,SDHA,0.0028377388859269943,0.23859596252441406
expression,YA,GSE298393:GSM9013410,9,1,training_all_mean_TPM,mitochondrial_expression,5,ACADVL,0.002808061789639529,0.22089385986328125
expression,YA,GSE298393:GSM9013410,9,1,training_all_mean_TPM,dna_repair,1,CDA,0.004662764502960385,0.20132671296596527
expression,YA,GSE298393:GSM9013410,9,1,training_all_mean_TPM,dna_repair,2,BCAM,0.004517048103521506,0.5573358535766602
expression,YA,GSE298393:GSM9013410,9,1,training_all_mean_TPM,dna_repair,3,REV3L,0.0032300561316493796,0.2603154182434082
expression,YA,GSE298393:GSM9013410,9,1,training_all_mean_TPM,dna_repair,4,ERCC2,0.003192668986985851,0.23526549339294434
expression,YA,GSE298393:GSM9013410,9,1,training_all_mean_TPM,dna_repair,5,APRT,0.0028551105735387704,0.32915329933166504
expression,YA,GSE298393:GSM9013410,9,1,training_all_mean_TPM,oxidative_stress,1,LSP1,0.003991874122421115,1.07194185256958
expression,YA,GSE298393:GSM9013410,9,1,training_all_mean_TPM,oxidative_stress,2,ERCC2,0.003192668986985851,0.23526549339294434
expression,YA,GSE298393:GSM9013410,9,1,training_all_mean_TPM,oxidative_stress,3,GCLM,0.0027478544842641024,-0.3711981773376465
expression,YA,GSE298393:GSM9013410,9,1,training_all_mean_TPM,oxidative_stress,4,NDUFS2,0.002297090906034499,0.14235448837280273
expression,YA,GSE298393:GSM9013410,9,1,training_all_mean_TPM,oxidative_stress,5,SOD1,0.0021175349223795507,-0.21273231506347656
expression,YA,GSE298393:GSM9013410,9,1,training_all_mean_TPM,inflammatory_signaling,1,BTG2,0.0049688934075163595,-0.3314807415008545
expression,YA,GSE298393:GSM9013410,9,1,training_all_mean_TPM,inflammatory_signaling,2,CEBPB,0.004630689082075042,-0.3323798179626465
expression,YA,GSE298393:GSM9013410,9,1,training_all_mean_TPM,inflammatory_signaling,3,ETS2,0.004451447159626891,-0.41583919525146484
expression,YA,GSE298393:GSM9013410,9,1,training_all_mean_TPM,inflammatory_signaling,4,GEM,-0.00423170074843271,0.4091055393218994
expression,YA,GSE298393:GSM9013410,9,1,training_all_mean_TPM,inflammatory_signaling,5,SIK1,0.0039055625057282974,0.7927637100219727
expression,YA,GSE298393:GSM9013410,9,1,training_all_mean_TPM,proteostasis,1,CEBPB,0.004630689082075042,-0.3323798179626465
expression,YA,GSE298393:GSM9013410,9,1,training_all_mean_TPM,proteostasis,2,TATDN2,0.0043981433666357575,-0.27094340324401855
expression,YA,GSE298393:GSM9013410,9,1,training_all_mean_TPM,proteostasis,3,KDELR3,0.0027857033455064685,-0.4956320524215698
expression,YA,GSE298393:GSM9013410,9,1,training_all_mean_TPM,proteostasis,4,ATF3,0.0024610303143708183,-0.450738787651062
expression,YA,GSE298393:GSM9013410,9,1,training_all_mean_TPM,proteostasis,5,DNAJA4,0.0019623906848783017,-0.568812370300293
expression,YA,GSE298393:GSM9013410,9,1,training_all_mean_TPM,muscle_remodeling,1,SOD3,0.008695256457873208,0.48604249954223633
expression,YA,GSE298393:GSM9013410,9,1,training_all_mean_TPM,muscle_remodeling,2,MB,0.006639877386991969,-1.5127182006835938
expression,YA,GSE298393:GSM9013410,9,1,training_all_mean_TPM,muscle_remodeling,3,MYL3,0.005738025764224605,-1.178907871246338
expression,YA,GSE298393:GSM9013410,9,1,training_all_mean_TPM,muscle_remodeling,4,TNNI2,0.005679590292805118,-0.40630626678466797
expression,YA,GSE298393:GSM9013410,9,1,training_all_mean_TPM,muscle_remodeling,5,AGRN,0.005136273341834388,0.4138600826263428
expression,YA,GSE298393:GSM9013411,10,1,training_ground_mean_TPM,mitochondrial_expression,1,SDHA,0.004999588543545835,0.4203634262084961
expression,YA,GSE298393:GSM9013411,10,1,training_ground_mean_TPM,mitochondrial_expression,2,CYB5R3,0.003589288576899466,-0.1500391960144043
expression,YA,GSE298393:GSM9013411,10,1,training_ground_mean_TPM,mitochondrial_expression,3,LRPPRC,0.003566229665441923,0.332566499710083
expression,YA,GSE298393:GSM9013411,10,1,training_ground_mean_TPM,mitochondrial_expression,4,COX10,0.00352371892631757,0.290402889251709
expression,YA,GSE298393:GSM9013411,10,1,training_ground_mean_TPM,mitochondrial_expression,5,RHOT2,0.0035186432679579836,0.37350916862487793
expression,YA,GSE298393:GSM9013411,10,1,training_ground_mean_TPM,dna_repair,1,BCAM,0.0060765380362278205,0.749753475189209
expression,YA,GSE298393:GSM9013411,10,1,training_ground_mean_TPM,dna_repair,2,CDA,0.004214001778836801,0.18195024132728577
expression,YA,GSE298393:GSM9013411,10,1,training_ground_mean_TPM,dna_repair,3,TK2,-0.004056234507614655,0.2577645778656006
expression,YA,GSE298393:GSM9013411,10,1,training_ground_mean_TPM,dna_repair,4,PDE4B,0.0037883846509260436,-2.190309762954712
expression,YA,GSE298393:GSM9013411,10,1,training_ground_mean_TPM,dna_repair,5,TMED2,0.0035291174242058636,-0.32172536849975586
expression,YA,GSE298393:GSM9013411,10,1,training_ground_mean_TPM,oxidative_stress,1,LSP1,0.00499865158066412,1.3422927856445312
expression,YA,GSE298393:GSM9013411,10,1,training_ground_mean_TPM,oxidative_stress,2,SOD1,0.003957080851963414,-0.3975372314453125
expression,YA,GSE298393:GSM9013411,10,1,training_ground_mean_TPM,oxidative_stress,3,GPX3,0.003735185612533264,-0.623619556427002
expression,YA,GSE298393:GSM9013411,10,1,training_ground_mean_TPM,oxidative_stress,4,GCLM,0.003641789039950914,-0.4919567108154297
expression,YA,GSE298393:GSM9013411,10,1,training_ground_mean_TPM,oxidative_stress,5,PRDX2,0.0035072882432702415,-0.2779045104980469
expression,YA,GSE298393:GSM9013411,10,1,training_ground_mean_TPM,inflammatory_signaling,1,BTG2,0.006936356917840038,-0.46273255348205566
expression,YA,GSE298393:GSM9013411,10,1,training_ground_mean_TPM,inflammatory_signaling,2,IER5,0.005470497680450719,-0.42494118213653564
expression,YA,GSE298393:GSM9013411,10,1,training_ground_mean_TPM,inflammatory_signaling,3,RNF19B,0.005356641770094535,-0.3439936637878418
expression,YA,GSE298393:GSM9013411,10,1,training_ground_mean_TPM,inflammatory_signaling,4,SIK1,0.005276767561379693,1.07109534740448
expression,YA,GSE298393:GSM9013411,10,1,training_ground_mean_TPM,inflammatory_signaling,5,CEBPB,0.0049447756397464696,-0.35492420196533203
expression,YA,GSE298393:GSM9013411,10,1,training_ground_mean_TPM,proteostasis,1,CEBPB,0.0049447756397464696,-0.35492420196533203
expression,YA,GSE298393:GSM9013411,10,1,training_ground_mean_TPM,proteostasis,2,STC2,0.004186280332142065,0.1965348720550537
expression,YA,GSE298393:GSM9013411,10,1,training_ground_mean_TPM,proteostasis,3,TATDN2,0.0035709122539021973,-0.21998262405395508
expression,YA,GSE298393:GSM9013411,10,1,training_ground_mean_TPM,proteostasis,4,KDELR3,0.0034835685451051614,-0.6197961568832397
expression,YA,GSE298393:GSM9013411,10,1,training_ground_mean_TPM,proteostasis,5,SHC1,0.003402764983368998,-0.302490234375
expression,YA,GSE298393:GSM9013411,10,1,training_ground_mean_TPM,muscle_remodeling,1,SOD3,0.009356256494069208,0.5229907035827637
expression,YA,GSE298393:GSM9013411,10,1,training_ground_mean_TPM,muscle_remodeling,2,MYL3,0.00800767018232803,-1.6452183723449707
expression,YA,GSE298393:GSM9013411,10,1,training_ground_mean_TPM,muscle_remodeling,3,MB,0.007463855110390972,-1.700439453125
expression,YA,GSE298393:GSM9013411,10,1,training_ground_mean_TPM,muscle_remodeling,4,TNNC2,0.00662032071256541,-0.4512481689453125
expression,YA,GSE298393:GSM9013411,10,1,training_ground_mean_TPM,muscle_remodeling,5,TNNI2,0.006318319739596103,-0.4519996643066406
expression,YA,GSE298393:GSM9013411,10,1,training_all_mean_TPM,mitochondrial_expression,1,SDHA,0.0032828305841941284,0.2760190963745117
expression,YA,GSE298393:GSM9013411,10,1,training_all_mean_TPM,mitochondrial_expression,2,LRPPRC,0.002342418610197649,0.21844077110290527
expression,YA,GSE298393:GSM9013411,10,1,training_all_mean_TPM,mitochondrial_expression,3,TCIRG1,0.002239785880896259,-0.21014189720153809
expression,YA,GSE298393:GSM9013411,10,1,training_all_mean_TPM,mitochondrial_expression,4,COX10,0.0021694438207978373,0.17879199981689453
expression,YA,GSE298393:GSM9013411,10,1,training_all_mean_TPM,mitochondrial_expression,5,CYB5R3,0.0021242455939596457,-0.08879756927490234
expression,YA,GSE298393:GSM9013411,10,1,training_all_mean_TPM,dna_repair,1,TK2,-0.004425865795912968,0.2812538146972656
expression,YA,GSE298393:GSM9013411,10,1,training_all_mean_TPM,dna_repair,2,BCAM,0.004096240230227163,0.5054144859313965
expression,YA,GSE298393:GSM9013411,10,1,training_all_mean_TPM,dna_repair,3,TMED2,0.0031278943595888387,-0.28514862060546875
expression,YA,GSE298393:GSM9013411,10,1,training_all_mean_TPM,dna_repair,4,PDE4B,0.0028223186783183528,-1.6317646503448486
expression,YA,GSE298393:GSM9013411,10,1,training_all_mean_TPM,dna_repair,5,CDA,0.002590792308296189,0.11186404526233673
expression,YA,GSE298393:GSM9013411,10,1,training_all_mean_TPM,oxidative_stress,1,LSP1,0.003377167858608763,0.9068741798400879
expression,YA,GSE298393:GSM9013411,10,1,training_all_mean_TPM,oxidative_stress,2,SOD1,0.0030254987659094337,-0.30394840240478516
expression,YA,GSE298393:GSM9013411,10,1,training_all_mean_TPM,oxidative_stress,3,IPCEF1,-0.0029553540397332847,0.11977899819612503
expression,YA,GSE298393:GSM9013411,10,1,training_all_mean_TPM,oxidative_stress,4,GCLM,0.002751084309923645,-0.37163448333740234
expression,YA,GSE298393:GSM9013411,10,1,training_all_mean_TPM,oxidative_stress,5,GPX3,0.002370015362653922,-0.395693302154541
expression,YA,GSE298393:GSM9013411,10,1,training_all_mean_TPM,inflammatory_signaling,1,BTG2,0.0065534786762313545,-0.43719029426574707
expression,YA,GSE298393:GSM9013411,10,1,training_all_mean_TPM,inflammatory_signaling,2,RNF19B,0.004482550121118474,-0.2878611087799072
expression,YA,GSE298393:GSM9013411,10,1,training_all_mean_TPM,inflammatory_signaling,3,SIK1,0.004164619227433561,0.8453478813171387
expression,YA,GSE298393:GSM9013411,10,1,training_all_mean_TPM,inflammatory_signaling,4,IER5,0.0041268417399560955,-0.3205677270889282
expression,YA,GSE298393:GSM9013411,10,1,training_all_mean_TPM,inflammatory_signaling,5,GEM,-0.003961257685483348,0.38296008110046387
expression,YA,GSE298393:GSM9013411,10,1,training_all_mean_TPM,proteostasis,1,CEBPB,0.0037375430096205204,-0.26827192306518555
expression,YA,GSE298393:GSM9013411,10,1,training_all_mean_TPM,proteostasis,2,STC2,0.0031090200756472086,0.14596033096313477
expression,YA,GSE298393:GSM9013411,10,1,training_all_mean_TPM,proteostasis,3,KDELR3,0.0023992900155114256,-0.42688143253326416
expression,YA,GSE298393:GSM9013411,10,1,training_all_mean_TPM,proteostasis,4,EIF2S1,-0.002338845932455982,-0.2463550567626953
expression,YA,GSE298393:GSM9013411,10,1,training_all_mean_TPM,proteostasis,5,SHC1,0.0021624310563197456,-0.192230224609375
expression,YA,GSE298393:GSM9013411,10,1,training_all_mean_TPM,muscle_remodeling,1,SOD3,0.008663420356705469,0.48426294326782227
expression,YA,GSE298393:GSM9013411,10,1,training_all_mean_TPM,muscle_remodeling,2,MYL3,0.006527944292284818,-1.341200828552246
expression,YA,GSE298393:GSM9013411,10,1,training_all_mean_TPM,muscle_remodeling,3,MB,0.006299174486685595,-1.4350981712341309
expression,YA,GSE298393:GSM9013411,10,1,training_all_mean_TPM,muscle_remodeling,4,TNNI1,0.005837929224054037,-0.16975688934326172
expression,YA,GSE298393:GSM9013411,10,1,training_all_mean_TPM,muscle_remodeling,5,TNNI2,0.005022197409671024,-0.35927772521972656
expression,YA,GSE298393:GSM9013412,11,1,training_ground_mean_TPM,mitochondrial_expression,1,ECH1,0.005400220753135221,0.3036689758300781
expression,YA,GSE298393:GSM9013412,11,1,training_ground_mean_TPM,mitochondrial_expression,2,SDHA,0.004878609260303379,0.41019153594970703
expression,YA,GSE298393:GSM9013412,11,1,training_ground_mean_TPM,mitochondrial_expression,3,COX10,0.004871681622292423,0.40149354934692383
expression,YA,GSE298393:GSM9013412,11,1,training_ground_mean_TPM,mitochondrial_expression,4,CYB5R3,0.004344207831382015,-0.1815962791442871
expression,YA,GSE298393:GSM9013412,11,1,training_ground_mean_TPM,mitochondrial_expression,5,ATP1B1,-0.004063154991514036,0.421802282333374
expression,YA,GSE298393:GSM9013412,11,1,training_ground_mean_TPM,dna_repair,1,ARL6IP1,0.006461974312464912,-0.521937370300293
expression,YA,GSE298393:GSM9013412,11,1,training_ground_mean_TPM,dna_repair,2,BCAM,0.0056443372362253155,0.6964263916015625
expression,YA,GSE298393:GSM9013412,11,1,training_ground_mean_TPM,dna_repair,3,TMED2,0.004387332131469908,-0.3999629020690918
expression,YA,GSE298393:GSM9013412,11,1,training_ground_mean_TPM,dna_repair,4,ADA,0.004348428354286667,-0.5151227712631226
expression,YA,GSE298393:GSM9013412,11,1,training_ground_mean_TPM,dna_repair,5,VPS28,0.0036270633642141656,-0.22004461288452148
expression,YA,GSE298393:GSM9013412,11,1,training_ground_mean_TPM,oxidative_stress,1,GLRX,-0.006099503114379556,-0.47066783905029297
expression,YA,GSE298393:GSM9013412,11,1,training_ground_mean_TPM,oxidative_stress,2,GCLM,0.0039059940736976386,-0.5276472568511963
expression,YA,GSE298393:GSM9013412,11,1,training_ground_mean_TPM,oxidative_stress,3,JUNB,0.0037138894944196963,-1.0873582363128662
expression,YA,GSE298393:GSM9013412,11,1,training_ground_mean_TPM,oxidative_stress,4,SOD1,0.0033591444130133138,-0.3374671936035156
expression,YA,GSE298393:GSM9013412,11,1,training_ground_mean_TPM,oxidative_stress,5,MBP,0.0032390654551591627,-0.505608081817627
expression,YA,GSE298393:GSM9013412,11,1,training_ground_mean_TPM,inflammatory_signaling,1,BTG2,0.007955295087127322,-0.5307071208953857
expression,YA,GSE298393:GSM9013412,11,1,training_ground_mean_TPM,inflammatory_signaling,2,DRAM1,0.005801324362399052,-0.6641818284988403
expression,YA,GSE298393:GSM9013412,11,1,training_ground_mean_TPM,inflammatory_signaling,3,RNF19B,0.005320135430035914,-0.34164929389953613
expression,YA,GSE298393:GSM9013412,11,1,training_ground_mean_TPM,inflammatory_signaling,4,IER5,0.005251839831814648,-0.4079561233520508
expression,YA,GSE298393:GSM9013412,11,1,training_ground_mean_TPM,inflammatory_signaling,5,TGIF1,-0.005226482252108502,-0.31868600845336914
expression,YA,GSE298393:GSM9013412,11,1,training_ground_mean_TPM,proteostasis,1,SHC1,0.005030730082739617,-0.44720888137817383
expression,YA,GSE298393:GSM9013412,11,1,training_ground_mean_TPM,proteostasis,2,KDELR3,0.004739802822291755,-0.843305230140686
expression,YA,GSE298393:GSM9013412,11,1,training_ground_mean_TPM,proteostasis,3,DNAJA4,0.004298863091390153,-1.2460548877716064
expression,YA,GSE298393:GSM9013412,11,1,training_ground_mean_TPM,proteostasis,4,ATF3,0.003810523085518054,-0.6978989839553833
expression,YA,GSE298393:GSM9013412,11,1,training_ground_mean_TPM,proteostasis,5,CEBPB,0.00332172161102225,-0.23842525482177734
expression,YA,GSE298393:GSM9013412,11,1,training_ground_mean_TPM,muscle_remodeling,1,TNNI1,0.010149626449936253,-0.2951335906982422
expression,YA,GSE298393:GSM9013412,11,1,training_ground_mean_TPM,muscle_remodeling,2,MYL3,0.006128834134072978,-1.2592015266418457
expression,YA,GSE298393:GSM9013412,11,1,training_ground_mean_TPM,muscle_remodeling,3,COX7A1,0.005928750833179651,-0.4145817756652832
expression,YA,GSE298393:GSM9013412,11,1,training_ground_mean_TPM,muscle_remodeling,4,ATP2A1,0.005894323467736914,1.1135516166687012
expression,YA,GSE298393:GSM9013412,11,1,training_ground_mean_TPM,muscle_remodeling,5,MYL6B,-0.004948088299455922,-0.3222055435180664
expression,YA,GSE298393:GSM9013412,11,1,training_all_mean_TPM,mitochondrial_expression,1,ATP1B1,-0.004785721994583935,0.4968130588531494
expression,YA,GSE298393:GSM9013412,11,1,training_all_mean_TPM,mitochondrial_expression,2,ECH1,0.004367179654506526,0.24557828903198242
expression,YA,GSE298393:GSM9013412,11,1,training_all_mean_TPM,mitochondrial_expression,3,COX10,0.003517406516772691,0.2898826599121094
expression,YA,GSE298393:GSM9013412,11,1,training_all_mean_TPM,mitochondrial_expression,4,SDHA,0.0031618513009516714,0.26584720611572266
expression,YA,GSE298393:GSM9013412,11,1,training_all_mean_TPM,mitochondrial_expression,5,CYB5R3,0.0028791648484421954,-0.12035465240478516
expression,YA,GSE298393:GSM9013412,11,1,training_all_mean_TPM,dna_repair,1,ARL6IP1,0.00555604622744448,-0.4487650394439697
expression,YA,GSE298393:GSM9013412,11,1,training_all_mean_TPM,dna_repair,2,TMED2,0.0039861090668528824,-0.3633861541748047
expression,YA,GSE298393:GSM9013412,11,1,training_all_mean_TPM,dna_repair,3,ADA,0.003782716247201708,-0.4481074810028076
expression,YA,GSE298393:GSM9013412,11,1,training_all_mean_TPM,dna_repair,4,BCAM,0.0036640394302246584,0.45208740234375
expression,YA,GSE298393:GSM9013412,11,1,training_all_mean_TPM,dna_repair,5,VPS28,0.0029596988589977655,-0.17955732345581055
expression,YA,GSE298393:GSM9013412,11,1,training_all_mean_TPM,oxidative_stress,1,GLRX,-0.007220190149555192,-0.5571455955505371
expression,YA,GSE298393:GSM9013412,11,1,training_all_mean_TPM,oxidative_stress,2,GCLM,0.0030152893436703695,-0.40732502937316895
expression,YA,GSE298393:GSM9013412,11,1,training_all_mean_TPM,oxidative_stress,3,JUNB,0.0024856762126723047,-0.7277600765228271
expression,YA,GSE298393:GSM9013412,11,1,training_all_mean_TPM,oxidative_stress,4,SOD1,0.002427562326959333,-0.24387836456298828
expression,YA,GSE298393:GSM9013412,11,1,training_all_mean_TPM,oxidative_stress,5,SBNO2,0.0020586299072023516,-0.6797860860824585
expression,YA,GSE298393:GSM9013412,11,1,training_all_mean_TPM,inflammatory_signaling,1,BTG2,0.007572416845518639,-0.5051648616790771
expression,YA,GSE298393:GSM9013412,11,1,training_all_mean_TPM,inflammatory_signaling,2,TGIF1,-0.006019510745721445,-0.36704111099243164
expression,YA,GSE298393:GSM9013412,11,1,training_all_mean_TPM,inflammatory_signaling,3,CDKN1A,-0.0057164080426914945,-0.9087562561035156
expression,YA,GSE298393:GSM9013412,11,1,training_all_mean_TPM,inflammatory_signaling,4,DRAM1,0.005042676878907745,-0.5773258209228516
expression,YA,GSE298393:GSM9013412,11,1,training_all_mean_TPM,inflammatory_signaling,5,SNN,-0.0044646465039686655,-0.3872056007385254
expression,YA,GSE298393:GSM9013412,11,1,training_all_mean_TPM,proteostasis,1,SHC1,0.003790396155690365,-0.33694887161254883
expression,YA,GSE298393:GSM9013412,11,1,training_all_mean_TPM,proteostasis,2,KDELR3,0.003655524292698019,-0.6503905057907104
expression,YA,GSE298393:GSM9013412,11,1,training_all_mean_TPM,proteostasis,3,DNAJA4,0.0031729732558651957,-0.9197080135345459
expression,YA,GSE298393:GSM9013412,11,1,training_all_mean_TPM,proteostasis,4,ATF3,0.002927754224433337,-0.5362194776535034
expression,YA,GSE298393:GSM9013412,11,1,training_all_mean_TPM,proteostasis,5,ARFGAP1,0.0026644105288334665,-0.34665441513061523
expression,YA,GSE298393:GSM9013412,11,1,training_all_mean_TPM,muscle_remodeling,1,TNNI1,0.010053039866761593,-0.2923250198364258
expression,YA,GSE298393:GSM9013412,11,1,training_all_mean_TPM,muscle_remodeling,2,MYL6B,-0.005970403526475699,-0.3887758255004883
expression,YA,GSE298393:GSM9013412,11,1,training_all_mean_TPM,muscle_remodeling,3,CDKN1A,-0.0057164080426914945,-0.9087562561035156
expression,YA,GSE298393:GSM9013412,11,1,training_all_mean_TPM,muscle_remodeling,4,COX7A1,0.005379190958331772,-0.37615251541137695
expression,YA,GSE298393:GSM9013412,11,1,training_all_mean_TPM,muscle_remodeling,5,MYL4,-0.004797251112297494,-0.26416635513305664
expression,OS,GSE298393:GSM9013395,0,0,training_ground_mean_TPM,mitochondrial_expression,1,MTRR,0.0034871667579372545,0.5654125213623047
expression,OS,GSE298393:GSM9013395,0,0,training_ground_mean_TPM,mitochondrial_expression,2,VDAC1,0.0031170577750674073,0.2008829116821289
expression,OS,GSE298393:GSM9013395,0,0,training_ground_mean_TPM,mitochondrial_expression,3,NDUFB8,0.003047862632855439,-0.11421537399291992
expression,OS,GSE298393:GSM9013395,0,0,training_ground_mean_TPM,mitochondrial_expression,4,MGST3,0.0030096761844163058,-0.2970762252807617
expression,OS,GSE298393:GSM9013395,0,0,training_ground_mean_TPM,mitochondrial_expression,5,IDH3A,0.002659177431126423,0.5886132717132568
expression,OS,GSE298393:GSM9013395,0,0,training_ground_mean_TPM,dna_repair,1,PDE4B,-0.00444697596978536,1.5621974468231201
expression,OS,GSE298393:GSM9013395,0,0,training_ground_mean_TPM,dna_repair,2,TAF6,0.004024940480850818,0.3427879810333252
expression,OS,GSE298393:GSM9013395,0,0,training_ground_mean_TPM,dna_repair,3,GTF2A2,0.003794476188067747,0.2368907928466797
expression,OS,GSE298393:GSM9013395,0,0,training_ground_mean_TPM,dna_repair,4,CMPK2,-0.003625387269040742,-0.5210649892687798
expression,OS,GSE298393:GSM9013395,0,0,training_ground_mean_TPM,dna_repair,5,RFC2,0.0035495030240860095,0.32570314407348633
expression,OS,GSE298393:GSM9013395,0,0,training_ground_mean_TPM,oxidative_stress,1,PRDX2,-0.0044372542075120855,0.2636075019836426
expression,OS,GSE298393:GSM9013395,0,0,training_ground_mean_TPM,oxidative_stress,2,JUNB,-0.00432183401322125,1.1950092315673828
expression,OS,GSE298393:GSM9013395,0,0,training_ground_mean_TPM,oxidative_stress,3,EGLN2,-0.003473869293067082,0.12943458557128906
expression,OS,GSE298393:GSM9013395,0,0,training_ground_mean_TPM,oxidative_stress,4,GCLM,-0.003131563855206427,0.22631049156188965
expression,OS,GSE298393:GSM9013395,0,0,training_ground_mean_TPM,oxidative_stress,5,SBNO2,-0.002673622982068397,1.290368914604187
expression,OS,GSE298393:GSM9013395,0,0,training_ground_mean_TPM,inflammatory_signaling,1,F2RL1,-0.012256058464026616,0.1326944176107645
expression,OS,GSE298393:GSM9013395,0,0,training_ground_mean_TPM,inflammatory_signaling,2,CD83,0.011582677439384202,0.7566242814064026
expression,OS,GSE298393:GSM9013395,0,0,training_ground_mean_TPM,inflammatory_signaling,3,FOSB,0.010768774551451282,1.724350929260254
expression,OS,GSE298393:GSM9013395,0,0,training_ground_mean_TPM,inflammatory_signaling,4,BCL3,-0.009504176448194387,1.0259220600128174
expression,OS,GSE298393:GSM9013395,0,0,training_ground_mean_TPM,inflammatory_signaling,5,ZFP36,-0.009213697705107736,1.3237335681915283
expression,OS,GSE298393:GSM9013395,0,0,training_ground_mean_TPM,proteostasis,1,DDIT4,0.009458408863922558,-0.472522497177124
expression,OS,GSE298393:GSM9013395,0,0,training_ground_mean_TPM,proteostasis,2,SERP1,0.00348518691649119,0.21401524543762207
expression,OS,GSE298393:GSM9013395,0,0,training_ground_mean_TPM,proteostasis,3,MTHFD2,0.003429772416803518,-0.5622408390045166
expression,OS,GSE298393:GSM9013395,0,0,training_ground_mean_TPM,proteostasis,4,CEBPG,0.0031558041810573457,-0.2900543212890625
expression,OS,GSE298393:GSM9013395,0,0,training_ground_mean_TPM,proteostasis,5,CEBPB,-0.003007067991430546,0.2876565456390381
expression,OS,GSE298393:GSM9013395,0,0,training_ground_mean_TPM,muscle_remodeling,1,MYL3,-0.007003180447217762,1.207399845123291
expression,OS,GSE298393:GSM9013395,0,0,training_ground_mean_TPM,muscle_remodeling,2,MYOM2,0.006532633720545499,-0.5519757270812988
expression,OS,GSE298393:GSM9013395,0,0,training_ground_mean_TPM,muscle_remodeling,3,CRYAB,-0.0055976474681325595,0.3043856620788574
expression,OS,GSE298393:GSM9013395,0,0,training_ground_mean_TPM,muscle_remodeling,4,MYH3,0.005512789242972843,-0.7218036651611328
expression,OS,GSE298393:GSM9013395,0,0,training_ground_mean_TPM,muscle_remodeling,5,BDKRB2,0.005044394297131175,0.40248749405145645
expression,OS,GSE298393:GSM9013395,0,0,training_all_mean_TPM,mitochondrial_expression,1,NDUFA8,-0.002930226050130519,-0.1987457275390625
expression,OS,GSE298393:GSM9013395,0,0,training_all_mean_TPM,mitochondrial_expression,2,NDUFB8,0.002911061474047335,-0.10908889770507812
expression,OS,GSE298393:GSM9013395,0,0,training_all_mean_TPM,mitochondrial_expression,3,ETFB,-0.0028880267847689986,-0.1479654312133789
expression,OS,GSE298393:GSM9013395,0,0,training_all_mean_TPM,mitochondrial_expression,4,MGST3,0.002827433034090462,-0.27908754348754883
expression,OS,GSE298393:GSM9013395,0,0,training_all_mean_TPM,mitochondrial_expression,5,NDUFB4,-0.002744067909759503,0.08755874633789062
expression,OS,GSE298393:GSM9013395,0,0,training_all_mean_TPM,dna_repair,1,PDE4B,-0.0054124225562699226,1.901353359222412
expression,OS,GSE298393:GSM9013395,0,0,training_all_mean_TPM,dna_repair,2,CMPK2,-0.004151165099048117,-0.5966333076357841
expression,OS,GSE298393:GSM9013395,0,0,training_all_mean_TPM,dna_repair,3,RFC2,0.003454439809629774,0.31698012351989746
expression,OS,GSE298393:GSM9013395,0,0,training_all_mean_TPM,dna_repair,4,NT5C,-0.0029998309886259456,-0.15633511543273926
expression,OS,GSE298393:GSM9013395,0,0,training_all_mean_TPM,dna_repair,5,VPS28,-0.0029721411485778898,0.15326261520385742
expression,OS,GSE298393:GSM9013395,0,0,training_all_mean_TPM,oxidative_stress,1,PRDX2,-0.005275037018378976,0.31337833404541016
expression,OS,GSE298393:GSM9013395,0,0,training_all_mean_TPM,oxidative_stress,2,EGLN2,-0.00450301862039032,0.16778016090393066
expression,OS,GSE298393:GSM9013395,0,0,training_all_mean_TPM,oxidative_stress,3,JUNB,-0.004462012919384693,1.233769416809082
expression,OS,GSE298393:GSM9013395,0,0,training_all_mean_TPM,oxidative_stress,4,GCLM,-0.0035676400975553,0.2578246593475342
expression,OS,GSE298393:GSM9013395,0,0,training_all_mean_TPM,oxidative_stress,5,NDUFB4,-0.002744067909759503,0.08755874633789062
expression,OS,GSE298393:GSM9013395,0,0,training_all_mean_TPM,inflammatory_signaling,1,F2RL1,-0.013588545635452209,0.1471210466697812
expression,OS,GSE298393:GSM9013395,0,0,training_all_mean_TPM,inflammatory_signaling,2,BCL3,-0.010517639952791882,1.135319709777832
expression,OS,GSE298393:GSM9013395,0,0,training_all_mean_TPM,inflammatory_signaling,3,CD83,0.010369014344683273,0.6773432195186615
expression,OS,GSE298393:GSM9013395,0,0,training_all_mean_TPM,inflammatory_signaling,4,ZFP36,-0.010222915495696802,1.4687280654907227
expression,OS,GSE298393:GSM9013395,0,0,training_all_mean_TPM,inflammatory_signaling,5,FOSB,0.009390942765941568,1.5037254989147186
expression,OS,GSE298393:GSM9013395,0,0,training_all_mean_TPM,proteostasis,1,DDIT4,0.008426957552051735,-0.4209933280944824
expression,OS,GSE298393:GSM9013395,0,0,training_all_mean_TPM,proteostasis,2,CEBPB,-0.003608661537408305,0.34520506858825684
expression,OS,GSE298393:GSM9013395,0,0,training_all_mean_TPM,proteostasis,3,DNAJA4,-0.0030733471477851966,0.6110937595367432
expression,OS,GSE298393:GSM9013395,0,0,training_all_mean_TPM,proteostasis,4,MTHFD2,0.0029916163722784237,-0.4904141426086426
expression,OS,GSE298393:GSM9013395,0,0,training_all_mean_TPM,proteostasis,5,DDX10,-0.0029397812164682615,-0.36562514305114746
expression,OS,GSE298393:GSM9013395,0,0,training_all_mean_TPM,muscle_remodeling,1,MYL3,-0.007673511859207756,1.322969913482666
expression,OS,GSE298393:GSM9013395,0,0,training_all_mean_TPM,muscle_remodeling,2,CRYAB,-0.006435317611050757,0.34993600845336914
expression,OS,GSE298393:GSM9013395,0,0,training_all_mean_TPM,muscle_remodeling,3,MYOM2,0.005601003854780601,-0.47325754165649414
expression,OS,GSE298393:GSM9013395,0,0,training_all_mean_TPM,muscle_remodeling,4,BDKRB2,0.004823094887565683,0.38483022153377533
expression,OS,GSE298393:GSM9013395,0,0,training_all_mean_TPM,muscle_remodeling,5,MYH3,0.004350987188475919,-0.5696859359741211
expression,OS,GSE298393:GSM9013396,1,0,training_ground_mean_TPM,mitochondrial_expression,1,TIMM17A,0.007139423855475624,0.6065499782562256
expression,OS,GSE298393:GSM9013396,1,0,training_ground_mean_TPM,mitochondrial_expression,2,NDUFB4,-0.006973474804742267,0.22251224517822266
expression,OS,GSE298393:GSM9013396,1,0,training_ground_mean_TPM,mitochondrial_expression,3,ATP6V1C1,0.0051609052054261495,0.6525967121124268
expression,OS,GSE298393:GSM9013396,1,0,training_ground_mean_TPM,mitochondrial_expression,4,ATP6V1F,-0.004564163435220289,0.24793720245361328
expression,OS,GSE298393:GSM9013396,1,0,training_ground_mean_TPM,mitochondrial_expression,5,MTRR,0.004371910085365594,0.7088656425476074
expression,OS,GSE298393:GSM9013396,1,0,training_ground_mean_TPM,dna_repair,1,NT5C,0.009265678174195163,0.4828774929046631
expression,OS,GSE298393:GSM9013396,1,0,training_ground_mean_TPM,dna_repair,2,TSG101,0.006022842405075069,0.5067615509033203
expression,OS,GSE298393:GSM9013396,1,0,training_ground_mean_TPM,dna_repair,3,SSRP1,0.004947346819743592,0.3426079750061035
expression,OS,GSE298393:GSM9013396,1,0,training_ground_mean_TPM,dna_repair,4,NELFB,0.004832948104540732,0.39248180389404297
expression,OS,GSE298393:GSM9013396,1,0,training_ground_mean_TPM,dna_repair,5,GTF2A2,0.004756935102661675,0.29697751998901367
expression,OS,GSE298393:GSM9013396,1,0,training_ground_mean_TPM,oxidative_stress,1,SRXN1,-0.018592339712202637,1.1789271831512451
expression,OS,GSE298393:GSM9013396,1,0,training_ground_mean_TPM,oxidative_stress,2,GCLM,-0.007696963418658964,0.5562407970428467
expression,OS,GSE298393:GSM9013396,1,0,training_ground_mean_TPM,oxidative_stress,3,EGLN2,-0.007229563981564812,0.26936984062194824
expression,OS,GSE298393:GSM9013396,1,0,training_ground_mean_TPM,oxidative_stress,4,NDUFB4,-0.006973474804742267,0.22251224517822266
expression,OS,GSE298393:GSM9013396,1,0,training_ground_mean_TPM,oxidative_stress,5,ATOX1,0.0039871614292913676,0.45075178146362305
expression,OS,GSE298393:GSM9013396,1,0,training_ground_mean_TPM,inflammatory_signaling,1,TNC,-0.01132056209730296,2.091187298297882
expression,OS,GSE298393:GSM9013396,1,0,training_ground_mean_TPM,inflammatory_signaling,2,YRDC,0.007042011523754796,0.681360125541687
expression,OS,GSE298393:GSM9013396,1,0,training_ground_mean_TPM,inflammatory_signaling,3,BIRC3,0.006731176839499413,0.47258391976356506
expression,OS,GSE298393:GSM9013396,1,0,training_ground_mean_TPM,inflammatory_signaling,4,CCL5,-0.006471217547306914,0.2380837108939886
expression,OS,GSE298393:GSM9013396,1,0,training_ground_mean_TPM,inflammatory_signaling,5,RCAN1,0.0062831081172683165,0.47056031227111816
expression,OS,GSE298393:GSM9013396,1,0,training_ground_mean_TPM,proteostasis,1,DNAJB9,0.007629648187019796,1.1093637943267822
expression,OS,GSE298393:GSM9013396,1,0,training_ground_mean_TPM,proteostasis,2,HSP90B1,0.007273777375485898,1.4566941261291504
expression,OS,GSE298393:GSM9013396,1,0,training_ground_mean_TPM,proteostasis,3,CALR,0.0060952360151887135,1.0542712211608887
expression,OS,GSE298393:GSM9013396,1,0,training_ground_mean_TPM,proteostasis,4,HSPA5,0.005826856911216456,1.489628791809082
expression,OS,GSE298393:GSM9013396,1,0,training_ground_mean_TPM,proteostasis,5,POP4,0.005574252989608518,0.5997483730316162
expression,OS,GSE298393:GSM9013396,1,0,training_ground_mean_TPM,muscle_remodeling,1,CRYAB,-0.020759103494370643,1.12882661819458
expression,OS,GSE298393:GSM9013396,1,0,training_ground_mean_TPM,muscle_remodeling,2,CLU,0.007522159743772388,0.9772169589996338
expression,OS,GSE298393:GSM9013396,1,0,training_ground_mean_TPM,muscle_remodeling,3,MYL3,-0.00707222484816557,1.2193036079406738
expression,OS,GSE298393:GSM9013396,1,0,training_ground_mean_TPM,muscle_remodeling,4,DES,-0.0059218861213100734,0.34023284912109375
expression,OS,GSE298393:GSM9013396,1,0,training_ground_mean_TPM,muscle_remodeling,5,BDKRB2,0.005326435000568402,0.42499125748872757
expression,OS,GSE298393:GSM9013396,1,0,training_all_mean_TPM,mitochondrial_expression,1,NDUFB4,-0.007842644835715519,0.2502460479736328
expression,OS,GSE298393:GSM9013396,1,0,training_all_mean_TPM,mitochondrial_expression,2,TIMM17A,0.0058814783942586985,0.4996776580810547
expression,OS,GSE298393:GSM9013396,1,0,training_all_mean_TPM,mitochondrial_expression,3,HTRA2,-0.005333019632500011,0.26461005210876465
expression,OS,GSE298393:GSM9013396,1,0,training_all_mean_TPM,mitochondrial_expression,4,ATP6V1F,-0.00520702894751778,0.28285932540893555
expression,OS,GSE298393:GSM9013396,1,0,training_all_mean_TPM,mitochondrial_expression,5,ATP6V0C,-0.0043499369720508925,0.22894048690795898
expression,OS,GSE298393:GSM9013396,1,0,training_all_mean_TPM,dna_repair,1,NT5C,0.008525630775373568,0.44431018829345703
expression,OS,GSE298393:GSM9013396,1,0,training_all_mean_TPM,dna_repair,2,BRF2,-0.005667117025082223,0.3626532554626465
expression,OS,GSE298393:GSM9013396,1,0,training_all_mean_TPM,dna_repair,3,TSG101,0.0049353932493913285,0.41526365280151367
expression,OS,GSE298393:GSM9013396,1,0,training_all_mean_TPM,dna_repair,4,POLE4,-0.004847750707124531,0.6275982856750488
expression,OS,GSE298393:GSM9013396,1,0,training_all_mean_TPM,dna_repair,5,PDE4B,-0.004564223744296784,1.6033859252929688
expression,OS,GSE298393:GSM9013396,1,0,training_all_mean_TPM,oxidative_stress,1,SRXN1,-0.01962409712469514,1.2443501949310303
expression,OS,GSE298393:GSM9013396,1,0,training_all_mean_TPM,oxidative_stress,2,EGLN2,-0.00825871330888805,0.30771541595458984
expression,OS,GSE298393:GSM9013396,1,0,training_all_mean_TPM,oxidative_stress,3,GCLM,-0.008133039661007837,0.5877549648284912
expression,OS,GSE298393:GSM9013396,1,0,training_all_mean_TPM,oxidative_stress,4,NDUFB4,-0.007842644835715519,0.2502460479736328
expression,OS,GSE298393:GSM9013396,1,0,training_all_mean_TPM,oxidative_stress,5,SOD1,-0.004960189955846974,0.3877115249633789
expression,OS,GSE298393:GSM9013396,1,0,training_all_mean_TPM,inflammatory_signaling,1,TNC,-0.011987685448878025,2.2144214510917664
expression,OS,GSE298393:GSM9013396,1,0,training_all_mean_TPM,inflammatory_signaling,2,CCL5,-0.006855532763292147,0.2522231200709939
expression,OS,GSE298393:GSM9013396,1,0,training_all_mean_TPM,inflammatory_signaling,3,BCL3,-0.006503180623847409,0.7019815444946289
expression,OS,GSE298393:GSM9013396,1,0,training_all_mean_TPM,inflammatory_signaling,4,EIF1,-0.00650060149625075,0.41324567794799805
expression,OS,GSE298393:GSM9013396,1,0,training_all_mean_TPM,inflammatory_signaling,5,CSF1,-0.0064830490759023454,0.6335651874542236
expression,OS,GSE298393:GSM9013396,1,0,training_all_mean_TPM,proteostasis,1,DNAJB9,0.0069833085380385206,1.0153849124908447
expression,OS,GSE298393:GSM9013396,1,0,training_all_mean_TPM,proteostasis,2,HSP90B1,0.006284640378683054,1.2586030960083008
expression,OS,GSE298393:GSM9013396,1,0,training_all_mean_TPM,proteostasis,3,CALR,0.005455411388094271,0.9436030387878418
expression,OS,GSE298393:GSM9013396,1,0,training_all_mean_TPM,proteostasis,4,DNAJA4,-0.005362500132186664,1.0662610530853271
expression,OS,GSE298393:GSM9013396,1,0,training_all_mean_TPM,proteostasis,5,HSPA5,0.005238629325352079,1.3392491340637207
expression,OS,GSE298393:GSM9013396,1,0,training_all_mean_TPM,muscle_remodeling,1,CRYAB,-0.02159677363728884,1.1743769645690918
expression,OS,GSE298393:GSM9013396,1,0,training_all_mean_TPM,muscle_remodeling,2,MYL3,-0.007742556260155563,1.3348736763000488
expression,OS,GSE298393:GSM9013396,1,0,training_all_mean_TPM,muscle_remodeling,3,DES,-0.006425651459059932,0.36917591094970703
expression,OS,GSE298393:GSM9013396,1,0,training_all_mean_TPM,muscle_remodeling,4,CLU,0.006250721873066281,0.812042236328125
expression,OS,GSE298393:GSM9013396,1,0,training_all_mean_TPM,muscle_remodeling,5,CKB,-0.005756983373010388,-0.7608308792114258
expression,OS,GSE298393:GSM9013397,2,0,training_ground_mean_TPM,mitochondrial_expression,1,NDUFC2,0.004552715763291492,0.4892425537109375
expression,OS,GSE298393:GSM9013397,2,0,training_ground_mean_TPM,mitochondrial_expression,2,ATP6V1F,-0.003812724339602786,0.20711708068847656
expression,OS,GSE298393:GSM9013397,2,0,training_ground_mean_TPM,mitochondrial_expression,3,POLR2F,0.003144402855952284,0.25823259353637695
expression,OS,GSE298393:GSM9013397,2,0,training_ground_mean_TPM,mitochondrial_expression,4,ECI1,-0.002917826244928783,-0.24596071243286133
expression,OS,GSE298393:GSM9013397,2,0,training_ground_mean_TPM,mitochondrial_expression,5,MTRR,0.0028944558100456224,0.46930980682373047
expression,OS,GSE298393:GSM9013397,2,0,training_ground_mean_TPM,dna_repair,1,GTF2A2,0.005176797884435828,0.32318973541259766
expression,OS,GSE298393:GSM9013397,2,0,training_ground_mean_TPM,dna_repair,2,SSRP1,0.004431942103325038,0.3069157600402832
expression,OS,GSE298393:GSM9013397,2,0,training_ground_mean_TPM,dna_repair,3,POLR2E,0.004286706898350326,0.27757835388183594
expression,OS,GSE298393:GSM9013397,2,0,training_ground_mean_TPM,dna_repair,4,SF3A3,0.0034155324400115196,0.779111385345459
expression,OS,GSE298393:GSM9013397,2,0,training_ground_mean_TPM,dna_repair,5,SNAPC5,0.0033158958349992092,0.48665809631347656
expression,OS,GSE298393:GSM9013397,2,0,training_ground_mean_TPM,oxidative_stress,1,GCLM,-0.0069945434995260895,0.5054786205291748
expression,OS,GSE298393:GSM9013397,2,0,training_ground_mean_TPM,oxidative_stress,2,LAMTOR5,0.0031296878408473535,0.2470407485961914
expression,OS,GSE298393:GSM9013397,2,0,training_ground_mean_TPM,oxidative_stress,3,SRXN1,-0.0020555586775351303,0.1303415298461914
expression,OS,GSE298393:GSM9013397,2,0,training_ground_mean_TPM,oxidative_stress,4,SOD1,-0.0019069849832217935,0.14905881881713867
expression,OS,GSE298393:GSM9013397,2,0,training_ground_mean_TPM,oxidative_stress,5,NDUFB4,-0.0017966961874399604,0.057329654693603516
expression,OS,GSE298393:GSM9013397,2,0,training_ground_mean_TPM,inflammatory_signaling,1,HES1,-0.01288563922115882,0.4655437469482422
expression,OS,GSE298393:GSM9013397,2,0,training_ground_mean_TPM,inflammatory_signaling,2,TNC,-0.006159914339267742,1.137888252735138
expression,OS,GSE298393:GSM9013397,2,0,training_ground_mean_TPM,inflammatory_signaling,3,JUN,0.005232000453143352,0.3517913818359375
expression,OS,GSE298393:GSM9013397,2,0,training_ground_mean_TPM,inflammatory_signaling,4,FOSL2,-0.003972610548461319,0.5753049850463867
expression,OS,GSE298393:GSM9013397,2,0,training_ground_mean_TPM,inflammatory_signaling,5,SPSB1,-0.003945484431515009,0.5798262357711792
expression,OS,GSE298393:GSM9013397,2,0,training_ground_mean_TPM,proteostasis,1,EXOSC5,0.004630220722223828,0.6694145202636719
expression,OS,GSE298393:GSM9013397,2,0,training_ground_mean_TPM,proteostasis,2,SERP1,0.004099338782359649,0.25172853469848633
expression,OS,GSE298393:GSM9013397,2,0,training_ground_mean_TPM,proteostasis,3,PSAT1,-0.003675481969248112,0.7254199981689453
expression,OS,GSE298393:GSM9013397,2,0,training_ground_mean_TPM,proteostasis,4,ATP6V0D1,0.0036111585327611067,0.20758914947509766
expression,OS,GSE298393:GSM9013397,2,0,training_ground_mean_TPM,proteostasis,5,KDELR3,0.0033714158521992166,0.8895264863967896
expression,OS,GSE298393:GSM9013397,2,0,training_ground_mean_TPM,muscle_remodeling,1,CLU,0.007802436812989652,1.0136282444000244
expression,OS,GSE298393:GSM9013397,2,0,training_ground_mean_TPM,muscle_remodeling,2,MYL3,-0.006865708409519045,1.1836986541748047
expression,OS,GSE298393:GSM9013397,2,0,training_ground_mean_TPM,muscle_remodeling,3,AEBP1,-0.0050326352481334215,1.420337200164795
expression,OS,GSE298393:GSM9013397,2,0,training_ground_mean_TPM,muscle_remodeling,4,MYOM2,0.004930283850564421,-0.41658496856689453
expression,OS,GSE298393:GSM9013397,2,0,training_ground_mean_TPM,muscle_remodeling,5,TAGLN,-0.004030499345626786,1.0775713920593262
expression,OS,GSE298393:GSM9013397,2,0,training_all_mean_TPM,mitochondrial_expression,1,ATP6V1F,-0.004455589851900277,0.24203920364379883
expression,OS,GSE298393:GSM9013397,2,0,training_all_mean_TPM,mitochondrial_expression,2,NDUFC2,0.0039774895407235274,0.4274277687072754
expression,OS,GSE298393:GSM9013397,2,0,training_all_mean_TPM,mitochondrial_expression,3,TIMM9,-0.0031955500909129717,-0.18936967849731445
expression,OS,GSE298393:GSM9013397,2,0,training_all_mean_TPM,mitochondrial_expression,4,ECI1,-0.003161025099848693,-0.2664613723754883
expression,OS,GSE298393:GSM9013397,2,0,training_all_mean_TPM,mitochondrial_expression,5,MRPL15,-0.0030357697312357436,-0.2854137420654297
expression,OS,GSE298393:GSM9013397,2,0,training_all_mean_TPM,dna_repair,1,GTF2A2,0.004054615288401484,0.2531313896179199
expression,OS,GSE298393:GSM9013397,2,0,training_all_mean_TPM,dna_repair,2,VPS28,-0.0032434034126089164,0.1672506332397461
expression,OS,GSE298393:GSM9013397,2,0,training_all_mean_TPM,dna_repair,3,POLR2E,0.0031552499781329338,0.20431280136108398
expression,OS,GSE298393:GSM9013397,2,0,training_all_mean_TPM,dna_repair,4,SSRP1,0.003108506292590804,0.21526670455932617
expression,OS,GSE298393:GSM9013397,2,0,training_all_mean_TPM,dna_repair,5,RFC2,0.003018331759491558,0.2769627571105957
expression,OS,GSE298393:GSM9013397,2,0,training_all_mean_TPM,oxidative_stress,1,GCLM,-0.007430619741874963,0.5369927883148193
expression,OS,GSE298393:GSM9013397,2,0,training_all_mean_TPM,oxidative_stress,2,SRXN1,-0.0030873160900276304,0.19576454162597656
expression,OS,GSE298393:GSM9013397,2,0,training_all_mean_TPM,oxidative_stress,3,SOD1,-0.0030401561756708984,0.23763275146484375
expression,OS,GSE298393:GSM9013397,2,0,training_all_mean_TPM,oxidative_stress,4,NDUFB4,-0.0026658662184132114,0.08506345748901367
expression,OS,GSE298393:GSM9013397,2,0,training_all_mean_TPM,oxidative_stress,5,GSR,-0.002175083125001025,-0.17346525192260742
expression,OS,GSE298393:GSM9013397,2,0,training_all_mean_TPM,inflammatory_signaling,1,HES1,-0.013744880029263263,0.4965871572494507
expression,OS,GSE298393:GSM9013397,2,0,training_all_mean_TPM,inflammatory_signaling,2,TNC,-0.006827037690842807,1.2611224055290222
expression,OS,GSE298393:GSM9013397,2,0,training_all_mean_TPM,inflammatory_signaling,3,SPSB1,-0.004561267271032216,0.6703213453292847
expression,OS,GSE298393:GSM9013397,2,0,training_all_mean_TPM,inflammatory_signaling,4,JUN,0.004196401079130028,0.28215932846069336
expression,OS,GSE298393:GSM9013397,2,0,training_all_mean_TPM,inflammatory_signaling,5,FOSL2,-0.004106571100419685,0.5947048664093018
expression,OS,GSE298393:GSM9013397,2,0,training_all_mean_TPM,proteostasis,1,DDX10,-0.004268327618153735,-0.5308585166931152
expression,OS,GSE298393:GSM9013397,2,0,training_all_mean_TPM,proteostasis,2,PSAT1,-0.0041646097141368405,0.8219578266143799
expression,OS,GSE298393:GSM9013397,2,0,training_all_mean_TPM,proteostasis,3,EXOSC5,0.003284526462200191,0.47486066818237305
expression,OS,GSE298393:GSM9013397,2,0,training_all_mean_TPM,proteostasis,4,ATP6V0D1,0.003199656041290539,0.18393373489379883
expression,OS,GSE298393:GSM9013397,2,0,training_all_mean_TPM,proteostasis,5,SERP1,0.003157737095946282,0.1939074993133545
expression,OS,GSE298393:GSM9013397,2,0,training_all_mean_TPM,muscle_remodeling,1,MYL3,-0.007536039821509039,1.2992687225341797
expression,OS,GSE298393:GSM9013397,2,0,training_all_mean_TPM,muscle_remodeling,2,CLU,0.006530998942283545,0.8484535217285156
expression,OS,GSE298393:GSM9013397,2,0,training_all_mean_TPM,muscle_remodeling,3,AEBP1,-0.005950147564871076,1.6792824268341064
expression,OS,GSE298393:GSM9013397,2,0,training_all_mean_TPM,muscle_remodeling,4,TAGLN,-0.004895981827705401,1.3089618682861328
expression,OS,GSE298393:GSM9013397,2,0,training_all_mean_TPM,muscle_remodeling,5,ACHE,-0.004755809198600769,-0.5167117118835449
expression,OS,GSE298393:GSM9013404,6,1,training_ground_mean_TPM,mitochondrial_expression,1,TIMM17A,0.006523555220373407,0.5542271137237549
expression,OS,GSE298393:GSM9013404,6,1,training_ground_mean_TPM,mitochondrial_expression,2,MTRR,0.005161067442704086,0.8368203639984131
expression,OS,GSE298393:GSM9013404,6,1,training_ground_mean_TPM,mitochondrial_expression,3,GRPEL1,0.004496896327135274,0.465712308883667
expression,OS,GSE298393:GSM9013404,6,1,training_ground_mean_TPM,mitochondrial_expression,4,NDUFB1,0.00424448271762398,0.37040185928344727
expression,OS,GSE298393:GSM9013404,6,1,training_ground_mean_TPM,mitochondrial_expression,5,TIMM9,0.004105694112581205,0.24330520629882812
expression,OS,GSE298393:GSM9013404,6,1,training_ground_mean_TPM,dna_repair,1,GTF2A2,0.006708196035201098,0.4187955856323242
expression,OS,GSE298393:GSM9013404,6,1,training_ground_mean_TPM,dna_repair,2,PCNA,0.004502708235139369,0.5402078628540039
expression,OS,GSE298393:GSM9013404,6,1,training_ground_mean_TPM,dna_repair,3,TSG101,0.004476554708386152,0.37665700912475586
expression,OS,GSE298393:GSM9013404,6,1,training_ground_mean_TPM,dna_repair,4,CLP1,0.003961430063762732,0.5352960824966431
expression,OS,GSE298393:GSM9013404,6,1,training_ground_mean_TPM,dna_repair,5,MPC2,0.003912765165773844,0.5053348541259766
expression,OS,GSE298393:GSM9013404,6,1,training_ground_mean_TPM,oxidative_stress,1,LAMTOR5,0.00439827938924692,0.34717655181884766
expression,OS,GSE298393:GSM9013404,6,1,training_ground_mean_TPM,oxidative_stress,2,PDLIM1,0.004297041483348293,1.1037828922271729
expression,OS,GSE298393:GSM9013404,6,1,training_ground_mean_TPM,oxidative_stress,3,TXNRD1,0.003337448527401809,0.7398247718811035
expression,OS,GSE298393:GSM9013404,6,1,training_ground_mean_TPM,oxidative_stress,4,PRNP,0.0031499592938188485,0.5801329612731934
expression,OS,GSE298393:GSM9013404,6,1,training_ground_mean_TPM,oxidative_stress,5,OXSR1,0.0030926411969568433,0.5986299514770508
expression,OS,GSE298393:GSM9013404,6,1,training_ground_mean_TPM,inflammatory_signaling,1,RHOB,0.008847205590203624,0.4087038040161133
expression,OS,GSE298393:GSM9013404,6,1,training_ground_mean_TPM,inflammatory_signaling,2,JUN,0.006564222396763867,0.44136786460876465
expression,OS,GSE298393:GSM9013404,6,1,training_ground_mean_TPM,inflammatory_signaling,3,CCL5,-0.006432990143112902,0.2366772796958685
expression,OS,GSE298393:GSM9013404,6,1,training_ground_mean_TPM,inflammatory_signaling,4,YRDC,0.005890737385271074,0.5699669122695923
expression,OS,GSE298393:GSM9013404,6,1,training_ground_mean_TPM,inflammatory_signaling,5,CCL20,0.005875933106004031,0.885424293577671
expression,OS,GSE298393:GSM9013404,6,1,training_ground_mean_TPM,proteostasis,1,DDIT4,-0.005751848302923858,0.2873504161834717
expression,OS,GSE298393:GSM9013404,6,1,training_ground_mean_TPM,proteostasis,2,EIF4G1,0.004901333773128156,-0.36336612701416016
expression,OS,GSE298393:GSM9013404,6,1,training_ground_mean_TPM,proteostasis,3,RRP9,0.004193383644558436,0.48163533210754395
expression,OS,GSE298393:GSM9013404,6,1,training_ground_mean_TPM,proteostasis,4,DNAJB9,0.004162864424134657,0.6052875518798828
expression,OS,GSE298393:GSM9013404,6,1,training_ground_mean_TPM,proteostasis,5,IMP3,0.003976362584081732,0.17623329162597656
expression,OS,GSE298393:GSM9013404,6,1,training_ground_mean_TPM,muscle_remodeling,1,ANKRD2,0.005847778054801408,1.6163939833641052
expression,OS,GSE298393:GSM9013404,6,1,training_ground_mean_TPM,muscle_remodeling,2,EFS,0.005194138081209841,-0.5623140931129456
expression,OS,GSE298393:GSM9013404,6,1,training_ground_mean_TPM,muscle_remodeling,3,IGFBP7,0.00495320742428016,-0.6736750602722168
expression,OS,GSE298393:GSM9013404,6,1,training_ground_mean_TPM,muscle_remodeling,4,APOD,0.004418891913863118,-0.5165087580680847
expression,OS,GSE298393:GSM9013404,6,1,training_ground_mean_TPM,muscle_remodeling,5,TNNC1,0.004348862005672782,0.8896608352661133
expression,OS,GSE298393:GSM9013404,6,1,training_all_mean_TPM,mitochondrial_expression,1,TIMM17A,0.005265609759156482,0.447354793548584
expression,OS,GSE298393:GSM9013404,6,1,training_all_mean_TPM,mitochondrial_expression,2,ATP6AP1,-0.00477724010116324,-0.1632699966430664
expression,OS,GSE298393:GSM9013404,6,1,training_all_mean_TPM,mitochondrial_expression,3,MTRR,0.003923730182564355,0.6361973285675049
expression,OS,GSE298393:GSM9013404,6,1,training_all_mean_TPM,mitochondrial_expression,4,NDUFB1,0.003633537386707171,0.31708669662475586
expression,OS,GSE298393:GSM9013404,6,1,training_all_mean_TPM,mitochondrial_expression,5,TOMM22,0.003303824283488554,0.2942514419555664
expression,OS,GSE298393:GSM9013404,6,1,training_all_mean_TPM,dna_repair,1,GTF2A2,0.005586013439166755,0.3487372398376465
expression,OS,GSE298393:GSM9013404,6,1,training_all_mean_TPM,dna_repair,2,BRF2,-0.003869425321212748,0.24761438369750977
expression,OS,GSE298393:GSM9013404,6,1,training_all_mean_TPM,dna_repair,3,CLP1,0.0034977923423336423,0.4726461172103882
expression,OS,GSE298393:GSM9013404,6,1,training_all_mean_TPM,dna_repair,4,TSG101,0.0033891055527024106,0.2851591110229492
expression,OS,GSE298393:GSM9013404,6,1,training_all_mean_TPM,dna_repair,5,PCNA,0.0033826431767535184,0.40582919120788574
expression,OS,GSE298393:GSM9013404,6,1,training_all_mean_TPM,oxidative_stress,1,SRXN1,-0.004099265853764972,0.2599315643310547
expression,OS,GSE298393:GSM9013404,6,1,training_all_mean_TPM,oxidative_stress,2,GCLM,-0.003382289549456916,0.2444298267364502
expression,OS,GSE298393:GSM9013404,6,1,training_all_mean_TPM,oxidative_stress,3,LAMTOR5,0.003182110876356932,0.2511787414550781
expression,OS,GSE298393:GSM9013404,6,1,training_all_mean_TPM,oxidative_stress,4,PDLIM1,0.002892990721642969,0.7431237697601318
expression,OS,GSE298393:GSM9013404,6,1,training_all_mean_TPM,oxidative_stress,5,SELENOS,-0.0026578453701940263,0.3249678611755371
expression,OS,GSE298393:GSM9013404,6,1,training_all_mean_TPM,inflammatory_signaling,1,RHOB,0.008131270771575381,0.37563061714172363
expression,OS,GSE298393:GSM9013404,6,1,training_all_mean_TPM,inflammatory_signaling,2,CCL5,-0.006817305359098135,0.2508166888728738
expression,OS,GSE298393:GSM9013404,6,1,training_all_mean_TPM,inflammatory_signaling,3,HES1,-0.006431808990534003,0.23237407207489014
expression,OS,GSE298393:GSM9013404,6,1,training_all_mean_TPM,inflammatory_signaling,4,JUN,0.005528623022750543,0.3717358112335205
expression,OS,GSE298393:GSM9013404,6,1,training_all_mean_TPM,inflammatory_signaling,5,YRDC,0.005201161096081269,0.5032459497451782
expression,OS,GSE298393:GSM9013404,6,1,training_all_mean_TPM,proteostasis,1,DDIT4,-0.006783299614794681,0.3388795852661133
expression,OS,GSE298393:GSM9013404,6,1,training_all_mean_TPM,proteostasis,2,EIF4G1,0.0037828375636684204,-0.2804450988769531
expression,OS,GSE298393:GSM9013404,6,1,training_all_mean_TPM,proteostasis,3,DNAJB9,0.0035165247751533816,0.5113086700439453
expression,OS,GSE298393:GSM9013404,6,1,training_all_mean_TPM,proteostasis,4,RRP9,0.0033824043690069833,0.3884894847869873
expression,OS,GSE298393:GSM9013404,6,1,training_all_mean_TPM,proteostasis,5,SERP1,0.002989520029796638,0.1835777759552002
expression,OS,GSE298393:GSM9013404,6,1,training_all_mean_TPM,muscle_remodeling,1,ATP6AP1,-0.00477724010116324,-0.1632699966430664
expression,OS,GSE298393:GSM9013404,6,1,training_all_mean_TPM,muscle_remodeling,2,ANKRD2,0.004484521378506832,1.2395739555358887
expression,OS,GSE298393:GSM9013404,6,1,training_all_mean_TPM,muscle_remodeling,3,EFS,0.004258845099511246,-0.4610598683357239
expression,OS,GSE298393:GSM9013404,6,1,training_all_mean_TPM,muscle_remodeling,4,IGFBP7,0.004039349123130851,-0.5493831634521484
expression,OS,GSE298393:GSM9013404,6,1,training_all_mean_TPM,muscle_remodeling,5,CRYAB,-0.0037517846690622047,0.20401239395141602
expression,OS,GSE298393:GSM9013405,7,1,training_ground_mean_TPM,mitochondrial_expression,1,TIMM17A,0.004405487743483078,0.3742806911468506
expression,OS,GSE298393:GSM9013405,7,1,training_ground_mean_TPM,mitochondrial_expression,2,AIFM1,0.004245346440873519,0.387070894241333
expression,OS,GSE298393:GSM9013405,7,1,training_ground_mean_TPM,mitochondrial_expression,3,GRPEL1,0.004122510074516529,0.4269397258758545
expression,OS,GSE298393:GSM9013405,7,1,training_ground_mean_TPM,mitochondrial_expression,4,MGST3,0.0036297618245972278,-0.35828304290771484
expression,OS,GSE298393:GSM9013405,7,1,training_ground_mean_TPM,mitochondrial_expression,5,MTRR,0.003403359014451818,0.5518238544464111
expression,OS,GSE298393:GSM9013405,7,1,training_ground_mean_TPM,dna_repair,1,POLR2E,0.004371281368270057,0.28305482864379883
expression,OS,GSE298393:GSM9013405,7,1,training_ground_mean_TPM,dna_repair,2,SNAPC5,0.003798694240128058,0.5575160980224609
expression,OS,GSE298393:GSM9013405,7,1,training_ground_mean_TPM,dna_repair,3,SNAPC4,0.0036792000629135976,0.2550969123840332
expression,OS,GSE298393:GSM9013405,7,1,training_ground_mean_TPM,dna_repair,4,SSRP1,0.0036374963975827268,0.25189971923828125
expression,OS,GSE298393:GSM9013405,7,1,training_ground_mean_TPM,dna_repair,5,USP11,0.0035936451752974045,0.4417994022369385
expression,OS,GSE298393:GSM9013405,7,1,training_ground_mean_TPM,oxidative_stress,1,SRXN1,-0.0052065051471913764,0.3301408290863037
expression,OS,GSE298393:GSM9013405,7,1,training_ground_mean_TPM,oxidative_stress,2,MPO,0.004993537052784472,0.7699855864048004
expression,OS,GSE298393:GSM9013405,7,1,training_ground_mean_TPM,oxidative_stress,3,PDLIM1,0.003676521204939074,0.9443895816802979
expression,OS,GSE298393:GSM9013405,7,1,training_ground_mean_TPM,oxidative_stress,4,TXNRD2,0.003233516596779158,0.314617395401001
expression,OS,GSE298393:GSM9013405,7,1,training_ground_mean_TPM,oxidative_stress,5,TXNRD1,0.002932170710607241,0.6499853134155273
expression,OS,GSE298393:GSM9013405,7,1,training_ground_mean_TPM,inflammatory_signaling,1,HES1,-0.008675999045452683,0.31345415115356445
expression,OS,GSE298393:GSM9013405,7,1,training_ground_mean_TPM,inflammatory_signaling,2,JUN,0.00741863496263178,0.49881720542907715
expression,OS,GSE298393:GSM9013405,7,1,training_ground_mean_TPM,inflammatory_signaling,3,BMP2,0.006159200798126212,-0.5201990604400635
expression,OS,GSE298393:GSM9013405,7,1,training_ground_mean_TPM,inflammatory_signaling,4,IL12B,0.004881942334124147,0.13580375909805298
expression,OS,GSE298393:GSM9013405,7,1,training_ground_mean_TPM,inflammatory_signaling,5,DUSP4,0.004596687371699846,1.096914529800415
expression,OS,GSE298393:GSM9013405,7,1,training_ground_mean_TPM,proteostasis,1,SERP1,0.004500647100097114,0.27637171745300293
expression,OS,GSE298393:GSM9013405,7,1,training_ground_mean_TPM,proteostasis,2,NOP14,0.004001925049731806,0.3784193992614746
expression,OS,GSE298393:GSM9013405,7,1,training_ground_mean_TPM,proteostasis,3,HSP90B1,0.0038912844268689678,0.7792940139770508
expression,OS,GSE298393:GSM9013405,7,1,training_ground_mean_TPM,proteostasis,4,EXOSC5,0.003817125989409485,0.5518612861633301
expression,OS,GSE298393:GSM9013405,7,1,training_ground_mean_TPM,proteostasis,5,IGFBP1,-0.003206929295177066,0.25738412141799927
expression,OS,GSE298393:GSM9013405,7,1,training_ground_mean_TPM,muscle_remodeling,1,ANKRD2,0.007013523312643271,1.9386195540428162
expression,OS,GSE298393:GSM9013405,7,1,training_ground_mean_TPM,muscle_remodeling,2,EFS,0.005816094667261668,-0.6296467185020447
expression,OS,GSE298393:GSM9013405,7,1,training_ground_mean_TPM,muscle_remodeling,3,CRYAB,-0.004773060714587244,0.25954675674438477
expression,OS,GSE298393:GSM9013405,7,1,training_ground_mean_TPM,muscle_remodeling,4,CLU,0.004381069009175725,0.5691523551940918
expression,OS,GSE298393:GSM9013405,7,1,training_ground_mean_TPM,muscle_remodeling,5,IGFBP7,0.0043470859337245045,-0.5912377834320068
expression,OS,GSE298393:GSM9013405,7,1,training_all_mean_TPM,mitochondrial_expression,1,MGST3,0.0034475186742713845,-0.34029436111450195
expression,OS,GSE298393:GSM9013405,7,1,training_all_mean_TPM,mitochondrial_expression,2,TIMM17A,0.0031475422822661524,0.2674083709716797
expression,OS,GSE298393:GSM9013405,7,1,training_all_mean_TPM,mitochondrial_expression,3,AIFM1,0.0029846679249345355,0.2721281051635742
expression,OS,GSE298393:GSM9013405,7,1,training_all_mean_TPM,mitochondrial_expression,4,GRPEL1,0.002820054594611561,0.2920534610748291
expression,OS,GSE298393:GSM9013405,7,1,training_all_mean_TPM,mitochondrial_expression,5,ATP6V1E1,0.0024508019000179576,0.24724435806274414
expression,OS,GSE298393:GSM9013405,7,1,training_all_mean_TPM,dna_repair,1,POLR2E,0.003239824448052665,0.20978927612304688
expression,OS,GSE298393:GSM9013405,7,1,training_all_mean_TPM,dna_repair,2,VPS37D,0.0026550123803899418,-0.2704660892486572
expression,OS,GSE298393:GSM9013405,7,1,training_all_mean_TPM,dna_repair,3,SNAPC4,0.002652243036733772,0.18389296531677246
expression,OS,GSE298393:GSM9013405,7,1,training_all_mean_TPM,dna_repair,4,POLR2I,0.0025737719597594554,-0.21114397048950195
expression,OS,GSE298393:GSM9013405,7,1,training_all_mean_TPM,dna_repair,5,SNAPC5,0.002454201400219443,0.36019134521484375
expression,OS,GSE298393:GSM9013405,7,1,training_all_mean_TPM,oxidative_stress,1,SRXN1,-0.006238262559683877,0.39556384086608887
expression,OS,GSE298393:GSM9013405,7,1,training_all_mean_TPM,oxidative_stress,2,MPO,0.0048469869241697895,0.7473880797624588
expression,OS,GSE298393:GSM9013405,7,1,training_all_mean_TPM,oxidative_stress,3,TXNRD2,0.0024242951313614017,0.23588109016418457
expression,OS,GSE298393:GSM9013405,7,1,training_all_mean_TPM,oxidative_stress,4,NDUFB4,-0.0022889349627610964,0.07303619384765625
expression,OS,GSE298393:GSM9013405,7,1,training_all_mean_TPM,oxidative_stress,5,PDLIM1,0.0022724704432337496,0.5837304592132568
expression,OS,GSE298393:GSM9013405,7,1,training_all_mean_TPM,inflammatory_signaling,1,HES1,-0.009535239853557127,0.34449756145477295
expression,OS,GSE298393:GSM9013405,7,1,training_all_mean_TPM,inflammatory_signaling,2,JUN,0.006383035588618455,0.429185152053833
expression,OS,GSE298393:GSM9013405,7,1,training_all_mean_TPM,inflammatory_signaling,3,BMP2,0.005471695742799689,-0.46213316917419434
expression,OS,GSE298393:GSM9013405,7,1,training_all_mean_TPM,inflammatory_signaling,4,IL12B,0.004497775839299117,0.12511718180030584
expression,OS,GSE298393:GSM9013405,7,1,training_all_mean_TPM,inflammatory_signaling,5,DUSP4,0.0036986644598087626,0.8826179504394531
expression,OS,GSE298393:GSM9013405,7,1,training_all_mean_TPM,proteostasis,1,SERP1,0.0035590454136837464,0.2185506820678711
expression,OS,GSE298393:GSM9013405,7,1,training_all_mean_TPM,proteostasis,2,IGFBP1,-0.0033999546138544614,0.2728760913014412
expression,OS,GSE298393:GSM9013405,7,1,training_all_mean_TPM,proteostasis,3,DDIT4,-0.003290742448652347,0.1643986701965332
expression,OS,GSE298393:GSM9013405,7,1,training_all_mean_TPM,proteostasis,4,HSP90B1,0.0029021474300661237,0.5812029838562012
expression,OS,GSE298393:GSM9013405,7,1,training_all_mean_TPM,proteostasis,5,NOP14,0.002576965750462443,0.24367618560791016
expression,OS,GSE298393:GSM9013405,7,1,training_all_mean_TPM,muscle_remodeling,1,ANKRD2,0.005650266636348695,1.5617995262145996
expression,OS,GSE298393:GSM9013405,7,1,training_all_mean_TPM,muscle_remodeling,2,CRYAB,-0.005610730857505442,0.3050971031188965
expression,OS,GSE298393:GSM9013405,7,1,training_all_mean_TPM,muscle_remodeling,3,EFS,0.004880801685563072,-0.528392493724823
expression,OS,GSE298393:GSM9013405,7,1,training_all_mean_TPM,muscle_remodeling,4,IGFBP7,0.003433227632575196,-0.4669458866119385
expression,OS,GSE298393:GSM9013405,7,1,training_all_mean_TPM,muscle_remodeling,5,MYL4,-0.003196607195262479,0.31826019287109375
expression,OS,GSE298393:GSM9013406,8,1,training_ground_mean_TPM,mitochondrial_expression,1,NDUFB4,-0.010811260541035766,0.3449697494506836
expression,OS,GSE298393:GSM9013406,8,1,training_ground_mean_TPM,mitochondrial_expression,2,TIMM17A,0.008612610995937348,0.7317087650299072
expression,OS,GSE298393:GSM9013406,8,1,training_ground_mean_TPM,mitochondrial_expression,3,NDUFB8,-0.007326439439268674,0.2745504379272461
expression,OS,GSE298393:GSM9013406,8,1,training_ground_mean_TPM,mitochondrial_expression,4,COX17,0.007230640275359277,0.4543180465698242
expression,OS,GSE298393:GSM9013406,8,1,training_ground_mean_TPM,mitochondrial_expression,5,GPI,0.006672029142263814,-0.451113224029541
expression,OS,GSE298393:GSM9013406,8,1,training_ground_mean_TPM,dna_repair,1,GTF2A2,0.012731998398086374,0.7948641777038574
expression,OS,GSE298393:GSM9013406,8,1,training_ground_mean_TPM,dna_repair,2,NT5C,0.01029069526616412,0.5362958908081055
expression,OS,GSE298393:GSM9013406,8,1,training_ground_mean_TPM,dna_repair,3,COX17,0.007230640275359277,0.4543180465698242
expression,OS,GSE298393:GSM9013406,8,1,training_ground_mean_TPM,dna_repair,4,POLR2E,0.007080801430010183,0.45850515365600586
expression,OS,GSE298393:GSM9013406,8,1,training_ground_mean_TPM,dna_repair,5,TAF12,0.00631931435868622,0.7669227123260498
expression,OS,GSE298393:GSM9013406,8,1,training_ground_mean_TPM,oxidative_stress,1,SRXN1,-0.010813803102166989,0.6856956481933594
expression,OS,GSE298393:GSM9013406,8,1,training_ground_mean_TPM,oxidative_stress,2,NDUFB4,-0.010811260541035766,0.3449697494506836
expression,OS,GSE298393:GSM9013406,8,1,training_ground_mean_TPM,oxidative_stress,3,EGLN2,-0.0077816328192047216,0.28993964195251465
expression,OS,GSE298393:GSM9013406,8,1,training_ground_mean_TPM,oxidative_stress,4,LAMTOR5,0.0067972041300069065,0.5365347862243652
expression,OS,GSE298393:GSM9013406,8,1,training_ground_mean_TPM,oxidative_stress,5,NDUFA6,0.006229545944720098,0.3833956718444824
expression,OS,GSE298393:GSM9013406,8,1,training_ground_mean_TPM,inflammatory_signaling,1,CCL20,0.008828477669094897,1.330333150923252
expression,OS,GSE298393:GSM9013406,8,1,training_ground_mean_TPM,inflammatory_signaling,2,BIRC3,0.006598657771123607,0.46327999234199524
expression,OS,GSE298393:GSM9013406,8,1,training_ground_mean_TPM,inflammatory_signaling,3,YRDC,0.006427132268778207,0.6218665838241577
expression,OS,GSE298393:GSM9013406,8,1,training_ground_mean_TPM,inflammatory_signaling,4,BIRC2,0.005460085611469395,0.5125381946563721
expression,OS,GSE298393:GSM9013406,8,1,training_ground_mean_TPM,inflammatory_signaling,5,CD83,0.005325963519045486,0.347912073135376
expression,OS,GSE298393:GSM9013406,8,1,training_ground_mean_TPM,proteostasis,1,DNAJB9,0.006851543637301699,0.9962260723114014
expression,OS,GSE298393:GSM9013406,8,1,training_ground_mean_TPM,proteostasis,2,EIF4G1,0.006547806143014816,-0.4854292869567871
expression,OS,GSE298393:GSM9013406,8,1,training_ground_mean_TPM,proteostasis,3,LSM1,0.005440803416679466,0.6588685512542725
expression,OS,GSE298393:GSM9013406,8,1,training_ground_mean_TPM,proteostasis,4,POP4,0.005322296356495668,0.5726397037506104
expression,OS,GSE298393:GSM9013406,8,1,training_ground_mean_TPM,proteostasis,5,SERP1,0.0052837071330194,0.32445716857910156
expression,OS,GSE298393:GSM9013406,8,1,training_ground_mean_TPM,muscle_remodeling,1,MYH8,0.010980082119153696,-1.3812260627746582
expression,OS,GSE298393:GSM9013406,8,1,training_ground_mean_TPM,muscle_remodeling,2,MYOM2,0.009779004094420136,-0.8262782096862793
expression,OS,GSE298393:GSM9013406,8,1,training_ground_mean_TPM,muscle_remodeling,3,MYH3,0.009127732471534119,-1.195117473602295
expression,OS,GSE298393:GSM9013406,8,1,training_ground_mean_TPM,muscle_remodeling,4,TNNC1,0.005272848976982369,1.078683853149414
expression,OS,GSE298393:GSM9013406,8,1,training_ground_mean_TPM,muscle_remodeling,5,MYH1,0.0051922053667448394,-1.0154354572296143
expression,OS,GSE298393:GSM9013406,8,1,training_all_mean_TPM,mitochondrial_expression,1,NDUFB4,-0.011680430572009017,0.37270355224609375
expression,OS,GSE298393:GSM9013406,8,1,training_all_mean_TPM,mitochondrial_expression,2,NDUFB8,-0.0074632405980767785,0.2796769142150879
expression,OS,GSE298393:GSM9013406,8,1,training_all_mean_TPM,mitochondrial_expression,3,TIMM17A,0.007354665534720422,0.6248364448547363
expression,OS,GSE298393:GSM9013406,8,1,training_all_mean_TPM,mitochondrial_expression,4,TIMM8B,-0.0065045921759968464,0.5076203346252441
expression,OS,GSE298393:GSM9013406,8,1,training_all_mean_TPM,mitochondrial_expression,5,COX17,0.00644704909806889,0.40508317947387695
expression,OS,GSE298393:GSM9013406,8,1,training_all_mean_TPM,dna_repair,1,GTF2A2,0.011609815802052031,0.7248058319091797
expression,OS,GSE298393:GSM9013406,8,1,training_all_mean_TPM,dna_repair,2,NT5C,0.009550647867342527,0.4977285861968994
expression,OS,GSE298393:GSM9013406,8,1,training_all_mean_TPM,dna_repair,3,COX17,0.00644704909806889,0.40508317947387695
expression,OS,GSE298393:GSM9013406,8,1,training_all_mean_TPM,dna_repair,4,POLR2E,0.005949344509792791,0.3852396011352539
expression,OS,GSE298393:GSM9013406,8,1,training_all_mean_TPM,dna_repair,5,POLR2F,0.005599491161609769,0.4598555564880371
expression,OS,GSE298393:GSM9013406,8,1,training_all_mean_TPM,oxidative_stress,1,SRXN1,-0.011845560514659488,0.7511186599731445
expression,OS,GSE298393:GSM9013406,8,1,training_all_mean_TPM,oxidative_stress,2,NDUFB4,-0.011680430572009017,0.37270355224609375
expression,OS,GSE298393:GSM9013406,8,1,training_all_mean_TPM,oxidative_stress,3,EGLN2,-0.00881078214652796,0.32828521728515625
expression,OS,GSE298393:GSM9013406,8,1,training_all_mean_TPM,oxidative_stress,4,LAMTOR5,0.005581035617116918,0.4405369758605957
expression,OS,GSE298393:GSM9013406,8,1,training_all_mean_TPM,oxidative_stress,5,NDUFA6,0.005115425550362534,0.31482744216918945
expression,OS,GSE298393:GSM9013406,8,1,training_all_mean_TPM,inflammatory_signaling,1,CCL20,0.00808413019712655,1.2181699723005295
expression,OS,GSE298393:GSM9013406,8,1,training_all_mean_TPM,inflammatory_signaling,2,BIRC3,0.006029648174006533,0.4233308434486389
expression,OS,GSE298393:GSM9013406,8,1,training_all_mean_TPM,inflammatory_signaling,3,YRDC,0.005737555979588403,0.5551456212997437
expression,OS,GSE298393:GSM9013406,8,1,training_all_mean_TPM,inflammatory_signaling,4,F2RL1,-0.005484590993952564,0.05938080418854952
expression,OS,GSE298393:GSM9013406,8,1,training_all_mean_TPM,inflammatory_signaling,5,JUN,-0.004621171350141875,-0.31072020530700684
expression,OS,GSE298393:GSM9013406,8,1,training_all_mean_TPM,proteostasis,1,DNAJB9,0.006205203988320423,0.9022471904754639
expression,OS,GSE298393:GSM9013406,8,1,training_all_mean_TPM,proteostasis,2,EIF4G1,0.00542930993355508,-0.4025082588195801
expression,OS,GSE298393:GSM9013406,8,1,training_all_mean_TPM,proteostasis,3,LSM1,0.004588654128180347,0.5556752681732178
expression,OS,GSE298393:GSM9013406,8,1,training_all_mean_TPM,proteostasis,4,POP4,0.004377191961739817,0.47095346450805664
expression,OS,GSE298393:GSM9013406,8,1,training_all_mean_TPM,proteostasis,5,SERP1,0.004342105446606032,0.2666361331939697
expression,OS,GSE298393:GSM9013406,8,1,training_all_mean_TPM,muscle_remodeling,1,MYH8,0.009972325296065296,-1.2544565200805664
expression,OS,GSE298393:GSM9013406,8,1,training_all_mean_TPM,muscle_remodeling,2,MYOM2,0.008847374228655237,-0.7475600242614746
expression,OS,GSE298393:GSM9013406,8,1,training_all_mean_TPM,muscle_remodeling,3,MYH3,0.007965930417037194,-1.0429997444152832
expression,OS,GSE298393:GSM9013406,8,1,training_all_mean_TPM,muscle_remodeling,4,ATP6AP1,-0.005372647608470854,-0.18361902236938477
expression,OS,GSE298393:GSM9013406,8,1,training_all_mean_TPM,muscle_remodeling,5,TSC2,0.0050360776966190965,-0.3086228370666504
