id.accession,id.assay name,id.sample name,study.characteristics.organism,study.characteristics.strain,study.characteristics.animal source,study.characteristics.age at launch,study.characteristics.sex,study.characteristics.material type,study.factor value.spaceflight,study.factor value.genotype,investigation.study assays.study assay measurement type,investigation.study assays.study assay technology type,assay.protocol ref,study.parameter value.habitat,study.parameter value.duration,study.parameter value.light cycle,study.parameter value.diet,study.parameter value.feeding schedule,study.parameter value.enrichment material,study.parameter value.euthanasia method,study.parameter value.age at euthanasia,study.parameter value.carcass preservation method,study.parameter value.sample weight,study.parameter value.sample preservation method,study.parameter value.sample storage temperature,study.comment.rfid,study.comment.alsda subject id,study.comment.euthanasia date,study.comment.bsp dissection date,study.comment.source description,investigation.study.comment.Project Identifier,id.assay name_rna,investigation.study assays.study assay measurement type_rna,investigation.study assays.study assay technology type_rna,study.characteristics.organism_rna,library_type,modalities_all,modalities_other,has_other_modalities,has_rna_sequencing_rna_seq,has_single_cell_rna_sequencing,counts_file,counts_path,sample_id,decision
OSD-379,OSD-379_transcription-profiling_rna-sequencing-(rna-seq)_Illumina NovaSeq,RR8_LVR_BSL_ISS-T_OLD_BI1,Mus musculus,BALB/cAnNTac,Taconic Biosciences,,Female,Left Lobe of the Liver,Basal Control,,transcription profiling,RNA Sequencing (RNA-Seq),,,,12 h light/dark cycle,Nutrient Upgraded Rodent Food Bar (NuRFB),ad libitum,,ketamine/xylazine overdose and exsanguination/double thoracotomy,,-80 {degree Celsius},,Liquid Nitrogen,-80 {degree Celsius},,,,,,,OSD-379_transcription-profiling_rna-sequencing-(rna-seq)_Illumina NovaSeq,transcription profiling,RNA Sequencing (RNA-Seq),Mus musculus,unknown,rna sequencing (rna-seq),,0,1,0,GLDS-379_rna_seq_STAR_Unnormalized_Counts_GLbulkRNAseq.csv,data/osdr/raw/GLDS-379_rna_seq_STAR_Unnormalized_Counts_GLbulkRNAseq.csv,RR8_LVR_BSL_ISS-T_OLD_BI1,outside_selected_subgroup_or_control
OSD-379,OSD-379_transcription-profiling_rna-sequencing-(rna-seq)_Illumina NovaSeq,RR8_LVR_BSL_ISS-T_OLD_BI2,Mus musculus,BALB/cAnNTac,Taconic Biosciences,,Female,Left Lobe of the Liver,Basal Control,,transcription profiling,RNA Sequencing (RNA-Seq),,,,12 h light/dark cycle,Nutrient Upgraded Rodent Food Bar (NuRFB),ad libitum,,ketamine/xylazine overdose and exsanguination/double thoracotomy,,-80 {degree Celsius},,Liquid Nitrogen,-80 {degree Celsius},,,,,,,OSD-379_transcription-profiling_rna-sequencing-(rna-seq)_Illumina NovaSeq,transcription profiling,RNA Sequencing (RNA-Seq),Mus musculus,unknown,rna sequencing (rna-seq),,0,1,0,GLDS-379_rna_seq_STAR_Unnormalized_Counts_GLbulkRNAseq.csv,data/osdr/raw/GLDS-379_rna_seq_STAR_Unnormalized_Counts_GLbulkRNAseq.csv,RR8_LVR_BSL_ISS-T_OLD_BI2,outside_selected_subgroup_or_control
OSD-379,OSD-379_transcription-profiling_rna-sequencing-(rna-seq)_Illumina NovaSeq,RR8_LVR_BSL_ISS-T_OLD_BI3,Mus musculus,BALB/cAnNTac,Taconic Biosciences,,Female,Left Lobe of the Liver,Basal Control,,transcription profiling,RNA Sequencing (RNA-Seq),,,,12 h light/dark cycle,Nutrient Upgraded Rodent Food Bar (NuRFB),ad libitum,,ketamine/xylazine overdose and exsanguination/double thoracotomy,,-80 {degree Celsius},,Liquid Nitrogen,-80 {degree Celsius},,,,,,,OSD-379_transcription-profiling_rna-sequencing-(rna-seq)_Illumina NovaSeq,transcription profiling,RNA Sequencing (RNA-Seq),Mus musculus,unknown,rna sequencing (rna-seq),,0,1,0,GLDS-379_rna_seq_STAR_Unnormalized_Counts_GLbulkRNAseq.csv,data/osdr/raw/GLDS-379_rna_seq_STAR_Unnormalized_Counts_GLbulkRNAseq.csv,RR8_LVR_BSL_ISS-T_OLD_BI3,outside_selected_subgroup_or_control
OSD-379,OSD-379_transcription-profiling_rna-sequencing-(rna-seq)_Illumina NovaSeq,RR8_LVR_BSL_ISS-T_OLD_BI4,Mus musculus,BALB/cAnNTac,Taconic Biosciences,,Female,Left Lobe of the Liver,Basal Control,,transcription profiling,RNA Sequencing (RNA-Seq),,,,12 h light/dark cycle,Nutrient Upgraded Rodent Food Bar (NuRFB),ad libitum,,ketamine/xylazine overdose and exsanguination/double thoracotomy,,-80 {degree Celsius},,Liquid Nitrogen,-80 {degree Celsius},,,,,,,OSD-379_transcription-profiling_rna-sequencing-(rna-seq)_Illumina NovaSeq,transcription profiling,RNA Sequencing (RNA-Seq),Mus musculus,unknown,rna sequencing (rna-seq),,0,1,0,GLDS-379_rna_seq_STAR_Unnormalized_Counts_GLbulkRNAseq.csv,data/osdr/raw/GLDS-379_rna_seq_STAR_Unnormalized_Counts_GLbulkRNAseq.csv,RR8_LVR_BSL_ISS-T_OLD_BI4,outside_selected_subgroup_or_control
OSD-379,OSD-379_transcription-profiling_rna-sequencing-(rna-seq)_Illumina NovaSeq,RR8_LVR_BSL_ISS-T_OLD_BI5,Mus musculus,BALB/cAnNTac,Taconic Biosciences,,Female,Left Lobe of the Liver,Basal Control,,transcription profiling,RNA Sequencing (RNA-Seq),,,,12 h light/dark cycle,Nutrient Upgraded Rodent Food Bar (NuRFB),ad libitum,,ketamine/xylazine overdose and exsanguination/double thoracotomy,,-80 {degree Celsius},,Liquid Nitrogen,-80 {degree Celsius},,,,,,,OSD-379_transcription-profiling_rna-sequencing-(rna-seq)_Illumina NovaSeq,transcription profiling,RNA Sequencing (RNA-Seq),Mus musculus,unknown,rna sequencing (rna-seq),,0,1,0,GLDS-379_rna_seq_STAR_Unnormalized_Counts_GLbulkRNAseq.csv,data/osdr/raw/GLDS-379_rna_seq_STAR_Unnormalized_Counts_GLbulkRNAseq.csv,RR8_LVR_BSL_ISS-T_OLD_BI5,outside_selected_subgroup_or_control
OSD-379,OSD-379_transcription-profiling_rna-sequencing-(rna-seq)_Illumina NovaSeq,RR8_LVR_BSL_ISS-T_OLD_BI6,Mus musculus,BALB/cAnNTac,Taconic Biosciences,,Female,Left Lobe of the Liver,Basal Control,,transcription profiling,RNA Sequencing (RNA-Seq),,,,12 h light/dark cycle,Nutrient Upgraded Rodent Food Bar (NuRFB),ad libitum,,ketamine/xylazine overdose and exsanguination/double thoracotomy,,-80 {degree Celsius},,Liquid Nitrogen,-80 {degree Celsius},,,,,,,OSD-379_transcription-profiling_rna-sequencing-(rna-seq)_Illumina NovaSeq,transcription profiling,RNA Sequencing (RNA-Seq),Mus musculus,unknown,rna sequencing (rna-seq),,0,1,0,GLDS-379_rna_seq_STAR_Unnormalized_Counts_GLbulkRNAseq.csv,data/osdr/raw/GLDS-379_rna_seq_STAR_Unnormalized_Counts_GLbulkRNAseq.csv,RR8_LVR_BSL_ISS-T_OLD_BI6,outside_selected_subgroup_or_control
OSD-379,OSD-379_transcription-profiling_rna-sequencing-(rna-seq)_Illumina NovaSeq,RR8_LVR_BSL_ISS-T_OLD_BI7,Mus musculus,BALB/cAnNTac,Taconic Biosciences,,Female,Left Lobe of the Liver,Basal Control,,transcription profiling,RNA Sequencing (RNA-Seq),,,,12 h light/dark cycle,Nutrient Upgraded Rodent Food Bar (NuRFB),ad libitum,,ketamine/xylazine overdose and exsanguination/double thoracotomy,,-80 {degree Celsius},,Liquid Nitrogen,-80 {degree Celsius},,,,,,,OSD-379_transcription-profiling_rna-sequencing-(rna-seq)_Illumina NovaSeq,transcription profiling,RNA Sequencing (RNA-Seq),Mus musculus,unknown,rna sequencing (rna-seq),,0,1,0,GLDS-379_rna_seq_STAR_Unnormalized_Counts_GLbulkRNAseq.csv,data/osdr/raw/GLDS-379_rna_seq_STAR_Unnormalized_Counts_GLbulkRNAseq.csv,RR8_LVR_BSL_ISS-T_OLD_BI7,outside_selected_subgroup_or_control
OSD-379,OSD-379_transcription-profiling_rna-sequencing-(rna-seq)_Illumina NovaSeq,RR8_LVR_BSL_ISS-T_OLD_BI8,Mus musculus,BALB/cAnNTac,Taconic Biosciences,,Female,Left Lobe of the Liver,Basal Control,,transcription profiling,RNA Sequencing (RNA-Seq),,,,12 h light/dark cycle,Nutrient Upgraded Rodent Food Bar (NuRFB),ad libitum,,ketamine/xylazine overdose and exsanguination/double thoracotomy,,-80 {degree Celsius},,Liquid Nitrogen,-80 {degree Celsius},,,,,,,OSD-379_transcription-profiling_rna-sequencing-(rna-seq)_Illumina NovaSeq,transcription profiling,RNA Sequencing (RNA-Seq),Mus musculus,unknown,rna sequencing (rna-seq),,0,1,0,GLDS-379_rna_seq_STAR_Unnormalized_Counts_GLbulkRNAseq.csv,data/osdr/raw/GLDS-379_rna_seq_STAR_Unnormalized_Counts_GLbulkRNAseq.csv,RR8_LVR_BSL_ISS-T_OLD_BI8,outside_selected_subgroup_or_control
OSD-379,OSD-379_transcription-profiling_rna-sequencing-(rna-seq)_Illumina NovaSeq,RR8_LVR_BSL_ISS-T_OLD_BI9,Mus musculus,BALB/cAnNTac,Taconic Biosciences,,Female,Left Lobe of the Liver,Basal Control,,transcription profiling,RNA Sequencing (RNA-Seq),,,,12 h light/dark cycle,Nutrient Upgraded Rodent Food Bar (NuRFB),ad libitum,,ketamine/xylazine overdose and exsanguination/double thoracotomy,,-80 {degree Celsius},,Liquid Nitrogen,-80 {degree Celsius},,,,,,,OSD-379_transcription-profiling_rna-sequencing-(rna-seq)_Illumina NovaSeq,transcription profiling,RNA Sequencing (RNA-Seq),Mus musculus,unknown,rna sequencing (rna-seq),,0,1,0,GLDS-379_rna_seq_STAR_Unnormalized_Counts_GLbulkRNAseq.csv,data/osdr/raw/GLDS-379_rna_seq_STAR_Unnormalized_Counts_GLbulkRNAseq.csv,RR8_LVR_BSL_ISS-T_OLD_BI9,outside_selected_subgroup_or_control
OSD-379,OSD-379_transcription-profiling_rna-sequencing-(rna-seq)_Illumina NovaSeq,RR8_LVR_BSL_ISS-T_YNG_BI11,Mus musculus,BALB/cAnNTac,Taconic Biosciences,,Female,Left Lobe of the Liver,Basal Control,,transcription profiling,RNA Sequencing (RNA-Seq),,,,12 h light/dark cycle,Nutrient Upgraded Rodent Food Bar (NuRFB),ad libitum,,ketamine/xylazine overdose and exsanguination/double thoracotomy,,-80 {degree Celsius},,Liquid Nitrogen,-80 {degree Celsius},,,,,,,OSD-379_transcription-profiling_rna-sequencing-(rna-seq)_Illumina NovaSeq,transcription profiling,RNA Sequencing (RNA-Seq),Mus musculus,unknown,rna sequencing (rna-seq),,0,1,0,GLDS-379_rna_seq_STAR_Unnormalized_Counts_GLbulkRNAseq.csv,data/osdr/raw/GLDS-379_rna_seq_STAR_Unnormalized_Counts_GLbulkRNAseq.csv,RR8_LVR_BSL_ISS-T_YNG_BI11,outside_selected_subgroup_or_control
OSD-379,OSD-379_transcription-profiling_rna-sequencing-(rna-seq)_Illumina NovaSeq,RR8_LVR_BSL_ISS-T_YNG_BI12,Mus musculus,BALB/cAnNTac,Taconic Biosciences,,Female,Left Lobe of the Liver,Basal Control,,transcription profiling,RNA Sequencing (RNA-Seq),,,,12 h light/dark cycle,Nutrient Upgraded Rodent Food Bar (NuRFB),ad libitum,,ketamine/xylazine overdose and exsanguination/double thoracotomy,,-80 {degree Celsius},,Liquid Nitrogen,-80 {degree Celsius},,,,,,,OSD-379_transcription-profiling_rna-sequencing-(rna-seq)_Illumina NovaSeq,transcription profiling,RNA Sequencing (RNA-Seq),Mus musculus,unknown,rna sequencing (rna-seq),,0,1,0,GLDS-379_rna_seq_STAR_Unnormalized_Counts_GLbulkRNAseq.csv,data/osdr/raw/GLDS-379_rna_seq_STAR_Unnormalized_Counts_GLbulkRNAseq.csv,RR8_LVR_BSL_ISS-T_YNG_BI12,outside_selected_subgroup_or_control
OSD-379,OSD-379_transcription-profiling_rna-sequencing-(rna-seq)_Illumina NovaSeq,RR8_LVR_BSL_ISS-T_YNG_BI13,Mus musculus,BALB/cAnNTac,Taconic Biosciences,,Female,Left Lobe of the Liver,Basal Control,,transcription profiling,RNA Sequencing (RNA-Seq),,,,12 h light/dark cycle,Nutrient Upgraded Rodent Food Bar (NuRFB),ad libitum,,ketamine/xylazine overdose and exsanguination/double thoracotomy,,-80 {degree Celsius},,Liquid Nitrogen,-80 {degree Celsius},,,,,,,OSD-379_transcription-profiling_rna-sequencing-(rna-seq)_Illumina NovaSeq,transcription profiling,RNA Sequencing (RNA-Seq),Mus musculus,unknown,rna sequencing (rna-seq),,0,1,0,GLDS-379_rna_seq_STAR_Unnormalized_Counts_GLbulkRNAseq.csv,data/osdr/raw/GLDS-379_rna_seq_STAR_Unnormalized_Counts_GLbulkRNAseq.csv,RR8_LVR_BSL_ISS-T_YNG_BI13,outside_selected_subgroup_or_control
OSD-379,OSD-379_transcription-profiling_rna-sequencing-(rna-seq)_Illumina NovaSeq,RR8_LVR_BSL_ISS-T_YNG_BI14,Mus musculus,BALB/cAnNTac,Taconic Biosciences,,Female,Left Lobe of the Liver,Basal Control,,transcription profiling,RNA Sequencing (RNA-Seq),,,,12 h light/dark cycle,Nutrient Upgraded Rodent Food Bar (NuRFB),ad libitum,,ketamine/xylazine overdose and exsanguination/double thoracotomy,,-80 {degree Celsius},,Liquid Nitrogen,-80 {degree Celsius},,,,,,,OSD-379_transcription-profiling_rna-sequencing-(rna-seq)_Illumina NovaSeq,transcription profiling,RNA Sequencing (RNA-Seq),Mus musculus,unknown,rna sequencing (rna-seq),,0,1,0,GLDS-379_rna_seq_STAR_Unnormalized_Counts_GLbulkRNAseq.csv,data/osdr/raw/GLDS-379_rna_seq_STAR_Unnormalized_Counts_GLbulkRNAseq.csv,RR8_LVR_BSL_ISS-T_YNG_BI14,outside_selected_subgroup_or_control
OSD-379,OSD-379_transcription-profiling_rna-sequencing-(rna-seq)_Illumina NovaSeq,RR8_LVR_BSL_ISS-T_YNG_BI15,Mus musculus,BALB/cAnNTac,Taconic Biosciences,,Female,Left Lobe of the Liver,Basal Control,,transcription profiling,RNA Sequencing (RNA-Seq),,,,12 h light/dark cycle,Nutrient Upgraded Rodent Food Bar (NuRFB),ad libitum,,ketamine/xylazine overdose and exsanguination/double thoracotomy,,-80 {degree Celsius},,Liquid Nitrogen,-80 {degree Celsius},,,,,,,OSD-379_transcription-profiling_rna-sequencing-(rna-seq)_Illumina NovaSeq,transcription profiling,RNA Sequencing (RNA-Seq),Mus musculus,unknown,rna sequencing (rna-seq),,0,1,0,GLDS-379_rna_seq_STAR_Unnormalized_Counts_GLbulkRNAseq.csv,data/osdr/raw/GLDS-379_rna_seq_STAR_Unnormalized_Counts_GLbulkRNAseq.csv,RR8_LVR_BSL_ISS-T_YNG_BI15,outside_selected_subgroup_or_control
OSD-379,OSD-379_transcription-profiling_rna-sequencing-(rna-seq)_Illumina NovaSeq,RR8_LVR_BSL_ISS-T_YNG_BI16,Mus musculus,BALB/cAnNTac,Taconic Biosciences,,Female,Left Lobe of the Liver,Basal Control,,transcription profiling,RNA Sequencing (RNA-Seq),,,,12 h light/dark cycle,Nutrient Upgraded Rodent Food Bar (NuRFB),ad libitum,,ketamine/xylazine overdose and exsanguination/double thoracotomy,,-80 {degree Celsius},,Liquid Nitrogen,-80 {degree Celsius},,,,,,,OSD-379_transcription-profiling_rna-sequencing-(rna-seq)_Illumina NovaSeq,transcription profiling,RNA Sequencing (RNA-Seq),Mus musculus,unknown,rna sequencing (rna-seq),,0,1,0,GLDS-379_rna_seq_STAR_Unnormalized_Counts_GLbulkRNAseq.csv,data/osdr/raw/GLDS-379_rna_seq_STAR_Unnormalized_Counts_GLbulkRNAseq.csv,RR8_LVR_BSL_ISS-T_YNG_BI16,outside_selected_subgroup_or_control
OSD-379,OSD-379_transcription-profiling_rna-sequencing-(rna-seq)_Illumina NovaSeq,RR8_LVR_BSL_ISS-T_YNG_BI17,Mus musculus,BALB/cAnNTac,Taconic Biosciences,,Female,Left Lobe of the Liver,Basal Control,,transcription profiling,RNA Sequencing (RNA-Seq),,,,12 h light/dark cycle,Nutrient Upgraded Rodent Food Bar (NuRFB),ad libitum,,ketamine/xylazine overdose and exsanguination/double thoracotomy,,-80 {degree Celsius},,Liquid Nitrogen,-80 {degree Celsius},,,,,,,OSD-379_transcription-profiling_rna-sequencing-(rna-seq)_Illumina NovaSeq,transcription profiling,RNA Sequencing (RNA-Seq),Mus musculus,unknown,rna sequencing (rna-seq),,0,1,0,GLDS-379_rna_seq_STAR_Unnormalized_Counts_GLbulkRNAseq.csv,data/osdr/raw/GLDS-379_rna_seq_STAR_Unnormalized_Counts_GLbulkRNAseq.csv,RR8_LVR_BSL_ISS-T_YNG_BI17,outside_selected_subgroup_or_control
OSD-379,OSD-379_transcription-profiling_rna-sequencing-(rna-seq)_Illumina NovaSeq,RR8_LVR_BSL_ISS-T_YNG_BI18,Mus musculus,BALB/cAnNTac,Taconic Biosciences,,Female,Left Lobe of the Liver,Basal Control,,transcription profiling,RNA Sequencing (RNA-Seq),,,,12 h light/dark cycle,Nutrient Upgraded Rodent Food Bar (NuRFB),ad libitum,,ketamine/xylazine overdose and exsanguination/double thoracotomy,,-80 {degree Celsius},,Liquid Nitrogen,-80 {degree Celsius},,,,,,,OSD-379_transcription-profiling_rna-sequencing-(rna-seq)_Illumina NovaSeq,transcription profiling,RNA Sequencing (RNA-Seq),Mus musculus,unknown,rna sequencing (rna-seq),,0,1,0,GLDS-379_rna_seq_STAR_Unnormalized_Counts_GLbulkRNAseq.csv,data/osdr/raw/GLDS-379_rna_seq_STAR_Unnormalized_Counts_GLbulkRNAseq.csv,RR8_LVR_BSL_ISS-T_YNG_BI18,outside_selected_subgroup_or_control
OSD-379,OSD-379_transcription-profiling_rna-sequencing-(rna-seq)_Illumina NovaSeq,RR8_LVR_BSL_ISS-T_YNG_BI19,Mus musculus,BALB/cAnNTac,Taconic Biosciences,,Female,Left Lobe of the Liver,Basal Control,,transcription profiling,RNA Sequencing (RNA-Seq),,,,12 h light/dark cycle,Nutrient Upgraded Rodent Food Bar (NuRFB),ad libitum,,ketamine/xylazine overdose and exsanguination/double thoracotomy,,-80 {degree Celsius},,Liquid Nitrogen,-80 {degree Celsius},,,,,,,OSD-379_transcription-profiling_rna-sequencing-(rna-seq)_Illumina NovaSeq,transcription profiling,RNA Sequencing (RNA-Seq),Mus musculus,unknown,rna sequencing (rna-seq),,0,1,0,GLDS-379_rna_seq_STAR_Unnormalized_Counts_GLbulkRNAseq.csv,data/osdr/raw/GLDS-379_rna_seq_STAR_Unnormalized_Counts_GLbulkRNAseq.csv,RR8_LVR_BSL_ISS-T_YNG_BI19,outside_selected_subgroup_or_control
OSD-379,OSD-379_transcription-profiling_rna-sequencing-(rna-seq)_Illumina NovaSeq,RR8_LVR_BSL_ISS-T_YNG_BI20,Mus musculus,BALB/cAnNTac,Taconic Biosciences,,Female,Left Lobe of the Liver,Basal Control,,transcription profiling,RNA Sequencing (RNA-Seq),,,,12 h light/dark cycle,Nutrient Upgraded Rodent Food Bar (NuRFB),ad libitum,,ketamine/xylazine overdose and exsanguination/double thoracotomy,,-80 {degree Celsius},,Liquid Nitrogen,-80 {degree Celsius},,,,,,,OSD-379_transcription-profiling_rna-sequencing-(rna-seq)_Illumina NovaSeq,transcription profiling,RNA Sequencing (RNA-Seq),Mus musculus,unknown,rna sequencing (rna-seq),,0,1,0,GLDS-379_rna_seq_STAR_Unnormalized_Counts_GLbulkRNAseq.csv,data/osdr/raw/GLDS-379_rna_seq_STAR_Unnormalized_Counts_GLbulkRNAseq.csv,RR8_LVR_BSL_ISS-T_YNG_BI20,outside_selected_subgroup_or_control
OSD-379,OSD-379_transcription-profiling_rna-sequencing-(rna-seq)_Illumina NovaSeq,RR8_LVR_BSL_LAR_OLD_BL11,Mus musculus,BALB/cAnNTac,Taconic Biosciences,,Female,Left Lobe of the Liver,Basal Control,,transcription profiling,RNA Sequencing (RNA-Seq),,,,12 h light/dark cycle,Nutrient Upgraded Rodent Food Bar (NuRFB),ad libitum,,ketamine/xylazine overdose and exsanguination/double thoracotomy,,{Not Applicable},,Liquid Nitrogen,-80 {degree Celsius},,,,,,,OSD-379_transcription-profiling_rna-sequencing-(rna-seq)_Illumina NovaSeq,transcription profiling,RNA Sequencing (RNA-Seq),Mus musculus,unknown,rna sequencing (rna-seq),,0,1,0,GLDS-379_rna_seq_STAR_Unnormalized_Counts_GLbulkRNAseq.csv,data/osdr/raw/GLDS-379_rna_seq_STAR_Unnormalized_Counts_GLbulkRNAseq.csv,RR8_LVR_BSL_LAR_OLD_BL11,outside_selected_subgroup_or_control
OSD-379,OSD-379_transcription-profiling_rna-sequencing-(rna-seq)_Illumina NovaSeq,RR8_LVR_BSL_LAR_OLD_BL12,Mus musculus,BALB/cAnNTac,Taconic Biosciences,,Female,Left Lobe of the Liver,Basal Control,,transcription profiling,RNA Sequencing (RNA-Seq),,,,12 h light/dark cycle,Nutrient Upgraded Rodent Food Bar (NuRFB),ad libitum,,ketamine/xylazine overdose and exsanguination/double thoracotomy,,{Not Applicable},,Liquid Nitrogen,-80 {degree Celsius},,,,,,,OSD-379_transcription-profiling_rna-sequencing-(rna-seq)_Illumina NovaSeq,transcription profiling,RNA Sequencing (RNA-Seq),Mus musculus,unknown,rna sequencing (rna-seq),,0,1,0,GLDS-379_rna_seq_STAR_Unnormalized_Counts_GLbulkRNAseq.csv,data/osdr/raw/GLDS-379_rna_seq_STAR_Unnormalized_Counts_GLbulkRNAseq.csv,RR8_LVR_BSL_LAR_OLD_BL12,outside_selected_subgroup_or_control
OSD-379,OSD-379_transcription-profiling_rna-sequencing-(rna-seq)_Illumina NovaSeq,RR8_LVR_BSL_LAR_OLD_BL13,Mus musculus,BALB/cAnNTac,Taconic Biosciences,,Female,Left Lobe of the Liver,Basal Control,,transcription profiling,RNA Sequencing (RNA-Seq),,,,12 h light/dark cycle,Nutrient Upgraded Rodent Food Bar (NuRFB),ad libitum,,ketamine/xylazine overdose and exsanguination/double thoracotomy,,{Not Applicable},,Liquid Nitrogen,-80 {degree Celsius},,,,,,,OSD-379_transcription-profiling_rna-sequencing-(rna-seq)_Illumina NovaSeq,transcription profiling,RNA Sequencing (RNA-Seq),Mus musculus,unknown,rna sequencing (rna-seq),,0,1,0,GLDS-379_rna_seq_STAR_Unnormalized_Counts_GLbulkRNAseq.csv,data/osdr/raw/GLDS-379_rna_seq_STAR_Unnormalized_Counts_GLbulkRNAseq.csv,RR8_LVR_BSL_LAR_OLD_BL13,outside_selected_subgroup_or_control
OSD-379,OSD-379_transcription-profiling_rna-sequencing-(rna-seq)_Illumina NovaSeq,RR8_LVR_BSL_LAR_OLD_BL14,Mus musculus,BALB/cAnNTac,Taconic Biosciences,,Female,Left Lobe of the Liver,Basal Control,,transcription profiling,RNA Sequencing (RNA-Seq),,,,12 h light/dark cycle,Nutrient Upgraded Rodent Food Bar (NuRFB),ad libitum,,ketamine/xylazine overdose and exsanguination/double thoracotomy,,{Not Applicable},,Liquid Nitrogen,-80 {degree Celsius},,,,,,,OSD-379_transcription-profiling_rna-sequencing-(rna-seq)_Illumina NovaSeq,transcription profiling,RNA Sequencing (RNA-Seq),Mus musculus,unknown,rna sequencing (rna-seq),,0,1,0,GLDS-379_rna_seq_STAR_Unnormalized_Counts_GLbulkRNAseq.csv,data/osdr/raw/GLDS-379_rna_seq_STAR_Unnormalized_Counts_GLbulkRNAseq.csv,RR8_LVR_BSL_LAR_OLD_BL14,outside_selected_subgroup_or_control
OSD-379,OSD-379_transcription-profiling_rna-sequencing-(rna-seq)_Illumina NovaSeq,RR8_LVR_BSL_LAR_OLD_BL15,Mus musculus,BALB/cAnNTac,Taconic Biosciences,,Female,Left Lobe of the Liver,Basal Control,,transcription profiling,RNA Sequencing (RNA-Seq),,,,12 h light/dark cycle,Nutrient Upgraded Rodent Food Bar (NuRFB),ad libitum,,ketamine/xylazine overdose and exsanguination/double thoracotomy,,{Not Applicable},,Liquid Nitrogen,-80 {degree Celsius},,,,,,,OSD-379_transcription-profiling_rna-sequencing-(rna-seq)_Illumina NovaSeq,transcription profiling,RNA Sequencing (RNA-Seq),Mus musculus,unknown,rna sequencing (rna-seq),,0,1,0,GLDS-379_rna_seq_STAR_Unnormalized_Counts_GLbulkRNAseq.csv,data/osdr/raw/GLDS-379_rna_seq_STAR_Unnormalized_Counts_GLbulkRNAseq.csv,RR8_LVR_BSL_LAR_OLD_BL15,outside_selected_subgroup_or_control
OSD-379,OSD-379_transcription-profiling_rna-sequencing-(rna-seq)_Illumina NovaSeq,RR8_LVR_BSL_LAR_OLD_BL16,Mus musculus,BALB/cAnNTac,Taconic Biosciences,,Female,Left Lobe of the Liver,Basal Control,,transcription profiling,RNA Sequencing (RNA-Seq),,,,12 h light/dark cycle,Nutrient Upgraded Rodent Food Bar (NuRFB),ad libitum,,ketamine/xylazine overdose and exsanguination/double thoracotomy,,{Not Applicable},,Liquid Nitrogen,-80 {degree Celsius},,,,,,,OSD-379_transcription-profiling_rna-sequencing-(rna-seq)_Illumina NovaSeq,transcription profiling,RNA Sequencing (RNA-Seq),Mus musculus,unknown,rna sequencing (rna-seq),,0,1,0,GLDS-379_rna_seq_STAR_Unnormalized_Counts_GLbulkRNAseq.csv,data/osdr/raw/GLDS-379_rna_seq_STAR_Unnormalized_Counts_GLbulkRNAseq.csv,RR8_LVR_BSL_LAR_OLD_BL16,outside_selected_subgroup_or_control
OSD-379,OSD-379_transcription-profiling_rna-sequencing-(rna-seq)_Illumina NovaSeq,RR8_LVR_BSL_LAR_OLD_BL17,Mus musculus,BALB/cAnNTac,Taconic Biosciences,,Female,Left Lobe of the Liver,Basal Control,,transcription profiling,RNA Sequencing (RNA-Seq),,,,12 h light/dark cycle,Nutrient Upgraded Rodent Food Bar (NuRFB),ad libitum,,ketamine/xylazine overdose and exsanguination/double thoracotomy,,{Not Applicable},,Liquid Nitrogen,-80 {degree Celsius},,,,,,,OSD-379_transcription-profiling_rna-sequencing-(rna-seq)_Illumina NovaSeq,transcription profiling,RNA Sequencing (RNA-Seq),Mus musculus,unknown,rna sequencing (rna-seq),,0,1,0,GLDS-379_rna_seq_STAR_Unnormalized_Counts_GLbulkRNAseq.csv,data/osdr/raw/GLDS-379_rna_seq_STAR_Unnormalized_Counts_GLbulkRNAseq.csv,RR8_LVR_BSL_LAR_OLD_BL17,outside_selected_subgroup_or_control
OSD-379,OSD-379_transcription-profiling_rna-sequencing-(rna-seq)_Illumina NovaSeq,RR8_LVR_BSL_LAR_OLD_BL18,Mus musculus,BALB/cAnNTac,Taconic Biosciences,,Female,Left Lobe of the Liver,Basal Control,,transcription profiling,RNA Sequencing (RNA-Seq),,,,12 h light/dark cycle,Nutrient Upgraded Rodent Food Bar (NuRFB),ad libitum,,ketamine/xylazine overdose and exsanguination/double thoracotomy,,{Not Applicable},,Liquid Nitrogen,-80 {degree Celsius},,,,,,,OSD-379_transcription-profiling_rna-sequencing-(rna-seq)_Illumina NovaSeq,transcription profiling,RNA Sequencing (RNA-Seq),Mus musculus,unknown,rna sequencing (rna-seq),,0,1,0,GLDS-379_rna_seq_STAR_Unnormalized_Counts_GLbulkRNAseq.csv,data/osdr/raw/GLDS-379_rna_seq_STAR_Unnormalized_Counts_GLbulkRNAseq.csv,RR8_LVR_BSL_LAR_OLD_BL18,outside_selected_subgroup_or_control
OSD-379,OSD-379_transcription-profiling_rna-sequencing-(rna-seq)_Illumina NovaSeq,RR8_LVR_BSL_LAR_OLD_BL19,Mus musculus,BALB/cAnNTac,Taconic Biosciences,,Female,Left Lobe of the Liver,Basal Control,,transcription profiling,RNA Sequencing (RNA-Seq),,,,12 h light/dark cycle,Nutrient Upgraded Rodent Food Bar (NuRFB),ad libitum,,ketamine/xylazine overdose and exsanguination/double thoracotomy,,{Not Applicable},,Liquid Nitrogen,-80 {degree Celsius},,,,,,,OSD-379_transcription-profiling_rna-sequencing-(rna-seq)_Illumina NovaSeq,transcription profiling,RNA Sequencing (RNA-Seq),Mus musculus,unknown,rna sequencing (rna-seq),,0,1,0,GLDS-379_rna_seq_STAR_Unnormalized_Counts_GLbulkRNAseq.csv,data/osdr/raw/GLDS-379_rna_seq_STAR_Unnormalized_Counts_GLbulkRNAseq.csv,RR8_LVR_BSL_LAR_OLD_BL19,outside_selected_subgroup_or_control
OSD-379,OSD-379_transcription-profiling_rna-sequencing-(rna-seq)_Illumina NovaSeq,RR8_LVR_BSL_LAR_OLD_BL20,Mus musculus,BALB/cAnNTac,Taconic Biosciences,,Female,Left Lobe of the Liver,Basal Control,,transcription profiling,RNA Sequencing (RNA-Seq),,,,12 h light/dark cycle,Nutrient Upgraded Rodent Food Bar (NuRFB),ad libitum,,ketamine/xylazine overdose and exsanguination/double thoracotomy,,{Not Applicable},,Liquid Nitrogen,-80 {degree Celsius},,,,,,,OSD-379_transcription-profiling_rna-sequencing-(rna-seq)_Illumina NovaSeq,transcription profiling,RNA Sequencing (RNA-Seq),Mus musculus,unknown,rna sequencing (rna-seq),,0,1,0,GLDS-379_rna_seq_STAR_Unnormalized_Counts_GLbulkRNAseq.csv,data/osdr/raw/GLDS-379_rna_seq_STAR_Unnormalized_Counts_GLbulkRNAseq.csv,RR8_LVR_BSL_LAR_OLD_BL20,outside_selected_subgroup_or_control
OSD-379,OSD-379_transcription-profiling_rna-sequencing-(rna-seq)_Illumina NovaSeq,RR8_LVR_BSL_LAR_YNG_BL1,Mus musculus,BALB/cAnNTac,Taconic Biosciences,,Female,Left Lobe of the Liver,Basal Control,,transcription profiling,RNA Sequencing (RNA-Seq),,,,12 h light/dark cycle,Nutrient Upgraded Rodent Food Bar (NuRFB),ad libitum,,ketamine/xylazine overdose and exsanguination/double thoracotomy,,{Not Applicable},,Liquid Nitrogen,-80 {degree Celsius},,,,,,,OSD-379_transcription-profiling_rna-sequencing-(rna-seq)_Illumina NovaSeq,transcription profiling,RNA Sequencing (RNA-Seq),Mus musculus,unknown,rna sequencing (rna-seq),,0,1,0,GLDS-379_rna_seq_STAR_Unnormalized_Counts_GLbulkRNAseq.csv,data/osdr/raw/GLDS-379_rna_seq_STAR_Unnormalized_Counts_GLbulkRNAseq.csv,RR8_LVR_BSL_LAR_YNG_BL1,outside_selected_subgroup_or_control
OSD-379,OSD-379_transcription-profiling_rna-sequencing-(rna-seq)_Illumina NovaSeq,RR8_LVR_BSL_LAR_YNG_BL10,Mus musculus,BALB/cAnNTac,Taconic Biosciences,,Female,Left Lobe of the Liver,Basal Control,,transcription profiling,RNA Sequencing (RNA-Seq),,,,12 h light/dark cycle,Nutrient Upgraded Rodent Food Bar (NuRFB),ad libitum,,ketamine/xylazine overdose and exsanguination/double thoracotomy,,{Not Applicable},,Liquid Nitrogen,-80 {degree Celsius},,,,,,,OSD-379_transcription-profiling_rna-sequencing-(rna-seq)_Illumina NovaSeq,transcription profiling,RNA Sequencing (RNA-Seq),Mus musculus,unknown,rna sequencing (rna-seq),,0,1,0,GLDS-379_rna_seq_STAR_Unnormalized_Counts_GLbulkRNAseq.csv,data/osdr/raw/GLDS-379_rna_seq_STAR_Unnormalized_Counts_GLbulkRNAseq.csv,RR8_LVR_BSL_LAR_YNG_BL10,outside_selected_subgroup_or_control
OSD-379,OSD-379_transcription-profiling_rna-sequencing-(rna-seq)_Illumina NovaSeq,RR8_LVR_BSL_LAR_YNG_BL2,Mus musculus,BALB/cAnNTac,Taconic Biosciences,,Female,Left Lobe of the Liver,Basal Control,,transcription profiling,RNA Sequencing (RNA-Seq),,,,12 h light/dark cycle,Nutrient Upgraded Rodent Food Bar (NuRFB),ad libitum,,ketamine/xylazine overdose and exsanguination/double thoracotomy,,{Not Applicable},,Liquid Nitrogen,-80 {degree Celsius},,,,,,,OSD-379_transcription-profiling_rna-sequencing-(rna-seq)_Illumina NovaSeq,transcription profiling,RNA Sequencing (RNA-Seq),Mus musculus,unknown,rna sequencing (rna-seq),,0,1,0,GLDS-379_rna_seq_STAR_Unnormalized_Counts_GLbulkRNAseq.csv,data/osdr/raw/GLDS-379_rna_seq_STAR_Unnormalized_Counts_GLbulkRNAseq.csv,RR8_LVR_BSL_LAR_YNG_BL2,outside_selected_subgroup_or_control
OSD-379,OSD-379_transcription-profiling_rna-sequencing-(rna-seq)_Illumina NovaSeq,RR8_LVR_BSL_LAR_YNG_BL4,Mus musculus,BALB/cAnNTac,Taconic Biosciences,,Female,Left Lobe of the Liver,Basal Control,,transcription profiling,RNA Sequencing (RNA-Seq),,,,12 h light/dark cycle,Nutrient Upgraded Rodent Food Bar (NuRFB),ad libitum,,ketamine/xylazine overdose and exsanguination/double thoracotomy,,{Not Applicable},,Liquid Nitrogen,-80 {degree Celsius},,,,,,,OSD-379_transcription-profiling_rna-sequencing-(rna-seq)_Illumina NovaSeq,transcription profiling,RNA Sequencing (RNA-Seq),Mus musculus,unknown,rna sequencing (rna-seq),,0,1,0,GLDS-379_rna_seq_STAR_Unnormalized_Counts_GLbulkRNAseq.csv,data/osdr/raw/GLDS-379_rna_seq_STAR_Unnormalized_Counts_GLbulkRNAseq.csv,RR8_LVR_BSL_LAR_YNG_BL4,outside_selected_subgroup_or_control
OSD-379,OSD-379_transcription-profiling_rna-sequencing-(rna-seq)_Illumina NovaSeq,RR8_LVR_BSL_LAR_YNG_BL5,Mus musculus,BALB/cAnNTac,Taconic Biosciences,,Female,Left Lobe of the Liver,Basal Control,,transcription profiling,RNA Sequencing (RNA-Seq),,,,12 h light/dark cycle,Nutrient Upgraded Rodent Food Bar (NuRFB),ad libitum,,ketamine/xylazine overdose and exsanguination/double thoracotomy,,{Not Applicable},,Liquid Nitrogen,-80 {degree Celsius},,,,,,,OSD-379_transcription-profiling_rna-sequencing-(rna-seq)_Illumina NovaSeq,transcription profiling,RNA Sequencing (RNA-Seq),Mus musculus,unknown,rna sequencing (rna-seq),,0,1,0,GLDS-379_rna_seq_STAR_Unnormalized_Counts_GLbulkRNAseq.csv,data/osdr/raw/GLDS-379_rna_seq_STAR_Unnormalized_Counts_GLbulkRNAseq.csv,RR8_LVR_BSL_LAR_YNG_BL5,outside_selected_subgroup_or_control
OSD-379,OSD-379_transcription-profiling_rna-sequencing-(rna-seq)_Illumina NovaSeq,RR8_LVR_BSL_LAR_YNG_BL6,Mus musculus,BALB/cAnNTac,Taconic Biosciences,,Female,Left Lobe of the Liver,Basal Control,,transcription profiling,RNA Sequencing (RNA-Seq),,,,12 h light/dark cycle,Nutrient Upgraded Rodent Food Bar (NuRFB),ad libitum,,ketamine/xylazine overdose and exsanguination/double thoracotomy,,{Not Applicable},,Liquid Nitrogen,-80 {degree Celsius},,,,,,,OSD-379_transcription-profiling_rna-sequencing-(rna-seq)_Illumina NovaSeq,transcription profiling,RNA Sequencing (RNA-Seq),Mus musculus,unknown,rna sequencing (rna-seq),,0,1,0,GLDS-379_rna_seq_STAR_Unnormalized_Counts_GLbulkRNAseq.csv,data/osdr/raw/GLDS-379_rna_seq_STAR_Unnormalized_Counts_GLbulkRNAseq.csv,RR8_LVR_BSL_LAR_YNG_BL6,outside_selected_subgroup_or_control
OSD-379,OSD-379_transcription-profiling_rna-sequencing-(rna-seq)_Illumina NovaSeq,RR8_LVR_BSL_LAR_YNG_BL7,Mus musculus,BALB/cAnNTac,Taconic Biosciences,,Female,Left Lobe of the Liver,Basal Control,,transcription profiling,RNA Sequencing (RNA-Seq),,,,12 h light/dark cycle,Nutrient Upgraded Rodent Food Bar (NuRFB),ad libitum,,ketamine/xylazine overdose and exsanguination/double thoracotomy,,{Not Applicable},,Liquid Nitrogen,-80 {degree Celsius},,,,,,,OSD-379_transcription-profiling_rna-sequencing-(rna-seq)_Illumina NovaSeq,transcription profiling,RNA Sequencing (RNA-Seq),Mus musculus,unknown,rna sequencing (rna-seq),,0,1,0,GLDS-379_rna_seq_STAR_Unnormalized_Counts_GLbulkRNAseq.csv,data/osdr/raw/GLDS-379_rna_seq_STAR_Unnormalized_Counts_GLbulkRNAseq.csv,RR8_LVR_BSL_LAR_YNG_BL7,outside_selected_subgroup_or_control
OSD-379,OSD-379_transcription-profiling_rna-sequencing-(rna-seq)_Illumina NovaSeq,RR8_LVR_BSL_LAR_YNG_BL8,Mus musculus,BALB/cAnNTac,Taconic Biosciences,,Female,Left Lobe of the Liver,Basal Control,,transcription profiling,RNA Sequencing (RNA-Seq),,,,12 h light/dark cycle,Nutrient Upgraded Rodent Food Bar (NuRFB),ad libitum,,ketamine/xylazine overdose and exsanguination/double thoracotomy,,{Not Applicable},,Liquid Nitrogen,-80 {degree Celsius},,,,,,,OSD-379_transcription-profiling_rna-sequencing-(rna-seq)_Illumina NovaSeq,transcription profiling,RNA Sequencing (RNA-Seq),Mus musculus,unknown,rna sequencing (rna-seq),,0,1,0,GLDS-379_rna_seq_STAR_Unnormalized_Counts_GLbulkRNAseq.csv,data/osdr/raw/GLDS-379_rna_seq_STAR_Unnormalized_Counts_GLbulkRNAseq.csv,RR8_LVR_BSL_LAR_YNG_BL8,outside_selected_subgroup_or_control
OSD-379,OSD-379_transcription-profiling_rna-sequencing-(rna-seq)_Illumina NovaSeq,RR8_LVR_BSL_LAR_YNG_BL9,Mus musculus,BALB/cAnNTac,Taconic Biosciences,,Female,Left Lobe of the Liver,Basal Control,,transcription profiling,RNA Sequencing (RNA-Seq),,,,12 h light/dark cycle,Nutrient Upgraded Rodent Food Bar (NuRFB),ad libitum,,ketamine/xylazine overdose and exsanguination/double thoracotomy,,{Not Applicable},,Liquid Nitrogen,-80 {degree Celsius},,,,,,,OSD-379_transcription-profiling_rna-sequencing-(rna-seq)_Illumina NovaSeq,transcription profiling,RNA Sequencing (RNA-Seq),Mus musculus,unknown,rna sequencing (rna-seq),,0,1,0,GLDS-379_rna_seq_STAR_Unnormalized_Counts_GLbulkRNAseq.csv,data/osdr/raw/GLDS-379_rna_seq_STAR_Unnormalized_Counts_GLbulkRNAseq.csv,RR8_LVR_BSL_LAR_YNG_BL9,outside_selected_subgroup_or_control
OSD-379,OSD-379_transcription-profiling_rna-sequencing-(rna-seq)_Illumina NovaSeq,RR8_LVR_FLT_ISS-T_OLD_FI11,Mus musculus,BALB/cAnNTac,Taconic Biosciences,,Female,Left Lobe of the Liver,Space Flight,,transcription profiling,RNA Sequencing (RNA-Seq),,,,12 h light/dark cycle,Nutrient Upgraded Rodent Food Bar (NuRFB),ad libitum,,ketamine/xylazine overdose and exsanguination/double thoracotomy,,-80 {degree Celsius},,Liquid Nitrogen,-80 {degree Celsius},,,,,,,OSD-379_transcription-profiling_rna-sequencing-(rna-seq)_Illumina NovaSeq,transcription profiling,RNA Sequencing (RNA-Seq),Mus musculus,unknown,rna sequencing (rna-seq),,0,1,0,GLDS-379_rna_seq_STAR_Unnormalized_Counts_GLbulkRNAseq.csv,data/osdr/raw/GLDS-379_rna_seq_STAR_Unnormalized_Counts_GLbulkRNAseq.csv,RR8_LVR_FLT_ISS-T_OLD_FI11,outside_selected_subgroup_or_control
OSD-379,OSD-379_transcription-profiling_rna-sequencing-(rna-seq)_Illumina NovaSeq,RR8_LVR_FLT_ISS-T_OLD_FI12,Mus musculus,BALB/cAnNTac,Taconic Biosciences,,Female,Left Lobe of the Liver,Space Flight,,transcription profiling,RNA Sequencing (RNA-Seq),,,,12 h light/dark cycle,Nutrient Upgraded Rodent Food Bar (NuRFB),ad libitum,,ketamine/xylazine overdose and exsanguination/double thoracotomy,,-80 {degree Celsius},,Liquid Nitrogen,-80 {degree Celsius},,,,,,,OSD-379_transcription-profiling_rna-sequencing-(rna-seq)_Illumina NovaSeq,transcription profiling,RNA Sequencing (RNA-Seq),Mus musculus,unknown,rna sequencing (rna-seq),,0,1,0,GLDS-379_rna_seq_STAR_Unnormalized_Counts_GLbulkRNAseq.csv,data/osdr/raw/GLDS-379_rna_seq_STAR_Unnormalized_Counts_GLbulkRNAseq.csv,RR8_LVR_FLT_ISS-T_OLD_FI12,outside_selected_subgroup_or_control
OSD-379,OSD-379_transcription-profiling_rna-sequencing-(rna-seq)_Illumina NovaSeq,RR8_LVR_FLT_ISS-T_OLD_FI13,Mus musculus,BALB/cAnNTac,Taconic Biosciences,,Female,Left Lobe of the Liver,Space Flight,,transcription profiling,RNA Sequencing (RNA-Seq),,,,12 h light/dark cycle,Nutrient Upgraded Rodent Food Bar (NuRFB),ad libitum,,ketamine/xylazine overdose and exsanguination/double thoracotomy,,-80 {degree Celsius},,Liquid Nitrogen,-80 {degree Celsius},,,,,,,OSD-379_transcription-profiling_rna-sequencing-(rna-seq)_Illumina NovaSeq,transcription profiling,RNA Sequencing (RNA-Seq),Mus musculus,unknown,rna sequencing (rna-seq),,0,1,0,GLDS-379_rna_seq_STAR_Unnormalized_Counts_GLbulkRNAseq.csv,data/osdr/raw/GLDS-379_rna_seq_STAR_Unnormalized_Counts_GLbulkRNAseq.csv,RR8_LVR_FLT_ISS-T_OLD_FI13,outside_selected_subgroup_or_control
OSD-379,OSD-379_transcription-profiling_rna-sequencing-(rna-seq)_Illumina NovaSeq,RR8_LVR_FLT_ISS-T_OLD_FI14,Mus musculus,BALB/cAnNTac,Taconic Biosciences,,Female,Left Lobe of the Liver,Space Flight,,transcription profiling,RNA Sequencing (RNA-Seq),,,,12 h light/dark cycle,Nutrient Upgraded Rodent Food Bar (NuRFB),ad libitum,,ketamine/xylazine overdose and exsanguination/double thoracotomy,,-80 {degree Celsius},,Liquid Nitrogen,-80 {degree Celsius},,,,,,,OSD-379_transcription-profiling_rna-sequencing-(rna-seq)_Illumina NovaSeq,transcription profiling,RNA Sequencing (RNA-Seq),Mus musculus,unknown,rna sequencing (rna-seq),,0,1,0,GLDS-379_rna_seq_STAR_Unnormalized_Counts_GLbulkRNAseq.csv,data/osdr/raw/GLDS-379_rna_seq_STAR_Unnormalized_Counts_GLbulkRNAseq.csv,RR8_LVR_FLT_ISS-T_OLD_FI14,outside_selected_subgroup_or_control
OSD-379,OSD-379_transcription-profiling_rna-sequencing-(rna-seq)_Illumina NovaSeq,RR8_LVR_FLT_ISS-T_OLD_FI15,Mus musculus,BALB/cAnNTac,Taconic Biosciences,,Female,Left Lobe of the Liver,Space Flight,,transcription profiling,RNA Sequencing (RNA-Seq),,,,12 h light/dark cycle,Nutrient Upgraded Rodent Food Bar (NuRFB),ad libitum,,ketamine/xylazine overdose and exsanguination/double thoracotomy,,-80 {degree Celsius},,Liquid Nitrogen,-80 {degree Celsius},,,,,,,OSD-379_transcription-profiling_rna-sequencing-(rna-seq)_Illumina NovaSeq,transcription profiling,RNA Sequencing (RNA-Seq),Mus musculus,unknown,rna sequencing (rna-seq),,0,1,0,GLDS-379_rna_seq_STAR_Unnormalized_Counts_GLbulkRNAseq.csv,data/osdr/raw/GLDS-379_rna_seq_STAR_Unnormalized_Counts_GLbulkRNAseq.csv,RR8_LVR_FLT_ISS-T_OLD_FI15,outside_selected_subgroup_or_control
OSD-379,OSD-379_transcription-profiling_rna-sequencing-(rna-seq)_Illumina NovaSeq,RR8_LVR_FLT_ISS-T_OLD_FI16,Mus musculus,BALB/cAnNTac,Taconic Biosciences,,Female,Left Lobe of the Liver,Space Flight,,transcription profiling,RNA Sequencing (RNA-Seq),,,,12 h light/dark cycle,Nutrient Upgraded Rodent Food Bar (NuRFB),ad libitum,,ketamine/xylazine overdose and exsanguination/double thoracotomy,,-80 {degree Celsius},,Liquid Nitrogen,-80 {degree Celsius},,,,,,,OSD-379_transcription-profiling_rna-sequencing-(rna-seq)_Illumina NovaSeq,transcription profiling,RNA Sequencing (RNA-Seq),Mus musculus,unknown,rna sequencing (rna-seq),,0,1,0,GLDS-379_rna_seq_STAR_Unnormalized_Counts_GLbulkRNAseq.csv,data/osdr/raw/GLDS-379_rna_seq_STAR_Unnormalized_Counts_GLbulkRNAseq.csv,RR8_LVR_FLT_ISS-T_OLD_FI16,outside_selected_subgroup_or_control
OSD-379,OSD-379_transcription-profiling_rna-sequencing-(rna-seq)_Illumina NovaSeq,RR8_LVR_FLT_ISS-T_OLD_FI17,Mus musculus,BALB/cAnNTac,Taconic Biosciences,,Female,Left Lobe of the Liver,Space Flight,,transcription profiling,RNA Sequencing (RNA-Seq),,,,12 h light/dark cycle,Nutrient Upgraded Rodent Food Bar (NuRFB),ad libitum,,ketamine/xylazine overdose and exsanguination/double thoracotomy,,-80 {degree Celsius},,Liquid Nitrogen,-80 {degree Celsius},,,,,,,OSD-379_transcription-profiling_rna-sequencing-(rna-seq)_Illumina NovaSeq,transcription profiling,RNA Sequencing (RNA-Seq),Mus musculus,unknown,rna sequencing (rna-seq),,0,1,0,GLDS-379_rna_seq_STAR_Unnormalized_Counts_GLbulkRNAseq.csv,data/osdr/raw/GLDS-379_rna_seq_STAR_Unnormalized_Counts_GLbulkRNAseq.csv,RR8_LVR_FLT_ISS-T_OLD_FI17,outside_selected_subgroup_or_control
OSD-379,OSD-379_transcription-profiling_rna-sequencing-(rna-seq)_Illumina NovaSeq,RR8_LVR_FLT_ISS-T_OLD_FI18,Mus musculus,BALB/cAnNTac,Taconic Biosciences,,Female,Left Lobe of the Liver,Space Flight,,transcription profiling,RNA Sequencing (RNA-Seq),,,,12 h light/dark cycle,Nutrient Upgraded Rodent Food Bar (NuRFB),ad libitum,,ketamine/xylazine overdose and exsanguination/double thoracotomy,,-80 {degree Celsius},,Liquid Nitrogen,-80 {degree Celsius},,,,,,,OSD-379_transcription-profiling_rna-sequencing-(rna-seq)_Illumina NovaSeq,transcription profiling,RNA Sequencing (RNA-Seq),Mus musculus,unknown,rna sequencing (rna-seq),,0,1,0,GLDS-379_rna_seq_STAR_Unnormalized_Counts_GLbulkRNAseq.csv,data/osdr/raw/GLDS-379_rna_seq_STAR_Unnormalized_Counts_GLbulkRNAseq.csv,RR8_LVR_FLT_ISS-T_OLD_FI18,outside_selected_subgroup_or_control
OSD-379,OSD-379_transcription-profiling_rna-sequencing-(rna-seq)_Illumina NovaSeq,RR8_LVR_FLT_ISS-T_OLD_FI19,Mus musculus,BALB/cAnNTac,Taconic Biosciences,,Female,Left Lobe of the Liver,Space Flight,,transcription profiling,RNA Sequencing (RNA-Seq),,,,12 h light/dark cycle,Nutrient Upgraded Rodent Food Bar (NuRFB),ad libitum,,ketamine/xylazine overdose and exsanguination/double thoracotomy,,-80 {degree Celsius},,Liquid Nitrogen,-80 {degree Celsius},,,,,,,OSD-379_transcription-profiling_rna-sequencing-(rna-seq)_Illumina NovaSeq,transcription profiling,RNA Sequencing (RNA-Seq),Mus musculus,unknown,rna sequencing (rna-seq),,0,1,0,GLDS-379_rna_seq_STAR_Unnormalized_Counts_GLbulkRNAseq.csv,data/osdr/raw/GLDS-379_rna_seq_STAR_Unnormalized_Counts_GLbulkRNAseq.csv,RR8_LVR_FLT_ISS-T_OLD_FI19,outside_selected_subgroup_or_control
OSD-379,OSD-379_transcription-profiling_rna-sequencing-(rna-seq)_Illumina NovaSeq,RR8_LVR_FLT_ISS-T_OLD_FI20,Mus musculus,BALB/cAnNTac,Taconic Biosciences,,Female,Left Lobe of the Liver,Space Flight,,transcription profiling,RNA Sequencing (RNA-Seq),,,,12 h light/dark cycle,Nutrient Upgraded Rodent Food Bar (NuRFB),ad libitum,,ketamine/xylazine overdose and exsanguination/double thoracotomy,,-80 {degree Celsius},,Liquid Nitrogen,-80 {degree Celsius},,,,,,,OSD-379_transcription-profiling_rna-sequencing-(rna-seq)_Illumina NovaSeq,transcription profiling,RNA Sequencing (RNA-Seq),Mus musculus,unknown,rna sequencing (rna-seq),,0,1,0,GLDS-379_rna_seq_STAR_Unnormalized_Counts_GLbulkRNAseq.csv,data/osdr/raw/GLDS-379_rna_seq_STAR_Unnormalized_Counts_GLbulkRNAseq.csv,RR8_LVR_FLT_ISS-T_OLD_FI20,outside_selected_subgroup_or_control
OSD-379,OSD-379_transcription-profiling_rna-sequencing-(rna-seq)_Illumina NovaSeq,RR8_LVR_FLT_ISS-T_YNG_FI1,Mus musculus,BALB/cAnNTac,Taconic Biosciences,,Female,Left Lobe of the Liver,Space Flight,,transcription profiling,RNA Sequencing (RNA-Seq),,,,12 h light/dark cycle,Nutrient Upgraded Rodent Food Bar (NuRFB),ad libitum,,ketamine/xylazine overdose and exsanguination/double thoracotomy,,-80 {degree Celsius},,Liquid Nitrogen,-80 {degree Celsius},,,,,,,OSD-379_transcription-profiling_rna-sequencing-(rna-seq)_Illumina NovaSeq,transcription profiling,RNA Sequencing (RNA-Seq),Mus musculus,unknown,rna sequencing (rna-seq),,0,1,0,GLDS-379_rna_seq_STAR_Unnormalized_Counts_GLbulkRNAseq.csv,data/osdr/raw/GLDS-379_rna_seq_STAR_Unnormalized_Counts_GLbulkRNAseq.csv,RR8_LVR_FLT_ISS-T_YNG_FI1,selected
OSD-379,OSD-379_transcription-profiling_rna-sequencing-(rna-seq)_Illumina NovaSeq,RR8_LVR_FLT_ISS-T_YNG_FI10,Mus musculus,BALB/cAnNTac,Taconic Biosciences,,Female,Left Lobe of the Liver,Space Flight,,transcription profiling,RNA Sequencing (RNA-Seq),,,,12 h light/dark cycle,Nutrient Upgraded Rodent Food Bar (NuRFB),ad libitum,,ketamine/xylazine overdose and exsanguination/double thoracotomy,,-80 {degree Celsius},,Liquid Nitrogen,-80 {degree Celsius},,,,,,,OSD-379_transcription-profiling_rna-sequencing-(rna-seq)_Illumina NovaSeq,transcription profiling,RNA Sequencing (RNA-Seq),Mus musculus,unknown,rna sequencing (rna-seq),,0,1,0,GLDS-379_rna_seq_STAR_Unnormalized_Counts_GLbulkRNAseq.csv,data/osdr/raw/GLDS-379_rna_seq_STAR_Unnormalized_Counts_GLbulkRNAseq.csv,RR8_LVR_FLT_ISS-T_YNG_FI10,selected
OSD-379,OSD-379_transcription-profiling_rna-sequencing-(rna-seq)_Illumina NovaSeq,RR8_LVR_FLT_ISS-T_YNG_FI2,Mus musculus,BALB/cAnNTac,Taconic Biosciences,,Female,Left Lobe of the Liver,Space Flight,,transcription profiling,RNA Sequencing (RNA-Seq),,,,12 h light/dark cycle,Nutrient Upgraded Rodent Food Bar (NuRFB),ad libitum,,ketamine/xylazine overdose and exsanguination/double thoracotomy,,-80 {degree Celsius},,Liquid Nitrogen,-80 {degree Celsius},,,,,,,OSD-379_transcription-profiling_rna-sequencing-(rna-seq)_Illumina NovaSeq,transcription profiling,RNA Sequencing (RNA-Seq),Mus musculus,unknown,rna sequencing (rna-seq),,0,1,0,GLDS-379_rna_seq_STAR_Unnormalized_Counts_GLbulkRNAseq.csv,data/osdr/raw/GLDS-379_rna_seq_STAR_Unnormalized_Counts_GLbulkRNAseq.csv,RR8_LVR_FLT_ISS-T_YNG_FI2,selected
OSD-379,OSD-379_transcription-profiling_rna-sequencing-(rna-seq)_Illumina NovaSeq,RR8_LVR_FLT_ISS-T_YNG_FI3,Mus musculus,BALB/cAnNTac,Taconic Biosciences,,Female,Left Lobe of the Liver,Space Flight,,transcription profiling,RNA Sequencing (RNA-Seq),,,,12 h light/dark cycle,Nutrient Upgraded Rodent Food Bar (NuRFB),ad libitum,,ketamine/xylazine overdose and exsanguination/double thoracotomy,,-80 {degree Celsius},,Liquid Nitrogen,-80 {degree Celsius},,,,,,,OSD-379_transcription-profiling_rna-sequencing-(rna-seq)_Illumina NovaSeq,transcription profiling,RNA Sequencing (RNA-Seq),Mus musculus,unknown,rna sequencing (rna-seq),,0,1,0,GLDS-379_rna_seq_STAR_Unnormalized_Counts_GLbulkRNAseq.csv,data/osdr/raw/GLDS-379_rna_seq_STAR_Unnormalized_Counts_GLbulkRNAseq.csv,RR8_LVR_FLT_ISS-T_YNG_FI3,selected
OSD-379,OSD-379_transcription-profiling_rna-sequencing-(rna-seq)_Illumina NovaSeq,RR8_LVR_FLT_ISS-T_YNG_FI4,Mus musculus,BALB/cAnNTac,Taconic Biosciences,,Female,Left Lobe of the Liver,Space Flight,,transcription profiling,RNA Sequencing (RNA-Seq),,,,12 h light/dark cycle,Nutrient Upgraded Rodent Food Bar (NuRFB),ad libitum,,ketamine/xylazine overdose and exsanguination/double thoracotomy,,-80 {degree Celsius},,Liquid Nitrogen,-80 {degree Celsius},,,,,,,OSD-379_transcription-profiling_rna-sequencing-(rna-seq)_Illumina NovaSeq,transcription profiling,RNA Sequencing (RNA-Seq),Mus musculus,unknown,rna sequencing (rna-seq),,0,1,0,GLDS-379_rna_seq_STAR_Unnormalized_Counts_GLbulkRNAseq.csv,data/osdr/raw/GLDS-379_rna_seq_STAR_Unnormalized_Counts_GLbulkRNAseq.csv,RR8_LVR_FLT_ISS-T_YNG_FI4,selected
OSD-379,OSD-379_transcription-profiling_rna-sequencing-(rna-seq)_Illumina NovaSeq,RR8_LVR_FLT_ISS-T_YNG_FI5,Mus musculus,BALB/cAnNTac,Taconic Biosciences,,Female,Left Lobe of the Liver,Space Flight,,transcription profiling,RNA Sequencing (RNA-Seq),,,,12 h light/dark cycle,Nutrient Upgraded Rodent Food Bar (NuRFB),ad libitum,,ketamine/xylazine overdose and exsanguination/double thoracotomy,,-80 {degree Celsius},,Liquid Nitrogen,-80 {degree Celsius},,,,,,,OSD-379_transcription-profiling_rna-sequencing-(rna-seq)_Illumina NovaSeq,transcription profiling,RNA Sequencing (RNA-Seq),Mus musculus,unknown,rna sequencing (rna-seq),,0,1,0,GLDS-379_rna_seq_STAR_Unnormalized_Counts_GLbulkRNAseq.csv,data/osdr/raw/GLDS-379_rna_seq_STAR_Unnormalized_Counts_GLbulkRNAseq.csv,RR8_LVR_FLT_ISS-T_YNG_FI5,selected
OSD-379,OSD-379_transcription-profiling_rna-sequencing-(rna-seq)_Illumina NovaSeq,RR8_LVR_FLT_ISS-T_YNG_FI6,Mus musculus,BALB/cAnNTac,Taconic Biosciences,,Female,Left Lobe of the Liver,Space Flight,,transcription profiling,RNA Sequencing (RNA-Seq),,,,12 h light/dark cycle,Nutrient Upgraded Rodent Food Bar (NuRFB),ad libitum,,ketamine/xylazine overdose and exsanguination/double thoracotomy,,-80 {degree Celsius},,Liquid Nitrogen,-80 {degree Celsius},,,,,,,OSD-379_transcription-profiling_rna-sequencing-(rna-seq)_Illumina NovaSeq,transcription profiling,RNA Sequencing (RNA-Seq),Mus musculus,unknown,rna sequencing (rna-seq),,0,1,0,GLDS-379_rna_seq_STAR_Unnormalized_Counts_GLbulkRNAseq.csv,data/osdr/raw/GLDS-379_rna_seq_STAR_Unnormalized_Counts_GLbulkRNAseq.csv,RR8_LVR_FLT_ISS-T_YNG_FI6,eligible_not_selected_by_fixed_cap
OSD-379,OSD-379_transcription-profiling_rna-sequencing-(rna-seq)_Illumina NovaSeq,RR8_LVR_FLT_ISS-T_YNG_FI7,Mus musculus,BALB/cAnNTac,Taconic Biosciences,,Female,Left Lobe of the Liver,Space Flight,,transcription profiling,RNA Sequencing (RNA-Seq),,,,12 h light/dark cycle,Nutrient Upgraded Rodent Food Bar (NuRFB),ad libitum,,ketamine/xylazine overdose and exsanguination/double thoracotomy,,-80 {degree Celsius},,Liquid Nitrogen,-80 {degree Celsius},,,,,,,OSD-379_transcription-profiling_rna-sequencing-(rna-seq)_Illumina NovaSeq,transcription profiling,RNA Sequencing (RNA-Seq),Mus musculus,unknown,rna sequencing (rna-seq),,0,1,0,GLDS-379_rna_seq_STAR_Unnormalized_Counts_GLbulkRNAseq.csv,data/osdr/raw/GLDS-379_rna_seq_STAR_Unnormalized_Counts_GLbulkRNAseq.csv,RR8_LVR_FLT_ISS-T_YNG_FI7,eligible_not_selected_by_fixed_cap
OSD-379,OSD-379_transcription-profiling_rna-sequencing-(rna-seq)_Illumina NovaSeq,RR8_LVR_FLT_ISS-T_YNG_FI8,Mus musculus,BALB/cAnNTac,Taconic Biosciences,,Female,Left Lobe of the Liver,Space Flight,,transcription profiling,RNA Sequencing (RNA-Seq),,,,12 h light/dark cycle,Nutrient Upgraded Rodent Food Bar (NuRFB),ad libitum,,ketamine/xylazine overdose and exsanguination/double thoracotomy,,-80 {degree Celsius},,Liquid Nitrogen,-80 {degree Celsius},,,,,,,OSD-379_transcription-profiling_rna-sequencing-(rna-seq)_Illumina NovaSeq,transcription profiling,RNA Sequencing (RNA-Seq),Mus musculus,unknown,rna sequencing (rna-seq),,0,1,0,GLDS-379_rna_seq_STAR_Unnormalized_Counts_GLbulkRNAseq.csv,data/osdr/raw/GLDS-379_rna_seq_STAR_Unnormalized_Counts_GLbulkRNAseq.csv,RR8_LVR_FLT_ISS-T_YNG_FI8,eligible_not_selected_by_fixed_cap
OSD-379,OSD-379_transcription-profiling_rna-sequencing-(rna-seq)_Illumina NovaSeq,RR8_LVR_FLT_ISS-T_YNG_FI9,Mus musculus,BALB/cAnNTac,Taconic Biosciences,,Female,Left Lobe of the Liver,Space Flight,,transcription profiling,RNA Sequencing (RNA-Seq),,,,12 h light/dark cycle,Nutrient Upgraded Rodent Food Bar (NuRFB),ad libitum,,ketamine/xylazine overdose and exsanguination/double thoracotomy,,-80 {degree Celsius},,Liquid Nitrogen,-80 {degree Celsius},,,,,,,OSD-379_transcription-profiling_rna-sequencing-(rna-seq)_Illumina NovaSeq,transcription profiling,RNA Sequencing (RNA-Seq),Mus musculus,unknown,rna sequencing (rna-seq),,0,1,0,GLDS-379_rna_seq_STAR_Unnormalized_Counts_GLbulkRNAseq.csv,data/osdr/raw/GLDS-379_rna_seq_STAR_Unnormalized_Counts_GLbulkRNAseq.csv,RR8_LVR_FLT_ISS-T_YNG_FI9,eligible_not_selected_by_fixed_cap
OSD-379,OSD-379_transcription-profiling_rna-sequencing-(rna-seq)_Illumina NovaSeq,RR8_LVR_FLT_LAR_OLD_FL11,Mus musculus,BALB/cAnNTac,Taconic Biosciences,,Female,Left Lobe of the Liver,Space Flight,,transcription profiling,RNA Sequencing (RNA-Seq),,,,12 h light/dark cycle,Nutrient Upgraded Rodent Food Bar (NuRFB),ad libitum,,ketamine/xylazine overdose and exsanguination/double thoracotomy,,{Not Applicable},,Liquid Nitrogen,-80 {degree Celsius},,,,,,,OSD-379_transcription-profiling_rna-sequencing-(rna-seq)_Illumina NovaSeq,transcription profiling,RNA Sequencing (RNA-Seq),Mus musculus,unknown,rna sequencing (rna-seq),,0,1,0,GLDS-379_rna_seq_STAR_Unnormalized_Counts_GLbulkRNAseq.csv,data/osdr/raw/GLDS-379_rna_seq_STAR_Unnormalized_Counts_GLbulkRNAseq.csv,RR8_LVR_FLT_LAR_OLD_FL11,outside_selected_subgroup_or_control
OSD-379,OSD-379_transcription-profiling_rna-sequencing-(rna-seq)_Illumina NovaSeq,RR8_LVR_FLT_LAR_OLD_FL15,Mus musculus,BALB/cAnNTac,Taconic Biosciences,,Female,Left Lobe of the Liver,Space Flight,,transcription profiling,RNA Sequencing (RNA-Seq),,,,12 h light/dark cycle,Nutrient Upgraded Rodent Food Bar (NuRFB),ad libitum,,ketamine/xylazine overdose and exsanguination/double thoracotomy,,{Not Applicable},,Liquid Nitrogen,-80 {degree Celsius},,,,,,,OSD-379_transcription-profiling_rna-sequencing-(rna-seq)_Illumina NovaSeq,transcription profiling,RNA Sequencing (RNA-Seq),Mus musculus,unknown,rna sequencing (rna-seq),,0,1,0,GLDS-379_rna_seq_STAR_Unnormalized_Counts_GLbulkRNAseq.csv,data/osdr/raw/GLDS-379_rna_seq_STAR_Unnormalized_Counts_GLbulkRNAseq.csv,RR8_LVR_FLT_LAR_OLD_FL15,outside_selected_subgroup_or_control
OSD-379,OSD-379_transcription-profiling_rna-sequencing-(rna-seq)_Illumina NovaSeq,RR8_LVR_FLT_LAR_OLD_FL16,Mus musculus,BALB/cAnNTac,Taconic Biosciences,,Female,Left Lobe of the Liver,Space Flight,,transcription profiling,RNA Sequencing (RNA-Seq),,,,12 h light/dark cycle,Nutrient Upgraded Rodent Food Bar (NuRFB),ad libitum,,ketamine/xylazine overdose and exsanguination/double thoracotomy,,{Not Applicable},,Liquid Nitrogen,-80 {degree Celsius},,,,,,,OSD-379_transcription-profiling_rna-sequencing-(rna-seq)_Illumina NovaSeq,transcription profiling,RNA Sequencing (RNA-Seq),Mus musculus,unknown,rna sequencing (rna-seq),,0,1,0,GLDS-379_rna_seq_STAR_Unnormalized_Counts_GLbulkRNAseq.csv,data/osdr/raw/GLDS-379_rna_seq_STAR_Unnormalized_Counts_GLbulkRNAseq.csv,RR8_LVR_FLT_LAR_OLD_FL16,outside_selected_subgroup_or_control
OSD-379,OSD-379_transcription-profiling_rna-sequencing-(rna-seq)_Illumina NovaSeq,RR8_LVR_FLT_LAR_OLD_FL3,Mus musculus,BALB/cAnNTac,Taconic Biosciences,,Female,Left Lobe of the Liver,Space Flight,,transcription profiling,RNA Sequencing (RNA-Seq),,,,12 h light/dark cycle,Nutrient Upgraded Rodent Food Bar (NuRFB),ad libitum,,ketamine/xylazine overdose and exsanguination/double thoracotomy,,{Not Applicable},,Liquid Nitrogen,-80 {degree Celsius},,,,,,,OSD-379_transcription-profiling_rna-sequencing-(rna-seq)_Illumina NovaSeq,transcription profiling,RNA Sequencing (RNA-Seq),Mus musculus,unknown,rna sequencing (rna-seq),,0,1,0,GLDS-379_rna_seq_STAR_Unnormalized_Counts_GLbulkRNAseq.csv,data/osdr/raw/GLDS-379_rna_seq_STAR_Unnormalized_Counts_GLbulkRNAseq.csv,RR8_LVR_FLT_LAR_OLD_FL3,outside_selected_subgroup_or_control
OSD-379,OSD-379_transcription-profiling_rna-sequencing-(rna-seq)_Illumina NovaSeq,RR8_LVR_FLT_LAR_OLD_FL4,Mus musculus,BALB/cAnNTac,Taconic Biosciences,,Female,Left Lobe of the Liver,Space Flight,,transcription profiling,RNA Sequencing (RNA-Seq),,,,12 h light/dark cycle,Nutrient Upgraded Rodent Food Bar (NuRFB),ad libitum,,ketamine/xylazine overdose and exsanguination/double thoracotomy,,{Not Applicable},,Liquid Nitrogen,-80 {degree Celsius},,,,,,,OSD-379_transcription-profiling_rna-sequencing-(rna-seq)_Illumina NovaSeq,transcription profiling,RNA Sequencing (RNA-Seq),Mus musculus,unknown,rna sequencing (rna-seq),,0,1,0,GLDS-379_rna_seq_STAR_Unnormalized_Counts_GLbulkRNAseq.csv,data/osdr/raw/GLDS-379_rna_seq_STAR_Unnormalized_Counts_GLbulkRNAseq.csv,RR8_LVR_FLT_LAR_OLD_FL4,outside_selected_subgroup_or_control
OSD-379,OSD-379_transcription-profiling_rna-sequencing-(rna-seq)_Illumina NovaSeq,RR8_LVR_FLT_LAR_OLD_FL7,Mus musculus,BALB/cAnNTac,Taconic Biosciences,,Female,Left Lobe of the Liver,Space Flight,,transcription profiling,RNA Sequencing (RNA-Seq),,,,12 h light/dark cycle,Nutrient Upgraded Rodent Food Bar (NuRFB),ad libitum,,ketamine/xylazine overdose and exsanguination/double thoracotomy,,{Not Applicable},,Liquid Nitrogen,-80 {degree Celsius},,,,,,,OSD-379_transcription-profiling_rna-sequencing-(rna-seq)_Illumina NovaSeq,transcription profiling,RNA Sequencing (RNA-Seq),Mus musculus,unknown,rna sequencing (rna-seq),,0,1,0,GLDS-379_rna_seq_STAR_Unnormalized_Counts_GLbulkRNAseq.csv,data/osdr/raw/GLDS-379_rna_seq_STAR_Unnormalized_Counts_GLbulkRNAseq.csv,RR8_LVR_FLT_LAR_OLD_FL7,outside_selected_subgroup_or_control
OSD-379,OSD-379_transcription-profiling_rna-sequencing-(rna-seq)_Illumina NovaSeq,RR8_LVR_FLT_LAR_OLD_FL8,Mus musculus,BALB/cAnNTac,Taconic Biosciences,,Female,Left Lobe of the Liver,Space Flight,,transcription profiling,RNA Sequencing (RNA-Seq),,,,12 h light/dark cycle,Nutrient Upgraded Rodent Food Bar (NuRFB),ad libitum,,ketamine/xylazine overdose and exsanguination/double thoracotomy,,{Not Applicable},,Liquid Nitrogen,-80 {degree Celsius},,,,,,,OSD-379_transcription-profiling_rna-sequencing-(rna-seq)_Illumina NovaSeq,transcription profiling,RNA Sequencing (RNA-Seq),Mus musculus,unknown,rna sequencing (rna-seq),,0,1,0,GLDS-379_rna_seq_STAR_Unnormalized_Counts_GLbulkRNAseq.csv,data/osdr/raw/GLDS-379_rna_seq_STAR_Unnormalized_Counts_GLbulkRNAseq.csv,RR8_LVR_FLT_LAR_OLD_FL8,outside_selected_subgroup_or_control
OSD-379,OSD-379_transcription-profiling_rna-sequencing-(rna-seq)_Illumina NovaSeq,RR8_LVR_FLT_LAR_YNG_FL1,Mus musculus,BALB/cAnNTac,Taconic Biosciences,,Female,Left Lobe of the Liver,Space Flight,,transcription profiling,RNA Sequencing (RNA-Seq),,,,12 h light/dark cycle,Nutrient Upgraded Rodent Food Bar (NuRFB),ad libitum,,ketamine/xylazine overdose and exsanguination/double thoracotomy,,{Not Applicable},,Liquid Nitrogen,-80 {degree Celsius},,,,,,,OSD-379_transcription-profiling_rna-sequencing-(rna-seq)_Illumina NovaSeq,transcription profiling,RNA Sequencing (RNA-Seq),Mus musculus,unknown,rna sequencing (rna-seq),,0,1,0,GLDS-379_rna_seq_STAR_Unnormalized_Counts_GLbulkRNAseq.csv,data/osdr/raw/GLDS-379_rna_seq_STAR_Unnormalized_Counts_GLbulkRNAseq.csv,RR8_LVR_FLT_LAR_YNG_FL1,outside_selected_subgroup_or_control
OSD-379,OSD-379_transcription-profiling_rna-sequencing-(rna-seq)_Illumina NovaSeq,RR8_LVR_FLT_LAR_YNG_FL13,Mus musculus,BALB/cAnNTac,Taconic Biosciences,,Female,Left Lobe of the Liver,Space Flight,,transcription profiling,RNA Sequencing (RNA-Seq),,,,12 h light/dark cycle,Nutrient Upgraded Rodent Food Bar (NuRFB),ad libitum,,ketamine/xylazine overdose and exsanguination/double thoracotomy,,{Not Applicable},,Liquid Nitrogen,-80 {degree Celsius},,,,,,,OSD-379_transcription-profiling_rna-sequencing-(rna-seq)_Illumina NovaSeq,transcription profiling,RNA Sequencing (RNA-Seq),Mus musculus,unknown,rna sequencing (rna-seq),,0,1,0,GLDS-379_rna_seq_STAR_Unnormalized_Counts_GLbulkRNAseq.csv,data/osdr/raw/GLDS-379_rna_seq_STAR_Unnormalized_Counts_GLbulkRNAseq.csv,RR8_LVR_FLT_LAR_YNG_FL13,outside_selected_subgroup_or_control
OSD-379,OSD-379_transcription-profiling_rna-sequencing-(rna-seq)_Illumina NovaSeq,RR8_LVR_FLT_LAR_YNG_FL14,Mus musculus,BALB/cAnNTac,Taconic Biosciences,,Female,Left Lobe of the Liver,Space Flight,,transcription profiling,RNA Sequencing (RNA-Seq),,,,12 h light/dark cycle,Nutrient Upgraded Rodent Food Bar (NuRFB),ad libitum,,ketamine/xylazine overdose and exsanguination/double thoracotomy,,{Not Applicable},,Liquid Nitrogen,-80 {degree Celsius},,,,,,,OSD-379_transcription-profiling_rna-sequencing-(rna-seq)_Illumina NovaSeq,transcription profiling,RNA Sequencing (RNA-Seq),Mus musculus,unknown,rna sequencing (rna-seq),,0,1,0,GLDS-379_rna_seq_STAR_Unnormalized_Counts_GLbulkRNAseq.csv,data/osdr/raw/GLDS-379_rna_seq_STAR_Unnormalized_Counts_GLbulkRNAseq.csv,RR8_LVR_FLT_LAR_YNG_FL14,outside_selected_subgroup_or_control
OSD-379,OSD-379_transcription-profiling_rna-sequencing-(rna-seq)_Illumina NovaSeq,RR8_LVR_FLT_LAR_YNG_FL17,Mus musculus,BALB/cAnNTac,Taconic Biosciences,,Female,Left Lobe of the Liver,Space Flight,,transcription profiling,RNA Sequencing (RNA-Seq),,,,12 h light/dark cycle,Nutrient Upgraded Rodent Food Bar (NuRFB),ad libitum,,ketamine/xylazine overdose and exsanguination/double thoracotomy,,{Not Applicable},,Liquid Nitrogen,-80 {degree Celsius},,,,,,,OSD-379_transcription-profiling_rna-sequencing-(rna-seq)_Illumina NovaSeq,transcription profiling,RNA Sequencing (RNA-Seq),Mus musculus,unknown,rna sequencing (rna-seq),,0,1,0,GLDS-379_rna_seq_STAR_Unnormalized_Counts_GLbulkRNAseq.csv,data/osdr/raw/GLDS-379_rna_seq_STAR_Unnormalized_Counts_GLbulkRNAseq.csv,RR8_LVR_FLT_LAR_YNG_FL17,outside_selected_subgroup_or_control
OSD-379,OSD-379_transcription-profiling_rna-sequencing-(rna-seq)_Illumina NovaSeq,RR8_LVR_FLT_LAR_YNG_FL18,Mus musculus,BALB/cAnNTac,Taconic Biosciences,,Female,Left Lobe of the Liver,Space Flight,,transcription profiling,RNA Sequencing (RNA-Seq),,,,12 h light/dark cycle,Nutrient Upgraded Rodent Food Bar (NuRFB),ad libitum,,ketamine/xylazine overdose and exsanguination/double thoracotomy,,{Not Applicable},,Liquid Nitrogen,-80 {degree Celsius},,,,,,,OSD-379_transcription-profiling_rna-sequencing-(rna-seq)_Illumina NovaSeq,transcription profiling,RNA Sequencing (RNA-Seq),Mus musculus,unknown,rna sequencing (rna-seq),,0,1,0,GLDS-379_rna_seq_STAR_Unnormalized_Counts_GLbulkRNAseq.csv,data/osdr/raw/GLDS-379_rna_seq_STAR_Unnormalized_Counts_GLbulkRNAseq.csv,RR8_LVR_FLT_LAR_YNG_FL18,outside_selected_subgroup_or_control
OSD-379,OSD-379_transcription-profiling_rna-sequencing-(rna-seq)_Illumina NovaSeq,RR8_LVR_FLT_LAR_YNG_FL2,Mus musculus,BALB/cAnNTac,Taconic Biosciences,,Female,Left Lobe of the Liver,Space Flight,,transcription profiling,RNA Sequencing (RNA-Seq),,,,12 h light/dark cycle,Nutrient Upgraded Rodent Food Bar (NuRFB),ad libitum,,ketamine/xylazine overdose and exsanguination/double thoracotomy,,{Not Applicable},,Liquid Nitrogen,-80 {degree Celsius},,,,,,,OSD-379_transcription-profiling_rna-sequencing-(rna-seq)_Illumina NovaSeq,transcription profiling,RNA Sequencing (RNA-Seq),Mus musculus,unknown,rna sequencing (rna-seq),,0,1,0,GLDS-379_rna_seq_STAR_Unnormalized_Counts_GLbulkRNAseq.csv,data/osdr/raw/GLDS-379_rna_seq_STAR_Unnormalized_Counts_GLbulkRNAseq.csv,RR8_LVR_FLT_LAR_YNG_FL2,outside_selected_subgroup_or_control
OSD-379,OSD-379_transcription-profiling_rna-sequencing-(rna-seq)_Illumina NovaSeq,RR8_LVR_FLT_LAR_YNG_FL5,Mus musculus,BALB/cAnNTac,Taconic Biosciences,,Female,Left Lobe of the Liver,Space Flight,,transcription profiling,RNA Sequencing (RNA-Seq),,,,12 h light/dark cycle,Nutrient Upgraded Rodent Food Bar (NuRFB),ad libitum,,ketamine/xylazine overdose and exsanguination/double thoracotomy,,{Not Applicable},,Liquid Nitrogen,-80 {degree Celsius},,,,,,,OSD-379_transcription-profiling_rna-sequencing-(rna-seq)_Illumina NovaSeq,transcription profiling,RNA Sequencing (RNA-Seq),Mus musculus,unknown,rna sequencing (rna-seq),,0,1,0,GLDS-379_rna_seq_STAR_Unnormalized_Counts_GLbulkRNAseq.csv,data/osdr/raw/GLDS-379_rna_seq_STAR_Unnormalized_Counts_GLbulkRNAseq.csv,RR8_LVR_FLT_LAR_YNG_FL5,outside_selected_subgroup_or_control
OSD-379,OSD-379_transcription-profiling_rna-sequencing-(rna-seq)_Illumina NovaSeq,RR8_LVR_FLT_LAR_YNG_FL6,Mus musculus,BALB/cAnNTac,Taconic Biosciences,,Female,Left Lobe of the Liver,Space Flight,,transcription profiling,RNA Sequencing (RNA-Seq),,,,12 h light/dark cycle,Nutrient Upgraded Rodent Food Bar (NuRFB),ad libitum,,ketamine/xylazine overdose and exsanguination/double thoracotomy,,{Not Applicable},,Liquid Nitrogen,-80 {degree Celsius},,,,,,,OSD-379_transcription-profiling_rna-sequencing-(rna-seq)_Illumina NovaSeq,transcription profiling,RNA Sequencing (RNA-Seq),Mus musculus,unknown,rna sequencing (rna-seq),,0,1,0,GLDS-379_rna_seq_STAR_Unnormalized_Counts_GLbulkRNAseq.csv,data/osdr/raw/GLDS-379_rna_seq_STAR_Unnormalized_Counts_GLbulkRNAseq.csv,RR8_LVR_FLT_LAR_YNG_FL6,outside_selected_subgroup_or_control
OSD-379,OSD-379_transcription-profiling_rna-sequencing-(rna-seq)_Illumina NovaSeq,RR8_LVR_GC_ISS-T_OLD_GI11,Mus musculus,BALB/cAnNTac,Taconic Biosciences,,Female,Left Lobe of the Liver,Ground Control,,transcription profiling,RNA Sequencing (RNA-Seq),,,,12 h light/dark cycle,Nutrient Upgraded Rodent Food Bar (NuRFB),ad libitum,,ketamine/xylazine overdose and exsanguination/double thoracotomy,,-80 {degree Celsius},,Liquid Nitrogen,-80 {degree Celsius},,,,,,,OSD-379_transcription-profiling_rna-sequencing-(rna-seq)_Illumina NovaSeq,transcription profiling,RNA Sequencing (RNA-Seq),Mus musculus,unknown,rna sequencing (rna-seq),,0,1,0,GLDS-379_rna_seq_STAR_Unnormalized_Counts_GLbulkRNAseq.csv,data/osdr/raw/GLDS-379_rna_seq_STAR_Unnormalized_Counts_GLbulkRNAseq.csv,RR8_LVR_GC_ISS-T_OLD_GI11,outside_selected_subgroup_or_control
OSD-379,OSD-379_transcription-profiling_rna-sequencing-(rna-seq)_Illumina NovaSeq,RR8_LVR_GC_ISS-T_OLD_GI12,Mus musculus,BALB/cAnNTac,Taconic Biosciences,,Female,Left Lobe of the Liver,Ground Control,,transcription profiling,RNA Sequencing (RNA-Seq),,,,12 h light/dark cycle,Nutrient Upgraded Rodent Food Bar (NuRFB),ad libitum,,ketamine/xylazine overdose and exsanguination/double thoracotomy,,-80 {degree Celsius},,Liquid Nitrogen,-80 {degree Celsius},,,,,,,OSD-379_transcription-profiling_rna-sequencing-(rna-seq)_Illumina NovaSeq,transcription profiling,RNA Sequencing (RNA-Seq),Mus musculus,unknown,rna sequencing (rna-seq),,0,1,0,GLDS-379_rna_seq_STAR_Unnormalized_Counts_GLbulkRNAseq.csv,data/osdr/raw/GLDS-379_rna_seq_STAR_Unnormalized_Counts_GLbulkRNAseq.csv,RR8_LVR_GC_ISS-T_OLD_GI12,outside_selected_subgroup_or_control
OSD-379,OSD-379_transcription-profiling_rna-sequencing-(rna-seq)_Illumina NovaSeq,RR8_LVR_GC_ISS-T_OLD_GI13,Mus musculus,BALB/cAnNTac,Taconic Biosciences,,Female,Left Lobe of the Liver,Ground Control,,transcription profiling,RNA Sequencing (RNA-Seq),,,,12 h light/dark cycle,Nutrient Upgraded Rodent Food Bar (NuRFB),ad libitum,,ketamine/xylazine overdose and exsanguination/double thoracotomy,,-80 {degree Celsius},,Liquid Nitrogen,-80 {degree Celsius},,,,,,,OSD-379_transcription-profiling_rna-sequencing-(rna-seq)_Illumina NovaSeq,transcription profiling,RNA Sequencing (RNA-Seq),Mus musculus,unknown,rna sequencing (rna-seq),,0,1,0,GLDS-379_rna_seq_STAR_Unnormalized_Counts_GLbulkRNAseq.csv,data/osdr/raw/GLDS-379_rna_seq_STAR_Unnormalized_Counts_GLbulkRNAseq.csv,RR8_LVR_GC_ISS-T_OLD_GI13,outside_selected_subgroup_or_control
OSD-379,OSD-379_transcription-profiling_rna-sequencing-(rna-seq)_Illumina NovaSeq,RR8_LVR_GC_ISS-T_OLD_GI14,Mus musculus,BALB/cAnNTac,Taconic Biosciences,,Female,Left Lobe of the Liver,Ground Control,,transcription profiling,RNA Sequencing (RNA-Seq),,,,12 h light/dark cycle,Nutrient Upgraded Rodent Food Bar (NuRFB),ad libitum,,ketamine/xylazine overdose and exsanguination/double thoracotomy,,-80 {degree Celsius},,Liquid Nitrogen,-80 {degree Celsius},,,,,,,OSD-379_transcription-profiling_rna-sequencing-(rna-seq)_Illumina NovaSeq,transcription profiling,RNA Sequencing (RNA-Seq),Mus musculus,unknown,rna sequencing (rna-seq),,0,1,0,GLDS-379_rna_seq_STAR_Unnormalized_Counts_GLbulkRNAseq.csv,data/osdr/raw/GLDS-379_rna_seq_STAR_Unnormalized_Counts_GLbulkRNAseq.csv,RR8_LVR_GC_ISS-T_OLD_GI14,outside_selected_subgroup_or_control
OSD-379,OSD-379_transcription-profiling_rna-sequencing-(rna-seq)_Illumina NovaSeq,RR8_LVR_GC_ISS-T_OLD_GI15,Mus musculus,BALB/cAnNTac,Taconic Biosciences,,Female,Left Lobe of the Liver,Ground Control,,transcription profiling,RNA Sequencing (RNA-Seq),,,,12 h light/dark cycle,Nutrient Upgraded Rodent Food Bar (NuRFB),ad libitum,,ketamine/xylazine overdose and exsanguination/double thoracotomy,,-80 {degree Celsius},,Liquid Nitrogen,-80 {degree Celsius},,,,,,,OSD-379_transcription-profiling_rna-sequencing-(rna-seq)_Illumina NovaSeq,transcription profiling,RNA Sequencing (RNA-Seq),Mus musculus,unknown,rna sequencing (rna-seq),,0,1,0,GLDS-379_rna_seq_STAR_Unnormalized_Counts_GLbulkRNAseq.csv,data/osdr/raw/GLDS-379_rna_seq_STAR_Unnormalized_Counts_GLbulkRNAseq.csv,RR8_LVR_GC_ISS-T_OLD_GI15,outside_selected_subgroup_or_control
OSD-379,OSD-379_transcription-profiling_rna-sequencing-(rna-seq)_Illumina NovaSeq,RR8_LVR_GC_ISS-T_OLD_GI16,Mus musculus,BALB/cAnNTac,Taconic Biosciences,,Female,Left Lobe of the Liver,Ground Control,,transcription profiling,RNA Sequencing (RNA-Seq),,,,12 h light/dark cycle,Nutrient Upgraded Rodent Food Bar (NuRFB),ad libitum,,ketamine/xylazine overdose and exsanguination/double thoracotomy,,-80 {degree Celsius},,Liquid Nitrogen,-80 {degree Celsius},,,,,,,OSD-379_transcription-profiling_rna-sequencing-(rna-seq)_Illumina NovaSeq,transcription profiling,RNA Sequencing (RNA-Seq),Mus musculus,unknown,rna sequencing (rna-seq),,0,1,0,GLDS-379_rna_seq_STAR_Unnormalized_Counts_GLbulkRNAseq.csv,data/osdr/raw/GLDS-379_rna_seq_STAR_Unnormalized_Counts_GLbulkRNAseq.csv,RR8_LVR_GC_ISS-T_OLD_GI16,outside_selected_subgroup_or_control
OSD-379,OSD-379_transcription-profiling_rna-sequencing-(rna-seq)_Illumina NovaSeq,RR8_LVR_GC_ISS-T_OLD_GI17,Mus musculus,BALB/cAnNTac,Taconic Biosciences,,Female,Left Lobe of the Liver,Ground Control,,transcription profiling,RNA Sequencing (RNA-Seq),,,,12 h light/dark cycle,Nutrient Upgraded Rodent Food Bar (NuRFB),ad libitum,,ketamine/xylazine overdose and exsanguination/double thoracotomy,,-80 {degree Celsius},,Liquid Nitrogen,-80 {degree Celsius},,,,,,,OSD-379_transcription-profiling_rna-sequencing-(rna-seq)_Illumina NovaSeq,transcription profiling,RNA Sequencing (RNA-Seq),Mus musculus,unknown,rna sequencing (rna-seq),,0,1,0,GLDS-379_rna_seq_STAR_Unnormalized_Counts_GLbulkRNAseq.csv,data/osdr/raw/GLDS-379_rna_seq_STAR_Unnormalized_Counts_GLbulkRNAseq.csv,RR8_LVR_GC_ISS-T_OLD_GI17,outside_selected_subgroup_or_control
OSD-379,OSD-379_transcription-profiling_rna-sequencing-(rna-seq)_Illumina NovaSeq,RR8_LVR_GC_ISS-T_OLD_GI18,Mus musculus,BALB/cAnNTac,Taconic Biosciences,,Female,Left Lobe of the Liver,Ground Control,,transcription profiling,RNA Sequencing (RNA-Seq),,,,12 h light/dark cycle,Nutrient Upgraded Rodent Food Bar (NuRFB),ad libitum,,ketamine/xylazine overdose and exsanguination/double thoracotomy,,-80 {degree Celsius},,Liquid Nitrogen,-80 {degree Celsius},,,,,,,OSD-379_transcription-profiling_rna-sequencing-(rna-seq)_Illumina NovaSeq,transcription profiling,RNA Sequencing (RNA-Seq),Mus musculus,unknown,rna sequencing (rna-seq),,0,1,0,GLDS-379_rna_seq_STAR_Unnormalized_Counts_GLbulkRNAseq.csv,data/osdr/raw/GLDS-379_rna_seq_STAR_Unnormalized_Counts_GLbulkRNAseq.csv,RR8_LVR_GC_ISS-T_OLD_GI18,outside_selected_subgroup_or_control
OSD-379,OSD-379_transcription-profiling_rna-sequencing-(rna-seq)_Illumina NovaSeq,RR8_LVR_GC_ISS-T_OLD_GI19,Mus musculus,BALB/cAnNTac,Taconic Biosciences,,Female,Left Lobe of the Liver,Ground Control,,transcription profiling,RNA Sequencing (RNA-Seq),,,,12 h light/dark cycle,Nutrient Upgraded Rodent Food Bar (NuRFB),ad libitum,,ketamine/xylazine overdose and exsanguination/double thoracotomy,,-80 {degree Celsius},,Liquid Nitrogen,-80 {degree Celsius},,,,,,,OSD-379_transcription-profiling_rna-sequencing-(rna-seq)_Illumina NovaSeq,transcription profiling,RNA Sequencing (RNA-Seq),Mus musculus,unknown,rna sequencing (rna-seq),,0,1,0,GLDS-379_rna_seq_STAR_Unnormalized_Counts_GLbulkRNAseq.csv,data/osdr/raw/GLDS-379_rna_seq_STAR_Unnormalized_Counts_GLbulkRNAseq.csv,RR8_LVR_GC_ISS-T_OLD_GI19,outside_selected_subgroup_or_control
OSD-379,OSD-379_transcription-profiling_rna-sequencing-(rna-seq)_Illumina NovaSeq,RR8_LVR_GC_ISS-T_OLD_GI20,Mus musculus,BALB/cAnNTac,Taconic Biosciences,,Female,Left Lobe of the Liver,Ground Control,,transcription profiling,RNA Sequencing (RNA-Seq),,,,12 h light/dark cycle,Nutrient Upgraded Rodent Food Bar (NuRFB),ad libitum,,ketamine/xylazine overdose and exsanguination/double thoracotomy,,-80 {degree Celsius},,Liquid Nitrogen,-80 {degree Celsius},,,,,,,OSD-379_transcription-profiling_rna-sequencing-(rna-seq)_Illumina NovaSeq,transcription profiling,RNA Sequencing (RNA-Seq),Mus musculus,unknown,rna sequencing (rna-seq),,0,1,0,GLDS-379_rna_seq_STAR_Unnormalized_Counts_GLbulkRNAseq.csv,data/osdr/raw/GLDS-379_rna_seq_STAR_Unnormalized_Counts_GLbulkRNAseq.csv,RR8_LVR_GC_ISS-T_OLD_GI20,outside_selected_subgroup_or_control
OSD-379,OSD-379_transcription-profiling_rna-sequencing-(rna-seq)_Illumina NovaSeq,RR8_LVR_GC_ISS-T_YNG_GI1,Mus musculus,BALB/cAnNTac,Taconic Biosciences,,Female,Left Lobe of the Liver,Ground Control,,transcription profiling,RNA Sequencing (RNA-Seq),,,,12 h light/dark cycle,Nutrient Upgraded Rodent Food Bar (NuRFB),ad libitum,,ketamine/xylazine overdose and exsanguination/double thoracotomy,,-80 {degree Celsius},,Liquid Nitrogen,-80 {degree Celsius},,,,,,,OSD-379_transcription-profiling_rna-sequencing-(rna-seq)_Illumina NovaSeq,transcription profiling,RNA Sequencing (RNA-Seq),Mus musculus,unknown,rna sequencing (rna-seq),,0,1,0,GLDS-379_rna_seq_STAR_Unnormalized_Counts_GLbulkRNAseq.csv,data/osdr/raw/GLDS-379_rna_seq_STAR_Unnormalized_Counts_GLbulkRNAseq.csv,RR8_LVR_GC_ISS-T_YNG_GI1,selected
OSD-379,OSD-379_transcription-profiling_rna-sequencing-(rna-seq)_Illumina NovaSeq,RR8_LVR_GC_ISS-T_YNG_GI10,Mus musculus,BALB/cAnNTac,Taconic Biosciences,,Female,Left Lobe of the Liver,Ground Control,,transcription profiling,RNA Sequencing (RNA-Seq),,,,12 h light/dark cycle,Nutrient Upgraded Rodent Food Bar (NuRFB),ad libitum,,ketamine/xylazine overdose and exsanguination/double thoracotomy,,-80 {degree Celsius},,Liquid Nitrogen,-80 {degree Celsius},,,,,,,OSD-379_transcription-profiling_rna-sequencing-(rna-seq)_Illumina NovaSeq,transcription profiling,RNA Sequencing (RNA-Seq),Mus musculus,unknown,rna sequencing (rna-seq),,0,1,0,GLDS-379_rna_seq_STAR_Unnormalized_Counts_GLbulkRNAseq.csv,data/osdr/raw/GLDS-379_rna_seq_STAR_Unnormalized_Counts_GLbulkRNAseq.csv,RR8_LVR_GC_ISS-T_YNG_GI10,selected
OSD-379,OSD-379_transcription-profiling_rna-sequencing-(rna-seq)_Illumina NovaSeq,RR8_LVR_GC_ISS-T_YNG_GI2,Mus musculus,BALB/cAnNTac,Taconic Biosciences,,Female,Left Lobe of the Liver,Ground Control,,transcription profiling,RNA Sequencing (RNA-Seq),,,,12 h light/dark cycle,Nutrient Upgraded Rodent Food Bar (NuRFB),ad libitum,,ketamine/xylazine overdose and exsanguination/double thoracotomy,,-80 {degree Celsius},,Liquid Nitrogen,-80 {degree Celsius},,,,,,,OSD-379_transcription-profiling_rna-sequencing-(rna-seq)_Illumina NovaSeq,transcription profiling,RNA Sequencing (RNA-Seq),Mus musculus,unknown,rna sequencing (rna-seq),,0,1,0,GLDS-379_rna_seq_STAR_Unnormalized_Counts_GLbulkRNAseq.csv,data/osdr/raw/GLDS-379_rna_seq_STAR_Unnormalized_Counts_GLbulkRNAseq.csv,RR8_LVR_GC_ISS-T_YNG_GI2,selected
OSD-379,OSD-379_transcription-profiling_rna-sequencing-(rna-seq)_Illumina NovaSeq,RR8_LVR_GC_ISS-T_YNG_GI3,Mus musculus,BALB/cAnNTac,Taconic Biosciences,,Female,Left Lobe of the Liver,Ground Control,,transcription profiling,RNA Sequencing (RNA-Seq),,,,12 h light/dark cycle,Nutrient Upgraded Rodent Food Bar (NuRFB),ad libitum,,ketamine/xylazine overdose and exsanguination/double thoracotomy,,-80 {degree Celsius},,Liquid Nitrogen,-80 {degree Celsius},,,,,,,OSD-379_transcription-profiling_rna-sequencing-(rna-seq)_Illumina NovaSeq,transcription profiling,RNA Sequencing (RNA-Seq),Mus musculus,unknown,rna sequencing (rna-seq),,0,1,0,GLDS-379_rna_seq_STAR_Unnormalized_Counts_GLbulkRNAseq.csv,data/osdr/raw/GLDS-379_rna_seq_STAR_Unnormalized_Counts_GLbulkRNAseq.csv,RR8_LVR_GC_ISS-T_YNG_GI3,selected
OSD-379,OSD-379_transcription-profiling_rna-sequencing-(rna-seq)_Illumina NovaSeq,RR8_LVR_GC_ISS-T_YNG_GI4,Mus musculus,BALB/cAnNTac,Taconic Biosciences,,Female,Left Lobe of the Liver,Ground Control,,transcription profiling,RNA Sequencing (RNA-Seq),,,,12 h light/dark cycle,Nutrient Upgraded Rodent Food Bar (NuRFB),ad libitum,,ketamine/xylazine overdose and exsanguination/double thoracotomy,,-80 {degree Celsius},,Liquid Nitrogen,-80 {degree Celsius},,,,,,,OSD-379_transcription-profiling_rna-sequencing-(rna-seq)_Illumina NovaSeq,transcription profiling,RNA Sequencing (RNA-Seq),Mus musculus,unknown,rna sequencing (rna-seq),,0,1,0,GLDS-379_rna_seq_STAR_Unnormalized_Counts_GLbulkRNAseq.csv,data/osdr/raw/GLDS-379_rna_seq_STAR_Unnormalized_Counts_GLbulkRNAseq.csv,RR8_LVR_GC_ISS-T_YNG_GI4,selected
OSD-379,OSD-379_transcription-profiling_rna-sequencing-(rna-seq)_Illumina NovaSeq,RR8_LVR_GC_ISS-T_YNG_GI5,Mus musculus,BALB/cAnNTac,Taconic Biosciences,,Female,Left Lobe of the Liver,Ground Control,,transcription profiling,RNA Sequencing (RNA-Seq),,,,12 h light/dark cycle,Nutrient Upgraded Rodent Food Bar (NuRFB),ad libitum,,ketamine/xylazine overdose and exsanguination/double thoracotomy,,-80 {degree Celsius},,Liquid Nitrogen,-80 {degree Celsius},,,,,,,OSD-379_transcription-profiling_rna-sequencing-(rna-seq)_Illumina NovaSeq,transcription profiling,RNA Sequencing (RNA-Seq),Mus musculus,unknown,rna sequencing (rna-seq),,0,1,0,GLDS-379_rna_seq_STAR_Unnormalized_Counts_GLbulkRNAseq.csv,data/osdr/raw/GLDS-379_rna_seq_STAR_Unnormalized_Counts_GLbulkRNAseq.csv,RR8_LVR_GC_ISS-T_YNG_GI5,selected
OSD-379,OSD-379_transcription-profiling_rna-sequencing-(rna-seq)_Illumina NovaSeq,RR8_LVR_GC_ISS-T_YNG_GI6,Mus musculus,BALB/cAnNTac,Taconic Biosciences,,Female,Left Lobe of the Liver,Ground Control,,transcription profiling,RNA Sequencing (RNA-Seq),,,,12 h light/dark cycle,Nutrient Upgraded Rodent Food Bar (NuRFB),ad libitum,,ketamine/xylazine overdose and exsanguination/double thoracotomy,,-80 {degree Celsius},,Liquid Nitrogen,-80 {degree Celsius},,,,,,,OSD-379_transcription-profiling_rna-sequencing-(rna-seq)_Illumina NovaSeq,transcription profiling,RNA Sequencing (RNA-Seq),Mus musculus,unknown,rna sequencing (rna-seq),,0,1,0,GLDS-379_rna_seq_STAR_Unnormalized_Counts_GLbulkRNAseq.csv,data/osdr/raw/GLDS-379_rna_seq_STAR_Unnormalized_Counts_GLbulkRNAseq.csv,RR8_LVR_GC_ISS-T_YNG_GI6,eligible_not_selected_by_fixed_cap
OSD-379,OSD-379_transcription-profiling_rna-sequencing-(rna-seq)_Illumina NovaSeq,RR8_LVR_GC_ISS-T_YNG_GI7,Mus musculus,BALB/cAnNTac,Taconic Biosciences,,Female,Left Lobe of the Liver,Ground Control,,transcription profiling,RNA Sequencing (RNA-Seq),,,,12 h light/dark cycle,Nutrient Upgraded Rodent Food Bar (NuRFB),ad libitum,,ketamine/xylazine overdose and exsanguination/double thoracotomy,,-80 {degree Celsius},,Liquid Nitrogen,-80 {degree Celsius},,,,,,,OSD-379_transcription-profiling_rna-sequencing-(rna-seq)_Illumina NovaSeq,transcription profiling,RNA Sequencing (RNA-Seq),Mus musculus,unknown,rna sequencing (rna-seq),,0,1,0,GLDS-379_rna_seq_STAR_Unnormalized_Counts_GLbulkRNAseq.csv,data/osdr/raw/GLDS-379_rna_seq_STAR_Unnormalized_Counts_GLbulkRNAseq.csv,RR8_LVR_GC_ISS-T_YNG_GI7,eligible_not_selected_by_fixed_cap
OSD-379,OSD-379_transcription-profiling_rna-sequencing-(rna-seq)_Illumina NovaSeq,RR8_LVR_GC_ISS-T_YNG_GI8,Mus musculus,BALB/cAnNTac,Taconic Biosciences,,Female,Left Lobe of the Liver,Ground Control,,transcription profiling,RNA Sequencing (RNA-Seq),,,,12 h light/dark cycle,Nutrient Upgraded Rodent Food Bar (NuRFB),ad libitum,,ketamine/xylazine overdose and exsanguination/double thoracotomy,,-80 {degree Celsius},,Liquid Nitrogen,-80 {degree Celsius},,,,,,,OSD-379_transcription-profiling_rna-sequencing-(rna-seq)_Illumina NovaSeq,transcription profiling,RNA Sequencing (RNA-Seq),Mus musculus,unknown,rna sequencing (rna-seq),,0,1,0,GLDS-379_rna_seq_STAR_Unnormalized_Counts_GLbulkRNAseq.csv,data/osdr/raw/GLDS-379_rna_seq_STAR_Unnormalized_Counts_GLbulkRNAseq.csv,RR8_LVR_GC_ISS-T_YNG_GI8,eligible_not_selected_by_fixed_cap
OSD-379,OSD-379_transcription-profiling_rna-sequencing-(rna-seq)_Illumina NovaSeq,RR8_LVR_GC_ISS-T_YNG_GI9,Mus musculus,BALB/cAnNTac,Taconic Biosciences,,Female,Left Lobe of the Liver,Ground Control,,transcription profiling,RNA Sequencing (RNA-Seq),,,,12 h light/dark cycle,Nutrient Upgraded Rodent Food Bar (NuRFB),ad libitum,,ketamine/xylazine overdose and exsanguination/double thoracotomy,,-80 {degree Celsius},,Liquid Nitrogen,-80 {degree Celsius},,,,,,,OSD-379_transcription-profiling_rna-sequencing-(rna-seq)_Illumina NovaSeq,transcription profiling,RNA Sequencing (RNA-Seq),Mus musculus,unknown,rna sequencing (rna-seq),,0,1,0,GLDS-379_rna_seq_STAR_Unnormalized_Counts_GLbulkRNAseq.csv,data/osdr/raw/GLDS-379_rna_seq_STAR_Unnormalized_Counts_GLbulkRNAseq.csv,RR8_LVR_GC_ISS-T_YNG_GI9,eligible_not_selected_by_fixed_cap
OSD-379,OSD-379_transcription-profiling_rna-sequencing-(rna-seq)_Illumina NovaSeq,RR8_LVR_GC_LAR_OLD_GL11,Mus musculus,BALB/cAnNTac,Taconic Biosciences,,Female,Left Lobe of the Liver,Ground Control,,transcription profiling,RNA Sequencing (RNA-Seq),,,,12 h light/dark cycle,Nutrient Upgraded Rodent Food Bar (NuRFB),ad libitum,,ketamine/xylazine overdose and exsanguination/double thoracotomy,,{Not Applicable},,Liquid Nitrogen,-80 {degree Celsius},,,,,,,OSD-379_transcription-profiling_rna-sequencing-(rna-seq)_Illumina NovaSeq,transcription profiling,RNA Sequencing (RNA-Seq),Mus musculus,unknown,rna sequencing (rna-seq),,0,1,0,GLDS-379_rna_seq_STAR_Unnormalized_Counts_GLbulkRNAseq.csv,data/osdr/raw/GLDS-379_rna_seq_STAR_Unnormalized_Counts_GLbulkRNAseq.csv,RR8_LVR_GC_LAR_OLD_GL11,outside_selected_subgroup_or_control
OSD-379,OSD-379_transcription-profiling_rna-sequencing-(rna-seq)_Illumina NovaSeq,RR8_LVR_GC_LAR_OLD_GL12,Mus musculus,BALB/cAnNTac,Taconic Biosciences,,Female,Left Lobe of the Liver,Ground Control,,transcription profiling,RNA Sequencing (RNA-Seq),,,,12 h light/dark cycle,Nutrient Upgraded Rodent Food Bar (NuRFB),ad libitum,,ketamine/xylazine overdose and exsanguination/double thoracotomy,,{Not Applicable},,Liquid Nitrogen,-80 {degree Celsius},,,,,,,OSD-379_transcription-profiling_rna-sequencing-(rna-seq)_Illumina NovaSeq,transcription profiling,RNA Sequencing (RNA-Seq),Mus musculus,unknown,rna sequencing (rna-seq),,0,1,0,GLDS-379_rna_seq_STAR_Unnormalized_Counts_GLbulkRNAseq.csv,data/osdr/raw/GLDS-379_rna_seq_STAR_Unnormalized_Counts_GLbulkRNAseq.csv,RR8_LVR_GC_LAR_OLD_GL12,outside_selected_subgroup_or_control
OSD-379,OSD-379_transcription-profiling_rna-sequencing-(rna-seq)_Illumina NovaSeq,RR8_LVR_GC_LAR_OLD_GL15,Mus musculus,BALB/cAnNTac,Taconic Biosciences,,Female,Left Lobe of the Liver,Ground Control,,transcription profiling,RNA Sequencing (RNA-Seq),,,,12 h light/dark cycle,Nutrient Upgraded Rodent Food Bar (NuRFB),ad libitum,,ketamine/xylazine overdose and exsanguination/double thoracotomy,,{Not Applicable},,Liquid Nitrogen,-80 {degree Celsius},,,,,,,OSD-379_transcription-profiling_rna-sequencing-(rna-seq)_Illumina NovaSeq,transcription profiling,RNA Sequencing (RNA-Seq),Mus musculus,unknown,rna sequencing (rna-seq),,0,1,0,GLDS-379_rna_seq_STAR_Unnormalized_Counts_GLbulkRNAseq.csv,data/osdr/raw/GLDS-379_rna_seq_STAR_Unnormalized_Counts_GLbulkRNAseq.csv,RR8_LVR_GC_LAR_OLD_GL15,outside_selected_subgroup_or_control
OSD-379,OSD-379_transcription-profiling_rna-sequencing-(rna-seq)_Illumina NovaSeq,RR8_LVR_GC_LAR_OLD_GL3,Mus musculus,BALB/cAnNTac,Taconic Biosciences,,Female,Left Lobe of the Liver,Ground Control,,transcription profiling,RNA Sequencing (RNA-Seq),,,,12 h light/dark cycle,Nutrient Upgraded Rodent Food Bar (NuRFB),ad libitum,,ketamine/xylazine overdose and exsanguination/double thoracotomy,,{Not Applicable},,Liquid Nitrogen,-80 {degree Celsius},,,,,,,OSD-379_transcription-profiling_rna-sequencing-(rna-seq)_Illumina NovaSeq,transcription profiling,RNA Sequencing (RNA-Seq),Mus musculus,unknown,rna sequencing (rna-seq),,0,1,0,GLDS-379_rna_seq_STAR_Unnormalized_Counts_GLbulkRNAseq.csv,data/osdr/raw/GLDS-379_rna_seq_STAR_Unnormalized_Counts_GLbulkRNAseq.csv,RR8_LVR_GC_LAR_OLD_GL3,outside_selected_subgroup_or_control
OSD-379,OSD-379_transcription-profiling_rna-sequencing-(rna-seq)_Illumina NovaSeq,RR8_LVR_GC_LAR_OLD_GL4,Mus musculus,BALB/cAnNTac,Taconic Biosciences,,Female,Left Lobe of the Liver,Ground Control,,transcription profiling,RNA Sequencing (RNA-Seq),,,,12 h light/dark cycle,Nutrient Upgraded Rodent Food Bar (NuRFB),ad libitum,,ketamine/xylazine overdose and exsanguination/double thoracotomy,,{Not Applicable},,Liquid Nitrogen,-80 {degree Celsius},,,,,,,OSD-379_transcription-profiling_rna-sequencing-(rna-seq)_Illumina NovaSeq,transcription profiling,RNA Sequencing (RNA-Seq),Mus musculus,unknown,rna sequencing (rna-seq),,0,1,0,GLDS-379_rna_seq_STAR_Unnormalized_Counts_GLbulkRNAseq.csv,data/osdr/raw/GLDS-379_rna_seq_STAR_Unnormalized_Counts_GLbulkRNAseq.csv,RR8_LVR_GC_LAR_OLD_GL4,outside_selected_subgroup_or_control
OSD-379,OSD-379_transcription-profiling_rna-sequencing-(rna-seq)_Illumina NovaSeq,RR8_LVR_GC_LAR_OLD_GL7,Mus musculus,BALB/cAnNTac,Taconic Biosciences,,Female,Left Lobe of the Liver,Ground Control,,transcription profiling,RNA Sequencing (RNA-Seq),,,,12 h light/dark cycle,Nutrient Upgraded Rodent Food Bar (NuRFB),ad libitum,,ketamine/xylazine overdose and exsanguination/double thoracotomy,,{Not Applicable},,Liquid Nitrogen,-80 {degree Celsius},,,,,,,OSD-379_transcription-profiling_rna-sequencing-(rna-seq)_Illumina NovaSeq,transcription profiling,RNA Sequencing (RNA-Seq),Mus musculus,unknown,rna sequencing (rna-seq),,0,1,0,GLDS-379_rna_seq_STAR_Unnormalized_Counts_GLbulkRNAseq.csv,data/osdr/raw/GLDS-379_rna_seq_STAR_Unnormalized_Counts_GLbulkRNAseq.csv,RR8_LVR_GC_LAR_OLD_GL7,outside_selected_subgroup_or_control
OSD-379,OSD-379_transcription-profiling_rna-sequencing-(rna-seq)_Illumina NovaSeq,RR8_LVR_GC_LAR_OLD_GL8,Mus musculus,BALB/cAnNTac,Taconic Biosciences,,Female,Left Lobe of the Liver,Ground Control,,transcription profiling,RNA Sequencing (RNA-Seq),,,,12 h light/dark cycle,Nutrient Upgraded Rodent Food Bar (NuRFB),ad libitum,,ketamine/xylazine overdose and exsanguination/double thoracotomy,,{Not Applicable},,Liquid Nitrogen,-80 {degree Celsius},,,,,,,OSD-379_transcription-profiling_rna-sequencing-(rna-seq)_Illumina NovaSeq,transcription profiling,RNA Sequencing (RNA-Seq),Mus musculus,unknown,rna sequencing (rna-seq),,0,1,0,GLDS-379_rna_seq_STAR_Unnormalized_Counts_GLbulkRNAseq.csv,data/osdr/raw/GLDS-379_rna_seq_STAR_Unnormalized_Counts_GLbulkRNAseq.csv,RR8_LVR_GC_LAR_OLD_GL8,outside_selected_subgroup_or_control
OSD-379,OSD-379_transcription-profiling_rna-sequencing-(rna-seq)_Illumina NovaSeq,RR8_LVR_GC_LAR_YNG_GL1,Mus musculus,BALB/cAnNTac,Taconic Biosciences,,Female,Left Lobe of the Liver,Ground Control,,transcription profiling,RNA Sequencing (RNA-Seq),,,,12 h light/dark cycle,Nutrient Upgraded Rodent Food Bar (NuRFB),ad libitum,,ketamine/xylazine overdose and exsanguination/double thoracotomy,,{Not Applicable},,Liquid Nitrogen,-80 {degree Celsius},,,,,,,OSD-379_transcription-profiling_rna-sequencing-(rna-seq)_Illumina NovaSeq,transcription profiling,RNA Sequencing (RNA-Seq),Mus musculus,unknown,rna sequencing (rna-seq),,0,1,0,GLDS-379_rna_seq_STAR_Unnormalized_Counts_GLbulkRNAseq.csv,data/osdr/raw/GLDS-379_rna_seq_STAR_Unnormalized_Counts_GLbulkRNAseq.csv,RR8_LVR_GC_LAR_YNG_GL1,outside_selected_subgroup_or_control
OSD-379,OSD-379_transcription-profiling_rna-sequencing-(rna-seq)_Illumina NovaSeq,RR8_LVR_GC_LAR_YNG_GL13,Mus musculus,BALB/cAnNTac,Taconic Biosciences,,Female,Left Lobe of the Liver,Ground Control,,transcription profiling,RNA Sequencing (RNA-Seq),,,,12 h light/dark cycle,Nutrient Upgraded Rodent Food Bar (NuRFB),ad libitum,,ketamine/xylazine overdose and exsanguination/double thoracotomy,,{Not Applicable},,Liquid Nitrogen,-80 {degree Celsius},,,,,,,OSD-379_transcription-profiling_rna-sequencing-(rna-seq)_Illumina NovaSeq,transcription profiling,RNA Sequencing (RNA-Seq),Mus musculus,unknown,rna sequencing (rna-seq),,0,1,0,GLDS-379_rna_seq_STAR_Unnormalized_Counts_GLbulkRNAseq.csv,data/osdr/raw/GLDS-379_rna_seq_STAR_Unnormalized_Counts_GLbulkRNAseq.csv,RR8_LVR_GC_LAR_YNG_GL13,outside_selected_subgroup_or_control
OSD-379,OSD-379_transcription-profiling_rna-sequencing-(rna-seq)_Illumina NovaSeq,RR8_LVR_GC_LAR_YNG_GL14,Mus musculus,BALB/cAnNTac,Taconic Biosciences,,Female,Left Lobe of the Liver,Ground Control,,transcription profiling,RNA Sequencing (RNA-Seq),,,,12 h light/dark cycle,Nutrient Upgraded Rodent Food Bar (NuRFB),ad libitum,,ketamine/xylazine overdose and exsanguination/double thoracotomy,,{Not Applicable},,Liquid Nitrogen,-80 {degree Celsius},,,,,,,OSD-379_transcription-profiling_rna-sequencing-(rna-seq)_Illumina NovaSeq,transcription profiling,RNA Sequencing (RNA-Seq),Mus musculus,unknown,rna sequencing (rna-seq),,0,1,0,GLDS-379_rna_seq_STAR_Unnormalized_Counts_GLbulkRNAseq.csv,data/osdr/raw/GLDS-379_rna_seq_STAR_Unnormalized_Counts_GLbulkRNAseq.csv,RR8_LVR_GC_LAR_YNG_GL14,outside_selected_subgroup_or_control
OSD-379,OSD-379_transcription-profiling_rna-sequencing-(rna-seq)_Illumina NovaSeq,RR8_LVR_GC_LAR_YNG_GL17,Mus musculus,BALB/cAnNTac,Taconic Biosciences,,Female,Left Lobe of the Liver,Ground Control,,transcription profiling,RNA Sequencing (RNA-Seq),,,,12 h light/dark cycle,Nutrient Upgraded Rodent Food Bar (NuRFB),ad libitum,,ketamine/xylazine overdose and exsanguination/double thoracotomy,,{Not Applicable},,Liquid Nitrogen,-80 {degree Celsius},,,,,,,OSD-379_transcription-profiling_rna-sequencing-(rna-seq)_Illumina NovaSeq,transcription profiling,RNA Sequencing (RNA-Seq),Mus musculus,unknown,rna sequencing (rna-seq),,0,1,0,GLDS-379_rna_seq_STAR_Unnormalized_Counts_GLbulkRNAseq.csv,data/osdr/raw/GLDS-379_rna_seq_STAR_Unnormalized_Counts_GLbulkRNAseq.csv,RR8_LVR_GC_LAR_YNG_GL17,outside_selected_subgroup_or_control
OSD-379,OSD-379_transcription-profiling_rna-sequencing-(rna-seq)_Illumina NovaSeq,RR8_LVR_GC_LAR_YNG_GL18,Mus musculus,BALB/cAnNTac,Taconic Biosciences,,Female,Left Lobe of the Liver,Ground Control,,transcription profiling,RNA Sequencing (RNA-Seq),,,,12 h light/dark cycle,Nutrient Upgraded Rodent Food Bar (NuRFB),ad libitum,,ketamine/xylazine overdose and exsanguination/double thoracotomy,,{Not Applicable},,Liquid Nitrogen,-80 {degree Celsius},,,,,,,OSD-379_transcription-profiling_rna-sequencing-(rna-seq)_Illumina NovaSeq,transcription profiling,RNA Sequencing (RNA-Seq),Mus musculus,unknown,rna sequencing (rna-seq),,0,1,0,GLDS-379_rna_seq_STAR_Unnormalized_Counts_GLbulkRNAseq.csv,data/osdr/raw/GLDS-379_rna_seq_STAR_Unnormalized_Counts_GLbulkRNAseq.csv,RR8_LVR_GC_LAR_YNG_GL18,outside_selected_subgroup_or_control
OSD-379,OSD-379_transcription-profiling_rna-sequencing-(rna-seq)_Illumina NovaSeq,RR8_LVR_GC_LAR_YNG_GL2,Mus musculus,BALB/cAnNTac,Taconic Biosciences,,Female,Left Lobe of the Liver,Ground Control,,transcription profiling,RNA Sequencing (RNA-Seq),,,,12 h light/dark cycle,Nutrient Upgraded Rodent Food Bar (NuRFB),ad libitum,,ketamine/xylazine overdose and exsanguination/double thoracotomy,,{Not Applicable},,Liquid Nitrogen,-80 {degree Celsius},,,,,,,OSD-379_transcription-profiling_rna-sequencing-(rna-seq)_Illumina NovaSeq,transcription profiling,RNA Sequencing (RNA-Seq),Mus musculus,unknown,rna sequencing (rna-seq),,0,1,0,GLDS-379_rna_seq_STAR_Unnormalized_Counts_GLbulkRNAseq.csv,data/osdr/raw/GLDS-379_rna_seq_STAR_Unnormalized_Counts_GLbulkRNAseq.csv,RR8_LVR_GC_LAR_YNG_GL2,outside_selected_subgroup_or_control
OSD-379,OSD-379_transcription-profiling_rna-sequencing-(rna-seq)_Illumina NovaSeq,RR8_LVR_GC_LAR_YNG_GL5,Mus musculus,BALB/cAnNTac,Taconic Biosciences,,Female,Left Lobe of the Liver,Ground Control,,transcription profiling,RNA Sequencing (RNA-Seq),,,,12 h light/dark cycle,Nutrient Upgraded Rodent Food Bar (NuRFB),ad libitum,,ketamine/xylazine overdose and exsanguination/double thoracotomy,,{Not Applicable},,Liquid Nitrogen,-80 {degree Celsius},,,,,,,OSD-379_transcription-profiling_rna-sequencing-(rna-seq)_Illumina NovaSeq,transcription profiling,RNA Sequencing (RNA-Seq),Mus musculus,unknown,rna sequencing (rna-seq),,0,1,0,GLDS-379_rna_seq_STAR_Unnormalized_Counts_GLbulkRNAseq.csv,data/osdr/raw/GLDS-379_rna_seq_STAR_Unnormalized_Counts_GLbulkRNAseq.csv,RR8_LVR_GC_LAR_YNG_GL5,outside_selected_subgroup_or_control
OSD-379,OSD-379_transcription-profiling_rna-sequencing-(rna-seq)_Illumina NovaSeq,RR8_LVR_GC_LAR_YNG_GL6,Mus musculus,BALB/cAnNTac,Taconic Biosciences,,Female,Left Lobe of the Liver,Ground Control,,transcription profiling,RNA Sequencing (RNA-Seq),,,,12 h light/dark cycle,Nutrient Upgraded Rodent Food Bar (NuRFB),ad libitum,,ketamine/xylazine overdose and exsanguination/double thoracotomy,,{Not Applicable},,Liquid Nitrogen,-80 {degree Celsius},,,,,,,OSD-379_transcription-profiling_rna-sequencing-(rna-seq)_Illumina NovaSeq,transcription profiling,RNA Sequencing (RNA-Seq),Mus musculus,unknown,rna sequencing (rna-seq),,0,1,0,GLDS-379_rna_seq_STAR_Unnormalized_Counts_GLbulkRNAseq.csv,data/osdr/raw/GLDS-379_rna_seq_STAR_Unnormalized_Counts_GLbulkRNAseq.csv,RR8_LVR_GC_LAR_YNG_GL6,outside_selected_subgroup_or_control
OSD-379,OSD-379_transcription-profiling_rna-sequencing-(rna-seq)_Illumina NovaSeq,RR8_LVR_VIV_ISS-T_OLD_VI11,Mus musculus,BALB/cAnNTac,Taconic Biosciences,,Female,Left Lobe of the Liver,Vivarium Control,,transcription profiling,RNA Sequencing (RNA-Seq),,,,12 h light/dark cycle,Nutrient Upgraded Rodent Food Bar (NuRFB),ad libitum,,ketamine/xylazine overdose and exsanguination/double thoracotomy,,-80 {degree Celsius},,Liquid Nitrogen,-80 {degree Celsius},,,,,,,OSD-379_transcription-profiling_rna-sequencing-(rna-seq)_Illumina NovaSeq,transcription profiling,RNA Sequencing (RNA-Seq),Mus musculus,unknown,rna sequencing (rna-seq),,0,1,0,GLDS-379_rna_seq_STAR_Unnormalized_Counts_GLbulkRNAseq.csv,data/osdr/raw/GLDS-379_rna_seq_STAR_Unnormalized_Counts_GLbulkRNAseq.csv,RR8_LVR_VIV_ISS-T_OLD_VI11,outside_selected_subgroup_or_control
OSD-379,OSD-379_transcription-profiling_rna-sequencing-(rna-seq)_Illumina NovaSeq,RR8_LVR_VIV_ISS-T_OLD_VI12,Mus musculus,BALB/cAnNTac,Taconic Biosciences,,Female,Left Lobe of the Liver,Vivarium Control,,transcription profiling,RNA Sequencing (RNA-Seq),,,,12 h light/dark cycle,Nutrient Upgraded Rodent Food Bar (NuRFB),ad libitum,,ketamine/xylazine overdose and exsanguination/double thoracotomy,,-80 {degree Celsius},,Liquid Nitrogen,-80 {degree Celsius},,,,,,,OSD-379_transcription-profiling_rna-sequencing-(rna-seq)_Illumina NovaSeq,transcription profiling,RNA Sequencing (RNA-Seq),Mus musculus,unknown,rna sequencing (rna-seq),,0,1,0,GLDS-379_rna_seq_STAR_Unnormalized_Counts_GLbulkRNAseq.csv,data/osdr/raw/GLDS-379_rna_seq_STAR_Unnormalized_Counts_GLbulkRNAseq.csv,RR8_LVR_VIV_ISS-T_OLD_VI12,outside_selected_subgroup_or_control
OSD-379,OSD-379_transcription-profiling_rna-sequencing-(rna-seq)_Illumina NovaSeq,RR8_LVR_VIV_ISS-T_OLD_VI13,Mus musculus,BALB/cAnNTac,Taconic Biosciences,,Female,Left Lobe of the Liver,Vivarium Control,,transcription profiling,RNA Sequencing (RNA-Seq),,,,12 h light/dark cycle,Nutrient Upgraded Rodent Food Bar (NuRFB),ad libitum,,ketamine/xylazine overdose and exsanguination/double thoracotomy,,-80 {degree Celsius},,Liquid Nitrogen,-80 {degree Celsius},,,,,,,OSD-379_transcription-profiling_rna-sequencing-(rna-seq)_Illumina NovaSeq,transcription profiling,RNA Sequencing (RNA-Seq),Mus musculus,unknown,rna sequencing (rna-seq),,0,1,0,GLDS-379_rna_seq_STAR_Unnormalized_Counts_GLbulkRNAseq.csv,data/osdr/raw/GLDS-379_rna_seq_STAR_Unnormalized_Counts_GLbulkRNAseq.csv,RR8_LVR_VIV_ISS-T_OLD_VI13,outside_selected_subgroup_or_control
OSD-379,OSD-379_transcription-profiling_rna-sequencing-(rna-seq)_Illumina NovaSeq,RR8_LVR_VIV_ISS-T_OLD_VI14,Mus musculus,BALB/cAnNTac,Taconic Biosciences,,Female,Left Lobe of the Liver,Vivarium Control,,transcription profiling,RNA Sequencing (RNA-Seq),,,,12 h light/dark cycle,Nutrient Upgraded Rodent Food Bar (NuRFB),ad libitum,,ketamine/xylazine overdose and exsanguination/double thoracotomy,,-80 {degree Celsius},,Liquid Nitrogen,-80 {degree Celsius},,,,,,,OSD-379_transcription-profiling_rna-sequencing-(rna-seq)_Illumina NovaSeq,transcription profiling,RNA Sequencing (RNA-Seq),Mus musculus,unknown,rna sequencing (rna-seq),,0,1,0,GLDS-379_rna_seq_STAR_Unnormalized_Counts_GLbulkRNAseq.csv,data/osdr/raw/GLDS-379_rna_seq_STAR_Unnormalized_Counts_GLbulkRNAseq.csv,RR8_LVR_VIV_ISS-T_OLD_VI14,outside_selected_subgroup_or_control
OSD-379,OSD-379_transcription-profiling_rna-sequencing-(rna-seq)_Illumina NovaSeq,RR8_LVR_VIV_ISS-T_OLD_VI16,Mus musculus,BALB/cAnNTac,Taconic Biosciences,,Female,Left Lobe of the Liver,Vivarium Control,,transcription profiling,RNA Sequencing (RNA-Seq),,,,12 h light/dark cycle,Nutrient Upgraded Rodent Food Bar (NuRFB),ad libitum,,ketamine/xylazine overdose and exsanguination/double thoracotomy,,-80 {degree Celsius},,Liquid Nitrogen,-80 {degree Celsius},,,,,,,OSD-379_transcription-profiling_rna-sequencing-(rna-seq)_Illumina NovaSeq,transcription profiling,RNA Sequencing (RNA-Seq),Mus musculus,unknown,rna sequencing (rna-seq),,0,1,0,GLDS-379_rna_seq_STAR_Unnormalized_Counts_GLbulkRNAseq.csv,data/osdr/raw/GLDS-379_rna_seq_STAR_Unnormalized_Counts_GLbulkRNAseq.csv,RR8_LVR_VIV_ISS-T_OLD_VI16,outside_selected_subgroup_or_control
OSD-379,OSD-379_transcription-profiling_rna-sequencing-(rna-seq)_Illumina NovaSeq,RR8_LVR_VIV_ISS-T_OLD_VI17,Mus musculus,BALB/cAnNTac,Taconic Biosciences,,Female,Left Lobe of the Liver,Vivarium Control,,transcription profiling,RNA Sequencing (RNA-Seq),,,,12 h light/dark cycle,Nutrient Upgraded Rodent Food Bar (NuRFB),ad libitum,,ketamine/xylazine overdose and exsanguination/double thoracotomy,,-80 {degree Celsius},,Liquid Nitrogen,-80 {degree Celsius},,,,,,,OSD-379_transcription-profiling_rna-sequencing-(rna-seq)_Illumina NovaSeq,transcription profiling,RNA Sequencing (RNA-Seq),Mus musculus,unknown,rna sequencing (rna-seq),,0,1,0,GLDS-379_rna_seq_STAR_Unnormalized_Counts_GLbulkRNAseq.csv,data/osdr/raw/GLDS-379_rna_seq_STAR_Unnormalized_Counts_GLbulkRNAseq.csv,RR8_LVR_VIV_ISS-T_OLD_VI17,outside_selected_subgroup_or_control
OSD-379,OSD-379_transcription-profiling_rna-sequencing-(rna-seq)_Illumina NovaSeq,RR8_LVR_VIV_ISS-T_OLD_VI18,Mus musculus,BALB/cAnNTac,Taconic Biosciences,,Female,Left Lobe of the Liver,Vivarium Control,,transcription profiling,RNA Sequencing (RNA-Seq),,,,12 h light/dark cycle,Nutrient Upgraded Rodent Food Bar (NuRFB),ad libitum,,ketamine/xylazine overdose and exsanguination/double thoracotomy,,-80 {degree Celsius},,Liquid Nitrogen,-80 {degree Celsius},,,,,,,OSD-379_transcription-profiling_rna-sequencing-(rna-seq)_Illumina NovaSeq,transcription profiling,RNA Sequencing (RNA-Seq),Mus musculus,unknown,rna sequencing (rna-seq),,0,1,0,GLDS-379_rna_seq_STAR_Unnormalized_Counts_GLbulkRNAseq.csv,data/osdr/raw/GLDS-379_rna_seq_STAR_Unnormalized_Counts_GLbulkRNAseq.csv,RR8_LVR_VIV_ISS-T_OLD_VI18,outside_selected_subgroup_or_control
OSD-379,OSD-379_transcription-profiling_rna-sequencing-(rna-seq)_Illumina NovaSeq,RR8_LVR_VIV_ISS-T_OLD_VI19,Mus musculus,BALB/cAnNTac,Taconic Biosciences,,Female,Left Lobe of the Liver,Vivarium Control,,transcription profiling,RNA Sequencing (RNA-Seq),,,,12 h light/dark cycle,Nutrient Upgraded Rodent Food Bar (NuRFB),ad libitum,,ketamine/xylazine overdose and exsanguination/double thoracotomy,,-80 {degree Celsius},,Liquid Nitrogen,-80 {degree Celsius},,,,,,,OSD-379_transcription-profiling_rna-sequencing-(rna-seq)_Illumina NovaSeq,transcription profiling,RNA Sequencing (RNA-Seq),Mus musculus,unknown,rna sequencing (rna-seq),,0,1,0,GLDS-379_rna_seq_STAR_Unnormalized_Counts_GLbulkRNAseq.csv,data/osdr/raw/GLDS-379_rna_seq_STAR_Unnormalized_Counts_GLbulkRNAseq.csv,RR8_LVR_VIV_ISS-T_OLD_VI19,outside_selected_subgroup_or_control
OSD-379,OSD-379_transcription-profiling_rna-sequencing-(rna-seq)_Illumina NovaSeq,RR8_LVR_VIV_ISS-T_YNG_VI1,Mus musculus,BALB/cAnNTac,Taconic Biosciences,,Female,Left Lobe of the Liver,Vivarium Control,,transcription profiling,RNA Sequencing (RNA-Seq),,,,12 h light/dark cycle,Nutrient Upgraded Rodent Food Bar (NuRFB),ad libitum,,ketamine/xylazine overdose and exsanguination/double thoracotomy,,-80 {degree Celsius},,Liquid Nitrogen,-80 {degree Celsius},,,,,,,OSD-379_transcription-profiling_rna-sequencing-(rna-seq)_Illumina NovaSeq,transcription profiling,RNA Sequencing (RNA-Seq),Mus musculus,unknown,rna sequencing (rna-seq),,0,1,0,GLDS-379_rna_seq_STAR_Unnormalized_Counts_GLbulkRNAseq.csv,data/osdr/raw/GLDS-379_rna_seq_STAR_Unnormalized_Counts_GLbulkRNAseq.csv,RR8_LVR_VIV_ISS-T_YNG_VI1,outside_selected_subgroup_or_control
OSD-379,OSD-379_transcription-profiling_rna-sequencing-(rna-seq)_Illumina NovaSeq,RR8_LVR_VIV_ISS-T_YNG_VI10,Mus musculus,BALB/cAnNTac,Taconic Biosciences,,Female,Left Lobe of the Liver,Vivarium Control,,transcription profiling,RNA Sequencing (RNA-Seq),,,,12 h light/dark cycle,Nutrient Upgraded Rodent Food Bar (NuRFB),ad libitum,,ketamine/xylazine overdose and exsanguination/double thoracotomy,,-80 {degree Celsius},,Liquid Nitrogen,-80 {degree Celsius},,,,,,,OSD-379_transcription-profiling_rna-sequencing-(rna-seq)_Illumina NovaSeq,transcription profiling,RNA Sequencing (RNA-Seq),Mus musculus,unknown,rna sequencing (rna-seq),,0,1,0,GLDS-379_rna_seq_STAR_Unnormalized_Counts_GLbulkRNAseq.csv,data/osdr/raw/GLDS-379_rna_seq_STAR_Unnormalized_Counts_GLbulkRNAseq.csv,RR8_LVR_VIV_ISS-T_YNG_VI10,outside_selected_subgroup_or_control
OSD-379,OSD-379_transcription-profiling_rna-sequencing-(rna-seq)_Illumina NovaSeq,RR8_LVR_VIV_ISS-T_YNG_VI2,Mus musculus,BALB/cAnNTac,Taconic Biosciences,,Female,Left Lobe of the Liver,Vivarium Control,,transcription profiling,RNA Sequencing (RNA-Seq),,,,12 h light/dark cycle,Nutrient Upgraded Rodent Food Bar (NuRFB),ad libitum,,ketamine/xylazine overdose and exsanguination/double thoracotomy,,-80 {degree Celsius},,Liquid Nitrogen,-80 {degree Celsius},,,,,,,OSD-379_transcription-profiling_rna-sequencing-(rna-seq)_Illumina NovaSeq,transcription profiling,RNA Sequencing (RNA-Seq),Mus musculus,unknown,rna sequencing (rna-seq),,0,1,0,GLDS-379_rna_seq_STAR_Unnormalized_Counts_GLbulkRNAseq.csv,data/osdr/raw/GLDS-379_rna_seq_STAR_Unnormalized_Counts_GLbulkRNAseq.csv,RR8_LVR_VIV_ISS-T_YNG_VI2,outside_selected_subgroup_or_control
OSD-379,OSD-379_transcription-profiling_rna-sequencing-(rna-seq)_Illumina NovaSeq,RR8_LVR_VIV_ISS-T_YNG_VI3,Mus musculus,BALB/cAnNTac,Taconic Biosciences,,Female,Left Lobe of the Liver,Vivarium Control,,transcription profiling,RNA Sequencing (RNA-Seq),,,,12 h light/dark cycle,Nutrient Upgraded Rodent Food Bar (NuRFB),ad libitum,,ketamine/xylazine overdose and exsanguination/double thoracotomy,,-80 {degree Celsius},,Liquid Nitrogen,-80 {degree Celsius},,,,,,,OSD-379_transcription-profiling_rna-sequencing-(rna-seq)_Illumina NovaSeq,transcription profiling,RNA Sequencing (RNA-Seq),Mus musculus,unknown,rna sequencing (rna-seq),,0,1,0,GLDS-379_rna_seq_STAR_Unnormalized_Counts_GLbulkRNAseq.csv,data/osdr/raw/GLDS-379_rna_seq_STAR_Unnormalized_Counts_GLbulkRNAseq.csv,RR8_LVR_VIV_ISS-T_YNG_VI3,outside_selected_subgroup_or_control
OSD-379,OSD-379_transcription-profiling_rna-sequencing-(rna-seq)_Illumina NovaSeq,RR8_LVR_VIV_ISS-T_YNG_VI4,Mus musculus,BALB/cAnNTac,Taconic Biosciences,,Female,Left Lobe of the Liver,Vivarium Control,,transcription profiling,RNA Sequencing (RNA-Seq),,,,12 h light/dark cycle,Nutrient Upgraded Rodent Food Bar (NuRFB),ad libitum,,ketamine/xylazine overdose and exsanguination/double thoracotomy,,-80 {degree Celsius},,Liquid Nitrogen,-80 {degree Celsius},,,,,,,OSD-379_transcription-profiling_rna-sequencing-(rna-seq)_Illumina NovaSeq,transcription profiling,RNA Sequencing (RNA-Seq),Mus musculus,unknown,rna sequencing (rna-seq),,0,1,0,GLDS-379_rna_seq_STAR_Unnormalized_Counts_GLbulkRNAseq.csv,data/osdr/raw/GLDS-379_rna_seq_STAR_Unnormalized_Counts_GLbulkRNAseq.csv,RR8_LVR_VIV_ISS-T_YNG_VI4,outside_selected_subgroup_or_control
OSD-379,OSD-379_transcription-profiling_rna-sequencing-(rna-seq)_Illumina NovaSeq,RR8_LVR_VIV_ISS-T_YNG_VI5,Mus musculus,BALB/cAnNTac,Taconic Biosciences,,Female,Left Lobe of the Liver,Vivarium Control,,transcription profiling,RNA Sequencing (RNA-Seq),,,,12 h light/dark cycle,Nutrient Upgraded Rodent Food Bar (NuRFB),ad libitum,,ketamine/xylazine overdose and exsanguination/double thoracotomy,,-80 {degree Celsius},,Liquid Nitrogen,-80 {degree Celsius},,,,,,,OSD-379_transcription-profiling_rna-sequencing-(rna-seq)_Illumina NovaSeq,transcription profiling,RNA Sequencing (RNA-Seq),Mus musculus,unknown,rna sequencing (rna-seq),,0,1,0,GLDS-379_rna_seq_STAR_Unnormalized_Counts_GLbulkRNAseq.csv,data/osdr/raw/GLDS-379_rna_seq_STAR_Unnormalized_Counts_GLbulkRNAseq.csv,RR8_LVR_VIV_ISS-T_YNG_VI5,outside_selected_subgroup_or_control
OSD-379,OSD-379_transcription-profiling_rna-sequencing-(rna-seq)_Illumina NovaSeq,RR8_LVR_VIV_ISS-T_YNG_VI6,Mus musculus,BALB/cAnNTac,Taconic Biosciences,,Female,Left Lobe of the Liver,Vivarium Control,,transcription profiling,RNA Sequencing (RNA-Seq),,,,12 h light/dark cycle,Nutrient Upgraded Rodent Food Bar (NuRFB),ad libitum,,ketamine/xylazine overdose and exsanguination/double thoracotomy,,-80 {degree Celsius},,Liquid Nitrogen,-80 {degree Celsius},,,,,,,OSD-379_transcription-profiling_rna-sequencing-(rna-seq)_Illumina NovaSeq,transcription profiling,RNA Sequencing (RNA-Seq),Mus musculus,unknown,rna sequencing (rna-seq),,0,1,0,GLDS-379_rna_seq_STAR_Unnormalized_Counts_GLbulkRNAseq.csv,data/osdr/raw/GLDS-379_rna_seq_STAR_Unnormalized_Counts_GLbulkRNAseq.csv,RR8_LVR_VIV_ISS-T_YNG_VI6,outside_selected_subgroup_or_control
OSD-379,OSD-379_transcription-profiling_rna-sequencing-(rna-seq)_Illumina NovaSeq,RR8_LVR_VIV_ISS-T_YNG_VI7,Mus musculus,BALB/cAnNTac,Taconic Biosciences,,Female,Left Lobe of the Liver,Vivarium Control,,transcription profiling,RNA Sequencing (RNA-Seq),,,,12 h light/dark cycle,Nutrient Upgraded Rodent Food Bar (NuRFB),ad libitum,,ketamine/xylazine overdose and exsanguination/double thoracotomy,,-80 {degree Celsius},,Liquid Nitrogen,-80 {degree Celsius},,,,,,,OSD-379_transcription-profiling_rna-sequencing-(rna-seq)_Illumina NovaSeq,transcription profiling,RNA Sequencing (RNA-Seq),Mus musculus,unknown,rna sequencing (rna-seq),,0,1,0,GLDS-379_rna_seq_STAR_Unnormalized_Counts_GLbulkRNAseq.csv,data/osdr/raw/GLDS-379_rna_seq_STAR_Unnormalized_Counts_GLbulkRNAseq.csv,RR8_LVR_VIV_ISS-T_YNG_VI7,outside_selected_subgroup_or_control
OSD-379,OSD-379_transcription-profiling_rna-sequencing-(rna-seq)_Illumina NovaSeq,RR8_LVR_VIV_ISS-T_YNG_VI8,Mus musculus,BALB/cAnNTac,Taconic Biosciences,,Female,Left Lobe of the Liver,Vivarium Control,,transcription profiling,RNA Sequencing (RNA-Seq),,,,12 h light/dark cycle,Nutrient Upgraded Rodent Food Bar (NuRFB),ad libitum,,ketamine/xylazine overdose and exsanguination/double thoracotomy,,-80 {degree Celsius},,Liquid Nitrogen,-80 {degree Celsius},,,,,,,OSD-379_transcription-profiling_rna-sequencing-(rna-seq)_Illumina NovaSeq,transcription profiling,RNA Sequencing (RNA-Seq),Mus musculus,unknown,rna sequencing (rna-seq),,0,1,0,GLDS-379_rna_seq_STAR_Unnormalized_Counts_GLbulkRNAseq.csv,data/osdr/raw/GLDS-379_rna_seq_STAR_Unnormalized_Counts_GLbulkRNAseq.csv,RR8_LVR_VIV_ISS-T_YNG_VI8,outside_selected_subgroup_or_control
OSD-379,OSD-379_transcription-profiling_rna-sequencing-(rna-seq)_Illumina NovaSeq,RR8_LVR_VIV_LAR_OLD_VL11,Mus musculus,BALB/cAnNTac,Taconic Biosciences,,Female,Left Lobe of the Liver,Vivarium Control,,transcription profiling,RNA Sequencing (RNA-Seq),,,,12 h light/dark cycle,Nutrient Upgraded Rodent Food Bar (NuRFB),ad libitum,,ketamine/xylazine overdose and exsanguination/double thoracotomy,,{Not Applicable},,Liquid Nitrogen,-80 {degree Celsius},,,,,,,OSD-379_transcription-profiling_rna-sequencing-(rna-seq)_Illumina NovaSeq,transcription profiling,RNA Sequencing (RNA-Seq),Mus musculus,unknown,rna sequencing (rna-seq),,0,1,0,GLDS-379_rna_seq_STAR_Unnormalized_Counts_GLbulkRNAseq.csv,data/osdr/raw/GLDS-379_rna_seq_STAR_Unnormalized_Counts_GLbulkRNAseq.csv,RR8_LVR_VIV_LAR_OLD_VL11,outside_selected_subgroup_or_control
OSD-379,OSD-379_transcription-profiling_rna-sequencing-(rna-seq)_Illumina NovaSeq,RR8_LVR_VIV_LAR_OLD_VL12,Mus musculus,BALB/cAnNTac,Taconic Biosciences,,Female,Left Lobe of the Liver,Vivarium Control,,transcription profiling,RNA Sequencing (RNA-Seq),,,,12 h light/dark cycle,Nutrient Upgraded Rodent Food Bar (NuRFB),ad libitum,,ketamine/xylazine overdose and exsanguination/double thoracotomy,,{Not Applicable},,Liquid Nitrogen,-80 {degree Celsius},,,,,,,OSD-379_transcription-profiling_rna-sequencing-(rna-seq)_Illumina NovaSeq,transcription profiling,RNA Sequencing (RNA-Seq),Mus musculus,unknown,rna sequencing (rna-seq),,0,1,0,GLDS-379_rna_seq_STAR_Unnormalized_Counts_GLbulkRNAseq.csv,data/osdr/raw/GLDS-379_rna_seq_STAR_Unnormalized_Counts_GLbulkRNAseq.csv,RR8_LVR_VIV_LAR_OLD_VL12,outside_selected_subgroup_or_control
OSD-379,OSD-379_transcription-profiling_rna-sequencing-(rna-seq)_Illumina NovaSeq,RR8_LVR_VIV_LAR_OLD_VL15,Mus musculus,BALB/cAnNTac,Taconic Biosciences,,Female,Left Lobe of the Liver,Vivarium Control,,transcription profiling,RNA Sequencing (RNA-Seq),,,,12 h light/dark cycle,Nutrient Upgraded Rodent Food Bar (NuRFB),ad libitum,,ketamine/xylazine overdose and exsanguination/double thoracotomy,,{Not Applicable},,Liquid Nitrogen,-80 {degree Celsius},,,,,,,OSD-379_transcription-profiling_rna-sequencing-(rna-seq)_Illumina NovaSeq,transcription profiling,RNA Sequencing (RNA-Seq),Mus musculus,unknown,rna sequencing (rna-seq),,0,1,0,GLDS-379_rna_seq_STAR_Unnormalized_Counts_GLbulkRNAseq.csv,data/osdr/raw/GLDS-379_rna_seq_STAR_Unnormalized_Counts_GLbulkRNAseq.csv,RR8_LVR_VIV_LAR_OLD_VL15,outside_selected_subgroup_or_control
OSD-379,OSD-379_transcription-profiling_rna-sequencing-(rna-seq)_Illumina NovaSeq,RR8_LVR_VIV_LAR_OLD_VL16,Mus musculus,BALB/cAnNTac,Taconic Biosciences,,Female,Left Lobe of the Liver,Vivarium Control,,transcription profiling,RNA Sequencing (RNA-Seq),,,,12 h light/dark cycle,Nutrient Upgraded Rodent Food Bar (NuRFB),ad libitum,,ketamine/xylazine overdose and exsanguination/double thoracotomy,,{Not Applicable},,Liquid Nitrogen,-80 {degree Celsius},,,,,,,OSD-379_transcription-profiling_rna-sequencing-(rna-seq)_Illumina NovaSeq,transcription profiling,RNA Sequencing (RNA-Seq),Mus musculus,unknown,rna sequencing (rna-seq),,0,1,0,GLDS-379_rna_seq_STAR_Unnormalized_Counts_GLbulkRNAseq.csv,data/osdr/raw/GLDS-379_rna_seq_STAR_Unnormalized_Counts_GLbulkRNAseq.csv,RR8_LVR_VIV_LAR_OLD_VL16,outside_selected_subgroup_or_control
OSD-379,OSD-379_transcription-profiling_rna-sequencing-(rna-seq)_Illumina NovaSeq,RR8_LVR_VIV_LAR_OLD_VL20,Mus musculus,BALB/cAnNTac,Taconic Biosciences,,Female,Left Lobe of the Liver,Vivarium Control,,transcription profiling,RNA Sequencing (RNA-Seq),,,,12 h light/dark cycle,Nutrient Upgraded Rodent Food Bar (NuRFB),ad libitum,,ketamine/xylazine overdose and exsanguination/double thoracotomy,,{Not Applicable},,Liquid Nitrogen,-80 {degree Celsius},,,,,,,OSD-379_transcription-profiling_rna-sequencing-(rna-seq)_Illumina NovaSeq,transcription profiling,RNA Sequencing (RNA-Seq),Mus musculus,unknown,rna sequencing (rna-seq),,0,1,0,GLDS-379_rna_seq_STAR_Unnormalized_Counts_GLbulkRNAseq.csv,data/osdr/raw/GLDS-379_rna_seq_STAR_Unnormalized_Counts_GLbulkRNAseq.csv,RR8_LVR_VIV_LAR_OLD_VL20,outside_selected_subgroup_or_control
OSD-379,OSD-379_transcription-profiling_rna-sequencing-(rna-seq)_Illumina NovaSeq,RR8_LVR_VIV_LAR_OLD_VL4,Mus musculus,BALB/cAnNTac,Taconic Biosciences,,Female,Left Lobe of the Liver,Vivarium Control,,transcription profiling,RNA Sequencing (RNA-Seq),,,,12 h light/dark cycle,Nutrient Upgraded Rodent Food Bar (NuRFB),ad libitum,,ketamine/xylazine overdose and exsanguination/double thoracotomy,,{Not Applicable},,Liquid Nitrogen,-80 {degree Celsius},,,,,,,OSD-379_transcription-profiling_rna-sequencing-(rna-seq)_Illumina NovaSeq,transcription profiling,RNA Sequencing (RNA-Seq),Mus musculus,unknown,rna sequencing (rna-seq),,0,1,0,GLDS-379_rna_seq_STAR_Unnormalized_Counts_GLbulkRNAseq.csv,data/osdr/raw/GLDS-379_rna_seq_STAR_Unnormalized_Counts_GLbulkRNAseq.csv,RR8_LVR_VIV_LAR_OLD_VL4,outside_selected_subgroup_or_control
OSD-379,OSD-379_transcription-profiling_rna-sequencing-(rna-seq)_Illumina NovaSeq,RR8_LVR_VIV_LAR_OLD_VL7,Mus musculus,BALB/cAnNTac,Taconic Biosciences,,Female,Left Lobe of the Liver,Vivarium Control,,transcription profiling,RNA Sequencing (RNA-Seq),,,,12 h light/dark cycle,Nutrient Upgraded Rodent Food Bar (NuRFB),ad libitum,,ketamine/xylazine overdose and exsanguination/double thoracotomy,,{Not Applicable},,Liquid Nitrogen,-80 {degree Celsius},,,,,,,OSD-379_transcription-profiling_rna-sequencing-(rna-seq)_Illumina NovaSeq,transcription profiling,RNA Sequencing (RNA-Seq),Mus musculus,unknown,rna sequencing (rna-seq),,0,1,0,GLDS-379_rna_seq_STAR_Unnormalized_Counts_GLbulkRNAseq.csv,data/osdr/raw/GLDS-379_rna_seq_STAR_Unnormalized_Counts_GLbulkRNAseq.csv,RR8_LVR_VIV_LAR_OLD_VL7,outside_selected_subgroup_or_control
OSD-379,OSD-379_transcription-profiling_rna-sequencing-(rna-seq)_Illumina NovaSeq,RR8_LVR_VIV_LAR_OLD_VL8,Mus musculus,BALB/cAnNTac,Taconic Biosciences,,Female,Left Lobe of the Liver,Vivarium Control,,transcription profiling,RNA Sequencing (RNA-Seq),,,,12 h light/dark cycle,Nutrient Upgraded Rodent Food Bar (NuRFB),ad libitum,,ketamine/xylazine overdose and exsanguination/double thoracotomy,,{Not Applicable},,Liquid Nitrogen,-80 {degree Celsius},,,,,,,OSD-379_transcription-profiling_rna-sequencing-(rna-seq)_Illumina NovaSeq,transcription profiling,RNA Sequencing (RNA-Seq),Mus musculus,unknown,rna sequencing (rna-seq),,0,1,0,GLDS-379_rna_seq_STAR_Unnormalized_Counts_GLbulkRNAseq.csv,data/osdr/raw/GLDS-379_rna_seq_STAR_Unnormalized_Counts_GLbulkRNAseq.csv,RR8_LVR_VIV_LAR_OLD_VL8,outside_selected_subgroup_or_control
OSD-379,OSD-379_transcription-profiling_rna-sequencing-(rna-seq)_Illumina NovaSeq,RR8_LVR_VIV_LAR_YNG_VL1,Mus musculus,BALB/cAnNTac,Taconic Biosciences,,Female,Left Lobe of the Liver,Vivarium Control,,transcription profiling,RNA Sequencing (RNA-Seq),,,,12 h light/dark cycle,Nutrient Upgraded Rodent Food Bar (NuRFB),ad libitum,,ketamine/xylazine overdose and exsanguination/double thoracotomy,,{Not Applicable},,Liquid Nitrogen,-80 {degree Celsius},,,,,,,OSD-379_transcription-profiling_rna-sequencing-(rna-seq)_Illumina NovaSeq,transcription profiling,RNA Sequencing (RNA-Seq),Mus musculus,unknown,rna sequencing (rna-seq),,0,1,0,GLDS-379_rna_seq_STAR_Unnormalized_Counts_GLbulkRNAseq.csv,data/osdr/raw/GLDS-379_rna_seq_STAR_Unnormalized_Counts_GLbulkRNAseq.csv,RR8_LVR_VIV_LAR_YNG_VL1,outside_selected_subgroup_or_control
OSD-379,OSD-379_transcription-profiling_rna-sequencing-(rna-seq)_Illumina NovaSeq,RR8_LVR_VIV_LAR_YNG_VL10,Mus musculus,BALB/cAnNTac,Taconic Biosciences,,Female,Left Lobe of the Liver,Vivarium Control,,transcription profiling,RNA Sequencing (RNA-Seq),,,,12 h light/dark cycle,Nutrient Upgraded Rodent Food Bar (NuRFB),ad libitum,,ketamine/xylazine overdose and exsanguination/double thoracotomy,,{Not Applicable},,Liquid Nitrogen,-80 {degree Celsius},,,,,,,OSD-379_transcription-profiling_rna-sequencing-(rna-seq)_Illumina NovaSeq,transcription profiling,RNA Sequencing (RNA-Seq),Mus musculus,unknown,rna sequencing (rna-seq),,0,1,0,GLDS-379_rna_seq_STAR_Unnormalized_Counts_GLbulkRNAseq.csv,data/osdr/raw/GLDS-379_rna_seq_STAR_Unnormalized_Counts_GLbulkRNAseq.csv,RR8_LVR_VIV_LAR_YNG_VL10,outside_selected_subgroup_or_control
OSD-379,OSD-379_transcription-profiling_rna-sequencing-(rna-seq)_Illumina NovaSeq,RR8_LVR_VIV_LAR_YNG_VL14,Mus musculus,BALB/cAnNTac,Taconic Biosciences,,Female,Left Lobe of the Liver,Vivarium Control,,transcription profiling,RNA Sequencing (RNA-Seq),,,,12 h light/dark cycle,Nutrient Upgraded Rodent Food Bar (NuRFB),ad libitum,,ketamine/xylazine overdose and exsanguination/double thoracotomy,,{Not Applicable},,Liquid Nitrogen,-80 {degree Celsius},,,,,,,OSD-379_transcription-profiling_rna-sequencing-(rna-seq)_Illumina NovaSeq,transcription profiling,RNA Sequencing (RNA-Seq),Mus musculus,unknown,rna sequencing (rna-seq),,0,1,0,GLDS-379_rna_seq_STAR_Unnormalized_Counts_GLbulkRNAseq.csv,data/osdr/raw/GLDS-379_rna_seq_STAR_Unnormalized_Counts_GLbulkRNAseq.csv,RR8_LVR_VIV_LAR_YNG_VL14,outside_selected_subgroup_or_control
OSD-379,OSD-379_transcription-profiling_rna-sequencing-(rna-seq)_Illumina NovaSeq,RR8_LVR_VIV_LAR_YNG_VL17,Mus musculus,BALB/cAnNTac,Taconic Biosciences,,Female,Left Lobe of the Liver,Vivarium Control,,transcription profiling,RNA Sequencing (RNA-Seq),,,,12 h light/dark cycle,Nutrient Upgraded Rodent Food Bar (NuRFB),ad libitum,,ketamine/xylazine overdose and exsanguination/double thoracotomy,,{Not Applicable},,Liquid Nitrogen,-80 {degree Celsius},,,,,,,OSD-379_transcription-profiling_rna-sequencing-(rna-seq)_Illumina NovaSeq,transcription profiling,RNA Sequencing (RNA-Seq),Mus musculus,unknown,rna sequencing (rna-seq),,0,1,0,GLDS-379_rna_seq_STAR_Unnormalized_Counts_GLbulkRNAseq.csv,data/osdr/raw/GLDS-379_rna_seq_STAR_Unnormalized_Counts_GLbulkRNAseq.csv,RR8_LVR_VIV_LAR_YNG_VL17,outside_selected_subgroup_or_control
OSD-379,OSD-379_transcription-profiling_rna-sequencing-(rna-seq)_Illumina NovaSeq,RR8_LVR_VIV_LAR_YNG_VL18,Mus musculus,BALB/cAnNTac,Taconic Biosciences,,Female,Left Lobe of the Liver,Vivarium Control,,transcription profiling,RNA Sequencing (RNA-Seq),,,,12 h light/dark cycle,Nutrient Upgraded Rodent Food Bar (NuRFB),ad libitum,,ketamine/xylazine overdose and exsanguination/double thoracotomy,,{Not Applicable},,Liquid Nitrogen,-80 {degree Celsius},,,,,,,OSD-379_transcription-profiling_rna-sequencing-(rna-seq)_Illumina NovaSeq,transcription profiling,RNA Sequencing (RNA-Seq),Mus musculus,unknown,rna sequencing (rna-seq),,0,1,0,GLDS-379_rna_seq_STAR_Unnormalized_Counts_GLbulkRNAseq.csv,data/osdr/raw/GLDS-379_rna_seq_STAR_Unnormalized_Counts_GLbulkRNAseq.csv,RR8_LVR_VIV_LAR_YNG_VL18,outside_selected_subgroup_or_control
OSD-379,OSD-379_transcription-profiling_rna-sequencing-(rna-seq)_Illumina NovaSeq,RR8_LVR_VIV_LAR_YNG_VL2,Mus musculus,BALB/cAnNTac,Taconic Biosciences,,Female,Left Lobe of the Liver,Vivarium Control,,transcription profiling,RNA Sequencing (RNA-Seq),,,,12 h light/dark cycle,Nutrient Upgraded Rodent Food Bar (NuRFB),ad libitum,,ketamine/xylazine overdose and exsanguination/double thoracotomy,,{Not Applicable},,Liquid Nitrogen,-80 {degree Celsius},,,,,,,OSD-379_transcription-profiling_rna-sequencing-(rna-seq)_Illumina NovaSeq,transcription profiling,RNA Sequencing (RNA-Seq),Mus musculus,unknown,rna sequencing (rna-seq),,0,1,0,GLDS-379_rna_seq_STAR_Unnormalized_Counts_GLbulkRNAseq.csv,data/osdr/raw/GLDS-379_rna_seq_STAR_Unnormalized_Counts_GLbulkRNAseq.csv,RR8_LVR_VIV_LAR_YNG_VL2,outside_selected_subgroup_or_control
OSD-379,OSD-379_transcription-profiling_rna-sequencing-(rna-seq)_Illumina NovaSeq,RR8_LVR_VIV_LAR_YNG_VL5,Mus musculus,BALB/cAnNTac,Taconic Biosciences,,Female,Left Lobe of the Liver,Vivarium Control,,transcription profiling,RNA Sequencing (RNA-Seq),,,,12 h light/dark cycle,Nutrient Upgraded Rodent Food Bar (NuRFB),ad libitum,,ketamine/xylazine overdose and exsanguination/double thoracotomy,,{Not Applicable},,Liquid Nitrogen,-80 {degree Celsius},,,,,,,OSD-379_transcription-profiling_rna-sequencing-(rna-seq)_Illumina NovaSeq,transcription profiling,RNA Sequencing (RNA-Seq),Mus musculus,unknown,rna sequencing (rna-seq),,0,1,0,GLDS-379_rna_seq_STAR_Unnormalized_Counts_GLbulkRNAseq.csv,data/osdr/raw/GLDS-379_rna_seq_STAR_Unnormalized_Counts_GLbulkRNAseq.csv,RR8_LVR_VIV_LAR_YNG_VL5,outside_selected_subgroup_or_control
OSD-379,OSD-379_transcription-profiling_rna-sequencing-(rna-seq)_Illumina NovaSeq,RR8_LVR_VIV_LAR_YNG_VL9,Mus musculus,BALB/cAnNTac,Taconic Biosciences,,Female,Left Lobe of the Liver,Vivarium Control,,transcription profiling,RNA Sequencing (RNA-Seq),,,,12 h light/dark cycle,Nutrient Upgraded Rodent Food Bar (NuRFB),ad libitum,,ketamine/xylazine overdose and exsanguination/double thoracotomy,,{Not Applicable},,Liquid Nitrogen,-80 {degree Celsius},,,,,,,OSD-379_transcription-profiling_rna-sequencing-(rna-seq)_Illumina NovaSeq,transcription profiling,RNA Sequencing (RNA-Seq),Mus musculus,unknown,rna sequencing (rna-seq),,0,1,0,GLDS-379_rna_seq_STAR_Unnormalized_Counts_GLbulkRNAseq.csv,data/osdr/raw/GLDS-379_rna_seq_STAR_Unnormalized_Counts_GLbulkRNAseq.csv,RR8_LVR_VIV_LAR_YNG_VL9,outside_selected_subgroup_or_control
OSD-463,OSD-463_transcription-profiling_rna-sequencing-(rna-seq)_Illumina,RR23_LVR_FLT_F1,Mus musculus,C57BL/6J,Jackson Laboratory,16-17 {week},Male,Left Lobe of the Liver,Space Flight,,transcription profiling,RNA Sequencing (RNA-Seq),,Rodent Flight Hardware (Transporter and Habitat),38 {day},12 h light: 12 h dark. Lights on at 7:00 GMT,Nutrient Upgraded Rodent Food Bar (NuRFB),ad libitum,Hut,"Bilateral thoracotomy with sedation, Cardiac puncture, Inhalation of Isoflurane",,,,Liquid Nitrogen,-80 {degree Celsius},,,,,,,OSD-463_transcription-profiling_rna-sequencing-(rna-seq)_Illumina,transcription profiling,RNA Sequencing (RNA-Seq),Mus musculus,unknown,rna sequencing (rna-seq),,0,1,0,GLDS-463_rna_seq_STAR_Unnormalized_Counts_GLbulkRNAseq.csv,data/osdr/raw/GLDS-463_rna_seq_STAR_Unnormalized_Counts_GLbulkRNAseq.csv,RR23_LVR_FLT_F1,selected
OSD-463,OSD-463_transcription-profiling_rna-sequencing-(rna-seq)_Illumina,RR23_LVR_FLT_F2,Mus musculus,C57BL/6J,Jackson Laboratory,16-17 {week},Male,Left Lobe of the Liver,Space Flight,,transcription profiling,RNA Sequencing (RNA-Seq),,Rodent Flight Hardware (Transporter and Habitat),38 {day},12 h light: 12 h dark. Lights on at 7:00 GMT,Nutrient Upgraded Rodent Food Bar (NuRFB),ad libitum,Hut,"Bilateral thoracotomy with sedation, Cardiac puncture, Inhalation of Isoflurane",,,,Liquid Nitrogen,-80 {degree Celsius},,,,,,,OSD-463_transcription-profiling_rna-sequencing-(rna-seq)_Illumina,transcription profiling,RNA Sequencing (RNA-Seq),Mus musculus,unknown,rna sequencing (rna-seq),,0,1,0,GLDS-463_rna_seq_STAR_Unnormalized_Counts_GLbulkRNAseq.csv,data/osdr/raw/GLDS-463_rna_seq_STAR_Unnormalized_Counts_GLbulkRNAseq.csv,RR23_LVR_FLT_F2,selected
OSD-463,OSD-463_transcription-profiling_rna-sequencing-(rna-seq)_Illumina,RR23_LVR_FLT_F3,Mus musculus,C57BL/6J,Jackson Laboratory,16-17 {week},Male,Left Lobe of the Liver,Space Flight,,transcription profiling,RNA Sequencing (RNA-Seq),,Rodent Flight Hardware (Transporter and Habitat),38 {day},12 h light: 12 h dark. Lights on at 7:00 GMT,Nutrient Upgraded Rodent Food Bar (NuRFB),ad libitum,Hut,"Bilateral thoracotomy with sedation, Cardiac puncture, Inhalation of Isoflurane",,,,Liquid Nitrogen,-80 {degree Celsius},,,,,,,OSD-463_transcription-profiling_rna-sequencing-(rna-seq)_Illumina,transcription profiling,RNA Sequencing (RNA-Seq),Mus musculus,unknown,rna sequencing (rna-seq),,0,1,0,GLDS-463_rna_seq_STAR_Unnormalized_Counts_GLbulkRNAseq.csv,data/osdr/raw/GLDS-463_rna_seq_STAR_Unnormalized_Counts_GLbulkRNAseq.csv,RR23_LVR_FLT_F3,selected
OSD-463,OSD-463_transcription-profiling_rna-sequencing-(rna-seq)_Illumina,RR23_LVR_FLT_F4,Mus musculus,C57BL/6J,Jackson Laboratory,16-17 {week},Male,Left Lobe of the Liver,Space Flight,,transcription profiling,RNA Sequencing (RNA-Seq),,Rodent Flight Hardware (Transporter and Habitat),38 {day},12 h light: 12 h dark. Lights on at 7:00 GMT,Nutrient Upgraded Rodent Food Bar (NuRFB),ad libitum,Hut,"Bilateral thoracotomy with sedation, Cardiac puncture, Inhalation of Isoflurane",,,,Liquid Nitrogen,-80 {degree Celsius},,,,,,,OSD-463_transcription-profiling_rna-sequencing-(rna-seq)_Illumina,transcription profiling,RNA Sequencing (RNA-Seq),Mus musculus,unknown,rna sequencing (rna-seq),,0,1,0,GLDS-463_rna_seq_STAR_Unnormalized_Counts_GLbulkRNAseq.csv,data/osdr/raw/GLDS-463_rna_seq_STAR_Unnormalized_Counts_GLbulkRNAseq.csv,RR23_LVR_FLT_F4,selected
OSD-463,OSD-463_transcription-profiling_rna-sequencing-(rna-seq)_Illumina,RR23_LVR_FLT_F5,Mus musculus,C57BL/6J,Jackson Laboratory,16-17 {week},Male,Left Lobe of the Liver,Space Flight,,transcription profiling,RNA Sequencing (RNA-Seq),,Rodent Flight Hardware (Transporter and Habitat),38 {day},12 h light: 12 h dark. Lights on at 7:00 GMT,Nutrient Upgraded Rodent Food Bar (NuRFB),ad libitum,Hut,"Bilateral thoracotomy with sedation, Cardiac puncture, Inhalation of Isoflurane",,,,Liquid Nitrogen,-80 {degree Celsius},,,,,,,OSD-463_transcription-profiling_rna-sequencing-(rna-seq)_Illumina,transcription profiling,RNA Sequencing (RNA-Seq),Mus musculus,unknown,rna sequencing (rna-seq),,0,1,0,GLDS-463_rna_seq_STAR_Unnormalized_Counts_GLbulkRNAseq.csv,data/osdr/raw/GLDS-463_rna_seq_STAR_Unnormalized_Counts_GLbulkRNAseq.csv,RR23_LVR_FLT_F5,selected
OSD-463,OSD-463_transcription-profiling_rna-sequencing-(rna-seq)_Illumina,RR23_LVR_FLT_F6,Mus musculus,C57BL/6J,Jackson Laboratory,16-17 {week},Male,Left Lobe of the Liver,Space Flight,,transcription profiling,RNA Sequencing (RNA-Seq),,Rodent Flight Hardware (Transporter and Habitat),38 {day},12 h light: 12 h dark. Lights on at 7:00 GMT,Nutrient Upgraded Rodent Food Bar (NuRFB),ad libitum,Hut,"Bilateral thoracotomy with sedation, Cardiac puncture, Inhalation of Isoflurane",,,,Liquid Nitrogen,-80 {degree Celsius},,,,,,,OSD-463_transcription-profiling_rna-sequencing-(rna-seq)_Illumina,transcription profiling,RNA Sequencing (RNA-Seq),Mus musculus,unknown,rna sequencing (rna-seq),,0,1,0,GLDS-463_rna_seq_STAR_Unnormalized_Counts_GLbulkRNAseq.csv,data/osdr/raw/GLDS-463_rna_seq_STAR_Unnormalized_Counts_GLbulkRNAseq.csv,RR23_LVR_FLT_F6,selected
OSD-463,OSD-463_transcription-profiling_rna-sequencing-(rna-seq)_Illumina,RR23_LVR_FLT_F7_techrep1,Mus musculus,C57BL/6J,Jackson Laboratory,16-17 {week},Male,Left Lobe of the Liver,Space Flight,,transcription profiling,RNA Sequencing (RNA-Seq),,Rodent Flight Hardware (Transporter and Habitat),38 {day},12 h light: 12 h dark. Lights on at 7:00 GMT,Nutrient Upgraded Rodent Food Bar (NuRFB),ad libitum,Hut,"Bilateral thoracotomy with sedation, Cardiac puncture, Inhalation of Isoflurane",,,,Liquid Nitrogen,-80 {degree Celsius},,,,,,,OSD-463_transcription-profiling_rna-sequencing-(rna-seq)_Illumina,transcription profiling,RNA Sequencing (RNA-Seq),Mus musculus,unknown,rna sequencing (rna-seq),,0,1,0,GLDS-463_rna_seq_STAR_Unnormalized_Counts_GLbulkRNAseq.csv,data/osdr/raw/GLDS-463_rna_seq_STAR_Unnormalized_Counts_GLbulkRNAseq.csv,RR23_LVR_FLT_F7_techrep1,eligible_not_selected_by_fixed_cap
OSD-463,OSD-463_transcription-profiling_rna-sequencing-(rna-seq)_Illumina,RR23_LVR_FLT_F7_techrep2,Mus musculus,C57BL/6J,Jackson Laboratory,16-17 {week},Male,Left Lobe of the Liver,Space Flight,,transcription profiling,RNA Sequencing (RNA-Seq),,Rodent Flight Hardware (Transporter and Habitat),38 {day},12 h light: 12 h dark. Lights on at 7:00 GMT,Nutrient Upgraded Rodent Food Bar (NuRFB),ad libitum,Hut,"Bilateral thoracotomy with sedation, Cardiac puncture, Inhalation of Isoflurane",,,,Liquid Nitrogen,-80 {degree Celsius},,,,,,,OSD-463_transcription-profiling_rna-sequencing-(rna-seq)_Illumina,transcription profiling,RNA Sequencing (RNA-Seq),Mus musculus,unknown,rna sequencing (rna-seq),,0,1,0,GLDS-463_rna_seq_STAR_Unnormalized_Counts_GLbulkRNAseq.csv,data/osdr/raw/GLDS-463_rna_seq_STAR_Unnormalized_Counts_GLbulkRNAseq.csv,RR23_LVR_FLT_F7_techrep2,outside_selected_subgroup_or_control
OSD-463,OSD-463_transcription-profiling_rna-sequencing-(rna-seq)_Illumina,RR23_LVR_FLT_F8_techrep1,Mus musculus,C57BL/6J,Jackson Laboratory,16-17 {week},Male,Left Lobe of the Liver,Space Flight,,transcription profiling,RNA Sequencing (RNA-Seq),,Rodent Flight Hardware (Transporter and Habitat),38 {day},12 h light: 12 h dark. Lights on at 7:00 GMT,Nutrient Upgraded Rodent Food Bar (NuRFB),ad libitum,Hut,"Bilateral thoracotomy with sedation, Cardiac puncture, Inhalation of Isoflurane",,,,Liquid Nitrogen,-80 {degree Celsius},,,,,,,OSD-463_transcription-profiling_rna-sequencing-(rna-seq)_Illumina,transcription profiling,RNA Sequencing (RNA-Seq),Mus musculus,unknown,rna sequencing (rna-seq),,0,1,0,GLDS-463_rna_seq_STAR_Unnormalized_Counts_GLbulkRNAseq.csv,data/osdr/raw/GLDS-463_rna_seq_STAR_Unnormalized_Counts_GLbulkRNAseq.csv,RR23_LVR_FLT_F8_techrep1,eligible_not_selected_by_fixed_cap
OSD-463,OSD-463_transcription-profiling_rna-sequencing-(rna-seq)_Illumina,RR23_LVR_FLT_F8_techrep2,Mus musculus,C57BL/6J,Jackson Laboratory,16-17 {week},Male,Left Lobe of the Liver,Space Flight,,transcription profiling,RNA Sequencing (RNA-Seq),,Rodent Flight Hardware (Transporter and Habitat),38 {day},12 h light: 12 h dark. Lights on at 7:00 GMT,Nutrient Upgraded Rodent Food Bar (NuRFB),ad libitum,Hut,"Bilateral thoracotomy with sedation, Cardiac puncture, Inhalation of Isoflurane",,,,Liquid Nitrogen,-80 {degree Celsius},,,,,,,OSD-463_transcription-profiling_rna-sequencing-(rna-seq)_Illumina,transcription profiling,RNA Sequencing (RNA-Seq),Mus musculus,unknown,rna sequencing (rna-seq),,0,1,0,GLDS-463_rna_seq_STAR_Unnormalized_Counts_GLbulkRNAseq.csv,data/osdr/raw/GLDS-463_rna_seq_STAR_Unnormalized_Counts_GLbulkRNAseq.csv,RR23_LVR_FLT_F8_techrep2,outside_selected_subgroup_or_control
OSD-463,OSD-463_transcription-profiling_rna-sequencing-(rna-seq)_Illumina,RR23_LVR_FLT_F8_techrep3,Mus musculus,C57BL/6J,Jackson Laboratory,16-17 {week},Male,Left Lobe of the Liver,Space Flight,,transcription profiling,RNA Sequencing (RNA-Seq),,Rodent Flight Hardware (Transporter and Habitat),38 {day},12 h light: 12 h dark. Lights on at 7:00 GMT,Nutrient Upgraded Rodent Food Bar (NuRFB),ad libitum,Hut,"Bilateral thoracotomy with sedation, Cardiac puncture, Inhalation of Isoflurane",,,,Liquid Nitrogen,-80 {degree Celsius},,,,,,,OSD-463_transcription-profiling_rna-sequencing-(rna-seq)_Illumina,transcription profiling,RNA Sequencing (RNA-Seq),Mus musculus,unknown,rna sequencing (rna-seq),,0,1,0,GLDS-463_rna_seq_STAR_Unnormalized_Counts_GLbulkRNAseq.csv,data/osdr/raw/GLDS-463_rna_seq_STAR_Unnormalized_Counts_GLbulkRNAseq.csv,RR23_LVR_FLT_F8_techrep3,outside_selected_subgroup_or_control
OSD-463,OSD-463_transcription-profiling_rna-sequencing-(rna-seq)_Illumina,RR23_LVR_FLT_F9,Mus musculus,C57BL/6J,Jackson Laboratory,16-17 {week},Male,Left Lobe of the Liver,Space Flight,,transcription profiling,RNA Sequencing (RNA-Seq),,Rodent Flight Hardware (Transporter and Habitat),38 {day},12 h light: 12 h dark. Lights on at 7:00 GMT,Nutrient Upgraded Rodent Food Bar (NuRFB),ad libitum,Hut,"Bilateral thoracotomy with sedation, Cardiac puncture, Inhalation of Isoflurane",,,,Liquid Nitrogen,-80 {degree Celsius},,,,,,,OSD-463_transcription-profiling_rna-sequencing-(rna-seq)_Illumina,transcription profiling,RNA Sequencing (RNA-Seq),Mus musculus,unknown,rna sequencing (rna-seq),,0,1,0,GLDS-463_rna_seq_STAR_Unnormalized_Counts_GLbulkRNAseq.csv,data/osdr/raw/GLDS-463_rna_seq_STAR_Unnormalized_Counts_GLbulkRNAseq.csv,RR23_LVR_FLT_F9,eligible_not_selected_by_fixed_cap
OSD-463,OSD-463_transcription-profiling_rna-sequencing-(rna-seq)_Illumina,RR23_LVR_GC_G1_techrep1,Mus musculus,C57BL/6J,Jackson Laboratory,16-17 {week},Male,Left Lobe of the Liver,Ground Control,,transcription profiling,RNA Sequencing (RNA-Seq),,Rodent Flight Hardware (Transporter and Habitat),38 {day},12 h light: 12 h dark. Lights on at 7:00 GMT,Nutrient Upgraded Rodent Food Bar (NuRFB),ad libitum,Hut,"Bilateral thoracotomy with sedation, Cardiac puncture, Inhalation of Isoflurane",,,,Liquid Nitrogen,-80 {degree Celsius},,,,,,,OSD-463_transcription-profiling_rna-sequencing-(rna-seq)_Illumina,transcription profiling,RNA Sequencing (RNA-Seq),Mus musculus,unknown,rna sequencing (rna-seq),,0,1,0,GLDS-463_rna_seq_STAR_Unnormalized_Counts_GLbulkRNAseq.csv,data/osdr/raw/GLDS-463_rna_seq_STAR_Unnormalized_Counts_GLbulkRNAseq.csv,RR23_LVR_GC_G1_techrep1,selected
OSD-463,OSD-463_transcription-profiling_rna-sequencing-(rna-seq)_Illumina,RR23_LVR_GC_G1_techrep2,Mus musculus,C57BL/6J,Jackson Laboratory,16-17 {week},Male,Left Lobe of the Liver,Ground Control,,transcription profiling,RNA Sequencing (RNA-Seq),,Rodent Flight Hardware (Transporter and Habitat),38 {day},12 h light: 12 h dark. Lights on at 7:00 GMT,Nutrient Upgraded Rodent Food Bar (NuRFB),ad libitum,Hut,"Bilateral thoracotomy with sedation, Cardiac puncture, Inhalation of Isoflurane",,,,Liquid Nitrogen,-80 {degree Celsius},,,,,,,OSD-463_transcription-profiling_rna-sequencing-(rna-seq)_Illumina,transcription profiling,RNA Sequencing (RNA-Seq),Mus musculus,unknown,rna sequencing (rna-seq),,0,1,0,GLDS-463_rna_seq_STAR_Unnormalized_Counts_GLbulkRNAseq.csv,data/osdr/raw/GLDS-463_rna_seq_STAR_Unnormalized_Counts_GLbulkRNAseq.csv,RR23_LVR_GC_G1_techrep2,outside_selected_subgroup_or_control
OSD-463,OSD-463_transcription-profiling_rna-sequencing-(rna-seq)_Illumina,RR23_LVR_GC_G2,Mus musculus,C57BL/6J,Jackson Laboratory,16-17 {week},Male,Left Lobe of the Liver,Ground Control,,transcription profiling,RNA Sequencing (RNA-Seq),,Rodent Flight Hardware (Transporter and Habitat),38 {day},12 h light: 12 h dark. Lights on at 7:00 GMT,Nutrient Upgraded Rodent Food Bar (NuRFB),ad libitum,Hut,"Bilateral thoracotomy with sedation, Cardiac puncture, Inhalation of Isoflurane",,,,Liquid Nitrogen,-80 {degree Celsius},,,,,,,OSD-463_transcription-profiling_rna-sequencing-(rna-seq)_Illumina,transcription profiling,RNA Sequencing (RNA-Seq),Mus musculus,unknown,rna sequencing (rna-seq),,0,1,0,GLDS-463_rna_seq_STAR_Unnormalized_Counts_GLbulkRNAseq.csv,data/osdr/raw/GLDS-463_rna_seq_STAR_Unnormalized_Counts_GLbulkRNAseq.csv,RR23_LVR_GC_G2,selected
OSD-463,OSD-463_transcription-profiling_rna-sequencing-(rna-seq)_Illumina,RR23_LVR_GC_G3,Mus musculus,C57BL/6J,Jackson Laboratory,16-17 {week},Male,Left Lobe of the Liver,Ground Control,,transcription profiling,RNA Sequencing (RNA-Seq),,Rodent Flight Hardware (Transporter and Habitat),38 {day},12 h light: 12 h dark. Lights on at 7:00 GMT,Nutrient Upgraded Rodent Food Bar (NuRFB),ad libitum,Hut,"Bilateral thoracotomy with sedation, Cardiac puncture, Inhalation of Isoflurane",,,,Liquid Nitrogen,-80 {degree Celsius},,,,,,,OSD-463_transcription-profiling_rna-sequencing-(rna-seq)_Illumina,transcription profiling,RNA Sequencing (RNA-Seq),Mus musculus,unknown,rna sequencing (rna-seq),,0,1,0,GLDS-463_rna_seq_STAR_Unnormalized_Counts_GLbulkRNAseq.csv,data/osdr/raw/GLDS-463_rna_seq_STAR_Unnormalized_Counts_GLbulkRNAseq.csv,RR23_LVR_GC_G3,selected
OSD-463,OSD-463_transcription-profiling_rna-sequencing-(rna-seq)_Illumina,RR23_LVR_GC_G4,Mus musculus,C57BL/6J,Jackson Laboratory,16-17 {week},Male,Left Lobe of the Liver,Ground Control,,transcription profiling,RNA Sequencing (RNA-Seq),,Rodent Flight Hardware (Transporter and Habitat),38 {day},12 h light: 12 h dark. Lights on at 7:00 GMT,Nutrient Upgraded Rodent Food Bar (NuRFB),ad libitum,Hut,"Bilateral thoracotomy with sedation, Cardiac puncture, Inhalation of Isoflurane",,,,Liquid Nitrogen,-80 {degree Celsius},,,,,,,OSD-463_transcription-profiling_rna-sequencing-(rna-seq)_Illumina,transcription profiling,RNA Sequencing (RNA-Seq),Mus musculus,unknown,rna sequencing (rna-seq),,0,1,0,GLDS-463_rna_seq_STAR_Unnormalized_Counts_GLbulkRNAseq.csv,data/osdr/raw/GLDS-463_rna_seq_STAR_Unnormalized_Counts_GLbulkRNAseq.csv,RR23_LVR_GC_G4,selected
OSD-463,OSD-463_transcription-profiling_rna-sequencing-(rna-seq)_Illumina,RR23_LVR_GC_G5,Mus musculus,C57BL/6J,Jackson Laboratory,16-17 {week},Male,Left Lobe of the Liver,Ground Control,,transcription profiling,RNA Sequencing (RNA-Seq),,Rodent Flight Hardware (Transporter and Habitat),38 {day},12 h light: 12 h dark. Lights on at 7:00 GMT,Nutrient Upgraded Rodent Food Bar (NuRFB),ad libitum,Hut,"Bilateral thoracotomy with sedation, Cardiac puncture, Inhalation of Isoflurane",,,,Liquid Nitrogen,-80 {degree Celsius},,,,,,,OSD-463_transcription-profiling_rna-sequencing-(rna-seq)_Illumina,transcription profiling,RNA Sequencing (RNA-Seq),Mus musculus,unknown,rna sequencing (rna-seq),,0,1,0,GLDS-463_rna_seq_STAR_Unnormalized_Counts_GLbulkRNAseq.csv,data/osdr/raw/GLDS-463_rna_seq_STAR_Unnormalized_Counts_GLbulkRNAseq.csv,RR23_LVR_GC_G5,selected
OSD-463,OSD-463_transcription-profiling_rna-sequencing-(rna-seq)_Illumina,RR23_LVR_GC_G6,Mus musculus,C57BL/6J,Jackson Laboratory,16-17 {week},Male,Left Lobe of the Liver,Ground Control,,transcription profiling,RNA Sequencing (RNA-Seq),,Rodent Flight Hardware (Transporter and Habitat),38 {day},12 h light: 12 h dark. Lights on at 7:00 GMT,Nutrient Upgraded Rodent Food Bar (NuRFB),ad libitum,Hut,"Bilateral thoracotomy with sedation, Cardiac puncture, Inhalation of Isoflurane",,,,Liquid Nitrogen,-80 {degree Celsius},,,,,,,OSD-463_transcription-profiling_rna-sequencing-(rna-seq)_Illumina,transcription profiling,RNA Sequencing (RNA-Seq),Mus musculus,unknown,rna sequencing (rna-seq),,0,1,0,GLDS-463_rna_seq_STAR_Unnormalized_Counts_GLbulkRNAseq.csv,data/osdr/raw/GLDS-463_rna_seq_STAR_Unnormalized_Counts_GLbulkRNAseq.csv,RR23_LVR_GC_G6,selected
OSD-463,OSD-463_transcription-profiling_rna-sequencing-(rna-seq)_Illumina,RR23_LVR_GC_G7,Mus musculus,C57BL/6J,Jackson Laboratory,16-17 {week},Male,Left Lobe of the Liver,Ground Control,,transcription profiling,RNA Sequencing (RNA-Seq),,Rodent Flight Hardware (Transporter and Habitat),38 {day},12 h light: 12 h dark. Lights on at 7:00 GMT,Nutrient Upgraded Rodent Food Bar (NuRFB),ad libitum,Hut,"Bilateral thoracotomy with sedation, Cardiac puncture, Inhalation of Isoflurane",,,,Liquid Nitrogen,-80 {degree Celsius},,,,,,,OSD-463_transcription-profiling_rna-sequencing-(rna-seq)_Illumina,transcription profiling,RNA Sequencing (RNA-Seq),Mus musculus,unknown,rna sequencing (rna-seq),,0,1,0,GLDS-463_rna_seq_STAR_Unnormalized_Counts_GLbulkRNAseq.csv,data/osdr/raw/GLDS-463_rna_seq_STAR_Unnormalized_Counts_GLbulkRNAseq.csv,RR23_LVR_GC_G7,eligible_not_selected_by_fixed_cap
OSD-463,OSD-463_transcription-profiling_rna-sequencing-(rna-seq)_Illumina,RR23_LVR_GC_G8,Mus musculus,C57BL/6J,Jackson Laboratory,16-17 {week},Male,Left Lobe of the Liver,Ground Control,,transcription profiling,RNA Sequencing (RNA-Seq),,Rodent Flight Hardware (Transporter and Habitat),38 {day},12 h light: 12 h dark. Lights on at 7:00 GMT,Nutrient Upgraded Rodent Food Bar (NuRFB),ad libitum,Hut,"Bilateral thoracotomy with sedation, Cardiac puncture, Inhalation of Isoflurane",,,,Liquid Nitrogen,-80 {degree Celsius},,,,,,,OSD-463_transcription-profiling_rna-sequencing-(rna-seq)_Illumina,transcription profiling,RNA Sequencing (RNA-Seq),Mus musculus,unknown,rna sequencing (rna-seq),,0,1,0,GLDS-463_rna_seq_STAR_Unnormalized_Counts_GLbulkRNAseq.csv,data/osdr/raw/GLDS-463_rna_seq_STAR_Unnormalized_Counts_GLbulkRNAseq.csv,RR23_LVR_GC_G8,eligible_not_selected_by_fixed_cap
OSD-463,OSD-463_transcription-profiling_rna-sequencing-(rna-seq)_Illumina,RR23_LVR_GC_G9,Mus musculus,C57BL/6J,Jackson Laboratory,16-17 {week},Male,Left Lobe of the Liver,Ground Control,,transcription profiling,RNA Sequencing (RNA-Seq),,Rodent Flight Hardware (Transporter and Habitat),38 {day},12 h light: 12 h dark. Lights on at 7:00 GMT,Nutrient Upgraded Rodent Food Bar (NuRFB),ad libitum,Hut,"Bilateral thoracotomy with sedation, Cardiac puncture, Inhalation of Isoflurane",,,,Liquid Nitrogen,-80 {degree Celsius},,,,,,,OSD-463_transcription-profiling_rna-sequencing-(rna-seq)_Illumina,transcription profiling,RNA Sequencing (RNA-Seq),Mus musculus,unknown,rna sequencing (rna-seq),,0,1,0,GLDS-463_rna_seq_STAR_Unnormalized_Counts_GLbulkRNAseq.csv,data/osdr/raw/GLDS-463_rna_seq_STAR_Unnormalized_Counts_GLbulkRNAseq.csv,RR23_LVR_GC_G9,eligible_not_selected_by_fixed_cap
OSD-463,OSD-463_transcription-profiling_rna-sequencing-(rna-seq)_Illumina,RR23_LVR_VIV_V1,Mus musculus,C57BL/6J,Jackson Laboratory,16-17 {week},Male,Left Lobe of the Liver,Vivarium Control,,transcription profiling,RNA Sequencing (RNA-Seq),,Standard Vivarium Cage,38 {day},12 h light: 12 h dark. Lights on at 7:00 GMT,Nutrient Upgraded Rodent Food Bar (NuRFB),ad libitum,Igloo,"Bilateral thoracotomy with sedation, Cardiac puncture, Inhalation of Isoflurane",,,,Liquid Nitrogen,-80 {degree Celsius},,,,,,,OSD-463_transcription-profiling_rna-sequencing-(rna-seq)_Illumina,transcription profiling,RNA Sequencing (RNA-Seq),Mus musculus,unknown,rna sequencing (rna-seq),,0,1,0,GLDS-463_rna_seq_STAR_Unnormalized_Counts_GLbulkRNAseq.csv,data/osdr/raw/GLDS-463_rna_seq_STAR_Unnormalized_Counts_GLbulkRNAseq.csv,RR23_LVR_VIV_V1,outside_selected_subgroup_or_control
OSD-463,OSD-463_transcription-profiling_rna-sequencing-(rna-seq)_Illumina,RR23_LVR_VIV_V2,Mus musculus,C57BL/6J,Jackson Laboratory,16-17 {week},Male,Left Lobe of the Liver,Vivarium Control,,transcription profiling,RNA Sequencing (RNA-Seq),,Standard Vivarium Cage,38 {day},12 h light: 12 h dark. Lights on at 7:00 GMT,Nutrient Upgraded Rodent Food Bar (NuRFB),ad libitum,Igloo,"Bilateral thoracotomy with sedation, Cardiac puncture, Inhalation of Isoflurane",,,,Liquid Nitrogen,-80 {degree Celsius},,,,,,,OSD-463_transcription-profiling_rna-sequencing-(rna-seq)_Illumina,transcription profiling,RNA Sequencing (RNA-Seq),Mus musculus,unknown,rna sequencing (rna-seq),,0,1,0,GLDS-463_rna_seq_STAR_Unnormalized_Counts_GLbulkRNAseq.csv,data/osdr/raw/GLDS-463_rna_seq_STAR_Unnormalized_Counts_GLbulkRNAseq.csv,RR23_LVR_VIV_V2,outside_selected_subgroup_or_control
OSD-463,OSD-463_transcription-profiling_rna-sequencing-(rna-seq)_Illumina,RR23_LVR_VIV_V3,Mus musculus,C57BL/6J,Jackson Laboratory,16-17 {week},Male,Left Lobe of the Liver,Vivarium Control,,transcription profiling,RNA Sequencing (RNA-Seq),,Standard Vivarium Cage,38 {day},12 h light: 12 h dark. Lights on at 7:00 GMT,Nutrient Upgraded Rodent Food Bar (NuRFB),ad libitum,Igloo,"Bilateral thoracotomy with sedation, Cardiac puncture, Inhalation of Isoflurane",,,,Liquid Nitrogen,-80 {degree Celsius},,,,,,,OSD-463_transcription-profiling_rna-sequencing-(rna-seq)_Illumina,transcription profiling,RNA Sequencing (RNA-Seq),Mus musculus,unknown,rna sequencing (rna-seq),,0,1,0,GLDS-463_rna_seq_STAR_Unnormalized_Counts_GLbulkRNAseq.csv,data/osdr/raw/GLDS-463_rna_seq_STAR_Unnormalized_Counts_GLbulkRNAseq.csv,RR23_LVR_VIV_V3,outside_selected_subgroup_or_control
OSD-463,OSD-463_transcription-profiling_rna-sequencing-(rna-seq)_Illumina,RR23_LVR_VIV_V4,Mus musculus,C57BL/6J,Jackson Laboratory,16-17 {week},Male,Left Lobe of the Liver,Vivarium Control,,transcription profiling,RNA Sequencing (RNA-Seq),,Standard Vivarium Cage,38 {day},12 h light: 12 h dark. Lights on at 7:00 GMT,Nutrient Upgraded Rodent Food Bar (NuRFB),ad libitum,Igloo,"Bilateral thoracotomy with sedation, Cardiac puncture, Inhalation of Isoflurane",,,,Liquid Nitrogen,-80 {degree Celsius},,,,,,,OSD-463_transcription-profiling_rna-sequencing-(rna-seq)_Illumina,transcription profiling,RNA Sequencing (RNA-Seq),Mus musculus,unknown,rna sequencing (rna-seq),,0,1,0,GLDS-463_rna_seq_STAR_Unnormalized_Counts_GLbulkRNAseq.csv,data/osdr/raw/GLDS-463_rna_seq_STAR_Unnormalized_Counts_GLbulkRNAseq.csv,RR23_LVR_VIV_V4,outside_selected_subgroup_or_control
OSD-463,OSD-463_transcription-profiling_rna-sequencing-(rna-seq)_Illumina,RR23_LVR_VIV_V5,Mus musculus,C57BL/6J,Jackson Laboratory,16-17 {week},Male,Left Lobe of the Liver,Vivarium Control,,transcription profiling,RNA Sequencing (RNA-Seq),,Standard Vivarium Cage,38 {day},12 h light: 12 h dark. Lights on at 7:00 GMT,Nutrient Upgraded Rodent Food Bar (NuRFB),ad libitum,Igloo,"Bilateral thoracotomy with sedation, Cardiac puncture, Inhalation of Isoflurane",,,,Liquid Nitrogen,-80 {degree Celsius},,,,,,,OSD-463_transcription-profiling_rna-sequencing-(rna-seq)_Illumina,transcription profiling,RNA Sequencing (RNA-Seq),Mus musculus,unknown,rna sequencing (rna-seq),,0,1,0,GLDS-463_rna_seq_STAR_Unnormalized_Counts_GLbulkRNAseq.csv,data/osdr/raw/GLDS-463_rna_seq_STAR_Unnormalized_Counts_GLbulkRNAseq.csv,RR23_LVR_VIV_V5,outside_selected_subgroup_or_control
OSD-463,OSD-463_transcription-profiling_rna-sequencing-(rna-seq)_Illumina,RR23_LVR_VIV_V6,Mus musculus,C57BL/6J,Jackson Laboratory,16-17 {week},Male,Left Lobe of the Liver,Vivarium Control,,transcription profiling,RNA Sequencing (RNA-Seq),,Standard Vivarium Cage,38 {day},12 h light: 12 h dark. Lights on at 7:00 GMT,Nutrient Upgraded Rodent Food Bar (NuRFB),ad libitum,Igloo,"Bilateral thoracotomy with sedation, Cardiac puncture, Inhalation of Isoflurane",,,,Liquid Nitrogen,-80 {degree Celsius},,,,,,,OSD-463_transcription-profiling_rna-sequencing-(rna-seq)_Illumina,transcription profiling,RNA Sequencing (RNA-Seq),Mus musculus,unknown,rna sequencing (rna-seq),,0,1,0,GLDS-463_rna_seq_STAR_Unnormalized_Counts_GLbulkRNAseq.csv,data/osdr/raw/GLDS-463_rna_seq_STAR_Unnormalized_Counts_GLbulkRNAseq.csv,RR23_LVR_VIV_V6,outside_selected_subgroup_or_control
OSD-463,OSD-463_transcription-profiling_rna-sequencing-(rna-seq)_Illumina,RR23_LVR_VIV_V7,Mus musculus,C57BL/6J,Jackson Laboratory,16-17 {week},Male,Left Lobe of the Liver,Vivarium Control,,transcription profiling,RNA Sequencing (RNA-Seq),,Standard Vivarium Cage,38 {day},12 h light: 12 h dark. Lights on at 7:00 GMT,Nutrient Upgraded Rodent Food Bar (NuRFB),ad libitum,Igloo,"Bilateral thoracotomy with sedation, Cardiac puncture, Inhalation of Isoflurane",,,,Liquid Nitrogen,-80 {degree Celsius},,,,,,,OSD-463_transcription-profiling_rna-sequencing-(rna-seq)_Illumina,transcription profiling,RNA Sequencing (RNA-Seq),Mus musculus,unknown,rna sequencing (rna-seq),,0,1,0,GLDS-463_rna_seq_STAR_Unnormalized_Counts_GLbulkRNAseq.csv,data/osdr/raw/GLDS-463_rna_seq_STAR_Unnormalized_Counts_GLbulkRNAseq.csv,RR23_LVR_VIV_V7,outside_selected_subgroup_or_control
OSD-463,OSD-463_transcription-profiling_rna-sequencing-(rna-seq)_Illumina,RR23_LVR_VIV_V8,Mus musculus,C57BL/6J,Jackson Laboratory,16-17 {week},Male,Left Lobe of the Liver,Vivarium Control,,transcription profiling,RNA Sequencing (RNA-Seq),,Standard Vivarium Cage,38 {day},12 h light: 12 h dark. Lights on at 7:00 GMT,Nutrient Upgraded Rodent Food Bar (NuRFB),ad libitum,Igloo,"Bilateral thoracotomy with sedation, Cardiac puncture, Inhalation of Isoflurane",,,,Liquid Nitrogen,-80 {degree Celsius},,,,,,,OSD-463_transcription-profiling_rna-sequencing-(rna-seq)_Illumina,transcription profiling,RNA Sequencing (RNA-Seq),Mus musculus,unknown,rna sequencing (rna-seq),,0,1,0,GLDS-463_rna_seq_STAR_Unnormalized_Counts_GLbulkRNAseq.csv,data/osdr/raw/GLDS-463_rna_seq_STAR_Unnormalized_Counts_GLbulkRNAseq.csv,RR23_LVR_VIV_V8,outside_selected_subgroup_or_control
OSD-463,OSD-463_transcription-profiling_rna-sequencing-(rna-seq)_Illumina,RR23_LVR_VIV_V9,Mus musculus,C57BL/6J,Jackson Laboratory,16-17 {week},Male,Left Lobe of the Liver,Vivarium Control,,transcription profiling,RNA Sequencing (RNA-Seq),,Standard Vivarium Cage,38 {day},12 h light: 12 h dark. Lights on at 7:00 GMT,Nutrient Upgraded Rodent Food Bar (NuRFB),ad libitum,Igloo,"Bilateral thoracotomy with sedation, Cardiac puncture, Inhalation of Isoflurane",,,,Liquid Nitrogen,-80 {degree Celsius},,,,,,,OSD-463_transcription-profiling_rna-sequencing-(rna-seq)_Illumina,transcription profiling,RNA Sequencing (RNA-Seq),Mus musculus,unknown,rna sequencing (rna-seq),,0,1,0,GLDS-463_rna_seq_STAR_Unnormalized_Counts_GLbulkRNAseq.csv,data/osdr/raw/GLDS-463_rna_seq_STAR_Unnormalized_Counts_GLbulkRNAseq.csv,RR23_LVR_VIV_V9,outside_selected_subgroup_or_control
OSD-48,OSD-48_transcription-profiling_rna-sequencing-(rna-seq)_Illumina,Mmus_C57-6J_LVR_FLT_C_Rep1_M25,Mus musculus,C57BL/6J,Jackson Laboratory,16 {week},Female,Liver,Space Flight,,transcription profiling,RNA Sequencing (RNA-Seq),,Rodent Habitat,37 {day},12 h light/dark cycle,Nutrient Upgraded Rodent Food Bar (NuRFB),ad libitum,,Euthasol,,Mini Cold Bag to -80C freezer,,RLT buffer homogenized and snap frozen,-80 {degree Celsius},,,,,,,OSD-48_transcription-profiling_rna-sequencing-(rna-seq)_Illumina,transcription profiling,RNA Sequencing (RNA-Seq),Mus musculus,unknown,rna sequencing (rna-seq),,0,1,0,GLDS-48_rna_seq_STAR_Unnormalized_Counts_GLbulkRNAseq.csv,data/osdr/raw/GLDS-48_rna_seq_STAR_Unnormalized_Counts_GLbulkRNAseq.csv,Mmus_C57-6J_LVR_FLT_C_Rep1_M25,selected
OSD-48,OSD-48_transcription-profiling_rna-sequencing-(rna-seq)_Illumina,Mmus_C57-6J_LVR_FLT_C_Rep2_M26,Mus musculus,C57BL/6J,Jackson Laboratory,16 {week},Female,Liver,Space Flight,,transcription profiling,RNA Sequencing (RNA-Seq),,Rodent Habitat,37 {day},12 h light/dark cycle,Nutrient Upgraded Rodent Food Bar (NuRFB),ad libitum,,Euthasol,,Mini Cold Bag to -80C freezer,,RLT buffer homogenized and snap frozen,-80 {degree Celsius},,,,,,,OSD-48_transcription-profiling_rna-sequencing-(rna-seq)_Illumina,transcription profiling,RNA Sequencing (RNA-Seq),Mus musculus,unknown,rna sequencing (rna-seq),,0,1,0,GLDS-48_rna_seq_STAR_Unnormalized_Counts_GLbulkRNAseq.csv,data/osdr/raw/GLDS-48_rna_seq_STAR_Unnormalized_Counts_GLbulkRNAseq.csv,Mmus_C57-6J_LVR_FLT_C_Rep2_M26,selected
OSD-48,OSD-48_transcription-profiling_rna-sequencing-(rna-seq)_Illumina,Mmus_C57-6J_LVR_FLT_C_Rep3_M27,Mus musculus,C57BL/6J,Jackson Laboratory,16 {week},Female,Liver,Space Flight,,transcription profiling,RNA Sequencing (RNA-Seq),,Rodent Habitat,37 {day},12 h light/dark cycle,Nutrient Upgraded Rodent Food Bar (NuRFB),ad libitum,,Euthasol,,Mini Cold Bag to -80C freezer,,RLT buffer homogenized and snap frozen,-80 {degree Celsius},,,,,,,OSD-48_transcription-profiling_rna-sequencing-(rna-seq)_Illumina,transcription profiling,RNA Sequencing (RNA-Seq),Mus musculus,unknown,rna sequencing (rna-seq),,0,1,0,GLDS-48_rna_seq_STAR_Unnormalized_Counts_GLbulkRNAseq.csv,data/osdr/raw/GLDS-48_rna_seq_STAR_Unnormalized_Counts_GLbulkRNAseq.csv,Mmus_C57-6J_LVR_FLT_C_Rep3_M27,selected
OSD-48,OSD-48_transcription-profiling_rna-sequencing-(rna-seq)_Illumina,Mmus_C57-6J_LVR_FLT_C_Rep4_M28,Mus musculus,C57BL/6J,Jackson Laboratory,16 {week},Female,Liver,Space Flight,,transcription profiling,RNA Sequencing (RNA-Seq),,Rodent Habitat,37 {day},12 h light/dark cycle,Nutrient Upgraded Rodent Food Bar (NuRFB),ad libitum,,Euthasol,,Mini Cold Bag to -80C freezer,,RLT buffer homogenized and snap frozen,-80 {degree Celsius},,,,,,,OSD-48_transcription-profiling_rna-sequencing-(rna-seq)_Illumina,transcription profiling,RNA Sequencing (RNA-Seq),Mus musculus,unknown,rna sequencing (rna-seq),,0,1,0,GLDS-48_rna_seq_STAR_Unnormalized_Counts_GLbulkRNAseq.csv,data/osdr/raw/GLDS-48_rna_seq_STAR_Unnormalized_Counts_GLbulkRNAseq.csv,Mmus_C57-6J_LVR_FLT_C_Rep4_M28,selected
OSD-48,OSD-48_transcription-profiling_rna-sequencing-(rna-seq)_Illumina,Mmus_C57-6J_LVR_FLT_C_Rep5_M30,Mus musculus,C57BL/6J,Jackson Laboratory,16 {week},Female,Liver,Space Flight,,transcription profiling,RNA Sequencing (RNA-Seq),,Rodent Habitat,37 {day},12 h light/dark cycle,Nutrient Upgraded Rodent Food Bar (NuRFB),ad libitum,,Euthasol,,Mini Cold Bag to -80C freezer,,RLT buffer homogenized and snap frozen,-80 {degree Celsius},,,,,,,OSD-48_transcription-profiling_rna-sequencing-(rna-seq)_Illumina,transcription profiling,RNA Sequencing (RNA-Seq),Mus musculus,unknown,rna sequencing (rna-seq),,0,1,0,GLDS-48_rna_seq_STAR_Unnormalized_Counts_GLbulkRNAseq.csv,data/osdr/raw/GLDS-48_rna_seq_STAR_Unnormalized_Counts_GLbulkRNAseq.csv,Mmus_C57-6J_LVR_FLT_C_Rep5_M30,selected
OSD-48,OSD-48_transcription-profiling_rna-sequencing-(rna-seq)_Illumina,Mmus_C57-6J_LVR_FLT_I_Rep1_M21,Mus musculus,C57BL/6J,Jackson Laboratory,16 {week},Female,Liver,Space Flight,,transcription profiling,RNA Sequencing (RNA-Seq),,Rodent Habitat,37 {day},12 h light/dark cycle,Nutrient Upgraded Rodent Food Bar (NuRFB),ad libitum,,Euthasol,,Mini Cold Bag to -80C freezer,,Mini Cold Bag to -80C freezer,-80 {degree Celsius},,,,,,,OSD-48_transcription-profiling_rna-sequencing-(rna-seq)_Illumina,transcription profiling,RNA Sequencing (RNA-Seq),Mus musculus,unknown,rna sequencing (rna-seq),,0,1,0,GLDS-48_rna_seq_STAR_Unnormalized_Counts_GLbulkRNAseq.csv,data/osdr/raw/GLDS-48_rna_seq_STAR_Unnormalized_Counts_GLbulkRNAseq.csv,Mmus_C57-6J_LVR_FLT_I_Rep1_M21,outside_selected_subgroup_or_control
OSD-48,OSD-48_transcription-profiling_rna-sequencing-(rna-seq)_Illumina,Mmus_C57-6J_LVR_FLT_I_Rep2_M22,Mus musculus,C57BL/6J,Jackson Laboratory,16 {week},Female,Liver,Space Flight,,transcription profiling,RNA Sequencing (RNA-Seq),,Rodent Habitat,37 {day},12 h light/dark cycle,Nutrient Upgraded Rodent Food Bar (NuRFB),ad libitum,,Euthasol,,Mini Cold Bag to -80C freezer,,Mini Cold Bag to -80C freezer,-80 {degree Celsius},,,,,,,OSD-48_transcription-profiling_rna-sequencing-(rna-seq)_Illumina,transcription profiling,RNA Sequencing (RNA-Seq),Mus musculus,unknown,rna sequencing (rna-seq),,0,1,0,GLDS-48_rna_seq_STAR_Unnormalized_Counts_GLbulkRNAseq.csv,data/osdr/raw/GLDS-48_rna_seq_STAR_Unnormalized_Counts_GLbulkRNAseq.csv,Mmus_C57-6J_LVR_FLT_I_Rep2_M22,outside_selected_subgroup_or_control
OSD-48,OSD-48_transcription-profiling_rna-sequencing-(rna-seq)_Illumina,Mmus_C57-6J_LVR_GC_C_Rep1_M36,Mus musculus,C57BL/6J,Jackson Laboratory,16 {week},Female,Liver,Ground Control,,transcription profiling,RNA Sequencing (RNA-Seq),,Rodent Habitat,37 {day},12 h light/dark cycle,Nutrient Upgraded Rodent Food Bar (NuRFB),ad libitum,,Euthasol,,Mini Cold Bag to -80C freezer,,RLT buffer homogenized and snap frozen,-80 {degree Celsius},,,,,,,OSD-48_transcription-profiling_rna-sequencing-(rna-seq)_Illumina,transcription profiling,RNA Sequencing (RNA-Seq),Mus musculus,unknown,rna sequencing (rna-seq),,0,1,0,GLDS-48_rna_seq_STAR_Unnormalized_Counts_GLbulkRNAseq.csv,data/osdr/raw/GLDS-48_rna_seq_STAR_Unnormalized_Counts_GLbulkRNAseq.csv,Mmus_C57-6J_LVR_GC_C_Rep1_M36,selected
OSD-48,OSD-48_transcription-profiling_rna-sequencing-(rna-seq)_Illumina,Mmus_C57-6J_LVR_GC_C_Rep2_M37,Mus musculus,C57BL/6J,Jackson Laboratory,16 {week},Female,Liver,Ground Control,,transcription profiling,RNA Sequencing (RNA-Seq),,Rodent Habitat,37 {day},12 h light/dark cycle,Nutrient Upgraded Rodent Food Bar (NuRFB),ad libitum,,Euthasol,,Mini Cold Bag to -80C freezer,,RLT buffer homogenized and snap frozen,-80 {degree Celsius},,,,,,,OSD-48_transcription-profiling_rna-sequencing-(rna-seq)_Illumina,transcription profiling,RNA Sequencing (RNA-Seq),Mus musculus,unknown,rna sequencing (rna-seq),,0,1,0,GLDS-48_rna_seq_STAR_Unnormalized_Counts_GLbulkRNAseq.csv,data/osdr/raw/GLDS-48_rna_seq_STAR_Unnormalized_Counts_GLbulkRNAseq.csv,Mmus_C57-6J_LVR_GC_C_Rep2_M37,selected
OSD-48,OSD-48_transcription-profiling_rna-sequencing-(rna-seq)_Illumina,Mmus_C57-6J_LVR_GC_C_Rep3_M38,Mus musculus,C57BL/6J,Jackson Laboratory,16 {week},Female,Liver,Ground Control,,transcription profiling,RNA Sequencing (RNA-Seq),,Rodent Habitat,37 {day},12 h light/dark cycle,Nutrient Upgraded Rodent Food Bar (NuRFB),ad libitum,,Euthasol,,Mini Cold Bag to -80C freezer,,RLT buffer homogenized and snap frozen,-80 {degree Celsius},,,,,,,OSD-48_transcription-profiling_rna-sequencing-(rna-seq)_Illumina,transcription profiling,RNA Sequencing (RNA-Seq),Mus musculus,unknown,rna sequencing (rna-seq),,0,1,0,GLDS-48_rna_seq_STAR_Unnormalized_Counts_GLbulkRNAseq.csv,data/osdr/raw/GLDS-48_rna_seq_STAR_Unnormalized_Counts_GLbulkRNAseq.csv,Mmus_C57-6J_LVR_GC_C_Rep3_M38,selected
OSD-48,OSD-48_transcription-profiling_rna-sequencing-(rna-seq)_Illumina,Mmus_C57-6J_LVR_GC_C_Rep4_M39,Mus musculus,C57BL/6J,Jackson Laboratory,16 {week},Female,Liver,Ground Control,,transcription profiling,RNA Sequencing (RNA-Seq),,Rodent Habitat,37 {day},12 h light/dark cycle,Nutrient Upgraded Rodent Food Bar (NuRFB),ad libitum,,Euthasol,,Mini Cold Bag to -80C freezer,,RLT buffer homogenized and snap frozen,-80 {degree Celsius},,,,,,,OSD-48_transcription-profiling_rna-sequencing-(rna-seq)_Illumina,transcription profiling,RNA Sequencing (RNA-Seq),Mus musculus,unknown,rna sequencing (rna-seq),,0,1,0,GLDS-48_rna_seq_STAR_Unnormalized_Counts_GLbulkRNAseq.csv,data/osdr/raw/GLDS-48_rna_seq_STAR_Unnormalized_Counts_GLbulkRNAseq.csv,Mmus_C57-6J_LVR_GC_C_Rep4_M39,selected
OSD-48,OSD-48_transcription-profiling_rna-sequencing-(rna-seq)_Illumina,Mmus_C57-6J_LVR_GC_C_Rep5_M40,Mus musculus,C57BL/6J,Jackson Laboratory,16 {week},Female,Liver,Ground Control,,transcription profiling,RNA Sequencing (RNA-Seq),,Rodent Habitat,37 {day},12 h light/dark cycle,Nutrient Upgraded Rodent Food Bar (NuRFB),ad libitum,,Euthasol,,Mini Cold Bag to -80C freezer,,RLT buffer homogenized and snap frozen,-80 {degree Celsius},,,,,,,OSD-48_transcription-profiling_rna-sequencing-(rna-seq)_Illumina,transcription profiling,RNA Sequencing (RNA-Seq),Mus musculus,unknown,rna sequencing (rna-seq),,0,1,0,GLDS-48_rna_seq_STAR_Unnormalized_Counts_GLbulkRNAseq.csv,data/osdr/raw/GLDS-48_rna_seq_STAR_Unnormalized_Counts_GLbulkRNAseq.csv,Mmus_C57-6J_LVR_GC_C_Rep5_M40,selected
OSD-48,OSD-48_transcription-profiling_rna-sequencing-(rna-seq)_Illumina,Mmus_C57-6J_LVR_GC_I_Rep1_M31,Mus musculus,C57BL/6J,Jackson Laboratory,16 {week},Female,Liver,Ground Control,,transcription profiling,RNA Sequencing (RNA-Seq),,Rodent Habitat,37 {day},12 h light/dark cycle,Nutrient Upgraded Rodent Food Bar (NuRFB),ad libitum,,Euthasol,,Mini Cold Bag to -80C freezer,,Mini Cold Bag to -80C freezer,-80 {degree Celsius},,,,,,,OSD-48_transcription-profiling_rna-sequencing-(rna-seq)_Illumina,transcription profiling,RNA Sequencing (RNA-Seq),Mus musculus,unknown,rna sequencing (rna-seq),,0,1,0,GLDS-48_rna_seq_STAR_Unnormalized_Counts_GLbulkRNAseq.csv,data/osdr/raw/GLDS-48_rna_seq_STAR_Unnormalized_Counts_GLbulkRNAseq.csv,Mmus_C57-6J_LVR_GC_I_Rep1_M31,outside_selected_subgroup_or_control
OSD-48,OSD-48_transcription-profiling_rna-sequencing-(rna-seq)_Illumina,Mmus_C57-6J_LVR_GC_I_Rep2_M32,Mus musculus,C57BL/6J,Jackson Laboratory,16 {week},Female,Liver,Ground Control,,transcription profiling,RNA Sequencing (RNA-Seq),,Rodent Habitat,37 {day},12 h light/dark cycle,Nutrient Upgraded Rodent Food Bar (NuRFB),ad libitum,,Euthasol,,Mini Cold Bag to -80C freezer,,Mini Cold Bag to -80C freezer,-80 {degree Celsius},,,,,,,OSD-48_transcription-profiling_rna-sequencing-(rna-seq)_Illumina,transcription profiling,RNA Sequencing (RNA-Seq),Mus musculus,unknown,rna sequencing (rna-seq),,0,1,0,GLDS-48_rna_seq_STAR_Unnormalized_Counts_GLbulkRNAseq.csv,data/osdr/raw/GLDS-48_rna_seq_STAR_Unnormalized_Counts_GLbulkRNAseq.csv,Mmus_C57-6J_LVR_GC_I_Rep2_M32,outside_selected_subgroup_or_control
