contrast,study,species,tissue,setting,source,role,pathway,n_genes,n_source_genes,n_canonical_genes,observed_canonical_fraction,source_set_fraction,status,zscore_shift,mean_log_expression_shift,background_centered_shift,rank_shift,leave_one_min,leave_one_max,leave_one_sign_retention,genes_agreeing_fraction,excluding_MYH1_zscore_shift
GSE113165|old,GSE113165,human,skeletal muscle,bed_rest_analog,existing,primary,TNF-alpha Signaling via NF-kB,184,200,184,1.0,0.92,ok,0.16343072576767667,0.04808986067528953,0.012127347269483314,-3.2576808141800605e-05,0.07797054924888601,0.22478725916207748,1.0,0.6630434782608695,0.16343072576767667
GSE113165|old,GSE113165,human,skeletal muscle,bed_rest_analog,existing,primary,DNA Repair,137,150,137,1.0,0.9133333333333333,ok,0.26009241315661563,0.0492559485953219,0.01329343518951568,0.0012391258006720733,0.15059158596310374,0.3177218701457235,1.0,0.7007299270072993,0.26009241315661563
GSE113165|old,GSE113165,human,skeletal muscle,bed_rest_analog,existing,primary,Myogenesis,190,200,190,1.0,0.95,ok,-0.014435090985467547,-0.010365986340401534,-0.04632849974620775,0.0007569504425435728,-0.05899806127045084,0.014659298206458282,0.6666666666666666,0.4842105263157895,-0.017566952182406875
GSE113165|old,GSE113165,human,skeletal muscle,bed_rest_analog,existing,primary,Unfolded Protein Response,102,113,102,1.0,0.9026548672566371,ok,0.22533699155405484,0.035868810148897534,-9.370325690868236e-05,-0.0005066202853120464,0.114763412851384,0.31251030404173086,1.0,0.6764705882352942,0.22533699155405484
GSE113165|old,GSE113165,human,skeletal muscle,bed_rest_analog,existing,primary,Inflammatory Response,177,200,177,1.0,0.885,ok,0.19362674157460827,0.061132926749953,0.025170413344146783,0.003957176247857778,0.098186759851748,0.27947932761864147,1.0,0.655367231638418,0.19362674157460827
GSE113165|old,GSE113165,human,skeletal muscle,bed_rest_analog,existing,primary,Oxidative Phosphorylation,173,200,173,1.0,0.865,ok,-0.42185036340455984,-0.07696304753106926,-0.11292556093687547,-0.0075393388964197965,-0.503872804740437,-0.33916725758865046,1.0,0.791907514450867,-0.42185036340455984
GSE113165|old,GSE113165,human,skeletal muscle,bed_rest_analog,existing,primary,Reactive Oxygen Species Pathway,44,49,44,1.0,0.8979591836734694,ok,0.17929811255488012,0.07850550013509665,0.04254298672929043,0.007494295121677226,0.05587192224060098,0.2784374375568359,1.0,0.6136363636363636,0.17929811255488012
GSE113165|old,GSE113165,human,skeletal muscle,bed_rest_analog,existing,primary,p53 Pathway,186,200,186,1.0,0.93,ok,0.2896761450807434,0.08597425144419457,0.050011738038388355,0.007759179488493195,0.21458076814191568,0.3767467960185721,1.0,0.6827956989247311,0.2896761450807434
GSE113165|old,GSE113165,human,skeletal muscle,bed_rest_analog,existing,primary,Circadian clock,106,112,106,1.0,0.9464285714285714,ok,0.3821247246686797,0.07431671698138402,0.038354203575577804,0.003964736258577313,0.28428899858686785,0.46490156347235845,1.0,0.7452830188679245,0.3821247246686797
GSE113165|old,GSE113165,human,skeletal muscle,bed_rest_analog,existing,primary,Muscle contraction,192,204,192,1.0,0.9411764705882353,ok,-0.0850452624024966,-0.03452464371124142,-0.07048715711704764,-0.008155425599964608,-0.11954291506200174,-0.027213641919743264,1.0,0.5364583333333334,-0.0850452624024966
GSE113165|young,GSE113165,human,skeletal muscle,bed_rest_analog,existing,primary,TNF-alpha Signaling via NF-kB,184,200,184,1.0,0.92,ok,0.1182696305884547,0.06239979090574003,0.04575849541207281,0.005162000540888963,-0.10355621536231774,0.27217971619356635,0.8333333333333334,0.5978260869565217,0.1182696305884547
GSE113165|young,GSE113165,human,skeletal muscle,bed_rest_analog,existing,primary,DNA Repair,137,150,137,1.0,0.9133333333333333,ok,-0.13550254374141535,-0.02281178236732795,-0.03945307786099517,-0.007905047019561203,-0.19404043324031428,-0.07637033369368502,1.0,0.5474452554744526,-0.13550254374141535
GSE113165|young,GSE113165,human,skeletal muscle,bed_rest_analog,existing,primary,Myogenesis,190,200,190,1.0,0.95,ok,-0.039353047237609205,-0.00871370218759567,-0.02535499768126289,-0.0011916288205957026,-0.10517990337592739,0.05176733603349524,0.6666666666666666,0.48947368421052634,-0.046673038176778814
GSE113165|young,GSE113165,human,skeletal muscle,bed_rest_analog,existing,primary,Unfolded Protein Response,102,113,102,1.0,0.9026548672566371,ok,-0.01820891270005631,0.0007211362663047302,-0.01592015922736249,-0.0017155132743055617,-0.10610352071625569,0.05193745055907685,0.5,0.49019607843137253,-0.01820891270005631
GSE113165|young,GSE113165,human,skeletal muscle,bed_rest_analog,existing,primary,Inflammatory Response,177,200,177,1.0,0.885,ok,0.04013186463825841,0.009480317398597116,-0.007160978095070103,-0.003687563493273982,-0.0963122663378442,0.1584823197155028,0.6666666666666666,0.5423728813559322,0.04013186463825841
GSE113165|young,GSE113165,human,skeletal muscle,bed_rest_analog,existing,primary,Oxidative Phosphorylation,173,200,173,1.0,0.865,ok,-0.8540438497553593,-0.1712081985896264,-0.18784949408329363,-0.012890615835926711,-0.9075883315093618,-0.7613450128808056,1.0,0.9132947976878613,-0.8540438497553593
GSE113165|young,GSE113165,human,skeletal muscle,bed_rest_analog,existing,primary,Reactive Oxygen Species Pathway,44,49,44,1.0,0.8979591836734694,ok,-0.3097399188474495,-0.05700978789139888,-0.0736510833850661,-0.007432884963986142,-0.39179041044245017,-0.2229626766892717,1.0,0.6590909090909091,-0.3097399188474495
GSE113165|young,GSE113165,human,skeletal muscle,bed_rest_analog,existing,primary,p53 Pathway,186,200,186,1.0,0.93,ok,0.007890262465374531,0.009399986495414034,-0.007241308998253185,-0.002069760839495116,-0.09167599038702852,0.11017864650744572,0.5,0.5053763440860215,0.007890262465374531
GSE113165|young,GSE113165,human,skeletal muscle,bed_rest_analog,existing,primary,Circadian clock,106,112,106,1.0,0.9464285714285714,ok,0.08783494632737499,0.033841386179691645,0.017200090686024426,0.004919504596288833,-0.046382864127753075,0.1572499736988445,0.8333333333333334,0.6037735849056604,0.08783494632737499
GSE113165|young,GSE113165,human,skeletal muscle,bed_rest_analog,existing,primary,Muscle contraction,192,204,192,1.0,0.9411764705882353,ok,0.1417495766268095,0.03591115002119394,0.01926985452752672,0.001486355582024812,0.08914617412409506,0.20462467812382532,1.0,0.5729166666666666,0.1417495766268095
GSE126865|all_subjects,GSE126865,human,skeletal muscle,bed_rest_analog,existing,primary,TNF-alpha Signaling via NF-kB,184,200,184,1.0,0.92,ok,0.1562523131735533,0.04152108301692037,0.017414059129220522,0.001258178067530628,-0.1287730552175842,0.44503321955297304,0.6666666666666666,0.5869565217391305,0.1562523131735533
GSE126865|all_subjects,GSE126865,human,skeletal muscle,bed_rest_analog,existing,primary,DNA Repair,137,150,137,1.0,0.9133333333333333,ok,0.33459416016248195,0.04756662144423096,0.023459597556531115,0.0016039202502900658,0.032367483750735226,0.8043276071870875,1.0,0.7007299270072993,0.33459416016248195
GSE126865|all_subjects,GSE126865,human,skeletal muscle,bed_rest_analog,existing,primary,Myogenesis,190,200,190,1.0,0.95,ok,-0.03427756832278842,-0.004603224398012677,-0.028710248285712524,-0.0008164767397584131,-0.2494467938225538,0.10253522892444927,0.3333333333333333,0.5210526315789473,-0.04104895009108176
GSE126865|all_subjects,GSE126865,human,skeletal muscle,bed_rest_analog,existing,primary,Unfolded Protein Response,102,113,102,1.0,0.9026548672566371,ok,0.4954248689758829,0.07713000147658233,0.05302297758888248,0.006819559922080646,0.12125767150099559,1.0335741853657314,1.0,0.7647058823529411,0.4954248689758829
GSE126865|all_subjects,GSE126865,human,skeletal muscle,bed_rest_analog,existing,primary,Inflammatory Response,177,200,177,1.0,0.885,ok,0.14855198912672188,0.03735139088357905,0.013244366995879202,0.004241587483886829,-0.015573473586353581,0.386656050149567,0.6666666666666666,0.5819209039548022,0.14855198912672188
GSE126865|all_subjects,GSE126865,human,skeletal muscle,bed_rest_analog,existing,primary,Oxidative Phosphorylation,173,200,173,1.0,0.865,ok,-0.588424621771,-0.08530480151920668,-0.10941182540690653,-0.008164535884152372,-0.7202880434228984,-0.48182200528410024,1.0,0.7572254335260116,-0.588424621771
GSE126865|all_subjects,GSE126865,human,skeletal muscle,bed_rest_analog,existing,primary,Reactive Oxygen Species Pathway,44,49,44,1.0,0.8979591836734694,ok,0.2102830627102168,0.06621457752066122,0.04210755363296137,0.00407938904663363,-0.23451763121812386,0.6492876347460701,0.6666666666666666,0.7045454545454546,0.2102830627102168
GSE126865|all_subjects,GSE126865,human,skeletal muscle,bed_rest_analog,existing,primary,p53 Pathway,186,200,186,1.0,0.93,ok,0.17790245319733744,0.04536367622354328,0.021256652335843434,0.0019399949908072145,-0.07064668652121175,0.6162362711010455,0.3333333333333333,0.6021505376344086,0.17790245319733744
GSE126865|all_subjects,GSE126865,human,skeletal muscle,bed_rest_analog,existing,primary,Circadian clock,106,112,106,1.0,0.9464285714285714,ok,0.5211414028681206,0.08386831665001566,0.059761292762315815,0.0032026071163407943,0.21138199773742627,0.983175604943211,1.0,0.8207547169811321,0.5211414028681206
GSE126865|all_subjects,GSE126865,human,skeletal muscle,bed_rest_analog,existing,primary,Muscle contraction,192,204,192,1.0,0.9411764705882353,ok,0.039003611281903584,0.0028397058712372747,-0.02126731801646257,-0.0017852810128811865,-0.07400808855718125,0.18762068906675589,0.3333333333333333,0.4947916666666667,0.039003611281903584
GSE137081|all_lines,GSE137081,human,heart,actual_flight,existing,primary,TNF-alpha Signaling via NF-kB,184,200,184,1.0,0.92,ok,0.05308056069037393,0.021321534364740824,0.04550164162998878,0.008802601205683583,-0.06801159368957306,0.13433507832829847,0.6666666666666666,0.5489130434782609,0.05308056069037393
GSE137081|all_lines,GSE137081,human,heart,actual_flight,existing,primary,DNA Repair,137,150,137,1.0,0.9133333333333333,ok,0.08359537336466223,0.05304101948828022,0.07722112675352817,0.014257453511751561,-0.03721577400548358,0.22459270979471388,0.6666666666666666,0.5912408759124088,0.08359537336466223
GSE137081|all_lines,GSE137081,human,heart,actual_flight,existing,primary,Myogenesis,190,200,190,1.0,0.95,ok,0.021491036871619924,0.045098803426432944,0.0692789106916809,0.004913400991892118,-0.17323814297635773,0.17549141759490383,0.6666666666666666,0.5631578947368421,0.021930805546332477
GSE137081|all_lines,GSE137081,human,heart,actual_flight,existing,primary,Unfolded Protein Response,102,113,102,1.0,0.9026548672566371,ok,-0.0649764733227206,0.010102039239569649,0.034282146504817604,0.0032238047415896753,-0.1970992255405901,0.06167155092794098,0.6666666666666666,0.5294117647058824,-0.0649764733227206
GSE137081|all_lines,GSE137081,human,heart,actual_flight,existing,primary,Inflammatory Response,177,200,177,1.0,0.885,ok,-0.0967828600584147,-0.044539906077521785,-0.020359798812273826,-0.003707315571666314,-0.18987496184998975,0.03922663075793643,0.6666666666666666,0.5254237288135594,-0.0967828600584147
GSE137081|all_lines,GSE137081,human,heart,actual_flight,existing,primary,Oxidative Phosphorylation,173,200,173,1.0,0.865,ok,0.34943029405991816,0.1120020897631931,0.13618219702844106,0.015215644829461028,0.15042431285310165,0.5195840021179855,1.0,0.7572254335260116,0.34943029405991816
GSE137081|all_lines,GSE137081,human,heart,actual_flight,existing,primary,Reactive Oxygen Species Pathway,44,49,44,1.0,0.8979591836734694,ok,0.2424975042515005,0.07460032701210058,0.09878043427734853,0.009752935656191323,0.20102998315246798,0.3242696879332499,1.0,0.7045454545454546,0.2424975042515005
GSE137081|all_lines,GSE137081,human,heart,actual_flight,existing,primary,p53 Pathway,186,200,186,1.0,0.93,ok,0.05378686666188671,0.042986954741787375,0.06716706200703533,0.012154882729858504,0.018013105215353584,0.1055086265507294,1.0,0.532258064516129,0.05378686666188671
GSE137081|all_lines,GSE137081,human,heart,actual_flight,existing,primary,Circadian clock,106,112,106,1.0,0.9464285714285714,ok,-0.07075019334126614,-0.028502357233338788,-0.00432224996809083,-0.0038064839138207316,-0.17797089911105057,-0.01474317856784943,1.0,0.5377358490566038,-0.07075019334126614
GSE137081|all_lines,GSE137081,human,heart,actual_flight,existing,primary,Muscle contraction,192,204,192,1.0,0.9411764705882353,ok,-0.14176244537448202,-0.04085032964738063,-0.016670222382132675,-0.006488474023587043,-0.269991828155092,-0.0976598522120106,1.0,0.5677083333333334,-0.14176244537448202
GSE234465|OS,GSE234465,human,skeletal muscle,actual_flight,existing,primary,TNF-alpha Signaling via NF-kB,183,200,184,0.9945652173913043,0.915,ok,-0.5712907514949082,-0.2033304128582114,-0.08680011286199862,-0.005955503186260147,-0.701698229547399,-0.4730867976496028,1.0,0.6612021857923497,-0.5712907514949082
GSE234465|OS,GSE234465,human,skeletal muscle,actual_flight,existing,primary,DNA Repair,137,150,137,1.0,0.9133333333333333,ok,-0.26070871495235654,-0.061107331089258476,0.055422968906954306,0.010742437240277347,-0.4299388029148982,-0.0682379685006403,1.0,0.6058394160583942,-0.26070871495235654
GSE234465|OS,GSE234465,human,skeletal muscle,actual_flight,existing,primary,Myogenesis,190,200,190,1.0,0.95,ok,-0.5225073701664561,-0.17829445264539068,-0.061764152649177895,-0.007095023348157037,-0.5923243170557222,-0.4960014931221608,1.0,0.6631578947368421,-0.5157021396425904
GSE234465|OS,GSE234465,human,skeletal muscle,actual_flight,existing,primary,Unfolded Protein Response,102,113,102,1.0,0.9026548672566371,ok,-0.35689238217325503,-0.0653318856520202,0.05119841434419259,0.014633774057507765,-0.4983998813558769,-0.2621659298144711,1.0,0.6078431372549019,-0.35689238217325503
GSE234465|OS,GSE234465,human,skeletal muscle,actual_flight,existing,primary,Inflammatory Response,177,200,177,1.0,0.885,ok,-0.3351658936876043,-0.10225747457991319,0.014272825416299595,0.007434981469309931,-0.4654544211957361,-0.23046358887496343,1.0,0.5480225988700564,-0.3351658936876043
GSE234465|OS,GSE234465,human,skeletal muscle,actual_flight,existing,primary,Oxidative Phosphorylation,173,200,173,1.0,0.865,ok,0.20696466578849032,0.01470804016369609,0.13123834015990887,0.009376722784820934,0.0058599512144728635,0.374865553913174,1.0,0.5722543352601156,0.20696466578849032
GSE234465|OS,GSE234465,human,skeletal muscle,actual_flight,existing,primary,Reactive Oxygen Species Pathway,43,49,44,0.9772727272727273,0.8775510204081632,ok,0.0075317595999713355,0.01625071714321802,0.1327810171394308,0.016541428083452825,-0.0872942481584505,0.14692627655128052,0.3333333333333333,0.4883720930232558,0.0075317595999713355
GSE234465|OS,GSE234465,human,skeletal muscle,actual_flight,existing,primary,p53 Pathway,186,200,186,1.0,0.93,ok,-0.41012217817778596,-0.11747293839544959,-0.0009426383992368059,0.002171978604966096,-0.5742346612987339,-0.30370526926470826,1.0,0.6505376344086021,-0.41012217817778596
GSE234465|OS,GSE234465,human,skeletal muscle,actual_flight,existing,primary,Circadian clock,106,112,106,1.0,0.9464285714285714,ok,-0.11873160685771217,-0.01237647907820083,0.10415382091801195,0.010489520658904072,-0.22591320961851447,-0.04104640066560784,1.0,0.5471698113207547,-0.11873160685771217
GSE234465|OS,GSE234465,human,skeletal muscle,actual_flight,existing,primary,Muscle contraction,192,204,192,1.0,0.9411764705882353,ok,-0.6859778474126582,-0.19624386318011755,-0.07971356318390477,-0.011773257947780391,-0.7467382108685543,-0.6510565916338602,1.0,0.6875,-0.6859778474126582
GSE234465|YA,GSE234465,human,skeletal muscle,actual_flight,existing,primary,TNF-alpha Signaling via NF-kB,183,200,184,0.9945652173913043,0.915,ok,-0.7732240792788214,-0.31410675384748865,-0.26199236350339117,-0.0373302705959524,-0.9401592106952849,-0.6354469581586859,1.0,0.7650273224043715,-0.7732240792788214
GSE234465|YA,GSE234465,human,skeletal muscle,actual_flight,existing,primary,DNA Repair,137,150,137,1.0,0.9133333333333333,ok,0.1776487402192949,0.025973782174452342,0.07808817251854983,0.008701869237444981,-0.028939572660853695,0.2838228699635874,0.8333333333333334,0.5693430656934306,0.1776487402192949
GSE234465|YA,GSE234465,human,skeletal muscle,actual_flight,existing,primary,Myogenesis,190,200,190,1.0,0.95,ok,-0.23623844686630968,-0.08682779411809793,-0.03471340377400045,-0.004168303761319048,-0.4237155231270019,-0.12351051760318543,1.0,0.6368421052631579,-0.23258765510637464
GSE234465|YA,GSE234465,human,skeletal muscle,actual_flight,existing,primary,Unfolded Protein Response,102,113,102,1.0,0.9026548672566371,ok,-0.05111612345790381,-0.024916012205329352,0.02719837813876813,0.003910039935905663,-0.20660290472252812,0.1106046495311179,0.6666666666666666,0.5098039215686274,-0.05111612345790381
GSE234465|YA,GSE234465,human,skeletal muscle,actual_flight,existing,primary,Inflammatory Response,177,200,177,1.0,0.885,ok,-0.41915019914369556,-0.11993165022698826,-0.06781725988289078,-0.00929949648825723,-0.4864903107745576,-0.3168392753053112,1.0,0.5932203389830508,-0.41915019914369556
GSE234465|YA,GSE234465,human,skeletal muscle,actual_flight,existing,primary,Oxidative Phosphorylation,173,200,173,1.0,0.865,ok,0.33461135759634963,0.047939555234991715,0.1000539455790892,0.0016700392039156187,0.11246194826813635,0.7307631458060163,1.0,0.6416184971098265,0.33461135759634963
GSE234465|YA,GSE234465,human,skeletal muscle,actual_flight,existing,primary,Reactive Oxygen Species Pathway,43,49,44,0.9772727272727273,0.8775510204081632,ok,0.5524636617604807,0.09664298053975218,0.14875737088384966,0.016247215995714326,0.4100024625963588,0.7022558509567007,1.0,0.6744186046511628,0.5524636617604807
GSE234465|YA,GSE234465,human,skeletal muscle,actual_flight,existing,primary,p53 Pathway,186,200,186,1.0,0.93,ok,-0.2479785315900782,-0.08773776352418938,-0.0356233731800919,-0.0058017301004471555,-0.3569453434462805,-0.08040063694092606,1.0,0.6021505376344086,-0.2479785315900782
GSE234465|YA,GSE234465,human,skeletal muscle,actual_flight,existing,primary,Circadian clock,106,112,106,1.0,0.9464285714285714,ok,0.20044266486678092,0.029573264496647322,0.0816876548407448,0.002922054044755873,0.09634861830103578,0.29970112306156493,1.0,0.5566037735849056,0.20044266486678092
GSE234465|YA,GSE234465,human,skeletal muscle,actual_flight,existing,primary,Muscle contraction,192,204,192,1.0,0.9411764705882353,ok,-0.3510565739240056,-0.11069012564095981,-0.05857573529686233,-0.006217748269508938,-0.4679997896073693,-0.28142465840781067,1.0,0.65625,-0.3510565739240056
OSD-101|Left gastrocnemius|14bf1f06,OSD-101,mouse,skeletal muscle,actual_flight,existing,primary,TNF-alpha Signaling via NF-kB,184,200,184,1.0,0.92,ok,-0.07526904416685053,0.0001043978120214284,0.0011555614202118925,0.0006709707707964752,-0.17846258785451402,0.03602603260188737,0.9166666666666666,0.532608695652174,-0.07526904416685053
OSD-101|Left gastrocnemius|14bf1f06,OSD-101,mouse,skeletal muscle,actual_flight,existing,primary,DNA Repair,137,150,137,1.0,0.9133333333333333,ok,-0.045161518065334534,-0.0031754215431467614,-0.0021242579349562973,-0.0008369813639581558,-0.28981240523276575,0.048104828467172185,0.5833333333333334,0.5474452554744526,-0.045161518065334534
OSD-101|Left gastrocnemius|14bf1f06,OSD-101,mouse,skeletal muscle,actual_flight,existing,primary,Myogenesis,190,200,190,1.0,0.95,ok,0.06145391634705809,0.0064010177935038826,0.007452181401694347,0.0012602310259660632,0.012719123197669468,0.1327775300943161,1.0,0.5105263157894737,0.05726841909718987
OSD-101|Left gastrocnemius|14bf1f06,OSD-101,mouse,skeletal muscle,actual_flight,existing,primary,Unfolded Protein Response,102,113,102,1.0,0.9026548672566371,ok,-0.17042631687026083,-0.018407213112058507,-0.017356049503868043,-0.002975709461716547,-0.3767147337044082,-0.05735398599148177,1.0,0.6176470588235294,-0.17042631687026083
OSD-101|Left gastrocnemius|14bf1f06,OSD-101,mouse,skeletal muscle,actual_flight,existing,primary,Inflammatory Response,177,200,177,1.0,0.885,ok,-0.08999840437847734,-0.013199818680999176,-0.012148655072808712,-0.002484658710245058,-0.19041219736030962,0.041091804617014296,0.9166666666666666,0.5310734463276836,-0.08999840437847734
OSD-101|Left gastrocnemius|14bf1f06,OSD-101,mouse,skeletal muscle,actual_flight,existing,primary,Oxidative Phosphorylation,173,200,173,1.0,0.865,ok,0.2568957106158457,0.020292927074983425,0.02134409068317389,0.0008858878603824616,0.11382739943600251,0.5272565647331303,1.0,0.7109826589595376,0.2568957106158457
OSD-101|Left gastrocnemius|14bf1f06,OSD-101,mouse,skeletal muscle,actual_flight,existing,primary,Reactive Oxygen Species Pathway,44,49,44,1.0,0.8979591836734694,ok,0.05552632783156959,0.0011348270274931238,0.002185990635683588,-0.000564997152534441,-0.09208159450932539,0.21126689938393417,0.8333333333333334,0.5,0.05552632783156959
OSD-101|Left gastrocnemius|14bf1f06,OSD-101,mouse,skeletal muscle,actual_flight,existing,primary,p53 Pathway,186,200,186,1.0,0.93,ok,-0.04537314261825205,-0.01207058923402382,-0.011019425625833357,-0.002182208372183303,-0.16495076183419935,0.06886309484822933,0.75,0.5268817204301075,-0.04537314261825205
OSD-101|Left gastrocnemius|14bf1f06,OSD-101,mouse,skeletal muscle,actual_flight,existing,primary,Circadian clock,106,112,106,1.0,0.9464285714285714,ok,-0.11020205235133773,-0.03624768893720587,-0.035196525329015405,-0.005849803109195251,-0.2395192980454115,0.05035731951741808,0.9166666666666666,0.5660377358490566,-0.11020205235133773
OSD-101|Left gastrocnemius|14bf1f06,OSD-101,mouse,skeletal muscle,actual_flight,existing,primary,Muscle contraction,192,204,192,1.0,0.9411764705882353,ok,-0.05566224309729759,-0.030699951970342365,-0.0296487883621519,-0.003609685817122732,-0.10489673718611783,0.019226452665395598,0.8333333333333334,0.5416666666666666,-0.05566224309729759
OSD-103|Left quadriceps femoris|14bf1f06,OSD-103,mouse,skeletal muscle,actual_flight,existing,primary,TNF-alpha Signaling via NF-kB,184,200,184,1.0,0.92,ok,0.43780093755042215,0.11070438792449844,0.055564074959371546,0.007841282128471017,0.367641025596223,0.5048903818474982,1.0,0.7065217391304348,0.43780093755042215
OSD-103|Left quadriceps femoris|14bf1f06,OSD-103,mouse,skeletal muscle,actual_flight,existing,primary,DNA Repair,137,150,137,1.0,0.9133333333333333,ok,0.3614513240116467,0.045302901915534655,-0.009837411049592237,-0.00470581912025303,0.1548960182027242,0.4377612684333876,1.0,0.6642335766423357,0.3614513240116467
OSD-103|Left quadriceps femoris|14bf1f06,OSD-103,mouse,skeletal muscle,actual_flight,existing,primary,Myogenesis,190,200,190,1.0,0.95,ok,0.19512392261252037,0.06029214253077164,0.00515182956564475,0.00365361144370957,0.14552602739936832,0.2344728168152168,1.0,0.6157894736842106,0.19709792915269012
OSD-103|Left quadriceps femoris|14bf1f06,OSD-103,mouse,skeletal muscle,actual_flight,existing,primary,Unfolded Protein Response,102,113,102,1.0,0.9026548672566371,ok,0.4052553550499194,0.0462515565499757,-0.008888756415151189,-0.0017314443086828835,0.22237711080317685,0.46511393258367395,1.0,0.7352941176470589,0.4052553550499194
OSD-103|Left quadriceps femoris|14bf1f06,OSD-103,mouse,skeletal muscle,actual_flight,existing,primary,Inflammatory Response,177,200,177,1.0,0.885,ok,0.30239838602503183,0.0521096539053989,-0.0030306590597279914,-0.0011993929922142765,0.2094738864943034,0.39880864473351435,1.0,0.672316384180791,0.30239838602503183
OSD-103|Left quadriceps femoris|14bf1f06,OSD-103,mouse,skeletal muscle,actual_flight,existing,primary,Oxidative Phosphorylation,173,200,173,1.0,0.865,ok,0.42242535985322693,0.050075391813509285,-0.005064921151617607,0.00010882222336583425,0.27859449340823994,0.5776500883996811,1.0,0.8034682080924855,0.42242535985322693
OSD-103|Left quadriceps femoris|14bf1f06,OSD-103,mouse,skeletal muscle,actual_flight,existing,primary,Reactive Oxygen Species Pathway,44,49,44,1.0,0.8979591836734694,ok,0.2807897541524683,0.05088224261293561,-0.004258070352191279,0.0005684940403041239,0.18991024999312286,0.3609551977818398,1.0,0.6136363636363636,0.2807897541524683
OSD-103|Left quadriceps femoris|14bf1f06,OSD-103,mouse,skeletal muscle,actual_flight,existing,primary,p53 Pathway,186,200,186,1.0,0.93,ok,0.30325152221614293,0.06453639253019272,0.009396079565065829,-0.0004357089931894542,0.2346352683070917,0.35165298739153106,1.0,0.6559139784946236,0.30325152221614293
OSD-103|Left quadriceps femoris|14bf1f06,OSD-103,mouse,skeletal muscle,actual_flight,existing,primary,Circadian clock,106,112,106,1.0,0.9464285714285714,ok,0.03338306330153956,-0.0042093511108518555,-0.05934966407597875,-0.004427710281246,-0.31079009888342146,0.12441901684149076,0.8333333333333334,0.4811320754716981,0.03338306330153956
OSD-103|Left quadriceps femoris|14bf1f06,OSD-103,mouse,skeletal muscle,actual_flight,existing,primary,Muscle contraction,192,204,192,1.0,0.9411764705882353,ok,0.24222372152421687,0.048920081392781256,-0.006220231572345636,0.0021583473000696962,0.20421520051805914,0.3180786987436932,1.0,0.6354166666666666,0.24222372152421687
OSD-104|Soleus-both sides|8d0b8dc2,OSD-104,mouse,skeletal muscle,actual_flight,existing,primary,TNF-alpha Signaling via NF-kB,184,200,184,1.0,0.92,ok,-0.15269855566162438,-0.04184139328772485,-0.06462075334679218,-0.010396179465492983,-0.20390462846527463,-0.0712824575846056,1.0,0.5597826086956522,-0.15269855566162438
OSD-104|Soleus-both sides|8d0b8dc2,OSD-104,mouse,skeletal muscle,actual_flight,existing,primary,DNA Repair,137,150,137,1.0,0.9133333333333333,ok,-0.012120310696802571,0.0032458027661608213,-0.01953355729290651,-0.0035074440682102415,-0.1298295808075571,0.06613126650572834,0.5833333333333334,0.48905109489051096,-0.012120310696802571
OSD-104|Soleus-both sides|8d0b8dc2,OSD-104,mouse,skeletal muscle,actual_flight,existing,primary,Myogenesis,190,200,190,1.0,0.95,ok,0.19912035010309467,0.037211091376497585,0.014431731317430252,0.0008712062054245795,0.14656363067325326,0.25469950246887557,1.0,0.6,0.19029991465110044
OSD-104|Soleus-both sides|8d0b8dc2,OSD-104,mouse,skeletal muscle,actual_flight,existing,primary,Unfolded Protein Response,102,113,102,1.0,0.9026548672566371,ok,-0.32458644863885056,-0.03469889162996953,-0.05747825168903686,-0.005184797295113119,-0.3995256584454884,-0.23945683384433863,1.0,0.6176470588235294,-0.32458644863885056
OSD-104|Soleus-both sides|8d0b8dc2,OSD-104,mouse,skeletal muscle,actual_flight,existing,primary,Inflammatory Response,177,200,177,1.0,0.885,ok,0.12492306546478635,-0.0030479498958237983,-0.02582730995489113,-0.004076160352879277,0.06229818523429077,0.228905022722136,1.0,0.576271186440678,0.12492306546478635
OSD-104|Soleus-both sides|8d0b8dc2,OSD-104,mouse,skeletal muscle,actual_flight,existing,primary,Oxidative Phosphorylation,173,200,173,1.0,0.865,ok,0.2818465433280469,0.01624115348321542,-0.0065382065758519126,0.0009571337001397229,0.19515338307276756,0.36186090980444235,1.0,0.6011560693641619,0.2818465433280469
OSD-104|Soleus-both sides|8d0b8dc2,OSD-104,mouse,skeletal muscle,actual_flight,existing,primary,Reactive Oxygen Species Pathway,44,49,44,1.0,0.8979591836734694,ok,-0.12865312094157416,-0.052828071744774,-0.07560743180384133,-0.007379057638701503,-0.20812042642808773,-0.03800255942778318,1.0,0.5454545454545454,-0.12865312094157416
OSD-104|Soleus-both sides|8d0b8dc2,OSD-104,mouse,skeletal muscle,actual_flight,existing,primary,p53 Pathway,186,200,186,1.0,0.93,ok,-0.013745060185885408,-0.020296612434844263,-0.043075972493911596,-0.005805228507918314,-0.07971830429807816,0.05785702392364541,0.6666666666666666,0.489247311827957,-0.013745060185885408
OSD-104|Soleus-both sides|8d0b8dc2,OSD-104,mouse,skeletal muscle,actual_flight,existing,primary,Circadian clock,106,112,106,1.0,0.9464285714285714,ok,0.12158284481148077,-0.005736308579432858,-0.02851566863850019,-0.001003635066677333,0.053840027467314394,0.20246695192659453,1.0,0.5377358490566038,0.12158284481148077
OSD-104|Soleus-both sides|8d0b8dc2,OSD-104,mouse,skeletal muscle,actual_flight,existing,primary,Muscle contraction,192,204,192,1.0,0.9411764705882353,ok,0.3170687745701448,0.041919796593801184,0.01914043653473385,0.0022768928362091323,0.2651322122051513,0.3960836228089259,1.0,0.6354166666666666,0.3170687745701448
OSD-105|Left tibialis anterior|f829a3c1,OSD-105,mouse,skeletal muscle,actual_flight,existing,primary,TNF-alpha Signaling via NF-kB,184,200,184,1.0,0.92,ok,0.3608760874407103,0.12130028928252123,0.11038777340568018,0.017916565126602557,0.25968748056476604,0.4294629866333038,1.0,0.6358695652173914,0.3608760874407103
OSD-105|Left tibialis anterior|f829a3c1,OSD-105,mouse,skeletal muscle,actual_flight,existing,primary,DNA Repair,137,150,137,1.0,0.9133333333333333,ok,-0.03096342084589104,-0.002480468846441042,-0.013392984723282098,-0.0030204249604713906,-0.18808362571886936,0.06823079156443916,0.75,0.5328467153284672,-0.03096342084589104
OSD-105|Left tibialis anterior|f829a3c1,OSD-105,mouse,skeletal muscle,actual_flight,existing,primary,Myogenesis,190,200,190,1.0,0.95,ok,0.14149691773930084,0.030910259910058357,0.019997744033217302,0.0028488671398244625,0.08903341336915299,0.21187983507317898,1.0,0.5842105263157895,0.14763066681912612
OSD-105|Left tibialis anterior|f829a3c1,OSD-105,mouse,skeletal muscle,actual_flight,existing,primary,Unfolded Protein Response,102,113,102,1.0,0.9026548672566371,ok,0.23719609685127868,0.028488159806655755,0.0175756439298147,0.001577473499565718,0.041955904725003296,0.3543007091866246,1.0,0.6078431372549019,0.23719609685127868
OSD-105|Left tibialis anterior|f829a3c1,OSD-105,mouse,skeletal muscle,actual_flight,existing,primary,Inflammatory Response,177,200,177,1.0,0.885,ok,0.14112416446916912,0.026764801347351153,0.015852285470510097,0.003730558334156142,0.01420764920830686,0.2782856858087662,1.0,0.559322033898305,0.14112416446916912
OSD-105|Left tibialis anterior|f829a3c1,OSD-105,mouse,skeletal muscle,actual_flight,existing,primary,Oxidative Phosphorylation,173,200,173,1.0,0.865,ok,0.5319055334232365,0.03141477465744469,0.020502258780603633,-0.00017409649920230308,0.46569907324216514,0.5837867281032889,1.0,0.7687861271676301,0.5319055334232365
OSD-105|Left tibialis anterior|f829a3c1,OSD-105,mouse,skeletal muscle,actual_flight,existing,primary,Reactive Oxygen Species Pathway,44,49,44,1.0,0.8979591836734694,ok,0.3471377845266445,0.04616855702250078,0.03525604114565972,0.00518738322892609,0.27130883269531125,0.44364762412100567,1.0,0.6818181818181818,0.3471377845266445
OSD-105|Left tibialis anterior|f829a3c1,OSD-105,mouse,skeletal muscle,actual_flight,existing,primary,p53 Pathway,186,200,186,1.0,0.93,ok,0.1671294919979468,0.043582642325751486,0.03267012644891043,0.0054345154318035105,0.08505814203780379,0.2762843645529207,1.0,0.6075268817204301,0.1671294919979468
OSD-105|Left tibialis anterior|f829a3c1,OSD-105,mouse,skeletal muscle,actual_flight,existing,primary,Circadian clock,106,112,106,1.0,0.9464285714285714,ok,0.3338588703931857,-0.005128967646017557,-0.016041483522858613,-0.004634036085242821,0.2164075709385267,0.41655814741907643,1.0,0.6886792452830188,0.3338588703931857
OSD-105|Left tibialis anterior|f829a3c1,OSD-105,mouse,skeletal muscle,actual_flight,existing,primary,Muscle contraction,192,204,192,1.0,0.9411764705882353,ok,0.06530017446153198,0.009783242041724094,-0.0011292738351169618,-0.001111986894164363,0.008070337402772342,0.13293653178979176,1.0,0.5104166666666666,0.06530017446153198
OSD-245|Liver|83b7ee50,OSD-245,mouse,liver,actual_flight,existing,primary,TNF-alpha Signaling via NF-kB,184,200,184,1.0,0.92,ok,0.11249591425680078,0.0470006089013042,-0.02871762167332048,-0.00799288989619329,0.0192704203076264,0.2313381549259771,1.0,0.5543478260869565,0.11249591425680078
OSD-245|Liver|83b7ee50,OSD-245,mouse,liver,actual_flight,existing,primary,DNA Repair,137,150,137,1.0,0.9133333333333333,ok,0.25692721689877507,0.06534165553431359,-0.010376575040311087,-0.0050007987214036875,0.16235344525111073,0.3547849189570347,1.0,0.656934306569343,0.25692721689877507
OSD-245|Liver|83b7ee50,OSD-245,mouse,liver,actual_flight,existing,primary,Myogenesis,190,200,190,1.0,0.95,ok,0.383434625460309,0.2308845640756516,0.15516633350102693,0.03238216789085868,0.16305556305744678,0.5105909850743002,1.0,0.8052631578947368,0.3821644898675771
OSD-245|Liver|83b7ee50,OSD-245,mouse,liver,actual_flight,existing,primary,Unfolded Protein Response,102,113,102,1.0,0.9026548672566371,ok,0.5006124784787556,0.17420529104233484,0.09848706046771016,0.010506358047452924,0.43346319468076466,0.5953674776281358,1.0,0.8333333333333334,0.5006124784787556
OSD-245|Liver|83b7ee50,OSD-245,mouse,liver,actual_flight,existing,primary,Inflammatory Response,177,200,177,1.0,0.885,ok,0.07232078946019971,0.030181741900566994,-0.045536488674057685,-0.008606701249673276,-9.263707811743571e-05,0.18887518480174736,0.9166666666666666,0.559322033898305,0.07232078946019971
OSD-245|Liver|83b7ee50,OSD-245,mouse,liver,actual_flight,existing,primary,Oxidative Phosphorylation,173,200,173,1.0,0.865,ok,0.07738552749246741,0.01856260130860221,-0.05715562926602247,-0.003556156072542893,-0.02913056408564945,0.17463592802588657,0.8333333333333334,0.5433526011560693,0.07738552749246741
OSD-245|Liver|83b7ee50,OSD-245,mouse,liver,actual_flight,existing,primary,Reactive Oxygen Species Pathway,44,49,44,1.0,0.8979591836734694,ok,0.2638909513227754,0.07117989181653783,-0.004538338758086846,0.0005644951661117892,0.16410789886060356,0.3787052495229237,1.0,0.6818181818181818,0.2638909513227754
OSD-245|Liver|83b7ee50,OSD-245,mouse,liver,actual_flight,existing,primary,p53 Pathway,186,200,186,1.0,0.93,ok,0.24940063095048737,0.0918930523363728,0.016174821761748115,0.000987022984713537,0.11576057460715025,0.3795901743823512,1.0,0.7043010752688172,0.24940063095048737
OSD-245|Liver|83b7ee50,OSD-245,mouse,liver,actual_flight,existing,primary,Circadian clock,106,112,106,1.0,0.9464285714285714,ok,0.30499927120551373,0.07140599328397812,-0.004312237290646559,-0.002480655864245618,0.22890904217971494,0.37375764089404073,1.0,0.6698113207547169,0.30499927120551373
OSD-245|Liver|83b7ee50,OSD-245,mouse,liver,actual_flight,existing,primary,Muscle contraction,192,204,192,1.0,0.9411764705882353,ok,0.35244817363775577,0.14718533200337136,0.07146710142874668,0.019246719087942954,0.22446634717658026,0.429422630460064,1.0,0.7395833333333334,0.35244817363775577
OSD-245|Liver|8f786fbe,OSD-245,mouse,liver,actual_flight,existing,primary,TNF-alpha Signaling via NF-kB,184,200,184,1.0,0.92,ok,-0.123239394632017,-0.03561783856223033,0.0005394107316407659,-0.0014449720042651881,-0.2487607101401904,0.09698066011198912,0.9166666666666666,0.5978260869565217,-0.123239394632017
OSD-245|Liver|8f786fbe,OSD-245,mouse,liver,actual_flight,existing,primary,DNA Repair,137,150,137,1.0,0.9133333333333333,ok,-0.2018777442568247,-0.12441484947799886,-0.08825760018412776,-0.013257611333334918,-0.3045904339196574,0.18175843889324805,0.9166666666666666,0.7153284671532847,-0.2018777442568247
OSD-245|Liver|8f786fbe,OSD-245,mouse,liver,actual_flight,existing,primary,Myogenesis,190,200,190,1.0,0.95,ok,-0.13003085871822778,-0.07002103490134104,-0.03386378560746994,-0.0039290778910324176,-0.25379179489082293,0.06346245288687806,0.9166666666666666,0.6421052631578947,-0.1333558897883122
OSD-245|Liver|8f786fbe,OSD-245,mouse,liver,actual_flight,existing,primary,Unfolded Protein Response,102,113,102,1.0,0.9026548672566371,ok,0.09364623439244373,-0.013127227426427801,0.023030021867443295,0.003914560435413494,0.02015231770569447,0.398685859373641,1.0,0.5490196078431373,0.09364623439244373
OSD-245|Liver|8f786fbe,OSD-245,mouse,liver,actual_flight,existing,primary,Inflammatory Response,177,200,177,1.0,0.885,ok,-0.3121312304084436,-0.09148414545690753,-0.05532689616303643,-0.010118760255762582,-0.40197290401003893,-0.1425477674842317,1.0,0.7062146892655368,-0.3121312304084436
OSD-245|Liver|8f786fbe,OSD-245,mouse,liver,actual_flight,existing,primary,Oxidative Phosphorylation,173,200,173,1.0,0.865,ok,-0.2582487264838982,-0.1863150402530307,-0.1501577909591596,-0.010882028925254472,-0.37339283863038575,0.07361897450137847,0.9166666666666666,0.7687861271676301,-0.2582487264838982
OSD-245|Liver|8f786fbe,OSD-245,mouse,liver,actual_flight,existing,primary,Reactive Oxygen Species Pathway,44,49,44,1.0,0.8979591836734694,ok,-0.2171425301128748,-0.13896063854212404,-0.10280338924825294,-0.010312878038051254,-0.3443329908988705,0.1381683682203202,0.9166666666666666,0.7727272727272727,-0.2171425301128748
OSD-245|Liver|8f786fbe,OSD-245,mouse,liver,actual_flight,existing,primary,p53 Pathway,186,200,186,1.0,0.93,ok,-0.20373973782694,-0.1069473695847809,-0.07079012029090981,-0.009195304434818419,-0.31869989897939777,0.10708904043419713,0.9166666666666666,0.7204301075268817,-0.20373973782694
OSD-245|Liver|8f786fbe,OSD-245,mouse,liver,actual_flight,existing,primary,Circadian clock,106,112,106,1.0,0.9464285714285714,ok,0.030002921313758403,-0.05772075597372517,-0.021563506679854072,0.003069643038704939,-0.046231865277891165,0.3243085601319864,0.6666666666666666,0.41509433962264153,0.030002921313758403
OSD-245|Liver|8f786fbe,OSD-245,mouse,liver,actual_flight,existing,primary,Muscle contraction,192,204,192,1.0,0.9411764705882353,ok,-0.059816678470043586,-0.02811964483488638,0.008037604458984715,-0.00011845192272463834,-0.13390441486099225,0.047191570172457856,0.9166666666666666,0.5416666666666666,-0.059816678470043586
OSD-326|Quadriceps femoris|6a69abe9,OSD-326,mouse,skeletal muscle,actual_flight,existing,primary,TNF-alpha Signaling via NF-kB,184,200,184,1.0,0.92,ok,-0.09474432009421957,-0.0117052929885888,0.013357880399595734,0.00021820661133309383,-0.32277470311932344,0.02774350254388263,0.875,0.5706521739130435,-0.09474432009421957
OSD-326|Quadriceps femoris|6a69abe9,OSD-326,mouse,skeletal muscle,actual_flight,existing,primary,DNA Repair,137,150,137,1.0,0.9133333333333333,ok,0.2056668344304428,0.01783675915242089,0.04289993254060542,0.001030633830780947,0.004280628786852262,0.36065958861712344,1.0,0.5985401459854015,0.2056668344304428
OSD-326|Quadriceps femoris|6a69abe9,OSD-326,mouse,skeletal muscle,actual_flight,existing,primary,Myogenesis,190,200,190,1.0,0.95,ok,0.03049292330674097,-0.09656677441855344,-0.0715036010303689,-0.013830626268936053,-0.08959343368030098,0.13619832909166726,0.625,0.4842105263157895,0.0381354373738558
OSD-326|Quadriceps femoris|6a69abe9,OSD-326,mouse,skeletal muscle,actual_flight,existing,primary,Unfolded Protein Response,102,113,102,1.0,0.9026548672566371,ok,-0.0665307476330227,-0.04212333812999258,-0.017060164741808048,-0.004124079569183481,-0.29292426424512175,0.06610743759144638,0.75,0.5294117647058824,-0.0665307476330227
OSD-326|Quadriceps femoris|6a69abe9,OSD-326,mouse,skeletal muscle,actual_flight,existing,primary,Inflammatory Response,177,200,177,1.0,0.885,ok,-0.2373315674447053,-0.06574727012151027,-0.040684096733325736,-0.007590841608595744,-0.4525562240675951,-0.1196248030675607,1.0,0.5875706214689266,-0.2373315674447053
OSD-326|Quadriceps femoris|6a69abe9,OSD-326,mouse,skeletal muscle,actual_flight,existing,primary,Oxidative Phosphorylation,173,200,173,1.0,0.865,ok,-0.23021515842800103,-0.06918554012313827,-0.04412236673495373,-0.009961569174532947,-0.3946264003622311,-0.11865006124772565,1.0,0.6127167630057804,-0.23021515842800103
OSD-326|Quadriceps femoris|6a69abe9,OSD-326,mouse,skeletal muscle,actual_flight,existing,primary,Reactive Oxygen Species Pathway,44,49,44,1.0,0.8979591836734694,ok,0.027631273462985814,-0.02467395083724755,0.0003892225509369851,-0.007871556814435188,-0.08857233243783619,0.11623259038262443,0.5,0.5454545454545454,0.027631273462985814
OSD-326|Quadriceps femoris|6a69abe9,OSD-326,mouse,skeletal muscle,actual_flight,existing,primary,p53 Pathway,186,200,186,1.0,0.93,ok,-0.0540197534559931,-0.030894793343470006,-0.005831619955285472,-0.004910411991392305,-0.2573881562051572,0.046064933577552064,0.75,0.5376344086021505,-0.0540197534559931
OSD-326|Quadriceps femoris|6a69abe9,OSD-326,mouse,skeletal muscle,actual_flight,existing,primary,Circadian clock,106,112,106,1.0,0.9464285714285714,ok,0.03133119468677839,-0.023560130028581483,0.0015030433596030512,-0.007527340761062096,-0.12801961875275086,0.1693027717370773,0.875,0.4811320754716981,0.03133119468677839
OSD-326|Quadriceps femoris|6a69abe9,OSD-326,mouse,skeletal muscle,actual_flight,existing,primary,Muscle contraction,192,204,192,1.0,0.9411764705882353,ok,-0.09636092307760016,-0.11458016570577456,-0.08951699231759003,-0.016420846384218035,-0.27210821619532133,0.016267019064728563,0.875,0.5208333333333334,-0.09636092307760016
OSD-379|Left Lobe of the Liver|2c17a152,OSD-379,mouse,liver,actual_flight,existing,primary,TNF-alpha Signaling via NF-kB,184,200,184,1.0,0.92,ok,-0.11780187395614466,-0.01621261807124874,-0.013069529613679576,-0.002511085785824596,-0.42241044662936456,0.0052477610772330915,0.9166666666666666,0.5489130434782609,-0.11780187395614466
OSD-379|Left Lobe of the Liver|2c17a152,OSD-379,mouse,liver,actual_flight,existing,primary,DNA Repair,137,150,137,1.0,0.9133333333333333,ok,0.02872824766386497,0.0074848598888968,0.010627948346465965,0.004521753012081908,-0.22169825822661335,0.24353755921208714,0.5,0.49635036496350365,0.02872824766386497
OSD-379|Left Lobe of the Liver|2c17a152,OSD-379,mouse,liver,actual_flight,existing,primary,Myogenesis,190,200,190,1.0,0.95,ok,0.2479014418674062,0.31791908660405244,0.3210621750616216,0.0480929367599679,-0.24747089779260034,0.4005987106550257,0.9166666666666666,0.7631578947368421,0.24600945664255944
OSD-379|Left Lobe of the Liver|2c17a152,OSD-379,mouse,liver,actual_flight,existing,primary,Unfolded Protein Response,102,113,102,1.0,0.9026548672566371,ok,0.2282044811230799,0.08414712254554502,0.08729021100311418,0.010273322429312337,-0.009939009892664882,0.4142273939376677,0.9166666666666666,0.5882352941176471,0.2282044811230799
OSD-379|Left Lobe of the Liver|2c17a152,OSD-379,mouse,liver,actual_flight,existing,primary,Inflammatory Response,177,200,177,1.0,0.885,ok,-0.1796828651249152,-0.03158447038287604,-0.028441381925306874,-0.0025765853700941976,-0.44142464798553527,-0.0543895514419489,1.0,0.615819209039548,-0.1796828651249152
OSD-379|Left Lobe of the Liver|2c17a152,OSD-379,mouse,liver,actual_flight,existing,primary,Oxidative Phosphorylation,173,200,173,1.0,0.865,ok,-0.03198889882578386,-0.013317826797965893,-0.010174738340396727,-0.0003172234514747796,-0.3316593405061935,0.21653204904237383,0.5833333333333334,0.5317919075144508,-0.03198889882578386
OSD-379|Left Lobe of the Liver|2c17a152,OSD-379,mouse,liver,actual_flight,existing,primary,Reactive Oxygen Species Pathway,44,49,44,1.0,0.8979591836734694,ok,0.05686486718085409,-0.0017227657407419272,0.001420322716827238,0.0006088331385065704,-0.15999892891791404,0.22729339672207016,0.5833333333333334,0.4772727272727273,0.05686486718085409
OSD-379|Left Lobe of the Liver|2c17a152,OSD-379,mouse,liver,actual_flight,existing,primary,p53 Pathway,186,200,186,1.0,0.93,ok,0.003204476041154374,0.03948845632214093,0.042631544779710095,0.008069272648418169,-0.2974438929190112,0.159049797204025,0.5,0.510752688172043,0.003204476041154374
OSD-379|Left Lobe of the Liver|2c17a152,OSD-379,mouse,liver,actual_flight,existing,primary,Circadian clock,106,112,106,1.0,0.9464285714285714,ok,0.13917574730362936,-0.0238289575564008,-0.020685869098831633,-0.006557894605876413,-0.025449087865668792,0.28399954942251315,0.9166666666666666,0.5754716981132075,0.13917574730362936
OSD-379|Left Lobe of the Liver|2c17a152,OSD-379,mouse,liver,actual_flight,existing,primary,Muscle contraction,192,204,192,1.0,0.9411764705882353,ok,0.1901447524153842,0.20548837016374621,0.20863145862131538,0.02971846723083138,-0.2745412347750369,0.31452351206741214,0.9166666666666666,0.7083333333333334,0.1901447524153842
OSD-379|Left Lobe of the Liver|9abbe127,OSD-379,mouse,liver,actual_flight,existing,primary,TNF-alpha Signaling via NF-kB,184,200,184,1.0,0.92,ok,0.14199433775070128,0.036764946840434076,-0.008385955527372868,-0.002574160084481525,0.02813759446512283,0.29796264268254413,1.0,0.6086956521739131,0.14199433775070128
OSD-379|Left Lobe of the Liver|9abbe127,OSD-379,mouse,liver,actual_flight,existing,primary,DNA Repair,137,150,137,1.0,0.9133333333333333,ok,0.3533931577765274,0.08143122592564778,0.03628032355784083,0.0019436642993574393,0.25840138610999647,0.5026679489574112,1.0,0.7299270072992701,0.3533931577765274
OSD-379|Left Lobe of the Liver|9abbe127,OSD-379,mouse,liver,actual_flight,existing,primary,Myogenesis,190,200,190,1.0,0.95,ok,-0.0840155533502956,-0.19859091361265713,-0.24374181598046407,-0.026547712009995283,-0.3032823968832037,0.3065541064461325,0.8333333333333334,0.6578947368421053,-0.0829643758955964
OSD-379|Left Lobe of the Liver|9abbe127,OSD-379,mouse,liver,actual_flight,existing,primary,Unfolded Protein Response,102,113,102,1.0,0.9026548672566371,ok,0.3110789902480988,0.07058158935979009,0.025430686991983142,-0.0004497369889816527,0.20500173465470445,0.4268424753249144,1.0,0.7254901960784313,0.3110789902480988
OSD-379|Left Lobe of the Liver|9abbe127,OSD-379,mouse,liver,actual_flight,existing,primary,Inflammatory Response,177,200,177,1.0,0.885,ok,0.11904005806558268,0.021639152821995244,-0.0235117495458117,-0.0032062566011163973,0.030826453026223964,0.2183718940429057,1.0,0.536723163841808,0.11904005806558268
OSD-379|Left Lobe of the Liver|9abbe127,OSD-379,mouse,liver,actual_flight,existing,primary,Oxidative Phosphorylation,173,200,173,1.0,0.865,ok,0.03738587761927598,-0.018046264703563075,-0.06319716707137002,-0.0020698456985996927,-0.09726240387907514,0.3584927526983348,0.75,0.5202312138728323,0.03738587761927598
OSD-379|Left Lobe of the Liver|9abbe127,OSD-379,mouse,liver,actual_flight,existing,primary,Reactive Oxygen Species Pathway,44,49,44,1.0,0.8979591836734694,ok,0.16412584594119978,0.04245188494325758,-0.002699017424549366,-0.005159657904465043,0.05423723071977543,0.29344936331902655,1.0,0.5909090909090909,0.16412584594119978
OSD-379|Left Lobe of the Liver|9abbe127,OSD-379,mouse,liver,actual_flight,existing,primary,p53 Pathway,186,200,186,1.0,0.93,ok,0.14814370270887212,0.03212037279127067,-0.013030529576536276,-0.004373161649572577,0.03325064618323441,0.26554286877609695,1.0,0.6075268817204301,0.14814370270887212
OSD-379|Left Lobe of the Liver|9abbe127,OSD-379,mouse,liver,actual_flight,existing,primary,Circadian clock,106,112,106,1.0,0.9464285714285714,ok,0.16112714242289355,0.016948417284520456,-0.028202485083286488,-0.008537378148542274,0.03800880091084184,0.2391588052897138,1.0,0.6037735849056604,0.16112714242289355
OSD-379|Left Lobe of the Liver|9abbe127,OSD-379,mouse,liver,actual_flight,existing,primary,Muscle contraction,192,204,192,1.0,0.9411764705882353,ok,0.038846049018785106,-0.10315133324830739,-0.14830223561611433,-0.01382503686302522,-0.14677668637208618,0.36700789414986157,0.6666666666666666,0.4427083333333333,0.038846049018785106
OSD-379|Left Lobe of the Liver|a45ca5be,OSD-379,mouse,liver,actual_flight,existing,primary,TNF-alpha Signaling via NF-kB,184,200,184,1.0,0.92,ok,0.07240339124509063,0.011876478386314115,-0.008813108317516916,-0.0012186599578547508,-0.06564705182082292,0.1968418629746691,0.6666666666666666,0.5271739130434783,0.07240339124509063
OSD-379|Left Lobe of the Liver|a45ca5be,OSD-379,mouse,liver,actual_flight,existing,primary,DNA Repair,137,150,137,1.0,0.9133333333333333,ok,0.18463293555763277,0.05147129420979679,0.03078170750596576,0.00609094766971241,0.08356528204188793,0.28009796196914394,1.0,0.583941605839416,0.18463293555763277
OSD-379|Left Lobe of the Liver|a45ca5be,OSD-379,mouse,liver,actual_flight,existing,primary,Myogenesis,190,200,190,1.0,0.95,ok,0.45554700159973327,0.3353403299454636,0.31465074324163256,0.05771354284160779,0.2802845348950663,0.6021628065277036,1.0,0.7947368421052632,0.45333088312154335
OSD-379|Left Lobe of the Liver|a45ca5be,OSD-379,mouse,liver,actual_flight,existing,primary,Unfolded Protein Response,102,113,102,1.0,0.9026548672566371,ok,0.09979558669857752,0.025633503229423482,0.004943916525592451,0.0032250365801888004,0.00191660524348655,0.24298605227844405,1.0,0.5784313725490197,0.09979558669857752
OSD-379|Left Lobe of the Liver|a45ca5be,OSD-379,mouse,liver,actual_flight,existing,primary,Inflammatory Response,177,200,177,1.0,0.885,ok,-0.057358933022723366,-0.03062600028576612,-0.05131558698959715,-0.00919409409241595,-0.23181825971935777,0.05305190675055599,0.75,0.4689265536723164,-0.057358933022723366
OSD-379|Left Lobe of the Liver|a45ca5be,OSD-379,mouse,liver,actual_flight,existing,primary,Oxidative Phosphorylation,173,200,173,1.0,0.865,ok,-0.03996882737092957,-0.02293263740392515,-0.04362222410775618,0.0019311338919923982,-0.18900626326585696,0.04847000746183036,0.6666666666666666,0.5260115606936416,-0.03996882737092957
OSD-379|Left Lobe of the Liver|a45ca5be,OSD-379,mouse,liver,actual_flight,existing,primary,Reactive Oxygen Species Pathway,44,49,44,1.0,0.8979591836734694,ok,-0.009676049862180255,-0.0013638996928366787,-0.02205348639666771,0.0007449619838344468,-0.1275266419341964,0.08514010996713292,0.5833333333333334,0.5,-0.009676049862180255
OSD-379|Left Lobe of the Liver|a45ca5be,OSD-379,mouse,liver,actual_flight,existing,primary,p53 Pathway,186,200,186,1.0,0.93,ok,0.06355215447837155,0.02105048242881269,0.000360895724981658,0.0010538792517669204,-0.08588063378999838,0.1595955626131914,0.6666666666666666,0.5376344086021505,0.06355215447837155
OSD-379|Left Lobe of the Liver|a45ca5be,OSD-379,mouse,liver,actual_flight,existing,primary,Circadian clock,106,112,106,1.0,0.9464285714285714,ok,0.02502080264449414,0.0032330440494980905,-0.01745654265433294,-0.00500262313710631,-0.06791978569495428,0.15008235699196226,0.6666666666666666,0.49056603773584906,0.02502080264449414
OSD-379|Left Lobe of the Liver|a45ca5be,OSD-379,mouse,liver,actual_flight,existing,primary,Muscle contraction,192,204,192,1.0,0.9411764705882353,ok,0.3193761210227974,0.22777248538518013,0.2070828986813491,0.035823619582738,0.17356886335449148,0.42847138733649826,1.0,0.6770833333333334,0.3193761210227974
OSD-379|Left Lobe of the Liver|a8ed2e02,OSD-379,mouse,liver,actual_flight,existing,primary,TNF-alpha Signaling via NF-kB,184,200,184,1.0,0.92,ok,-0.07749350299712658,-0.010066376686892475,0.010609212300315418,0.0019093713117063205,-0.1912142264733133,0.09747631348181968,0.75,0.5706521739130435,-0.07749350299712658
OSD-379|Left Lobe of the Liver|a8ed2e02,OSD-379,mouse,liver,actual_flight,existing,primary,DNA Repair,137,150,137,1.0,0.9133333333333333,ok,-0.18972245890035094,-0.04981159591036688,-0.029136006923158986,-0.0035673688373553114,-0.3313691031237317,-0.005476400565748009,1.0,0.6788321167883211,-0.18972245890035094
OSD-379|Left Lobe of the Liver|a8ed2e02,OSD-379,mouse,liver,actual_flight,existing,primary,Myogenesis,190,200,190,1.0,0.95,ok,0.11304849469173148,0.15486101822584475,0.17553660721305264,0.023471665480879866,-0.3066839634180508,0.30117522147030523,0.9166666666666666,0.6,0.11091201735747463
OSD-379|Left Lobe of the Liver|a8ed2e02,OSD-379,mouse,liver,actual_flight,existing,primary,Unfolded Protein Response,102,113,102,1.0,0.9026548672566371,ok,-0.11601694198721296,-0.020674308898913196,1.2800882946972791e-06,0.0006380252947424392,-0.2665513889607842,0.01667650200568105,0.9166666666666666,0.5980392156862745,-0.11601694198721296
OSD-379|Left Lobe of the Liver|a8ed2e02,OSD-379,mouse,liver,actual_flight,existing,primary,Inflammatory Response,177,200,177,1.0,0.885,ok,-0.18217234726544024,-0.03962770477638822,-0.018952115789180324,-0.0027585138492278727,-0.2838385099645313,-0.04015542139468752,1.0,0.632768361581921,-0.18217234726544024
OSD-379|Left Lobe of the Liver|a8ed2e02,OSD-379,mouse,liver,actual_flight,existing,primary,Oxidative Phosphorylation,173,200,173,1.0,0.865,ok,-0.35204039771236045,-0.10956615140672277,-0.08889056241951487,-0.006061232670553585,-0.5167295677182708,-0.16974223856759646,1.0,0.7572254335260116,-0.35204039771236045
OSD-379|Left Lobe of the Liver|a8ed2e02,OSD-379,mouse,liver,actual_flight,existing,primary,Reactive Oxygen Species Pathway,44,49,44,1.0,0.8979591836734694,ok,-0.21896851609142895,-0.06474620722601099,-0.044070618238803094,-0.002552478294318261,-0.3824878423744104,-0.011491591400430622,1.0,0.75,-0.21896851609142895
OSD-379|Left Lobe of the Liver|a8ed2e02,OSD-379,mouse,liver,actual_flight,existing,primary,p53 Pathway,186,200,186,1.0,0.93,ok,-0.08974924867261594,-0.014003794476737053,0.006671794510470841,0.0016225048953741883,-0.19465524833565878,0.11283410607685343,0.8333333333333334,0.5860215053763441,-0.08974924867261594
OSD-379|Left Lobe of the Liver|a8ed2e02,OSD-379,mouse,liver,actual_flight,existing,primary,Circadian clock,106,112,106,1.0,0.9464285714285714,ok,-0.02601987376283884,-0.056687477696394595,-0.0360118887091867,-0.0031024557954741905,-0.17426410037602386,0.11900714339776991,0.5833333333333334,0.5094339622641509,-0.02601987376283884
OSD-379|Left Lobe of the Liver|a8ed2e02,OSD-379,mouse,liver,actual_flight,existing,primary,Muscle contraction,192,204,192,1.0,0.9411764705882353,ok,0.007832680175045285,0.08641151534619818,0.10708710433340607,0.014149047972304818,-0.3175192045170876,0.10950386530753425,0.5833333333333334,0.5208333333333334,0.007832680175045285
OSD-401|Gastrocnemius|344e21b7,OSD-401,mouse,skeletal muscle,actual_flight,existing,primary,TNF-alpha Signaling via NF-kB,184,200,184,1.0,0.92,ok,-0.1428025042127827,-0.01419254866145181,0.011671518055893504,0.002260461015782922,-0.30075229479396476,-0.01756110661807533,1.0,0.5380434782608695,-0.1428025042127827
OSD-401|Gastrocnemius|344e21b7,OSD-401,mouse,skeletal muscle,actual_flight,existing,primary,DNA Repair,137,150,137,1.0,0.9133333333333333,ok,-0.3323793149956721,-0.050633886035921005,-0.024769819318575692,-0.002287730343352057,-0.392138374226987,-0.2228107080124732,1.0,0.6204379562043796,-0.3323793149956721
OSD-401|Gastrocnemius|344e21b7,OSD-401,mouse,skeletal muscle,actual_flight,existing,primary,Myogenesis,190,200,190,1.0,0.95,ok,-0.478339924329756,-0.07647073412019978,-0.050606667402854466,4.0490279443750055e-06,-0.6340676985626292,-0.3464944763393264,1.0,0.6789473684210526,-0.47921936414725247
OSD-401|Gastrocnemius|344e21b7,OSD-401,mouse,skeletal muscle,actual_flight,existing,primary,Unfolded Protein Response,102,113,102,1.0,0.9026548672566371,ok,-0.495931067583151,-0.06076644207624815,-0.03490237535890284,-0.0020717639732011905,-0.6503837686727947,-0.3328000152063071,1.0,0.6764705882352942,-0.495931067583151
OSD-401|Gastrocnemius|344e21b7,OSD-401,mouse,skeletal muscle,actual_flight,existing,primary,Inflammatory Response,177,200,177,1.0,0.885,ok,-0.04844154295836545,-0.007866199059927359,0.017997867657417954,0.0029759897871686203,-0.13662495716210124,0.09644462034186921,0.6666666666666666,0.4689265536723164,-0.04844154295836545
OSD-401|Gastrocnemius|344e21b7,OSD-401,mouse,skeletal muscle,actual_flight,existing,primary,Oxidative Phosphorylation,173,200,173,1.0,0.865,ok,-1.2236540387967865,-0.18012476633509333,-0.15426069961774802,-0.00959878078452403,-1.3668918816527356,-1.1335439571170665,1.0,0.953757225433526,-1.2236540387967865
OSD-401|Gastrocnemius|344e21b7,OSD-401,mouse,skeletal muscle,actual_flight,existing,primary,Reactive Oxygen Species Pathway,44,49,44,1.0,0.8979591836734694,ok,-0.6507660561730568,-0.10223478270751052,-0.0763707159901652,-0.0072810198922957925,-0.7550213494771161,-0.5127176754348652,1.0,0.75,-0.6507660561730568
OSD-401|Gastrocnemius|344e21b7,OSD-401,mouse,skeletal muscle,actual_flight,existing,primary,p53 Pathway,186,200,186,1.0,0.93,ok,-0.31087519410030906,-0.0555596044921316,-0.029695537774786285,-0.001881572712114088,-0.4137551947252256,-0.17287036674302791,1.0,0.5967741935483871,-0.31087519410030906
OSD-401|Gastrocnemius|344e21b7,OSD-401,mouse,skeletal muscle,actual_flight,existing,primary,Circadian clock,106,112,106,1.0,0.9464285714285714,ok,-0.4888363326244205,-0.05843065470550801,-0.0325665879881627,-0.0015627883636398776,-0.5777152795178239,-0.38213206991100895,1.0,0.7169811320754716,-0.4888363326244205
OSD-401|Gastrocnemius|344e21b7,OSD-401,mouse,skeletal muscle,actual_flight,existing,primary,Muscle contraction,192,204,192,1.0,0.9411764705882353,ok,-0.18545679476500357,-0.040968368431398616,-0.015104301714053303,0.0008819078103821099,-0.29039395832350173,-0.12084873194169982,1.0,0.5208333333333334,-0.18545679476500357
OSD-401|Quadriceps femoris|344e21b7,OSD-401,mouse,skeletal muscle,actual_flight,existing,primary,TNF-alpha Signaling via NF-kB,184,200,184,1.0,0.92,ok,-0.022457531158301722,0.011872679926455021,0.021758812455692667,0.004306015472316238,-0.13425766037838324,0.03525458215657764,0.5,0.4673913043478261,-0.022457531158301722
OSD-401|Quadriceps femoris|344e21b7,OSD-401,mouse,skeletal muscle,actual_flight,existing,primary,DNA Repair,137,150,137,1.0,0.9133333333333333,ok,-0.20962551618974706,-0.02628151445203164,-0.016395381922793995,-0.0014511099719788367,-0.32219836232499943,-0.0034868182249377794,1.0,0.6131386861313869,-0.20962551618974706
OSD-401|Quadriceps femoris|344e21b7,OSD-401,mouse,skeletal muscle,actual_flight,existing,primary,Myogenesis,190,200,190,1.0,0.95,ok,-0.08871301137499076,-0.022388433808820274,-0.012502301279582628,0.003128336832850298,-0.2077431989030295,0.03529327879784307,0.8333333333333334,0.531578947368421,-0.0868979124029225
OSD-401|Quadriceps femoris|344e21b7,OSD-401,mouse,skeletal muscle,actual_flight,existing,primary,Unfolded Protein Response,102,113,102,1.0,0.9026548672566371,ok,-0.35806019614147144,-0.027299570199710743,-0.017413437670473098,-0.0012862865774954102,-0.4117655846163758,-0.3044502632973078,1.0,0.6470588235294118,-0.35806019614147144
OSD-401|Quadriceps femoris|344e21b7,OSD-401,mouse,skeletal muscle,actual_flight,existing,primary,Inflammatory Response,177,200,177,1.0,0.885,ok,-0.06556943428488524,-0.012688617123792323,-0.0028024845945546772,0.00010133354196117939,-0.14872271444567206,0.010913274085068203,0.8333333333333334,0.4915254237288136,-0.06556943428488524
OSD-401|Quadriceps femoris|344e21b7,OSD-401,mouse,skeletal muscle,actual_flight,existing,primary,Oxidative Phosphorylation,173,200,173,1.0,0.865,ok,-1.0644687001357362,-0.12353332355073032,-0.11364719102149268,-0.007737495132221883,-1.1670736405003252,-0.9552786923520002,1.0,0.9248554913294798,-1.0644687001357362
OSD-401|Quadriceps femoris|344e21b7,OSD-401,mouse,skeletal muscle,actual_flight,existing,primary,Reactive Oxygen Species Pathway,44,49,44,1.0,0.8979591836734694,ok,-0.48628236654557067,-0.07861014385002196,-0.06872401132078432,-0.0055960195426071335,-0.6509959837932577,-0.3428663405069158,1.0,0.6363636363636364,-0.48628236654557067
OSD-401|Quadriceps femoris|344e21b7,OSD-401,mouse,skeletal muscle,actual_flight,existing,primary,p53 Pathway,186,200,186,1.0,0.93,ok,-0.1855040221153741,-0.034300288005221446,-0.0244141554759838,-0.002665423472034689,-0.2550662930150588,-0.1033866377303119,1.0,0.5752688172043011,-0.1855040221153741
OSD-401|Quadriceps femoris|344e21b7,OSD-401,mouse,skeletal muscle,actual_flight,existing,primary,Circadian clock,106,112,106,1.0,0.9464285714285714,ok,-0.27371264845060983,-0.0179413070421921,-0.008055174512954455,0.002645428587425225,-0.36577426935713553,-0.17879624771660654,1.0,0.5943396226415094,-0.27371264845060983
OSD-401|Quadriceps femoris|344e21b7,OSD-401,mouse,skeletal muscle,actual_flight,existing,primary,Muscle contraction,192,204,192,1.0,0.9411764705882353,ok,0.039370378279060744,-0.007018261579408769,0.002867870949828877,0.002760662801773117,-0.04949432691555469,0.095216709019001,0.6666666666666666,0.4791666666666667,0.039370378279060744
OSD-419|Right gastrocnemius|2664dccf,OSD-419,mouse,skeletal muscle,actual_flight,existing,primary,TNF-alpha Signaling via NF-kB,184,200,184,1.0,0.92,ok,0.09001290404050757,0.049390939454062144,0.0018551629958298843,0.0018140879074146632,0.030974058428749222,0.15838405538727054,1.0,0.5108695652173914,0.09001290404050757
OSD-419|Right gastrocnemius|2664dccf,OSD-419,mouse,skeletal muscle,actual_flight,existing,primary,DNA Repair,137,150,137,1.0,0.9133333333333333,ok,-0.008663323956645055,0.010377501445729465,-0.037158275012502795,-0.003272157123225816,-0.08577073343440685,0.06898322792321025,0.7,0.45985401459854014,-0.008663323956645055
OSD-419|Right gastrocnemius|2664dccf,OSD-419,mouse,skeletal muscle,actual_flight,existing,primary,Myogenesis,190,200,190,1.0,0.95,ok,0.16040567790959215,0.03286092832619181,-0.014674848132040452,0.003823395861893397,0.11608774004354448,0.22452622668095357,1.0,0.5947368421052631,0.1555971249135856
OSD-419|Right gastrocnemius|2664dccf,OSD-419,mouse,skeletal muscle,actual_flight,existing,primary,Unfolded Protein Response,102,113,102,1.0,0.9026548672566371,ok,0.1341999453572719,0.07144699548827704,0.023911219030044784,0.006247481408213518,0.10002209730694239,0.20553585266807453,1.0,0.6176470588235294,0.1341999453572719
OSD-419|Right gastrocnemius|2664dccf,OSD-419,mouse,skeletal muscle,actual_flight,existing,primary,Inflammatory Response,177,200,177,1.0,0.885,ok,0.15343326121232037,0.06757123983445856,0.020035463376226303,0.0013915665904805086,0.0946485977037057,0.21363458861305912,1.0,0.5254237288135594,0.15343326121232037
OSD-419|Right gastrocnemius|2664dccf,OSD-419,mouse,skeletal muscle,actual_flight,existing,primary,Oxidative Phosphorylation,173,200,173,1.0,0.865,ok,-0.22648965543737914,-0.043967862608115915,-0.09150363906634817,-0.0030673192188430676,-0.359964102571129,-0.08736698438884115,1.0,0.6242774566473989,-0.22648965543737914
OSD-419|Right gastrocnemius|2664dccf,OSD-419,mouse,skeletal muscle,actual_flight,existing,primary,Reactive Oxygen Species Pathway,44,49,44,1.0,0.8979591836734694,ok,0.04333390460668264,0.014495742831830416,-0.033040033626401843,-0.003446994674739523,-0.01160554646407864,0.09502259207303182,0.8,0.4772727272727273,0.04333390460668264
OSD-419|Right gastrocnemius|2664dccf,OSD-419,mouse,skeletal muscle,actual_flight,existing,primary,p53 Pathway,186,200,186,1.0,0.93,ok,0.032176099891275116,0.002102377009995049,-0.04543339944823721,-0.004621106301413325,-0.01773182146348217,0.08925295122600313,0.7,0.521505376344086,0.032176099891275116
OSD-419|Right gastrocnemius|2664dccf,OSD-419,mouse,skeletal muscle,actual_flight,existing,primary,Circadian clock,106,112,106,1.0,0.9464285714285714,ok,0.03631872536247626,0.008834315558350792,-0.03870146089988147,-0.002428423608648589,-0.04663804124690357,0.1330819613348286,0.6,0.5283018867924528,0.03631872536247626
OSD-419|Right gastrocnemius|2664dccf,OSD-419,mouse,skeletal muscle,actual_flight,existing,primary,Muscle contraction,192,204,192,1.0,0.9411764705882353,ok,0.13224642427862074,0.012942776201574357,-0.0345930002566579,-0.0005008563212071104,0.04542862382912959,0.1778771971620844,1.0,0.5625,0.13224642427862074
OSD-457|Cerebrum|0f84cf73,OSD-457,mouse,brain,actual_flight,existing,primary,TNF-alpha Signaling via NF-kB,184,200,184,1.0,0.92,ok,0.06087547773959032,0.01287490771273525,0.005270470086447876,7.143642158458086e-05,0.00804647360880114,0.1720830402054894,1.0,0.5597826086956522,0.06087547773959032
OSD-457|Cerebrum|0f84cf73,OSD-457,mouse,brain,actual_flight,existing,primary,DNA Repair,137,150,137,1.0,0.9133333333333333,ok,0.09399656712238214,0.009002221435526092,0.0013977838092387174,0.001157783441350091,0.00041517518519672373,0.14640774016691044,1.0,0.5985401459854015,0.09399656712238214
OSD-457|Cerebrum|0f84cf73,OSD-457,mouse,brain,actual_flight,existing,primary,Myogenesis,190,200,190,1.0,0.95,ok,0.08963031105940467,0.014599985113008085,0.00699554748672071,0.0006068336023045129,0.038619468393243914,0.16243851789281624,1.0,0.5421052631578948,0.08435106402459469
OSD-457|Cerebrum|0f84cf73,OSD-457,mouse,brain,actual_flight,existing,primary,Unfolded Protein Response,102,113,102,1.0,0.9026548672566371,ok,-0.015525175019201521,-0.0007807492625486745,-0.00838518688883605,-0.0007901105271210795,-0.06668105449420744,0.052375737561861056,0.75,0.5196078431372549,-0.015525175019201521
OSD-457|Cerebrum|0f84cf73,OSD-457,mouse,brain,actual_flight,existing,primary,Inflammatory Response,177,200,177,1.0,0.885,ok,0.04512150112535606,0.007182613081822886,-0.0004218245444644886,-0.00024377174371303933,-0.025016369687929176,0.09546076983697104,0.9166666666666666,0.519774011299435,0.04512150112535606
OSD-457|Cerebrum|0f84cf73,OSD-457,mouse,brain,actual_flight,existing,primary,Oxidative Phosphorylation,173,200,173,1.0,0.865,ok,0.10720890039709015,0.007803558154831691,0.0001991205285443165,0.0003539104532225279,-0.012680775199561026,0.20667403708037324,0.9166666666666666,0.6242774566473989,0.10720890039709015
OSD-457|Cerebrum|0f84cf73,OSD-457,mouse,brain,actual_flight,existing,primary,Reactive Oxygen Species Pathway,44,49,44,1.0,0.8979591836734694,ok,0.2705976966051338,0.01935877727175317,0.011754339645465794,0.0022135299583370127,0.2091807469809022,0.328850873198603,1.0,0.7045454545454546,0.2705976966051338
OSD-457|Cerebrum|0f84cf73,OSD-457,mouse,brain,actual_flight,existing,primary,p53 Pathway,186,200,186,1.0,0.93,ok,-0.0031871730116881636,0.002995477501958277,-0.004608960124329098,-0.001139703405904191,-0.051034568019490176,0.046308332122906554,0.5833333333333334,0.5,-0.0031871730116881636
OSD-457|Cerebrum|0f84cf73,OSD-457,mouse,brain,actual_flight,existing,primary,Circadian clock,106,112,106,1.0,0.9464285714285714,ok,0.13316549885106443,0.006247955415421558,-0.001356482210865817,-7.827938794857658e-05,0.06022647928972416,0.2333007044552272,1.0,0.5943396226415094,0.13316549885106443
OSD-457|Cerebrum|0f84cf73,OSD-457,mouse,brain,actual_flight,existing,primary,Muscle contraction,192,204,192,1.0,0.9411764705882353,ok,0.03885557727250161,0.005833634679826449,-0.0017708029464609254,-0.0004022019361102913,-0.03838193489707169,0.1318423426491029,0.75,0.4791666666666667,0.03885557727250161
OSD-457|Cerebrum|3ec2dbad,OSD-457,mouse,brain,actual_flight,existing,primary,TNF-alpha Signaling via NF-kB,184,200,184,1.0,0.92,ok,-0.00828230767021548,0.013318070720044428,0.006582947132222738,0.0006756893973060563,-0.08109642158750016,0.07931411926030704,0.5833333333333334,0.5271739130434783,-0.00828230767021548
OSD-457|Cerebrum|3ec2dbad,OSD-457,mouse,brain,actual_flight,existing,primary,DNA Repair,137,150,137,1.0,0.9133333333333333,ok,0.18472944064353378,0.020891549668462517,0.014156426080640827,0.0017721928213815241,0.11143899716074064,0.27977725690971555,1.0,0.6423357664233577,0.18472944064353378
OSD-457|Cerebrum|3ec2dbad,OSD-457,mouse,brain,actual_flight,existing,primary,Myogenesis,190,200,190,1.0,0.95,ok,-0.07372802566269857,-0.012949791361103635,-0.019684914948925325,-0.002937193792261872,-0.1087515228272482,-0.027432732106079175,1.0,0.5368421052631579,-0.07483856775504144
OSD-457|Cerebrum|3ec2dbad,OSD-457,mouse,brain,actual_flight,existing,primary,Unfolded Protein Response,102,113,102,1.0,0.9026548672566371,ok,0.013040205295927785,0.003191367583044613,-0.0035437560047770766,-0.0008623011794011148,-0.047210359324398085,0.05902291906178335,0.6666666666666666,0.43137254901960786,0.013040205295927785
OSD-457|Cerebrum|3ec2dbad,OSD-457,mouse,brain,actual_flight,existing,primary,Inflammatory Response,177,200,177,1.0,0.885,ok,-0.09071713472094659,-0.010829254065810145,-0.017564377653631835,-0.002695056202239865,-0.13559890336920438,-0.04303368303142474,1.0,0.6045197740112994,-0.09071713472094659
OSD-457|Cerebrum|3ec2dbad,OSD-457,mouse,brain,actual_flight,existing,primary,Oxidative Phosphorylation,173,200,173,1.0,0.865,ok,0.054101090682585826,0.006997533731148309,0.00026241014332661905,0.00027790006778360965,-0.13848900806557884,0.20334130172272474,0.5833333333333334,0.5549132947976878,0.054101090682585826
OSD-457|Cerebrum|3ec2dbad,OSD-457,mouse,brain,actual_flight,existing,primary,Reactive Oxygen Species Pathway,44,49,44,1.0,0.8979591836734694,ok,0.003936293443733881,0.0018078138713129022,-0.004927309716508788,-0.0010834107644197566,-0.09274834030575468,0.1171326326022942,0.5,0.4772727272727273,0.003936293443733881
OSD-457|Cerebrum|3ec2dbad,OSD-457,mouse,brain,actual_flight,existing,primary,p53 Pathway,186,200,186,1.0,0.93,ok,0.02009721451343821,0.0027872479978054976,-0.003947875590016192,-0.0010059004475264643,-0.044742423487170974,0.09229456270442467,0.75,0.5376344086021505,0.02009721451343821
OSD-457|Cerebrum|3ec2dbad,OSD-457,mouse,brain,actual_flight,existing,primary,Circadian clock,106,112,106,1.0,0.9464285714285714,ok,0.11919033580616398,0.009059037872643394,0.0023239142848217043,0.0009495134236191527,0.03973115503305116,0.19449648039129858,1.0,0.6037735849056604,0.11919033580616398
OSD-457|Cerebrum|3ec2dbad,OSD-457,mouse,brain,actual_flight,existing,primary,Muscle contraction,192,204,192,1.0,0.9411764705882353,ok,0.03749887303981978,0.002642285790190435,-0.004092837797631255,4.487672637987217e-05,-0.02104919534237261,0.1792346326817247,0.9166666666666666,0.5625,0.03749887303981978
OSD-457|Kidney|0f84cf73,OSD-457,mouse,kidney,actual_flight,existing,primary,TNF-alpha Signaling via NF-kB,184,200,184,1.0,0.92,ok,0.39086798110826654,0.08408027362294401,0.0636907368013988,0.010405706312686003,0.2518845951234859,0.6063652833492024,1.0,0.6956521739130435,0.39086798110826654
OSD-457|Kidney|0f84cf73,OSD-457,mouse,kidney,actual_flight,existing,primary,DNA Repair,137,150,137,1.0,0.9133333333333333,ok,0.17491544253221136,0.012177611028191038,-0.008211925793354169,-0.002472638767555102,0.002133078213105708,0.2908989210777096,1.0,0.5474452554744526,0.17491544253221136
OSD-457|Kidney|0f84cf73,OSD-457,mouse,kidney,actual_flight,existing,primary,Myogenesis,190,200,190,1.0,0.95,ok,0.1860697940636412,0.01188009328029116,-0.008509443541254047,-0.0010558129580461317,0.09605100396653415,0.3651571722452217,1.0,0.5631578947368421,0.1870542903285282
OSD-457|Kidney|0f84cf73,OSD-457,mouse,kidney,actual_flight,existing,primary,Unfolded Protein Response,102,113,102,1.0,0.9026548672566371,ok,0.05722384644547909,-0.0022349058242596698,-0.022624442645804876,-0.003433796861969318,-0.05800299565749467,0.1656219427979946,0.6666666666666666,0.49019607843137253,0.05722384644547909
OSD-457|Kidney|0f84cf73,OSD-457,mouse,kidney,actual_flight,existing,primary,Inflammatory Response,177,200,177,1.0,0.885,ok,0.21082131429567602,0.026672102672288256,0.006282565850743049,0.002691610116713705,0.11024118269836411,0.3601067327014133,1.0,0.5988700564971752,0.21082131429567602
OSD-457|Kidney|0f84cf73,OSD-457,mouse,kidney,actual_flight,existing,primary,Oxidative Phosphorylation,173,200,173,1.0,0.865,ok,0.02416869894002486,0.009124980955913742,-0.011264555865631465,0.00027202379477642147,-0.23976420548016092,0.18787153108996418,0.6666666666666666,0.5028901734104047,0.02416869894002486
OSD-457|Kidney|0f84cf73,OSD-457,mouse,kidney,actual_flight,existing,primary,Reactive Oxygen Species Pathway,44,49,44,1.0,0.8979591836734694,ok,0.185486960313739,0.0236750678582629,0.0032855310367176926,0.0012778627021950983,-0.013911481001523823,0.37473478929869697,0.8333333333333334,0.5454545454545454,0.185486960313739
OSD-457|Kidney|0f84cf73,OSD-457,mouse,kidney,actual_flight,existing,primary,p53 Pathway,186,200,186,1.0,0.93,ok,0.20291840134379652,0.02680633750520478,0.006416800683659574,0.00132869380659828,0.05125187263429461,0.424020942821854,1.0,0.5860215053763441,0.20291840134379652
OSD-457|Kidney|0f84cf73,OSD-457,mouse,kidney,actual_flight,existing,primary,Circadian clock,106,112,106,1.0,0.9464285714285714,ok,0.1979501385360185,0.019569487457379964,-0.0008200493641652429,-0.0005410090679669466,0.0032484470681949295,0.40123822892403394,1.0,0.6037735849056604,0.1979501385360185
OSD-457|Kidney|0f84cf73,OSD-457,mouse,kidney,actual_flight,existing,primary,Muscle contraction,192,204,192,1.0,0.9411764705882353,ok,0.2642595612408211,0.03190371156476135,0.011514174743216143,0.003480922812030607,0.14135447190031336,0.4897650805108873,1.0,0.59375,0.2642595612408211
OSD-457|Kidney|3ec2dbad,OSD-457,mouse,kidney,actual_flight,existing,primary,TNF-alpha Signaling via NF-kB,184,200,184,1.0,0.92,ok,0.3372300672293868,0.09026812253169014,0.06146444542578333,0.008660829904862943,0.2503155823619764,0.389820432064823,1.0,0.625,0.3372300672293868
OSD-457|Kidney|3ec2dbad,OSD-457,mouse,kidney,actual_flight,existing,primary,DNA Repair,137,150,137,1.0,0.9133333333333333,ok,0.46140170878508213,0.042655255020100036,0.013851577914193225,0.00026432679294996486,0.2598323491425456,0.5969238427858559,1.0,0.7153284671532847,0.46140170878508213
OSD-457|Kidney|3ec2dbad,OSD-457,mouse,kidney,actual_flight,existing,primary,Myogenesis,190,200,190,1.0,0.95,ok,0.1649355230492059,0.02067543674554484,-0.008128240360361971,-0.0020606660072536864,0.08304388904041074,0.2368937811407939,1.0,0.5631578947368421,0.17093345034630666
OSD-457|Kidney|3ec2dbad,OSD-457,mouse,kidney,actual_flight,existing,primary,Unfolded Protein Response,102,113,102,1.0,0.9026548672566371,ok,0.6201128230955754,0.07618322666563992,0.047379549559733114,0.00495260198815195,0.44379814428317654,0.8053665824050695,1.0,0.7941176470588235,0.6201128230955754
OSD-457|Kidney|3ec2dbad,OSD-457,mouse,kidney,actual_flight,existing,primary,Inflammatory Response,177,200,177,1.0,0.885,ok,0.0017272261225937668,-0.017526935154603684,-0.046330612260510495,-0.006954076408719423,-0.1310891576417398,0.12672271299239732,0.6666666666666666,0.4350282485875706,0.0017272261225937668
OSD-457|Kidney|3ec2dbad,OSD-457,mouse,kidney,actual_flight,existing,primary,Oxidative Phosphorylation,173,200,173,1.0,0.865,ok,0.019335294851760713,0.009784734318022181,-0.01901894278788463,-0.0002241242288588685,-0.29112819802072876,0.2252297600310613,0.5,0.5144508670520231,0.019335294851760713
OSD-457|Kidney|3ec2dbad,OSD-457,mouse,kidney,actual_flight,existing,primary,Reactive Oxygen Species Pathway,44,49,44,1.0,0.8979591836734694,ok,0.14173730691561248,0.024960932406512093,-0.003842744699394718,0.0009663899129775944,0.05041861220133241,0.2648540337443452,1.0,0.5454545454545454,0.14173730691561248
OSD-457|Kidney|3ec2dbad,OSD-457,mouse,kidney,actual_flight,existing,primary,p53 Pathway,186,200,186,1.0,0.93,ok,0.3793603870769676,0.07717901505997204,0.048375337954065234,0.00641338348654652,0.2901634206535183,0.4873546106359209,1.0,0.6612903225806451,0.3793603870769676
OSD-457|Kidney|3ec2dbad,OSD-457,mouse,kidney,actual_flight,existing,primary,Circadian clock,106,112,106,1.0,0.9464285714285714,ok,0.3420453504444808,0.07368305852671764,0.04487938142081083,0.007325913898894143,0.2157723674057207,0.4422855773152594,1.0,0.6509433962264151,0.3420453504444808
OSD-457|Kidney|3ec2dbad,OSD-457,mouse,kidney,actual_flight,existing,primary,Muscle contraction,192,204,192,1.0,0.9411764705882353,ok,0.32853710711276035,0.047254430058981445,0.018450752953074634,0.0027879093856469916,0.25338038899343424,0.39875816952614707,1.0,0.6197916666666666,0.32853710711276035
OSD-457|Liver|0f84cf73,OSD-457,mouse,liver,actual_flight,existing,primary,TNF-alpha Signaling via NF-kB,184,200,184,1.0,0.92,ok,-0.16014881885179957,-0.025270359087870897,0.011342225500240222,-0.00012265442451853126,-0.21226261519208572,-0.09799240340873429,1.0,0.6086956521739131,-0.16014881885179957
OSD-457|Liver|0f84cf73,OSD-457,mouse,liver,actual_flight,existing,primary,DNA Repair,137,150,137,1.0,0.9133333333333333,ok,-0.11556684105107673,-0.023798738010317955,0.012813846577793164,0.002496464278179067,-0.21742272723175107,-0.03822997823311766,1.0,0.5693430656934306,-0.11556684105107673
OSD-457|Liver|0f84cf73,OSD-457,mouse,liver,actual_flight,existing,primary,Myogenesis,190,200,190,1.0,0.95,ok,-0.26451804483283115,-0.053518734666469614,-0.016906150078358495,-0.003045273916740532,-0.35171109224287594,-0.15175113254684114,1.0,0.6789473684210526,-0.2631336617726806
OSD-457|Liver|0f84cf73,OSD-457,mouse,liver,actual_flight,existing,primary,Unfolded Protein Response,102,113,102,1.0,0.9026548672566371,ok,-0.22273206302691678,-0.01859893886603725,0.018013645722073868,-0.0006861883120099499,-0.28974174427384836,-0.13092467613315212,1.0,0.6470588235294118,-0.22273206302691678
OSD-457|Liver|0f84cf73,OSD-457,mouse,liver,actual_flight,existing,primary,Inflammatory Response,177,200,177,1.0,0.885,ok,-0.478829410229196,-0.08700756198970394,-0.05039497740159282,-0.008554705521125694,-0.5682410897293749,-0.4187590328060785,1.0,0.7401129943502824,-0.478829410229196
OSD-457|Liver|0f84cf73,OSD-457,mouse,liver,actual_flight,existing,primary,Oxidative Phosphorylation,173,200,173,1.0,0.865,ok,-0.3468435123264708,-0.024567997524505003,0.012044587063606116,-0.0017558303745501824,-0.40803131765838063,-0.28413823724515397,1.0,0.6647398843930635,-0.3468435123264708
OSD-457|Liver|0f84cf73,OSD-457,mouse,liver,actual_flight,existing,primary,Reactive Oxygen Species Pathway,44,49,44,1.0,0.8979591836734694,ok,-0.16288489242653206,-0.021047917617993406,0.015564666970117713,-0.0023158139256062027,-0.22740422054836118,-0.0990099431258594,1.0,0.6136363636363636,-0.16288489242653206
OSD-457|Liver|0f84cf73,OSD-457,mouse,liver,actual_flight,existing,primary,p53 Pathway,186,200,186,1.0,0.93,ok,-0.1133356185994995,-0.009867974935854562,0.026744609652256557,0.0021421767959850513,-0.1961119985187621,-0.04165871808897557,1.0,0.5645161290322581,-0.1133356185994995
OSD-457|Liver|0f84cf73,OSD-457,mouse,liver,actual_flight,existing,primary,Circadian clock,106,112,106,1.0,0.9464285714285714,ok,-0.20669669690052295,-0.03472194153194641,0.0018906430561647092,0.0003818064187027792,-0.31134330927157183,-0.13215567726347888,1.0,0.6037735849056604,-0.20669669690052295
OSD-457|Liver|0f84cf73,OSD-457,mouse,liver,actual_flight,existing,primary,Muscle contraction,192,204,192,1.0,0.9411764705882353,ok,-0.35453907617951563,-0.05511411345388395,-0.01850152886577283,-0.004171102822654482,-0.43086628103335983,-0.25495102604761694,1.0,0.7291666666666666,-0.35453907617951563
OSD-457|Liver|3ec2dbad,OSD-457,mouse,liver,actual_flight,existing,primary,TNF-alpha Signaling via NF-kB,184,200,184,1.0,0.92,ok,0.08632951575861705,0.04200000206912913,0.052834259945672146,0.008764191717197667,0.026951724545970022,0.1451486374372894,1.0,0.5652173913043478,0.08632951575861705
OSD-457|Liver|3ec2dbad,OSD-457,mouse,liver,actual_flight,existing,primary,DNA Repair,137,150,137,1.0,0.9133333333333333,ok,0.04733341791762048,0.0008313093774034996,0.011665567253946518,0.0024367400604702327,-0.07463269206743775,0.2299918322728334,0.5833333333333334,0.5693430656934306,0.04733341791762048
OSD-457|Liver|3ec2dbad,OSD-457,mouse,liver,actual_flight,existing,primary,Myogenesis,190,200,190,1.0,0.95,ok,0.04073110233004415,0.0030226855465262936,0.013856943423069312,0.0024317594183282942,-0.03389073984458009,0.13478548956237646,0.75,0.5052631578947369,0.04661163545372631
OSD-457|Liver|3ec2dbad,OSD-457,mouse,liver,actual_flight,existing,primary,Unfolded Protein Response,102,113,102,1.0,0.9026548672566371,ok,0.041021749951322836,0.03339325324358322,0.04422751112012624,0.004264474225782244,-0.0701603964463468,0.20178200076351127,0.5833333333333334,0.5588235294117647,0.041021749951322836
OSD-457|Liver|3ec2dbad,OSD-457,mouse,liver,actual_flight,existing,primary,Inflammatory Response,177,200,177,1.0,0.885,ok,-0.21584574071836432,-0.03984679308020134,-0.02901253520365832,-0.003154068585173919,-0.2646035860411108,-0.1419705420201009,1.0,0.5649717514124294,-0.21584574071836432
OSD-457|Liver|3ec2dbad,OSD-457,mouse,liver,actual_flight,existing,primary,Oxidative Phosphorylation,173,200,173,1.0,0.865,ok,-0.16570456713365583,-0.010945215448018963,-0.00011095757147594476,-0.0016057789492205377,-0.3153316986705873,-0.08947244531894585,1.0,0.6011560693641619,-0.16570456713365583
OSD-457|Liver|3ec2dbad,OSD-457,mouse,liver,actual_flight,existing,primary,Reactive Oxygen Species Pathway,44,49,44,1.0,0.8979591836734694,ok,0.14986751696776301,0.016628659732469853,0.02746291760901287,0.001139985412982436,0.06594303001289295,0.27419019214704166,1.0,0.5454545454545454,0.14986751696776301
OSD-457|Liver|3ec2dbad,OSD-457,mouse,liver,actual_flight,existing,primary,p53 Pathway,186,200,186,1.0,0.93,ok,0.04394599777546092,0.03396732767870336,0.04480158555524638,0.00450238535015679,-0.026501536206469122,0.14409363228642696,0.9166666666666666,0.5,0.04394599777546092
OSD-457|Liver|3ec2dbad,OSD-457,mouse,liver,actual_flight,existing,primary,Circadian clock,106,112,106,1.0,0.9464285714285714,ok,-0.07046558380471774,-0.019685642410117055,-0.008851384533574036,-0.00196932277442885,-0.184007153552319,0.060708290278691054,0.8333333333333334,0.5754716981132075,-0.07046558380471774
OSD-457|Liver|3ec2dbad,OSD-457,mouse,liver,actual_flight,existing,primary,Muscle contraction,192,204,192,1.0,0.9411764705882353,ok,-0.05517125970510402,-0.013182990133726591,-0.0023487322571835723,-0.0005475361303440285,-0.11121006951907195,0.026897615876204324,0.8333333333333334,0.5052083333333334,-0.05517125970510402
OSD-457|Mandible|0f84cf73,OSD-457,mouse,bone,actual_flight,existing,primary,TNF-alpha Signaling via NF-kB,184,200,184,1.0,0.92,ok,0.10471540812835897,0.015534730641630912,0.014555324737802522,0.0022703163749479005,-0.1707649767101686,0.24650089787255758,0.6666666666666666,0.5706521739130435,0.10471540812835897
OSD-457|Mandible|0f84cf73,OSD-457,mouse,bone,actual_flight,existing,primary,DNA Repair,137,150,137,1.0,0.9133333333333333,ok,-0.24614518168934973,-0.021694555751743394,-0.022673961655571784,-0.00665036584593004,-0.58703323841969,-0.04914562466291948,1.0,0.5912408759124088,-0.24614518168934973
OSD-457|Mandible|0f84cf73,OSD-457,mouse,bone,actual_flight,existing,primary,Myogenesis,190,200,190,1.0,0.95,ok,-0.2524122024492762,-0.18274196076549964,-0.18372136666932803,-0.033728171401137264,-0.4320179526830019,-0.14710347589163106,1.0,0.5526315789473685,-0.24515312948383286
OSD-457|Mandible|0f84cf73,OSD-457,mouse,bone,actual_flight,existing,primary,Unfolded Protein Response,102,113,102,1.0,0.9026548672566371,ok,0.005652990218205792,-0.002046325359664536,-0.0030257312634929256,-0.0012971690489583798,-0.39149306625824043,0.3243819789453157,0.6666666666666666,0.5098039215686274,0.005652990218205792
OSD-457|Mandible|0f84cf73,OSD-457,mouse,bone,actual_flight,existing,primary,Inflammatory Response,177,200,177,1.0,0.885,ok,0.03589296891004119,0.00604380472877164,0.00506439882494325,0.0010489760158658434,-0.15159612055164645,0.13130687119853224,0.6666666666666666,0.519774011299435,0.03589296891004119
OSD-457|Mandible|0f84cf73,OSD-457,mouse,bone,actual_flight,existing,primary,Oxidative Phosphorylation,173,200,173,1.0,0.865,ok,-0.14114737589972604,-0.01978792482718017,-0.02076733073100856,-0.002896780247083064,-0.40797768111059524,0.0037448119580783907,0.8333333333333334,0.5895953757225434,-0.14114737589972604
OSD-457|Mandible|0f84cf73,OSD-457,mouse,bone,actual_flight,existing,primary,Reactive Oxygen Species Pathway,44,49,44,1.0,0.8979591836734694,ok,-0.18815136409349117,-0.016638106525395102,-0.017617512429223492,-0.0030108203698708813,-0.460998815664893,-0.04849760672710911,1.0,0.5909090909090909,-0.18815136409349117
OSD-457|Mandible|0f84cf73,OSD-457,mouse,bone,actual_flight,existing,primary,p53 Pathway,186,200,186,1.0,0.93,ok,0.010884250493727193,0.002571767970492189,0.0015923620666637994,-0.0005498063712539025,-0.2515604676267678,0.19796817526566549,0.6666666666666666,0.510752688172043,0.010884250493727193
OSD-457|Mandible|0f84cf73,OSD-457,mouse,bone,actual_flight,existing,primary,Circadian clock,106,112,106,1.0,0.9464285714285714,ok,0.022925082961211152,0.024139992822453937,0.023160586918625548,0.005972250734581963,-0.31142160118577733,0.27596366250393056,0.6666666666666666,0.5,0.022925082961211152
OSD-457|Mandible|0f84cf73,OSD-457,mouse,bone,actual_flight,existing,primary,Muscle contraction,192,204,192,1.0,0.9411764705882353,ok,-0.12981760706550768,-0.11207975936445624,-0.11305916526828463,-0.01709894860241029,-0.2774056044868354,-0.041795189859404086,1.0,0.5572916666666666,-0.12981760706550768
OSD-457|Mandible|3ec2dbad,OSD-457,mouse,bone,actual_flight,existing,primary,TNF-alpha Signaling via NF-kB,184,200,184,1.0,0.92,ok,0.12816161140436055,0.02014869035802036,-0.005168330390060039,-0.00045388408664148727,-0.1026506814820728,0.5575272341860633,0.5,0.6032608695652174,0.12816161140436055
OSD-457|Mandible|3ec2dbad,OSD-457,mouse,bone,actual_flight,existing,primary,DNA Repair,137,150,137,1.0,0.9133333333333333,ok,0.4590479105490113,0.05292678058800071,0.02760975983992031,0.004961562311732282,0.1700859730014227,0.8947772585169099,1.0,0.781021897810219,0.4590479105490113
OSD-457|Mandible|3ec2dbad,OSD-457,mouse,bone,actual_flight,existing,primary,Myogenesis,190,200,190,1.0,0.95,ok,-0.12799341429119493,-0.0839066365374288,-0.1092236572855092,-0.017736651222516997,-0.3271103057197595,0.11619014642397818,0.8333333333333334,0.5578947368421052,-0.12407756889182073
OSD-457|Mandible|3ec2dbad,OSD-457,mouse,bone,actual_flight,existing,primary,Unfolded Protein Response,102,113,102,1.0,0.9026548672566371,ok,0.3284724476625782,0.027229104337155086,0.0019120835890746868,0.00017972240000485584,-0.01778034665420125,0.8565491061289539,0.8333333333333334,0.7254901960784313,0.3284724476625782
OSD-457|Mandible|3ec2dbad,OSD-457,mouse,bone,actual_flight,existing,primary,Inflammatory Response,177,200,177,1.0,0.885,ok,0.035863574067542786,0.009914590645644594,-0.015402430102435805,-0.0033216538975224807,-0.19384156291540477,0.37061510188571345,0.5,0.5084745762711864,0.035863574067542786
OSD-457|Mandible|3ec2dbad,OSD-457,mouse,bone,actual_flight,existing,primary,Oxidative Phosphorylation,173,200,173,1.0,0.865,ok,0.6072435373133431,0.06861748240586607,0.04330046165778567,0.006543944675366009,0.2488688191855531,1.1510868015026128,1.0,0.861271676300578,0.6072435373133431
OSD-457|Mandible|3ec2dbad,OSD-457,mouse,bone,actual_flight,existing,primary,Reactive Oxygen Species Pathway,44,49,44,1.0,0.8979591836734694,ok,0.43307198726453466,0.061167500913142714,0.035850480165062315,0.005156161016695249,0.1796811727944554,0.8712113932137442,1.0,0.7272727272727273,0.43307198726453466
OSD-457|Mandible|3ec2dbad,OSD-457,mouse,bone,actual_flight,existing,primary,p53 Pathway,186,200,186,1.0,0.93,ok,0.13339366097078698,0.011583773225652738,-0.01373324752242766,-0.0023456435600271996,-0.16456737553286688,0.5556210068375717,0.6666666666666666,0.5860215053763441,0.13339366097078698
OSD-457|Mandible|3ec2dbad,OSD-457,mouse,bone,actual_flight,existing,primary,Circadian clock,106,112,106,1.0,0.9464285714285714,ok,0.31466018515787253,0.03334589916392705,0.008028878415846652,-0.0006902064709576328,0.050228685480506616,0.8515826321755431,1.0,0.7075471698113207,0.31466018515787253
OSD-457|Mandible|3ec2dbad,OSD-457,mouse,bone,actual_flight,existing,primary,Muscle contraction,192,204,192,1.0,0.9411764705882353,ok,-0.04366508484372357,-0.05405985830778626,-0.07937687905586666,-0.013040982067626272,-0.1643622345378959,0.2056735206718761,0.6666666666666666,0.5052083333333334,-0.04366508484372357
OSD-457|Spleen|0f84cf73,OSD-457,mouse,spleen,actual_flight,existing,primary,TNF-alpha Signaling via NF-kB,184,200,184,1.0,0.92,ok,0.0869418514158,0.028351548721716746,0.02224109696040877,0.005588585941120994,0.05792333318219219,0.13890978819356176,1.0,0.5217391304347826,0.0869418514158
OSD-457|Spleen|0f84cf73,OSD-457,mouse,spleen,actual_flight,existing,primary,DNA Repair,137,150,137,1.0,0.9133333333333333,ok,0.05250808825861892,0.00869400650625396,0.0025835547449459817,0.00194631157831604,0.019446517152448457,0.09687750549328636,1.0,0.5109489051094891,0.05250808825861892
OSD-457|Spleen|0f84cf73,OSD-457,mouse,spleen,actual_flight,existing,primary,Myogenesis,190,200,190,1.0,0.95,ok,0.35662375793488654,0.062487219385150006,0.05637676762384203,0.008593714751765846,0.31301737768438487,0.40548719686592943,1.0,0.6421052631578947,0.3592651535503528
OSD-457|Spleen|0f84cf73,OSD-457,mouse,spleen,actual_flight,existing,primary,Unfolded Protein Response,102,113,102,1.0,0.9026548672566371,ok,0.05308568693201617,0.004999373181194144,-0.0011110785801138334,0.000605862742943275,-0.017895838679979924,0.12750769046802116,0.9166666666666666,0.5588235294117647,0.05308568693201617
OSD-457|Spleen|0f84cf73,OSD-457,mouse,spleen,actual_flight,existing,primary,Inflammatory Response,177,200,177,1.0,0.885,ok,-0.05249856963903804,0.003319003589437486,-0.002791448171870492,0.00023427172415413366,-0.11201786218329333,0.00927138846363021,0.8333333333333334,0.536723163841808,-0.05249856963903804
OSD-457|Spleen|0f84cf73,OSD-457,mouse,spleen,actual_flight,existing,primary,Oxidative Phosphorylation,173,200,173,1.0,0.865,ok,0.2401479259806383,0.018667791117708,0.012557339356400021,0.0032311878266489957,0.18315424703335292,0.31750372607101013,1.0,0.6763005780346821,0.2401479259806383
OSD-457|Spleen|0f84cf73,OSD-457,mouse,spleen,actual_flight,existing,primary,Reactive Oxygen Species Pathway,44,49,44,1.0,0.8979591836734694,ok,0.09700509187702652,0.007896645502610156,0.0017861937413021778,0.00011077640899592733,0.02106126041135275,0.17366082193199267,1.0,0.6590909090909091,0.09700509187702652
OSD-457|Spleen|0f84cf73,OSD-457,mouse,spleen,actual_flight,existing,primary,p53 Pathway,186,200,186,1.0,0.93,ok,0.12128931970855947,0.023713906405754326,0.017603454644446348,0.0035438137476999643,0.09468799972876334,0.1588424573881151,1.0,0.5376344086021505,0.12128931970855947
OSD-457|Spleen|0f84cf73,OSD-457,mouse,spleen,actual_flight,existing,primary,Circadian clock,106,112,106,1.0,0.9464285714285714,ok,0.02990106743076173,0.004261361153901078,-0.0018490906074069002,0.0003580115583923238,-0.02659408899708629,0.08364103280375583,0.8333333333333334,0.5471698113207547,0.02990106743076173
OSD-457|Spleen|0f84cf73,OSD-457,mouse,spleen,actual_flight,existing,primary,Muscle contraction,192,204,192,1.0,0.9411764705882353,ok,0.21757343934799428,0.04123476605551968,0.0351243142942117,0.0060915576803315385,0.18882553667225954,0.2442007779350996,1.0,0.609375,0.21757343934799428
OSD-457|Spleen|3ec2dbad,OSD-457,mouse,spleen,actual_flight,existing,primary,TNF-alpha Signaling via NF-kB,184,200,184,1.0,0.92,ok,0.1752189301033122,0.03490741881609427,0.04279007745716967,0.008586944575849298,0.12063488860406033,0.26669551044154627,1.0,0.6141304347826086,0.1752189301033122
OSD-457|Spleen|3ec2dbad,OSD-457,mouse,spleen,actual_flight,existing,primary,DNA Repair,137,150,137,1.0,0.9133333333333333,ok,-0.12826214394067123,-0.017894891908713184,-0.010012233267637782,-0.001573005134918648,-0.19865592459018697,-0.07583112429892006,1.0,0.5474452554744526,-0.12826214394067123
OSD-457|Spleen|3ec2dbad,OSD-457,mouse,spleen,actual_flight,existing,primary,Myogenesis,190,200,190,1.0,0.95,ok,0.14324042267741982,0.022827681987300785,0.030710340628376187,0.004142531567957297,0.06558463517639743,0.25020074973795664,1.0,0.5947368421052631,0.14138784957908496
OSD-457|Spleen|3ec2dbad,OSD-457,mouse,spleen,actual_flight,existing,primary,Unfolded Protein Response,102,113,102,1.0,0.9026548672566371,ok,0.0920594089754231,0.01723195101116204,0.02511460965223744,0.003067240743973132,0.034490329212994775,0.21926629320366556,1.0,0.4803921568627451,0.0920594089754231
OSD-457|Spleen|3ec2dbad,OSD-457,mouse,spleen,actual_flight,existing,primary,Inflammatory Response,177,200,177,1.0,0.885,ok,-0.019885178885298404,0.001387999808720508,0.00927065844979591,0.001980878261285235,-0.056765048277570986,0.05444099331288645,0.8333333333333334,0.5028248587570622,-0.019885178885298404
OSD-457|Spleen|3ec2dbad,OSD-457,mouse,spleen,actual_flight,existing,primary,Oxidative Phosphorylation,173,200,173,1.0,0.865,ok,-0.024185825083482552,-0.0016842019064116087,0.006198456734663793,0.0017631042476242698,-0.10588147601956047,0.07002522506288231,0.6666666666666666,0.5260115606936416,-0.024185825083482552
OSD-457|Spleen|3ec2dbad,OSD-457,mouse,spleen,actual_flight,existing,primary,Reactive Oxygen Species Pathway,44,49,44,1.0,0.8979591836734694,ok,-0.17310791910387613,-0.027859864812908697,-0.019977206171833295,-0.003683097043631345,-0.23238722721373256,-0.10406275786578519,1.0,0.5681818181818182,-0.17310791910387613
OSD-457|Spleen|3ec2dbad,OSD-457,mouse,spleen,actual_flight,existing,primary,p53 Pathway,186,200,186,1.0,0.93,ok,0.057534763863099525,0.013049517387664356,0.020932176028739757,0.003957069605900143,0.02750549081262104,0.1049932716727654,1.0,0.553763440860215,0.057534763863099525
OSD-457|Spleen|3ec2dbad,OSD-457,mouse,spleen,actual_flight,existing,primary,Circadian clock,106,112,106,1.0,0.9464285714285714,ok,-0.07574164388794341,0.0029156539800032633,0.010798312621078665,0.0008875638417658038,-0.11929568420275491,-0.035402358206490035,1.0,0.5094339622641509,-0.07574164388794341
OSD-457|Spleen|3ec2dbad,OSD-457,mouse,spleen,actual_flight,existing,primary,Muscle contraction,192,204,192,1.0,0.9411764705882353,ok,0.10850170973515734,0.018677324798773043,0.026559983439848445,0.004240364096787186,0.040450551960829806,0.2150536006611084,1.0,0.5833333333333334,0.10850170973515734
OSD-457|Temporal Bone|0f84cf73,OSD-457,mouse,bone,actual_flight,existing,primary,TNF-alpha Signaling via NF-kB,184,200,184,1.0,0.92,ok,0.3069650105260703,0.07017323967960243,0.022440251010657164,0.002238749360894854,0.22304652160586252,0.4478567066148338,1.0,0.7391304347826086,0.3069650105260703
OSD-457|Temporal Bone|0f84cf73,OSD-457,mouse,bone,actual_flight,existing,primary,DNA Repair,137,150,137,1.0,0.9133333333333333,ok,0.5665417398143191,0.08192260799036744,0.03418961932142217,0.005578097536987681,0.4630175601369685,0.6971640524281213,1.0,0.8613138686131386,0.5665417398143191
OSD-457|Temporal Bone|0f84cf73,OSD-457,mouse,bone,actual_flight,existing,primary,Myogenesis,190,200,190,1.0,0.95,ok,-0.12054120120054954,-0.11424850065980063,-0.1619814893287459,-0.02121823682186008,-0.1969059398792023,-0.02812069162937369,1.0,0.5263157894736842,-0.1164836876943969
OSD-457|Temporal Bone|0f84cf73,OSD-457,mouse,bone,actual_flight,existing,primary,Unfolded Protein Response,102,113,102,1.0,0.9026548672566371,ok,0.545948986415516,0.06652731246320975,0.01879432379426449,0.0002950119491692549,0.48720727100015593,0.5995541965500817,1.0,0.8235294117647058,0.545948986415516
OSD-457|Temporal Bone|0f84cf73,OSD-457,mouse,bone,actual_flight,existing,primary,Inflammatory Response,177,200,177,1.0,0.885,ok,0.3137873199645309,0.07536404114041151,0.027631052471466244,0.006997043817443038,0.22660864601539382,0.4634471231932573,1.0,0.768361581920904,0.3137873199645309
OSD-457|Temporal Bone|0f84cf73,OSD-457,mouse,bone,actual_flight,existing,primary,Oxidative Phosphorylation,173,200,173,1.0,0.865,ok,-0.4790406959029591,-0.07099900241072721,-0.11873199107967247,-0.015559957995765705,-0.540988332002043,-0.42987956903425817,1.0,0.6705202312138728,-0.4790406959029591
OSD-457|Temporal Bone|0f84cf73,OSD-457,mouse,bone,actual_flight,existing,primary,Reactive Oxygen Species Pathway,44,49,44,1.0,0.8979591836734694,ok,0.12986582580193956,0.020590644894223686,-0.027142343774721578,-0.004436801246890387,0.04502330956865368,0.21485129303764638,1.0,0.6136363636363636,0.12986582580193956
OSD-457|Temporal Bone|0f84cf73,OSD-457,mouse,bone,actual_flight,existing,primary,p53 Pathway,186,200,186,1.0,0.93,ok,0.3248541496697963,0.05576296770230771,0.008029979033362444,-0.0013795974271073597,0.28248507493349095,0.39692615743267845,1.0,0.7365591397849462,0.3248541496697963
OSD-457|Temporal Bone|0f84cf73,OSD-457,mouse,bone,actual_flight,existing,primary,Circadian clock,106,112,106,1.0,0.9464285714285714,ok,0.3206713745547147,0.050466993249624004,0.0027340045806787394,-0.001270251551590329,0.23121859564076586,0.411266762627446,1.0,0.7547169811320755,0.3206713745547147
OSD-457|Temporal Bone|0f84cf73,OSD-457,mouse,bone,actual_flight,existing,primary,Muscle contraction,192,204,192,1.0,0.9411764705882353,ok,0.04082180201350571,-0.03228105140280846,-0.08001404007175372,-0.01068979077371135,-0.029895037055609856,0.12045936176353145,0.8333333333333334,0.546875,0.04082180201350571
OSD-457|Temporal Bone|3ec2dbad,OSD-457,mouse,bone,actual_flight,existing,primary,TNF-alpha Signaling via NF-kB,184,200,184,1.0,0.92,ok,0.28340851894703273,0.10033414095127258,0.05042189206127867,0.008574998685952129,0.16046349132754428,0.3576976910074874,1.0,0.7065217391304348,0.28340851894703273
OSD-457|Temporal Bone|3ec2dbad,OSD-457,mouse,bone,actual_flight,existing,primary,DNA Repair,137,150,137,1.0,0.9133333333333333,ok,0.397708428327876,0.06889138706119091,0.018979138171197008,0.003298108479073858,0.23613291471280995,0.4869465122604033,1.0,0.8248175182481752,0.397708428327876
OSD-457|Temporal Bone|3ec2dbad,OSD-457,mouse,bone,actual_flight,existing,primary,Myogenesis,190,200,190,1.0,0.95,ok,0.13711742625574336,0.14452145562033358,0.09460920673033968,0.016134277335276614,0.020465319431560415,0.23719839487985328,1.0,0.6526315789473685,0.13608122475174528
OSD-457|Temporal Bone|3ec2dbad,OSD-457,mouse,bone,actual_flight,existing,primary,Unfolded Protein Response,102,113,102,1.0,0.9026548672566371,ok,0.29895959161087343,0.04680839053117669,-0.003103858358817213,-0.002806546291447609,0.20130338034155137,0.39547265600531295,1.0,0.7156862745098039,0.29895959161087343
OSD-457|Temporal Bone|3ec2dbad,OSD-457,mouse,bone,actual_flight,existing,primary,Inflammatory Response,177,200,177,1.0,0.885,ok,0.20336853686362868,0.08855096372493332,0.038638714834939414,0.007001235002542683,0.027685500857018305,0.32917275281085584,1.0,0.6384180790960452,0.20336853686362868
OSD-457|Temporal Bone|3ec2dbad,OSD-457,mouse,bone,actual_flight,existing,primary,Oxidative Phosphorylation,173,200,173,1.0,0.865,ok,-0.008877661191161252,0.008628058525409266,-0.04128419036458464,-0.006442650434177244,-0.11091223279990842,0.07588951157385576,0.5833333333333334,0.5028901734104047,-0.008877661191161252
OSD-457|Temporal Bone|3ec2dbad,OSD-457,mouse,bone,actual_flight,existing,primary,Reactive Oxygen Species Pathway,44,49,44,1.0,0.8979591836734694,ok,0.24510889607681902,0.08624700953563114,0.03633476064563723,0.0060387505120442775,0.11577262897708422,0.3118698786308981,1.0,0.7272727272727273,0.24510889607681902
OSD-457|Temporal Bone|3ec2dbad,OSD-457,mouse,bone,actual_flight,existing,primary,p53 Pathway,186,200,186,1.0,0.93,ok,0.13773000839540944,0.041072024332899915,-0.00884022455709399,-0.002644122537393434,0.025719887657142688,0.19836138850527055,1.0,0.5806451612903226,0.13773000839540944
OSD-457|Temporal Bone|3ec2dbad,OSD-457,mouse,bone,actual_flight,existing,primary,Circadian clock,106,112,106,1.0,0.9464285714285714,ok,0.39085981102393297,0.06786227556613156,0.017950026676137654,0.0011830037304536578,0.26968212710222356,0.5121682836045346,1.0,0.8584905660377359,0.39085981102393297
OSD-457|Temporal Bone|3ec2dbad,OSD-457,mouse,bone,actual_flight,existing,primary,Muscle contraction,192,204,192,1.0,0.9411764705882353,ok,0.22524738078228182,0.16699714758821393,0.11708489869822003,0.020893407471517134,0.17964502052890782,0.2705186991573209,1.0,0.7291666666666666,0.22524738078228182
OSD-457|brown adipose tissue|0f84cf73,OSD-457,mouse,adipose,actual_flight,existing,primary,TNF-alpha Signaling via NF-kB,184,200,184,1.0,0.92,ok,0.6612264808798405,0.18569957931775694,0.07439799345098197,0.012566807389249757,0.6073727295273587,0.7298159101067028,1.0,0.7989130434782609,0.6612264808798405
OSD-457|brown adipose tissue|0f84cf73,OSD-457,mouse,adipose,actual_flight,existing,primary,DNA Repair,137,150,137,1.0,0.9133333333333333,ok,0.6406498361678411,0.10391808196521612,-0.007383503901558841,-0.0074565826195708285,0.5800981005603012,0.7574192100458067,1.0,0.781021897810219,0.6406498361678411
OSD-457|brown adipose tissue|0f84cf73,OSD-457,mouse,adipose,actual_flight,existing,primary,Myogenesis,190,200,190,1.0,0.95,ok,0.7122444758825022,0.41657274884678275,0.3052711629800078,0.0463139674111096,0.6320556244889306,0.8009045240062109,1.0,0.8263157894736842,0.7115003649267903
OSD-457|brown adipose tissue|0f84cf73,OSD-457,mouse,adipose,actual_flight,existing,primary,Unfolded Protein Response,102,113,102,1.0,0.9026548672566371,ok,0.9299482884004551,0.18091356874827058,0.06961198288149562,0.0037324722173734948,0.8732467701090646,1.0014942509678035,1.0,0.8725490196078431,0.9299482884004551
OSD-457|brown adipose tissue|0f84cf73,OSD-457,mouse,adipose,actual_flight,existing,primary,Inflammatory Response,177,200,177,1.0,0.885,ok,0.5715613558501691,0.14087884900600356,0.029577263139228593,0.008050459384932818,0.524748944158122,0.6885557585508182,1.0,0.7231638418079096,0.5715613558501691
OSD-457|brown adipose tissue|0f84cf73,OSD-457,mouse,adipose,actual_flight,existing,primary,Oxidative Phosphorylation,173,200,173,1.0,0.865,ok,-0.13352643623622665,-0.01130916618944866,-0.12261075205622363,-0.00485945543148647,-0.23203750665754036,-0.05988310989574275,1.0,0.5491329479768786,-0.13352643623622665
OSD-457|brown adipose tissue|0f84cf73,OSD-457,mouse,adipose,actual_flight,existing,primary,Reactive Oxygen Species Pathway,44,49,44,1.0,0.8979591836734694,ok,0.23892121190804394,0.06721163383035922,-0.04408995203641575,-0.004441921689696149,0.15909728921745508,0.3421618387523999,1.0,0.5681818181818182,0.23892121190804394
OSD-457|brown adipose tissue|0f84cf73,OSD-457,mouse,adipose,actual_flight,existing,primary,p53 Pathway,186,200,186,1.0,0.93,ok,0.538181919017782,0.1443627053090646,0.03306111944228962,0.003087217430250533,0.4775846233030102,0.6304355980512295,1.0,0.7096774193548387,0.538181919017782
OSD-457|brown adipose tissue|0f84cf73,OSD-457,mouse,adipose,actual_flight,existing,primary,Circadian clock,106,112,106,1.0,0.9464285714285714,ok,0.3310285859154241,0.08762753025025383,-0.02367405561652114,-0.0021214750947130545,0.2627429710307664,0.3948500682477988,1.0,0.6415094339622641,0.3310285859154241
OSD-457|brown adipose tissue|0f84cf73,OSD-457,mouse,adipose,actual_flight,existing,primary,Muscle contraction,192,204,192,1.0,0.9411764705882353,ok,0.5744961793034722,0.3160551992114049,0.20475361334462994,0.03275666167527541,0.5182952386870361,0.6329486060949174,1.0,0.78125,0.5744961793034722
OSD-457|brown adipose tissue|3ec2dbad,OSD-457,mouse,adipose,actual_flight,existing,primary,TNF-alpha Signaling via NF-kB,184,200,184,1.0,0.92,ok,0.8415084079410661,0.3083448369828714,0.15702614011106864,0.023475943366925156,0.8104842546096087,0.889380486328538,1.0,0.8478260869565217,0.8415084079410661
OSD-457|brown adipose tissue|3ec2dbad,OSD-457,mouse,adipose,actual_flight,existing,primary,DNA Repair,137,150,137,1.0,0.9133333333333333,ok,0.8629606684822986,0.1737292782627864,0.02241058139098362,-0.005895289688527594,0.7920186997237213,0.9855830965683414,1.0,0.8102189781021898,0.8629606684822986
OSD-457|brown adipose tissue|3ec2dbad,OSD-457,mouse,adipose,actual_flight,existing,primary,Myogenesis,190,200,190,1.0,0.95,ok,0.7044406630925752,0.31228903068245906,0.16097033381065629,0.022785152792961894,0.5369710603911376,0.7623794472920278,1.0,0.8315789473684211,0.7051162066107437
OSD-457|brown adipose tissue|3ec2dbad,OSD-457,mouse,adipose,actual_flight,existing,primary,Unfolded Protein Response,102,113,102,1.0,0.9026548672566371,ok,1.1131375634887546,0.2697319651838219,0.11841326831201915,0.008589879517033605,1.0809639583317612,1.1751507058962303,1.0,0.8235294117647058,1.1131375634887546
OSD-457|brown adipose tissue|3ec2dbad,OSD-457,mouse,adipose,actual_flight,existing,primary,Inflammatory Response,177,200,177,1.0,0.885,ok,0.8275283564112705,0.23333974542769775,0.08202104855589498,0.019626046942514908,0.7724289505885973,0.8845458557671158,1.0,0.8192090395480226,0.8275283564112705
OSD-457|brown adipose tissue|3ec2dbad,OSD-457,mouse,adipose,actual_flight,existing,primary,Oxidative Phosphorylation,173,200,173,1.0,0.865,ok,-0.3432138237923385,-0.03623742621700732,-0.1875561230888101,-0.008769781599578197,-0.4341231864209015,-0.2801521018451538,1.0,0.6069364161849711,-0.3432138237923385
OSD-457|brown adipose tissue|3ec2dbad,OSD-457,mouse,adipose,actual_flight,existing,primary,Reactive Oxygen Species Pathway,44,49,44,1.0,0.8979591836734694,ok,0.22732169870339547,0.11725095158555732,-0.034067745286245454,-0.003241614962683159,0.17069769800989332,0.297448366110557,1.0,0.5454545454545454,0.22732169870339547
OSD-457|brown adipose tissue|3ec2dbad,OSD-457,mouse,adipose,actual_flight,existing,primary,p53 Pathway,186,200,186,1.0,0.93,ok,0.7988786772045255,0.22004324529907526,0.06872454842727249,0.006465143871416834,0.7465008758472189,0.844867204590939,1.0,0.8064516129032258,0.7988786772045255
OSD-457|brown adipose tissue|3ec2dbad,OSD-457,mouse,adipose,actual_flight,existing,primary,Circadian clock,106,112,106,1.0,0.9464285714285714,ok,0.513596785893667,0.1405823983826071,-0.010736298489195661,0.0007842972584588548,0.4820912032610346,0.580423381326388,1.0,0.6792452830188679,0.513596785893667
OSD-457|brown adipose tissue|3ec2dbad,OSD-457,mouse,adipose,actual_flight,existing,primary,Muscle contraction,192,204,192,1.0,0.9411764705882353,ok,0.6267734463534497,0.24773592040744719,0.09641722353564441,0.01828569188006013,0.5036674553825746,0.6742584936607864,1.0,0.75,0.6267734463534497
OSD-457|thymus|0f84cf73,OSD-457,mouse,thymus,actual_flight,existing,primary,TNF-alpha Signaling via NF-kB,184,200,184,1.0,0.92,ok,0.7064217598388128,0.13402961048742945,0.05504937486967254,0.011091758769477877,0.6445041852956692,0.7793271186869977,1.0,0.8206521739130435,0.7064217598388128
OSD-457|thymus|0f84cf73,OSD-457,mouse,thymus,actual_flight,existing,primary,DNA Repair,137,150,137,1.0,0.9133333333333333,ok,-0.04882228056476194,0.006591911588563093,-0.07238832402919382,-0.006813935597318466,-0.09868853769771102,0.013490108927023577,0.8333333333333334,0.5182481751824818,-0.04882228056476194
OSD-457|thymus|0f84cf73,OSD-457,mouse,thymus,actual_flight,existing,primary,Myogenesis,190,200,190,1.0,0.95,ok,0.658322366546884,0.13826158168284586,0.05928134606508895,0.007618535293062834,0.5911482349378223,0.7044753611723371,1.0,0.8,0.656653138929461
OSD-457|thymus|0f84cf73,OSD-457,mouse,thymus,actual_flight,existing,primary,Unfolded Protein Response,102,113,102,1.0,0.9026548672566371,ok,0.4006369492634119,0.05038009906565044,-0.02860013655210647,0.002314303015414354,0.37658361777339316,0.43951932978343144,1.0,0.6372549019607843,0.4006369492634119
OSD-457|thymus|0f84cf73,OSD-457,mouse,thymus,actual_flight,existing,primary,Inflammatory Response,177,200,177,1.0,0.885,ok,0.6626533954055372,0.14938989831678473,0.07040966269902782,0.008821016526929626,0.6005936344461484,0.7431325594628049,1.0,0.7853107344632768,0.6626533954055372
OSD-457|thymus|0f84cf73,OSD-457,mouse,thymus,actual_flight,existing,primary,Oxidative Phosphorylation,173,200,173,1.0,0.865,ok,0.05898508094822638,0.015104958905994614,-0.0638752767117623,-0.0020345245332811235,0.004368390191716641,0.15055931691572813,1.0,0.5202312138728323,0.05898508094822638
OSD-457|thymus|0f84cf73,OSD-457,mouse,thymus,actual_flight,existing,primary,Reactive Oxygen Species Pathway,44,49,44,1.0,0.8979591836734694,ok,0.3802529820494335,0.06557933308861408,-0.013400902529142833,0.006454130823567161,0.3337588696776381,0.4331718367450379,1.0,0.6818181818181818,0.3802529820494335
OSD-457|thymus|0f84cf73,OSD-457,mouse,thymus,actual_flight,existing,primary,p53 Pathway,186,200,186,1.0,0.93,ok,0.422643961930815,0.09013501959969661,0.011154783981939698,0.004669040790255985,0.3815425331476171,0.4595391782153029,1.0,0.6720430107526881,0.422643961930815
OSD-457|thymus|0f84cf73,OSD-457,mouse,thymus,actual_flight,existing,primary,Circadian clock,106,112,106,1.0,0.9464285714285714,ok,0.2601799941756877,0.06203362174660221,-0.016946613871154703,0.005280178000070301,0.2156012358703746,0.2912947738664734,1.0,0.6132075471698113,0.2601799941756877
OSD-457|thymus|0f84cf73,OSD-457,mouse,thymus,actual_flight,existing,primary,Muscle contraction,192,204,192,1.0,0.9411764705882353,ok,0.5087557507697446,0.10782094491878502,0.02884070930102811,0.001264676521229413,0.4630531805247773,0.5508445937896875,1.0,0.7447916666666666,0.5087557507697446
OSD-457|thymus|3ec2dbad,OSD-457,mouse,thymus,actual_flight,existing,primary,TNF-alpha Signaling via NF-kB,184,200,184,1.0,0.92,ok,1.0212520108492926,0.2588314999677781,0.14863539373729617,0.02696369524601372,0.9939808967186812,1.0623310219091446,1.0,0.8858695652173914,1.0212520108492926
OSD-457|thymus|3ec2dbad,OSD-457,mouse,thymus,actual_flight,existing,primary,DNA Repair,137,150,137,1.0,0.9133333333333333,ok,-0.16880297507357456,0.009259661510044204,-0.10093644472043772,-0.008181295289527935,-0.20924986616275798,-0.1415946693527797,1.0,0.6058394160583942,-0.16880297507357456
OSD-457|thymus|3ec2dbad,OSD-457,mouse,thymus,actual_flight,existing,primary,Myogenesis,190,200,190,1.0,0.95,ok,0.8168307984978351,0.21067760782806433,0.1004815015975824,0.012205476599510767,0.7943878272733824,0.849295766052777,1.0,0.8315789473684211,0.8181558173706835
OSD-457|thymus|3ec2dbad,OSD-457,mouse,thymus,actual_flight,existing,primary,Unfolded Protein Response,102,113,102,1.0,0.9026548672566371,ok,0.3897904392803355,0.0691969965895014,-0.040999109640980524,0.0029223745768225395,0.3656861831724703,0.42243859789396443,1.0,0.6862745098039216,0.3897904392803355
OSD-457|thymus|3ec2dbad,OSD-457,mouse,thymus,actual_flight,existing,primary,Inflammatory Response,177,200,177,1.0,0.885,ok,0.9526338760209347,0.28940243629664986,0.17920633006616793,0.02354166938317559,0.9252378342783332,0.9950760709580679,1.0,0.847457627118644,0.9526338760209347
OSD-457|thymus|3ec2dbad,OSD-457,mouse,thymus,actual_flight,existing,primary,Oxidative Phosphorylation,173,200,173,1.0,0.865,ok,0.024809750341389703,0.015916958393849434,-0.0942791478366325,-0.002067145789380276,-0.0928701583284603,0.09241450659060071,0.5833333333333334,0.4797687861271676,0.024809750341389703
OSD-457|thymus|3ec2dbad,OSD-457,mouse,thymus,actual_flight,existing,primary,Reactive Oxygen Species Pathway,44,49,44,1.0,0.8979591836734694,ok,0.29001559295789375,0.08407002506834171,-0.026126081162140213,0.008219060036567583,0.2583000954860777,0.3389117255369304,1.0,0.6136363636363636,0.29001559295789375
OSD-457|thymus|3ec2dbad,OSD-457,mouse,thymus,actual_flight,existing,primary,p53 Pathway,186,200,186,1.0,0.93,ok,0.5503969827931958,0.1463225051146475,0.03612639888416558,0.00966288390429293,0.5390364416686426,0.5800085247952397,1.0,0.6881720430107527,0.5503969827931958
OSD-457|thymus|3ec2dbad,OSD-457,mouse,thymus,actual_flight,existing,primary,Circadian clock,106,112,106,1.0,0.9464285714285714,ok,0.1361429733494854,0.06334388645002775,-0.046852219780454174,0.0035278602044183094,0.10253577558900015,0.18810853413046053,1.0,0.5377358490566038,0.1361429733494854
OSD-457|thymus|3ec2dbad,OSD-457,mouse,thymus,actual_flight,existing,primary,Muscle contraction,192,204,192,1.0,0.9411764705882353,ok,0.7226462358466341,0.18168094708299676,0.07148484085251483,0.005064201194270368,0.6995752845074372,0.7437941226934925,1.0,0.8072916666666666,0.7226462358466341
OSD-457|white adipose tissue|0f84cf73,OSD-457,mouse,adipose,actual_flight,existing,primary,TNF-alpha Signaling via NF-kB,184,200,184,1.0,0.92,ok,0.580043788713485,0.17625589081950066,0.12546340057532213,0.019589676600868744,0.46126353397534936,0.660399961743974,1.0,0.7608695652173914,0.580043788713485
OSD-457|white adipose tissue|0f84cf73,OSD-457,mouse,adipose,actual_flight,existing,primary,DNA Repair,137,150,137,1.0,0.9133333333333333,ok,0.7102921211920504,0.10517701945310653,0.054384529208928,0.0064327274273344726,0.6203109815586714,0.7696797198615081,1.0,0.8467153284671532,0.7102921211920504
OSD-457|white adipose tissue|0f84cf73,OSD-457,mouse,adipose,actual_flight,existing,primary,Myogenesis,190,200,190,1.0,0.95,ok,0.3846600713878957,0.06915320826759741,0.018360718023418876,0.0038169029563690504,0.30279415939955795,0.44735021536422526,1.0,0.6894736842105263,0.38656959059605434
OSD-457|white adipose tissue|0f84cf73,OSD-457,mouse,adipose,actual_flight,existing,primary,Unfolded Protein Response,102,113,102,1.0,0.9026548672566371,ok,0.6814374187191865,0.08846232091119255,0.037669830667014015,0.004229025383095553,0.5517608734143538,0.7401513716776256,1.0,0.8529411764705882,0.6814374187191865
OSD-457|white adipose tissue|0f84cf73,OSD-457,mouse,adipose,actual_flight,existing,primary,Inflammatory Response,177,200,177,1.0,0.885,ok,0.4756387193531277,0.1461269365581499,0.09533444631397137,0.015865032663302525,0.3341814412109436,0.5421789622066024,1.0,0.7175141242937854,0.4756387193531277
OSD-457|white adipose tissue|0f84cf73,OSD-457,mouse,adipose,actual_flight,existing,primary,Oxidative Phosphorylation,173,200,173,1.0,0.865,ok,-0.04539638159117536,-0.0018020988888824974,-0.05259458913306103,-0.004669191240605275,-0.20545118377042934,0.025484208681775488,0.75,0.5491329479768786,-0.04539638159117536
OSD-457|white adipose tissue|0f84cf73,OSD-457,mouse,adipose,actual_flight,existing,primary,Reactive Oxygen Species Pathway,44,49,44,1.0,0.8979591836734694,ok,0.2994696793836073,0.07072822199287732,0.01993573174869878,0.004342135499405431,0.18009576878591876,0.3995032886158568,1.0,0.6590909090909091,0.2994696793836073
OSD-457|white adipose tissue|0f84cf73,OSD-457,mouse,adipose,actual_flight,existing,primary,p53 Pathway,186,200,186,1.0,0.93,ok,0.4639500865081535,0.10131943651298059,0.05052694626880205,0.005453482422149825,0.37448803186541857,0.5433525386821173,1.0,0.6935483870967742,0.4639500865081535
OSD-457|white adipose tissue|0f84cf73,OSD-457,mouse,adipose,actual_flight,existing,primary,Circadian clock,106,112,106,1.0,0.9464285714285714,ok,0.22835201199534405,0.009820673049503625,-0.04097181719467491,-0.007918141533280743,0.08092326366005176,0.3128306263051318,1.0,0.6509433962264151,0.22835201199534405
OSD-457|white adipose tissue|0f84cf73,OSD-457,mouse,adipose,actual_flight,existing,primary,Muscle contraction,192,204,192,1.0,0.9411764705882353,ok,0.28357945862267786,0.06274606918577819,0.011953578941599652,0.0015872852328098208,0.187591101020531,0.3459152924295442,1.0,0.6145833333333334,0.28357945862267786
OSD-457|white adipose tissue|3ec2dbad,OSD-457,mouse,adipose,actual_flight,existing,primary,TNF-alpha Signaling via NF-kB,184,200,184,1.0,0.92,ok,0.23249864250088154,0.0649366044824049,0.08775569532307692,0.012314092088475892,0.09388127895696122,0.3100674424209517,1.0,0.6086956521739131,0.23249864250088154
OSD-457|white adipose tissue|3ec2dbad,OSD-457,mouse,adipose,actual_flight,existing,primary,DNA Repair,137,150,137,1.0,0.9133333333333333,ok,0.32050391416799817,0.036588913595661854,0.05940800443633387,0.00828325563970711,0.2213991307739654,0.4390147156125036,1.0,0.6788321167883211,0.32050391416799817
OSD-457|white adipose tissue|3ec2dbad,OSD-457,mouse,adipose,actual_flight,existing,primary,Myogenesis,190,200,190,1.0,0.95,ok,0.017860191294494253,-0.023747220756321852,-0.0009281299156498335,-0.0010570565880577698,-0.09253680842458772,0.10433504957411235,0.6666666666666666,0.4789473684210526,0.012149075655051508
OSD-457|white adipose tissue|3ec2dbad,OSD-457,mouse,adipose,actual_flight,existing,primary,Unfolded Protein Response,102,113,102,1.0,0.9026548672566371,ok,0.08034321645620973,0.0012441563292169278,0.024063247169888946,-0.0008734530189697942,-0.05195247664026831,0.17573914949135355,0.8333333333333334,0.5490196078431373,0.08034321645620973
OSD-457|white adipose tissue|3ec2dbad,OSD-457,mouse,adipose,actual_flight,existing,primary,Inflammatory Response,177,200,177,1.0,0.885,ok,0.01817737214659973,0.021585445302116035,0.044404536142788054,0.008721856192056787,-0.13212332898594897,0.10796559506158246,0.6666666666666666,0.4519774011299435,0.01817737214659973
OSD-457|white adipose tissue|3ec2dbad,OSD-457,mouse,adipose,actual_flight,existing,primary,Oxidative Phosphorylation,173,200,173,1.0,0.865,ok,-0.11020139816914956,-0.010014812209012902,0.012804278631659116,-0.001588436002939897,-0.16859334232195944,0.003280925252126622,0.9166666666666666,0.5549132947976878,-0.11020139816914956
OSD-457|white adipose tissue|3ec2dbad,OSD-457,mouse,adipose,actual_flight,existing,primary,Reactive Oxygen Species Pathway,44,49,44,1.0,0.8979591836734694,ok,0.15032483272153638,0.027880909203579662,0.05070000004425168,0.0037942481191740596,0.08511755888251281,0.20525096788090902,1.0,0.5454545454545454,0.15032483272153638
OSD-457|white adipose tissue|3ec2dbad,OSD-457,mouse,adipose,actual_flight,existing,primary,p53 Pathway,186,200,186,1.0,0.93,ok,0.16311828920722857,0.028296466960194167,0.051115557800866185,0.005925382323710315,0.03701426671943937,0.2265814684063136,1.0,0.5698924731182796,0.16311828920722857
OSD-457|white adipose tissue|3ec2dbad,OSD-457,mouse,adipose,actual_flight,existing,primary,Circadian clock,106,112,106,1.0,0.9464285714285714,ok,-0.3129081235616562,-0.058187410015754004,-0.035368319175081986,-0.006508905187590508,-0.3951176133016565,-0.18296094101062177,1.0,0.6132075471698113,-0.3129081235616562
OSD-457|white adipose tissue|3ec2dbad,OSD-457,mouse,adipose,actual_flight,existing,primary,Muscle contraction,192,204,192,1.0,0.9411764705882353,ok,-0.12168295153690582,-0.033689034518828986,-0.010869943678156968,-0.00144790407370754,-0.22752892916179013,-0.02438297817709769,1.0,0.59375,-0.12168295153690582
OSD-463|Left Lobe of the Liver|52cb5fea,OSD-463,mouse,liver,actual_flight,existing,primary,TNF-alpha Signaling via NF-kB,184,200,184,1.0,0.92,ok,-0.42296764547259513,-0.14487717377124887,-0.15818294719894532,-0.029058556363097843,-0.5649449019418414,-0.3486240007815302,1.0,0.717391304347826,-0.42296764547259513
OSD-463|Left Lobe of the Liver|52cb5fea,OSD-463,mouse,liver,actual_flight,existing,primary,DNA Repair,137,150,137,1.0,0.9133333333333333,ok,0.04430232952346677,0.01959158690224827,0.006285813474551816,-0.0002909600236812304,-0.08892486037856961,0.1684337113726343,0.8333333333333334,0.5255474452554745,0.04430232952346677
OSD-463|Left Lobe of the Liver|52cb5fea,OSD-463,mouse,liver,actual_flight,existing,primary,Myogenesis,190,200,190,1.0,0.95,ok,-0.050258858614417326,0.006944511573876211,-0.006361261853820244,0.0014066901510287333,-0.08994956308441811,0.009994167373503164,0.9166666666666666,0.46842105263157896,-0.0546184305870804
OSD-463|Left Lobe of the Liver|52cb5fea,OSD-463,mouse,liver,actual_flight,existing,primary,Unfolded Protein Response,102,113,102,1.0,0.9026548672566371,ok,-0.05298553116726648,-0.04467538574077423,-0.057981159168470686,-0.004730696542821877,-0.13521031548716458,0.08779562802988457,0.75,0.5098039215686274,-0.05298553116726648
OSD-463|Left Lobe of the Liver|52cb5fea,OSD-463,mouse,liver,actual_flight,existing,primary,Inflammatory Response,177,200,177,1.0,0.885,ok,-0.47690867975372087,-0.11034531831230909,-0.12365109174000555,-0.023614316591566875,-0.5213945268424242,-0.43588738891055634,1.0,0.7062146892655368,-0.47690867975372087
OSD-463|Left Lobe of the Liver|52cb5fea,OSD-463,mouse,liver,actual_flight,existing,primary,Oxidative Phosphorylation,173,200,173,1.0,0.865,ok,0.6881550563226471,0.1702137094471956,0.15690793601949915,0.005933415791737562,0.5881714962609598,0.8232799845133286,1.0,0.815028901734104,0.6881550563226471
OSD-463|Left Lobe of the Liver|52cb5fea,OSD-463,mouse,liver,actual_flight,existing,primary,Reactive Oxygen Species Pathway,44,49,44,1.0,0.8979591836734694,ok,0.2792139485185711,0.08703697418130796,0.0737312007536115,0.003662365494709663,0.19524102375063646,0.3365362690421596,1.0,0.6590909090909091,0.2792139485185711
OSD-463|Left Lobe of the Liver|52cb5fea,OSD-463,mouse,liver,actual_flight,existing,primary,p53 Pathway,186,200,186,1.0,0.93,ok,-0.014617359270260939,0.0011196580699208702,-0.012186115357775584,-0.0063324340261897705,-0.05270933262047242,0.029022239589220816,0.6666666666666666,0.478494623655914,-0.014617359270260939
OSD-463|Left Lobe of the Liver|52cb5fea,OSD-463,mouse,liver,actual_flight,existing,primary,Circadian clock,106,112,106,1.0,0.9464285714285714,ok,0.41795060882793533,0.07927915826000564,0.06597338483230919,0.0032063963072868074,0.3354685295739022,0.49813807603352667,1.0,0.7169811320754716,0.41795060882793533
OSD-463|Left Lobe of the Liver|52cb5fea,OSD-463,mouse,liver,actual_flight,existing,primary,Muscle contraction,192,204,192,1.0,0.9411764705882353,ok,-0.0928838254564757,-0.00847755123120586,-0.021783324658902314,-0.003188193757555524,-0.13483796216581534,-0.04636537266237431,1.0,0.5052083333333334,-0.0928838254564757
OSD-464|Left Lung|52cb5fea,OSD-464,mouse,lung,actual_flight,existing,primary,TNF-alpha Signaling via NF-kB,184,200,184,1.0,0.92,ok,-0.0001490889494640546,-0.0064872127782176214,-0.007740602293698995,-0.0027305019185095425,-0.16870539910327975,0.1272208714440809,0.5,0.4945652173913043,-0.0001490889494640546
OSD-464|Left Lung|52cb5fea,OSD-464,mouse,lung,actual_flight,existing,primary,DNA Repair,137,150,137,1.0,0.9133333333333333,ok,-0.11356419799638873,-0.03532074045598321,-0.036574129971464586,-0.006294667818634081,-0.19507713636784196,-0.004622236314275798,1.0,0.5766423357664233,-0.11356419799638873
OSD-464|Left Lung|52cb5fea,OSD-464,mouse,lung,actual_flight,existing,primary,Myogenesis,190,200,190,1.0,0.95,ok,-0.08805478297644939,-0.1319748463807633,-0.13322823589624466,-0.0174135677142081,-0.19606390618824554,0.11150691018607395,0.8333333333333334,0.5157894736842106,-0.08403506678502218
OSD-464|Left Lung|52cb5fea,OSD-464,mouse,lung,actual_flight,existing,primary,Unfolded Protein Response,102,113,102,1.0,0.9026548672566371,ok,-0.0797682280287239,-0.026428120868171145,-0.02768151038365252,-0.000519611075554427,-0.21573370136974304,0.03642116599689148,0.6666666666666666,0.4803921568627451,-0.0797682280287239
OSD-464|Left Lung|52cb5fea,OSD-464,mouse,lung,actual_flight,existing,primary,Inflammatory Response,177,200,177,1.0,0.885,ok,-0.09361037808825454,-0.061632887186682694,-0.06288627670216407,-0.011791759571269766,-0.23656442549076512,0.016208947615111723,0.9166666666666666,0.5254237288135594,-0.09361037808825454
OSD-464|Left Lung|52cb5fea,OSD-464,mouse,lung,actual_flight,existing,primary,Oxidative Phosphorylation,173,200,173,1.0,0.865,ok,-0.12591035158488198,-0.03742551987341258,-0.038678909388893956,-0.004844177121668181,-0.321220623415183,-0.026256774945678345,1.0,0.6473988439306358,-0.12591035158488198
OSD-464|Left Lung|52cb5fea,OSD-464,mouse,lung,actual_flight,existing,primary,Reactive Oxygen Species Pathway,44,49,44,1.0,0.8979591836734694,ok,-0.11231124448784233,-0.05912089076203575,-0.06037428027751712,-0.00812651739951431,-0.1746192305467697,-0.02136148745353323,1.0,0.5909090909090909,-0.11231124448784233
OSD-464|Left Lung|52cb5fea,OSD-464,mouse,lung,actual_flight,existing,primary,p53 Pathway,186,200,186,1.0,0.93,ok,-0.010985830300603041,-0.02351073360472844,-0.024764123120209813,-0.0048961424332342185,-0.12728949032574222,0.096108572653059,0.6666666666666666,0.489247311827957,-0.010985830300603041
OSD-464|Left Lung|52cb5fea,OSD-464,mouse,lung,actual_flight,existing,primary,Circadian clock,106,112,106,1.0,0.9464285714285714,ok,-0.024734964697887496,-0.010108146976105292,-0.011361536491586666,-0.002321735542159753,-0.12347246963517078,0.05783563484292998,0.6666666666666666,0.5,-0.024734964697887496
OSD-464|Left Lung|52cb5fea,OSD-464,mouse,lung,actual_flight,existing,primary,Muscle contraction,192,204,192,1.0,0.9411764705882353,ok,-0.028049960593240542,-0.09627733425784557,-0.09753072377332694,-0.013782735969154358,-0.13961638208201682,0.16280385087965082,0.75,0.4791666666666667,-0.028049960593240542
OSD-48|Liver|b28df4aa,OSD-48,mouse,liver,actual_flight,existing,primary,TNF-alpha Signaling via NF-kB,184,200,184,1.0,0.92,ok,-0.49811672193101464,-0.11604812104133488,-0.010962718650445069,0.0020894436560154883,-0.6311390695024254,-0.37937818946098045,1.0,0.7554347826086957,-0.49811672193101464
OSD-48|Liver|b28df4aa,OSD-48,mouse,liver,actual_flight,existing,primary,DNA Repair,137,150,137,1.0,0.9133333333333333,ok,-0.6185827443911043,-0.1229523613831418,-0.01786695899225199,0.00473347917433764,-0.786848806237179,-0.47222854394201125,1.0,0.8321167883211679,-0.6185827443911043
OSD-48|Liver|b28df4aa,OSD-48,mouse,liver,actual_flight,existing,primary,Myogenesis,190,200,190,1.0,0.95,ok,-0.41445946098917064,-0.08106746832055856,0.02401793407033126,0.002585107675221854,-0.514325786004594,-0.3218826532519382,1.0,0.7157894736842105,-0.4176645159169034
OSD-48|Liver|b28df4aa,OSD-48,mouse,liver,actual_flight,existing,primary,Unfolded Protein Response,102,113,102,1.0,0.9026548672566371,ok,-0.48545982725926395,-0.09498199273777352,0.010103409653116291,0.009512292882863593,-0.742243231106831,-0.3531965034020496,1.0,0.7549019607843137,-0.48545982725926395
OSD-48|Liver|b28df4aa,OSD-48,mouse,liver,actual_flight,existing,primary,Inflammatory Response,177,200,177,1.0,0.885,ok,-0.42563102766223615,-0.0810446802674043,0.024040722123485514,0.004710519502049759,-0.5311176104472071,-0.2884473356549927,1.0,0.6949152542372882,-0.42563102766223615
OSD-48|Liver|b28df4aa,OSD-48,mouse,liver,actual_flight,existing,primary,Oxidative Phosphorylation,173,200,173,1.0,0.865,ok,-0.882196214398649,-0.18392867507962052,-0.0788432726887307,-0.00039156942228935065,-1.006877519382129,-0.7704996824100374,1.0,0.8728323699421965,-0.882196214398649
OSD-48|Liver|b28df4aa,OSD-48,mouse,liver,actual_flight,existing,primary,Reactive Oxygen Species Pathway,44,49,44,1.0,0.8979591836734694,ok,-0.6490918561122945,-0.12542533860965177,-0.020339936218761956,0.001070647124059576,-0.8070791108963357,-0.5566740793106826,1.0,0.7727272727272727,-0.6490918561122945
OSD-48|Liver|b28df4aa,OSD-48,mouse,liver,actual_flight,existing,primary,p53 Pathway,186,200,186,1.0,0.93,ok,-0.5442670049564661,-0.10580159944972811,-0.0007161970588382971,0.004432638822415846,-0.6872854831422344,-0.42141499466003063,1.0,0.7795698924731183,-0.5442670049564661
OSD-48|Liver|b28df4aa,OSD-48,mouse,liver,actual_flight,existing,primary,Circadian clock,106,112,106,1.0,0.9464285714285714,ok,-0.6483556702895594,-0.21668347730564896,-0.11159807491475915,-0.010662150308866858,-0.8727034109846701,-0.5107038955365775,1.0,0.8207547169811321,-0.6483556702895594
OSD-48|Liver|b28df4aa,OSD-48,mouse,liver,actual_flight,existing,primary,Muscle contraction,192,204,192,1.0,0.9411764705882353,ok,-0.320070614869004,-0.061481061492667965,0.04360434089822185,0.0005583031102319724,-0.4178913225013929,-0.24476678517805683,1.0,0.671875,-0.320070614869004
OSD-562|Right hippocampus|d00a2420,OSD-562,mouse,brain,actual_flight,existing,primary,TNF-alpha Signaling via NF-kB,184,200,184,1.0,0.92,ok,0.43043667971002486,0.13801373035876408,0.011878038332970853,0.002553613153858325,0.17581922484324441,0.5540210746967938,1.0,0.7065217391304348,0.43043667971002486
OSD-562|Right hippocampus|d00a2420,OSD-562,mouse,brain,actual_flight,existing,primary,DNA Repair,137,150,137,1.0,0.9133333333333333,ok,0.1795813782031546,0.058284085343644154,-0.06785160668214907,-0.0152980635555523,-0.0031984605282750593,0.29549689894037406,0.8333333333333334,0.5766423357664233,0.1795813782031546
OSD-562|Right hippocampus|d00a2420,OSD-562,mouse,brain,actual_flight,existing,primary,Myogenesis,190,200,190,1.0,0.95,ok,0.3048771330904081,0.09710735443391272,-0.029028337591880504,-0.005387867955414238,0.1122063160847249,0.437398277012512,1.0,0.6368421052631579,0.2974730790697777
OSD-562|Right hippocampus|d00a2420,OSD-562,mouse,brain,actual_flight,existing,primary,Unfolded Protein Response,102,113,102,1.0,0.9026548672566371,ok,0.6414702782329635,0.1854439033012767,0.05930821127548347,0.004550058291257764,0.36555236010427766,0.7856128698250895,1.0,0.8333333333333334,0.6414702782329635
OSD-562|Right hippocampus|d00a2420,OSD-562,mouse,brain,actual_flight,existing,primary,Inflammatory Response,177,200,177,1.0,0.885,ok,0.23699400829889034,0.0771523650661956,-0.04898332695959762,-0.005308399817947451,-0.05157036684163488,0.38359580034944735,0.8333333333333334,0.6384180790960452,0.23699400829889034
OSD-562|Right hippocampus|d00a2420,OSD-562,mouse,brain,actual_flight,existing,primary,Oxidative Phosphorylation,173,200,173,1.0,0.865,ok,-0.19056173183444247,-0.03874207094225568,-0.1648777629680489,-0.016255804010731678,-0.438170870798526,-0.027069127788983134,1.0,0.5722543352601156,-0.19056173183444247
OSD-562|Right hippocampus|d00a2420,OSD-562,mouse,brain,actual_flight,existing,primary,Reactive Oxygen Species Pathway,44,49,44,1.0,0.8979591836734694,ok,0.10657321781513601,0.020215886673241812,-0.10591980535255141,-0.009476066300991959,-0.09347290096946873,0.20128929845049318,0.8333333333333334,0.5681818181818182,0.10657321781513601
OSD-562|Right hippocampus|d00a2420,OSD-562,mouse,brain,actual_flight,existing,primary,p53 Pathway,186,200,186,1.0,0.93,ok,0.2800794300874221,0.09314179944548817,-0.03299389258030505,-0.00909428780428434,0.02256515143595328,0.4544933302618037,1.0,0.6182795698924731,0.2800794300874221
OSD-562|Right hippocampus|d00a2420,OSD-562,mouse,brain,actual_flight,existing,primary,Circadian clock,106,112,106,1.0,0.9464285714285714,ok,0.4287445426703936,0.1646634726872973,0.038527780661504085,0.013251093319398333,0.1618681434478987,0.5279123200491886,1.0,0.7075471698113207,0.4287445426703936
OSD-562|Right hippocampus|d00a2420,OSD-562,mouse,brain,actual_flight,existing,primary,Muscle contraction,192,204,192,1.0,0.9411764705882353,ok,0.47363937008838175,0.1625413869591683,0.03640569493337509,0.003698323075795984,0.2750208479738273,0.6342344993500604,1.0,0.7135416666666666,0.47363937008838175
OSD-562|Right hippocampus|d48ef0fe,OSD-562,mouse,brain,actual_flight,existing,primary,TNF-alpha Signaling via NF-kB,184,200,184,1.0,0.92,ok,-0.0021163145350117972,-0.0016758783814911915,0.048983581075699334,0.00964678392752194,-0.27943012786975124,0.12246142099233837,0.3333333333333333,0.5108695652173914,-0.0021163145350117972
OSD-562|Right hippocampus|d48ef0fe,OSD-562,mouse,brain,actual_flight,existing,primary,DNA Repair,137,150,137,1.0,0.9133333333333333,ok,-0.19436496931334254,-0.02903896446935761,0.021620494987832917,0.003308938256630478,-0.6239850162162559,0.06654227544671455,0.8333333333333334,0.6131386861313869,-0.19436496931334254
OSD-562|Right hippocampus|d48ef0fe,OSD-562,mouse,brain,actual_flight,existing,primary,Myogenesis,190,200,190,1.0,0.95,ok,-0.13894866673842926,-0.033290507150977255,0.01736895230621327,0.002498134554983489,-0.331831831080611,-0.011217031237179775,1.0,0.5789473684210527,-0.13413079394935956
OSD-562|Right hippocampus|d48ef0fe,OSD-562,mouse,brain,actual_flight,existing,primary,Unfolded Protein Response,102,113,102,1.0,0.9026548672566371,ok,-0.1795086585415419,-0.04324999892341497,0.007409460533775558,0.0012394165271337743,-0.7485378988261695,0.043100785213404796,0.6666666666666666,0.6176470588235294,-0.1795086585415419
OSD-562|Right hippocampus|d48ef0fe,OSD-562,mouse,brain,actual_flight,existing,primary,Inflammatory Response,177,200,177,1.0,0.885,ok,-0.0845368060578669,-0.019951912597270915,0.03070754685991961,0.005872874836310937,-0.3796486012908168,0.09354895144519429,0.8333333333333334,0.5254237288135594,-0.0845368060578669
OSD-562|Right hippocampus|d48ef0fe,OSD-562,mouse,brain,actual_flight,existing,primary,Oxidative Phosphorylation,173,200,173,1.0,0.865,ok,0.22992660382620939,0.027904434700232628,0.07856389415742315,0.004723507061374255,-0.16473643306622654,0.4142780117716722,0.8333333333333334,0.6011560693641619,0.22992660382620939
OSD-562|Right hippocampus|d48ef0fe,OSD-562,mouse,brain,actual_flight,existing,primary,Reactive Oxygen Species Pathway,44,49,44,1.0,0.8979591836734694,ok,0.11908218079973029,0.0076686425529644,0.058328102010154925,0.00515291390662298,-0.17934882222267745,0.35524178180719557,0.8333333333333334,0.5,0.11908218079973029
OSD-562|Right hippocampus|d48ef0fe,OSD-562,mouse,brain,actual_flight,existing,primary,p53 Pathway,186,200,186,1.0,0.93,ok,-0.10504185708045113,-0.021028039956926037,0.02963141950026449,0.0058488644031546855,-0.42101755408802366,0.031331256177051604,0.5,0.5967741935483871,-0.10504185708045113
OSD-562|Right hippocampus|d48ef0fe,OSD-562,mouse,brain,actual_flight,existing,primary,Circadian clock,106,112,106,1.0,0.9464285714285714,ok,-0.24745821136281543,-0.05124139564357755,-0.000581936186387022,-0.004366953034440901,-0.5417306331989697,-0.13619330100044372,1.0,0.6415094339622641,-0.24745821136281543
OSD-562|Right hippocampus|d48ef0fe,OSD-562,mouse,brain,actual_flight,existing,primary,Muscle contraction,192,204,192,1.0,0.9411764705882353,ok,-0.3119330968383235,-0.06862527170677746,-0.017965812249586932,-0.0029918008389199224,-0.5146207313231181,-0.20549143052966362,1.0,0.6458333333333334,-0.3119330968383235
OSD-564|Right hippocampus|416bbee1,OSD-564,mouse,brain,actual_flight,existing,primary,TNF-alpha Signaling via NF-kB,184,200,184,1.0,0.92,ok,0.44595060123208496,0.09285942738997255,0.0016649221621660715,-0.0005118694362016285,0.37749606999957747,0.638713404176131,1.0,0.75,0.44595060123208496
OSD-564|Right hippocampus|416bbee1,OSD-564,mouse,brain,actual_flight,existing,primary,DNA Repair,137,150,137,1.0,0.9133333333333333,ok,0.39603713411506103,0.06260147157811735,-0.028593033649689126,-0.006090522500668216,0.35407214027847067,0.43646937211185954,1.0,0.6715328467153284,0.39603713411506103
OSD-564|Right hippocampus|416bbee1,OSD-564,mouse,brain,actual_flight,existing,primary,Myogenesis,190,200,190,1.0,0.95,ok,0.49414749720458984,0.11462274698050434,0.023428241752697865,0.0036338521873429674,0.43716280844215316,0.7133504980327201,1.0,0.7684210526315789,0.49596920972517383
OSD-564|Right hippocampus|416bbee1,OSD-564,mouse,brain,actual_flight,existing,primary,Unfolded Protein Response,102,113,102,1.0,0.9026548672566371,ok,0.6581597997801669,0.12392770719586643,0.032733201968059955,0.0027950065618070896,0.5950049409458738,0.8702992099934725,1.0,0.7843137254901961,0.6581597997801669
OSD-564|Right hippocampus|416bbee1,OSD-564,mouse,brain,actual_flight,existing,primary,Inflammatory Response,177,200,177,1.0,0.885,ok,0.5021271529709792,0.10722462397468613,0.01603011874687965,0.0037986666443136086,0.4464098872082322,0.6356372858052279,1.0,0.7175141242937854,0.5021271529709792
OSD-564|Right hippocampus|416bbee1,OSD-564,mouse,brain,actual_flight,existing,primary,Oxidative Phosphorylation,173,200,173,1.0,0.865,ok,0.23032013703091464,0.012725184418561852,-0.07846932080924462,-0.004765269892454405,0.15607613535239095,0.2954120692852549,1.0,0.5895953757225434,0.23032013703091464
OSD-564|Right hippocampus|416bbee1,OSD-564,mouse,brain,actual_flight,existing,primary,Reactive Oxygen Species Pathway,44,49,44,1.0,0.8979591836734694,ok,0.3226079271098899,0.04392573759806506,-0.047268767629741415,-0.0031959056439767597,0.23756297069877258,0.38511356014921927,1.0,0.6818181818181818,0.3226079271098899
OSD-564|Right hippocampus|416bbee1,OSD-564,mouse,brain,actual_flight,existing,primary,p53 Pathway,186,200,186,1.0,0.93,ok,0.5656006940744104,0.11126618842163705,0.02007168319383057,0.0033076658548085724,0.5102140888024185,0.753267080990668,1.0,0.7688172043010753,0.5656006940744104
OSD-564|Right hippocampus|416bbee1,OSD-564,mouse,brain,actual_flight,existing,primary,Circadian clock,106,112,106,1.0,0.9464285714285714,ok,0.38086306996107666,0.05004052457944397,-0.04115398064836251,-0.004930357265052976,0.3180714064526303,0.5147261529951348,1.0,0.6886792452830188,0.38086306996107666
OSD-564|Right hippocampus|416bbee1,OSD-564,mouse,brain,actual_flight,existing,primary,Muscle contraction,192,204,192,1.0,0.9411764705882353,ok,0.5434470900833943,0.120588100581275,0.029393595353468527,0.003052498900978251,0.48236820633999705,0.765131664214088,1.0,0.8177083333333334,0.5434470900833943
OSD-576|Right tibialis anterior|52cb5fea,OSD-576,mouse,skeletal muscle,actual_flight,existing,primary,TNF-alpha Signaling via NF-kB,184,200,184,1.0,0.92,ok,-0.1964268268262067,-0.10360373276964108,-0.11648726811910848,-0.019512476287408598,-0.28718703206238394,-0.10055236872094961,1.0,0.5760869565217391,-0.1964268268262067
OSD-576|Right tibialis anterior|52cb5fea,OSD-576,mouse,skeletal muscle,actual_flight,existing,primary,DNA Repair,137,150,137,1.0,0.9133333333333333,ok,-0.034603490382949874,0.0033433835278211532,-0.009540151821646248,-0.0011473948769538111,-0.11457137403299633,0.025717225949975053,0.75,0.5036496350364964,-0.034603490382949874
OSD-576|Right tibialis anterior|52cb5fea,OSD-576,mouse,skeletal muscle,actual_flight,existing,primary,Myogenesis,190,200,190,1.0,0.95,ok,0.014373747042308413,0.021374787012801377,0.008491251663333976,-0.0008755733712783043,-0.04720537357899729,0.06007596553975843,0.6666666666666666,0.5157894736842106,0.012408409603490645
OSD-576|Right tibialis anterior|52cb5fea,OSD-576,mouse,skeletal muscle,actual_flight,existing,primary,Unfolded Protein Response,102,113,102,1.0,0.9026548672566371,ok,0.06157509864186584,-0.018606578821644515,-0.031490114171111916,-0.0032152315811477816,-0.01787128978266837,0.15010619743648346,0.9166666666666666,0.5098039215686274,0.06157509864186584
OSD-576|Right tibialis anterior|52cb5fea,OSD-576,mouse,skeletal muscle,actual_flight,existing,primary,Inflammatory Response,177,200,177,1.0,0.885,ok,-0.0632017032679075,-0.011049420774954966,-0.023932956124422367,-0.006611734200629216,-0.10924892171000336,0.0003374225805904042,0.9166666666666666,0.559322033898305,-0.0632017032679075
OSD-576|Right tibialis anterior|52cb5fea,OSD-576,mouse,skeletal muscle,actual_flight,existing,primary,Oxidative Phosphorylation,173,200,173,1.0,0.865,ok,0.2976400728618248,0.05230314768348343,0.03941961233401603,0.0017008792810236928,0.22897229561657895,0.4730266698194091,1.0,0.630057803468208,0.2976400728618248
OSD-576|Right tibialis anterior|52cb5fea,OSD-576,mouse,skeletal muscle,actual_flight,existing,primary,Reactive Oxygen Species Pathway,44,49,44,1.0,0.8979591836734694,ok,0.07347428686103938,-0.011704497624922094,-0.024588032974389495,-0.0029557443874950184,0.00547487307009149,0.12573207210016057,1.0,0.5454545454545454,0.07347428686103938
OSD-576|Right tibialis anterior|52cb5fea,OSD-576,mouse,skeletal muscle,actual_flight,existing,primary,p53 Pathway,186,200,186,1.0,0.93,ok,0.038233497348823864,-0.0010836424037323766,-0.013967177753199778,-0.00412487724634758,-0.016146837520106042,0.10147461364201621,0.75,0.5268817204301075,0.038233497348823864
OSD-576|Right tibialis anterior|52cb5fea,OSD-576,mouse,skeletal muscle,actual_flight,existing,primary,Circadian clock,106,112,106,1.0,0.9464285714285714,ok,0.2802782917048998,-0.002781775765379635,-0.015665311114847036,-0.00507608134420745,0.18823642591424455,0.4164081595317686,1.0,0.6698113207547169,0.2802782917048998
OSD-576|Right tibialis anterior|52cb5fea,OSD-576,mouse,skeletal muscle,actual_flight,existing,primary,Muscle contraction,192,204,192,1.0,0.9411764705882353,ok,-0.009648250823353627,0.003742197146898274,-0.009141338202569127,-0.0005695165677546132,-0.08372024944052692,0.03284755181601398,0.5,0.5104166666666666,-0.009648250823353627
OSD-580|heart right ventricle|85cadd29,OSD-580,mouse,heart,actual_flight,existing,primary,TNF-alpha Signaling via NF-kB,184,200,184,1.0,0.92,ok,-0.1491831909248978,-0.013203072138940453,0.0037958364061254635,0.0007418397626114404,-0.3028928323742469,0.036840970695318054,0.9,0.5978260869565217,-0.1491831909248978
OSD-580|heart right ventricle|85cadd29,OSD-580,mouse,heart,actual_flight,existing,primary,DNA Repair,137,150,137,1.0,0.9133333333333333,ok,-0.26538300796274583,-0.021655753940125422,-0.004656845395059506,-0.0006786660601989514,-0.361997180596329,-0.16409338346532565,1.0,0.7007299270072993,-0.26538300796274583
OSD-580|heart right ventricle|85cadd29,OSD-580,mouse,heart,actual_flight,existing,primary,Myogenesis,190,200,190,1.0,0.95,ok,-0.24654686743412746,-0.03549954464953142,-0.018500636104465507,-0.002149305013274927,-0.38532282967443066,-0.09103368505858062,1.0,0.7157894736842105,-0.25162174787955927
OSD-580|heart right ventricle|85cadd29,OSD-580,mouse,heart,actual_flight,existing,primary,Unfolded Protein Response,102,113,102,1.0,0.9026548672566371,ok,-0.2177270939913522,-0.011244576365924797,0.0057543321791411195,0.002492516954028634,-0.34343123659716224,-0.10787460615094498,1.0,0.6470588235294118,-0.2177270939913522
OSD-580|heart right ventricle|85cadd29,OSD-580,mouse,heart,actual_flight,existing,primary,Inflammatory Response,177,200,177,1.0,0.885,ok,-0.25357455391300804,-0.03698484217379705,-0.019985933628731134,-0.0030427631272574307,-0.384895342630031,-0.051991616017432254,1.0,0.6836158192090396,-0.25357455391300804
OSD-580|heart right ventricle|85cadd29,OSD-580,mouse,heart,actual_flight,existing,primary,Oxidative Phosphorylation,173,200,173,1.0,0.865,ok,-0.030256005920522206,0.0019453870078729452,0.01894429555293886,0.0005675907979464379,-0.19931105562224477,0.09187959308299622,0.7,0.5375722543352601,-0.030256005920522206
OSD-580|heart right ventricle|85cadd29,OSD-580,mouse,heart,actual_flight,existing,primary,Reactive Oxygen Species Pathway,44,49,44,1.0,0.8979591836734694,ok,-0.05098067201902845,0.00040460575202638793,0.017403514297092304,0.0015079579174535063,-0.13012889387365378,0.08275719567758272,0.8,0.5,-0.05098067201902845
OSD-580|heart right ventricle|85cadd29,OSD-580,mouse,heart,actual_flight,existing,primary,p53 Pathway,186,200,186,1.0,0.93,ok,-0.2005492571370021,-0.018921147933810722,-0.0019222393887448064,-0.00020767968121271352,-0.2792556008553028,-0.0298361308245818,1.0,0.6290322580645161,-0.2005492571370021
OSD-580|heart right ventricle|85cadd29,OSD-580,mouse,heart,actual_flight,existing,primary,Circadian clock,106,112,106,1.0,0.9464285714285714,ok,-0.16562906276011619,-0.02004478238171492,-0.0030458738366490046,-0.0014736017020323677,-0.25425453875517995,-0.10074717390950988,1.0,0.6320754716981132,-0.16562906276011619
OSD-580|heart right ventricle|85cadd29,OSD-580,mouse,heart,actual_flight,existing,primary,Muscle contraction,192,204,192,1.0,0.9411764705882353,ok,-0.2411191116570932,-0.030338238356246716,-0.0133393298111808,-0.001982429387844764,-0.33788219621407733,-0.10110622884390813,1.0,0.6979166666666666,-0.2411191116570932
OSD-580|heart right ventricle|c7240239,OSD-580,mouse,heart,actual_flight,existing,primary,TNF-alpha Signaling via NF-kB,184,200,184,1.0,0.92,ok,0.10302802983447536,0.02600282143963417,0.01645344847643626,0.003156904485443035,-0.04662215577675664,0.30101797316733137,0.9,0.5869565217391305,0.10302802983447536
OSD-580|heart right ventricle|c7240239,OSD-580,mouse,heart,actual_flight,existing,primary,DNA Repair,137,150,137,1.0,0.9133333333333333,ok,0.2738887762792408,0.02736213688541511,0.0178127639222172,0.0022850349320490126,0.07220143788865091,0.44927166493094167,1.0,0.7007299270072993,0.2738887762792408
OSD-580|heart right ventricle|c7240239,OSD-580,mouse,heart,actual_flight,existing,primary,Myogenesis,190,200,190,1.0,0.95,ok,0.08151841115254399,0.036245433578365294,0.026696060615167383,0.002358061325420713,-0.02284582523742418,0.18899134572761184,0.8,0.5578947368421052,0.0871215854748544
OSD-580|heart right ventricle|c7240239,OSD-580,mouse,heart,actual_flight,existing,primary,Unfolded Protein Response,102,113,102,1.0,0.9026548672566371,ok,0.2603445533014828,0.035327521569150644,0.025778148605952733,0.004047956142562592,0.0629342459651337,0.423243079978673,1.0,0.6470588235294118,0.2603445533014828
OSD-580|heart right ventricle|c7240239,OSD-580,mouse,heart,actual_flight,existing,primary,Inflammatory Response,177,200,177,1.0,0.885,ok,-0.0685687474757414,-0.011520570490277882,-0.021069943453475792,-0.002464789388291977,-0.2277295653000979,0.06468657944403755,0.9,0.536723163841808,-0.0685687474757414
OSD-580|heart right ventricle|c7240239,OSD-580,mouse,heart,actual_flight,existing,primary,Oxidative Phosphorylation,173,200,173,1.0,0.865,ok,0.0418767306009475,0.009810392222650677,0.00026101925945276605,-0.0008259816393471064,-0.1611887498004947,0.187047840244445,0.7,0.5260115606936416,0.0418767306009475
OSD-580|heart right ventricle|c7240239,OSD-580,mouse,heart,actual_flight,existing,primary,Reactive Oxygen Species Pathway,44,49,44,1.0,0.8979591836734694,ok,0.08632026941013543,0.02182543934746306,0.01227606638426515,-0.0007466354944098974,-0.07762970763390101,0.14593003485528477,0.9,0.5909090909090909,0.08632026941013543
OSD-580|heart right ventricle|c7240239,OSD-580,mouse,heart,actual_flight,existing,primary,p53 Pathway,186,200,186,1.0,0.93,ok,0.1906299520227103,0.03800214649408362,0.02845277353088571,0.003845158454137132,0.02426069321193037,0.32031931133349334,1.0,0.6344086021505376,0.1906299520227103
OSD-580|heart right ventricle|c7240239,OSD-580,mouse,heart,actual_flight,existing,primary,Circadian clock,106,112,106,1.0,0.9464285714285714,ok,0.014047738182602527,-0.0016216426876916046,-0.011171015650889515,-0.002465458572059487,-0.118648988103536,0.15318568987971454,0.6,0.5,0.014047738182602527
OSD-580|heart right ventricle|c7240239,OSD-580,mouse,heart,actual_flight,existing,primary,Muscle contraction,192,204,192,1.0,0.9411764705882353,ok,0.03867116813143032,0.03271259529865356,0.023163222335455647,0.0012211506758985635,-0.08340414101865634,0.18609198555862277,0.7,0.5364583333333334,0.03867116813143032
OSD-599|Heart|9de7889f,OSD-599,mouse,heart,actual_flight,existing,primary,TNF-alpha Signaling via NF-kB,184,200,184,1.0,0.92,ok,-0.5179199493460336,-0.13732387668763657,-0.054917741647603435,-0.009080011181353043,-0.7672883628966214,-0.20970373799703418,1.0,0.7228260869565217,-0.5179199493460336
OSD-599|Heart|9de7889f,OSD-599,mouse,heart,actual_flight,existing,primary,DNA Repair,137,150,137,1.0,0.9133333333333333,ok,-0.7386389886906292,-0.11196954988867702,-0.029563414848643887,-0.0016597636862317744,-0.9796804587698126,-0.4910730438556936,1.0,0.8321167883211679,-0.7386389886906292
OSD-599|Heart|9de7889f,OSD-599,mouse,heart,actual_flight,existing,primary,Myogenesis,190,200,190,1.0,0.95,ok,-0.37796769838712274,-0.18126719701185579,-0.09886106197182265,-0.015803413908989428,-0.7548614662211999,-0.11557513995891672,1.0,0.6578947368421053,-0.37366969486444523
OSD-599|Heart|9de7889f,OSD-599,mouse,heart,actual_flight,existing,primary,Unfolded Protein Response,102,113,102,1.0,0.9026548672566371,ok,-0.5012729884798931,-0.09088479126103532,-0.00847865622100219,0.0009094944714888031,-0.8441716587060919,-0.1288534922315289,1.0,0.7450980392156863,-0.5012729884798931
OSD-599|Heart|9de7889f,OSD-599,mouse,heart,actual_flight,existing,primary,Inflammatory Response,177,200,177,1.0,0.885,ok,-0.34777968043119784,-0.07163138820907267,0.010774746830960469,0.0032129935430912915,-0.5201629192272182,-0.03778413855555557,1.0,0.6271186440677966,-0.34777968043119784
OSD-599|Heart|9de7889f,OSD-599,mouse,heart,actual_flight,existing,primary,Oxidative Phosphorylation,173,200,173,1.0,0.865,ok,-0.3181440180651557,-0.06285005130290156,0.01955608373713158,0.0020978612272076758,-0.4298195018692159,-0.22783841265403149,1.0,0.6705202312138728,-0.3181440180651557
OSD-599|Heart|9de7889f,OSD-599,mouse,heart,actual_flight,existing,primary,Reactive Oxygen Species Pathway,44,49,44,1.0,0.8979591836734694,ok,-0.682286001941955,-0.13846700486134456,-0.05606086982131142,-0.005355483619578494,-0.8879648318581077,-0.4776550986723124,1.0,0.7954545454545454,-0.682286001941955
OSD-599|Heart|9de7889f,OSD-599,mouse,heart,actual_flight,existing,primary,p53 Pathway,186,200,186,1.0,0.93,ok,-0.6094581484216822,-0.1267441499971631,-0.04433801495712997,-0.007503719539072695,-0.9476207614970402,-0.2520309642182746,1.0,0.7903225806451613,-0.6094581484216822
OSD-599|Heart|9de7889f,OSD-599,mouse,heart,actual_flight,existing,primary,Circadian clock,106,112,106,1.0,0.9464285714285714,ok,-0.5887811993737742,-0.11800110058964419,-0.03559496554961106,-0.004660682181537701,-0.9557927264210193,-0.24240384036679458,1.0,0.7452830188679245,-0.5887811993737742
OSD-599|Heart|9de7889f,OSD-599,mouse,heart,actual_flight,existing,primary,Muscle contraction,192,204,192,1.0,0.9411764705882353,ok,-0.3555299078649198,-0.17977432885608202,-0.09736819381604889,-0.010978827801589985,-0.7008617076023027,-0.03222490559239745,1.0,0.6458333333333334,-0.3555299078649198
OSD-665|Right extensor digitorum longus|52cb5fea,OSD-665,mouse,skeletal muscle,actual_flight,existing,primary,TNF-alpha Signaling via NF-kB,184,200,184,1.0,0.92,ok,-0.13339466575258868,-0.08859819440387051,-0.07944794549348555,-0.011483374905030264,-0.21807708898271816,-0.055209260021488724,1.0,0.5597826086956522,-0.13339466575258868
OSD-665|Right extensor digitorum longus|52cb5fea,OSD-665,mouse,skeletal muscle,actual_flight,existing,primary,DNA Repair,137,150,137,1.0,0.9133333333333333,ok,-0.2083932066969496,-0.021161913509206265,-0.012011664598821303,-0.0011360035553757974,-0.3099736047108357,-0.12907626814695833,1.0,0.6277372262773723,-0.2083932066969496
OSD-665|Right extensor digitorum longus|52cb5fea,OSD-665,mouse,skeletal muscle,actual_flight,existing,primary,Myogenesis,190,200,190,1.0,0.95,ok,-0.03225319414557563,-0.02731737105028742,-0.01816712213990246,-0.003070088673711835,-0.1163698476839653,0.044249265359978744,0.6666666666666666,0.5210526315789473,-0.039974706481824024
OSD-665|Right extensor digitorum longus|52cb5fea,OSD-665,mouse,skeletal muscle,actual_flight,existing,primary,Unfolded Protein Response,102,113,102,1.0,0.9026548672566371,ok,-0.11211649665180626,-0.03482676800522988,-0.02567651909484492,-0.002074457654256401,-0.1913642476830446,-0.027778397760677576,1.0,0.5490196078431373,-0.11211649665180626
OSD-665|Right extensor digitorum longus|52cb5fea,OSD-665,mouse,skeletal muscle,actual_flight,existing,primary,Inflammatory Response,177,200,177,1.0,0.885,ok,-0.008373048000331068,-0.0007561747696804844,0.008394074140704477,-0.00043588325034793485,-0.15355615220124585,0.06405801968567942,0.5,0.5310734463276836,-0.008373048000331068
OSD-665|Right extensor digitorum longus|52cb5fea,OSD-665,mouse,skeletal muscle,actual_flight,existing,primary,Oxidative Phosphorylation,173,200,173,1.0,0.865,ok,-0.2866726140132196,-0.0316492079080648,-0.02249895899767984,-0.0020650811529181468,-0.37869249960033424,-0.19409811477176736,1.0,0.630057803468208,-0.2866726140132196
OSD-665|Right extensor digitorum longus|52cb5fea,OSD-665,mouse,skeletal muscle,actual_flight,existing,primary,Reactive Oxygen Species Pathway,44,49,44,1.0,0.8979591836734694,ok,-0.08165535645150834,-0.04009521725079557,-0.030944968340410606,-0.0027530497856906866,-0.19564304071164967,0.026664092431329535,0.9166666666666666,0.5,-0.08165535645150834
OSD-665|Right extensor digitorum longus|52cb5fea,OSD-665,mouse,skeletal muscle,actual_flight,existing,primary,p53 Pathway,186,200,186,1.0,0.93,ok,-0.029946718000072807,-0.01697136319449344,-0.007821114284108477,-0.0022203196144677806,-0.13667157459306395,0.03267888548992848,0.75,0.5,-0.029946718000072807
OSD-665|Right extensor digitorum longus|52cb5fea,OSD-665,mouse,skeletal muscle,actual_flight,existing,primary,Circadian clock,106,112,106,1.0,0.9464285714285714,ok,0.28793244884178626,0.006421942641642087,0.015572191552027048,-0.0028809406797762893,0.23385893621940423,0.34654216265370863,1.0,0.660377358490566,0.28793244884178626
OSD-665|Right extensor digitorum longus|52cb5fea,OSD-665,mouse,skeletal muscle,actual_flight,existing,primary,Muscle contraction,192,204,192,1.0,0.9411764705882353,ok,-0.07288028743665076,-0.021822828869416,-0.012672579959031038,-0.0031713936055242087,-0.20553661903084441,0.00483946495175989,0.9166666666666666,0.53125,-0.07288028743665076
OSD-666|Right quadriceps femoris|52cb5fea,OSD-666,mouse,skeletal muscle,actual_flight,existing,primary,TNF-alpha Signaling via NF-kB,184,200,184,1.0,0.92,ok,0.25946189638597883,0.07138719387602199,0.011658654355544584,-0.0012374747344432446,0.16650549104385323,0.3889897511953937,1.0,0.5978260869565217,0.25946189638597883
OSD-666|Right quadriceps femoris|52cb5fea,OSD-666,mouse,skeletal muscle,actual_flight,existing,primary,DNA Repair,137,150,137,1.0,0.9133333333333333,ok,0.06867216547363923,0.007532860190945456,-0.05219567932953195,-0.010625776635437068,0.00626440919587367,0.13851131459136057,1.0,0.5620437956204379,0.06867216547363923
OSD-666|Right quadriceps femoris|52cb5fea,OSD-666,mouse,skeletal muscle,actual_flight,existing,primary,Myogenesis,190,200,190,1.0,0.95,ok,0.0005908767261078214,-0.028014149744749695,-0.0877426892652271,-0.012340858740983895,-0.05450889593999243,0.04067356033072238,0.5833333333333334,0.45789473684210524,-0.0007926089744692
OSD-666|Right quadriceps femoris|52cb5fea,OSD-666,mouse,skeletal muscle,actual_flight,existing,primary,Unfolded Protein Response,102,113,102,1.0,0.9026548672566371,ok,0.5221216747902564,0.10590278435486322,0.046174244834385814,0.0050275401951087595,0.4557518788412158,0.5847260631243605,1.0,0.7156862745098039,0.5221216747902564
OSD-666|Right quadriceps femoris|52cb5fea,OSD-666,mouse,skeletal muscle,actual_flight,existing,primary,Inflammatory Response,177,200,177,1.0,0.885,ok,0.2154886116117406,0.07273254989998912,0.01300401037951171,0.001727606498013401,0.1030841269086279,0.3504752505440111,1.0,0.5988700564971752,0.2154886116117406
OSD-666|Right quadriceps femoris|52cb5fea,OSD-666,mouse,skeletal muscle,actual_flight,existing,primary,Oxidative Phosphorylation,173,200,173,1.0,0.865,ok,-0.12284245503615987,-0.0074807720147580525,-0.06720931153523546,-0.0045531269078035175,-0.23434404797980218,0.06269022743115882,0.8333333333333334,0.5375722543352601,-0.12284245503615987
OSD-666|Right quadriceps femoris|52cb5fea,OSD-666,mouse,skeletal muscle,actual_flight,existing,primary,Reactive Oxygen Species Pathway,44,49,44,1.0,0.8979591836734694,ok,0.07093955707113997,0.025269215968861225,-0.03445932355161618,-0.004589540309124729,-0.008323789337594692,0.13852320871644822,0.9166666666666666,0.5454545454545454,0.07093955707113997
OSD-666|Right quadriceps femoris|52cb5fea,OSD-666,mouse,skeletal muscle,actual_flight,existing,primary,p53 Pathway,186,200,186,1.0,0.93,ok,0.21853603186782877,0.06699895790417587,0.007270418383698463,-0.0022810317097354815,0.15292362175757676,0.2749418108508749,1.0,0.5967741935483871,0.21853603186782877
OSD-666|Right quadriceps femoris|52cb5fea,OSD-666,mouse,skeletal muscle,actual_flight,existing,primary,Circadian clock,106,112,106,1.0,0.9464285714285714,ok,0.4621423658863645,0.06276507049494429,0.003036530974466878,-0.0035312298469458714,0.3966955102194363,0.5353950349953197,1.0,0.6509433962264151,0.4621423658863645
OSD-666|Right quadriceps femoris|52cb5fea,OSD-666,mouse,skeletal muscle,actual_flight,existing,primary,Muscle contraction,192,204,192,1.0,0.9411764705882353,ok,0.15956040249094683,0.007942589956655866,-0.05178594956382154,-0.004426339203941754,0.10275385074853136,0.2212866790994042,1.0,0.5729166666666666,0.15956040249094683
OSD-667|Colon|1cbbec91,OSD-667,mouse,colon,actual_flight,existing,primary,TNF-alpha Signaling via NF-kB,184,200,184,1.0,0.92,ok,-0.006846084491154701,0.004933763578858219,0.036705397048252486,0.007064978473506622,-0.23946628177077028,0.11494173328096449,0.3333333333333333,0.483695652173913,-0.006846084491154701
OSD-667|Colon|1cbbec91,OSD-667,mouse,colon,actual_flight,existing,primary,DNA Repair,137,150,137,1.0,0.9133333333333333,ok,-0.13860071733505624,-0.02881789881817598,0.002953734651218287,-0.000471456316287755,-0.3615044327388889,0.03810168082285242,0.8333333333333334,0.5547445255474452,-0.13860071733505624
OSD-667|Colon|1cbbec91,OSD-667,mouse,colon,actual_flight,existing,primary,Myogenesis,190,200,190,1.0,0.95,ok,-0.07526095907543517,-0.1424810148285407,-0.11070938135914643,-0.02119105049137837,-0.44155175476940745,0.13242999165172104,0.3333333333333333,0.5684210526315789,-0.07142735319547706
OSD-667|Colon|1cbbec91,OSD-667,mouse,colon,actual_flight,existing,primary,Unfolded Protein Response,102,113,102,1.0,0.9026548672566371,ok,-0.18123581470853592,-0.03196497660836428,-0.00019334313897001465,-0.0016083430844585633,-0.42553311866642984,0.11583633211205346,0.8333333333333334,0.6470588235294118,-0.18123581470853592
OSD-667|Colon|1cbbec91,OSD-667,mouse,colon,actual_flight,existing,primary,Inflammatory Response,177,200,177,1.0,0.885,ok,-0.12045338656044598,-0.027144003926080185,0.004627629543314082,0.0029381138921953376,-0.34656800944949895,0.03029101654338468,0.8333333333333334,0.5875706214689266,-0.12045338656044598
OSD-667|Colon|1cbbec91,OSD-667,mouse,colon,actual_flight,existing,primary,Oxidative Phosphorylation,173,200,173,1.0,0.865,ok,0.1396448774635679,0.022548602495579217,0.054320235964973484,0.0010326358673726777,-0.122836226354406,0.33912618538890127,0.6666666666666666,0.5895953757225434,0.1396448774635679
OSD-667|Colon|1cbbec91,OSD-667,mouse,colon,actual_flight,existing,primary,Reactive Oxygen Species Pathway,44,49,44,1.0,0.8979591836734694,ok,0.03264912017142581,-0.0046523215926495,0.027119311876744767,-0.001084784541757644,-0.13240088092935853,0.10791148932309821,0.6666666666666666,0.5,0.03264912017142581
OSD-667|Colon|1cbbec91,OSD-667,mouse,colon,actual_flight,existing,primary,p53 Pathway,186,200,186,1.0,0.93,ok,0.04119982625576389,0.02320332453489371,0.05497495800428798,0.008450355527666265,-0.06467697474757787,0.13765290275639647,0.6666666666666666,0.4731182795698925,0.04119982625576389
OSD-667|Colon|1cbbec91,OSD-667,mouse,colon,actual_flight,existing,primary,Circadian clock,106,112,106,1.0,0.9464285714285714,ok,-0.013626092566014464,-0.013886454556160999,0.01788517891323327,-0.00238674372261527,-0.15963019561608485,0.1572874275761685,0.6666666666666666,0.5283018867924528,-0.013626092566014464
OSD-667|Colon|1cbbec91,OSD-667,mouse,colon,actual_flight,existing,primary,Muscle contraction,192,204,192,1.0,0.9411764705882353,ok,-0.05998511512760557,-0.10062676813362925,-0.06885513466423498,-0.014735593654980561,-0.4210717136871234,0.1461709510178571,0.3333333333333333,0.5364583333333334,-0.05998511512760557
OSD-686|Liver|df0bb62b,OSD-686,mouse,liver,actual_flight,existing,primary,TNF-alpha Signaling via NF-kB,184,200,184,1.0,0.92,ok,0.1702350139178886,0.04340734559556747,0.019922293942898905,0.0005496005294418627,0.027668434868703556,0.3047473606438502,1.0,0.5489130434782609,0.1702350139178886
OSD-686|Liver|df0bb62b,OSD-686,mouse,liver,actual_flight,existing,primary,DNA Repair,137,150,137,1.0,0.9133333333333333,ok,0.18694295633501962,0.03048435186201326,0.006999300209344694,-0.002788627610477823,0.11614527994835441,0.23018573212043258,1.0,0.583941605839416,0.18694295633501962
OSD-686|Liver|df0bb62b,OSD-686,mouse,liver,actual_flight,existing,primary,Myogenesis,190,200,190,1.0,0.95,ok,0.059357692886303284,-0.001457294640376583,-0.024942346293045148,-0.0010537306008176484,-0.017839706365807468,0.11649669312555347,0.8888888888888888,0.5,0.05967175475342659
OSD-686|Liver|df0bb62b,OSD-686,mouse,liver,actual_flight,existing,primary,Unfolded Protein Response,102,113,102,1.0,0.9026548672566371,ok,0.4636776539585127,0.10470253445841182,0.08121748280574326,0.002511642089521038,0.35373610574347014,0.5478781008205318,1.0,0.6764705882352942,0.4636776539585127
OSD-686|Liver|df0bb62b,OSD-686,mouse,liver,actual_flight,existing,primary,Inflammatory Response,177,200,177,1.0,0.885,ok,0.21124654488840572,0.0353994028898843,0.011914351237215737,0.003374711196300839,0.07040236680350023,0.31804303119815575,1.0,0.5875706214689266,0.21124654488840572
OSD-686|Liver|df0bb62b,OSD-686,mouse,liver,actual_flight,existing,primary,Oxidative Phosphorylation,173,200,173,1.0,0.865,ok,-0.1841877503165307,-0.01112444770588894,-0.034609499358557505,-0.0026640480723600923,-0.39942005167671135,-0.07519926556394442,1.0,0.6242774566473989,-0.1841877503165307
OSD-686|Liver|df0bb62b,OSD-686,mouse,liver,actual_flight,existing,primary,Reactive Oxygen Species Pathway,44,49,44,1.0,0.8979591836734694,ok,0.395282805847626,0.08420737752352281,0.060722325870854243,0.0077527250746834975,0.27378391691115417,0.520017473437414,1.0,0.6590909090909091,0.395282805847626
OSD-686|Liver|df0bb62b,OSD-686,mouse,liver,actual_flight,existing,primary,p53 Pathway,186,200,186,1.0,0.93,ok,0.13368429110976315,0.03374315585647336,0.010258104203804796,-0.0008528941500128839,0.03166989482878003,0.23356732627562157,1.0,0.532258064516129,0.13368429110976315
OSD-686|Liver|df0bb62b,OSD-686,mouse,liver,actual_flight,existing,primary,Circadian clock,106,112,106,1.0,0.9464285714285714,ok,0.5820839190960275,0.07691556743621453,0.05343051578354596,0.003178661557251883,0.5121890090353155,0.7111840099513408,1.0,0.7075471698113207,0.5820839190960275
OSD-686|Liver|df0bb62b,OSD-686,mouse,liver,actual_flight,existing,primary,Muscle contraction,192,204,192,1.0,0.9411764705882353,ok,0.09829918680815045,0.014226377205685203,-0.009258674446983362,0.003769587775213523,0.024306996544250066,0.14592624545334215,1.0,0.4791666666666667,0.09829918680815045
OSD-770|Right soleus|df447f03,OSD-770,mouse,skeletal muscle,actual_flight,existing,primary,TNF-alpha Signaling via NF-kB,184,200,184,1.0,0.92,ok,-0.3652950711096704,-0.09511929186840495,0.12956271916557882,0.02542993257739734,-0.4654359428095508,-0.19363715697938605,1.0,0.6684782608695652,-0.3652950711096704
OSD-770|Right soleus|df447f03,OSD-770,mouse,skeletal muscle,actual_flight,existing,primary,DNA Repair,137,150,137,1.0,0.9133333333333333,ok,-1.1761771804260888,-0.3782395252078734,-0.15355751417388963,-0.01012692499296075,-1.2829172586522544,-1.1287727789677793,1.0,0.9416058394160584,-1.1761771804260888
OSD-770|Right soleus|df447f03,OSD-770,mouse,skeletal muscle,actual_flight,existing,primary,Myogenesis,190,200,190,1.0,0.95,ok,-0.4762542113999136,-0.14558193281194853,0.07910007822203524,0.008503855253034986,-0.6001954582850031,-0.27359513464312596,1.0,0.7263157894736842,-0.48793510288672304
OSD-770|Right soleus|df447f03,OSD-770,mouse,skeletal muscle,actual_flight,existing,primary,Unfolded Protein Response,102,113,102,1.0,0.9026548672566371,ok,-0.9873770315213792,-0.3199984126730393,-0.09531640163905553,0.0003599835362214643,-1.0820660959362671,-0.9081618244398337,1.0,0.9117647058823529,-0.9873770315213792
OSD-770|Right soleus|df447f03,OSD-770,mouse,skeletal muscle,actual_flight,existing,primary,Inflammatory Response,177,200,177,1.0,0.885,ok,-0.542136916005959,-0.16472120300415938,0.0599608080298244,0.005713609802529884,-0.5960677973225738,-0.38915055001904275,1.0,0.751412429378531,-0.542136916005959
OSD-770|Right soleus|df447f03,OSD-770,mouse,skeletal muscle,actual_flight,existing,primary,Oxidative Phosphorylation,173,200,173,1.0,0.865,ok,-1.2316912922801941,-0.4285912974836288,-0.203909286449645,-0.008093279640079776,-1.3511839998103257,-1.1678438385636634,1.0,0.9826589595375722,-1.2316912922801941
OSD-770|Right soleus|df447f03,OSD-770,mouse,skeletal muscle,actual_flight,existing,primary,Reactive Oxygen Species Pathway,44,49,44,1.0,0.8979591836734694,ok,-0.9323013246670688,-0.35210984714583304,-0.12742783611184927,-0.005795591923188237,-1.0372689220967677,-0.8686347726837359,1.0,0.9090909090909091,-0.9323013246670688
OSD-770|Right soleus|df447f03,OSD-770,mouse,skeletal muscle,actual_flight,existing,primary,p53 Pathway,186,200,186,1.0,0.93,ok,-0.7491515516615548,-0.22534887490320088,-0.0006668638692171047,0.007587682446493771,-0.818566248941357,-0.6674414175121316,1.0,0.8118279569892473,-0.7491515516615548
OSD-770|Right soleus|df447f03,OSD-770,mouse,skeletal muscle,actual_flight,existing,primary,Circadian clock,106,112,106,1.0,0.9464285714285714,ok,-0.8378172441377936,-0.2698165435554851,-0.04513453252150135,0.0025158787924027814,-0.942622168677586,-0.7431766687906809,1.0,0.8679245283018868,-0.8378172441377936
OSD-770|Right soleus|df447f03,OSD-770,mouse,skeletal muscle,actual_flight,existing,primary,Muscle contraction,192,204,192,1.0,0.9411764705882353,ok,-0.2864046181277174,-0.13548601149361472,0.08919599954036905,0.01451690547496065,-0.34253369461138083,-0.17577916627538073,1.0,0.59375,-0.2864046181277174
OSD-99|Extensor digitorum longus- both sides|2664dccf,OSD-99,mouse,skeletal muscle,actual_flight,existing,primary,TNF-alpha Signaling via NF-kB,184,200,184,1.0,0.92,ok,0.35298075233082365,0.10044295294632155,0.10528179932345649,0.016894504651729703,0.2883056533695869,0.41234619899994596,1.0,0.657608695652174,0.35298075233082365
OSD-99|Extensor digitorum longus- both sides|2664dccf,OSD-99,mouse,skeletal muscle,actual_flight,existing,primary,DNA Repair,137,150,137,1.0,0.9133333333333333,ok,-0.4476324389810724,-0.044208311065669026,-0.039369464688534084,-0.005311604788526658,-0.5560205559518407,-0.3015667631697527,1.0,0.7226277372262774,-0.4476324389810724
OSD-99|Extensor digitorum longus- both sides|2664dccf,OSD-99,mouse,skeletal muscle,actual_flight,existing,primary,Myogenesis,190,200,190,1.0,0.95,ok,-0.22835489680342913,-0.00645250408469078,-0.0016136577075558378,0.0012326108710617456,-0.271899871062089,-0.13910493150169495,1.0,0.5684210526315789,-0.22629526058725738
OSD-99|Extensor digitorum longus- both sides|2664dccf,OSD-99,mouse,skeletal muscle,actual_flight,existing,primary,Unfolded Protein Response,102,113,102,1.0,0.9026548672566371,ok,-0.0322780658184196,0.010907182269090487,0.01574602864622543,0.0031930356492522183,-0.13480117682266513,0.12274042021672246,0.8333333333333334,0.49019607843137253,-0.0322780658184196
OSD-99|Extensor digitorum longus- both sides|2664dccf,OSD-99,mouse,skeletal muscle,actual_flight,existing,primary,Inflammatory Response,177,200,177,1.0,0.885,ok,0.20281497898441536,0.03918405236999045,0.044022898747125394,0.008024008350082434,0.11309899022510608,0.2870600235368727,1.0,0.559322033898305,0.20281497898441536
OSD-99|Extensor digitorum longus- both sides|2664dccf,OSD-99,mouse,skeletal muscle,actual_flight,existing,primary,Oxidative Phosphorylation,173,200,173,1.0,0.865,ok,0.05778656249021526,0.006268327578413668,0.01110717395554861,0.0008851890603491785,-0.11493938699029016,0.2122159011014537,0.8333333333333334,0.5491329479768786,0.05778656249021526
OSD-99|Extensor digitorum longus- both sides|2664dccf,OSD-99,mouse,skeletal muscle,actual_flight,existing,primary,Reactive Oxygen Species Pathway,44,49,44,1.0,0.8979591836734694,ok,0.14133250889468252,0.014700047259049942,0.019538893636184884,0.005943210542617039,0.07691362072714517,0.33441578292200835,1.0,0.6363636363636364,0.14133250889468252
OSD-99|Extensor digitorum longus- both sides|2664dccf,OSD-99,mouse,skeletal muscle,actual_flight,existing,primary,p53 Pathway,186,200,186,1.0,0.93,ok,-0.08231681671886884,0.019388636087207978,0.02422748246434292,0.0037675769640291845,-0.14950510761957003,0.05909570589141164,0.9166666666666666,0.5483870967741935,-0.08231681671886884
OSD-99|Extensor digitorum longus- both sides|2664dccf,OSD-99,mouse,skeletal muscle,actual_flight,existing,primary,Circadian clock,106,112,106,1.0,0.9464285714285714,ok,-0.21665593580946985,-0.03675332367595896,-0.03191447729882402,-0.0019483791501033743,-0.29914406975738095,-0.038895327244208175,1.0,0.5943396226415094,-0.21665593580946985
OSD-99|Extensor digitorum longus- both sides|2664dccf,OSD-99,mouse,skeletal muscle,actual_flight,existing,primary,Muscle contraction,192,204,192,1.0,0.9411764705882353,ok,-0.27849453359774246,-0.030895760386354,-0.026056914009219057,-0.0032819254405244136,-0.3360783801935329,-0.2030864265365252,1.0,0.6510416666666666,-0.27849453359774246
GSE298393|OS,GSE298393,human,skeletal muscle,actual_flight,existing,primary,TNF-alpha Signaling via NF-kB,183,200,184,0.9945652173913043,0.915,ok,0.48179960980305236,0.11633721437264488,-0.013175336317523323,-0.005981134298242319,0.3878895937232009,0.6758959714749251,1.0,0.6502732240437158,0.48179960980305236
GSE298393|OS,GSE298393,human,skeletal muscle,actual_flight,existing,primary,DNA Repair,137,150,137,1.0,0.9133333333333333,ok,0.9935698049221464,0.17224385232240946,0.04273130163224126,0.0011221918481116866,0.8630196409001394,1.1385187637691139,1.0,0.8467153284671532,0.9935698049221464
GSE298393|OS,GSE298393,human,skeletal muscle,actual_flight,existing,primary,Myogenesis,190,200,190,1.0,0.95,ok,0.56302802677434,0.14164943794082596,0.012136887250657757,-0.00047948039485001814,0.49107998482983595,0.6785266059550932,1.0,0.6842105263157895,0.5746917276801818
GSE298393|OS,GSE298393,human,skeletal muscle,actual_flight,existing,primary,Unfolded Protein Response,102,113,102,1.0,0.9026548672566371,ok,0.9380432718543039,0.17801980172691767,0.048507251036749466,-0.002507814250757967,0.8501296671326992,1.060888412117559,1.0,0.7941176470588235,0.9380432718543039
GSE298393|OS,GSE298393,human,skeletal muscle,actual_flight,existing,primary,Inflammatory Response,177,200,177,1.0,0.885,ok,0.40164552233237605,0.07413402509659872,-0.05537852559356948,-0.004340706419348472,0.3482255054653944,0.48676491166849206,1.0,0.5932203389830508,0.40164552233237605
GSE298393|OS,GSE298393,human,skeletal muscle,actual_flight,existing,primary,Oxidative Phosphorylation,173,200,173,1.0,0.865,ok,1.1088312155360196,0.177822292129183,0.048309741439014786,0.0034138427156562567,0.9876557614989911,1.2189353234801459,1.0,0.8670520231213873,1.1088312155360196
GSE298393|OS,GSE298393,human,skeletal muscle,actual_flight,existing,primary,Reactive Oxygen Species Pathway,43,49,44,0.9772727272727273,0.8775510204081632,ok,0.47880345201442415,0.10270723412463134,-0.026805316565536863,-0.005743665221980221,0.30675276238202137,0.7215032190298096,1.0,0.6744186046511628,0.47880345201442415
GSE298393|OS,GSE298393,human,skeletal muscle,actual_flight,existing,primary,p53 Pathway,186,200,186,1.0,0.93,ok,0.5226374446200758,0.10342406412072513,-0.02608848656944307,-0.006474261482285026,0.4068738918481075,0.7083032795689783,1.0,0.6720430107526881,0.5226374446200758
GSE298393|OS,GSE298393,human,skeletal muscle,actual_flight,existing,primary,Circadian clock,106,112,106,1.0,0.9464285714285714,ok,0.7393722076450722,0.1499303725647665,0.020417821874598285,0.0011959948196412773,0.618693373699965,0.9139898816962202,1.0,0.7641509433962265,0.7393722076450722
GSE298393|OS,GSE298393,human,skeletal muscle,actual_flight,existing,primary,Muscle contraction,192,204,192,1.0,0.9411764705882353,ok,0.4654685911125491,0.10745956121213052,-0.022052989478037688,0.0014366471412952109,0.400696961255655,0.5081818144176594,1.0,0.65625,0.4654685911125491
GSE298393|YA,GSE298393,human,skeletal muscle,actual_flight,existing,primary,TNF-alpha Signaling via NF-kB,183,200,184,0.9945652173913043,0.915,ok,-0.3879228584237772,-0.14568812342255422,-0.17926473079835126,-0.028207700572777217,-0.6433948010799941,-0.2044682478774585,1.0,0.6557377049180327,-0.3879228584237772
GSE298393|YA,GSE298393,human,skeletal muscle,actual_flight,existing,primary,DNA Repair,137,150,137,1.0,0.9133333333333333,ok,0.5745051859690098,0.10241284259479455,0.06883623521899751,0.009047455783808722,0.4199522863624351,0.8242337129574338,1.0,0.781021897810219,0.5745051859690098
GSE298393|YA,GSE298393,human,skeletal muscle,actual_flight,existing,primary,Myogenesis,190,200,190,1.0,0.95,ok,0.10612860637495072,-0.004673459795876411,-0.03825006717167345,-0.00831771574009954,0.05466377762019156,0.16345400544295252,1.0,0.5421052631578948,0.114874566574566
GSE298393|YA,GSE298393,human,skeletal muscle,actual_flight,existing,primary,Unfolded Protein Response,102,113,102,1.0,0.9026548672566371,ok,0.2777091232404925,0.031502857658208594,-0.0020737497175884467,-0.003134228080697521,0.1310546471350369,0.5836919898348513,1.0,0.6372549019607843,0.2777091232404925
GSE298393|YA,GSE298393,human,skeletal muscle,actual_flight,existing,primary,Inflammatory Response,177,200,177,1.0,0.885,ok,-0.18178307499113805,-0.07890059279099026,-0.1124772001667873,-0.015572336377345453,-0.3602251074632636,-0.08463334015094884,1.0,0.4971751412429379,-0.18178307499113805
GSE298393|YA,GSE298393,human,skeletal muscle,actual_flight,existing,primary,Oxidative Phosphorylation,173,200,173,1.0,0.865,ok,0.9242298316315305,0.15825217103797407,0.12467556366217702,0.008162316609138465,0.809841340207018,1.0859063957401554,1.0,0.8554913294797688,0.9242298316315305
GSE298393|YA,GSE298393,human,skeletal muscle,actual_flight,existing,primary,Reactive Oxygen Species Pathway,43,49,44,0.9772727272727273,0.8775510204081632,ok,0.15450340450858255,0.008076768642825805,-0.025499838732971236,-0.00908293400892013,-0.020664913021649196,0.3774286459398647,0.8333333333333334,0.5813953488372093,0.15450340450858255
GSE298393|YA,GSE298393,human,skeletal muscle,actual_flight,existing,primary,p53 Pathway,186,200,186,1.0,0.93,ok,-0.04707088573494139,-0.027101435000911778,-0.06067804237670882,-0.008355170920408161,-0.17867724865129608,0.10546522890941558,0.6666666666666666,0.5053763440860215,-0.04707088573494139
GSE298393|YA,GSE298393,human,skeletal muscle,actual_flight,existing,primary,Circadian clock,106,112,106,1.0,0.9464285714285714,ok,0.041659179571308685,-0.0064561179393916035,-0.040032725315188644,-0.007128602786375171,-0.14929450610033687,0.24378552920791247,0.6666666666666666,0.5188679245283019,0.041659179571308685
GSE298393|YA,GSE298393,human,skeletal muscle,actual_flight,existing,primary,Muscle contraction,192,204,192,1.0,0.9411764705882353,ok,0.060744548494337,-0.001546001753822246,-0.03512260912961929,-0.002243571216224538,0.0032551451429774876,0.09128778379418093,1.0,0.5052083333333334,0.060744548494337
GSE157937|microgravity_vs_onboard_1g|NCBI,GSE157937,human,microvascular endothelial HMEC-1 cells,microgravity_vs_onboard_1g,NCBI,primary,TNF-alpha Signaling via NF-kB,184,200,184,1.0,0.92,ok,-0.5333387926086907,-0.24773493624609522,-0.20462519086898512,-0.035083823599751485,-1.0672534507402232,0.22012221617101238,0.8,0.7934782608695652,-0.5333387926086907
GSE157937|microgravity_vs_onboard_1g|NCBI,GSE157937,human,microvascular endothelial HMEC-1 cells,microgravity_vs_onboard_1g,NCBI,primary,DNA Repair,137,150,137,1.0,0.9133333333333333,ok,-0.16329104379394124,-0.04419353850856478,-0.00108379313145468,-0.0027224109272241392,-0.387004233211884,0.1378640312809931,0.8,0.5620437956204379,-0.16329104379394124
GSE157937|microgravity_vs_onboard_1g|NCBI,GSE157937,human,microvascular endothelial HMEC-1 cells,microgravity_vs_onboard_1g,NCBI,primary,Myogenesis,190,200,190,1.0,0.95,ok,-0.28247320449393837,-0.11099965734603412,-0.06788991196892402,-0.01164761739331821,-0.46011181884781704,-0.040358445812523715,1.0,0.6421052631578947,-0.29024397978871685
GSE157937|microgravity_vs_onboard_1g|NCBI,GSE157937,human,microvascular endothelial HMEC-1 cells,microgravity_vs_onboard_1g,NCBI,primary,Unfolded Protein Response,102,113,102,1.0,0.9026548672566371,ok,-0.2315191918426709,-0.09550320293778736,-0.05239345756067726,-0.010676675510688405,-0.3683446096322892,-0.04547590164791818,1.0,0.6470588235294118,-0.2315191918426709
GSE157937|microgravity_vs_onboard_1g|NCBI,GSE157937,human,microvascular endothelial HMEC-1 cells,microgravity_vs_onboard_1g,NCBI,primary,Inflammatory Response,177,200,177,1.0,0.885,ok,-0.12477466323160391,-0.08461250234290008,-0.04150275696578998,-0.006982124766148845,-0.3397814790861576,0.17820848912974613,0.8,0.5706214689265536,-0.12477466323160391
GSE157937|microgravity_vs_onboard_1g|NCBI,GSE157937,human,microvascular endothelial HMEC-1 cells,microgravity_vs_onboard_1g,NCBI,primary,Oxidative Phosphorylation,173,200,173,1.0,0.865,ok,0.1567654958094628,0.027883283930305147,0.07099302930741525,0.011172157678195571,-0.08124177196160468,0.33117013560104813,0.8,0.6184971098265896,0.1567654958094628
GSE157937|microgravity_vs_onboard_1g|NCBI,GSE157937,human,microvascular endothelial HMEC-1 cells,microgravity_vs_onboard_1g,NCBI,primary,Reactive Oxygen Species Pathway,44,49,44,1.0,0.8979591836734694,ok,0.06251482733166187,-0.000513553167834857,0.04259619220927524,0.003056555655565507,-0.08811738046118225,0.1841636041677268,0.6,0.5227272727272727,0.06251482733166187
GSE157937|microgravity_vs_onboard_1g|NCBI,GSE157937,human,microvascular endothelial HMEC-1 cells,microgravity_vs_onboard_1g,NCBI,primary,p53 Pathway,186,200,186,1.0,0.93,ok,-0.5680097630107598,-0.2337440078123394,-0.1906342624352293,-0.03261323444172359,-1.128753679430506,0.22395567385964982,0.8,0.8225806451612904,-0.5680097630107598
GSE157937|microgravity_vs_onboard_1g|NCBI,GSE157937,human,microvascular endothelial HMEC-1 cells,microgravity_vs_onboard_1g,NCBI,primary,Circadian clock,106,112,106,1.0,0.9464285714285714,ok,-0.01030499904760038,-0.040124490511539435,0.0029852548655706634,-0.0003774103825479047,-0.07335053976140071,0.06827977956682071,0.6,0.5,-0.01030499904760038
GSE157937|microgravity_vs_onboard_1g|NCBI,GSE157937,human,microvascular endothelial HMEC-1 cells,microgravity_vs_onboard_1g,NCBI,primary,Muscle contraction,192,204,192,1.0,0.9411764705882353,ok,-0.07457571235199249,-0.06184617123330516,-0.01873642585619506,-0.0008403809130912432,-0.16789797608150903,0.06480913811375918,0.6,0.546875,-0.07457571235199249
GSE157937|onboard_1g_vs_ground|NCBI,GSE157937,human,microvascular endothelial HMEC-1 cells,onboard_1g_vs_ground,NCBI,primary,TNF-alpha Signaling via NF-kB,184,200,184,1.0,0.92,ok,0.16136617651574786,0.09740339751537563,0.09703615464379123,0.01703018127899758,-0.4829113269926998,0.7513649937573902,0.8,0.6684782608695652,0.16136617651574786
GSE157937|onboard_1g_vs_ground|NCBI,GSE157937,human,microvascular endothelial HMEC-1 cells,onboard_1g_vs_ground,NCBI,primary,DNA Repair,137,150,137,1.0,0.9133333333333333,ok,0.15482244893890842,0.03932669361794883,0.03895945074636442,0.008284872282848799,-0.03768395626521277,0.31893732304389477,0.8,0.5912408759124088,0.15482244893890842
GSE157937|onboard_1g_vs_ground|NCBI,GSE157937,human,microvascular endothelial HMEC-1 cells,onboard_1g_vs_ground,NCBI,primary,Myogenesis,190,200,190,1.0,0.95,ok,-0.10979038544442113,-0.0018726935920612142,-0.00223993646364562,0.0002881130218284622,-0.45144924931375285,0.21433457059020847,0.8,0.5105263157894737,-0.1039360589431805
GSE157937|onboard_1g_vs_ground|NCBI,GSE157937,human,microvascular endothelial HMEC-1 cells,onboard_1g_vs_ground,NCBI,primary,Unfolded Protein Response,102,113,102,1.0,0.9026548672566371,ok,0.07530083721969849,0.04528833594587223,0.04492109307428782,0.0102657520654027,-0.11188808463076284,0.23150538447259278,0.6,0.6176470588235294,0.07530083721969849
GSE157937|onboard_1g_vs_ground|NCBI,GSE157937,human,microvascular endothelial HMEC-1 cells,onboard_1g_vs_ground,NCBI,primary,Inflammatory Response,177,200,177,1.0,0.885,ok,-0.09897503050595058,0.003848681612231175,0.0034814387406467695,0.0013114616546399116,-0.3572510647332481,0.16485269081590104,0.8,0.5254237288135594,-0.09897503050595058
GSE157937|onboard_1g_vs_ground|NCBI,GSE157937,human,microvascular endothelial HMEC-1 cells,onboard_1g_vs_ground,NCBI,primary,Oxidative Phosphorylation,173,200,173,1.0,0.865,ok,0.33939117928203943,0.04773788810178292,0.047370645230198516,0.007915514094761877,-0.004136974829006514,0.6370639265865521,0.8,0.6936416184971098,0.33939117928203943
GSE157937|onboard_1g_vs_ground|NCBI,GSE157937,human,microvascular endothelial HMEC-1 cells,onboard_1g_vs_ground,NCBI,primary,Reactive Oxygen Species Pathway,44,49,44,1.0,0.8979591836734694,ok,0.1709246995895136,0.03326131708242741,0.032894074210843005,0.006663416341634143,0.0867523999964921,0.2824745545217888,1.0,0.5227272727272727,0.1709246995895136
GSE157937|onboard_1g_vs_ground|NCBI,GSE157937,human,microvascular endothelial HMEC-1 cells,onboard_1g_vs_ground,NCBI,primary,p53 Pathway,186,200,186,1.0,0.93,ok,0.32154399194625577,0.16031615659728082,0.15994891372569642,0.027898257567692153,-0.2896234649679289,0.8359885008768237,0.8,0.7580645161290323,0.32154399194625577
GSE157937|onboard_1g_vs_ground|NCBI,GSE157937,human,microvascular endothelial HMEC-1 cells,onboard_1g_vs_ground,NCBI,primary,Circadian clock,106,112,106,1.0,0.9464285714285714,ok,0.1862673251585581,0.03220321212854138,0.031835969256956975,0.0024700064346058204,0.06387511870338503,0.24052106495348083,1.0,0.6509433962264151,0.1862673251585581
GSE157937|onboard_1g_vs_ground|NCBI,GSE157937,human,microvascular endothelial HMEC-1 cells,onboard_1g_vs_ground,NCBI,primary,Muscle contraction,192,204,192,1.0,0.9411764705882353,ok,-0.15223699090424425,-0.0010184681199865153,-0.001385710991570921,-0.0005721718005134435,-0.3824824119184308,0.08128043712358123,0.8,0.5677083333333334,-0.15223699090424425
GSE157937|microgravity_vs_ground|NCBI,GSE157937,human,microvascular endothelial HMEC-1 cells,microgravity_vs_ground,NCBI,primary,TNF-alpha Signaling via NF-kB,184,200,184,1.0,0.92,ok,-0.4357406341773757,-0.15033153873071958,-0.10758903622519389,-0.018053642320753904,-0.5952109222057599,-0.1223375751237061,1.0,0.7391304347826086,-0.4357406341773757
GSE157937|microgravity_vs_ground|NCBI,GSE157937,human,microvascular endothelial HMEC-1 cells,microgravity_vs_ground,NCBI,primary,DNA Repair,137,150,137,1.0,0.9133333333333333,ok,-0.010979349323546182,-0.004866844890615951,0.03787565761490974,0.005562461355624659,-0.11073350312267005,0.17527453465222376,0.6666666666666666,0.49635036496350365,-0.010979349323546182
GSE157937|microgravity_vs_ground|NCBI,GSE157937,human,microvascular endothelial HMEC-1 cells,microgravity_vs_ground,NCBI,primary,Myogenesis,190,200,190,1.0,0.95,ok,-0.45275137613314265,-0.11287235093809533,-0.07012984843256964,-0.011359504371489748,-0.5318657680838645,-0.36453160890217534,1.0,0.7368421052631579,-0.4498390262621267
GSE157937|microgravity_vs_ground|NCBI,GSE157937,human,microvascular endothelial HMEC-1 cells,microgravity_vs_ground,NCBI,primary,Unfolded Protein Response,102,113,102,1.0,0.9026548672566371,ok,-0.13998376376416394,-0.05021486699191513,-0.007472364486389438,-0.0004109234452857047,-0.22945280996219058,0.052022947769259933,0.8333333333333334,0.5980392156862745,-0.13998376376416394
GSE157937|microgravity_vs_ground|NCBI,GSE157937,human,microvascular endothelial HMEC-1 cells,microgravity_vs_ground,NCBI,primary,Inflammatory Response,177,200,177,1.0,0.885,ok,-0.27880178808334577,-0.0807638207306689,-0.03802131822514321,-0.005670663111508933,-0.3659950991574038,-0.1903911791095638,1.0,0.6497175141242938,-0.27880178808334577
GSE157937|microgravity_vs_ground|NCBI,GSE157937,human,microvascular endothelial HMEC-1 cells,microgravity_vs_ground,NCBI,primary,Oxidative Phosphorylation,173,200,173,1.0,0.865,ok,0.47051009156062074,0.07562117203208807,0.11836367453761376,0.01908767177295745,0.29571839727991744,0.6597829640212917,1.0,0.7225433526011561,0.47051009156062074
GSE157937|microgravity_vs_ground|NCBI,GSE157937,human,microvascular endothelial HMEC-1 cells,microgravity_vs_ground,NCBI,primary,Reactive Oxygen Species Pathway,44,49,44,1.0,0.8979591836734694,ok,0.2738212342740282,0.032747763914592554,0.07549026642011825,0.00971997199719965,0.15708156742225343,0.3928714814678764,1.0,0.6590909090909091,0.2738212342740282
GSE157937|microgravity_vs_ground|NCBI,GSE157937,human,microvascular endothelial HMEC-1 cells,microgravity_vs_ground,NCBI,primary,p53 Pathway,186,200,186,1.0,0.93,ok,-0.2206797553960186,-0.07342785121505857,-0.030685348709532878,-0.00471497687403144,-0.40730989654882066,0.3051001076848251,0.8333333333333334,0.6881720430107527,-0.2206797553960186
GSE157937|microgravity_vs_ground|NCBI,GSE157937,human,microvascular endothelial HMEC-1 cells,microgravity_vs_ground,NCBI,primary,Circadian clock,106,112,106,1.0,0.9464285714285714,ok,0.08029678653484285,-0.007921278382998054,0.03482122412252764,0.0020925960520579157,0.003147034344459021,0.18555587708845941,1.0,0.5283018867924528,0.08029678653484285
GSE157937|microgravity_vs_ground|NCBI,GSE157937,human,microvascular endothelial HMEC-1 cells,microgravity_vs_ground,NCBI,primary,Muscle contraction,192,204,192,1.0,0.9411764705882353,ok,-0.28614114599518203,-0.06286463935329167,-0.02012213684776598,-0.0014125527136046867,-0.5504148795808723,-0.15520016484588603,1.0,0.6302083333333334,-0.28614114599518203
GSE224805|microgravity_vs_onboard_1g|NCBI,GSE224805,human,osteoblast-like MG63 cancer cells,microgravity_vs_onboard_1g,NCBI,sensitivity,TNF-alpha Signaling via NF-kB,184,200,184,1.0,0.92,ok,0.8441847560367994,0.5136842195862448,0.6311040331461424,0.08811674917491752,0.7751232105851016,1.0433935312738207,1.0,0.7445652173913043,0.8441847560367994
GSE224805|microgravity_vs_onboard_1g|NCBI,GSE224805,human,osteoblast-like MG63 cancer cells,microgravity_vs_onboard_1g,NCBI,sensitivity,DNA Repair,137,150,137,1.0,0.9133333333333333,ok,-0.5909443832142691,-0.17392402216610803,-0.056504208606210415,-0.00949591674495942,-0.7145045359341892,-0.5156727116233072,1.0,0.6642335766423357,-0.5909443832142691
GSE224805|microgravity_vs_onboard_1g|NCBI,GSE224805,human,osteoblast-like MG63 cancer cells,microgravity_vs_onboard_1g,NCBI,sensitivity,Myogenesis,190,200,190,1.0,0.95,ok,-0.3895738001387544,-0.0837675606211028,0.03365225293879481,0.0049034798216666675,-0.5752005129544263,-0.27034782869702545,1.0,0.5842105263157895,-0.3916350371765256
GSE224805|microgravity_vs_onboard_1g|NCBI,GSE224805,human,osteoblast-like MG63 cancer cells,microgravity_vs_onboard_1g,NCBI,sensitivity,Unfolded Protein Response,102,113,102,1.0,0.9026548672566371,ok,0.020403631924041543,0.09912421663894389,0.2165440301988415,0.029709279751504503,-0.03602524856066425,0.11000586466336884,0.4,0.5098039215686274,0.020403631924041543
GSE224805|microgravity_vs_onboard_1g|NCBI,GSE224805,human,osteoblast-like MG63 cancer cells,microgravity_vs_onboard_1g,NCBI,sensitivity,Inflammatory Response,177,200,177,1.0,0.885,ok,0.22591051226341025,0.2040895888960712,0.3215094024559688,0.04204374957269735,0.11750890213900811,0.3694188405169467,1.0,0.5649717514124294,0.22591051226341025
GSE224805|microgravity_vs_onboard_1g|NCBI,GSE224805,human,osteoblast-like MG63 cancer cells,microgravity_vs_onboard_1g,NCBI,sensitivity,Oxidative Phosphorylation,173,200,173,1.0,0.865,ok,-0.6621918902328336,-0.1038689090294298,0.013550904530467811,0.0027222635558353803,-0.7674369730069225,-0.5338225930144772,1.0,0.7109826589595376,-0.6621918902328336
GSE224805|microgravity_vs_onboard_1g|NCBI,GSE224805,human,osteoblast-like MG63 cancer cells,microgravity_vs_onboard_1g,NCBI,sensitivity,Reactive Oxygen Species Pathway,44,49,44,1.0,0.8979591836734694,ok,-0.3386179961591834,-0.02432859561998768,0.09309121793990993,0.00813293829382955,-0.4047230889041799,-0.29093167172813084,1.0,0.6136363636363636,-0.3386179961591834
GSE224805|microgravity_vs_onboard_1g|NCBI,GSE224805,human,osteoblast-like MG63 cancer cells,microgravity_vs_onboard_1g,NCBI,sensitivity,p53 Pathway,186,200,186,1.0,0.93,ok,-0.13516849987340201,0.05980546683186505,0.17722528039176266,0.023714409075315968,-0.3013109445637702,0.014824641806548395,0.8,0.532258064516129,-0.13516849987340201
GSE224805|microgravity_vs_onboard_1g|NCBI,GSE224805,human,osteoblast-like MG63 cancer cells,microgravity_vs_onboard_1g,NCBI,sensitivity,Circadian clock,106,112,106,1.0,0.9464285714285714,ok,-0.40681334643736167,-0.0036096902821887156,0.1138101232777089,0.0187856238454035,-0.49657587653510493,-0.3436751157491699,1.0,0.6415094339622641,-0.40681334643736167
GSE224805|microgravity_vs_onboard_1g|NCBI,GSE224805,human,osteoblast-like MG63 cancer cells,microgravity_vs_onboard_1g,NCBI,sensitivity,Muscle contraction,192,204,192,1.0,0.9411764705882353,ok,-0.4012858450684106,-0.09705823700399674,0.020361576555900873,0.0024258858177483855,-0.5264062159071241,-0.35620819581561247,1.0,0.5989583333333334,-0.4012858450684106
GSE224805|microgravity_vs_onboard_1g|author,GSE224805,human,osteoblast-like MG63 cancer cells,microgravity_vs_onboard_1g,author,primary,TNF-alpha Signaling via NF-kB,183,200,184,0.9945652173913043,0.915,ok,0.8735146810559452,0.5556739972860218,0.6400571523511132,0.08581838994768187,0.829016466937422,0.9606492681832197,1.0,0.7595628415300546,0.8735146810559452
GSE224805|microgravity_vs_onboard_1g|author,GSE224805,human,osteoblast-like MG63 cancer cells,microgravity_vs_onboard_1g,author,primary,DNA Repair,137,150,137,1.0,0.9133333333333333,ok,-0.5713561722189382,-0.17711886734567983,-0.09273571228058852,-0.010881649223475454,-0.6365427640163426,-0.5090558695082403,1.0,0.7007299270072993,-0.5713561722189382
GSE224805|microgravity_vs_onboard_1g|author,GSE224805,human,osteoblast-like MG63 cancer cells,microgravity_vs_onboard_1g,author,primary,Myogenesis,190,200,190,1.0,0.95,ok,-0.19929173480697698,-0.028914473847927447,0.05546868121716386,0.007601336101832723,-0.26936266053155977,-0.07792890527675381,1.0,0.5,-0.20034618843029434
GSE224805|microgravity_vs_onboard_1g|author,GSE224805,human,osteoblast-like MG63 cancer cells,microgravity_vs_onboard_1g,author,primary,Unfolded Protein Response,102,113,102,1.0,0.9026548672566371,ok,-0.0113465915908995,0.10133299468925117,0.18571614975434247,0.027367717989249418,-0.05809322202910712,0.07692764592867726,0.6666666666666666,0.5392156862745098,-0.0113465915908995
GSE224805|microgravity_vs_onboard_1g|author,GSE224805,human,osteoblast-like MG63 cancer cells,microgravity_vs_onboard_1g,author,primary,Inflammatory Response,177,200,177,1.0,0.885,ok,0.37536251472512083,0.2639038954526467,0.348287050517738,0.044914223040222356,0.2744203049923198,0.48978405811182346,1.0,0.5875706214689266,0.37536251472512083
GSE224805|microgravity_vs_onboard_1g|author,GSE224805,human,osteoblast-like MG63 cancer cells,microgravity_vs_onboard_1g,author,primary,Oxidative Phosphorylation,173,200,173,1.0,0.865,ok,-0.7171050711537574,-0.11844326784701487,-0.03406011278192356,-0.0011311805945896092,-0.8057677331884675,-0.6274255126870363,1.0,0.7225433526011561,-0.7171050711537574
GSE224805|microgravity_vs_onboard_1g|author,GSE224805,human,osteoblast-like MG63 cancer cells,microgravity_vs_onboard_1g,author,primary,Reactive Oxygen Species Pathway,43,49,44,0.9772727272727273,0.8775510204081632,ok,-0.3342114914863702,-0.04582284131022352,0.03856031375486779,0.0065248120316130365,-0.3913250268649602,-0.27207421399676196,1.0,0.5581395348837209,-0.3342114914863702
GSE224805|microgravity_vs_onboard_1g|author,GSE224805,human,osteoblast-like MG63 cancer cells,microgravity_vs_onboard_1g,author,primary,p53 Pathway,186,200,186,1.0,0.93,ok,-0.08011589232378125,0.09183012563267967,0.17621328069777098,0.022053249381307594,-0.1325690875350711,0.02826128286535893,0.8333333333333334,0.5268817204301075,-0.08011589232378125
GSE224805|microgravity_vs_onboard_1g|author,GSE224805,human,osteoblast-like MG63 cancer cells,microgravity_vs_onboard_1g,author,primary,Circadian clock,106,112,106,1.0,0.9464285714285714,ok,-0.4034363992577089,-0.012066411041893765,0.07231674402319754,0.013788513610514253,-0.44047869840220677,-0.35303766744118514,1.0,0.6320754716981132,-0.4034363992577089
GSE224805|microgravity_vs_onboard_1g|author,GSE224805,human,osteoblast-like MG63 cancer cells,microgravity_vs_onboard_1g,author,primary,Muscle contraction,192,204,192,1.0,0.9411764705882353,ok,-0.24802252732272173,-0.06036987898470314,0.02401327608038817,0.0008891298690826277,-0.3090213496277552,-0.1868693246106782,1.0,0.5208333333333334,-0.24802252732272173
