id,training_pool,reference,pathway,percent_of_supporting_attribution,percent_of_opposing_attribution,positive_logit_contribution,negative_logit_contribution
GSE298393:GSM9013398,YA,training_ground_mean_TPM,TNF-alpha Signaling via NF-kB,0.8878493485452027,0.6027021591369567,0.3982417045410201,0.2834543732377872
GSE298393:GSM9013398,YA,training_ground_mean_TPM,Hypoxia,0.7672232870916981,0.6964272013986053,0.3441353086710143,0.32753381232425605
GSE298393:GSM9013398,YA,training_ground_mean_TPM,Cholesterol Homeostasis,0.19587463713011186,0.3215052817774567,0.08785887999452428,0.1512058265551335
GSE298393:GSM9013398,YA,training_ground_mean_TPM,Mitotic Spindle,1.105508894618266,0.8930938415026412,0.49587212886896936,0.42002729083990764
GSE298393:GSM9013398,YA,training_ground_mean_TPM,Wnt-beta Catenin Signaling,0.19680527672421147,0.2022996808018968,0.08827631511330303,0.09514273071465079
GSE298393:GSM9013398,YA,training_ground_mean_TPM,TGF-beta Signaling,0.3221908684663815,0.1903405572048719,0.1445175815647634,0.08951828448979891
GSE298393:GSM9013398,YA,training_ground_mean_TPM,IL-6/JAK/STAT3 Signaling,0.14462138050798456,0.16959392560342884,0.06486941188946872,0.07976102152295762
GSE298393:GSM9013398,YA,training_ground_mean_TPM,DNA Repair,0.5866994392793132,0.9928897470893172,0.26316197126765,0.4669618926841672
GSE298393:GSM9013398,YA,training_ground_mean_TPM,G2-M Checkpoint,0.6539541441067065,0.6242720895694367,0.2933288327208357,0.2935988384911993
GSE298393:GSM9013398,YA,training_ground_mean_TPM,Apoptosis,0.8653455714575696,0.5440387795566822,0.3881477144280861,0.25586464050023033
GSE298393:GSM9013398,YA,training_ground_mean_TPM,Notch Signaling,0.09315772158807077,0.07994801151838625,0.04178556857329526,0.03760002042966299
GSE298393:GSM9013398,YA,training_ground_mean_TPM,Adipogenesis,1.1882120316245373,0.7351602639157192,0.5329683302754742,0.3457501996275471
GSE298393:GSM9013398,YA,training_ground_mean_TPM,Estrogen Response Early,0.947107365540617,0.6895813676276168,0.4248216797751553,0.32431417640387983
GSE298393:GSM9013398,YA,training_ground_mean_TPM,Estrogen Response Late,0.4818718775724321,0.4970073085483731,0.21614193692800454,0.23374546283509431
GSE298393:GSM9013398,YA,training_ground_mean_TPM,Androgen Response,0.44335443744575365,1.3498925024537265,0.1988650745461833,0.6348623900224996
GSE298393:GSM9013398,YA,training_ground_mean_TPM,Myogenesis,1.7115617477508056,1.8311306903115703,0.7677150058941395,0.8611915425721858
GSE298393:GSM9013398,YA,training_ground_mean_TPM,Protein Secretion,0.8853464715176298,0.3928308864568377,0.39711904784779795,0.1847506782927659
GSE298393:GSM9013398,YA,training_ground_mean_TPM,Interferon Alpha Response,0.20352479060630138,0.18079086640974426,0.09129032944633748,0.0850270086947632
GSE298393:GSM9013398,YA,training_ground_mean_TPM,Interferon Gamma Response,0.4407809413957294,0.5389488236978175,0.19771074193866317,0.2534708042978705
GSE298393:GSM9013398,YA,training_ground_mean_TPM,Apical Junction,0.9535282545582464,1.4810379193792276,0.4277017469748884,0.6965408515877566
GSE298393:GSM9013398,YA,training_ground_mean_TPM,Apical Surface,0.13651101810928848,0.2883483751807584,0.06123153734307806,0.13561193820515785
GSE298393:GSM9013398,YA,training_ground_mean_TPM,Hedgehog Signaling,0.19599694241585824,0.17467300552836984,0.08791373960054848,0.08214974270957218
GSE298393:GSM9013398,YA,training_ground_mean_TPM,Complement,0.7811056387145772,0.5103927459970719,0.35036218869564006,0.24004071286035983
GSE298393:GSM9013398,YA,training_ground_mean_TPM,Unfolded Protein Response,0.5468161401363684,0.5845768475506001,0.245272457625013,0.27492993250439535
GSE298393:GSM9013398,YA,training_ground_mean_TPM,PI3K/AKT/mTOR  Signaling,0.44447671167066005,0.45513597757414803,0.19936846670502364,0.21405312940306173
GSE298393:GSM9013398,YA,training_ground_mean_TPM,mTORC1 Signaling,1.1047966473377089,0.6425591391027369,0.4955526528547914,0.3021993455331063
GSE298393:GSM9013398,YA,training_ground_mean_TPM,E2F Targets,0.87002702876657,1.168466449872702,0.3902475656489348,0.5495366495323709
GSE298393:GSM9013398,YA,training_ground_mean_TPM,Myc Targets V1,1.3901733168004315,2.7715378218342592,0.6235573548566511,1.3034705522173728
GSE298393:GSM9013398,YA,training_ground_mean_TPM,Myc Targets V2,0.5988476559379164,0.14273740309280025,0.2686110111494532,0.06713024089576083
GSE298393:GSM9013398,YA,training_ground_mean_TPM,Epithelial Mesenchymal Transition,2.5778571903366734,1.00309453127276,1.1562887816780714,0.4717612627559232
GSE298393:GSM9013398,YA,training_ground_mean_TPM,Inflammatory Response,0.4009708488668655,0.42931761283746195,0.17985406486545436,0.2019106004880476
GSE298393:GSM9013398,YA,training_ground_mean_TPM,Xenobiotic Metabolism,0.9669474306735696,0.4944709441084074,0.4337208712536403,0.23255259570871373
GSE298393:GSM9013398,YA,training_ground_mean_TPM,Fatty Acid Metabolism,0.3917807509838646,0.38174123216300876,0.1757318787627985,0.17953514859932287
GSE298393:GSM9013398,YA,training_ground_mean_TPM,Oxidative Phosphorylation,0.6538678991075131,0.5799838219131138,0.2932901478295946,0.27276980551032076
GSE298393:GSM9013398,YA,training_ground_mean_TPM,Glycolysis,0.6041275561589766,0.7591388256003884,0.2709792918350074,0.3570274583372293
GSE298393:GSM9013398,YA,training_ground_mean_TPM,Reactive Oxygen Species Pathway,0.23981826910562581,0.2683868990219297,0.10756964165733017,0.12622393846478183
GSE298393:GSM9013398,YA,training_ground_mean_TPM,p53 Pathway,0.9714811125467807,0.9785542759921431,0.43575443832218935,0.4602198362416674
GSE298393:GSM9013398,YA,training_ground_mean_TPM,UV Response Up,0.525541401111356,0.6284162613179554,0.2357297482150563,0.2955478668591218
GSE298393:GSM9013398,YA,training_ground_mean_TPM,UV Response Dn,1.697197568634432,0.7034673188753887,0.761272003840908,0.3308448210151152
GSE298393:GSM9013398,YA,training_ground_mean_TPM,Angiogenesis,0.2763249862110946,0.12612346037901162,0.12394460129558517,0.059316605839783994
GSE298393:GSM9013398,YA,training_ground_mean_TPM,heme Metabolism,1.0215626133983047,1.5257147497807741,0.4582183194950075,0.7175526279149815
GSE298393:GSM9013398,YA,training_ground_mean_TPM,Coagulation,0.34754974758243823,0.6084192234583491,0.15589221765699673,0.2861431422415368
GSE298393:GSM9013398,YA,training_ground_mean_TPM,IL-2/STAT5 Signaling,0.8161473818646453,0.5350756340055964,0.3660800394155151,0.2516492203861558
GSE298393:GSM9013398,YA,training_ground_mean_TPM,Bile Acid Metabolism,0.49436425783993176,0.6979127198124817,0.22174535018685923,0.3282324603787802
GSE298393:GSM9013398,YA,training_ground_mean_TPM,Pperoxisome,0.819930143123302,0.2477266338250468,0.3677767836818567,0.11650729412639951
GSE298393:GSM9013398,YA,training_ground_mean_TPM,Allograft Rejection,0.32809009228133834,0.43060922197774326,0.14716365767146652,0.20251805186975647
GSE298393:GSM9013398,YA,training_ground_mean_TPM,Spermatogenesis,0.3861148915191505,0.4968120664913713,0.173190477415132,0.2336536393463974
GSE298393:GSM9013398,YA,training_ground_mean_TPM,KRAS Signaling Up,1.289715658463521,0.5330701302413956,0.5784974253135999,0.25070602016048943
GSE298393:GSM9013398,YA,training_ground_mean_TPM,KRAS Signaling Dn,0.719880349503978,0.7894227856307302,0.3228998004242536,0.37127018300549797
GSE298393:GSM9013398,YA,training_ground_mean_TPM,Pancreas Beta Cells,0.12143771156791126,0.06608287561520627,0.05447045867591075,0.031079165397518423
GSE298393:GSM9013398,YA,training_ground_mean_TPM,Outside these 50 Hallmark sets,65.20602255170165,67.96453910598589,29.247932219446554,31.96412281361117
GSE298393:GSM9013398,YA,training_all_mean_TPM,TNF-alpha Signaling via NF-kB,0.785313179484758,0.5683334850415338,0.35775978981648676,0.307670678676215
GSE298393:GSM9013398,YA,training_all_mean_TPM,Hypoxia,0.5921648881539568,0.5890871013789517,0.269768534970544,0.31890577108512436
GSE298393:GSM9013398,YA,training_all_mean_TPM,Cholesterol Homeostasis,0.186763779114244,0.2514164690216413,0.08508270599136371,0.13610578593413858
GSE298393:GSM9013398,YA,training_all_mean_TPM,Mitotic Spindle,1.2300882569237919,0.8097455591224726,0.56038295007543,0.4383605264997812
GSE298393:GSM9013398,YA,training_all_mean_TPM,Wnt-beta Catenin Signaling,0.18089526974590758,0.21401800161320744,0.08240922904866219,0.11585990538715259
GSE298393:GSM9013398,YA,training_all_mean_TPM,TGF-beta Signaling,0.23496661790617462,0.17185532571955695,0.107042145773176,0.09303489252334651
GSE298393:GSM9013398,YA,training_all_mean_TPM,IL-6/JAK/STAT3 Signaling,0.11607647713064734,0.14877552462050947,0.05288017207115346,0.0805405062963287
GSE298393:GSM9013398,YA,training_all_mean_TPM,DNA Repair,0.7357031337023713,1.0313086085518939,0.3351592783064957,0.5583049879501567
GSE298393:GSM9013398,YA,training_all_mean_TPM,G2-M Checkpoint,0.7395402333683065,0.5616600429808819,0.33690731973232607,0.3040579715210891
GSE298393:GSM9013398,YA,training_all_mean_TPM,Apoptosis,0.7325025782955962,0.4478196881891915,0.33370122302417493,0.24242982512225278
GSE298393:GSM9013398,YA,training_all_mean_TPM,Notch Signaling,0.09018298279446234,0.07753994538266597,0.04108404877495997,0.041976706015585244
GSE298393:GSM9013398,YA,training_all_mean_TPM,Adipogenesis,0.978864404716382,0.9087661214893802,0.4459346065221235,0.4919658910052713
GSE298393:GSM9013398,YA,training_all_mean_TPM,Estrogen Response Early,0.6502200049634886,0.7311246899089905,0.296216310113165,0.3957986560035211
GSE298393:GSM9013398,YA,training_all_mean_TPM,Estrogen Response Late,0.4020455984828311,0.44288680325874047,0.18315718183187957,0.23975937881857842
GSE298393:GSM9013398,YA,training_all_mean_TPM,Androgen Response,0.5637989583525368,1.2192739666466517,0.25684606104700247,0.6600611413613983
GSE298393:GSM9013398,YA,training_all_mean_TPM,Myogenesis,1.4250403982147568,1.827814648795972,0.6491959725924975,0.9894982229461399
GSE298393:GSM9013398,YA,training_all_mean_TPM,Protein Secretion,1.0191881608333917,0.36184142042767514,0.4643046261396443,0.19588498359904413
GSE298393:GSM9013398,YA,training_all_mean_TPM,Interferon Alpha Response,0.11399421310116592,0.16153881277344276,0.051931569193995,0.08744998749268315
GSE298393:GSM9013398,YA,training_all_mean_TPM,Interferon Gamma Response,0.34549558273303826,0.4433481634424152,0.1573950753534952,0.240009138870663
GSE298393:GSM9013398,YA,training_all_mean_TPM,Apical Junction,0.879572394374473,1.4663568119440722,0.4007008199534527,0.7938208945745177
GSE298393:GSM9013398,YA,training_all_mean_TPM,Apical Surface,0.06562714825974468,0.18688021004221386,0.029897314066556258,0.10116870212326065
GSE298393:GSM9013398,YA,training_all_mean_TPM,Hedgehog Signaling,0.16547589603629773,0.16155352398267406,0.07538472972589365,0.08745795149242531
GSE298393:GSM9013398,YA,training_all_mean_TPM,Complement,0.8194460463566046,0.3811345198557078,0.3733094680810459,0.20632941657901666
GSE298393:GSM9013398,YA,training_all_mean_TPM,Unfolded Protein Response,0.5521225803414389,0.5749559972058138,0.25152673284496085,0.31125581463204666
GSE298393:GSM9013398,YA,training_all_mean_TPM,PI3K/AKT/mTOR  Signaling,0.5292451869309648,0.344964039261793,0.24110463415632025,0.18674831392489205
GSE298393:GSM9013398,YA,training_all_mean_TPM,mTORC1 Signaling,1.1920387726781836,0.6159125713906104,0.5430490050431237,0.33342789723381033
GSE298393:GSM9013398,YA,training_all_mean_TPM,E2F Targets,0.9517671870791033,1.1145040959353847,0.4335901111796605,0.6033433549297241
GSE298393:GSM9013398,YA,training_all_mean_TPM,Myc Targets V1,1.7210883157848191,3.0006586703678804,0.7840645110715843,1.6244242401453541
GSE298393:GSM9013398,YA,training_all_mean_TPM,Myc Targets V2,0.5780098018469028,0.1747011933993409,0.26331999847027987,0.09457551974927506
GSE298393:GSM9013398,YA,training_all_mean_TPM,Epithelial Mesenchymal Transition,1.711799705068821,0.9660173833401887,0.7798329617938516,0.5229591987239265
GSE298393:GSM9013398,YA,training_all_mean_TPM,Inflammatory Response,0.299502163188712,0.4073392790335576,0.1364421656876782,0.2205155172628548
GSE298393:GSM9013398,YA,training_all_mean_TPM,Xenobiotic Metabolism,0.9763192445481857,0.4865293119508945,0.4447751251959338,0.26338550788163434
GSE298393:GSM9013398,YA,training_all_mean_TPM,Fatty Acid Metabolism,0.518212584795865,0.3292514683691154,0.23607858655633998,0.178242221150955
GSE298393:GSM9013398,YA,training_all_mean_TPM,Oxidative Phosphorylation,1.048548912212699,0.7258906791971556,0.47768030417067747,0.39296519348495923
GSE298393:GSM9013398,YA,training_all_mean_TPM,Glycolysis,0.49552463388554796,0.7208472345242152,0.22574279090043717,0.39023489501367326
GSE298393:GSM9013398,YA,training_all_mean_TPM,Reactive Oxygen Species Pathway,0.25118010193300366,0.26729703818901535,0.11442841253803158,0.14470282556331596
GSE298393:GSM9013398,YA,training_all_mean_TPM,p53 Pathway,1.0371023553261431,0.9609631030050075,0.4724656740169553,0.5202230343030823
GSE298393:GSM9013398,YA,training_all_mean_TPM,UV Response Up,0.5310962566854255,0.6441414538689981,0.24194791342832486,0.34870976898515005
GSE298393:GSM9013398,YA,training_all_mean_TPM,UV Response Dn,1.0418289085803516,0.7418490233948352,0.4746189177711114,0.4016043370847594
GSE298393:GSM9013398,YA,training_all_mean_TPM,Angiogenesis,0.17696455511660633,0.09618028899120246,0.08061854008998452,0.05206776578901588
GSE298393:GSM9013398,YA,training_all_mean_TPM,heme Metabolism,1.1740893808171955,1.3954254600077036,0.5348719225398936,0.7554217895348259
GSE298393:GSM9013398,YA,training_all_mean_TPM,Coagulation,0.2848169415076813,0.4074517114341088,0.1297521190167933,0.220576383204935
GSE298393:GSM9013398,YA,training_all_mean_TPM,IL-2/STAT5 Signaling,0.7366915515065428,0.4531610982124831,0.3356095650903025,0.24532142889047698
GSE298393:GSM9013398,YA,training_all_mean_TPM,Bile Acid Metabolism,0.44244318863303683,0.5447699545129174,0.20156083751828038,0.2949144226741297
GSE298393:GSM9013398,YA,training_all_mean_TPM,Pperoxisome,0.9633335975923215,0.2547635263539506,0.43885934223580425,0.13791773512964403
GSE298393:GSM9013398,YA,training_all_mean_TPM,Allograft Rejection,0.3083749623179287,0.43722989271796714,0.14048428650581493,0.2366969769874367
GSE298393:GSM9013398,YA,training_all_mean_TPM,Spermatogenesis,0.4291951009228462,0.5136817420411164,0.195525496206706,0.27808463579410736
GSE298393:GSM9013398,YA,training_all_mean_TPM,KRAS Signaling Up,1.2140591321218237,0.6807974009428625,0.553080670590121,0.368553681776794
GSE298393:GSM9013398,YA,training_all_mean_TPM,KRAS Signaling Dn,0.6521024465343308,0.8687155011157516,0.29707388123042067,0.47028425183376055
GSE298393:GSM9013398,YA,training_all_mean_TPM,Pancreas Beta Cells,0.16116402736457303,0.07512755350506482,0.07342040100964235,0.04067074346762753
GSE298393:GSM9013398,YA,training_all_mean_TPM,Outside these 50 Hallmark sets,66.96841220163408,69.03279388354079,30.50834456811185,37.37130945841082
GSE298393:GSM9013399,YA,training_ground_mean_TPM,TNF-alpha Signaling via NF-kB,0.8982819473552891,0.6994848113690539,0.414258094578105,0.3373681856350084
GSE298393:GSM9013399,YA,training_ground_mean_TPM,Hypoxia,0.7936490942141133,0.6272782130490702,0.3660048635072257,0.3025422556503241
GSE298393:GSM9013399,YA,training_ground_mean_TPM,Cholesterol Homeostasis,0.17197931454016455,0.3010998723937446,0.07931120441417347,0.14522333579422775
GSE298393:GSM9013399,YA,training_ground_mean_TPM,Mitotic Spindle,1.3042434734927455,0.9758297889635221,0.6014742005956585,0.47065199992958906
GSE298393:GSM9013399,YA,training_ground_mean_TPM,Wnt-beta Catenin Signaling,0.19785762946182806,0.19694998267121025,0.09124543226090139,0.09499085217388059
GSE298393:GSM9013399,YA,training_ground_mean_TPM,TGF-beta Signaling,0.34444950826868004,0.2249843214528465,0.15884878616770348,0.10851208073597972
GSE298393:GSM9013399,YA,training_ground_mean_TPM,IL-6/JAK/STAT3 Signaling,0.13859974039957748,0.1763000033849524,0.06391764249074876,0.08503117051679074
GSE298393:GSM9013399,YA,training_ground_mean_TPM,DNA Repair,0.545555124798999,0.847849229120563,0.25159208325620025,0.4089257571734881
GSE298393:GSM9013399,YA,training_ground_mean_TPM,G2-M Checkpoint,0.7173655497826837,0.6745145770170234,0.3308254013607719,0.3253248038184148
GSE298393:GSM9013399,YA,training_ground_mean_TPM,Apoptosis,0.8670479606384631,0.4988713268604615,0.39985400701797436,0.24061039163786063
GSE298393:GSM9013399,YA,training_ground_mean_TPM,Notch Signaling,0.07471794620443216,0.10006458061881314,0.03445745972805914,0.04826210013570359
GSE298393:GSM9013399,YA,training_ground_mean_TPM,Adipogenesis,1.2599817772920903,0.6819677962271522,0.5810621618311455,0.32891956241959114
GSE298393:GSM9013399,YA,training_ground_mean_TPM,Estrogen Response Early,1.0146986196942271,0.8952513586575346,0.46794563555812807,0.43178825565408235
GSE298393:GSM9013399,YA,training_ground_mean_TPM,Estrogen Response Late,0.48482082588104103,0.592362492397266,0.22358342181157792,0.2857020710816516
GSE298393:GSM9013399,YA,training_ground_mean_TPM,Androgen Response,0.5035632369544808,1.5389704045418793,0.2322268054640514,0.7422600815449798
GSE298393:GSM9013399,YA,training_ground_mean_TPM,Myogenesis,1.6905009960304016,1.6944794627998192,0.7796034681090591,0.8172635812372835
GSE298393:GSM9013399,YA,training_ground_mean_TPM,Protein Secretion,0.9300019384203151,0.4143694190636215,0.42888631136162103,0.19985431680570034
GSE298393:GSM9013399,YA,training_ground_mean_TPM,Interferon Alpha Response,0.23035347590157818,0.23984290018439483,0.10623144802963329,0.1156785147547058
GSE298393:GSM9013399,YA,training_ground_mean_TPM,Interferon Gamma Response,0.45894845241311916,0.5605662247476993,0.21165193396793397,0.27036642840214276
GSE298393:GSM9013399,YA,training_ground_mean_TPM,Apical Junction,1.0016844529287212,1.4095735452075586,0.46194392981009097,0.6798507440569413
GSE298393:GSM9013399,YA,training_ground_mean_TPM,Apical Surface,0.15572777985058728,0.2577459062282381,0.07181653103874218,0.1243133050578755
GSE298393:GSM9013399,YA,training_ground_mean_TPM,Hedgehog Signaling,0.22582810542489315,0.21826650105767176,0.10414449598027849,0.10527201198637225
GSE298393:GSM9013399,YA,training_ground_mean_TPM,Complement,0.7232734088557919,0.5670343222537222,0.333549911688367,0.2734860534242306
GSE298393:GSM9013399,YA,training_ground_mean_TPM,Unfolded Protein Response,0.5718003466531227,0.5068441709081656,0.2636955165146321,0.24445577024652584
GSE298393:GSM9013399,YA,training_ground_mean_TPM,PI3K/AKT/mTOR  Signaling,0.5644396347628677,0.49326009892864636,0.2603009982440902,0.23790404297128154
GSE298393:GSM9013399,YA,training_ground_mean_TPM,mTORC1 Signaling,1.060631931655206,0.6194989741515983,0.48912856854107345,0.298790254649295
GSE298393:GSM9013399,YA,training_ground_mean_TPM,E2F Targets,0.9821872292257304,1.0395606799887889,0.45295245139449564,0.5013900155728661
GSE298393:GSM9013399,YA,training_ground_mean_TPM,Myc Targets V1,1.1932448527203237,2.3654085111409997,0.5502852868282595,1.1408590504307707
GSE298393:GSM9013399,YA,training_ground_mean_TPM,Myc Targets V2,0.5747622030254136,0.16667882223882238,0.2650614272744015,0.08039078322863405
GSE298393:GSM9013399,YA,training_ground_mean_TPM,Epithelial Mesenchymal Transition,2.7484196620047063,1.0706977168949996,1.2674807677424544,0.5164077049870774
GSE298393:GSM9013399,YA,training_ground_mean_TPM,Inflammatory Response,0.4434878509875672,0.42122625836901334,0.20452201300443557,0.2031614356995663
GSE298393:GSM9013399,YA,training_ground_mean_TPM,Xenobiotic Metabolism,0.81584197461674,0.4257132251598477,0.376239490147402,0.20532554251164353
GSE298393:GSM9013399,YA,training_ground_mean_TPM,Fatty Acid Metabolism,0.331926282173456,0.3499722438829608,0.15307348611246768,0.16879494596933098
GSE298393:GSM9013399,YA,training_ground_mean_TPM,Oxidative Phosphorylation,0.5494796279763531,0.570739122075155,0.25340193506631725,0.2752729136584812
GSE298393:GSM9013399,YA,training_ground_mean_TPM,Glycolysis,0.6681469791933589,0.8307774031697027,0.30812741513248204,0.40069185294439447
GSE298393:GSM9013399,YA,training_ground_mean_TPM,Reactive Oxygen Species Pathway,0.25289594437363616,0.2623405325445032,0.11662729319140655,0.12652933708429698
GSE298393:GSM9013399,YA,training_ground_mean_TPM,p53 Pathway,0.8168356562639632,0.8581165946115961,0.3766977434463888,0.4138778053247292
GSE298393:GSM9013399,YA,training_ground_mean_TPM,UV Response Up,0.5289028273786568,0.5186262293141635,0.24391259128821743,0.25013836921489724
GSE298393:GSM9013399,YA,training_ground_mean_TPM,UV Response Dn,1.9774487822247657,0.7413731588614488,0.9119343509707928,0.35757133452840445
GSE298393:GSM9013399,YA,training_ground_mean_TPM,Angiogenesis,0.3464784971393548,0.12956403716005643,0.159784489112598,0.06248996894540555
GSE298393:GSM9013399,YA,training_ground_mean_TPM,heme Metabolism,0.9013715235477567,1.389599233786692,0.41568290551893894,0.6702169434456354
GSE298393:GSM9013399,YA,training_ground_mean_TPM,Coagulation,0.3289500406954159,0.5290987876759174,0.15170094141497353,0.2551893838417146
GSE298393:GSM9013399,YA,training_ground_mean_TPM,IL-2/STAT5 Signaling,0.8639267230268908,0.4483865178869576,0.3984145948718188,0.2162610875090326
GSE298393:GSM9013399,YA,training_ground_mean_TPM,Bile Acid Metabolism,0.42745413481701394,0.6604933756718838,0.1971277903671276,0.31856224488740015
GSE298393:GSM9013399,YA,training_ground_mean_TPM,Pperoxisome,0.7278819594019665,0.2518771836105155,0.3356752236504364,0.1214827642521916
GSE298393:GSM9013399,YA,training_ground_mean_TPM,Allograft Rejection,0.4652300459982384,0.36197881559941447,0.21454879836240046,0.17458582984534907
GSE298393:GSM9013399,YA,training_ground_mean_TPM,Spermatogenesis,0.4557313579083842,0.48545262047568893,0.2101683157748567,0.23413842176371974
GSE298393:GSM9013399,YA,training_ground_mean_TPM,KRAS Signaling Up,1.2400428307806268,0.49489987349881953,0.5718669753821111,0.23869492186185676
GSE298393:GSM9013399,YA,training_ground_mean_TPM,KRAS Signaling Dn,0.6611822980760468,0.6454850891335331,0.30491553323115217,0.3113236053678034
GSE298393:GSM9013399,YA,training_ground_mean_TPM,Pancreas Beta Cells,0.06518270685439828,0.0399282368455764,0.030060120901290004,0.01925776886253195
GSE298393:GSM9013399,YA,training_ground_mean_TPM,Outside these 50 Hallmark sets,64.70298573771385,68.92874544614665,29.83888929765857,33.24499032902467
GSE298393:GSM9013399,YA,training_all_mean_TPM,TNF-alpha Signaling via NF-kB,0.7958650466928945,0.6536834508913469,0.3645546443150474,0.3551047759099854
GSE298393:GSM9013399,YA,training_all_mean_TPM,Hypoxia,0.6227314963906859,0.5309409987389602,0.2852489377612851,0.28842658341974875
GSE298393:GSM9013399,YA,training_all_mean_TPM,Cholesterol Homeostasis,0.14624206166022433,0.22034368570517493,0.06698776757941304,0.11969875484659018
GSE298393:GSM9013399,YA,training_all_mean_TPM,Mitotic Spindle,1.433002367340712,0.883461420436231,0.6564023266247285,0.47992857904134234
GSE298393:GSM9013399,YA,training_all_mean_TPM,Wnt-beta Catenin Signaling,0.18642656212616407,0.21110740512970128,0.08539471525881198,0.1146812691820487
GSE298393:GSM9013399,YA,training_all_mean_TPM,TGF-beta Signaling,0.2679272221791781,0.21057594684948316,0.12272697939144335,0.11439256159239652
GSE298393:GSM9013399,YA,training_all_mean_TPM,IL-6/JAK/STAT3 Signaling,0.10455409292388994,0.15082599896372156,0.047892139899767525,0.08193420300051996
GSE298393:GSM9013399,YA,training_all_mean_TPM,DNA Repair,0.6624240064935379,0.8881974967650635,0.30343052390160513,0.48250138904769846
GSE298393:GSM9013399,YA,training_all_mean_TPM,G2-M Checkpoint,0.8144472667056157,0.6158081603454348,0.3730664323819703,0.33452953181669837
GSE298393:GSM9013399,YA,training_all_mean_TPM,Apoptosis,0.7215417505352885,0.3935751918715139,0.33051004981043,0.21380444942072424
GSE298393:GSM9013399,YA,training_all_mean_TPM,Notch Signaling,0.07000669228367486,0.09314822330133457,0.0320673271319027,0.0506015242036955
GSE298393:GSM9013399,YA,training_all_mean_TPM,Adipogenesis,1.0412647582746704,0.8413865953372914,0.4769626523591934,0.45707199407221455
GSE298393:GSM9013399,YA,training_all_mean_TPM,Estrogen Response Early,0.699024177476421,0.8854180620797371,0.32019563046078725,0.4809914983968896
GSE298393:GSM9013399,YA,training_all_mean_TPM,Estrogen Response Late,0.4122815919392406,0.5388771291184481,0.1888500691563205,0.29273777991119687
GSE298393:GSM9013399,YA,training_all_mean_TPM,Androgen Response,0.6275054971481085,1.4066151789125771,0.2874357207533438,0.7641248485306373
GSE298393:GSM9013399,YA,training_all_mean_TPM,Myogenesis,1.3987396918999193,1.7154833487778594,0.6407079353325075,0.9319133432465132
GSE298393:GSM9013399,YA,training_all_mean_TPM,Protein Secretion,1.0713701453836277,0.38109474834901974,0.4907527524962431,0.20702461570416106
GSE298393:GSM9013399,YA,training_all_mean_TPM,Interferon Alpha Response,0.13499203815962807,0.20739690139091588,0.06183457190529975,0.11266558774345961
GSE298393:GSM9013399,YA,training_all_mean_TPM,Interferon Gamma Response,0.3703095858200119,0.4677246305261265,0.16962433506287597,0.254085138432192
GSE298393:GSM9013399,YA,training_all_mean_TPM,Apical Junction,0.9350051508394501,1.4156484522676218,0.4282892829800867,0.7690320532427999
GSE298393:GSM9013399,YA,training_all_mean_TPM,Apical Surface,0.08997513281176994,0.1663172705110336,0.041214088589131136,0.09034962869910221
GSE298393:GSM9013399,YA,training_all_mean_TPM,Hedgehog Signaling,0.1737517291072725,0.1785049365172484,0.07958887008172427,0.09697041495290938
GSE298393:GSM9013399,YA,training_all_mean_TPM,Complement,0.765993433322014,0.4326487237464568,0.3508716267823776,0.23503062206062109
GSE298393:GSM9013399,YA,training_all_mean_TPM,Unfolded Protein Response,0.5834879231370831,0.5100266715562287,0.26727299202957217,0.2770651554114291
GSE298393:GSM9013399,YA,training_all_mean_TPM,PI3K/AKT/mTOR  Signaling,0.6491197021596197,0.380057048498392,0.29733634253949504,0.2064608991645783
GSE298393:GSM9013399,YA,training_all_mean_TPM,mTORC1 Signaling,1.1633592022623354,0.6055019349791922,0.5328893409174134,0.32893081298089644
GSE298393:GSM9013399,YA,training_all_mean_TPM,E2F Targets,1.055002795791922,1.0006767352109225,0.48325550992530913,0.5436042282099547
GSE298393:GSM9013399,YA,training_all_mean_TPM,Myc Targets V1,1.5168703470674647,2.6571458957699305,0.6948189672923339,1.4434589044451043
GSE298393:GSM9013399,YA,training_all_mean_TPM,Myc Targets V2,0.5667010004462067,0.1990459013605776,0.25958355943525685,0.10812901887307763
GSE298393:GSM9013399,YA,training_all_mean_TPM,Epithelial Mesenchymal Transition,1.9274314362107845,1.0260453923454678,0.8828809414224735,0.55738541128047
GSE298393:GSM9013399,YA,training_all_mean_TPM,Inflammatory Response,0.3031774743286462,0.36683999775058795,0.13887374094073382,0.19928091344275836
GSE298393:GSM9013399,YA,training_all_mean_TPM,Xenobiotic Metabolism,0.8315648806323073,0.42538667485331394,0.3809073416950479,0.23108561130452732
GSE298393:GSM9013399,YA,training_all_mean_TPM,Fatty Acid Metabolism,0.45661339483872154,0.29910915887024025,0.20915673384152228,0.16248704275503467
GSE298393:GSM9013399,YA,training_all_mean_TPM,Oxidative Phosphorylation,0.862227714406131,0.6472847471271433,0.3949527863424257,0.35162876582711794
GSE298393:GSM9013399,YA,training_all_mean_TPM,Glycolysis,0.5511106504478707,0.7806086066721176,0.2524422299824713,0.4240551661017699
GSE298393:GSM9013399,YA,training_all_mean_TPM,Reactive Oxygen Species Pathway,0.26547113014563223,0.26400618248665125,0.12160193971114205,0.1434178211838436
GSE298393:GSM9013399,YA,training_all_mean_TPM,p53 Pathway,0.9080813704641526,0.8728370527616343,0.4159565524259322,0.47415703365935574
GSE298393:GSM9013399,YA,training_all_mean_TPM,UV Response Up,0.5075442895719046,0.5262952071903874,0.23248618434478993,0.2859028194105316
GSE298393:GSM9013399,YA,training_all_mean_TPM,UV Response Dn,1.3183108445356626,0.749315541992538,0.60386662666418,0.40705562801429607
GSE298393:GSM9013399,YA,training_all_mean_TPM,Angiogenesis,0.25038210683463585,0.09780958855048631,0.11469024840234614,0.05313374841707819
GSE298393:GSM9013399,YA,training_all_mean_TPM,heme Metabolism,1.0399259050043794,1.2725450139105976,0.4763493760508933,0.6912930278163079
GSE298393:GSM9013399,YA,training_all_mean_TPM,Coagulation,0.26730433268794296,0.3448301354757766,0.12244165808242444,0.18732435067487876
GSE298393:GSM9013399,YA,training_all_mean_TPM,IL-2/STAT5 Signaling,0.7911149515003463,0.3769011408979057,0.36237881152709206,0.2047464946470168
GSE298393:GSM9013399,YA,training_all_mean_TPM,Bile Acid Metabolism,0.3898298619745779,0.5291060031019122,0.1785658099524062,0.2874297466272597
GSE298393:GSM9013399,YA,training_all_mean_TPM,Pperoxisome,0.8732754710544506,0.24910048825878375,0.4000133314840211,0.13532050251782546
GSE298393:GSM9013399,YA,training_all_mean_TPM,Allograft Rejection,0.43789875006202106,0.3711065251809643,0.20058428717056662,0.2015986473015729
GSE298393:GSM9013399,YA,training_all_mean_TPM,Spermatogenesis,0.5185851221328457,0.5233917608311928,0.2375435578328218,0.2843255610795419
GSE298393:GSM9013399,YA,training_all_mean_TPM,KRAS Signaling Up,1.1463339624156283,0.6158192646921523,0.5250907445567798,0.3345355641042641
GSE298393:GSM9013399,YA,training_all_mean_TPM,KRAS Signaling Dn,0.6336460518342987,0.7686232878262803,0.2902484686417241,0.4175443022315628
GSE298393:GSM9013399,YA,training_all_mean_TPM,Pancreas Beta Cells,0.10571666367680614,0.0542905919407385,0.04842466808288295,0.029492636625339425
GSE298393:GSM9013399,YA,training_all_mean_TPM,Outside these 50 Hallmark sets,66.5345311668615,69.99750949337547,30.476865952329284,38.02520912684652
GSE298393:GSM9013400,YA,training_ground_mean_TPM,TNF-alpha Signaling via NF-kB,0.7766371930545629,0.5879796260130692,0.26433972245836923,0.20461962134553238
GSE298393:GSM9013400,YA,training_ground_mean_TPM,Hypoxia,0.5176341223109675,0.7076139359951995,0.17618427426646507,0.2462529129180085
GSE298393:GSM9013400,YA,training_ground_mean_TPM,Cholesterol Homeostasis,0.10018569899335485,0.28192075912024145,0.034099654385648985,0.09810972426338228
GSE298393:GSM9013400,YA,training_ground_mean_TPM,Mitotic Spindle,1.1574084958092572,0.8085170942066058,0.39394075288856667,0.28136767729477175
GSE298393:GSM9013400,YA,training_ground_mean_TPM,Wnt-beta Catenin Signaling,0.14462113629669032,0.17527913308199508,0.04922389936016792,0.06099794661969091
GSE298393:GSM9013400,YA,training_ground_mean_TPM,TGF-beta Signaling,0.2595271007861617,0.18945397917823686,0.08833380941030912,0.06593085842908704
GSE298393:GSM9013400,YA,training_ground_mean_TPM,IL-6/JAK/STAT3 Signaling,0.1279758561924033,0.12462753168178096,0.043558437079506934,0.04337095575040816
GSE298393:GSM9013400,YA,training_ground_mean_TPM,DNA Repair,0.5569707862493728,0.9142232172500693,0.18957307784284189,0.31815389558216695
GSE298393:GSM9013400,YA,training_ground_mean_TPM,G2-M Checkpoint,0.7156591882001083,0.5585361376285255,0.24358497490900843,0.1943731516078157
GSE298393:GSM9013400,YA,training_ground_mean_TPM,Apoptosis,0.8205619041281209,0.39130896907239204,0.27929013435994376,0.13617732577510056
GSE298393:GSM9013400,YA,training_ground_mean_TPM,Notch Signaling,0.052138950650323805,0.09689549889803233,0.017746247369341373,0.03372008045421821
GSE298393:GSM9013400,YA,training_ground_mean_TPM,Adipogenesis,0.8671561328091345,0.6820717825564461,0.2951491552616579,0.23736412573259832
GSE298393:GSM9013400,YA,training_ground_mean_TPM,Estrogen Response Early,0.9730169962915389,0.7684431425396209,0.33118043411669484,0.26742175731193313
GSE298393:GSM9013400,YA,training_ground_mean_TPM,Estrogen Response Late,0.45014003364669164,0.5970558444225563,0.15321168317161418,0.20777818720740007
GSE298393:GSM9013400,YA,training_ground_mean_TPM,Androgen Response,0.4169465627745898,1.1201279595896292,0.1419138043728262,0.3898096954547865
GSE298393:GSM9013400,YA,training_ground_mean_TPM,Myogenesis,2.1793743801906853,1.683194189408522,0.7417816503567998,0.5857593400355623
GSE298393:GSM9013400,YA,training_ground_mean_TPM,Protein Secretion,0.662205070397256,0.3895839415803712,0.22539109134197427,0.13557700825283986
GSE298393:GSM9013400,YA,training_ground_mean_TPM,Interferon Alpha Response,0.20446431474291243,0.1743864435571011,0.06959239229737091,0.06068728654835219
GSE298393:GSM9013400,YA,training_ground_mean_TPM,Interferon Gamma Response,0.4660818117370572,0.45277681580792634,0.1586376983477945,0.15756841990064885
GSE298393:GSM9013400,YA,training_ground_mean_TPM,Apical Junction,0.870508776825356,1.3425114457258076,0.2962902762338123,0.4672001741610552
GSE298393:GSM9013400,YA,training_ground_mean_TPM,Apical Surface,0.09318787390947629,0.2839685472722123,0.03171784321689813,0.09882236398373007
GSE298393:GSM9013400,YA,training_ground_mean_TPM,Hedgehog Signaling,0.28155970065941444,0.12106073983983619,0.09583292403888544,0.042129695740999513
GSE298393:GSM9013400,YA,training_ground_mean_TPM,Complement,0.7877041752872622,0.4484938848621427,0.26810653022653375,0.15607794018059842
GSE298393:GSM9013400,YA,training_ground_mean_TPM,Unfolded Protein Response,0.5628107789557439,0.5148099456806025,0.19156080398442601,0.17915623516474966
GSE298393:GSM9013400,YA,training_ground_mean_TPM,PI3K/AKT/mTOR  Signaling,0.5733732194057782,0.4636874742140947,0.19515588364583614,0.16136537934095946
GSE298393:GSM9013400,YA,training_ground_mean_TPM,mTORC1 Signaling,1.0173986031105309,0.5935479141751874,0.34628635710584094,0.20655741130434654
GSE298393:GSM9013400,YA,training_ground_mean_TPM,E2F Targets,0.8823712979481206,1.046914688196541,0.3003278571909065,0.36433113938388545
GSE298393:GSM9013400,YA,training_ground_mean_TPM,Myc Targets V1,1.4617908618207711,2.448844119989819,0.4975417017901378,0.8522090467049834
GSE298393:GSM9013400,YA,training_ground_mean_TPM,Myc Targets V2,0.6273692612833563,0.1760844963252597,0.2135342189244129,0.061278216742313735
GSE298393:GSM9013400,YA,training_ground_mean_TPM,Epithelial Mesenchymal Transition,2.1816655558903575,0.9298514756894577,0.7425614852062906,0.3235926015894508
GSE298393:GSM9013400,YA,training_ground_mean_TPM,Inflammatory Response,0.45494455195709144,0.37330380151404846,0.15484697059806637,0.1299114444332031
GSE298393:GSM9013400,YA,training_ground_mean_TPM,Xenobiotic Metabolism,0.5682762269263795,0.6515042290518066,0.19342104839789043,0.22672647614941432
GSE298393:GSM9013400,YA,training_ground_mean_TPM,Fatty Acid Metabolism,0.34272720225933606,0.3363935440583124,0.1166521695514541,0.11706650462538917
GSE298393:GSM9013400,YA,training_ground_mean_TPM,Oxidative Phosphorylation,0.4171231997091029,0.6285670575958084,0.1419739253130318,0.2187442347069879
GSE298393:GSM9013400,YA,training_ground_mean_TPM,Glycolysis,0.4670182062424902,0.860895429759272,0.15895641378647207,0.2995955796120156
GSE298393:GSM9013400,YA,training_ground_mean_TPM,Reactive Oxygen Species Pathway,0.22820390293903714,0.2515387051924806,0.07767250513662133,0.08753662938839119
GSE298393:GSM9013400,YA,training_ground_mean_TPM,p53 Pathway,0.8486883484061374,0.9663525369634998,0.28886337723407085,0.33629513923900967
GSE298393:GSM9013400,YA,training_ground_mean_TPM,UV Response Up,0.4420525635114655,0.6841114144845647,0.15045899552021832,0.23807392704943278
GSE298393:GSM9013400,YA,training_ground_mean_TPM,UV Response Dn,1.6084619317199396,0.5747950741778692,0.5474633257563163,0.2000313365057628
GSE298393:GSM9013400,YA,training_ground_mean_TPM,Angiogenesis,0.18166408915691756,0.1326769967767736,0.06183200513424071,0.04617220672391531
GSE298393:GSM9013400,YA,training_ground_mean_TPM,heme Metabolism,0.7231489838325058,1.4030789940160588,0.24613423538280957,0.4882779602758805
GSE298393:GSM9013400,YA,training_ground_mean_TPM,Coagulation,0.4141516148810649,0.44827183032177303,0.14096250335728486,0.15600066417653585
GSE298393:GSM9013400,YA,training_ground_mean_TPM,IL-2/STAT5 Signaling,0.6754944320692221,0.40947171269680893,0.22991431815551372,0.14249804431466023
GSE298393:GSM9013400,YA,training_ground_mean_TPM,Bile Acid Metabolism,0.41111376686161105,0.6868964718357243,0.1399285277641578,0.23904313985104644
GSE298393:GSM9013400,YA,training_ground_mean_TPM,Pperoxisome,0.7032180969104476,0.2666774993630664,0.23935046921188416,0.09280499957294647
GSE298393:GSM9013400,YA,training_ground_mean_TPM,Allograft Rejection,0.5082864396502716,0.29468021414523227,0.17300265502101175,0.10255007345284711
GSE298393:GSM9013400,YA,training_ground_mean_TPM,Spermatogenesis,0.4988914463885964,0.424720167942041,0.1698049329269644,0.1478045770588991
GSE298393:GSM9013400,YA,training_ground_mean_TPM,KRAS Signaling Up,1.3714609882573119,0.7452030063826895,0.4667966204046434,0.2593340827564474
GSE298393:GSM9013400,YA,training_ground_mean_TPM,KRAS Signaling Dn,0.8078000297466921,0.5836315202786354,0.2749464454892532,0.20310646049847544
GSE298393:GSM9013400,YA,training_ground_mean_TPM,Pancreas Beta Cells,0.18669191415920455,0.02257020459431959,0.06354329822908535,0.007854535282279012
GSE298393:GSM9013400,YA,training_ground_mean_TPM,Outside these 50 Hallmark sets,67.35213622405765,70.18088885528994,22.924275524871575,24.423272963786555
GSE298393:GSM9013400,YA,training_all_mean_TPM,TNF-alpha Signaling via NF-kB,0.6946099566668139,0.5881263406343121,0.23919658478572386,0.24468078510980415
GSE298393:GSM9013400,YA,training_all_mean_TPM,Hypoxia,0.4595953536485941,0.7112155895191201,0.15826671921557692,0.29589014604954406
GSE298393:GSM9013400,YA,training_all_mean_TPM,Cholesterol Homeostasis,0.08272860833634693,0.18867181633866276,0.028488506950127012,0.07849396457918736
GSE298393:GSM9013400,YA,training_all_mean_TPM,Mitotic Spindle,1.3773354579133115,0.7741035405791573,0.47430062652438426,0.3220536965933285
GSE298393:GSM9013400,YA,training_all_mean_TPM,Wnt-beta Catenin Signaling,0.13806293134973777,0.1979949845326735,0.04754349019532405,0.08237272319925011
GSE298393:GSM9013400,YA,training_all_mean_TPM,TGF-beta Signaling,0.15999602098215282,0.1786384558017827,0.05509639104783712,0.07431974151887387
GSE298393:GSM9013400,YA,training_all_mean_TPM,IL-6/JAK/STAT3 Signaling,0.10933857384319387,0.12332641561298313,0.03765194149265378,0.05130803045552664
GSE298393:GSM9013400,YA,training_all_mean_TPM,DNA Repair,0.6930758944088076,0.9313880018021229,0.23866831356035212,0.38748944194032503
GSE298393:GSM9013400,YA,training_all_mean_TPM,G2-M Checkpoint,0.8833417487822403,0.5428124156396144,0.30418845494423585,0.225828633831983
GSE298393:GSM9013400,YA,training_all_mean_TPM,Apoptosis,0.6783553317409343,0.32155985018366257,0.23359912576296432,0.13377995707158993
GSE298393:GSM9013400,YA,training_all_mean_TPM,Notch Signaling,0.05014249102331402,0.09001784703426237,0.01726711874816775,0.03745052034649945
GSE298393:GSM9013400,YA,training_all_mean_TPM,Adipogenesis,0.5921515542362722,0.9069748391112968,0.20391390605536042,0.37733272662000433
GSE298393:GSM9013400,YA,training_all_mean_TPM,Estrogen Response Early,0.8191208420112445,0.9831699818027995,0.28207327875934707,0.40903252655619293
GSE298393:GSM9013400,YA,training_all_mean_TPM,Estrogen Response Late,0.44127826709009077,0.5799776971261887,0.1519590288262206,0.2412906691544515
GSE298393:GSM9013400,YA,training_all_mean_TPM,Androgen Response,0.5773972285352003,1.0008164408929663,0.19883309158582999,0.41637406045167064
GSE298393:GSM9013400,YA,training_all_mean_TPM,Myogenesis,1.7734240833082067,1.7116305855346896,0.6106981047891201,0.7120971916253398
GSE298393:GSM9013400,YA,training_all_mean_TPM,Protein Secretion,0.847747309782078,0.36613688954849494,0.29193111805396355,0.1523255385837088
GSE298393:GSM9013400,YA,training_all_mean_TPM,Interferon Alpha Response,0.08835927392238584,0.149078443140193,0.030427488626568855,0.06202175959530832
GSE298393:GSM9013400,YA,training_all_mean_TPM,Interferon Gamma Response,0.36503766413417615,0.36395063444157644,0.12570473794825854,0.15141598126744546
GSE298393:GSM9013400,YA,training_all_mean_TPM,Apical Junction,0.8191303432345456,1.3821624960051506,0.28207655061017944,0.5750271349981029
GSE298393:GSM9013400,YA,training_all_mean_TPM,Apical Surface,0.06342673172231542,0.20698839738791802,0.021841693264664116,0.08611429225712383
GSE298393:GSM9013400,YA,training_all_mean_TPM,Hedgehog Signaling,0.21292790367384207,0.09626897716198696,0.07332406752239684,0.04005120547450368
GSE298393:GSM9013400,YA,training_all_mean_TPM,Complement,0.8656878703397332,0.3176230743023758,0.29810914757016155,0.13214212290759775
GSE298393:GSM9013400,YA,training_all_mean_TPM,Unfolded Protein Response,0.5925820326464506,0.5304911432613312,0.20406214603457518,0.22070256075758451
GSE298393:GSM9013400,YA,training_all_mean_TPM,PI3K/AKT/mTOR  Signaling,0.7417136371422519,0.3771441366599655,0.2554172556707617,0.15690493195389435
GSE298393:GSM9013400,YA,training_all_mean_TPM,mTORC1 Signaling,1.1864616848986356,0.613449340825544,0.4085711416644716,0.2552160241222988
GSE298393:GSM9013400,YA,training_all_mean_TPM,E2F Targets,0.989052479971864,1.0086547737372602,0.34059110888414845,0.41963507649836784
GSE298393:GSM9013400,YA,training_all_mean_TPM,Myc Targets V1,1.7485179021435724,2.711446544501536,0.6021213871399479,1.1280550171862092
GSE298393:GSM9013400,YA,training_all_mean_TPM,Myc Targets V2,0.60852187160882,0.21607224895329943,0.20955120504566283,0.08989348692886946
GSE298393:GSM9013400,YA,training_all_mean_TPM,Epithelial Mesenchymal Transition,1.200929759684037,1.0246945723314969,0.41355338248016504,0.4263081843697278
GSE298393:GSM9013400,YA,training_all_mean_TPM,Inflammatory Response,0.3612648042319699,0.3787328724301879,0.12440551210961191,0.15756590067563325
GSE298393:GSM9013400,YA,training_all_mean_TPM,Xenobiotic Metabolism,0.5936791698335072,0.6302182129853267,0.20443995730213124,0.2621924516719242
GSE298393:GSM9013400,YA,training_all_mean_TPM,Fatty Acid Metabolism,0.4996704952958077,0.2713580445781435,0.1720670353855562,0.11289427935098295
GSE298393:GSM9013400,YA,training_all_mean_TPM,Oxidative Phosphorylation,0.7901703631419873,0.6859439359912011,0.27210386267630166,0.2853762690149513
GSE298393:GSM9013400,YA,training_all_mean_TPM,Glycolysis,0.4297438539041179,0.8834131187294915,0.14798702667578847,0.36753024058385775
GSE298393:GSM9013400,YA,training_all_mean_TPM,Reactive Oxygen Species Pathway,0.24798629945287107,0.2559115661547937,0.08539681202875359,0.10646801307674905
GSE298393:GSM9013400,YA,training_all_mean_TPM,p53 Pathway,0.9509974631180524,0.9591544216788336,0.3274864449241396,0.39904122757841537
GSE298393:GSM9013400,YA,training_all_mean_TPM,UV Response Up,0.4550389153302752,0.68687558087574,0.15669765952377715,0.28576386532894504
GSE298393:GSM9013400,YA,training_all_mean_TPM,UV Response Dn,0.8810302369506372,0.7369782452952675,0.3033924604000971,0.30660829690642066
GSE298393:GSM9013400,YA,training_all_mean_TPM,Angiogenesis,0.07726149437328103,0.11221253981709295,0.02660584607541833,0.04668427588534643
GSE298393:GSM9013400,YA,training_all_mean_TPM,heme Metabolism,0.9752836698774793,1.2978961146779484,0.335849667562253,0.5399694221956726
GSE298393:GSM9013400,YA,training_all_mean_TPM,Coagulation,0.39144989642738215,0.2690784084329841,0.1348000808820376,0.111945872311161
GSE298393:GSM9013400,YA,training_all_mean_TPM,IL-2/STAT5 Signaling,0.6562710321096916,0.38860838293157923,0.2259941540828481,0.16167445269225345
GSE298393:GSM9013400,YA,training_all_mean_TPM,Bile Acid Metabolism,0.35942598488950334,0.5107948896946967,0.12377229442746614,0.21250824186139602
GSE298393:GSM9013400,YA,training_all_mean_TPM,Pperoxisome,0.8263905427971253,0.20734551157851588,0.28457668024921495,0.08626286404262674
GSE298393:GSM9013400,YA,training_all_mean_TPM,Allograft Rejection,0.4552431784357826,0.30321666510755074,0.15676799977266956,0.1261485612034899
GSE298393:GSM9013400,YA,training_all_mean_TPM,Spermatogenesis,0.5556661473547285,0.4620424444699671,0.1913497545674355,0.19222554790699165
GSE298393:GSM9013400,YA,training_all_mean_TPM,KRAS Signaling Up,1.152781075783756,0.7918710014785492,0.39697285316247344,0.3294455714030543
GSE298393:GSM9013400,YA,training_all_mean_TPM,KRAS Signaling Dn,0.6822877253749041,0.6843002417823669,0.23495328879827748,0.28469243569256647
GSE298393:GSM9013400,YA,training_all_mean_TPM,Pancreas Beta Cells,0.23573344884693492,0.03889210524991449,0.08117740804425895,0.01618045339859928
GSE298393:GSM9013400,YA,training_all_mean_TPM,Outside these 50 Hallmark sets,68.56257339368902,70.25056922165557,23.61027687911126,29.226652921252445
GSE298393:GSM9013410,YA,training_ground_mean_TPM,TNF-alpha Signaling via NF-kB,0.8101674652284518,0.6577828414196488,0.3663034744444611,0.2220692930105304
GSE298393:GSM9013410,YA,training_ground_mean_TPM,Hypoxia,1.0510164290177926,0.5292043096262098,0.4751992472801504,0.1786608277029279
GSE298393:GSM9013410,YA,training_ground_mean_TPM,Cholesterol Homeostasis,0.2458395263576543,0.23917261586537586,0.11115217103317834,0.0807453316934707
GSE298393:GSM9013410,YA,training_ground_mean_TPM,Mitotic Spindle,0.9695911286134996,1.0214473838764633,0.43838417912956,0.34484344087684843
GSE298393:GSM9013410,YA,training_ground_mean_TPM,Wnt-beta Catenin Signaling,0.19234055679692444,0.12810538053286857,0.0869635195871864,0.043248728143137766
GSE298393:GSM9013410,YA,training_ground_mean_TPM,TGF-beta Signaling,0.28268227704153237,0.10759479474318466,0.12780999569636706,0.036324298074824214
GSE298393:GSM9013410,YA,training_ground_mean_TPM,IL-6/JAK/STAT3 Signaling,0.20676824680052894,0.17142273635488678,0.09348675484822926,0.057872786383574897
GSE298393:GSM9013410,YA,training_ground_mean_TPM,DNA Repair,0.47112433383640967,0.741553844574337,0.21301087464793014,0.25035061364394035
GSE298393:GSM9013410,YA,training_ground_mean_TPM,G2-M Checkpoint,0.4265470509704757,0.7642240580942217,0.1928560124794268,0.2580041399625856
GSE298393:GSM9013410,YA,training_ground_mean_TPM,Apoptosis,1.0727466700622847,0.475009443326358,0.48502420710233807,0.16036449206420267
GSE298393:GSM9013410,YA,training_ground_mean_TPM,Notch Signaling,0.052174312585640065,0.06787005402605302,0.023589730268275107,0.02291311655625361
GSE298393:GSM9013410,YA,training_ground_mean_TPM,Adipogenesis,1.649814230232629,0.546717941587915,0.7459355141491837,0.18457347793166998
GSE298393:GSM9013410,YA,training_ground_mean_TPM,Estrogen Response Early,1.2121905684581433,0.9012955338639312,0.5480714000158181,0.3042798464714301
GSE298393:GSM9013410,YA,training_ground_mean_TPM,Estrogen Response Late,0.6261511205855724,0.6197322815827209,0.28310360615766317,0.20922331955308252
GSE298393:GSM9013410,YA,training_ground_mean_TPM,Androgen Response,0.15329845430189093,0.7815230963676442,0.06931129531585645,0.2638443427730603
GSE298393:GSM9013410,YA,training_ground_mean_TPM,Myogenesis,2.5356022732533527,2.4349967791674527,1.1464295498956787,0.8220615972067561
GSE298393:GSM9013410,YA,training_ground_mean_TPM,Protein Secretion,0.28788902172481406,0.35073002962723304,0.13016413696948456,0.11840742082719136
GSE298393:GSM9013410,YA,training_ground_mean_TPM,Interferon Alpha Response,0.2667680245403297,0.09785197942431374,0.12061463642242583,0.03303509687717011
GSE298393:GSM9013410,YA,training_ground_mean_TPM,Interferon Gamma Response,0.4486235288330699,0.41449477962955733,0.20283751740481182,0.1399345754751423
GSE298393:GSM9013410,YA,training_ground_mean_TPM,Apical Junction,1.2854532394258524,1.2896636128416836,0.5811958737503761,0.43539397608343283
GSE298393:GSM9013410,YA,training_ground_mean_TPM,Apical Surface,0.22962971899037707,0.10987301302318324,0.10382318164080036,0.03709343082032279
GSE298393:GSM9013410,YA,training_ground_mean_TPM,Hedgehog Signaling,0.2644309663178916,0.14876411205261575,0.11955797519669187,0.05022317261661074
GSE298393:GSM9013410,YA,training_ground_mean_TPM,Complement,0.5609771245733343,0.7190828053360029,0.253636289575183,0.24276432910952028
GSE298393:GSM9013410,YA,training_ground_mean_TPM,Unfolded Protein Response,0.3581365211590012,0.4835246704369893,0.16192535204928557,0.16323925611277657
GSE298393:GSM9013410,YA,training_ground_mean_TPM,PI3K/AKT/mTOR  Signaling,0.22067325988514508,0.5309725263008582,0.09977367060786708,0.1792577825064025
GSE298393:GSM9013410,YA,training_ground_mean_TPM,mTORC1 Signaling,0.5056515766541693,0.7197511375588708,0.22862178171338055,0.24298995990266795
GSE298393:GSM9013410,YA,training_ground_mean_TPM,E2F Targets,0.5681433906809444,0.8896656395360736,0.2568763952158989,0.3003535622199276
GSE298393:GSM9013410,YA,training_ground_mean_TPM,Myc Targets V1,0.9488016058518896,0.8300855961804092,0.428984549119149,0.2802391760237572
GSE298393:GSM9013410,YA,training_ground_mean_TPM,Myc Targets V2,0.4113615325761389,0.0652067038218071,0.18599013796851033,0.022013962215863915
GSE298393:GSM9013410,YA,training_ground_mean_TPM,Epithelial Mesenchymal Transition,3.2321557745306717,1.1888675901432,1.4613643980660984,0.40136496211490735
GSE298393:GSM9013410,YA,training_ground_mean_TPM,Inflammatory Response,0.49542354083140705,0.5777859315432923,0.2239973488406488,0.19506211662853645
GSE298393:GSM9013410,YA,training_ground_mean_TPM,Xenobiotic Metabolism,0.767762027902551,0.6369655096748801,0.3471305753902708,0.2150413046657004
GSE298393:GSM9013410,YA,training_ground_mean_TPM,Fatty Acid Metabolism,0.2740620631220588,0.5062309894007699,0.1239125122195808,0.17090497172839786
GSE298393:GSM9013410,YA,training_ground_mean_TPM,Oxidative Phosphorylation,0.6986931200945425,0.8394457345536076,0.3159022405187594,0.28339918443402645
GSE298393:GSM9013410,YA,training_ground_mean_TPM,Glycolysis,0.8150081006231809,0.501853204495716,0.3684920856140149,0.16942701952654457
GSE298393:GSM9013410,YA,training_ground_mean_TPM,Reactive Oxygen Species Pathway,0.21188806764993945,0.13191174714935822,0.09580159498457494,0.044533767962112725
GSE298393:GSM9013410,YA,training_ground_mean_TPM,p53 Pathway,1.0590631324571291,0.6472935394094095,0.4788374277232789,0.21852807585661305
GSE298393:GSM9013410,YA,training_ground_mean_TPM,UV Response Up,0.7860751243757601,0.5547302096432859,0.3554105312683824,0.1872784416224634
GSE298393:GSM9013410,YA,training_ground_mean_TPM,UV Response Dn,1.5615779735141664,0.5029317645604844,0.7060409876529458,0.16979114436527637
GSE298393:GSM9013410,YA,training_ground_mean_TPM,Angiogenesis,0.14863163834292895,0.11429783623885897,0.06720127365523769,0.03858726328497173
GSE298393:GSM9013410,YA,training_ground_mean_TPM,heme Metabolism,0.9240022820929359,1.7429418793778384,0.41777195561637703,0.5884219632067769
GSE298393:GSM9013410,YA,training_ground_mean_TPM,Coagulation,0.5125438182445213,0.675964388504172,0.23173799181760227,0.22820743321829823
GSE298393:GSM9013410,YA,training_ground_mean_TPM,IL-2/STAT5 Signaling,0.5203941120446619,1.0252583492232439,0.2352873689745712,0.34613003323979413
GSE298393:GSM9013410,YA,training_ground_mean_TPM,Bile Acid Metabolism,0.5138457375082652,0.6794419080394313,0.2323266325248924,0.22938145335989796
GSE298393:GSM9013410,YA,training_ground_mean_TPM,Pperoxisome,0.3298815888043426,0.44775106500017214,0.1491503637463596,0.1511619887115075
GSE298393:GSM9013410,YA,training_ground_mean_TPM,Allograft Rejection,0.3845286893623126,0.6196096177957537,0.17385812314404875,0.20918190792186542
GSE298393:GSM9013410,YA,training_ground_mean_TPM,Spermatogenesis,0.30265771755450394,0.4952069326262742,0.13684155222943128,0.16718321989805726
GSE298393:GSM9013410,YA,training_ground_mean_TPM,KRAS Signaling Up,1.2781256848203693,1.4179327908862582,0.5778828442516993,0.47869800271617996
GSE298393:GSM9013410,YA,training_ground_mean_TPM,KRAS Signaling Dn,1.3482711717036038,0.6115654239613617,0.609597936087289,0.20646616600043174
GSE298393:GSM9013410,YA,training_ground_mean_TPM,Pancreas Beta Cells,0.13863167348338343,0.07492121093342864,0.06267995919916886,0.025293606485038863
GSE298393:GSM9013410,YA,training_ground_mean_TPM,Outside these 50 Hallmark sets,65.3821828055812,69.16977267606025,29.561444709081137,23.351905140487244
GSE298393:GSM9013410,YA,training_all_mean_TPM,TNF-alpha Signaling via NF-kB,0.808252575067797,0.6541362321533221,0.25082117361687534,0.169963037662135
GSE298393:GSM9013410,YA,training_all_mean_TPM,Hypoxia,1.1288486549818617,0.4756080438418003,0.3503102287730191,0.12357638041512929
GSE298393:GSM9013410,YA,training_all_mean_TPM,Cholesterol Homeostasis,0.31732995038170697,0.21936529862343002,0.09847549272805994,0.05699728998188345
GSE298393:GSM9013410,YA,training_all_mean_TPM,Mitotic Spindle,1.1016559395782342,0.8264079175063154,0.341871642863416,0.21472407902715057
GSE298393:GSM9013410,YA,training_all_mean_TPM,Wnt-beta Catenin Signaling,0.20489637900171495,0.14813853370819083,0.06358451780589428,0.038490568090038535
GSE298393:GSM9013410,YA,training_all_mean_TPM,TGF-beta Signaling,0.27332176955915993,0.13381342377558103,0.0848186434916328,0.03476850060728257
GSE298393:GSM9013410,YA,training_all_mean_TPM,IL-6/JAK/STAT3 Signaling,0.16544445888834142,0.12064669761505016,0.051341591263475865,0.0313474138912286
GSE298393:GSM9013410,YA,training_all_mean_TPM,DNA Repair,0.4699865098777722,0.7948961540108441,0.14584867605494964,0.206536434340125
GSE298393:GSM9013410,YA,training_all_mean_TPM,G2-M Checkpoint,0.5198886765518693,0.7646744285264074,0.16133457786005317,0.19868397790331038
GSE298393:GSM9013410,YA,training_all_mean_TPM,Apoptosis,1.275364388183003,0.44199218315583083,0.3957777587116211,0.11484203194920403
GSE298393:GSM9013410,YA,training_all_mean_TPM,Notch Signaling,0.06101496870014832,0.07942395145244432,0.018934484750988162,0.02063658208864256
GSE298393:GSM9013410,YA,training_all_mean_TPM,Adipogenesis,1.5173661823524314,0.5464810886658116,0.47087702335160575,0.14199119585349843
GSE298393:GSM9013410,YA,training_all_mean_TPM,Estrogen Response Early,1.2356093132006494,1.252564300649871,0.38344075556199997,0.3254515236142751
GSE298393:GSM9013410,YA,training_all_mean_TPM,Estrogen Response Late,0.6665203388776354,0.63273483893721,0.20683808353197386,0.1644023522537786
GSE298393:GSM9013410,YA,training_all_mean_TPM,Androgen Response,0.1965521778808313,0.8898996483231668,0.060995101597897984,0.23122102095702265
GSE298393:GSM9013410,YA,training_all_mean_TPM,Myogenesis,2.3009708017391355,2.4840221904159154,0.7140493142282437,0.6454190065476795
GSE298393:GSM9013410,YA,training_all_mean_TPM,Protein Secretion,0.40749157928412244,0.28934334379577165,0.1264549217754912,0.07517955927462237
GSE298393:GSM9013410,YA,training_all_mean_TPM,Interferon Alpha Response,0.25266618985497613,0.11626598850288085,0.07840869578103538,0.03020918214190704
GSE298393:GSM9013410,YA,training_all_mean_TPM,Interferon Gamma Response,0.4428119808507837,0.397526905234564,0.13741573383702554,0.10328869896669743
GSE298393:GSM9013410,YA,training_all_mean_TPM,Apical Junction,1.2174452067768315,1.3333076396609762,0.37780397489286116,0.3464309197931652
GSE298393:GSM9013410,YA,training_all_mean_TPM,Apical Surface,0.31505237909247963,0.10777253009101084,0.09776870487314691,0.02800234215815258
GSE298393:GSM9013410,YA,training_all_mean_TPM,Hedgehog Signaling,0.2805164624160181,0.1471940508619636,0.08705133827273971,0.0382451648151945
GSE298393:GSM9013410,YA,training_all_mean_TPM,Complement,0.6983622551307734,0.590662325501948,0.21671943380685843,0.1534707269530384
GSE298393:GSM9013410,YA,training_all_mean_TPM,Unfolded Protein Response,0.3323199072878812,0.5127592982514068,0.10312725468917418,0.13322932385724626
GSE298393:GSM9013410,YA,training_all_mean_TPM,PI3K/AKT/mTOR  Signaling,0.2870302586992755,0.4019766699215342,0.08907273366183678,0.1044448733014985
GSE298393:GSM9013410,YA,training_all_mean_TPM,mTORC1 Signaling,0.49350171249589614,0.5933527624204945,0.15314603693007178,0.15416977832618928
GSE298393:GSM9013410,YA,training_all_mean_TPM,E2F Targets,0.6730511433571053,1.0663193624813803,0.20886475699362733,0.2770598371667742
GSE298393:GSM9013410,YA,training_all_mean_TPM,Myc Targets V1,0.7634416238743458,1.0246427299769874,0.23691520447314923,0.26623107289444936
GSE298393:GSM9013410,YA,training_all_mean_TPM,Myc Targets V2,0.5148457648428648,0.10584808466109419,0.15976963507816014,0.027502316972256774
GSE298393:GSM9013410,YA,training_all_mean_TPM,Epithelial Mesenchymal Transition,2.9340294150522066,1.0843945570460896,0.9105033797734567,0.2817562823773371
GSE298393:GSM9013410,YA,training_all_mean_TPM,Inflammatory Response,0.5441056187525576,0.7477780633081562,0.16884970623892553,0.194293825796173
GSE298393:GSM9013410,YA,training_all_mean_TPM,Xenobiotic Metabolism,0.7654971894652919,0.5043263396539794,0.23755309835665997,0.1310382034311852
GSE298393:GSM9013410,YA,training_all_mean_TPM,Fatty Acid Metabolism,0.30990079464829356,0.336101047066499,0.09617003819872424,0.08732852900197859
GSE298393:GSM9013410,YA,training_all_mean_TPM,Oxidative Phosphorylation,0.6795821446866337,0.4600757881939579,0.2108914915428223,0.11954066243790926
GSE298393:GSM9013410,YA,training_all_mean_TPM,Glycolysis,0.7277253568581028,0.42566698831875044,0.22583154537131916,0.11060028601227198
GSE298393:GSM9013410,YA,training_all_mean_TPM,Reactive Oxygen Species Pathway,0.24583701875740582,0.14913036130007,0.0762894316272783,0.038748272864773274
GSE298393:GSM9013410,YA,training_all_mean_TPM,p53 Pathway,1.2371521569986283,0.5770805072026376,0.3839195389325128,0.14994178759505938
GSE298393:GSM9013410,YA,training_all_mean_TPM,UV Response Up,0.8339045813283782,0.4861212340695258,0.258781638593268,0.12630800367461767
GSE298393:GSM9013410,YA,training_all_mean_TPM,UV Response Dn,1.1266013007510858,0.6258629224022195,0.3496128180339951,0.1626168345719299
GSE298393:GSM9013410,YA,training_all_mean_TPM,Angiogenesis,0.07182873074386077,0.10527975409679635,0.02229026804285094,0.027354648666548777
GSE298393:GSM9013410,YA,training_all_mean_TPM,heme Metabolism,0.6868580765129607,1.3363684927573787,0.21314939682655445,0.3472262157338741
GSE298393:GSM9013410,YA,training_all_mean_TPM,Coagulation,0.5914661328200509,0.5565334245595118,0.18354686909115742,0.14460307616238943
GSE298393:GSM9013410,YA,training_all_mean_TPM,IL-2/STAT5 Signaling,0.45462778185108704,1.0513312562957438,0.14108247510768704,0.27316550456310895
GSE298393:GSM9013410,YA,training_all_mean_TPM,Bile Acid Metabolism,0.5337740678860895,0.5977652448307069,0.16564356524594123,0.15531626567424778
GSE298393:GSM9013410,YA,training_all_mean_TPM,Pperoxisome,0.415972509911998,0.3007545287639563,0.12908676860043775,0.0781445068882604
GSE298393:GSM9013410,YA,training_all_mean_TPM,Allograft Rejection,0.34618155093267167,0.6951455377750035,0.10742887256766173,0.1806184115938486
GSE298393:GSM9013410,YA,training_all_mean_TPM,Spermatogenesis,0.30717313784319583,0.5730422034590834,0.09532357744848007,0.14889252241523984
GSE298393:GSM9013410,YA,training_all_mean_TPM,KRAS Signaling Up,0.8766370168757581,1.1887240902185525,0.27204259187213914,0.3088640368545544
GSE298393:GSM9013410,YA,training_all_mean_TPM,KRAS Signaling Dn,1.4258410215902426,0.6358488189637695,0.4424744559537601,0.16521145206895171
GSE298393:GSM9013410,YA,training_all_mean_TPM,Pancreas Beta Cells,0.18472032048195192,0.041833080112849697,0.057323377621509165,0.0108694137723239
GSE298393:GSM9013410,YA,training_all_mean_TPM,Outside these 50 Hallmark sets,65.77902452646582,70.36905913688145,20.4128915144099,18.283865746069036
GSE298393:GSM9013411,YA,training_ground_mean_TPM,TNF-alpha Signaling via NF-kB,0.7927917777818364,0.6291540635873477,0.33802111292882975,0.20533710863367602
GSE298393:GSM9013411,YA,training_ground_mean_TPM,Hypoxia,1.022456396734567,0.6400816170780228,0.43594277694505346,0.20890353594946104
GSE298393:GSM9013411,YA,training_ground_mean_TPM,Cholesterol Homeostasis,0.2800109754333702,0.16595256269180972,0.11938774366845298,0.054161963445308235
GSE298393:GSM9013411,YA,training_ground_mean_TPM,Mitotic Spindle,0.9535591095025088,1.2752150913572484,0.40656717245390006,0.41619214577157854
GSE298393:GSM9013411,YA,training_ground_mean_TPM,Wnt-beta Catenin Signaling,0.1500516261578841,0.11804330958574631,0.06397722465359144,0.038525813130223706
GSE298393:GSM9013411,YA,training_ground_mean_TPM,TGF-beta Signaling,0.29777547450817776,0.08898246412597487,0.12696195913861144,0.02904122052164223
GSE298393:GSM9013411,YA,training_ground_mean_TPM,IL-6/JAK/STAT3 Signaling,0.20518600307529256,0.16335995238088583,0.08748476341541306,0.05331581281882491
GSE298393:GSM9013411,YA,training_ground_mean_TPM,DNA Repair,0.45923057596671274,0.7728503737658083,0.19580126173045712,0.25223529551835233
GSE298393:GSM9013411,YA,training_ground_mean_TPM,G2-M Checkpoint,0.3877562168772296,0.5795532428168904,0.1653268760438408,0.18914888111943237
GSE298393:GSM9013411,YA,training_ground_mean_TPM,Apoptosis,1.2710645957620565,0.44245439900499367,0.5419413789406824,0.14440391034893613
GSE298393:GSM9013411,YA,training_ground_mean_TPM,Notch Signaling,0.036125580081780254,0.1120502297915808,0.015402794436906049,0.036569850754763336
GSE298393:GSM9013411,YA,training_ground_mean_TPM,Adipogenesis,1.501545657532708,0.6047467654406736,0.640211148118552,0.1973712949783974
GSE298393:GSM9013411,YA,training_ground_mean_TPM,Estrogen Response Early,1.332797298460055,0.854307907263976,0.568262233236707,0.2788206032720269
GSE298393:GSM9013411,YA,training_ground_mean_TPM,Estrogen Response Late,0.6569034234754373,0.6286021987344239,0.2800826553867585,0.2051569964166305
GSE298393:GSM9013411,YA,training_ground_mean_TPM,Androgen Response,0.1617218111357881,0.7465658816353609,0.06895301908646705,0.2436568217734691
GSE298393:GSM9013411,YA,training_ground_mean_TPM,Myogenesis,2.517136159512919,2.3992960694382983,1.0732265266581718,0.7830586277159209
GSE298393:GSM9013411,YA,training_ground_mean_TPM,Protein Secretion,0.354933603966058,0.35742089126156973,0.15133236139775236,0.11665151133007505
GSE298393:GSM9013411,YA,training_ground_mean_TPM,Interferon Alpha Response,0.2677315398479429,0.11481903249081943,0.11415218422012299,0.03747350531815764
GSE298393:GSM9013411,YA,training_ground_mean_TPM,Interferon Gamma Response,0.48615051964208206,0.46563441521045607,0.20727906659189174,0.15196917580803873
GSE298393:GSM9013411,YA,training_ground_mean_TPM,Apical Junction,1.323957789875752,1.0764225606790314,0.5644933488799972,0.35131219691662
GSE298393:GSM9013411,YA,training_ground_mean_TPM,Apical Surface,0.22131106379319973,0.11433450194852027,0.09435997469114334,0.03731536901044133
GSE298393:GSM9013411,YA,training_ground_mean_TPM,Hedgehog Signaling,0.3047399944881585,0.15811940503606137,0.12993140819273116,0.05160545457475907
GSE298393:GSM9013411,YA,training_ground_mean_TPM,Complement,0.45222783417091467,0.7442472787215757,0.19281551611388204,0.24290009898339182
GSE298393:GSM9013411,YA,training_ground_mean_TPM,Unfolded Protein Response,0.39136687121374203,0.432873753989132,0.16686634382268686,0.14127707375952334
GSE298393:GSM9013411,YA,training_ground_mean_TPM,PI3K/AKT/mTOR  Signaling,0.25498308943810954,0.5987524159015344,0.10871665181878205,0.19541491819607437
GSE298393:GSM9013411,YA,training_ground_mean_TPM,mTORC1 Signaling,0.5134511594718278,0.6554978940975457,0.21891918814403433,0.21393494865469762
GSE298393:GSM9013411,YA,training_ground_mean_TPM,E2F Targets,0.5440037519475507,0.88611526751493,0.23194583852176662,0.2892015763360177
GSE298393:GSM9013411,YA,training_ground_mean_TPM,Myc Targets V1,0.9830898260029013,1.1510090755113938,0.4191581275278505,0.3756550092500793
GSE298393:GSM9013411,YA,training_ground_mean_TPM,Myc Targets V2,0.5669243716537709,0.09716291572858748,0.2417184592769822,0.0317110757711188
GSE298393:GSM9013411,YA,training_ground_mean_TPM,Epithelial Mesenchymal Transition,3.383929132385386,1.257678101795967,1.4427993875031884,0.4104685957874616
GSE298393:GSM9013411,YA,training_ground_mean_TPM,Inflammatory Response,0.5174658632908792,0.5229040781686731,0.2206309297274199,0.17066028452823667
GSE298393:GSM9013411,YA,training_ground_mean_TPM,Xenobiotic Metabolism,0.7720569656130777,0.6722357718405912,0.3291804507498348,0.21939769239161983
GSE298393:GSM9013411,YA,training_ground_mean_TPM,Fatty Acid Metabolism,0.2059842331750073,0.5811038166825574,0.08782510325525575,0.18965494215078552
GSE298393:GSM9013411,YA,training_ground_mean_TPM,Oxidative Phosphorylation,0.6153326757021573,0.8056180147484147,0.2623582152230077,0.26292967555263247
GSE298393:GSM9013411,YA,training_ground_mean_TPM,Glycolysis,0.6608037543331512,0.5462311694016849,0.2817456319895228,0.17827355088673266
GSE298393:GSM9013411,YA,training_ground_mean_TPM,Reactive Oxygen Species Pathway,0.2315042062467421,0.1180183849509168,0.09870600532989277,0.03851767847331557
GSE298393:GSM9013411,YA,training_ground_mean_TPM,p53 Pathway,1.2107371260276658,0.65165846123919,0.5162196711338053,0.21268187236137662
GSE298393:GSM9013411,YA,training_ground_mean_TPM,UV Response Up,0.814546232580343,0.5875637629318167,0.3472965181843251,0.19176327580310037
GSE298393:GSM9013411,YA,training_ground_mean_TPM,UV Response Dn,1.6632517350006033,0.41796394530389996,0.709157458871153,0.13641095720255417
GSE298393:GSM9013411,YA,training_ground_mean_TPM,Angiogenesis,0.19263103704901305,0.11317870000508191,0.08213172658036848,0.03693814975214774
GSE298393:GSM9013411,YA,training_ground_mean_TPM,heme Metabolism,0.799246414080104,1.7296305929780476,0.34077316385346945,0.564499803023453
GSE298393:GSM9013411,YA,training_ground_mean_TPM,Coagulation,0.4300008640914336,0.7489251187134336,0.18333864542240835,0.2444268063420032
GSE298393:GSM9013411,YA,training_ground_mean_TPM,IL-2/STAT5 Signaling,0.564220169088294,1.0199733433118299,0.240565473604849,0.3328888571503248
GSE298393:GSM9013411,YA,training_ground_mean_TPM,Bile Acid Metabolism,0.4585076896029393,0.8891995082309483,0.19549304605510356,0.2902081804535313
GSE298393:GSM9013411,YA,training_ground_mean_TPM,Pperoxisome,0.5488922387583781,0.42235704907210575,0.23403013328697864,0.1378447351559979
GSE298393:GSM9013411,YA,training_ground_mean_TPM,Allograft Rejection,0.42998897780131057,0.7022761268427684,0.18333357748763837,0.22920196768041778
GSE298393:GSM9013411,YA,training_ground_mean_TPM,Spermatogenesis,0.40272235922988786,0.3440315988433481,0.171707961514292,0.11228164590135604
GSE298393:GSM9013411,YA,training_ground_mean_TPM,KRAS Signaling Up,1.5112978463293936,1.523805202077242,0.6443691701905908,0.49732453849446545
GSE298393:GSM9013411,YA,training_ground_mean_TPM,KRAS Signaling Dn,1.2744627132606199,0.5779936355865011,0.5433902277947171,0.18863987186744358
GSE298393:GSM9013411,YA,training_ground_mean_TPM,Pancreas Beta Cells,0.1022856649768402,0.070770013612864,0.04361134320650253,0.02309722024264395
GSE298393:GSM9013411,YA,training_ground_mean_TPM,Outside these 50 Hallmark sets,64.51914800386656,68.623258066872,27.508905647969904,22.396583304460833
GSE298393:GSM9013411,YA,training_all_mean_TPM,TNF-alpha Signaling via NF-kB,0.7284520854878789,0.5690315381300954,0.2238707465196973,0.1544119516035024
GSE298393:GSM9013411,YA,training_all_mean_TPM,Hypoxia,1.0603030617953566,0.6289770001960785,0.3258564876264562,0.1706787051437358
GSE298393:GSM9013411,YA,training_all_mean_TPM,Cholesterol Homeostasis,0.37188780649384323,0.14045855445955968,0.11429001648830442,0.03811472310441409
GSE298393:GSM9013411,YA,training_all_mean_TPM,Mitotic Spindle,0.9843885224869271,1.0274622862988756,0.30252613423019314,0.27881135964406567
GSE298393:GSM9013411,YA,training_all_mean_TPM,Wnt-beta Catenin Signaling,0.1354787430332048,0.13837587068474827,0.04163585765573112,0.037549567669799055
GSE298393:GSM9013411,YA,training_all_mean_TPM,TGF-beta Signaling,0.27224482360681657,0.1000043040626738,0.08366734492380759,0.02713708946574612
GSE298393:GSM9013411,YA,training_all_mean_TPM,IL-6/JAK/STAT3 Signaling,0.15855582810190583,0.10889433929355138,0.048727997776887536,0.029549482448979786
GSE298393:GSM9013411,YA,training_all_mean_TPM,DNA Repair,0.5596341301909313,0.9212963087370178,0.17198895164097924,0.2500022432933439
GSE298393:GSM9013411,YA,training_all_mean_TPM,G2-M Checkpoint,0.4978228269481689,0.5504490334448882,0.1529928599611197,0.1493694177159201
GSE298393:GSM9013411,YA,training_all_mean_TPM,Apoptosis,1.525179524842977,0.4224237964659597,0.46872414206141483,0.11462858988521804
GSE298393:GSM9013411,YA,training_all_mean_TPM,Notch Signaling,0.03495506520070984,0.12954193584233423,0.010742527473013618,0.035152398043950525
GSE298393:GSM9013411,YA,training_all_mean_TPM,Adipogenesis,1.2628568315631912,0.6564903433663154,0.38810610507100474,0.1781447043535755
GSE298393:GSM9013411,YA,training_all_mean_TPM,Estrogen Response Early,1.2175146224066802,1.008035968306752,0.3741713598558518,0.2735398492397544
GSE298393:GSM9013411,YA,training_all_mean_TPM,Estrogen Response Late,0.630465117521699,0.5573445833763463,0.19375700794333164,0.15124058873360174
GSE298393:GSM9013411,YA,training_all_mean_TPM,Androgen Response,0.20998398608107538,0.7932271948323824,0.06453310060835056,0.21524950905451715
GSE298393:GSM9013411,YA,training_all_mean_TPM,Myogenesis,2.3323477115910287,2.4823915228229754,0.7167862289634142,0.6736198154195295
GSE298393:GSM9013411,YA,training_all_mean_TPM,Protein Secretion,0.5432520285188418,0.33203943211546405,0.16695434002553441,0.09010195970991261
GSE298393:GSM9013411,YA,training_all_mean_TPM,Interferon Alpha Response,0.24512726209430183,0.14130809720031515,0.07533346976503916,0.03834525435581311
GSE298393:GSM9013411,YA,training_all_mean_TPM,Interferon Gamma Response,0.47590823521766273,0.43866501994409834,0.14625798184336813,0.11903579554191866
GSE298393:GSM9013411,YA,training_all_mean_TPM,Apical Junction,1.2024954396959677,1.0110091152081906,0.3695556058309169,0.2743466400495638
GSE298393:GSM9013411,YA,training_all_mean_TPM,Apical Surface,0.2788184274145635,0.0953397201235736,0.08568757057911532,0.025871311628859087
GSE298393:GSM9013411,YA,training_all_mean_TPM,Hedgehog Signaling,0.2731046478207534,0.10533315266003639,0.08393158946711317,0.028583121638975542
GSE298393:GSM9013411,YA,training_all_mean_TPM,Complement,0.529098919782868,0.586055383737424,0.1626047512448601,0.15903152898696782
GSE298393:GSM9013411,YA,training_all_mean_TPM,Unfolded Protein Response,0.4132373414813583,0.4782694200696696,0.1269977174480697,0.12978281447793644
GSE298393:GSM9013411,YA,training_all_mean_TPM,PI3K/AKT/mTOR  Signaling,0.37273997188606917,0.500904543490672,0.11455190729254049,0.1359250638051153
GSE298393:GSM9013411,YA,training_all_mean_TPM,mTORC1 Signaling,0.55079172197213,0.5501263315025969,0.1692714681325764,0.14928184957012072
GSE298393:GSM9013411,YA,training_all_mean_TPM,E2F Targets,0.6666284158045787,1.0615767609773321,0.20487085433692187,0.28806863671932054
GSE298393:GSM9013411,YA,training_all_mean_TPM,Myc Targets V1,1.1724495044708216,1.7992061335393126,0.3603217713993345,0.488231164356448
GSE298393:GSM9013411,YA,training_all_mean_TPM,Myc Targets V2,0.7110910570884265,0.15055442001681227,0.21853528731028063,0.040854329258661275
GSE298393:GSM9013411,YA,training_all_mean_TPM,Epithelial Mesenchymal Transition,2.9585907527200406,1.1349758205492382,0.9092456918619526,0.3079861479201998
GSE298393:GSM9013411,YA,training_all_mean_TPM,Inflammatory Response,0.5330936767358659,0.6244979604473225,0.1638324355895805,0.16946327643272302
GSE298393:GSM9013411,YA,training_all_mean_TPM,Xenobiotic Metabolism,0.7810727596413818,0.5746200980769168,0.240042338090095,0.15592845884469606
GSE298393:GSM9013411,YA,training_all_mean_TPM,Fatty Acid Metabolism,0.2117222390706236,0.40586813747389583,0.06506730732168521,0.11013605925423182
GSE298393:GSM9013411,YA,training_all_mean_TPM,Oxidative Phosphorylation,0.7030380938169514,0.5718441858779251,0.21606041911346108,0.1551751894889503
GSE298393:GSM9013411,YA,training_all_mean_TPM,Glycolysis,0.5020072193490491,0.4907828688196074,0.15427882381403257,0.1331784541099994
GSE298393:GSM9013411,YA,training_all_mean_TPM,Reactive Oxygen Species Pathway,0.29230855121286237,0.15855659049147058,0.08983340823341435,0.04302579195845529
GSE298393:GSM9013411,YA,training_all_mean_TPM,p53 Pathway,1.4057993147633414,0.5626252246867134,0.4320357485724912,0.1526735394152658
GSE298393:GSM9013411,YA,training_all_mean_TPM,UV Response Up,0.802170574423713,0.4740036568923342,0.24652620111876827,0.12862526032996208
GSE298393:GSM9013411,YA,training_all_mean_TPM,UV Response Dn,1.2093670734845692,0.5569381800673772,0.3716674232266126,0.1511303074506306
GSE298393:GSM9013411,YA,training_all_mean_TPM,Angiogenesis,0.13545174719231723,0.11112975358402724,0.04162756118823129,0.030156082716460603
GSE298393:GSM9013411,YA,training_all_mean_TPM,heme Metabolism,0.5432511266444797,1.3011141252833283,0.16695406285797496,0.35306930790530267
GSE298393:GSM9013411,YA,training_all_mean_TPM,Coagulation,0.43597279515443527,0.5848541456124735,0.13398486607136845,0.15870556195212882
GSE298393:GSM9013411,YA,training_all_mean_TPM,IL-2/STAT5 Signaling,0.5140564937370561,0.9929278160856909,0.15798185398719372,0.26944011291012504
GSE298393:GSM9013411,YA,training_all_mean_TPM,Bile Acid Metabolism,0.438588902760762,0.8087273435703555,0.13478885850199204,0.2194556172513317
GSE298393:GSM9013411,YA,training_all_mean_TPM,Pperoxisome,0.7296507842433447,0.271890701085607,0.22423913531366807,0.07378004726317057
GSE298393:GSM9013411,YA,training_all_mean_TPM,Allograft Rejection,0.4269086702465796,0.799329957612457,0.13119924372215053,0.21690554997298922
GSE298393:GSM9013411,YA,training_all_mean_TPM,Spermatogenesis,0.41242926867794055,0.3331196741380404,0.12674937735083155,0.0903950933373707
GSE298393:GSM9013411,YA,training_all_mean_TPM,KRAS Signaling Up,1.1430235459058977,1.2553379670092086,0.35127847062194,0.34064752552177224
GSE298393:GSM9013411,YA,training_all_mean_TPM,KRAS Signaling Dn,1.1854862140527067,0.5015251253326409,0.36432826402170443,0.13609346440671113
GSE298393:GSM9013411,YA,training_all_mean_TPM,Pancreas Beta Cells,0.12228904717700133,0.031215403396504124,0.03758234869265579,0.008470587367413745
GSE298393:GSM9013411,YA,training_all_mean_TPM,Outside these 50 Hallmark sets,65.09690748838854,69.96932315300089,20.005836438492437,18.986820617947707
GSE298393:GSM9013412,YA,training_ground_mean_TPM,TNF-alpha Signaling via NF-kB,0.7323348891901612,0.5789044409762948,0.33835588129465904,0.20462859028100946
GSE298393:GSM9013412,YA,training_ground_mean_TPM,Hypoxia,1.03345856625848,0.594630371597326,0.4774820770243328,0.21018732292505626
GSE298393:GSM9013412,YA,training_ground_mean_TPM,Cholesterol Homeostasis,0.23670861945203583,0.3559090665717742,0.10936492952466544,0.1258051681862885
GSE298393:GSM9013412,YA,training_ground_mean_TPM,Mitotic Spindle,0.6736234663479019,1.3879038117387386,0.3112298280216493,0.4905901222018215
GSE298393:GSM9013412,YA,training_ground_mean_TPM,Wnt-beta Catenin Signaling,0.32478519047833027,0.13995317896520545,0.15005836943979584,0.0494700328584429
GSE298393:GSM9013412,YA,training_ground_mean_TPM,TGF-beta Signaling,0.33282473996422335,0.10502546443968581,0.1537728297115432,0.037123938271500026
GSE298393:GSM9013412,YA,training_ground_mean_TPM,IL-6/JAK/STAT3 Signaling,0.1948329700920578,0.15125055198345033,0.09001739815189434,0.05346337847987824
GSE298393:GSM9013412,YA,training_ground_mean_TPM,DNA Repair,0.4134889717694296,0.7785256591246938,0.1910415951961276,0.2751898186436667
GSE298393:GSM9013412,YA,training_ground_mean_TPM,G2-M Checkpoint,0.43824503877964444,0.8222957559285898,0.20247947832073707,0.2906614795456623
GSE298393:GSM9013412,YA,training_ground_mean_TPM,Apoptosis,1.3786327241740317,0.5088816540552402,0.6369606272417208,0.1798772441848588
GSE298393:GSM9013412,YA,training_ground_mean_TPM,Notch Signaling,0.03351512631984316,0.10791102988006482,0.015484773796852045,0.038143915225265584
GSE298393:GSM9013412,YA,training_ground_mean_TPM,Adipogenesis,1.6239243118694722,0.5034002155658448,0.7502910892392861,0.1779396894670103
GSE298393:GSM9013412,YA,training_ground_mean_TPM,Estrogen Response Early,1.3431000655984064,0.7420090304748623,0.6205437062612209,0.2622820816951845
GSE298393:GSM9013412,YA,training_ground_mean_TPM,Estrogen Response Late,0.597583378143762,0.6541984695428078,0.2760975252489562,0.2312431916410542
GSE298393:GSM9013412,YA,training_ground_mean_TPM,Androgen Response,0.2110727034187567,0.8612103519465448,0.09752053553187331,0.3044168394304126
GSE298393:GSM9013412,YA,training_ground_mean_TPM,Myogenesis,2.376157220826918,2.0749017230674185,1.09784032198252,0.7334271159621478
GSE298393:GSM9013412,YA,training_ground_mean_TPM,Protein Secretion,0.5069562747415972,0.42335003343258465,0.23422567960367893,0.14964390390688911
GSE298393:GSM9013412,YA,training_ground_mean_TPM,Interferon Alpha Response,0.28344376048678355,0.2042568128031009,0.13095765993483185,0.0721997979298661
GSE298393:GSM9013412,YA,training_ground_mean_TPM,Interferon Gamma Response,0.4928575044750431,0.6220482112249985,0.22771171733160134,0.2198788600328035
GSE298393:GSM9013412,YA,training_ground_mean_TPM,Apical Junction,1.23204559809903,1.453134877381739,0.5692339396815989,0.5136477117800672
GSE298393:GSM9013412,YA,training_ground_mean_TPM,Apical Surface,0.22238352819153384,0.14750983611896815,0.10274640164948322,0.05214112672326727
GSE298393:GSM9013412,YA,training_ground_mean_TPM,Hedgehog Signaling,0.24945295173412313,0.1670050866999521,0.11525310970625709,0.05903222197351969
GSE298393:GSM9013412,YA,training_ground_mean_TPM,Complement,0.5032899007660526,0.8319861347300128,0.23253172890439844,0.2940867919341457
GSE298393:GSM9013412,YA,training_ground_mean_TPM,Unfolded Protein Response,0.3934093607492136,0.46239900582300403,0.1817643443330529,0.16344676255951565
GSE298393:GSM9013412,YA,training_ground_mean_TPM,PI3K/AKT/mTOR  Signaling,0.30056308666386994,0.6782730368975941,0.13886718982521334,0.23975296360121928
GSE298393:GSM9013412,YA,training_ground_mean_TPM,mTORC1 Signaling,0.7833950864135081,0.5407934126998226,0.36194688902295336,0.1911572719798021
GSE298393:GSM9013412,YA,training_ground_mean_TPM,E2F Targets,0.638367877684278,1.0054392927577354,0.29494091983371107,0.3553982497407985
GSE298393:GSM9013412,YA,training_ground_mean_TPM,Myc Targets V1,0.7761301887916867,1.1034047014846184,0.35859033606660695,0.390026630636059
GSE298393:GSM9013412,YA,training_ground_mean_TPM,Myc Targets V2,0.3711599562491444,0.07166387430388076,0.17148459803252203,0.025331430431156543
GSE298393:GSM9013412,YA,training_ground_mean_TPM,Epithelial Mesenchymal Transition,3.5652845277521568,1.264894257570344,1.6472450053387409,0.4471092471577056
GSE298393:GSM9013412,YA,training_ground_mean_TPM,Inflammatory Response,0.5222530668752281,0.5453443717398722,0.2412931560543495,0.19276592492297426
GSE298393:GSM9013412,YA,training_ground_mean_TPM,Xenobiotic Metabolism,0.7156093317762141,0.632425311620257,0.3306282818009375,0.22354691174355754
GSE298393:GSM9013412,YA,training_ground_mean_TPM,Fatty Acid Metabolism,0.22211330947749738,0.7138454240185645,0.10262155427094138,0.25232693421581437
GSE298393:GSM9013412,YA,training_ground_mean_TPM,Oxidative Phosphorylation,0.5950979958293148,0.9779370675675627,0.2749492203739981,0.3456768843963472
GSE298393:GSM9013412,YA,training_ground_mean_TPM,Glycolysis,0.5815669042747115,0.5931462378661457,0.2686975389705635,0.20966271787506258
GSE298393:GSM9013412,YA,training_ground_mean_TPM,Reactive Oxygen Species Pathway,0.2354461472470149,0.17406858807474251,0.10878163777952922,0.06152899730717191
GSE298393:GSM9013412,YA,training_ground_mean_TPM,p53 Pathway,1.1092277466821039,0.6137645590771387,0.512489214053622,0.2169507911816885
GSE298393:GSM9013412,YA,training_ground_mean_TPM,UV Response Up,0.7672587808814215,0.9198254039962175,0.35449153770794684,0.32513582968369975
GSE298393:GSM9013412,YA,training_ground_mean_TPM,UV Response Dn,2.439427554256512,0.5020293339482985,1.1270726987863215,0.1774551162749865
GSE298393:GSM9013412,YA,training_ground_mean_TPM,Angiogenesis,0.3202936393082362,0.11973205549801128,0.14798316753835722,0.04232235925965007
GSE298393:GSM9013412,YA,training_ground_mean_TPM,heme Metabolism,0.977916335566569,1.6571945778017894,0.451820264795757,0.5857778352935434
GSE298393:GSM9013412,YA,training_ground_mean_TPM,Coagulation,0.43185506632790754,0.8448494582007949,0.1995271612971047,0.2986336628196336
GSE298393:GSM9013412,YA,training_ground_mean_TPM,IL-2/STAT5 Signaling,0.676837541454962,0.7185322252363875,0.31271480604392965,0.25398360405326287
GSE298393:GSM9013412,YA,training_ground_mean_TPM,Bile Acid Metabolism,0.39606519613549657,1.0839153403429302,0.18299140252181822,0.3831376171588512
GSE298393:GSM9013412,YA,training_ground_mean_TPM,Pperoxisome,0.46308243240683883,0.5820015062041187,0.21395493624830483,0.20572332724745795
GSE298393:GSM9013412,YA,training_ground_mean_TPM,Allograft Rejection,0.5706034175065813,0.5344357833614084,0.26363215115107125,0.1889100051824445
GSE298393:GSM9013412,YA,training_ground_mean_TPM,Spermatogenesis,0.31482150105373147,0.5706069335923641,0.14545491142356712,0.201695623942115
GSE298393:GSM9013412,YA,training_ground_mean_TPM,KRAS Signaling Up,1.6478710432704078,1.7063384588291772,0.7613550403453847,0.6031489977579609
GSE298393:GSM9013412,YA,training_ground_mean_TPM,KRAS Signaling Dn,1.138412548578419,0.5637056181450787,0.5259732764843463,0.19925617737528445
GSE298393:GSM9013412,YA,training_ground_mean_TPM,Pancreas Beta Cells,0.059736853361616674,0.11024328840946375,0.027599826204226095,0.038968311690832355
GSE298393:GSM9013412,YA,training_ground_mean_TPM,Outside these 50 Hallmark sets,63.55147600224779,66.4929891066825,29.362271261028724,23.503648722273525
GSE298393:GSM9013412,YA,training_all_mean_TPM,TNF-alpha Signaling via NF-kB,0.837533864484969,0.718354935536114,0.2876261470457842,0.21472041809242756
GSE298393:GSM9013412,YA,training_all_mean_TPM,Hypoxia,1.1324370714694807,0.6314329823929111,0.3889019005086733,0.1887389468210012
GSE298393:GSM9013412,YA,training_all_mean_TPM,Cholesterol Homeostasis,0.23728891788130382,0.29015059899884027,0.08148983591109202,0.08672768132414008
GSE298393:GSM9013412,YA,training_all_mean_TPM,Mitotic Spindle,0.7032813023202651,1.2886623786461688,0.24152108929960703,0.3851885899779927
GSE298393:GSM9013412,YA,training_all_mean_TPM,Wnt-beta Catenin Signaling,0.3596534444317261,0.13222233359222976,0.12351230067246904,0.039522015295811536
GSE298393:GSM9013412,YA,training_all_mean_TPM,TGF-beta Signaling,0.33344285277865715,0.1300720338967934,0.11451105092169206,0.03887927836064517
GSE298393:GSM9013412,YA,training_all_mean_TPM,IL-6/JAK/STAT3 Signaling,0.15723469153697847,0.10603027420405771,0.053997587950099096,0.03169305823806851
GSE298393:GSM9013412,YA,training_all_mean_TPM,DNA Repair,0.5067425987527159,0.9343674906906747,0.1740257049938394,0.27928781209437087
GSE298393:GSM9013412,YA,training_all_mean_TPM,G2-M Checkpoint,0.5393105798970299,0.8130274742319654,0.1852102114727018,0.24301858392248998
GSE298393:GSM9013412,YA,training_all_mean_TPM,Apoptosis,1.6039635229509999,0.4625478111237349,0.5508336649671769,0.13825819866902345
GSE298393:GSM9013412,YA,training_all_mean_TPM,Notch Signaling,0.036440919772742955,0.1286478823270333,0.012514552298710898,0.03845359127288589
GSE298393:GSM9013412,YA,training_all_mean_TPM,Adipogenesis,1.3847186595512262,0.4455298352727672,0.4755405240050088,0.13317142789730246
GSE298393:GSM9013412,YA,training_all_mean_TPM,Estrogen Response Early,1.1296667624017256,0.742512210546569,0.3879505200844628,0.22194116640725264
GSE298393:GSM9013412,YA,training_all_mean_TPM,Estrogen Response Late,0.5475126832766888,0.5993251199933056,0.18802698043309862,0.17914172224934535
GSE298393:GSM9013412,YA,training_all_mean_TPM,Androgen Response,0.3002076420792312,0.9492896004190431,0.1030974042560625,0.28374811643863646
GSE298393:GSM9013412,YA,training_all_mean_TPM,Myogenesis,1.9917388384214765,1.929275913639369,0.6840035875670508,0.5766716567251449
GSE298393:GSM9013412,YA,training_all_mean_TPM,Protein Secretion,0.7569506353543488,0.4223986042631512,0.25995222877908725,0.126257370030253
GSE298393:GSM9013412,YA,training_all_mean_TPM,Interferon Alpha Response,0.2421457137096782,0.2110152458426096,0.08315775828455019,0.06307366953271763
GSE298393:GSM9013412,YA,training_all_mean_TPM,Interferon Gamma Response,0.47258986291763605,0.6025597451502153,0.1622969615532895,0.18010857029577185
GSE298393:GSM9013412,YA,training_all_mean_TPM,Apical Junction,1.1413315273840507,1.5092753486591082,0.39195643739757813,0.45113107441632655
GSE298393:GSM9013412,YA,training_all_mean_TPM,Apical Surface,0.22593257730695504,0.07344887124276356,0.07758983780659953,0.02195428967143251
GSE298393:GSM9013412,YA,training_all_mean_TPM,Hedgehog Signaling,0.1939335220878072,0.10098619500710551,0.0666007120505341,0.030185353981463672
GSE298393:GSM9013412,YA,training_all_mean_TPM,Complement,0.5884856007903004,0.7008724883631131,0.20209791284239512,0.2094948141735737
GSE298393:GSM9013412,YA,training_all_mean_TPM,Unfolded Protein Response,0.40980359213976414,0.5006950272639863,0.14073488040410784,0.14966062077750938
GSE298393:GSM9013412,YA,training_all_mean_TPM,PI3K/AKT/mTOR  Signaling,0.3114371598888832,0.4730406388901324,0.1069538488462265,0.14139456518301038
GSE298393:GSM9013412,YA,training_all_mean_TPM,mTORC1 Signaling,0.9906885097058401,0.5177224556035899,0.3402225641878325,0.1547502169524002
GSE298393:GSM9013412,YA,training_all_mean_TPM,E2F Targets,0.7765388767494396,1.1558860922196796,0.2666792288907034,0.34550099499685905
GSE298393:GSM9013412,YA,training_all_mean_TPM,Myc Targets V1,1.0428741376297912,1.866800791381234,0.3581441691848568,0.5579974836833312
GSE298393:GSM9013412,YA,training_all_mean_TPM,Myc Targets V2,0.44320669036533217,0.12784884160594656,0.15220618305754752,0.03821475340985015
GSE298393:GSM9013412,YA,training_all_mean_TPM,Epithelial Mesenchymal Transition,3.2130000083946673,1.1230326475469694,1.1034094883326544,0.33568091159945596
GSE298393:GSM9013412,YA,training_all_mean_TPM,Inflammatory Response,0.5225280429276278,0.6273106257309095,0.17944674727041438,0.18750675072655867
GSE298393:GSM9013412,YA,training_all_mean_TPM,Xenobiotic Metabolism,0.7968144365196813,0.6244691769360831,0.273642268098076,0.186657425354056
GSE298393:GSM9013412,YA,training_all_mean_TPM,Fatty Acid Metabolism,0.23826415823251934,0.5797629648479067,0.08182475326376072,0.17329448166698028
GSE298393:GSM9013412,YA,training_all_mean_TPM,Oxidative Phosphorylation,0.5861516772497715,0.696300900826766,0.20129639607521985,0.2081283403893879
GSE298393:GSM9013412,YA,training_all_mean_TPM,Glycolysis,0.5160132505243039,0.662187013525858,0.1772094351840267,0.1979315034475741
GSE298393:GSM9013412,YA,training_all_mean_TPM,Reactive Oxygen Species Pathway,0.26567448159826906,0.1863854849467033,0.09123801526220869,0.05571169247170019
GSE298393:GSM9013412,YA,training_all_mean_TPM,p53 Pathway,1.3178152237670333,0.6137671037727823,0.4525645247353365,0.18345851418855436
GSE298393:GSM9013412,YA,training_all_mean_TPM,UV Response Up,0.7173316551627466,0.8543862761209636,0.2463462659570331,0.25538096746591193
GSE298393:GSM9013412,YA,training_all_mean_TPM,UV Response Dn,2.247767190940089,0.5734288565024812,0.7719289261020994,0.17140118028504234
GSE298393:GSM9013412,YA,training_all_mean_TPM,Angiogenesis,0.30128403871827913,0.10610353486910196,0.10346706073338328,0.031714956271825724
GSE298393:GSM9013412,YA,training_all_mean_TPM,heme Metabolism,0.8142028942259705,1.249624243497306,0.2796138177932087,0.37351986705837253
GSE298393:GSM9013412,YA,training_all_mean_TPM,Coagulation,0.4324200143218402,0.7076046907196127,0.14850181932805398,0.21150710814297705
GSE298393:GSM9013412,YA,training_all_mean_TPM,IL-2/STAT5 Signaling,0.6946736108413608,0.6771305825678009,0.23856503314472124,0.20239822210397812
GSE298393:GSM9013412,YA,training_all_mean_TPM,Bile Acid Metabolism,0.38309143620781866,1.0680585104184088,0.1315613832886016,0.3192488261155502
GSE298393:GSM9013412,YA,training_all_mean_TPM,Pperoxisome,0.599886414925968,0.480039869606153,0.2060131840715097,0.1434866754634913
GSE298393:GSM9013412,YA,training_all_mean_TPM,Allograft Rejection,0.536100114716081,0.4993139449927898,0.18410767249561957,0.14924780735057855
GSE298393:GSM9013412,YA,training_all_mean_TPM,Spermatogenesis,0.32031800531026966,0.6323173787527415,0.11000371161521835,0.18900329797493384
GSE298393:GSM9013412,YA,training_all_mean_TPM,KRAS Signaling Up,1.350343754322235,1.4928973028704555,0.46373548308029505,0.4462355824174419
GSE298393:GSM9013412,YA,training_all_mean_TPM,KRAS Signaling Dn,1.0825097394211813,0.5535290838679893,0.371755840202015,0.16545302389514646
GSE298393:GSM9013412,YA,training_all_mean_TPM,Pancreas Beta Cells,0.0666057736243831,0.08895080730438588,0.022873776035749586,0.02658790743854575
GSE298393:GSM9013412,YA,training_all_mean_TPM,Outside these 50 Hallmark sets,63.60011132001114,67.33939977877127,21.841570527905585,20.12813354417885
GSE298393:GSM9013395,OS,training_ground_mean_TPM,TNF-alpha Signaling via NF-kB,0.8533903347802213,0.9754902387399976,0.30926935823665663,0.29677183973414434
GSE298393:GSM9013395,OS,training_ground_mean_TPM,Hypoxia,0.7889173858836128,0.9733900101048932,0.28590430860316857,0.2961328905256855
GSE298393:GSM9013395,OS,training_ground_mean_TPM,Cholesterol Homeostasis,0.37547119544410107,0.22236237811823864,0.1360710696134764,0.06764895169740187
GSE298393:GSM9013395,OS,training_ground_mean_TPM,Mitotic Spindle,1.0588217790223968,1.1238690145651928,0.3837178823563601,0.3419128780863283
GSE298393:GSM9013395,OS,training_ground_mean_TPM,Wnt-beta Catenin Signaling,0.3638157097108379,0.1180763145061203,0.13184711201077967,0.03592216886790253
GSE298393:GSM9013395,OS,training_ground_mean_TPM,TGF-beta Signaling,0.2593145397417337,0.2795410056372509,0.09397580218437071,0.08504431436572425
GSE298393:GSM9013395,OS,training_ground_mean_TPM,IL-6/JAK/STAT3 Signaling,0.21458782975746157,0.11125089496413243,0.07776680575082744,0.03384568236502425
GSE298393:GSM9013395,OS,training_ground_mean_TPM,DNA Repair,0.7484953462653903,0.4630695889093431,0.27125532824582255,0.14087892258467644
GSE298393:GSM9013395,OS,training_ground_mean_TPM,G2-M Checkpoint,0.7289907508073479,0.6073957817541041,0.26418684683218213,0.18478705007930823
GSE298393:GSM9013395,OS,training_ground_mean_TPM,Apoptosis,0.5653605118376274,0.7143308027220959,0.20488711383566416,0.21731972098093763
GSE298393:GSM9013395,OS,training_ground_mean_TPM,Notch Signaling,0.09380001173302695,0.07251998735708862,0.03399320129250712,0.022062640107254228
GSE298393:GSM9013395,OS,training_ground_mean_TPM,Adipogenesis,0.8299618633917283,0.9233962897517431,0.30077886096303663,0.28092338070678385
GSE298393:GSM9013395,OS,training_ground_mean_TPM,Estrogen Response Early,0.9308276989050948,0.9848823002951339,0.3373327225968889,0.2996291716437023
GSE298393:GSM9013395,OS,training_ground_mean_TPM,Estrogen Response Late,0.6200195664467741,0.4812627400083777,0.22469560011896222,0.1464137959312265
GSE298393:GSM9013395,OS,training_ground_mean_TPM,Androgen Response,1.0899427679268767,0.4455382901607332,0.3949961542958441,0.13554540352325137
GSE298393:GSM9013395,OS,training_ground_mean_TPM,Myogenesis,2.1518323448428927,2.528974108746417,0.7798258091285162,0.7693857601918396
GSE298393:GSM9013395,OS,training_ground_mean_TPM,Protein Secretion,0.380046252799309,0.7082364675434791,0.1377290741566207,0.2154656511080799
GSE298393:GSM9013395,OS,training_ground_mean_TPM,Interferon Alpha Response,0.1689763190431249,0.27726231542560204,0.06123715680599828,0.08435107207642291
GSE298393:GSM9013395,OS,training_ground_mean_TPM,Interferon Gamma Response,0.5775821733902952,0.4918564776592414,0.20931625402032844,0.14963671184309515
GSE298393:GSM9013395,OS,training_ground_mean_TPM,Apical Junction,1.7224476041534396,0.8918933367646106,0.6242164264374878,0.27133928755673287
GSE298393:GSM9013395,OS,training_ground_mean_TPM,Apical Surface,0.3636260841038949,0.15558267701729608,0.13177839153507895,0.047332669723917906
GSE298393:GSM9013395,OS,training_ground_mean_TPM,Hedgehog Signaling,0.20434998867594453,0.19567646716412374,0.07405660373427299,0.05953033956340071
GSE298393:GSM9013395,OS,training_ground_mean_TPM,Complement,0.4627348895265388,0.8170199323936462,0.1676955040209575,0.2485606711443014
GSE298393:GSM9013395,OS,training_ground_mean_TPM,Unfolded Protein Response,0.4864870783366391,0.4751462794114664,0.17630331675404573,0.14455299487764406
GSE298393:GSM9013395,OS,training_ground_mean_TPM,PI3K/AKT/mTOR  Signaling,0.41449072282087146,0.5849568671015275,0.15021177838259933,0.17796049485751117
GSE298393:GSM9013395,OS,training_ground_mean_TPM,mTORC1 Signaling,0.6152881709242631,0.9827351547752302,0.2229809384955826,0.2989759489861985
GSE298393:GSM9013395,OS,training_ground_mean_TPM,E2F Targets,0.9081903381817955,0.7069270441163926,0.32912892447809544,0.2150672873069727
GSE298393:GSM9013395,OS,training_ground_mean_TPM,Myc Targets V1,2.4322214797790407,0.9742212943965546,0.8814390619204714,0.29638579082010263
GSE298393:GSM9013395,OS,training_ground_mean_TPM,Myc Targets V2,0.14039948019414214,0.5094515277193051,0.05088088693620494,0.1549896258643407
GSE298393:GSM9013395,OS,training_ground_mean_TPM,Epithelial Mesenchymal Transition,0.8330651036919656,1.8667945278617886,0.3019034777966169,0.5679319222658464
GSE298393:GSM9013395,OS,training_ground_mean_TPM,Inflammatory Response,0.6398887901676652,0.43941549580746375,0.23189622311453797,0.13368267556107244
GSE298393:GSM9013395,OS,training_ground_mean_TPM,Xenobiotic Metabolism,0.5076042098731476,0.838781092734309,0.1839561825669413,0.2551810342525882
GSE298393:GSM9013395,OS,training_ground_mean_TPM,Fatty Acid Metabolism,0.3067618664059262,0.3923575406589605,0.11117075233723234,0.11936630890876557
GSE298393:GSM9013395,OS,training_ground_mean_TPM,Oxidative Phosphorylation,0.472239960512191,0.4301510237951399,0.17114014955292686,0.13086416001465942
GSE298393:GSM9013395,OS,training_ground_mean_TPM,Glycolysis,0.926100000519598,0.7494883724787774,0.3356194008189997,0.22801565236283314
GSE298393:GSM9013395,OS,training_ground_mean_TPM,Reactive Oxygen Species Pathway,0.26931713478569036,0.14668116608750678,0.09760075084369943,0.04462457724883648
GSE298393:GSM9013395,OS,training_ground_mean_TPM,p53 Pathway,0.8451363281834674,0.6178313998430799,0.30627809946675666,0.1879618615290143
GSE298393:GSM9013395,OS,training_ground_mean_TPM,UV Response Up,0.6577552713310605,0.5708306400762098,0.2383710505623712,0.17366289533645318
GSE298393:GSM9013395,OS,training_ground_mean_TPM,UV Response Dn,0.9624798943483528,1.7610248980203824,0.3488035042223202,0.5357537964482287
GSE298393:GSM9013395,OS,training_ground_mean_TPM,Angiogenesis,0.13953197965170874,0.12068963049483465,0.05056650402712569,0.03671721382373845
GSE298393:GSM9013395,OS,training_ground_mean_TPM,heme Metabolism,1.5384425682555383,1.1816715615010327,0.5575328502998315,0.3594980547638784
GSE298393:GSM9013395,OS,training_ground_mean_TPM,Coagulation,0.37026846475745073,0.3868517647754025,0.13418559573949246,0.11769129549167807
GSE298393:GSM9013395,OS,training_ground_mean_TPM,IL-2/STAT5 Signaling,0.4274389751106361,1.0074017715180683,0.1549042356471559,0.30648023446243716
GSE298393:GSM9013395,OS,training_ground_mean_TPM,Bile Acid Metabolism,0.2781195699949792,0.5654200882217572,0.10079076059322113,0.17201685177388829
GSE298393:GSM9013395,OS,training_ground_mean_TPM,Pperoxisome,0.18006845632124924,0.5271331784408577,0.06525695646585952,0.16036888626673035
GSE298393:GSM9013395,OS,training_ground_mean_TPM,Allograft Rejection,0.35558440654271434,0.4959239978451614,0.12886408098206228,0.1508741670228522
GSE298393:GSM9013395,OS,training_ground_mean_TPM,Spermatogenesis,0.5055383108228365,0.48960343046309746,0.1832074990543304,0.1489512708875084
GSE298393:GSM9013395,OS,training_ground_mean_TPM,KRAS Signaling Up,0.669638782990692,1.8157095243189938,0.24267764494806762,0.55239041310241
GSE298393:GSM9013395,OS,training_ground_mean_TPM,KRAS Signaling Dn,0.7105124200759559,0.678056484772369,0.25749028459837847,0.2062840430771313
GSE298393:GSM9013395,OS,training_ground_mean_TPM,Pancreas Beta Cells,0.04845711048372095,0.16624973113133415,0.017560896638421218,0.05057789058646158
GSE298393:GSM9013395,OS,training_ground_mean_TPM,Outside these 50 Hallmark sets,67.80566017674711,65.95561709132421,24.5728269386552,20.06557220939056
GSE298393:GSM9013395,OS,training_all_mean_TPM,TNF-alpha Signaling via NF-kB,0.8972565936200084,0.9119984168595814,0.23154429277340596,0.24722223713046237
GSE298393:GSM9013395,OS,training_all_mean_TPM,Hypoxia,0.8328582602195086,1.0808410331269245,0.2149257840112183,0.2929916689024033
GSE298393:GSM9013395,OS,training_all_mean_TPM,Cholesterol Homeostasis,0.3627529690866445,0.23776564557502924,0.09361132620909086,0.06445291321254315
GSE298393:GSM9013395,OS,training_all_mean_TPM,Mitotic Spindle,1.1052990489496612,0.7888509560873056,0.2852313244750064,0.21383973318501373
GSE298393:GSM9013395,OS,training_all_mean_TPM,Wnt-beta Catenin Signaling,0.31468050356772537,0.08610376634823305,0.08120583918386423,0.023340792427325317
GSE298393:GSM9013395,OS,training_all_mean_TPM,TGF-beta Signaling,0.2100556368466803,0.28994493414639866,0.05420654941136049,0.0785975435255101
GSE298393:GSM9013395,OS,training_all_mean_TPM,IL-6/JAK/STAT3 Signaling,0.24733301178616354,0.11345072630946719,0.06382627634141094,0.03075393755493844
GSE298393:GSM9013395,OS,training_all_mean_TPM,DNA Repair,0.7140945952374339,0.3942248563674566,0.18427786343756564,0.10686548257309499
GSE298393:GSM9013395,OS,training_all_mean_TPM,G2-M Checkpoint,0.9303660881372511,0.4761116148911845,0.24008846458177344,0.12906313912529374
GSE298393:GSM9013395,OS,training_all_mean_TPM,Apoptosis,0.5682072994483849,0.7665892169110963,0.14663047141137145,0.20780507691827516
GSE298393:GSM9013395,OS,training_all_mean_TPM,Notch Signaling,0.0989437909603989,0.06464495132280013,0.0255332424026161,0.017523790819993446
GSE298393:GSM9013395,OS,training_all_mean_TPM,Adipogenesis,0.6464819983836843,1.198633247927347,0.16682988809540283,0.3249224862384558
GSE298393:GSM9013395,OS,training_all_mean_TPM,Estrogen Response Early,1.0043220132434345,1.2676950601334827,0.25917338688479785,0.3436435885981253
GSE298393:GSM9013395,OS,training_all_mean_TPM,Estrogen Response Late,0.6949550590153103,0.5842800194932032,0.1793387519168768,0.15838515819702356
GSE298393:GSM9013395,OS,training_all_mean_TPM,Androgen Response,0.8691250164825955,0.24857873859640192,0.22428471264972802,0.06738409927342327
GSE298393:GSM9013395,OS,training_all_mean_TPM,Myogenesis,2.294776640640392,2.8178669103410336,0.5921856000927171,0.7638602750093091
GSE298393:GSM9013395,OS,training_all_mean_TPM,Protein Secretion,0.35666465850314455,0.4865161118877982,0.09204018861225939,0.13188356400341725
GSE298393:GSM9013395,OS,training_all_mean_TPM,Interferon Alpha Response,0.1829517453001496,0.3386369325281448,0.04721217183400679,0.09179684798454577
GSE298393:GSM9013395,OS,training_all_mean_TPM,Interferon Gamma Response,0.730442248032504,0.5746744286519097,0.1884965069469637,0.1557812987902039
GSE298393:GSM9013395,OS,training_all_mean_TPM,Apical Junction,1.8234941839597647,1.006468979872648,0.4705673652371,0.2728310797548686
GSE298393:GSM9013395,OS,training_all_mean_TPM,Apical Surface,0.3519305841216529,0.21599703340373466,0.09081852257782354,0.05855193257406309
GSE298393:GSM9013395,OS,training_all_mean_TPM,Hedgehog Signaling,0.19695845968546938,0.25367647084192013,0.050826717326888905,0.06876597970954156
GSE298393:GSM9013395,OS,training_all_mean_TPM,Complement,0.5376451364287163,0.6534890941196814,0.13874365901864844,0.17714618008322874
GSE298393:GSM9013395,OS,training_all_mean_TPM,Unfolded Protein Response,0.44991352197848505,0.3819434705989905,0.1161038090959062,0.1035362754071467
GSE298393:GSM9013395,OS,training_all_mean_TPM,PI3K/AKT/mTOR  Signaling,0.44290283398690344,0.40343646854230975,0.11429464457774248,0.10936254323388782
GSE298393:GSM9013395,OS,training_all_mean_TPM,mTORC1 Signaling,0.6219212147138807,0.6797308710027772,0.16049177999430628,0.18425973496159895
GSE298393:GSM9013395,OS,training_all_mean_TPM,E2F Targets,0.8767287546354195,0.6109644837776772,0.22624691853993673,0.16561871566278322
GSE298393:GSM9013395,OS,training_all_mean_TPM,Myc Targets V1,1.914172660957175,0.6441644329492666,0.4939676767816779,0.17461847438504172
GSE298393:GSM9013395,OS,training_all_mean_TPM,Myc Targets V2,0.10624387491316492,0.4882575408767765,0.027417087880095583,0.1323556261939872
GSE298393:GSM9013395,OS,training_all_mean_TPM,Epithelial Mesenchymal Transition,0.9655139670455805,2.374517077953737,0.24915865790460015,0.6436781174879996
GSE298393:GSM9013395,OS,training_all_mean_TPM,Inflammatory Response,0.787867473428502,0.5009967685549928,0.2033155490094185,0.13580894399334018
GSE298393:GSM9013395,OS,training_all_mean_TPM,Xenobiotic Metabolism,0.536927785606783,0.8582006680364237,0.1385585408596781,0.2326388786829317
GSE298393:GSM9013395,OS,training_all_mean_TPM,Fatty Acid Metabolism,0.35561685947346744,0.29787974684981,0.09176979563100927,0.08074849259678529
GSE298393:GSM9013395,OS,training_all_mean_TPM,Oxidative Phosphorylation,0.4866679613999583,0.39936055393205294,0.1255885883024797,0.10825765455242471
GSE298393:GSM9013395,OS,training_all_mean_TPM,Glycolysis,0.7787147984468504,0.7391015739450704,0.2009536274914487,0.20035379579554635
GSE298393:GSM9013395,OS,training_all_mean_TPM,Reactive Oxygen Species Pathway,0.2365863941312083,0.16020742093192647,0.06105302507492137,0.043428624738271575
GSE298393:GSM9013395,OS,training_all_mean_TPM,p53 Pathway,0.6220795799574232,0.709648226906172,0.16053264742127943,0.19236965655656624
GSE298393:GSM9013395,OS,training_all_mean_TPM,UV Response Up,0.7902344858919736,0.8446957202505151,0.2039263756455641,0.22897799140260164
GSE298393:GSM9013395,OS,training_all_mean_TPM,UV Response Dn,0.8538791848342514,2.010007071282309,0.22035040296411623,0.5448676616364903
GSE298393:GSM9013395,OS,training_all_mean_TPM,Angiogenesis,0.13530476737749525,0.10988483553991604,0.034916485310957014,0.029787304853483833
GSE298393:GSM9013395,OS,training_all_mean_TPM,heme Metabolism,1.3765359446570915,0.7071483509613042,0.3552261906450603,0.19169199647271767
GSE298393:GSM9013395,OS,training_all_mean_TPM,Coagulation,0.5068659343951853,0.45768743686250446,0.1308008379598133,0.12406875928281043
GSE298393:GSM9013395,OS,training_all_mean_TPM,IL-2/STAT5 Signaling,0.5065920325920165,0.7878078401732085,0.13073015539280286,0.21355696794649778
GSE298393:GSM9013395,OS,training_all_mean_TPM,Bile Acid Metabolism,0.35079675306281827,0.6077799942096445,0.09052592833832825,0.1647554722397972
GSE298393:GSM9013395,OS,training_all_mean_TPM,Pperoxisome,0.2760109068557274,0.36792996647890813,0.07122683820891643,0.09973752995478795
GSE298393:GSM9013395,OS,training_all_mean_TPM,Allograft Rejection,0.4894758027145804,0.4897120223003703,0.12631317437522296,0.1327499033602171
GSE298393:GSM9013395,OS,training_all_mean_TPM,Spermatogenesis,0.4933295935284491,0.4370897250898881,0.12730767614298794,0.11848518337954357
GSE298393:GSM9013395,OS,training_all_mean_TPM,KRAS Signaling Up,1.136240508714799,2.048984996844829,0.29321601744871967,0.5554336996669647
GSE298393:GSM9013395,OS,training_all_mean_TPM,KRAS Signaling Dn,0.6383784628567493,0.9152706655514297,0.16473870546616382,0.24810927007601463
GSE298393:GSM9013395,OS,training_all_mean_TPM,Pancreas Beta Cells,0.06064224645210345,0.17307178392033154,0.01564922026406356,0.04691586390279032
GSE298393:GSM9013395,OS,training_all_mean_TPM,Outside these 50 Hallmark sets,67.23226015373547,65.9374811399341,17.349826392523685,17.874166552058877
GSE298393:GSM9013396,OS,training_ground_mean_TPM,TNF-alpha Signaling via NF-kB,0.6126848266693108,0.7520511183484287,0.27144466871725026,0.28987171989778804
GSE298393:GSM9013396,OS,training_ground_mean_TPM,Hypoxia,0.5909572793992552,0.6038554595221197,0.26181846840342743,0.23275096113911883
GSE298393:GSM9013396,OS,training_ground_mean_TPM,Cholesterol Homeostasis,0.3328351337962705,0.16022826196193724,0.14745970309389372,0.06175862350040625
GSE298393:GSM9013396,OS,training_ground_mean_TPM,Mitotic Spindle,0.7845828565984625,1.1673676639970947,0.34760259161037127,0.4499519570677971
GSE298393:GSM9013396,OS,training_ground_mean_TPM,Wnt-beta Catenin Signaling,0.10191800705927007,0.1546574375636427,0.04515388411513223,0.059611396523165
GSE298393:GSM9013396,OS,training_ground_mean_TPM,TGF-beta Signaling,0.20426688886703623,0.25032496913191293,0.09049866352956534,0.09648563450710798
GSE298393:GSM9013396,OS,training_ground_mean_TPM,IL-6/JAK/STAT3 Signaling,0.20333188240947456,0.16188839658282553,0.0900844170735187,0.06239850829823166
GSE298393:GSM9013396,OS,training_ground_mean_TPM,DNA Repair,1.0008149795006795,0.7019493802917316,0.4434023477203753,0.27056043024468945
GSE298393:GSM9013396,OS,training_ground_mean_TPM,G2-M Checkpoint,0.7432164328360777,0.9919186495147838,0.32927555835374633,0.3823266237074167
GSE298393:GSM9013396,OS,training_ground_mean_TPM,Apoptosis,0.5499996910873554,0.8370448462481506,0.24367256612734273,0.3226318308606208
GSE298393:GSM9013396,OS,training_ground_mean_TPM,Notch Signaling,0.07711978408266672,0.06817873977454682,0.034167247711463365,0.0262789165214103
GSE298393:GSM9013396,OS,training_ground_mean_TPM,Adipogenesis,0.607825632672094,1.1365087148671398,0.26929184519789245,0.4380576370670733
GSE298393:GSM9013396,OS,training_ground_mean_TPM,Estrogen Response Early,0.6681085112039362,1.1464980573299737,0.2959996487538472,0.441907944326384
GSE298393:GSM9013396,OS,training_ground_mean_TPM,Estrogen Response Late,0.49285526153489073,0.662829067785361,0.21835522501865362,0.2554818378558317
GSE298393:GSM9013396,OS,training_ground_mean_TPM,Androgen Response,1.511458395236622,0.44627462122332606,0.6696384593123829,0.1720127646174249
GSE298393:GSM9013396,OS,training_ground_mean_TPM,Myogenesis,1.2423306040300284,1.5765122849535234,0.5504037387076424,0.6076532782546116
GSE298393:GSM9013396,OS,training_ground_mean_TPM,Protein Secretion,0.4793090931699418,0.8825495599162274,0.21235371327206637,0.3401712364842563
GSE298393:GSM9013396,OS,training_ground_mean_TPM,Interferon Alpha Response,0.20404175322264428,0.27808146603460676,0.09039891914591441,0.10718414063151989
GSE298393:GSM9013396,OS,training_ground_mean_TPM,Interferon Gamma Response,0.5848523012877432,0.5940873958782312,0.25911371109775994,0.2289859439222796
GSE298393:GSM9013396,OS,training_ground_mean_TPM,Apical Junction,1.3201445558415446,0.9328550644870907,0.5848785313769531,0.35956106621059974
GSE298393:GSM9013396,OS,training_ground_mean_TPM,Apical Surface,0.1984778062119956,0.12342813414673098,0.08793386095069809,0.04757432660622885
GSE298393:GSM9013396,OS,training_ground_mean_TPM,Hedgehog Signaling,0.1395107504986601,0.29606000386431836,0.06180902121808759,0.11411381542994424
GSE298393:GSM9013396,OS,training_ground_mean_TPM,Complement,0.5318344618614832,0.7037426095370606,0.23562461975302987,0.27125161523575236
GSE298393:GSM9013396,OS,training_ground_mean_TPM,Unfolded Protein Response,0.6431563692005369,0.5881083793621965,0.2849448198678134,0.22668138275813107
GSE298393:GSM9013396,OS,training_ground_mean_TPM,PI3K/AKT/mTOR  Signaling,0.6426226995402174,0.5133177237670836,0.2847083821793899,0.19785395940790848
GSE298393:GSM9013396,OS,training_ground_mean_TPM,mTORC1 Signaling,0.7031749523545823,1.1055376055087909,0.3115355296617771,0.4261200858583699
GSE298393:GSM9013396,OS,training_ground_mean_TPM,E2F Targets,1.1617023276849694,1.0069950467653286,0.5146820840998317,0.38813769305397267
GSE298393:GSM9013396,OS,training_ground_mean_TPM,Myc Targets V1,2.106020553926865,1.7050024598154274,0.9330540380445045,0.6571787254861541
GSE298393:GSM9013396,OS,training_ground_mean_TPM,Myc Targets V2,0.1695057090886864,0.6510522903419035,0.0750980260101907,0.250942578955605
GSE298393:GSM9013396,OS,training_ground_mean_TPM,Epithelial Mesenchymal Transition,0.9414267237981845,2.0482338963962117,0.41709089900620616,0.7894743692492484
GSE298393:GSM9013396,OS,training_ground_mean_TPM,Inflammatory Response,0.5162199720430006,0.37226703954887286,0.22870675622602182,0.14348717046291873
GSE298393:GSM9013396,OS,training_ground_mean_TPM,Xenobiotic Metabolism,0.4542674443751252,0.6950405466218287,0.201259229182759,0.26789747895119154
GSE298393:GSM9013396,OS,training_ground_mean_TPM,Fatty Acid Metabolism,0.4574217431507151,0.3662166806626711,0.20265671374399713,0.14115511098776798
GSE298393:GSM9013396,OS,training_ground_mean_TPM,Oxidative Phosphorylation,0.6122040031396618,0.591704143251785,0.27123164404610484,0.22806733942728727
GSE298393:GSM9013396,OS,training_ground_mean_TPM,Glycolysis,0.709540870982992,0.5320960159168536,0.3143558943875749,0.2050918927204085
GSE298393:GSM9013396,OS,training_ground_mean_TPM,Reactive Oxygen Species Pathway,0.2855327478482715,0.2185848405712006,0.1265027935634406,0.08425167137455411
GSE298393:GSM9013396,OS,training_ground_mean_TPM,p53 Pathway,0.8159272072935289,0.9977948568588978,0.3614894328054313,0.38459155794892813
GSE298393:GSM9013396,OS,training_ground_mean_TPM,UV Response Up,0.6304136648631222,0.5498957979179611,0.27929927585094105,0.21195266760203857
GSE298393:GSM9013396,OS,training_ground_mean_TPM,UV Response Dn,0.6329229775494016,1.5398856997942232,0.2804110049507752,0.5935358719040631
GSE298393:GSM9013396,OS,training_ground_mean_TPM,Angiogenesis,0.12349483935777707,0.22113214126814124,0.05471331147532227,0.08523350680582185
GSE298393:GSM9013396,OS,training_ground_mean_TPM,heme Metabolism,1.7485831718708207,1.2078578101107984,0.7746945234359732,0.4655585401929807
GSE298393:GSM9013396,OS,training_ground_mean_TPM,Coagulation,0.5438246046345047,0.20673379436671596,0.24093674793251885,0.07968378621080846
GSE298393:GSM9013396,OS,training_ground_mean_TPM,IL-2/STAT5 Signaling,0.5215224949085759,0.6300797940494703,0.23105599273386276,0.24285890828147805
GSE298393:GSM9013396,OS,training_ground_mean_TPM,Bile Acid Metabolism,0.814620477852582,0.4615031699296763,0.3609104977237039,0.17788247945110702
GSE298393:GSM9013396,OS,training_ground_mean_TPM,Pperoxisome,0.21697289599549122,1.065596103213867,0.09612794916807527,0.41072497283605675
GSE298393:GSM9013396,OS,training_ground_mean_TPM,Allograft Rejection,0.36162183707654405,0.4227506560526589,0.16021340090921948,0.1629456519219316
GSE298393:GSM9013396,OS,training_ground_mean_TPM,Spermatogenesis,0.4755240828962332,0.3849615934521024,0.21067679748255105,0.14838017850916096
GSE298393:GSM9013396,OS,training_ground_mean_TPM,KRAS Signaling Up,0.5730086026841867,1.3947236289933118,0.2538664637302899,0.5375843838996406
GSE298393:GSM9013396,OS,training_ground_mean_TPM,KRAS Signaling Dn,0.45567607039773,0.7247508603789234,0.20188330865626428,0.27934906719746005
GSE298393:GSM9013396,OS,training_ground_mean_TPM,Pancreas Beta Cells,0.05022604361146559,0.12902723615064196,0.02225221055857975,0.04973245294652487
GSE298393:GSM9013396,OS,training_ground_mean_TPM,Outside these 50 Hallmark sets,69.45038802279656,65.04025828597204,30.769388678377705,25.069215472153903
GSE298393:GSM9013396,OS,training_all_mean_TPM,TNF-alpha Signaling via NF-kB,0.6024744349512345,0.7128987035259711,0.20668357057747203,0.25425522761537533
GSE298393:GSM9013396,OS,training_all_mean_TPM,Hypoxia,0.5444256926160652,0.6558493173114283,0.18676949516224617,0.23390857162406223
GSE298393:GSM9013396,OS,training_all_mean_TPM,Cholesterol Homeostasis,0.2994380396918702,0.16152600767320396,0.1027245632675583,0.05760822911253505
GSE298393:GSM9013396,OS,training_all_mean_TPM,Mitotic Spindle,0.861329082517459,1.0363337178475478,0.29548568352337795,0.3696082823739029
GSE298393:GSM9013396,OS,training_all_mean_TPM,Wnt-beta Catenin Signaling,0.10200947361253357,0.23610527519415977,0.03499514836786959,0.0842069149358398
GSE298393:GSM9013396,OS,training_all_mean_TPM,TGF-beta Signaling,0.15116487236718448,0.25933796678576077,0.05185829265812153,0.09249285129611702
GSE298393:GSM9013396,OS,training_all_mean_TPM,IL-6/JAK/STAT3 Signaling,0.23701358800993627,0.18156841497334486,0.08130936651152115,0.06475635100538366
GSE298393:GSM9013396,OS,training_all_mean_TPM,DNA Repair,1.0083604512282962,0.6279645737137833,0.34592594539857,0.22396348153573764
GSE298393:GSM9013396,OS,training_all_mean_TPM,G2-M Checkpoint,0.7546010211231395,0.788527484105499,0.25887178668379657,0.2812282221311672
GSE298393:GSM9013396,OS,training_all_mean_TPM,Apoptosis,0.5734389915296473,0.9054648448780698,0.19672273444645913,0.3229339162682419
GSE298393:GSM9013396,OS,training_all_mean_TPM,Notch Signaling,0.08118349560087391,0.06459349723468771,0.02785063360258143,0.023037262181358896
GSE298393:GSM9013396,OS,training_all_mean_TPM,Adipogenesis,0.4585199241298924,1.3926109749107334,0.1572988488843489,0.4966745186298394
GSE298393:GSM9013396,OS,training_all_mean_TPM,Estrogen Response Early,0.6879577779747207,1.3963554016510582,0.23600930049400037,0.4980099679278135
GSE298393:GSM9013396,OS,training_all_mean_TPM,Estrogen Response Late,0.4912443415986649,0.7297098511285651,0.16852521643646115,0.2602509211676747
GSE298393:GSM9013396,OS,training_all_mean_TPM,Androgen Response,1.4152471059483855,0.2466561861818669,0.4855115970697119,0.0879698959336462
GSE298393:GSM9013396,OS,training_all_mean_TPM,Myogenesis,1.4118817815346032,2.0483014069613614,0.48435709618861084,0.7305264238468095
GSE298393:GSM9013396,OS,training_all_mean_TPM,Protein Secretion,0.47462579504561364,0.719304324964699,0.16282409396531333,0.25653979164791796
GSE298393:GSM9013396,OS,training_all_mean_TPM,Interferon Alpha Response,0.20610498292053966,0.30538378155651674,0.07070592760881884,0.10891508499828208
GSE298393:GSM9013396,OS,training_all_mean_TPM,Interferon Gamma Response,0.6449791745473695,0.6107372482233181,0.2212651541875814,0.21781935819518672
GSE298393:GSM9013396,OS,training_all_mean_TPM,Apical Junction,1.3336668471749349,1.1005354798540607,0.45752485075524685,0.39250583223833385
GSE298393:GSM9013396,OS,training_all_mean_TPM,Apical Surface,0.14052021440905796,0.16725861151703453,0.048206559428080706,0.05965276150954033
GSE298393:GSM9013396,OS,training_all_mean_TPM,Hedgehog Signaling,0.09570441469295426,0.32739820066098424,0.03283214855476471,0.11676652463836375
GSE298393:GSM9013396,OS,training_all_mean_TPM,Complement,0.6140979177950381,0.5946297005325748,0.21067109734596925,0.2120746034576909
GSE298393:GSM9013396,OS,training_all_mean_TPM,Unfolded Protein Response,0.6424538942255097,0.5197713271556258,0.22039883700737894,0.18537637456803838
GSE298393:GSM9013396,OS,training_all_mean_TPM,PI3K/AKT/mTOR  Signaling,0.7420533244494094,0.39625217624503273,0.2545672011269679,0.14132328585529305
GSE298393:GSM9013396,OS,training_all_mean_TPM,mTORC1 Signaling,0.6892299884280471,0.8433910436505205,0.2364457422478165,0.3007953033320674
GSE298393:GSM9013396,OS,training_all_mean_TPM,E2F Targets,1.1264253991964646,0.8684935655699578,0.38642904991300414,0.3097481144296036
GSE298393:GSM9013396,OS,training_all_mean_TPM,Myc Targets V1,1.5996199630399812,1.4520933168111152,0.5487621488119537,0.5178888879423039
GSE298393:GSM9013396,OS,training_all_mean_TPM,Myc Targets V2,0.1427691210065111,0.6287238158032429,0.0489780644389024,0.22423426512577072
GSE298393:GSM9013396,OS,training_all_mean_TPM,Epithelial Mesenchymal Transition,1.154028465647731,2.5191161034692873,0.3958984979128961,0.8984424226180509
GSE298393:GSM9013396,OS,training_all_mean_TPM,Inflammatory Response,0.6331316774563573,0.4590042725674661,0.21720077757818249,0.16370381264667191
GSE298393:GSM9013396,OS,training_all_mean_TPM,Xenobiotic Metabolism,0.5169179839982652,0.758323859951728,0.17733276041350648,0.2704561036015022
GSE298393:GSM9013396,OS,training_all_mean_TPM,Fatty Acid Metabolism,0.5324903108676483,0.29730389534130275,0.1826749690332368,0.1060333946563095
GSE298393:GSM9013396,OS,training_all_mean_TPM,Oxidative Phosphorylation,0.6934734961208807,0.6162476771050521,0.23790151077648247,0.21978465192156615
GSE298393:GSM9013396,OS,training_all_mean_TPM,Glycolysis,0.5962582237299002,0.5939594460613289,0.20455105066267576,0.21183555728983566
GSE298393:GSM9013396,OS,training_all_mean_TPM,Reactive Oxygen Species Pathway,0.26599167501598814,0.23729061699453338,0.09125052607524642,0.08462966693099058
GSE298393:GSM9013396,OS,training_all_mean_TPM,p53 Pathway,0.6804174026031728,1.1396800783065357,0.23342251570302067,0.40646674806020416
GSE298393:GSM9013396,OS,training_all_mean_TPM,UV Response Up,0.6477625918038933,0.6846045290856931,0.22222002726370096,0.2441641140715843
GSE298393:GSM9013396,OS,training_all_mean_TPM,UV Response Dn,0.49726451760971435,1.7374461422549095,0.17059048493796902,0.6196599351122043
GSE298393:GSM9013396,OS,training_all_mean_TPM,Angiogenesis,0.11920484428027735,0.22467278727008702,0.04089415486646082,0.08012951964115295
GSE298393:GSM9013396,OS,training_all_mean_TPM,heme Metabolism,1.8224588256145244,0.9661727276223685,0.6252087648149335,0.34458537455938026
GSE298393:GSM9013396,OS,training_all_mean_TPM,Coagulation,0.7065832000278892,0.26641131579110905,0.24239889731361125,0.0950155602763169
GSE298393:GSM9013396,OS,training_all_mean_TPM,IL-2/STAT5 Signaling,0.7900054668581477,0.6178759702893701,0.2710175589096672,0.22036538246877535
GSE298393:GSM9013396,OS,training_all_mean_TPM,Bile Acid Metabolism,0.9786221497117654,0.45269864785787695,0.33572398829669975,0.16145491243425159
GSE298393:GSM9013396,OS,training_all_mean_TPM,Pperoxisome,0.31784387664904673,1.0048206651910283,0.1090388297012601,0.35836915634322025
GSE298393:GSM9013396,OS,training_all_mean_TPM,Allograft Rejection,0.4910142064252571,0.4392209235815405,0.16844626676391736,0.15664808386706744
GSE298393:GSM9013396,OS,training_all_mean_TPM,Spermatogenesis,0.45965768642356153,0.34084200631486145,0.1576891671446465,0.12156125613336766
GSE298393:GSM9013396,OS,training_all_mean_TPM,KRAS Signaling Up,0.9738774714867183,1.6045256142173334,0.334096289294213,0.572253846499899
GSE298393:GSM9013396,OS,training_all_mean_TPM,KRAS Signaling Dn,0.43183001627180045,1.0009647283837617,0.14814266708728943,0.35699393699473064
GSE298393:GSM9013396,OS,training_all_mean_TPM,Pancreas Beta Cells,0.05990350729545664,0.13283431441406254,0.02055036705240575,0.04737534053496763
GSE298393:GSM9013396,OS,training_all_mean_TPM,Outside these 50 Hallmark sets,68.49872129273595,63.928207461306876,23.49902249033972,22.799986672335667
GSE298393:GSM9013397,OS,training_ground_mean_TPM,TNF-alpha Signaling via NF-kB,0.4393244040043612,0.5826645033411895,0.13286406709500126,0.1612616311335758
GSE298393:GSM9013397,OS,training_ground_mean_TPM,Hypoxia,0.8883215643082506,0.5590952771212959,0.26865344799060203,0.1547384744233572
GSE298393:GSM9013397,OS,training_ground_mean_TPM,Cholesterol Homeostasis,0.3362146546369049,0.16142974595351434,0.10168077626654438,0.044678239358437004
GSE298393:GSM9013397,OS,training_ground_mean_TPM,Mitotic Spindle,1.1878401733005393,0.7849489420789336,0.35923630703195375,0.21724705388840407
GSE298393:GSM9013397,OS,training_ground_mean_TPM,Wnt-beta Catenin Signaling,0.1546230090654428,0.2190680583032154,0.046762350699502776,0.06063055533443968
GSE298393:GSM9013397,OS,training_ground_mean_TPM,TGF-beta Signaling,0.2237452265702559,0.2930537399760819,0.06766685511720771,0.08110726472497128
GSE298393:GSM9013397,OS,training_ground_mean_TPM,IL-6/JAK/STAT3 Signaling,0.09252628599985677,0.09004257869682049,0.027982553573359444,0.024920709994959062
GSE298393:GSM9013397,OS,training_ground_mean_TPM,DNA Repair,0.8476347457847287,0.5266654837013411,0.25634860870346404,0.14576301538262604
GSE298393:GSM9013397,OS,training_ground_mean_TPM,G2-M Checkpoint,0.5045675448557952,0.6585451693518123,0.1525954295336959,0.1822628074575259
GSE298393:GSM9013397,OS,training_ground_mean_TPM,Apoptosis,0.6037831306849847,0.7323560646093688,0.1826010156844448,0.2026911419388752
GSE298393:GSM9013397,OS,training_ground_mean_TPM,Notch Signaling,0.08647634348087117,0.07528153906060181,0.026152880645025092,0.02083535844992061
GSE298393:GSM9013397,OS,training_ground_mean_TPM,Adipogenesis,0.6368490761616092,0.9702735236462932,0.19260108842869028,0.2685385675147279
GSE298393:GSM9013397,OS,training_ground_mean_TPM,Estrogen Response Early,0.9339926894836825,1.0184450195875228,0.28246568192139127,0.2818707920883575
GSE298393:GSM9013397,OS,training_ground_mean_TPM,Estrogen Response Late,0.7457485616396673,0.431974356342161,0.2255353584425732,0.11955574590893217
GSE298393:GSM9013397,OS,training_ground_mean_TPM,Androgen Response,0.8997679486552583,0.35377193464729584,0.27211515684177007,0.09791198692105185
GSE298393:GSM9013397,OS,training_ground_mean_TPM,Myogenesis,1.9191903106691013,2.208789685121229,0.5804171766480891,0.6113175342090329
GSE298393:GSM9013397,OS,training_ground_mean_TPM,Protein Secretion,0.3486834067819609,0.7267446454213432,0.10545167792029185,0.2011380927895856
GSE298393:GSM9013397,OS,training_ground_mean_TPM,Interferon Alpha Response,0.20090127429600513,0.1391657535649614,0.06075820087442877,0.038516326786904934
GSE298393:GSM9013397,OS,training_ground_mean_TPM,Interferon Gamma Response,0.527115757158055,0.31578837333757853,0.15941464368363423,0.08739943464106437
GSE298393:GSM9013397,OS,training_ground_mean_TPM,Apical Junction,1.4099266527276535,1.157032863534388,0.4264015103180516,0.32022717323394134
GSE298393:GSM9013397,OS,training_ground_mean_TPM,Apical Surface,0.2376389144404728,0.12943060952614338,0.07186869744729411,0.03582197146232665
GSE298393:GSM9013397,OS,training_ground_mean_TPM,Hedgehog Signaling,0.20549043936553751,0.19611216952446517,0.062146093580025735,0.054277149476773257
GSE298393:GSM9013397,OS,training_ground_mean_TPM,Complement,0.6383688262683574,0.8448747302176219,0.1930607036431199,0.23383246502430638
GSE298393:GSM9013397,OS,training_ground_mean_TPM,Unfolded Protein Response,0.4397236459982123,0.448851880312826,0.13298480911291485,0.12422686802019578
GSE298393:GSM9013397,OS,training_ground_mean_TPM,PI3K/AKT/mTOR  Signaling,0.4167273227142469,0.41708577115883716,0.12603007358743562,0.11543509411331718
GSE298393:GSM9013397,OS,training_ground_mean_TPM,mTORC1 Signaling,0.5882525241863543,0.9828207561166928,0.17790412308059206,0.2720112128582936
GSE298393:GSM9013397,OS,training_ground_mean_TPM,E2F Targets,0.9365506755595742,0.8090393702316909,0.28323928892004085,0.22391446148976432
GSE298393:GSM9013397,OS,training_ground_mean_TPM,Myc Targets V1,2.3177392359387667,0.89167707941172,0.7009495911122394,0.24678575654737678
GSE298393:GSM9013397,OS,training_ground_mean_TPM,Myc Targets V2,0.12095787840381993,0.4224549233073753,0.03658106748778426,0.11692109202174063
GSE298393:GSM9013397,OS,training_ground_mean_TPM,Epithelial Mesenchymal Transition,1.4454560858428842,2.955637244134973,0.437146611073307,0.8180194267802392
GSE298393:GSM9013397,OS,training_ground_mean_TPM,Inflammatory Response,0.3003914803135888,0.5816308867795758,0.09084683990092027,0.16097556137690333
GSE298393:GSM9013397,OS,training_ground_mean_TPM,Xenobiotic Metabolism,0.597277220844028,0.6944562103710749,0.1806334454021112,0.19220175691688565
GSE298393:GSM9013397,OS,training_ground_mean_TPM,Fatty Acid Metabolism,0.34595329284189874,0.3684886089394102,0.10462601460998364,0.10198505965432977
GSE298393:GSM9013397,OS,training_ground_mean_TPM,Oxidative Phosphorylation,0.6291573986784939,0.5289853078799285,0.19027490863108537,0.1464050634717698
GSE298393:GSM9013397,OS,training_ground_mean_TPM,Glycolysis,0.9483297834530792,0.593706410940484,0.28680162273809656,0.1643176539736111
GSE298393:GSM9013397,OS,training_ground_mean_TPM,Reactive Oxygen Species Pathway,0.20143624693332252,0.1555422410508165,0.06091999165984988,0.04304877911421131
GSE298393:GSM9013397,OS,training_ground_mean_TPM,p53 Pathway,0.8292769642489493,0.870687959604526,0.25079669878119853,0.24097668515765436
GSE298393:GSM9013397,OS,training_ground_mean_TPM,UV Response Up,0.6514084378264967,0.3414730821471283,0.19700424925352072,0.09450808466876912
GSE298393:GSM9013397,OS,training_ground_mean_TPM,UV Response Dn,0.572728307596799,1.7771468960642907,0.1732091629651246,0.49185355479855547
GSE298393:GSM9013397,OS,training_ground_mean_TPM,Angiogenesis,0.14118783047686315,0.31173150471247774,0.04269917448357681,0.08627663198528752
GSE298393:GSM9013397,OS,training_ground_mean_TPM,heme Metabolism,1.2553520293638345,0.6756967554550402,0.37965379281681505,0.18700978060532186
GSE298393:GSM9013397,OS,training_ground_mean_TPM,Coagulation,0.6733475459050283,0.39967182160053205,0.2036392531394455,0.11061550772329866
GSE298393:GSM9013397,OS,training_ground_mean_TPM,IL-2/STAT5 Signaling,0.5422636906407453,0.657586655028911,0.1639958051949233,0.18199752343509173
GSE298393:GSM9013397,OS,training_ground_mean_TPM,Bile Acid Metabolism,0.7607539491342196,0.409066725965948,0.23007341003426873,0.11321569632861647
GSE298393:GSM9013397,OS,training_ground_mean_TPM,Pperoxisome,0.38781051662314386,0.2930281102122364,0.11728481739487658,0.08110017128183274
GSE298393:GSM9013397,OS,training_ground_mean_TPM,Allograft Rejection,0.40584365627139657,0.49028151280149046,0.12273854647143201,0.1356931750872567
GSE298393:GSM9013397,OS,training_ground_mean_TPM,Spermatogenesis,0.392425218370755,0.4875864107609912,0.11868043311080193,0.13494726290515172
GSE298393:GSM9013397,OS,training_ground_mean_TPM,KRAS Signaling Up,0.9548700331294835,1.2075743861399333,0.28877957835336265,0.33421534022988425
GSE298393:GSM9013397,OS,training_ground_mean_TPM,KRAS Signaling Dn,0.9633583310724314,0.6402183431914747,0.29134667860350716,0.1771905680072587
GSE298393:GSM9013397,OS,training_ground_mean_TPM,Pancreas Beta Cells,0.060723603816992065,0.11639458224472106,0.018364527210992396,0.03221404441194141
GSE298393:GSM9013397,OS,training_ground_mean_TPM,Outside these 50 Hallmark sets,68.05196615347548,68.29592379676969,20.58083028065148,18.90197876837594
GSE298393:GSM9013397,OS,training_all_mean_TPM,TNF-alpha Signaling via NF-kB,0.46942158955541397,0.6114265667282204,0.1106238488101544,0.1719266743989027
GSE298393:GSM9013397,OS,training_all_mean_TPM,Hypoxia,0.9066341813499762,0.604499124187578,0.21365732815733282,0.16997875093120762
GSE298393:GSM9013397,OS,training_all_mean_TPM,Cholesterol Homeostasis,0.35319328132583816,0.23495978734857836,0.08323349633568473,0.06606820353337776
GSE298393:GSM9013397,OS,training_all_mean_TPM,Mitotic Spindle,1.5905119120370077,0.7208194242897935,0.37481989154902573,0.20268678726772096
GSE298393:GSM9013397,OS,training_all_mean_TPM,Wnt-beta Catenin Signaling,0.051674904383822766,0.22626678822850177,0.012177703235271372,0.06362382425613303
GSE298393:GSM9013397,OS,training_all_mean_TPM,TGF-beta Signaling,0.14421906135860954,0.2888928391952416,0.03398665079377195,0.08123360645951862
GSE298393:GSM9013397,OS,training_all_mean_TPM,IL-6/JAK/STAT3 Signaling,0.1399584302254449,0.14333267039967193,0.03298259085107219,0.04030362875200897
GSE298393:GSM9013397,OS,training_all_mean_TPM,DNA Repair,0.8396264407274651,0.5087912257818596,0.1978662901380649,0.14306670362738586
GSE298393:GSM9013397,OS,training_all_mean_TPM,G2-M Checkpoint,0.5030758415726039,0.39754283350112224,0.11855480675883852,0.11178483404916467
GSE298393:GSM9013397,OS,training_all_mean_TPM,Apoptosis,0.5927869810389709,0.7329719506816702,0.13969612567072154,0.2061039489708515
GSE298393:GSM9013397,OS,training_all_mean_TPM,Notch Signaling,0.08325967836557308,0.06456819103108899,0.01962096817962388,0.01815589141853986
GSE298393:GSM9013397,OS,training_all_mean_TPM,Adipogenesis,0.48803280061663457,1.313925297435106,0.1150097651046313,0.3694618766819451
GSE298393:GSM9013397,OS,training_all_mean_TPM,Estrogen Response Early,1.0238284882094528,1.2790868966552724,0.24127532778046937,0.3596656873872864
GSE298393:GSM9013397,OS,training_all_mean_TPM,Estrogen Response Late,0.8397196308588953,0.5309847715843148,0.19788825131590443,0.14930729363536288
GSE298393:GSM9013397,OS,training_all_mean_TPM,Androgen Response,0.5929351433712966,0.22207180463858572,0.13973104159239036,0.06244423930346803
GSE298393:GSM9013397,OS,training_all_mean_TPM,Myogenesis,2.0413736354772785,2.4641425363546263,0.48106992400999415,0.692890781287627
GSE298393:GSM9013397,OS,training_all_mean_TPM,Protein Secretion,0.31666187299009474,0.47757046490965216,0.07462450799242866,0.134287756357095
GSE298393:GSM9013397,OS,training_all_mean_TPM,Interferon Alpha Response,0.20792873674163076,0.17534296142449582,0.04900046706070226,0.04930458353859627
GSE298393:GSM9013397,OS,training_all_mean_TPM,Interferon Gamma Response,0.5838570502799807,0.3369405578532454,0.13759169900576293,0.09474411602983072
GSE298393:GSM9013397,OS,training_all_mean_TPM,Apical Junction,1.4990332926219325,1.4511864397029963,0.35326204847427656,0.4080582560322764
GSE298393:GSM9013397,OS,training_all_mean_TPM,Apical Surface,0.13959153961746126,0.16912136940512523,0.03289612944399058,0.04755513776118928
GSE298393:GSM9013397,OS,training_all_mean_TPM,Hedgehog Signaling,0.14083430360411853,0.20885589992953948,0.03318899909128755,0.058728066880739296
GSE298393:GSM9013397,OS,training_all_mean_TPM,Complement,0.7753492522426465,0.6536400654506446,0.18271873378553166,0.18379666311876597
GSE298393:GSM9013397,OS,training_all_mean_TPM,Unfolded Protein Response,0.37982531939410397,0.35891453545212165,0.08950959998818264,0.10092296578460441
GSE298393:GSM9013397,OS,training_all_mean_TPM,PI3K/AKT/mTOR  Signaling,0.4699216029969278,0.24298342791629732,0.11074168193199581,0.06832436627547403
GSE298393:GSM9013397,OS,training_all_mean_TPM,mTORC1 Signaling,0.579868085816581,0.6265338602209137,0.1366516600055837,0.1761746853142044
GSE298393:GSM9013397,OS,training_all_mean_TPM,E2F Targets,0.8798815164502484,0.6886288607999029,0.20735279759677822,0.19363514177338367
GSE298393:GSM9013397,OS,training_all_mean_TPM,Myc Targets V1,1.751024062915654,0.7650374335623776,0.41264617032714734,0.215120423122727
GSE298393:GSM9013397,OS,training_all_mean_TPM,Myc Targets V2,0.06811460669834515,0.3580298025271423,0.016051881977344303,0.10067418825709712
GSE298393:GSM9013397,OS,training_all_mean_TPM,Epithelial Mesenchymal Transition,1.5327090031057116,3.1180470186800884,0.3611980633232322,0.8767617956309164
GSE298393:GSM9013397,OS,training_all_mean_TPM,Inflammatory Response,0.35325361505472785,0.6526381461836336,0.08324771457671018,0.18351493403310465
GSE298393:GSM9013397,OS,training_all_mean_TPM,Xenobiotic Metabolism,0.6911175402841206,0.7075946140577416,0.1628686962584007,0.19896811070624942
GSE298393:GSM9013397,OS,training_all_mean_TPM,Fatty Acid Metabolism,0.43317027087805454,0.2767485881473824,0.10208086637014556,0.07781877169547424
GSE298393:GSM9013397,OS,training_all_mean_TPM,Oxidative Phosphorylation,0.7802925553774559,0.5800077390718055,0.18388367214962742,0.16309203284679497
GSE298393:GSM9013397,OS,training_all_mean_TPM,Glycolysis,0.7883422383081553,0.6304667231655219,0.18578065969197446,0.17728056471776282
GSE298393:GSM9013397,OS,training_all_mean_TPM,Reactive Oxygen Species Pathway,0.0918302132522408,0.1396819217933676,0.021640699646220524,0.03927707691225659
GSE298393:GSM9013397,OS,training_all_mean_TPM,p53 Pathway,0.5598404980369055,0.9468067604213304,0.13193196050333195,0.2662320325541143
GSE298393:GSM9013397,OS,training_all_mean_TPM,UV Response Up,0.7590014007603682,0.6055623938656223,0.17886620060217467,0.17027773110263444
GSE298393:GSM9013397,OS,training_all_mean_TPM,UV Response Dn,0.32543038019216003,1.8946706667982502,0.07669089359674376,0.532761323353763
GSE298393:GSM9013397,OS,training_all_mean_TPM,Angiogenesis,0.10683968301097925,0.2739352969379513,0.025177829915162406,0.07702770400546308
GSE298393:GSM9013397,OS,training_all_mean_TPM,heme Metabolism,1.7795712384356406,0.9163008040869781,0.41937359509615046,0.25765408074873486
GSE298393:GSM9013397,OS,training_all_mean_TPM,Coagulation,0.819529011678621,0.4062437680494534,0.1931301318487162,0.11423144468478338
GSE298393:GSM9013397,OS,training_all_mean_TPM,IL-2/STAT5 Signaling,0.7352393865932668,0.4395491602848681,0.17326644651941991,0.12359656821421475
GSE298393:GSM9013397,OS,training_all_mean_TPM,Bile Acid Metabolism,0.9156147214933077,0.3656565754276284,0.21577368142517106,0.10281875601474758
GSE298393:GSM9013397,OS,training_all_mean_TPM,Pperoxisome,0.6403709417503568,0.17637401313394632,0.15090975749475016,0.049594504358503856
GSE298393:GSM9013397,OS,training_all_mean_TPM,Allograft Rejection,0.5193389084555661,0.42994104896908025,0.12238735961128432,0.12089486908030689
GSE298393:GSM9013397,OS,training_all_mean_TPM,Spermatogenesis,0.42219604430792584,0.49516949392058596,0.09949468114152821,0.13923641690792873
GSE298393:GSM9013397,OS,training_all_mean_TPM,KRAS Signaling Up,1.0821016029656638,0.9171279845576683,0.2550079646679061,0.2578866751356855
GSE298393:GSM9013397,OS,training_all_mean_TPM,KRAS Signaling Dn,0.9031385184399485,0.825450392321462,0.2128335405560501,0.2321079072381568
GSE298393:GSM9013397,OS,training_all_mean_TPM,Pancreas Beta Cells,0.09107449079167322,0.12109736226314664,0.021462606160363933,0.0340512956180336
GSE298393:GSM9013397,OS,training_all_mean_TPM,Outside these 50 Hallmark sets,67.21785449398314,68.22386114066695,15.84055343497907,19.18382713288474
GSE298393:GSM9013404,OS,training_ground_mean_TPM,TNF-alpha Signaling via NF-kB,0.4828702936292463,0.6660218613164848,0.23633645759282607,0.22859267023760432
GSE298393:GSM9013404,OS,training_ground_mean_TPM,Hypoxia,0.6272355873861586,0.5168080101096362,0.3069947328605384,0.17737934727491875
GSE298393:GSM9013404,OS,training_ground_mean_TPM,Cholesterol Homeostasis,0.21942883129743151,0.17741145359729357,0.107397438539441,0.06089133144725559
GSE298393:GSM9013404,OS,training_ground_mean_TPM,Mitotic Spindle,0.8383873379929211,1.3358698997227152,0.41034102980884923,0.45849856469283123
GSE298393:GSM9013404,OS,training_ground_mean_TPM,Wnt-beta Catenin Signaling,0.22908124842035768,0.12473005140273978,0.11212172599331419,0.04280996940951346
GSE298393:GSM9013404,OS,training_ground_mean_TPM,TGF-beta Signaling,0.19492947106747208,0.1048422486156606,0.09540645030423413,0.03598405841723599
GSE298393:GSM9013404,OS,training_ground_mean_TPM,IL-6/JAK/STAT3 Signaling,0.09304926840148625,0.1184614509470727,0.04554211506847479,0.04065845427158516
GSE298393:GSM9013404,OS,training_ground_mean_TPM,DNA Repair,0.7951949948001779,0.7085373811560146,0.3892009316914357,0.24318488825796708
GSE298393:GSM9013404,OS,training_ground_mean_TPM,G2-M Checkpoint,0.6184960695787594,0.9445258764695859,0.30271725564373525,0.32418108886683805
GSE298393:GSM9013404,OS,training_ground_mean_TPM,Apoptosis,0.5738127962405596,0.5370836516909401,0.2808474353757889,0.18433837267491
GSE298393:GSM9013404,OS,training_ground_mean_TPM,Notch Signaling,0.09485126271640774,0.052937800367937826,0.046424084737368844,0.018169363267885007
GSE298393:GSM9013404,OS,training_ground_mean_TPM,Adipogenesis,1.0610240732640308,0.7136955189100712,0.5193085476665661,0.24495526930870695
GSE298393:GSM9013404,OS,training_ground_mean_TPM,Estrogen Response Early,0.9704004564300112,0.47404675128659685,0.4749536456165208,0.16270278648191658
GSE298393:GSM9013404,OS,training_ground_mean_TPM,Estrogen Response Late,0.5712142976334813,0.4544753993779707,0.27957562395156343,0.15598548806755302
GSE298393:GSM9013404,OS,training_ground_mean_TPM,Androgen Response,1.0783400184598353,0.6058586503992297,0.5277836789832797,0.20794339454197014
GSE298393:GSM9013404,OS,training_ground_mean_TPM,Myogenesis,2.1666922321973185,1.5678226682544767,1.060467735554218,0.5381096192352056
GSE298393:GSM9013404,OS,training_ground_mean_TPM,Protein Secretion,0.3919833474592025,0.8810675685700764,0.19185267140292525,0.30240086678398387
GSE298393:GSM9013404,OS,training_ground_mean_TPM,Interferon Alpha Response,0.15968623204348464,0.09842487918460856,0.07815696866305918,0.03378148264705676
GSE298393:GSM9013404,OS,training_ground_mean_TPM,Interferon Gamma Response,0.38086234648531836,0.38700063251766637,0.18640959898838533,0.13282673303844836
GSE298393:GSM9013404,OS,training_ground_mean_TPM,Apical Junction,1.4447765917259479,0.949831769645971,0.7071327149475037,0.3260021826771642
GSE298393:GSM9013404,OS,training_ground_mean_TPM,Apical Surface,0.10427785330717078,0.09401764694709557,0.051037843456411866,0.032268828117160454
GSE298393:GSM9013404,OS,training_ground_mean_TPM,Hedgehog Signaling,0.1484570289235003,0.14898669957275015,0.07266093769577611,0.05113535975816737
GSE298393:GSM9013404,OS,training_ground_mean_TPM,Complement,0.35228247939886753,0.7891183609959329,0.17242144391899986,0.27084197043776126
GSE298393:GSM9013404,OS,training_ground_mean_TPM,Unfolded Protein Response,0.5062587053556147,0.5200302676003703,0.24778370222365137,0.17848529362110038
GSE298393:GSM9013404,OS,training_ground_mean_TPM,PI3K/AKT/mTOR  Signaling,0.3306237736652586,0.7808810765752227,0.16182078809763178,0.26801476167690347
GSE298393:GSM9013404,OS,training_ground_mean_TPM,mTORC1 Signaling,0.5693173128352835,1.2382396327727672,0.2786471620576998,0.4249898096288684
GSE298393:GSM9013404,OS,training_ground_mean_TPM,E2F Targets,0.9272806733715571,0.9185570577910462,0.45384906139450865,0.3152680456929854
GSE298393:GSM9013404,OS,training_ground_mean_TPM,Myc Targets V1,2.6472193485816153,1.5636800426506174,1.2956573464329477,0.5366877832511598
GSE298393:GSM9013404,OS,training_ground_mean_TPM,Myc Targets V2,0.18316161471530967,0.5026553073580275,0.08964678042927032,0.17252184288808908
GSE298393:GSM9013404,OS,training_ground_mean_TPM,Epithelial Mesenchymal Transition,1.4536428349414083,0.7753361957372293,0.7114722167585371,0.2661116422891993
GSE298393:GSM9013404,OS,training_ground_mean_TPM,Inflammatory Response,0.41125338927778726,0.2908881206880605,0.20128421747472963,0.09983890336128887
GSE298393:GSM9013404,OS,training_ground_mean_TPM,Xenobiotic Metabolism,0.5597730917294923,0.6685587982448092,0.27397583015680366,0.2294634001946117
GSE298393:GSM9013404,OS,training_ground_mean_TPM,Fatty Acid Metabolism,0.34171110376748376,0.547372157853436,0.16724738061138486,0.18786960375461084
GSE298393:GSM9013404,OS,training_ground_mean_TPM,Oxidative Phosphorylation,0.8159081465045189,1.1549832430701708,0.3993387947241644,0.3964144706770206
GSE298393:GSM9013404,OS,training_ground_mean_TPM,Glycolysis,0.8032713068492262,0.6141932336966942,0.3931538089035342,0.21080399831782698
GSE298393:GSM9013404,OS,training_ground_mean_TPM,Reactive Oxygen Species Pathway,0.272352576835116,0.1844123300287613,0.1333004827066685,0.06329417905695628
GSE298393:GSM9013404,OS,training_ground_mean_TPM,p53 Pathway,0.8403296412991045,0.9951885024974068,0.4112916724327806,0.34156956458752546
GSE298393:GSM9013404,OS,training_ground_mean_TPM,UV Response Up,0.8554605346687265,0.5847028849486171,0.41869735007824976,0.20068229217257216
GSE298393:GSM9013404,OS,training_ground_mean_TPM,UV Response Dn,1.0984223518559877,0.2985065058273466,0.537612793753154,0.1024536929095562
GSE298393:GSM9013404,OS,training_ground_mean_TPM,Angiogenesis,0.07674179638602457,0.029587055727487502,0.03756057174457021,0.010154898008672574
GSE298393:GSM9013404,OS,training_ground_mean_TPM,heme Metabolism,1.2217759342199281,1.633665786280747,0.5979870786737803,0.5607083581664533
GSE298393:GSM9013404,OS,training_ground_mean_TPM,Coagulation,0.3413008920009429,0.4234409741229738,0.16704660620665082,0.1453338224836241
GSE298393:GSM9013404,OS,training_ground_mean_TPM,IL-2/STAT5 Signaling,0.4179955311342887,0.7702004403818294,0.20458409726434723,0.26434894334706943
GSE298393:GSM9013404,OS,training_ground_mean_TPM,Bile Acid Metabolism,0.40531989227286386,0.5193221130619661,0.19838012152643353,0.1782422401325036
GSE298393:GSM9013404,OS,training_ground_mean_TPM,Pperoxisome,0.27222660625051565,0.7652230585547207,0.1332388275538912,0.26264060152116914
GSE298393:GSM9013404,OS,training_ground_mean_TPM,Allograft Rejection,0.4203648642336409,0.533212426085689,0.2057437457226313,0.18300968686203392
GSE298393:GSM9013404,OS,training_ground_mean_TPM,Spermatogenesis,0.509245715659891,0.4966417990753721,0.2492456671517485,0.17045788073358714
GSE298393:GSM9013404,OS,training_ground_mean_TPM,KRAS Signaling Up,0.7983092095312888,1.2682132226172729,0.3907251556651293,0.4352773742526765
GSE298393:GSM9013404,OS,training_ground_mean_TPM,KRAS Signaling Dn,0.995253250279205,0.6994120387230034,0.48711761871053166,0.24005287936343728
GSE298393:GSM9013404,OS,training_ground_mean_TPM,Pancreas Beta Cells,0.08636235834795312,0.2674025627540456,0.042269267980665964,0.09177816735249694
GSE298393:GSM9013404,OS,training_ground_mean_TPM,Outside these 50 Hallmark sets,68.24178342457083,68.50391693421551,33.40031798842278,23.51198091722425
GSE298393:GSM9013404,OS,training_all_mean_TPM,TNF-alpha Signaling via NF-kB,0.4179254344152341,0.6687209745469215,0.13143454301931948,0.16013509917798038
GSE298393:GSM9013404,OS,training_all_mean_TPM,Hypoxia,0.6212281040017337,0.553289662962439,0.19537177026440825,0.13249336931994904
GSE298393:GSM9013404,OS,training_all_mean_TPM,Cholesterol Homeostasis,0.18653562464274315,0.20975214059278136,0.058664112214292546,0.05022824334076865
GSE298393:GSM9013404,OS,training_all_mean_TPM,Mitotic Spindle,0.7603521555422618,1.0442538425212242,0.23912528376571293,0.25006198250686107
GSE298393:GSM9013404,OS,training_all_mean_TPM,Wnt-beta Catenin Signaling,0.14303371543878265,0.08744797743540061,0.04498307467540555,0.02094070781766559
GSE298393:GSM9013404,OS,training_all_mean_TPM,TGF-beta Signaling,0.1592650282458367,0.09917215987421657,0.05008770580268736,0.023748236202568662
GSE298393:GSM9013404,OS,training_all_mean_TPM,IL-6/JAK/STAT3 Signaling,0.07502717021177874,0.11699663884859025,0.023595505367161214,0.028016570555758416
GSE298393:GSM9013404,OS,training_all_mean_TPM,DNA Repair,0.8254166105361409,0.6972383696257837,0.2595875868578596,0.16696400998393393
GSE298393:GSM9013404,OS,training_all_mean_TPM,G2-M Checkpoint,0.7260864448156453,0.8969014444295266,0.22834896421271264,0.21477627773512958
GSE298393:GSM9013404,OS,training_all_mean_TPM,Apoptosis,0.5644069990470265,0.527809415277282,0.1775019414658227,0.12639174824711424
GSE298393:GSM9013404,OS,training_all_mean_TPM,Notch Signaling,0.10715608913132534,0.04933707347871037,0.03369981926661084,0.011814489832650281
GSE298393:GSM9013404,OS,training_all_mean_TPM,Adipogenesis,0.8457388826338788,0.7121048033877507,0.265978795256118,0.1705239967878598
GSE298393:GSM9013404,OS,training_all_mean_TPM,Estrogen Response Early,1.0110654512908919,0.5753179541488541,0.31797281191794424,0.13776836850215357
GSE298393:GSM9013404,OS,training_all_mean_TPM,Estrogen Response Late,0.6306213683949261,0.5709240681850907,0.1983258843510667,0.13671618771021607
GSE298393:GSM9013404,OS,training_all_mean_TPM,Androgen Response,1.0695601460292514,0.47741889803782467,0.3363689726654909,0.11432499577051156
GSE298393:GSM9013404,OS,training_all_mean_TPM,Myogenesis,2.074001170611898,1.3072590125825887,0.6522584500326641,0.313042449091797
GSE298393:GSM9013404,OS,training_all_mean_TPM,Protein Secretion,0.40197820318538585,0.8111418366945791,0.1264192535046928,0.19423987494111652
GSE298393:GSM9013404,OS,training_all_mean_TPM,Interferon Alpha Response,0.14013530284018935,0.09935605936458117,0.04407154476119829,0.023792273647555737
GSE298393:GSM9013404,OS,training_all_mean_TPM,Interferon Gamma Response,0.3865036639454871,0.399165309295473,0.12155262222086949,0.09558601991772094
GSE298393:GSM9013404,OS,training_all_mean_TPM,Apical Junction,1.3338448783010968,0.8598460026708182,0.4194846199860144,0.20590280573862907
GSE298393:GSM9013404,OS,training_all_mean_TPM,Apical Surface,0.08810625361736898,0.25636896018934296,0.027708783021416983,0.06139132826496318
GSE298393:GSM9013404,OS,training_all_mean_TPM,Hedgehog Signaling,0.08051389790260592,0.1385004766213451,0.025321041760332282,0.033165981633794944
GSE298393:GSM9013404,OS,training_all_mean_TPM,Complement,0.3625783052811839,0.7128320576991463,0.11402826901414018,0.1706981485577543
GSE298393:GSM9013404,OS,training_all_mean_TPM,Unfolded Protein Response,0.5224596330953568,0.4742390573453105,0.16430979659807574,0.11356353602265344
GSE298393:GSM9013404,OS,training_all_mean_TPM,PI3K/AKT/mTOR  Signaling,0.2952168558568224,0.6945960611575572,0.09284357769570431,0.16633127025432556
GSE298393:GSM9013404,OS,training_all_mean_TPM,mTORC1 Signaling,0.539487187665157,1.0913579748020128,0.16966484003243779,0.26134176163983563
GSE298393:GSM9013404,OS,training_all_mean_TPM,E2F Targets,1.0052738483894135,0.9138669602832264,0.31615139446396645,0.21883892070169497
GSE298393:GSM9013404,OS,training_all_mean_TPM,Myc Targets V1,2.765436081360539,1.5203179638936837,0.8697097560270212,0.36406255702556534
GSE298393:GSM9013404,OS,training_all_mean_TPM,Myc Targets V2,0.20408203365190283,0.6198236660490061,0.06418233163775464,0.14842591755532356
GSE298393:GSM9013404,OS,training_all_mean_TPM,Epithelial Mesenchymal Transition,1.5512420955562012,0.7073522780407048,0.48785448109192375,0.16938593450663597
GSE298393:GSM9013404,OS,training_all_mean_TPM,Inflammatory Response,0.48333127662090547,0.3574851878732298,0.15200420993400385,0.08560510017429085
GSE298393:GSM9013404,OS,training_all_mean_TPM,Xenobiotic Metabolism,0.5572471849395957,0.6445464079503195,0.17525023142900675,0.15434614269705887
GSE298393:GSM9013404,OS,training_all_mean_TPM,Fatty Acid Metabolism,0.3435931800744053,0.44772172841589103,0.10805758369509766,0.10721357055174122
GSE298393:GSM9013404,OS,training_all_mean_TPM,Oxidative Phosphorylation,0.7963538368111086,1.1240302700346159,0.2504475535675472,0.2691656245611235
GSE298393:GSM9013404,OS,training_all_mean_TPM,Glycolysis,0.726129903538802,0.6507604958777143,0.2283626316685503,0.15583419769223572
GSE298393:GSM9013404,OS,training_all_mean_TPM,Reactive Oxygen Species Pathway,0.27361511833326196,0.2162857464792824,0.08604998662411731,0.05179281162327774
GSE298393:GSM9013404,OS,training_all_mean_TPM,p53 Pathway,0.7159885022949339,1.2593383643203744,0.22517323392364297,0.30156714316567135
GSE298393:GSM9013404,OS,training_all_mean_TPM,UV Response Up,0.8605927817383733,0.6224548055879608,0.2706502396815716,0.14905598272010637
GSE298393:GSM9013404,OS,training_all_mean_TPM,UV Response Dn,1.191498363110551,0.3379487689142242,0.3747176648457028,0.08092681654530408
GSE298393:GSM9013404,OS,training_all_mean_TPM,Angiogenesis,0.07596727684897586,0.02811034962557553,0.02389116214244775,0.0067314377693463425
GSE298393:GSM9013404,OS,training_all_mean_TPM,heme Metabolism,1.0869772051563018,1.4201313578365604,0.341846512481433,0.34007139672416675
GSE298393:GSM9013404,OS,training_all_mean_TPM,Coagulation,0.37485468884728634,0.4347455323885513,0.11788910334263289,0.10410622904925758
GSE298393:GSM9013404,OS,training_all_mean_TPM,IL-2/STAT5 Signaling,0.5053320794998685,0.6428326219114143,0.15892330418941972,0.15393575135634183
GSE298393:GSM9013404,OS,training_all_mean_TPM,Bile Acid Metabolism,0.42308369696135045,0.477335026020671,0.13305677948710254,0.11430491137911908
GSE298393:GSM9013404,OS,training_all_mean_TPM,Pperoxisome,0.31103460223829654,0.6840982826867493,0.09781814515689151,0.16381742238569807
GSE298393:GSM9013404,OS,training_all_mean_TPM,Allograft Rejection,0.49892329030987176,0.4999892351744809,0.15690778608707456,0.1197297958492106
GSE298393:GSM9013404,OS,training_all_mean_TPM,Spermatogenesis,0.4986902870070969,0.43639533983234163,0.156834508224326,0.10450129977186341
GSE298393:GSM9013404,OS,training_all_mean_TPM,KRAS Signaling Up,0.7352519134640739,0.9619777006440592,0.2312314381761595,0.23035974698417827
GSE298393:GSM9013404,OS,training_all_mean_TPM,KRAS Signaling Dn,0.9783735697293647,0.8120832173839981,0.3076914503169371,0.19446530243001275
GSE298393:GSM9013404,OS,training_all_mean_TPM,Pancreas Beta Cells,0.07941946750829022,0.29968556571010385,0.024976851273470414,0.07176412825949033
GSE298393:GSM9013404,OS,training_all_mean_TPM,Outside these 50 Hallmark sets,68.58946313932962,69.74933489529027,21.570892798788783,16.70250685440669
GSE298393:GSM9013405,OS,training_ground_mean_TPM,TNF-alpha Signaling via NF-kB,0.5123209701054721,0.8156259832690849,0.2337772688749084,0.2667270424067381
GSE298393:GSM9013405,OS,training_ground_mean_TPM,Hypoxia,0.7619133621347632,0.438462090119308,0.34766881566939306,0.1433864282207603
GSE298393:GSM9013405,OS,training_ground_mean_TPM,Cholesterol Homeostasis,0.24206388355952912,0.17604458764170228,0.11045621181610137,0.05757032409044005
GSE298393:GSM9013405,OS,training_ground_mean_TPM,Mitotic Spindle,1.0147235647268724,1.421280082236995,0.4630286821482692,0.4647888131852361
GSE298393:GSM9013405,OS,training_ground_mean_TPM,Wnt-beta Catenin Signaling,0.19199024190940983,0.1622234698186356,0.08760709989086472,0.053050524629262984
GSE298393:GSM9013405,OS,training_ground_mean_TPM,TGF-beta Signaling,0.23391404751995104,0.10835120324785398,0.10673735874881694,0.0354331477617688
GSE298393:GSM9013405,OS,training_ground_mean_TPM,IL-6/JAK/STAT3 Signaling,0.12317710700845944,0.09880342106019455,0.056206966617864035,0.03231081993418908
GSE298393:GSM9013405,OS,training_ground_mean_TPM,DNA Repair,0.7395828592821215,0.648751393611311,0.33747918012037537,0.2121555026749396
GSE298393:GSM9013405,OS,training_ground_mean_TPM,G2-M Checkpoint,0.5333752960304146,0.9617828480438962,0.24338457191331794,0.3145234454989698
GSE298393:GSM9013405,OS,training_ground_mean_TPM,Apoptosis,0.5541881837264832,0.5961473706731838,0.2528817042325073,0.19495286844699852
GSE298393:GSM9013405,OS,training_ground_mean_TPM,Notch Signaling,0.08011883652097171,0.050259087042735524,0.036559039899249246,0.016435790320511453
GSE298393:GSM9013405,OS,training_ground_mean_TPM,Adipogenesis,1.0692564678836105,0.5850412819551406,0.4879126004488954,0.19132094124355484
GSE298393:GSM9013405,OS,training_ground_mean_TPM,Estrogen Response Early,1.0510235369207468,0.7887592636511194,0.4795927286247818,0.25794105371845616
GSE298393:GSM9013405,OS,training_ground_mean_TPM,Estrogen Response Late,0.635146252145709,0.42423944317537654,0.28982369418177334,0.13873532019776036
GSE298393:GSM9013405,OS,training_ground_mean_TPM,Androgen Response,1.150102732512492,0.6352684520882163,0.5248035731916021,0.20774629405583217
GSE298393:GSM9013405,OS,training_ground_mean_TPM,Myogenesis,2.073356708362613,2.0078475498894863,0.9460937517054887,0.6566088496091409
GSE298393:GSM9013405,OS,training_ground_mean_TPM,Protein Secretion,0.4102206282442944,1.0287866665385965,0.18718784454081036,0.3364351191136555
GSE298393:GSM9013405,OS,training_ground_mean_TPM,Interferon Alpha Response,0.17526815098610748,0.12241205205456551,0.07997663974178529,0.0400313443529448
GSE298393:GSM9013405,OS,training_ground_mean_TPM,Interferon Gamma Response,0.40588793203594953,0.3919642430025329,0.18521079119817047,0.1281806433461428
GSE298393:GSM9013405,OS,training_ground_mean_TPM,Apical Junction,1.7121878292329111,1.015872477455145,0.7812887191334836,0.33221190463794165
GSE298393:GSM9013405,OS,training_ground_mean_TPM,Apical Surface,0.18611656578785185,0.09632689603295078,0.08492688174232611,0.03150094358214418
GSE298393:GSM9013405,OS,training_ground_mean_TPM,Hedgehog Signaling,0.14625392967403456,0.18509900727281348,0.06673715548746681,0.060531311869711224
GSE298393:GSM9013405,OS,training_ground_mean_TPM,Complement,0.3769236858858654,0.8277789533231211,0.1719941111185062,0.27070132207102554
GSE298393:GSM9013405,OS,training_ground_mean_TPM,Unfolded Protein Response,0.45044675682181556,0.485810705341711,0.2055434361035133,0.1588704323591617
GSE298393:GSM9013405,OS,training_ground_mean_TPM,PI3K/AKT/mTOR  Signaling,0.34494349744278396,0.7463164497847068,0.1574012258989351,0.24406135095490025
GSE298393:GSM9013405,OS,training_ground_mean_TPM,mTORC1 Signaling,0.5561059172918618,1.2030590040722215,0.2537567855614087,0.3934258797283982
GSE298393:GSM9013405,OS,training_ground_mean_TPM,E2F Targets,0.8613356356874249,0.9678076227894331,0.39303621019882307,0.3164936749693491
GSE298393:GSM9013405,OS,training_ground_mean_TPM,Myc Targets V1,2.433246213532731,1.3609543221213962,1.1103149929287237,0.4450610066824563
GSE298393:GSM9013405,OS,training_ground_mean_TPM,Myc Targets V2,0.17713317978115767,0.5297280010386582,0.08082767134798742,0.17323232203903516
GSE298393:GSM9013405,OS,training_ground_mean_TPM,Epithelial Mesenchymal Transition,1.259455372030913,1.0044156027303788,0.5747022947013148,0.32846526295015066
GSE298393:GSM9013405,OS,training_ground_mean_TPM,Inflammatory Response,0.3842585787088914,0.34341558574801917,0.17534109730824618,0.11230419994200622
GSE298393:GSM9013405,OS,training_ground_mean_TPM,Xenobiotic Metabolism,0.4614333052792424,0.699169526284144,0.2105567098959375,0.22864330429890856
GSE298393:GSM9013405,OS,training_ground_mean_TPM,Fatty Acid Metabolism,0.2904741111286766,0.5362779504366301,0.13254629097955667,0.17537429478962427
GSE298393:GSM9013405,OS,training_ground_mean_TPM,Oxidative Phosphorylation,0.6069269131879007,0.7934206888765621,0.27694692282952205,0.2594654389014774
GSE298393:GSM9013405,OS,training_ground_mean_TPM,Glycolysis,0.8767984584273394,0.5140191133710718,0.40009205346928267,0.16809518169159146
GSE298393:GSM9013405,OS,training_ground_mean_TPM,Reactive Oxygen Species Pathway,0.2390591090753741,0.2033716514639966,0.10908510266094389,0.06650685512365513
GSE298393:GSM9013405,OS,training_ground_mean_TPM,p53 Pathway,0.8405978306181157,0.8187623341969688,0.3835733388458014,0.2677526958607774
GSE298393:GSM9013405,OS,training_ground_mean_TPM,UV Response Up,0.8004949320053768,0.3691271841513108,0.36527397836925607,0.12071243942718365
GSE298393:GSM9013405,OS,training_ground_mean_TPM,UV Response Dn,0.8616270581623585,1.0294054079829462,0.39316918923785155,0.3366374607247018
GSE298393:GSM9013405,OS,training_ground_mean_TPM,Angiogenesis,0.10664892384593593,0.04015593166314429,0.04866498855203642,0.013131843648075622
GSE298393:GSM9013405,OS,training_ground_mean_TPM,heme Metabolism,1.1036268073557107,1.1517892641690277,0.503596135890431,0.37665958442901215
GSE298393:GSM9013405,OS,training_ground_mean_TPM,Coagulation,0.35385813051077597,0.40738818804248306,0.16146906362813848,0.1332246013944885
GSE298393:GSM9013405,OS,training_ground_mean_TPM,IL-2/STAT5 Signaling,0.3723628584658085,0.8408173080375242,0.16991295918390711,0.274965141348685
GSE298393:GSM9013405,OS,training_ground_mean_TPM,Bile Acid Metabolism,0.447312058142247,0.43625524158988077,0.20411304121668203,0.14266474181869826
GSE298393:GSM9013405,OS,training_ground_mean_TPM,Pperoxisome,0.2163481574096344,0.6608711166938437,0.09872186444941089,0.21611890987248367
GSE298393:GSM9013405,OS,training_ground_mean_TPM,Allograft Rejection,0.3346181085411571,0.48003699574253544,0.15268964593570097,0.15698230653103268
GSE298393:GSM9013405,OS,training_ground_mean_TPM,Spermatogenesis,0.5739566200126305,0.5026966424578756,0.26190224275145907,0.16439249290854324
GSE298393:GSM9013405,OS,training_ground_mean_TPM,KRAS Signaling Up,0.9312904940072068,1.2100890159189044,0.42495732347896653,0.39572484310918044
GSE298393:GSM9013405,OS,training_ground_mean_TPM,KRAS Signaling Dn,1.0244727887276395,0.8793412539245793,0.4674773522077435,0.28756329094061805
GSE298393:GSM9013405,OS,training_ground_mean_TPM,Pancreas Beta Cells,0.08307352201807733,0.18895913004261683,0.03790729294021973,0.061793654108478376
GSE298393:GSM9013405,OS,training_ground_mean_TPM,Outside these 50 Hallmark sets,68.62898188958476,68.00941093812325,31.31610238111023,22.240523729570164
GSE298393:GSM9013405,OS,training_all_mean_TPM,TNF-alpha Signaling via NF-kB,0.47033522698112873,0.8975317778890712,0.12966442357977914,0.19529219082052007
GSE298393:GSM9013405,OS,training_all_mean_TPM,Hypoxia,0.8659396379209715,0.4787463694521635,0.2387266731573362,0.10416948975063312
GSE298393:GSM9013405,OS,training_all_mean_TPM,Cholesterol Homeostasis,0.21772878468068474,0.20587686900917498,0.060024586173468945,0.0447963468019293
GSE298393:GSM9013405,OS,training_all_mean_TPM,Mitotic Spindle,1.0248674548454517,1.1444518268816275,0.2825407074676606,0.24901904318744128
GSE298393:GSM9013405,OS,training_all_mean_TPM,Wnt-beta Catenin Signaling,0.07873700477551755,0.13110975774078573,0.021706620624921708,0.028527916735567947
GSE298393:GSM9013405,OS,training_all_mean_TPM,TGF-beta Signaling,0.23099852883710947,0.11868943154849577,0.0636828571861205,0.025825402158866705
GSE298393:GSM9013405,OS,training_all_mean_TPM,IL-6/JAK/STAT3 Signaling,0.11927522278835755,0.08194751464006822,0.03288240413007094,0.017830800045871485
GSE298393:GSM9013405,OS,training_all_mean_TPM,DNA Repair,0.7480747261974451,0.6184652530190192,0.2062330708026782,0.13457064940087202
GSE298393:GSM9013405,OS,training_all_mean_TPM,G2-M Checkpoint,0.5203643665248013,0.8141335914529597,0.1434567129278677,0.17714574192500326
GSE298393:GSM9013405,OS,training_all_mean_TPM,Apoptosis,0.5511058846700455,0.6355915245387282,0.1519316920525556,0.13829712145241024
GSE298393:GSM9013405,OS,training_all_mean_TPM,Notch Signaling,0.09166533370949885,0.045627192888765655,0.02527076854093933,0.00992793200168874
GSE298393:GSM9013405,OS,training_all_mean_TPM,Adipogenesis,0.8105701257820715,0.4972502677775996,0.22346212254847414,0.108195716934693
GSE298393:GSM9013405,OS,training_all_mean_TPM,Estrogen Response Early,1.063668300240425,0.911252808769538,0.29323752319383883,0.1982777231960585
GSE298393:GSM9013405,OS,training_all_mean_TPM,Estrogen Response Late,0.680554218298904,0.44576247434457666,0.18761867146739397,0.09699258827923919
GSE298393:GSM9013405,OS,training_all_mean_TPM,Androgen Response,1.1771702530374961,0.481424604933294,0.3245283226924739,0.10475224179075962
GSE298393:GSM9013405,OS,training_all_mean_TPM,Myogenesis,1.8789367461794837,1.8706726972631178,0.517994902699482,0.40703602742163614
GSE298393:GSM9013405,OS,training_all_mean_TPM,Protein Secretion,0.42426204324260874,1.0233644389950798,0.11696273238329953,0.22267187438110111
GSE298393:GSM9013405,OS,training_all_mean_TPM,Interferon Alpha Response,0.175899324921279,0.14898951157573453,0.04849282653222367,0.032418337536011525
GSE298393:GSM9013405,OS,training_all_mean_TPM,Interferon Gamma Response,0.44297361995157386,0.4217050640652122,0.12212123565725083,0.09175798324945957
GSE298393:GSM9013405,OS,training_all_mean_TPM,Apical Junction,1.7858041795938409,0.9762718530664329,0.49231963988673655,0.2124250903630029
GSE298393:GSM9013405,OS,training_all_mean_TPM,Apical Surface,0.12365795468546119,0.15631878871327487,0.034090658099883535,0.03401310066817319
GSE298393:GSM9013405,OS,training_all_mean_TPM,Hedgehog Signaling,0.05937108366327509,0.18761381637848065,0.01636772433550738,0.04082252476333005
GSE298393:GSM9013405,OS,training_all_mean_TPM,Complement,0.41720318469328593,0.8017006000532801,0.11501671011572683,0.1744404715505027
GSE298393:GSM9013405,OS,training_all_mean_TPM,Unfolded Protein Response,0.4331896313496569,0.4290397155563141,0.11942393558359593,0.09335391577674143
GSE298393:GSM9013405,OS,training_all_mean_TPM,PI3K/AKT/mTOR  Signaling,0.34859971289316066,0.6956448782257582,0.09610375374707322,0.15136401367459196
GSE298393:GSM9013405,OS,training_all_mean_TPM,mTORC1 Signaling,0.5254750830587207,1.0520484684596065,0.14486566142977716,0.22891317646498135
GSE298393:GSM9013405,OS,training_all_mean_TPM,E2F Targets,0.8308684612308539,0.8928540452179557,0.22905807159632413,0.1942743720825993
GSE298393:GSM9013405,OS,training_all_mean_TPM,Myc Targets V1,2.515717619766177,1.260904864318885,0.6935459143687817,0.27435783270898273
GSE298393:GSM9013405,OS,training_all_mean_TPM,Myc Targets V2,0.17453864991410822,0.6536660583920303,0.04811770867933257,0.1422299240575424
GSE298393:GSM9013405,OS,training_all_mean_TPM,Epithelial Mesenchymal Transition,1.1613643064970869,0.9223078036971251,0.320170858420768,0.20068315800305322
GSE298393:GSM9013405,OS,training_all_mean_TPM,Inflammatory Response,0.44385538611066333,0.43241103256099495,0.1223643254667987,0.09408747407519309
GSE298393:GSM9013405,OS,training_all_mean_TPM,Xenobiotic Metabolism,0.4063190689902699,0.7082303542729722,0.1120161213699814,0.15410246288645196
GSE298393:GSM9013405,OS,training_all_mean_TPM,Fatty Acid Metabolism,0.2786854603954585,0.4500400966621315,0.07682943464426568,0.0979233477848946
GSE298393:GSM9013405,OS,training_all_mean_TPM,Oxidative Phosphorylation,0.506338663614433,0.6544156264286114,0.13959003533527672,0.14239302110618088
GSE298393:GSM9013405,OS,training_all_mean_TPM,Glycolysis,0.868160140536457,0.5525809879353257,0.23933883268776798,0.12023502052870452
GSE298393:GSM9013405,OS,training_all_mean_TPM,Reactive Oxygen Species Pathway,0.2289419248556927,0.24834220362082937,0.06311588207032084,0.054036296221593665
GSE298393:GSM9013405,OS,training_all_mean_TPM,p53 Pathway,0.6548666846542991,0.9562888324285812,0.1805370006672021,0.20807702383687252
GSE298393:GSM9013405,OS,training_all_mean_TPM,UV Response Up,0.8340816506642771,0.3816676429572166,0.22994390011146992,0.08304631879856526
GSE298393:GSM9013405,OS,training_all_mean_TPM,UV Response Dn,0.8008067982712263,1.3890918112515582,0.22077051843019457,0.30224978073555114
GSE298393:GSM9013405,OS,training_all_mean_TPM,Angiogenesis,0.11612418750702745,0.02881184278082619,0.03201371058981522,0.006269112734345276
GSE298393:GSM9013405,OS,training_all_mean_TPM,heme Metabolism,1.0217977691147349,0.8575696097385146,0.28169444078804307,0.18659690051401379
GSE298393:GSM9013405,OS,training_all_mean_TPM,Coagulation,0.38111123334642044,0.3968202708555253,0.10506669617078257,0.08634334957992504
GSE298393:GSM9013405,OS,training_all_mean_TPM,IL-2/STAT5 Signaling,0.44134655013650476,0.741201783733802,0.12167267671972636,0.16127665198205576
GSE298393:GSM9013405,OS,training_all_mean_TPM,Bile Acid Metabolism,0.5009188276453508,0.36417527476293965,0.1380958672047314,0.07924018848490216
GSE298393:GSM9013405,OS,training_all_mean_TPM,Pperoxisome,0.2564535968271135,0.5668461431251925,0.07070044066438375,0.12333894785256592
GSE298393:GSM9013405,OS,training_all_mean_TPM,Allograft Rejection,0.378454403249484,0.43201236670821325,0.10433424764618482,0.09400072914903773
GSE298393:GSM9013405,OS,training_all_mean_TPM,Spermatogenesis,0.6481810513842846,0.4884223690477393,0.1786938710556134,0.10627487165013841
GSE298393:GSM9013405,OS,training_all_mean_TPM,KRAS Signaling Up,0.9910335805954626,0.9233893480790246,0.2732132117785665,0.2009184891378544
GSE298393:GSM9013405,OS,training_all_mean_TPM,KRAS Signaling Dn,0.9997738644564338,1.0504944255822215,0.27562277798527113,0.22857503530315265
GSE298393:GSM9013405,OS,training_all_mean_TPM,Pancreas Beta Cells,0.08863145988212828,0.2136436224326812,0.02443437467020005,0.04648629954678551
GSE298393:GSM9013405,OS,training_all_mean_TPM,Outside these 50 Hallmark sets,69.20520102683156,69.16258048617088,19.078844162839832,15.0489511331979
GSE298393:GSM9013406,OS,training_ground_mean_TPM,TNF-alpha Signaling via NF-kB,0.5662870571145859,0.5916544782180723,0.3296938354960506,0.2415672359784556
GSE298393:GSM9013406,OS,training_ground_mean_TPM,Hypoxia,0.798752347118568,0.4558957880099959,0.4650357475496864,0.18613817601022717
GSE298393:GSM9013406,OS,training_ground_mean_TPM,Cholesterol Homeostasis,0.14090147778279086,0.16492759632681164,0.08203321628781288,0.06733846366080191
GSE298393:GSM9013406,OS,training_ground_mean_TPM,Mitotic Spindle,0.7035427276252697,1.605498226609286,0.40960445306309284,0.6555105779616338
GSE298393:GSM9013406,OS,training_ground_mean_TPM,Wnt-beta Catenin Signaling,0.24639172324931938,0.09804010695409902,0.14344991864455092,0.04002889950780475
GSE298393:GSM9013406,OS,training_ground_mean_TPM,TGF-beta Signaling,0.2046425907698703,0.08612743619925349,0.11914346232906227,0.0351650624993595
GSE298393:GSM9013406,OS,training_ground_mean_TPM,IL-6/JAK/STAT3 Signaling,0.08884167481206844,0.10381200440295263,0.05172386010361682,0.0423855136540713
GSE298393:GSM9013406,OS,training_ground_mean_TPM,DNA Repair,1.0337036721047619,0.943383806010131,0.6018250358026637,0.38517517719304223
GSE298393:GSM9013406,OS,training_ground_mean_TPM,G2-M Checkpoint,0.4931069015467561,0.9575556852934698,0.2870881536810882,0.39096142885365187
GSE298393:GSM9013406,OS,training_ground_mean_TPM,Apoptosis,0.5132393717604534,0.5896582774681115,0.29880933155258027,0.24075220505182682
GSE298393:GSM9013406,OS,training_ground_mean_TPM,Notch Signaling,0.08851140186332754,0.0742869057048324,0.05153157431169743,0.030330679714544895
GSE298393:GSM9013406,OS,training_ground_mean_TPM,Adipogenesis,0.9194671997535067,0.7497901916759654,0.5353162568188577,0.3061326345613501
GSE298393:GSM9013406,OS,training_ground_mean_TPM,Estrogen Response Early,0.8675619005027057,0.7112340786145148,0.5050968531126132,0.2903905181653435
GSE298393:GSM9013406,OS,training_ground_mean_TPM,Estrogen Response Late,0.5035862327523073,0.4870688634319567,0.29318924826763193,0.19886586411851434
GSE298393:GSM9013406,OS,training_ground_mean_TPM,Androgen Response,0.767278681248839,0.5734272433290803,0.4467116953091415,0.2341252188658243
GSE298393:GSM9013406,OS,training_ground_mean_TPM,Myogenesis,1.750572277894748,1.5676595482094149,1.0191878506864636,0.6400613837264039
GSE298393:GSM9013406,OS,training_ground_mean_TPM,Protein Secretion,0.3354342747307734,1.0330751744424747,0.19529072968101946,0.4217953613731419
GSE298393:GSM9013406,OS,training_ground_mean_TPM,Interferon Alpha Response,0.16748875041200734,0.09222758587692473,0.09751239734691987,0.03765569909713874
GSE298393:GSM9013406,OS,training_ground_mean_TPM,Interferon Gamma Response,0.3468504168273203,0.4024814479369151,0.201937238067696,0.1643295783098789
GSE298393:GSM9013406,OS,training_ground_mean_TPM,Apical Junction,1.002384500461766,0.9636331076251978,0.5835909305131107,0.3934427860791915
GSE298393:GSM9013406,OS,training_ground_mean_TPM,Apical Surface,0.11039861190550593,0.032194750498730496,0.06427436639294629,0.01314482891166051
GSE298393:GSM9013406,OS,training_ground_mean_TPM,Hedgehog Signaling,0.1421568115996249,0.21971551203148787,0.08276407498518226,0.08970788001620572
GSE298393:GSM9013406,OS,training_ground_mean_TPM,Complement,0.2830636982526691,0.7904323324362703,0.1648004403316874,0.32272645742445627
GSE298393:GSM9013406,OS,training_ground_mean_TPM,Unfolded Protein Response,0.5144922680474484,0.5912218284728326,0.299538771113574,0.24139058895396404
GSE298393:GSM9013406,OS,training_ground_mean_TPM,PI3K/AKT/mTOR  Signaling,0.3964459647629088,0.8757090386395218,0.23081189839584784,0.35754417446922354
GSE298393:GSM9013406,OS,training_ground_mean_TPM,mTORC1 Signaling,0.5893390885250107,1.191673517941228,0.3431147896856155,0.4865496476673029
GSE298393:GSM9013406,OS,training_ground_mean_TPM,E2F Targets,1.059282050185083,0.9481766183153606,0.6167168357636909,0.38713203962502246
GSE298393:GSM9013406,OS,training_ground_mean_TPM,Myc Targets V1,2.4106102978764046,1.8920435968740144,1.4034637468896476,0.7725044918516262
GSE298393:GSM9013406,OS,training_ground_mean_TPM,Myc Targets V2,0.19685088497669018,0.4243486080274744,0.11460711042813838,0.17325774435314822
GSE298393:GSM9013406,OS,training_ground_mean_TPM,Epithelial Mesenchymal Transition,1.4108255142738346,0.755382210714482,0.82138637846796,0.30841580596020746
GSE298393:GSM9013406,OS,training_ground_mean_TPM,Inflammatory Response,0.3961979449675143,0.2839882035996721,0.23066750060925675,0.11594984559345166
GSE298393:GSM9013406,OS,training_ground_mean_TPM,Xenobiotic Metabolism,0.4660025329085438,0.7220789463157767,0.2713079179459407,0.2948183807297172
GSE298393:GSM9013406,OS,training_ground_mean_TPM,Fatty Acid Metabolism,0.27304819552038406,0.5106972043234618,0.1589693879197654,0.208513104543548
GSE298393:GSM9013406,OS,training_ground_mean_TPM,Oxidative Phosphorylation,0.8822442595996537,1.2807198017836918,0.513644961751133,0.522906449574325
GSE298393:GSM9013406,OS,training_ground_mean_TPM,Glycolysis,0.7670158293806743,0.4014028517484671,0.4465586622502118,0.163889197125298
GSE298393:GSM9013406,OS,training_ground_mean_TPM,Reactive Oxygen Species Pathway,0.242875583792063,0.218137551260116,0.14140281287153786,0.08906361273512171
GSE298393:GSM9013406,OS,training_ground_mean_TPM,p53 Pathway,0.8305792339369082,0.9947649680837207,0.48356544596890005,0.4061536464862355
GSE298393:GSM9013406,OS,training_ground_mean_TPM,UV Response Up,0.8257730660591713,0.4479675943458121,0.4807672822077099,0.18290116538955734
GSE298393:GSM9013406,OS,training_ground_mean_TPM,UV Response Dn,1.169205515540947,0.3003247121912334,0.680714570567753,0.12261989605582169
GSE298393:GSM9013406,OS,training_ground_mean_TPM,Angiogenesis,0.06517259277651645,0.04730716685082494,0.03794365739382261,0.01931509345208288
GSE298393:GSM9013406,OS,training_ground_mean_TPM,heme Metabolism,1.397117331835466,1.4943545908070435,0.8134054380791513,0.6101316247283111
GSE298393:GSM9013406,OS,training_ground_mean_TPM,Coagulation,0.2571111967525808,0.2667871221612883,0.14969082471751707,0.10892679776420976
GSE298393:GSM9013406,OS,training_ground_mean_TPM,IL-2/STAT5 Signaling,0.4871393186975421,0.6767173864467522,0.2836138110248694,0.2762976612208679
GSE298393:GSM9013406,OS,training_ground_mean_TPM,Bile Acid Metabolism,0.41819000028852915,0.36260519604131936,0.24347133389156955,0.14804846102566352
GSE298393:GSM9013406,OS,training_ground_mean_TPM,Pperoxisome,0.2727764916471645,1.247156608297776,0.1588112011998758,0.5092028976204523
GSE298393:GSM9013406,OS,training_ground_mean_TPM,Allograft Rejection,0.4635773978835514,0.4737379981156706,0.2698959978641724,0.1934229909447067
GSE298393:GSM9013406,OS,training_ground_mean_TPM,Spermatogenesis,0.47273440219755364,0.4796622820508481,0.27522723020651146,0.1958418231314968
GSE298393:GSM9013406,OS,training_ground_mean_TPM,KRAS Signaling Up,0.8139071825386361,1.11089488857335,0.4738589331640852,0.4535684551961557
GSE298393:GSM9013406,OS,training_ground_mean_TPM,KRAS Signaling Dn,0.6333551680613007,0.5913000749377426,0.36874106862577183,0.24142253628631644
GSE298393:GSM9013406,OS,training_ground_mean_TPM,Pancreas Beta Cells,0.061895956105655875,0.1710977767417524,0.0360359907820384,0.06985769318275993
GSE298393:GSM9013406,OS,training_ground_mean_TPM,Outside these 50 Hallmark sets,70.15207042877252,67.94596150903286,40.842722568125154,27.741728866938278
GSE298393:GSM9013406,OS,training_all_mean_TPM,TNF-alpha Signaling via NF-kB,0.5522531674596749,0.5538093032131833,0.2294567935819154,0.1732161890768468
GSE298393:GSM9013406,OS,training_all_mean_TPM,Hypoxia,0.8737008368918674,0.4884012545171169,0.3630157405981426,0.15275836566299167
GSE298393:GSM9013406,OS,training_all_mean_TPM,Cholesterol Homeostasis,0.12048445793798941,0.23074315862262498,0.05006033287608966,0.07217005991100155
GSE298393:GSM9013406,OS,training_all_mean_TPM,Mitotic Spindle,0.5878794270389531,1.43229901279313,0.2442592207512899,0.4479834036284747
GSE298393:GSM9013406,OS,training_all_mean_TPM,Wnt-beta Catenin Signaling,0.20457071626282744,0.07377386409412777,0.08499750364555712,0.023074418428357377
GSE298393:GSM9013406,OS,training_all_mean_TPM,TGF-beta Signaling,0.17967486323752382,0.0771943137179703,0.07465347495496583,0.024144240197933656
GSE298393:GSM9013406,OS,training_all_mean_TPM,IL-6/JAK/STAT3 Signaling,0.07062869642585698,0.09004754202813754,0.029345660960706035,0.028164373504298113
GSE298393:GSM9013406,OS,training_all_mean_TPM,DNA Repair,1.1445236771770888,0.992635120591443,0.4755404742206649,0.3104687330730868
GSE298393:GSM9013406,OS,training_all_mean_TPM,G2-M Checkpoint,0.4801878943497068,0.8539942477581708,0.1995142464481758,0.2671057135226137
GSE298393:GSM9013406,OS,training_all_mean_TPM,Apoptosis,0.5343291513406518,0.6600119748413763,0.2220095076103381,0.20643343902639122
GSE298393:GSM9013406,OS,training_all_mean_TPM,Notch Signaling,0.09734372334065418,0.0813822356969989,0.04044554191661117,0.025454106032887423
GSE298393:GSM9013406,OS,training_all_mean_TPM,Adipogenesis,0.822383433015682,0.9185402648390601,0.34169376791930334,0.28729391735734944
GSE298393:GSM9013406,OS,training_all_mean_TPM,Estrogen Response Early,0.8004270982156692,0.7850757572717612,0.3325710856444392,0.24554992128560704
GSE298393:GSM9013406,OS,training_all_mean_TPM,Estrogen Response Late,0.47214031175403387,0.5251130892210091,0.1961705399611984,0.1642408092848885
GSE298393:GSM9013406,OS,training_all_mean_TPM,Androgen Response,0.6531065013807265,0.4733275044130584,0.27136055074825255,0.148043714729949
GSE298393:GSM9013406,OS,training_all_mean_TPM,Myogenesis,1.917533634840853,1.9197720575966541,0.7967199562837916,0.6004514510387396
GSE298393:GSM9013406,OS,training_all_mean_TPM,Protein Secretion,0.3466986176549386,1.0347987842609305,0.1440505149337935,0.3236563575784396
GSE298393:GSM9013406,OS,training_all_mean_TPM,Interferon Alpha Response,0.15722414742572588,0.09496536670654793,0.06532538130637644,0.029702532658360585
GSE298393:GSM9013406,OS,training_all_mean_TPM,Interferon Gamma Response,0.33279526323571273,0.40640732320489453,0.13827378188264,0.127112938208219
GSE298393:GSM9013406,OS,training_all_mean_TPM,Apical Junction,0.8457045855200395,1.017958646380056,0.3513835210825126,0.31838922954297777
GSE298393:GSM9013406,OS,training_all_mean_TPM,Apical Surface,0.08287849937026219,0.11472839429478847,0.03443535654101933,0.03588385952230793
GSE298393:GSM9013406,OS,training_all_mean_TPM,Hedgehog Signaling,0.07856111967092938,0.21684162417927333,0.032641519654503154,0.06782204552296774
GSE298393:GSM9013406,OS,training_all_mean_TPM,Complement,0.29268215390312763,0.7600520407365982,0.12160710436878423,0.23772319683440785
GSE298393:GSM9013406,OS,training_all_mean_TPM,Unfolded Protein Response,0.5201889385496122,0.5928671121983917,0.21613436179175868,0.18543238838382184
GSE298393:GSM9013406,OS,training_all_mean_TPM,PI3K/AKT/mTOR  Signaling,0.3965829754812495,0.8309803617436199,0.16477706839001072,0.2599076083117394
GSE298393:GSM9013406,OS,training_all_mean_TPM,mTORC1 Signaling,0.5652377361989115,1.0469777499188984,0.23485177849916675,0.32746560022917004
GSE298393:GSM9013406,OS,training_all_mean_TPM,E2F Targets,1.1639671331468633,0.9193314413958197,0.4836190753511897,0.28754137543949737
GSE298393:GSM9013406,OS,training_all_mean_TPM,Myc Targets V1,2.4053101189070754,1.9423521611100865,0.9993872013325367,0.6075138811150576
GSE298393:GSM9013406,OS,training_all_mean_TPM,Myc Targets V2,0.19870323421719277,0.4561319960337818,0.08255961157735256,0.14266543665947262
GSE298393:GSM9013406,OS,training_all_mean_TPM,Epithelial Mesenchymal Transition,1.5319393443581537,0.8066468454635004,0.636508599009658,0.25229675935628376
GSE298393:GSM9013406,OS,training_all_mean_TPM,Inflammatory Response,0.42552774177005215,0.3124080229211547,0.1768033883007816,0.0977125643311989
GSE298393:GSM9013406,OS,training_all_mean_TPM,Xenobiotic Metabolism,0.44666169881858314,0.7532957585396601,0.18558437916835854,0.235610019161712
GSE298393:GSM9013406,OS,training_all_mean_TPM,Fatty Acid Metabolism,0.2697507117368129,0.449241980042532,0.11207927274783491,0.14051043076528055
GSE298393:GSM9013406,OS,training_all_mean_TPM,Oxidative Phosphorylation,0.8851821946403148,1.2790004063378795,0.36778615331853326,0.40003585156153476
GSE298393:GSM9013406,OS,training_all_mean_TPM,Glycolysis,0.7511075674995299,0.4515379879339429,0.31207921335487654,0.1412285583495105
GSE298393:GSM9013406,OS,training_all_mean_TPM,Reactive Oxygen Species Pathway,0.23045788357752875,0.24900760994562354,0.09575341552972691,0.07788267368508173
GSE298393:GSM9013406,OS,training_all_mean_TPM,p53 Pathway,0.7240741536150993,1.18804046599617,0.30084704514834976,0.3715861051718768
GSE298393:GSM9013406,OS,training_all_mean_TPM,UV Response Up,0.7852594908824891,0.4101902317413782,0.3262690655745676,0.12829612707217303
GSE298393:GSM9013406,OS,training_all_mean_TPM,UV Response Dn,1.2323099719980253,0.3220170925715209,0.5120149806915031,0.10071801479176964
GSE298393:GSM9013406,OS,training_all_mean_TPM,Angiogenesis,0.05143248603696372,0.04474720477348025,0.02136978840026313,0.013995684503190603
GSE298393:GSM9013406,OS,training_all_mean_TPM,heme Metabolism,1.41182816275522,1.3207838832563499,0.5866033594784483,0.4131045641963816
GSE298393:GSM9013406,OS,training_all_mean_TPM,Coagulation,0.27326203891905754,0.2636022231012936,0.11353820123195937,0.08244746387045507
GSE298393:GSM9013406,OS,training_all_mean_TPM,IL-2/STAT5 Signaling,0.5871388099329823,0.5614090996484367,0.2439515002411664,0.1755931946067948
GSE298393:GSM9013406,OS,training_all_mean_TPM,Bile Acid Metabolism,0.4819867256538073,0.34884928523201547,0.20026164653124337,0.10911038041340222
GSE298393:GSM9013406,OS,training_all_mean_TPM,Pperoxisome,0.31096869960697593,1.3364641690983023,0.12920501849609536,0.4180089226847999
GSE298393:GSM9013406,OS,training_all_mean_TPM,Allograft Rejection,0.5363305162216027,0.4291080356789865,0.22284105878184668,0.13421309142210933
GSE298393:GSM9013406,OS,training_all_mean_TPM,Spermatogenesis,0.4304961494435253,0.40244090204651395,0.1788677221265286,0.12587235168621183
GSE298393:GSM9013406,OS,training_all_mean_TPM,KRAS Signaling Up,0.7985089150738222,0.8704822350631027,0.3317740958231662,0.2722626986254955
GSE298393:GSM9013406,OS,training_all_mean_TPM,KRAS Signaling Dn,0.5846141905981943,0.7818959743363466,0.24290254101067424,0.24455537338081665
GSE298393:GSM9013406,OS,training_all_mean_TPM,Pancreas Beta Cells,0.053228865132979176,0.17222627065351484,0.022116169610397855,0.05386760043291605
GSE298393:GSM9013406,OS,training_all_mean_TPM,Outside these 50 Hallmark sets,70.30023156777669,67.65609061223871,29.209186427683196,21.16094857145919
