sample_id,organ,series_group_id,split,label_evidence,series_id,source_name,title,single_cell_probability,tumor_like,balanced_train,random_shard,organ_balanced_weight
GSM2850626,brain,GSE106810,calibration,source,GSE106810,brain,HumanCortex_AGO2RIP_B8_totalRNA,0.0677959322929382,False,False,random_1,0.0
GSM2850627,brain,GSE106810,calibration,source,GSE106810,brain,HumanCortex_AGO2RIP_B14_totalRNA,0.0276154205203056,False,False,random_1,0.0
GSM2850628,brain,GSE106810,calibration,source,GSE106810,brain,Glioblastoma_AGO2RIP_B6_totalRNA,0.0828729942440986,False,False,random_0,0.0
GSM2850629,brain,GSE106810,calibration,source,GSE106810,brain,Glioblastoma_AGO2RIP_B9_totalRNA,0.1120088025927543,False,False,random_1,0.0
GSM2850630,brain,GSE106810,calibration,source,GSE106810,brain,Glioblastoma_AGO2RIP_B10_totalRNA,0.10518229752779,False,False,random_4,0.0
GSM2850631,brain,GSE106810,calibration,source,GSE106810,brain,Glioblastoma_AGO2RIP_B11_totalRNA,0.0268155075609684,False,False,random_3,0.0
GSM2850632,brain,GSE106810,calibration,source,GSE106810,brain,Glioblastoma_AGO2RIP_B13_totalRNA,0.0314997360110282,False,False,random_4,0.0
GSM2850633,brain,GSE106810,calibration,source,GSE106810,brain,HumanCortex_AGO2IN_B8_totalRNA,0.1197793185710907,False,False,random_1,0.0
GSM2850634,brain,GSE106810,calibration,source,GSE106810,brain,HumanCortex_AGO2IN_B14_totalRNA,0.0723924189805984,False,False,random_1,0.0
GSM2850635,brain,GSE106810,calibration,source,GSE106810,brain,Glioblastoma_AGO2IN_B6_totalRNA,0.1316389143466949,False,False,random_1,0.0
GSM2850636,brain,GSE106810,calibration,source,GSE106810,brain,Glioblastoma_AGO2IN_B9_totalRNA,0.1815130561590194,False,False,random_0,0.0
GSM2850637,brain,GSE106810,calibration,source,GSE106810,brain,Glioblastoma_AGO2IN_B10_totalRNA,0.1808665990829467,False,False,random_1,0.0
GSM2850638,brain,GSE106810,calibration,source,GSE106810,brain,Glioblastoma_AGO2IN_B11_totalRNA,0.0613474659621715,False,False,random_3,0.0
GSM2850639,brain,GSE106810,calibration,source,GSE106810,brain,Glioblastoma_AGO2IN_B13_totalRNA,0.0666281357407569,False,False,random_2,0.0
GSM3058369,brain,GSE112137,calibration,source,GSE112137,brain,Control_120hour_lane8_3,0.1990813761949539,False,False,random_4,0.0
GSM3058370,brain,GSE112137,calibration,source,GSE112137,brain,Control_120hour_lane6_3,0.1739400625228881,False,False,random_2,0.0
GSM3058376,brain,GSE112137,calibration,source,GSE112137,brain,Hypoxia_120hour_lane6_6,0.1678125262260437,False,False,random_2,0.0
GSM3058379,brain,GSE112137,calibration,source,GSE112137,brain,Control_48hour_lane6_8,0.1717647165060043,False,False,random_2,0.0
GSM3058381,brain,GSE112137,calibration,source,GSE112137,brain,Control_120hour_lane6_9,0.1678643375635147,False,False,random_1,0.0
GSM3058382,brain,GSE112137,calibration,source,GSE112137,brain,Control_120hour_lane8_9,0.2074134051799774,False,False,random_3,0.0
GSM3058383,brain,GSE112137,calibration,source,GSE112137,brain,Hypoxia_24hour_lane8_10,0.1232319325208664,False,False,random_3,0.0
GSM3058388,brain,GSE112137,calibration,source,GSE112137,brain,Hypoxia_120hour_lane6_12,0.1960894018411636,False,False,random_3,0.0
GSM3058390,brain,GSE112137,calibration,source,GSE112137,brain,Control_24hour_lane6_13,0.1762187778949737,False,False,random_2,0.0
GSM3058391,brain,GSE112137,calibration,source,GSE112137,brain,Control_48hour_lane8_14,0.1981848031282425,False,False,random_3,0.0
GSM3058393,brain,GSE112137,calibration,source,GSE112137,brain,Control_120hour_lane6_15,0.1791549026966095,False,False,random_3,0.0
GSM3058394,brain,GSE112137,calibration,source,GSE112137,brain,Control_120hour_lane8_15,0.1801178604364395,False,False,random_3,0.0
GSM3058396,brain,GSE112137,calibration,source,GSE112137,brain,Hypoxia_24hour_lane8_16,0.1557663530111313,False,False,random_3,0.0
GSM3058397,brain,GSE112137,calibration,source,GSE112137,brain,Hypoxia_48hour_lane7_17,0.1306199133396148,False,False,random_3,0.0
GSM3058400,brain,GSE112137,calibration,source,GSE112137,brain,Hypoxia_120hour_lane7_18,0.1637236922979354,False,False,random_1,0.0
GSM3058401,brain,GSE112137,calibration,source,GSE112137,brain,Control_24hour_lane7_19,0.1552550494670868,False,False,random_3,0.0
GSM3058405,brain,GSE112137,calibration,source,GSE112137,brain,Control_120hour_lane8_21,0.1866258531808853,False,False,random_3,0.0
GSM3058406,brain,GSE112137,calibration,source,GSE112137,brain,Control_120hour_lane7_21,0.176607459783554,False,False,random_3,0.0
GSM3058408,brain,GSE112137,calibration,source,GSE112137,brain,Hypoxia_24hour_lane8_22,0.1275760978460312,False,False,random_3,0.0
GSM3058411,brain,GSE112137,calibration,source,GSE112137,brain,Hypoxia_120hour_lane8_24,0.1861408799886703,False,False,random_3,0.0
GSM3529838,brain,GSE124335,calibration,source,GSE124335,Healthy brain parenchyma,Pat1_GM_1_5.coutt.csv,0.4582392871379852,False,False,random_4,0.0
GSM3529840,brain,GSE124335,calibration,source,GSE124335,Healthy brain parenchyma,Pat1_WM_1_11.coutt.csv,0.4230223298072815,False,False,random_3,0.0
GSM3529841,brain,GSE124335,calibration,source,GSE124335,Healthy brain parenchyma,Pat1_WM_1_12.coutt.csv,0.4746238887310028,False,False,random_4,0.0
GSM3529842,brain,GSE124335,calibration,source,GSE124335,Healthy brain parenchyma,Pat2_GM_2_2.coutt.csv,0.283910185098648,False,False,random_4,0.0
GSM3529843,brain,GSE124335,calibration,source,GSE124335,Healthy brain parenchyma,Pat2_WM_1_3.coutt.csv,0.3755632936954498,False,False,random_3,0.0
GSM3529845,brain,GSE124335,calibration,source,GSE124335,Healthy brain parenchyma,Pat3_GM_1_5.coutt.csv,0.2614780962467193,False,False,random_4,0.0
GSM3529846,brain,GSE124335,calibration,source,GSE124335,Healthy brain parenchyma,Pat3_GM_2_6.coutt.csv,0.3586926758289337,False,False,random_4,0.0
GSM3529847,brain,GSE124335,calibration,source,GSE124335,Healthy brain parenchyma,Pat3_WM_2_8.coutt.csv,0.264106273651123,False,False,random_4,0.0
GSM3529850,brain,GSE124335,calibration,source,GSE124335,Healthy brain parenchyma,Pat4_Pl2_1_7.coutt.csv,0.3644493520259857,False,False,random_4,0.0
GSM3529853,brain,GSE124335,calibration,source,GSE124335,Healthy brain parenchyma,Pat5_2_2.coutt.csv,0.3044023513793945,False,False,random_3,0.0
GSM3678756,brain,GSE127898,calibration,source,GSE127898,22 Hypothalamus,HA32: 22 Hypothalamus,0.0972913578152656,False,False,random_1,0.0
GSM3678757,brain,GSE127898,calibration,source,GSE127898,22 Hypothalamus,HB32: 22 Hypothalamus,0.1030481234192848,False,False,random_1,0.0
GSM3678758,brain,GSE127898,calibration,source,GSE127898,22 Hypothalamus,HC32: 22 Hypothalamus,0.1175608560442924,False,False,random_1,0.0
GSM3678759,brain,GSE127898,calibration,source,GSE127898,22 Hypothalamus,HD32: 22 Hypothalamus,0.107434794306755,False,False,random_1,0.0
GSM3678760,brain,GSE127898,calibration,source,GSE127898,19 Amygdala,HA33: 19 Amygdala,0.1159749254584312,False,False,random_1,0.0
GSM3678761,brain,GSE127898,calibration,source,GSE127898,19 Amygdala,HB33: 19 Amygdala,0.1515620499849319,False,False,random_1,0.0
GSM3678762,brain,GSE127898,calibration,source,GSE127898,19 Amygdala,HC33: 19 Amygdala,0.1838346421718597,False,False,random_3,0.0
GSM3678763,brain,GSE127898,calibration,source,GSE127898,19 Amygdala,HD33: 19 Amygdala,0.1667860895395279,False,False,random_1,0.0
GSM3678792,brain,GSE127898,calibration,source,GSE127898,21 Hippocampus,HA50: 21 Hippocampus,0.1115498393774032,False,False,random_1,0.0
GSM3678793,brain,GSE127898,calibration,source,GSE127898,21 Hippocampus,HB50: 21 Hippocampus,0.1512734293937683,False,False,random_1,0.0
GSM3678794,brain,GSE127898,calibration,source,GSE127898,21 Hippocampus,HC50: 21 Hippocampus,0.1002665385603904,False,False,random_0,0.0
GSM3678795,brain,GSE127898,calibration,source,GSE127898,21 Hippocampus,HD50: 21 Hippocampus,0.0960449278354644,False,False,random_0,0.0
GSM3900032,brain,GSE133101,calibration,source,GSE133101,Amygdala control,amy1: Amygdala control,0.2419232577085495,False,False,random_1,0.0
GSM3900033,brain,GSE133101,calibration,source,GSE133101,Amygdala control,amy2: Amygdala control,0.1956653296947479,False,False,random_1,0.0
GSM3900034,brain,GSE133101,calibration,source,GSE133101,Amygdala control,amy3: Amygdala control,0.2041844129562378,False,False,random_1,0.0
GSM3900035,brain,GSE133101,calibration,source,GSE133101,Amygdala control,amy4: Amygdala control,0.1926840096712112,False,False,random_3,0.0
GSM3900036,brain,GSE133101,calibration,source,GSE133101,Amygdala control,amy5: Amygdala control,0.195689246058464,False,False,random_0,0.0
GSM3900038,brain,GSE133101,calibration,source,GSE133101,Amygdala control,amy7: Amygdala control,0.1976480484008789,False,False,random_4,0.0
GSM3900039,brain,GSE133101,calibration,source,GSE133101,Amygdala control,amy8: Amygdala control,0.1833168715238571,False,False,random_0,0.0
GSM3900040,brain,GSE133101,calibration,source,GSE133101,Amygdala parkinson's disease,amy9: Amygdala parkinson's disease,0.1929783970117569,False,False,random_0,0.0
GSM3900041,brain,GSE133101,calibration,source,GSE133101,Amygdala parkinson's disease,amy10: Amygdala parkinson's disease,0.2049355953931808,False,False,random_0,0.0
GSM3900042,brain,GSE133101,calibration,source,GSE133101,Amygdala parkinson's disease,amy11: Amygdala parkinson's disease,0.2062033116817474,False,False,random_0,0.0
GSM3900043,brain,GSE133101,calibration,source,GSE133101,Amygdala parkinson's disease,amy12: Amygdala parkinson's disease,0.2156660556793213,False,False,random_1,0.0
GSM3900044,brain,GSE133101,calibration,source,GSE133101,Amygdala parkinson's disease,amy13: Amygdala parkinson's disease,0.1689762622117996,False,False,random_1,0.0
GSM3900045,brain,GSE133101,calibration,source,GSE133101,Amygdala parkinson's disease,amy14: Amygdala parkinson's disease,0.1644202023744583,False,False,random_0,0.0
GSM3900046,brain,GSE133101,calibration,source,GSE133101,Amygdala parkinson's disease,amy15: Amygdala parkinson's disease,0.2089667171239853,False,False,random_1,0.0
GSM3900047,brain,GSE133101,calibration,source,GSE133101,Amygdala parkinson's disease,amy16: Amygdala parkinson's disease,0.1872979253530502,False,False,random_1,0.0
GSM3900049,brain,GSE133101,calibration,source,GSE133101,Amygdala parkinson's disease,amy18: Amygdala parkinson's disease,0.1752970367670059,False,False,random_1,0.0
GSM3900050,brain,GSE133101,calibration,source,GSE133101,Amygdala parkinson's disease,amy19: Amygdala parkinson's disease,0.1771361827850341,False,False,random_0,0.0
GSM3900051,brain,GSE133101,calibration,source,GSE133101,Amygdala parkinson's disease,amy20: Amygdala parkinson's disease,0.2219485789537429,False,False,random_0,0.0
GSM3900052,brain,GSE133101,calibration,source,GSE133101,Amygdala parkinson's disease,amy21: Amygdala parkinson's disease,0.1869198828935623,False,False,random_3,0.0
GSM3900053,brain,GSE133101,calibration,source,GSE133101,Amygdala parkinson's disease,amy22: Amygdala parkinson's disease,0.2281747460365295,False,False,random_4,0.0
GSM4322997,brain,GSE145645|GSE145646,calibration,source,GSE145645	GSE145646,Brain Tissue,Primary GBM SuR09,0.0650089234113693,False,False,random_0,0.0
GSM4322999,brain,GSE145645|GSE145646,calibration,source,GSE145645	GSE145646,Brain Tissue,Primary GBM SuR11,0.0748802199959755,False,False,random_0,0.0
GSM4323001,brain,GSE145645|GSE145646,calibration,source,GSE145645	GSE145646,Brain Tissue,Primary GBM SuR13,0.0676691681146621,False,False,random_0,0.0
GSM4323003,brain,GSE145645|GSE145646,calibration,source,GSE145645	GSE145646,Brain Tissue,Primary GBM SuR15,0.069354772567749,False,False,random_0,0.0
GSM4323005,brain,GSE145645|GSE145646,calibration,source,GSE145645	GSE145646,Brain Tissue,Primary GBM SuR17,0.0694325640797615,False,False,random_4,0.0
GSM4323007,brain,GSE145645|GSE145646,calibration,source,GSE145645	GSE145646,Brain Tissue,Primary GBM SuR21,0.1422128975391388,False,False,random_0,0.0
GSM4323008,brain,GSE145645|GSE145646,calibration,source,GSE145645	GSE145646,Brain Tissue,Primary GBM SuR22,0.1020119115710258,False,False,random_2,0.0
GSM4323010,brain,GSE145645|GSE145646,calibration,source,GSE145645	GSE145646,Brain Tissue,Primary GBM SuR25,0.0804219618439674,False,False,random_4,0.0
GSM4323012,brain,GSE145645|GSE145646,calibration,source,GSE145645	GSE145646,Brain Tissue,Primary GBM SuR27,0.0751139968633651,False,False,random_4,0.0
GSM4323014,brain,GSE145645|GSE145646,calibration,source,GSE145645	GSE145646,Brain Tissue,Primary GBM SuR29,0.0772847682237625,False,False,random_4,0.0
GSM4323015,brain,GSE145645|GSE145646,calibration,source,GSE145645	GSE145646,Brain Tissue,Primary GBM SuR30,0.1006103754043579,False,False,random_4,0.0
GSM4323017,brain,GSE145645|GSE145646,calibration,source,GSE145645	GSE145646,Brain Tissue,Primary GBM SuR32,0.0779601708054542,False,False,random_4,0.0
GSM4323020,brain,GSE145645|GSE145646,calibration,source,GSE145645	GSE145646,Brain Tissue,Primary GBM SuR35,0.0426315069198608,False,False,random_0,0.0
GSM4323021,brain,GSE145645|GSE145646,calibration,source,GSE145645	GSE145646,Brain Tissue,Primary GBM SuR36,0.0809713974595069,False,False,random_2,0.0
GSM4323022,brain,GSE145645|GSE145646,calibration,source,GSE145645	GSE145646,Brain Tissue,Primary GBM SuR37,0.0630832836031913,False,False,random_4,0.0
GSM4323023,brain,GSE145645|GSE145646,calibration,source,GSE145645	GSE145646,Brain Tissue,Primary GBM SuR38,0.0795558542013168,False,False,random_4,0.0
GSM4323025,brain,GSE145645|GSE145646,calibration,source,GSE145645	GSE145646,Brain Tissue,Normal brain tissue-2,0.091000959277153,False,False,random_0,0.0
GSM4323026,brain,GSE145645|GSE145646,calibration,source,GSE145645	GSE145646,Brain Tissue,Normal brain tissue-3,0.1218121349811554,False,False,random_0,0.0
GSM4473294,brain,GSE146878,calibration,source,GSE146878,Human fetal brain,Human fetal cortex_FXS [FXS Fetal Cortex_Male_PCW 23 weeks],0.1315329819917678,False,False,random_0,0.0
GSM4473296,brain,GSE146878,calibration,source,GSE146878,Human fetal brain,Human fetal cortex_control [CTRL_Fetal Cortex_Male_PCW 23 weeks_2],0.1398834884166717,False,False,random_0,0.0
GSM4971163,brain,GSE163044|GSE163186,calibration,source,GSE163044	GSE163186,Cerebellum,Tissue Cerebellum GCGR-NS13 - 13.5 pcw,0.097887635231018,False,False,random_2,0.0
GSM4971170,brain,GSE163044|GSE163186,calibration,source,GSE163044	GSE163186,Cerebellum,Tissue Cerebellum GCGR-NS15 - 15.0 pcw,0.1048022508621215,False,False,random_2,0.0
GSM5029414,brain,GSE165286,calibration,source,GSE165286,Brain,S16_Control,0.0303722824901342,False,False,random_4,0.0
GSM5029415,brain,GSE165286,calibration,source,GSE165286,Brain,S17_Control,0.0521609671413898,False,False,random_4,0.0
GSM5029416,brain,GSE165286,calibration,source,GSE165286,Brain,S18_Control,0.0467998944222927,False,False,random_4,0.0
GSM5029418,brain,GSE165286,calibration,source,GSE165286,Brain,S5_GBM,0.0222600903362035,False,False,random_0,0.0
GSM5029419,brain,GSE165286,calibration,source,GSE165286,Brain,S7_GBM,0.0342013649642467,False,False,random_4,0.0
GSM5029420,brain,GSE165286,calibration,source,GSE165286,Brain,S9_GBM,0.0308560095727443,False,False,random_3,0.0
GSM5029423,brain,GSE165286,calibration,source,GSE165286,Brain,S12_GBM,0.0534638725221157,False,False,random_4,0.0
GSM5029424,brain,GSE165286,calibration,source,GSE165286,Brain,S14_GBM,0.0503146424889564,False,False,random_4,0.0
GSM5029426,brain,GSE165286,calibration,source,GSE165286,Brain,S22_GBM,0.0331075079739093,False,False,random_0,0.0
GSM5526734,brain,GSE182321,calibration,source,GSE182321,Postmortem Brain Brodmann Area 9,UTHBC0017,0.0207372140139341,False,False,random_2,0.0
GSM5526737,brain,GSE182321,calibration,source,GSE182321,Postmortem Brain Brodmann Area 9,UTHBC0027,0.0313401781022548,False,False,random_4,0.0
GSM5526738,brain,GSE182321,calibration,source,GSE182321,Postmortem Brain Brodmann Area 9,UTHBC0028,0.0270517729222774,False,False,random_1,0.0
GSM5526745,brain,GSE182321,calibration,source,GSE182321,Postmortem Brain Brodmann Area 9,UTHBC0041,0.0162959545850753,False,False,random_2,0.0
GSM5526751,brain,GSE182321,calibration,source,GSE182321,Postmortem Brain Brodmann Area 9,UTHBC0059,0.0232813730835914,False,False,random_3,0.0
GSM5526754,brain,GSE182321,calibration,source,GSE182321,Postmortem Brain Brodmann Area 9,UTHBC0065,0.0248463954776525,False,False,random_1,0.0
GSM5526755,brain,GSE182321,calibration,source,GSE182321,Postmortem Brain Brodmann Area 9,UTHBC0070,0.0306571554392576,False,False,random_1,0.0
GSM5526757,brain,GSE182321,calibration,source,GSE182321,Postmortem Brain Brodmann Area 9,UTHBC0076,0.0284713264554739,False,False,random_2,0.0
GSM5526763,brain,GSE182321,calibration,source,GSE182321,Postmortem Brain Brodmann Area 9,UTHBC0087,0.0202614348381757,False,False,random_2,0.0
GSM5526764,brain,GSE182321,calibration,source,GSE182321,Postmortem Brain Brodmann Area 9,UTHBC0088,0.0150982942432165,False,False,random_2,0.0
GSM5526766,brain,GSE182321,calibration,source,GSE182321,Postmortem Brain Brodmann Area 9,UTHBC0093,0.0217240583151578,False,False,random_2,0.0
GSM5526767,brain,GSE182321,calibration,source,GSE182321,Postmortem Brain Brodmann Area 9,UTHBC0094,0.0252943988889455,False,False,random_3,0.0
GSM5526770,brain,GSE182321,calibration,source,GSE182321,Postmortem Brain Brodmann Area 9,UTHBC0098,0.0293730348348617,False,False,random_2,0.0
GSM5526771,brain,GSE182321,calibration,source,GSE182321,Postmortem Brain Brodmann Area 9,UTHBC0099,0.0254215225577354,False,False,random_3,0.0
GSM999559,brain,GSE40710,calibration,source,GSE40710,Brain cortex,Control Und. 1,0.2430606633424759,False,False,random_0,0.0
GSM999560,brain,GSE40710,calibration,source,GSE40710,Brain cortex,Control Und. 2,0.0456085391342639,False,False,random_4,0.0
GSM999562,brain,GSE40710,calibration,source,GSE40710,Brain cortex,Control Und. 4,0.0414007306098938,False,False,random_2,0.0
GSM999563,brain,GSE40710,calibration,source,GSE40710,Brain cortex,Control Und. 5,0.0992903336882591,False,False,random_3,0.0
GSM999564,brain,GSE40710,calibration,source,GSE40710,Brain cortex,Control Und. 6,0.0558329410851001,False,False,random_2,0.0
GSM999568,brain,GSE40710,calibration,source,GSE40710,Brain cortex,Control Und. 10,0.0223739668726921,False,False,random_3,0.0
GSM999569,brain,GSE40710,calibration,source,GSE40710,Brain cortex,Control Und. 11,0.2629208266735077,False,False,random_3,0.0
GSM999570,brain,GSE40710,calibration,source,GSE40710,Brain cortex,Control Und. 12,0.1090782955288887,False,False,random_0,0.0
GSM999571,brain,GSE40710,calibration,source,GSE40710,Brain cortex,Control Und. 13,0.0297291968017816,False,False,random_2,0.0
GSM999572,brain,GSE40710,calibration,source,GSE40710,Brain cortex,Control Und. 14,0.0224991235882043,False,False,random_4,0.0
GSM999573,brain,GSE40710,calibration,source,GSE40710,Brain cortex,Control Und. 15,0.1025649234652519,False,False,random_4,0.0
GSM999574,brain,GSE40710,calibration,source,GSE40710,Brain cortex,Control Und. 16,0.0594184137880802,False,False,random_0,0.0
GSM999575,brain,GSE40710,calibration,source,GSE40710,Brain cortex,Parkinson's Disease PD 1,0.09036386013031,False,False,random_3,0.0
GSM999577,brain,GSE40710,calibration,source,GSE40710,Brain cortex,Parkinson's Disease PD 3,0.0431411676108837,False,False,random_3,0.0
GSM999578,brain,GSE40710,calibration,source,GSE40710,Brain cortex,Parkinson's Disease PD 4,0.0544212944805622,False,False,random_3,0.0
GSM999580,brain,GSE40710,calibration,source,GSE40710,Brain cortex,Parkinson's Disease PD 6,0.0986260548233985,False,False,random_0,0.0
GSM999584,brain,GSE40710,calibration,source,GSE40710,Brain cortex,Parkinson's Disease PD 10,0.0492909885942935,False,False,random_3,0.0
GSM999587,brain,GSE40710,calibration,source,GSE40710,Brain cortex,Parkinson's Disease PD 13,0.0565566681325435,False,False,random_4,0.0
GSM999588,brain,GSE40710,calibration,source,GSE40710,Brain cortex,Parkinson's Disease PD 14,0.0422756262123584,False,False,random_0,0.0
GSM999589,brain,GSE40710,calibration,source,GSE40710,Brain cortex,Parkinson's Disease PD 15,0.031136630102992,False,False,random_0,0.0
GSM1156877,brain,GSE47774|GSE47792|GSE49712,calibration,source,GSE47774	GSE47792,Human Brain Reference RNA (HBRR) from Ambion,SEQC_ILM_BGI_B_1_L01_CGATGT_AC0AYTACXX,0.0119825797155499,False,False,random_2,0.0
GSM1156885,brain,GSE47774|GSE47792|GSE49712,calibration,source,GSE47774	GSE47792,Human Brain Reference RNA (HBRR) from Ambion,SEQC_ILM_BGI_B_1_L05_CGATGT_AC0AYTACXX,0.0208199825137853,False,False,random_1,0.0
GSM1156893,brain,GSE47774|GSE47792|GSE49712,calibration,source,GSE47774	GSE47792,Human Brain Reference RNA (HBRR) from Ambion,SEQC_ILM_BGI_B_2_L01_GCCAAT_AC0AYTACXX,0.014050236903131,False,False,random_2,0.0
GSM1156899,brain,GSE47774|GSE47792|GSE49712,calibration,source,GSE47774	GSE47792,Human Brain Reference RNA (HBRR) from Ambion,SEQC_ILM_BGI_B_2_L04_GCCAAT_AC0AYTACXX,0.0155334128066897,False,False,random_2,0.0
GSM1156950,brain,GSE47774|GSE47792|GSE49712,calibration,source,GSE47774	GSE47792,Human Brain Reference RNA (HBRR) from Ambion,SEQC_ILM_BGI_B_5_L05_GAGTGG_BC0AYPACXX,0.0157311428338289,False,False,random_2,0.0
GSM1156951,brain,GSE47774|GSE47792|GSE49712,calibration,source,GSE47774	GSE47792,Human Brain Reference RNA (HBRR) from Ambion,SEQC_ILM_BGI_B_5_L06_GAGTGG_AC0AYTACXX,0.0150220282375812,False,False,random_2,0.0
GSM1156954,brain,GSE47774|GSE47792|GSE49712,calibration,source,GSE47774	GSE47792,Human Brain Reference RNA (HBRR) from Ambion,SEQC_ILM_BGI_B_5_L07_GAGTGG_BC0AYPACXX,0.0107559394091367,False,False,random_2,0.0
GSM1157267,brain,GSE47774|GSE47792|GSE49712,calibration,source,GSE47774	GSE47792,Human Brain Reference RNA (HBRR) from Ambion,SEQC_ILM_CNL_B_1_L07_CGATGT_AD0FD7ACXX,0.0165465883910655,False,False,random_2,0.0
GSM1157307,brain,GSE47774|GSE47792|GSE49712,calibration,source,GSE47774	GSE47792,Human Brain Reference RNA (HBRR) from Ambion,SEQC_ILM_CNL_B_4_L04_AGTTCC_AD0FD7ACXX,0.0103621250018477,False,False,random_1,0.0
GSM1157655,brain,GSE47774|GSE47792|GSE49712,calibration,source,GSE47774	GSE47792,Human Brain Reference RNA (HBRR) from Ambion,SEQC_ILM_MAY_B_3_L02_TAGCTT_AD0E8UACXX,0.0115621527656912,False,False,random_1,0.0
GSM1158017,brain,GSE47774|GSE47792|GSE49712,calibration,source,GSE47774	GSE47792,Human Brain Reference RNA (HBRR) from Ambion,SEQC_ILM_NVS_B_2_L07_GCCAAT_AD0902ACXX,0.0122019862756133,False,False,random_2,0.0
GSM1158022,brain,GSE47774|GSE47792|GSE49712,calibration,source,GSE47774	GSE47792,Human Brain Reference RNA (HBRR) from Ambion,SEQC_ILM_NVS_B_3_L01_TAGCTT_BD08PVACXX,0.0122916186228394,False,False,random_0,0.0
GSM1158443,brain,GSE47774|GSE47792|GSE49712,calibration,source,GSE47774	GSE47792,Human Brain Reference RNA (HBRR) from Ambion,SEQC_ILM_AGR_B_1_L04_CGATGT_AC0C1TACXX,0.0133440112695097,False,False,random_0,0.0
GSM1158446,brain,GSE47774|GSE47792|GSE49712,calibration,source,GSE47774	GSE47792,Human Brain Reference RNA (HBRR) from Ambion,SEQC_ILM_AGR_B_1_L05_CGATGT_BD0J2JACXX,0.0137240178883075,False,False,random_2,0.0
GSM1158447,brain,GSE47774|GSE47792|GSE49712,calibration,source,GSE47774	GSE47792,Human Brain Reference RNA (HBRR) from Ambion,SEQC_ILM_AGR_B_1_L06_CGATGT_AC0C1TACXX,0.015182226896286,False,False,random_2,0.0
GSM1158451,brain,GSE47774|GSE47792|GSE49712,calibration,source,GSE47774	GSE47792,Human Brain Reference RNA (HBRR) from Ambion,SEQC_ILM_AGR_B_1_L08_CGATGT_AC0C1TACXX,0.0096096182242035,False,False,random_2,0.0
GSM1158467,brain,GSE47774|GSE47792|GSE49712,calibration,source,GSE47774	GSE47792,Human Brain Reference RNA (HBRR) from Ambion,SEQC_ILM_AGR_B_2_L08_GCCAAT_AC0C1TACXX,0.0107471887022256,False,False,random_2,0.0
GSM1158485,brain,GSE47774|GSE47792|GSE49712,calibration,source,GSE47774	GSE47792,Human Brain Reference RNA (HBRR) from Ambion,SEQC_ILM_AGR_B_4_L01_AGTTCC_AC0C1TACXX,0.0091231605038046,False,False,random_2,0.0
GSM1362020,brain,GSE47774|GSE47792|GSE49712,calibration,source,GSE47774	GSE47792,Human Brain Reference RNA (HBRR) from Ambion,SEQC_ILM_NYG_B_3_L06_AGTTCC_AC132FACXX,0.0398269183933734,False,False,random_3,0.0
GSM1362021,brain,GSE47774|GSE47792|GSE49712,calibration,source,GSE47774	GSE47792,Human Brain Reference RNA (HBRR) from Ambion,SEQC_ILM_NYG_B_3_L07_AGTTCC_AC132FACXX,0.0405474752187728,False,False,random_1,0.0
GSM2072376,brain,GSE78564,calibration,source,GSE78564,Homo sapiens cerebellum tissue female fetal (19 weeks),total RNA-seq from cerebellum (ENCLB178ZZZ),0.0714117959141731,False,False,random_2,0.0
GSM2072377,brain,GSE78564,calibration,source,GSE78564,Homo sapiens cerebellum tissue female fetal (37 weeks),total RNA-seq from cerebellum (ENCLB177ZZZ),0.0378977470099926,False,False,random_2,0.0
GSM2092510,brain,GSE79338,calibration,source,GSE79338,"patient 1 (non-glioma), RNA-Seq of brain tissue",N01-Brain-RNAseq_JJ014,0.0361527353525161,False,False,random_1,0.0
GSM2092515,brain,GSE79338,calibration,source,GSE79338,"patient 2 (non-glioma), RNA-Seq of brain tissue",N02-Brain-RNAseq_JJ015,0.0284198280423879,False,False,random_4,0.0
GSM2092520,brain,GSE79338,calibration,source,GSE79338,"patient 3 (non-glioma), RNA-Seq of brain tissue",N03-Brain-RNAseq_BJ025,0.0209433734416961,False,False,random_4,0.0
GSM2202399,brain,GSE83402,calibration,source,GSE83402,"Human Brain Reference RNA, Thermo Fisher Scientific",MAQCB_1,0.346079558134079,False,False,random_0,0.0
GSM2202400,brain,GSE83402,calibration,source,GSE83402,"Human Brain Reference RNA, Thermo Fisher Scientific",MAQCB_2,0.3494293391704559,False,False,random_0,0.0
GSM2808512,colon,GSE104836,calibration,source,GSE104836,colon,29N,0.064243733882904,False,False,random_1,0.0
GSM2808514,colon,GSE104836,calibration,source,GSE104836,colon,34N,0.1058271080255508,False,False,random_1,0.0
GSM2808516,colon,GSE104836,calibration,source,GSE104836,colon,48N,0.1086205318570137,False,False,random_4,0.0
GSM2808518,colon,GSE104836,calibration,source,GSE104836,colon,55N,0.0874832421541214,False,False,random_2,0.0
GSM2808520,colon,GSE104836,calibration,source,GSE104836,colon,57N,0.1018332093954086,False,False,random_0,0.0
GSM2808522,colon,GSE104836,calibration,source,GSE104836,colon,91N,0.1205745711922645,False,False,random_3,0.0
GSM2808524,colon,GSE104836,calibration,source,GSE104836,colon,94N,0.0931426733732223,False,False,random_0,0.0
GSM2808526,colon,GSE104836,calibration,source,GSE104836,colon,101N,0.1540419459342956,False,False,random_0,0.0
GSM2808528,colon,GSE104836,calibration,source,GSE104836,colon,111N,0.0721759423613548,False,False,random_4,0.0
GSM2808530,colon,GSE104836,calibration,source,GSE104836,colon,112N,0.0725914314389228,False,False,random_2,0.0
GSM3477440,colon,GSE119630,calibration,title,GSE119630,human colon FFPE,"Patient 1, normal colon tissue, biological replicate 1, technical replicate 2",0.0578063502907753,False,False,random_1,0.0
GSM3477445,colon,GSE119630,calibration,title,GSE119630,human colon FFPE,"Patient 1, normal colon tissue, biological replicate 2, technical replicate 1",0.0746783167123794,False,False,random_4,0.0
GSM3477451,colon,GSE119630,calibration,title,GSE119630,human colon FFPE,"Patient 2, normal colon tissue, biological replicate 1, technical replicate 1",0.0583777837455272,False,False,random_1,0.0
GSM3477456,colon,GSE119630,calibration,title,GSE119630,human colon FFPE,"Patient 2, cancerous colon tissue, biological replicate 1, technical replicate 3",0.0799456536769867,False,False,random_3,0.0
GSM3477457,colon,GSE119630,calibration,title,GSE119630,human colon FFPE,"Patient 2, normal colon tissue, biological replicate 2, technical replicate 1",0.0705447643995285,False,False,random_1,0.0
GSM3477459,colon,GSE119630,calibration,title,GSE119630,human colon FFPE,"Patient 2, normal colon tissue, biological replicate 2, technical replicate 3",0.047549832612276,False,False,random_3,0.0
GSM3477461,colon,GSE119630,calibration,title,GSE119630,human colon FFPE,"Patient 2, cancerous colon tissue, biological replicate 2, technical replicate 2",0.0895294621586799,False,False,random_2,0.0
GSM3477462,colon,GSE119630,calibration,title,GSE119630,human colon FFPE,"Patient 2, cancerous colon tissue, biological replicate 2, technical replicate 3",0.0885560289025306,False,False,random_3,0.0
GSM3477463,colon,GSE119630,calibration,title,GSE119630,human colon FFPE,"Patient 3, normal colon tissue, biological replicate 1, technical replicate 1",0.0527632273733615,False,False,random_2,0.0
GSM3477464,colon,GSE119630,calibration,title,GSE119630,human colon FFPE,"Patient 3, normal colon tissue, biological replicate 1, technical replicate 2",0.0540586672723293,False,False,random_4,0.0
GSM3477468,colon,GSE119630,calibration,title,GSE119630,human colon FFPE,"Patient 3, cancerous colon tissue, biological replicate 1, technical replicate 3",0.0922412127256393,False,False,random_0,0.0
GSM3477474,colon,GSE119630,calibration,title,GSE119630,human colon FFPE,"Patient 3, cancerous colon tissue, biological replicate 2, technical replicate 3",0.0956564471125602,False,False,random_0,0.0
GSM3477476,colon,GSE119630,calibration,title,GSE119630,human colon FFPE,"Patient 4, normal colon tissue, biological replicate 1, technical replicate 2",0.0823131576180458,False,False,random_1,0.0
GSM3477480,colon,GSE119630,calibration,title,GSE119630,human colon FFPE,"Patient 4, cancerous colon tissue, biological replicate 1, technical replicate 3",0.0816495269536972,False,False,random_1,0.0
GSM3477482,colon,GSE119630,calibration,title,GSE119630,human colon FFPE,"Patient 4, normal colon tissue, biological replicate 2, technical replicate 2",0.0831568613648414,False,False,random_0,0.0
GSM3477490,colon,GSE119630,calibration,title,GSE119630,human colon FFPE,"Patient 5, cancerous colon tissue, biological replicate 1, technical replicate 1",0.1135597750544548,False,False,random_2,0.0
GSM3477491,colon,GSE119630,calibration,title,GSE119630,human colon FFPE,"Patient 5, cancerous colon tissue, biological replicate 1, technical replicate 2",0.1092376112937927,False,False,random_3,0.0
GSM3477494,colon,GSE119630,calibration,title,GSE119630,human colon FFPE,"Patient 5, normal colon tissue, biological replicate 2, technical replicate 2",0.0916599407792091,False,False,random_2,0.0
GSM3477497,colon,GSE119630,calibration,title,GSE119630,human colon FFPE,"Patient 5, cancerous colon tissue, biological replicate 2, technical replicate 2",0.1157274544239044,False,False,random_0,0.0
GSM3477498,colon,GSE119630,calibration,title,GSE119630,human colon FFPE,"Patient 5, cancerous colon tissue, biological replicate 2, technical replicate 3",0.0857392400503158,False,False,random_4,0.0
GSM4075467,colon,GSE137327,calibration,source,GSE137327,Colon,C1: Control No.1,0.1013872101902961,False,False,random_0,0.0
GSM4075469,colon,GSE137327,calibration,source,GSE137327,Colon,C2: Control No.2,0.0828515961766243,False,False,random_4,0.0
GSM4075471,colon,GSE137327,calibration,source,GSE137327,Colon,C3: Control No.3,0.0964348465204238,False,False,random_0,0.0
GSM4075473,colon,GSE137327,calibration,source,GSE137327,Colon,C4: Control No.4,0.1167388707399368,False,False,random_3,0.0
GSM4075475,colon,GSE137327,calibration,source,GSE137327,Colon,C5: Control No.5,0.1052559092640876,False,False,random_1,0.0
GSM4075477,colon,GSE137327,calibration,source,GSE137327,Colon,C6: Control No.6,0.0654387027025222,False,False,random_2,0.0
GSM4075479,colon,GSE137327,calibration,source,GSE137327,Colon,C7: Control No.7,0.0937280356884002,False,False,random_4,0.0
GSM4075481,colon,GSE137327,calibration,source,GSE137327,Colon,C8: Control No.8,0.0891995504498481,False,False,random_4,0.0
GSM4075483,colon,GSE137327,calibration,source,GSE137327,Colon,C9: Control No.9,0.0663807541131973,False,False,random_3,0.0
GSM4632829,colon,GSE152999,calibration,source,GSE152999,Healthy Colon,CRL1541 FBs,0.2343343645334243,False,False,random_2,0.0
GSM4632830,colon,GSE152999,calibration,source,GSE152999,Healthy Colon,NL-34 FBs,0.3803146481513977,False,False,random_4,0.0
GSM4632831,colon,GSE152999,calibration,source,GSE152999,UC Colon,UC-5 FBs,0.2499576061964035,False,False,random_3,0.0
GSM4632832,colon,GSE152999,calibration,source,GSE152999,UC Colon,UC-40 FBs,0.3422020375728607,False,False,random_3,0.0
GSM4632833,colon,GSE152999,calibration,source,GSE152999,UC Colon,UC-35 FBs,0.3740794956684112,False,False,random_1,0.0
GSM2343672,colon,GSE88253,calibration,source,GSE88253,Homo sapiens transverse colon tissue female adult (51 year),total RNA-seq from transverse colon (ENCLB364ORB),0.071707546710968,False,False,random_2,0.0
GSM2343963,colon,GSE88426,calibration,source,GSE88426,Homo sapiens sigmoid colon tissue female adult (53 years),small RNA-seq from sigmoid colon (ENCLB608HYG),0.137534812092781,False,False,random_2,0.0
GSM2344399,colon,GSE88679,calibration,source,GSE88679,Homo sapiens sigmoid colon tissue male adult (54 years),small RNA-seq from sigmoid colon (ENCLB959UXM),0.2078909575939178,False,False,random_1,0.0
GSM3898730,liver,GSE132219|GSE133039,calibration,source,GSE132219	GSE133039,Normal liver tissue,Nontumor9,0.0756979957222938,False,False,random_3,0.0
GSM3898731,liver,GSE132219|GSE133039,calibration,source,GSE132219	GSE133039,Normal liver tissue,Nontumor10,0.1073538735508918,False,False,random_4,0.0
GSM3898732,liver,GSE132219|GSE133039,calibration,source,GSE132219	GSE133039,Normal liver tissue,Nontumor11,0.0889921486377716,False,False,random_2,0.0
GSM3898733,liver,GSE132219|GSE133039,calibration,source,GSE132219	GSE133039,Normal liver tissue,Nontumor12,0.1646623611450195,False,False,random_4,0.0
GSM3898734,liver,GSE132219|GSE133039,calibration,source,GSE132219	GSE133039,Normal liver tissue,Nontumor1,0.0815897956490516,False,False,random_3,0.0
GSM3898735,liver,GSE132219|GSE133039,calibration,source,GSE132219	GSE133039,Normal liver tissue,Nontumor2,0.071496769785881,False,False,random_1,0.0
GSM3898736,liver,GSE132219|GSE133039,calibration,source,GSE132219	GSE133039,Normal liver tissue,Nontumor13,0.1594916731119156,False,False,random_3,0.0
GSM3898737,liver,GSE132219|GSE133039,calibration,source,GSE132219	GSE133039,Normal liver tissue,Nontumor4,0.0999163165688514,False,False,random_4,0.0
GSM3898741,liver,GSE132219|GSE133039,calibration,source,GSE132219	GSE133039,Normal liver tissue,Nontumor17,0.1044129282236099,False,False,random_4,0.0
GSM3898743,liver,GSE132219|GSE133039,calibration,source,GSE132219	GSE133039,Normal liver tissue,Nontumor5,0.088187463581562,False,False,random_0,0.0
GSM3898744,liver,GSE132219|GSE133039,calibration,source,GSE132219	GSE133039,Normal liver tissue,Nontumor26,0.1331798881292343,False,False,random_2,0.0
GSM3898746,liver,GSE132219|GSE133039,calibration,source,GSE132219	GSE133039,Normal liver tissue,Nontumor19,0.1302896440029144,False,False,random_4,0.0
GSM3898750,liver,GSE132219|GSE133039,calibration,source,GSE132219	GSE133039,Normal liver tissue,Nontumor23,0.1200545206665992,False,False,random_1,0.0
GSM3898751,liver,GSE132219|GSE133039,calibration,source,GSE132219	GSE133039,Normal liver tissue,Nontumor3,0.0771216377615928,False,False,random_3,0.0
GSM3898752,liver,GSE132219|GSE133039,calibration,source,GSE132219	GSE133039,Normal liver tissue,Nontumor24,0.111621007323265,False,False,random_4,0.0
GSM3898753,liver,GSE132219|GSE133039,calibration,source,GSE132219	GSE133039,Normal liver tissue,Nontumor25,0.0841164961457252,False,False,random_1,0.0
GSM3898755,liver,GSE132219|GSE133039,calibration,source,GSE132219	GSE133039,Normal liver tissue,Nontumor29,0.1333422511816024,False,False,random_2,0.0
GSM3898756,liver,GSE132219|GSE133039,calibration,source,GSE132219	GSE133039,Normal liver tissue,Nontumor31,0.1103290170431137,False,False,random_0,0.0
GSM3898757,liver,GSE132219|GSE133039,calibration,source,GSE132219	GSE133039,Normal liver tissue,Nontumor32,0.100901074707508,False,False,random_4,0.0
GSM3898758,liver,GSE132219|GSE133039,calibration,source,GSE132219	GSE133039,Normal liver tissue,Nontumor20,0.1703570783138275,False,False,random_4,0.0
GSM4162226,liver,GSE140462|GSE140463,calibration,source,GSE140462	GSE140463,Liver Tissue,HCC-FREE2,0.0356481745839118,False,False,random_2,0.0
GSM4162227,liver,GSE140462|GSE140463,calibration,source,GSE140462	GSE140463,Liver Tissue,HCC-FREE3,0.0060699447058141,False,False,random_4,0.0
GSM4162228,liver,GSE140462|GSE140463,calibration,source,GSE140462	GSE140463,Liver Tissue,HCC-FREE4,0.0914499312639236,False,False,random_2,0.0
GSM4162229,liver,GSE140462|GSE140463,calibration,source,GSE140462	GSE140463,Liver Tissue,HCC-FREE6,0.0623723231256008,False,False,random_2,0.0
GSM4162230,liver,GSE140462|GSE140463,calibration,source,GSE140462	GSE140463,Liver Tissue,HCC-FREE7,0.0419734120368957,False,False,random_2,0.0
GSM4162231,liver,GSE140462|GSE140463,calibration,source,GSE140462	GSE140463,Liver Tissue,HCC-FREE8,0.0380994081497192,False,False,random_2,0.0
GSM4162232,liver,GSE140462|GSE140463,calibration,source,GSE140462	GSE140463,Liver Tissue,HCC-FREE9,0.0424119420349597,False,False,random_2,0.0
GSM4257053,liver,GSE143318,calibration,source,GSE143318,Liver,Alcoholic Hepatitis Patient 1,0.0356025360524654,False,False,random_0,0.0
GSM4257054,liver,GSE143318,calibration,source,GSE143318,Liver,Alcoholic Hepatitis Patient 2,0.0457069613039493,False,False,random_0,0.0
GSM4257055,liver,GSE143318,calibration,source,GSE143318,Liver,Alcoholic Hepatitis Patient 3,0.0398139543831348,False,False,random_3,0.0
GSM4257056,liver,GSE143318,calibration,source,GSE143318,Liver,Alcoholic Hepatitis Patient 4,0.0511729978024959,False,False,random_4,0.0
GSM4257057,liver,GSE143318,calibration,source,GSE143318,Liver,Alcoholic Hepatitis Patient 5,0.0494382642209529,False,False,random_0,0.0
GSM4257058,liver,GSE143318,calibration,source,GSE143318,Liver,Donor Patient 1,0.0358083322644233,False,False,random_0,0.0
GSM4257059,liver,GSE143318,calibration,source,GSE143318,Liver,Donor Patient 2,0.0471345037221908,False,False,random_0,0.0
GSM4257060,liver,GSE143318,calibration,source,GSE143318,Liver,Donor Patient 3,0.0347721576690673,False,False,random_0,0.0
GSM4257061,liver,GSE143318,calibration,source,GSE143318,Liver,Donor Patient 4,0.0456532947719097,False,False,random_1,0.0
GSM4257062,liver,GSE143318,calibration,source,GSE143318,Liver,Donor Patient 5,0.0287100803107023,False,False,random_4,0.0
GSM4852526,liver,GSE160016|GSE160022,calibration,source,GSE160016	GSE160022,Liver,"Liver, D2_17",0.0324252061545848,False,False,random_3,0.0
GSM4852527,liver,GSE160016|GSE160022,calibration,source,GSE160016	GSE160022,Liver,"Liver, D2_21",0.0578915663063526,False,False,random_1,0.0
GSM4852528,liver,GSE160016|GSE160022,calibration,source,GSE160016	GSE160022,Liver,"Liver, D2_25",0.0441742911934852,False,False,random_1,0.0
GSM4852529,liver,GSE160016|GSE160022,calibration,source,GSE160016	GSE160022,Liver,"Liver, D2_26",0.0269466862082481,False,False,random_4,0.0
GSM4852530,liver,GSE160016|GSE160022,calibration,source,GSE160016	GSE160022,Liver,"Liver, D2_8",0.0319990776479244,False,False,random_1,0.0
GSM4852531,liver,GSE160016|GSE160022,calibration,source,GSE160016	GSE160022,Liver,"Liver, ZY12",0.0302261710166931,False,False,random_1,0.0
GSM4852532,liver,GSE160016|GSE160022,calibration,source,GSE160016	GSE160022,Liver,"Liver, D1_22",0.0718177258968353,False,False,random_2,0.0
GSM4852533,liver,GSE160016|GSE160022,calibration,source,GSE160016	GSE160022,Liver,"Liver, D1_30",0.0542626194655895,False,False,random_1,0.0
GSM4852534,liver,GSE160016|GSE160022,calibration,source,GSE160016	GSE160022,Liver,"Liver, ZY10",0.0296678636223077,False,False,random_1,0.0
GSM4852535,liver,GSE160016|GSE160022,calibration,source,GSE160016	GSE160022,Liver,"Liver, ZY24",0.0223321001976728,False,False,random_1,0.0
GSM4852536,liver,GSE160016|GSE160022,calibration,source,GSE160016	GSE160022,Liver,"Liver, ZY6",0.0646995678544044,False,False,random_0,0.0
GSM5106590,liver,GSE167523,calibration,source,GSE167523,Liver,NAFLD liver 1,0.0139207448810338,False,False,random_3,0.0
GSM5106596,liver,GSE167523,calibration,source,GSE167523,Liver,NAFLD liver 7,0.017959801480174,False,False,random_3,0.0
GSM5106598,liver,GSE167523,calibration,source,GSE167523,Liver,NAFLD liver 9,0.0158163197338581,False,False,random_2,0.0
GSM5106600,liver,GSE167523,calibration,source,GSE167523,Liver,NAFLD liver 11,0.0190059319138526,False,False,random_2,0.0
GSM5106611,liver,GSE167523,calibration,source,GSE167523,Liver,NAFLD liver 22,0.0140958754345774,False,False,random_4,0.0
GSM5106612,liver,GSE167523,calibration,source,GSE167523,Liver,NAFLD liver 23,0.0161105468869209,False,False,random_4,0.0
GSM5106613,liver,GSE167523,calibration,source,GSE167523,Liver,NAFLD liver 24,0.0278941132128238,False,False,random_2,0.0
GSM5106619,liver,GSE167523,calibration,source,GSE167523,Liver,NAFLD liver 30,0.0132353929802775,False,False,random_3,0.0
GSM5106623,liver,GSE167523,calibration,source,GSE167523,Liver,NAFLD liver 34,0.0285946372896432,False,False,random_0,0.0
GSM5106632,liver,GSE167523,calibration,source,GSE167523,Liver,NAFLD liver 43,0.0166638791561126,False,False,random_3,0.0
GSM5106637,liver,GSE167523,calibration,source,GSE167523,Liver,NAFLD liver 48,0.0247887149453163,False,False,random_3,0.0
GSM5106644,liver,GSE167523,calibration,source,GSE167523,Liver,NAFLD liver 55,0.0217238571494817,False,False,random_0,0.0
GSM5106648,liver,GSE167523,calibration,source,GSE167523,Liver,NAFLD liver 59,0.0224890485405921,False,False,random_1,0.0
GSM5106650,liver,GSE167523,calibration,source,GSE167523,Liver,NAFLD liver 61,0.0208796318620443,False,False,random_3,0.0
GSM5106651,liver,GSE167523,calibration,source,GSE167523,Liver,NAFLD liver 62,0.0264855157583951,False,False,random_1,0.0
GSM5106654,liver,GSE167523,calibration,source,GSE167523,Liver,NAFLD liver 65,0.02527123875916,False,False,random_1,0.0
GSM5106659,liver,GSE167523,calibration,source,GSE167523,Liver,NAFLD liver 70,0.015656603500247,False,False,random_0,0.0
GSM5106663,liver,GSE167523,calibration,source,GSE167523,Liver,NAFLD liver 74,0.0247932095080614,False,False,random_3,0.0
GSM5106668,liver,GSE167523,calibration,source,GSE167523,Liver,NAFLD liver 79,0.0185529515147209,False,False,random_3,0.0
GSM5106685,liver,GSE167523,calibration,source,GSE167523,Liver,NAFLD liver 96,0.0269796419888734,False,False,random_2,0.0
GSM5331008,liver,GSE175169,calibration,source,GSE175169,"Homo sapiens female adult (47 years) right lobe of liver tissue, preserved by flash-freezing",total RNA-seq from right lobe of liver (ENCLB596AIE),0.0184127427637577,False,False,random_4,0.0
GSM2072372,liver,GSE78562,calibration,source,GSE78562,Homo sapiens liver tissue male adult (32 years),total RNA-seq from liver (ENCLB174ZZZ),0.0111556537449359,False,False,random_2,0.0
GSM2072373,liver,GSE78562,calibration,source,GSE78562,Homo sapiens liver tissue female child (6 years),total RNA-seq from liver (ENCLB173ZZZ),0.0095765832811594,False,False,random_0,0.0
GSM2343656,liver,GSE88244,calibration,source,GSE88244,Homo sapiens liver tissue female child (4 years),total RNA-seq from liver (ENCLB869UHR),0.1979885548353195,False,False,random_0,0.0
GSM2343657,liver,GSE88244,calibration,source,GSE88244,Homo sapiens liver tissue male adult (32 years),total RNA-seq from liver (ENCLB420PUQ),0.1780054867267608,False,False,random_3,0.0
GSM2343909,liver,GSE88393,calibration,source,GSE88393,Homo sapiens right lobe of liver tissue female adult (53 years),small RNA-seq from right lobe of liver (ENCLB496AQV),0.1403940320014953,False,False,random_0,0.0
GSM3591778,lung,GSE126111,calibration,source,GSE126111,Lung,Patient 1 non-involved lung,0.269441545009613,False,False,random_3,0.0
GSM4104463,lung,GSE138283,calibration,source,GSE138283,Lung tissue,ATP2005,0.0090585751459002,False,False,random_2,0.0
GSM4104464,lung,GSE138283,calibration,source,GSE138283,Lung tissue,ATP2019,0.0149433137848973,False,False,random_2,0.0
GSM4104465,lung,GSE138283,calibration,source,GSE138283,Lung tissue,ATP2024,0.008710078895092,False,False,random_4,0.0
GSM4104466,lung,GSE138283,calibration,source,GSE138283,Lung tissue,ATP2025,0.0049062031321227,False,False,random_0,0.0
GSM4104467,lung,GSE138283,calibration,source,GSE138283,Lung tissue,ATP2032,0.0057417191565036,False,False,random_2,0.0
GSM4104468,lung,GSE138283,calibration,source,GSE138283,Lung tissue,ATP2041,0.0070986947976052,False,False,random_2,0.0
GSM4104469,lung,GSE138283,calibration,source,GSE138283,Lung tissue,ATP2042,0.005618127528578,False,False,random_3,0.0
GSM4104470,lung,GSE138283,calibration,source,GSE138283,Lung tissue,ATP2044,0.0115238185971975,False,False,random_1,0.0
GSM4104471,lung,GSE138283,calibration,source,GSE138283,Lung tissue,ATP2048,0.0166583396494388,False,False,random_0,0.0
GSM4104472,lung,GSE138283,calibration,source,GSE138283,Lung tissue,ATP2049,0.008186612278223,False,False,random_0,0.0
GSM4104473,lung,GSE138283,calibration,source,GSE138283,Lung tissue,ATP2051,0.0076977056451141,False,False,random_4,0.0
GSM4104474,lung,GSE138283,calibration,source,GSE138283,Lung tissue,ATP2053,0.0071554533205926,False,False,random_0,0.0
GSM4104475,lung,GSE138283,calibration,source,GSE138283,Lung tissue,ATP3007,0.0079177534207701,False,False,random_3,0.0
GSM4104476,lung,GSE138283,calibration,source,GSE138283,Lung tissue,ATP3013,0.010851071216166,False,False,random_3,0.0
GSM4104477,lung,GSE138283,calibration,source,GSE138283,Lung tissue,ATP3014,0.0083133345469832,False,False,random_3,0.0
GSM4104478,lung,GSE138283,calibration,source,GSE138283,Lung tissue,ATP3017,0.0063123507425189,False,False,random_1,0.0
GSM4104479,lung,GSE138283,calibration,source,GSE138283,Lung tissue,ATP3018,0.0111157149076461,False,False,random_4,0.0
GSM4237848,lung,GSE142695,calibration,source,GSE142695,lung,control_rep1,0.0087391808629035,False,False,random_1,0.0
GSM4237849,lung,GSE142695,calibration,source,GSE142695,lung,control_rep2,0.0097745945677161,False,False,random_4,0.0
GSM4237850,lung,GSE142695,calibration,source,GSE142695,lung,control_rep3,0.017971521243453,False,False,random_2,0.0
GSM4237851,lung,GSE142695,calibration,source,GSE142695,lung,miR-30a-3p_rep1,0.0166669692844152,False,False,random_4,0.0
GSM4237852,lung,GSE142695,calibration,source,GSE142695,lung,miR-30a-3p_rep2,0.0173762049525976,False,False,random_1,0.0
GSM4237853,lung,GSE142695,calibration,source,GSE142695,lung,miR-30a-3p_rep3,0.0182463619858026,False,False,random_0,0.0
GSM4237854,lung,GSE142695,calibration,source,GSE142695,lung,miR-30a-5p_rep1,0.0177422426640987,False,False,random_2,0.0
GSM4237855,lung,GSE142695,calibration,source,GSE142695,lung,miR-30a-5p_rep2,0.0111496727913618,False,False,random_3,0.0
GSM4237856,lung,GSE142695,calibration,source,GSE142695,lung,miR-30a-5p_rep3,0.0118291247636079,False,False,random_0,0.0
GSM4658759,lung,GSE153935,calibration,source,GSE153935,Lung,Donor 2 non-involved lung,0.1759914308786392,False,False,random_2,0.0
GSM4658761,lung,GSE153935,calibration,source,GSE153935,Lung,Donor 3 non-involved lung,0.1750304251909256,False,False,random_3,0.0
GSM4658766,lung,GSE153935,calibration,source,GSE153935,Lung,Donor 7 non-involved lung,0.3175552487373352,False,False,random_0,0.0
GSM4658769,lung,GSE153935,calibration,source,GSE153935,Lung,Donor 9 non-involved lung,0.1591689586639404,False,False,random_4,0.0
GSM4658771,lung,GSE153935,calibration,source,GSE153935,Lung,Donor 10 non-involved lung,0.1013016700744628,False,False,random_1,0.0
GSM4658773,lung,GSE153935,calibration,source,GSE153935,Lung,Donor 11 non-involved lung,0.1735947728157043,False,False,random_2,0.0
GSM4751803,lung,GSE157057,calibration,source,GSE157057,Lung,JA1_1E4_UN_1_S65_L004,0.0969135537743568,False,False,random_1,0.0
GSM4751804,lung,GSE157057,calibration,source,GSE157057,Lung,JA1_1E4_UN_2_S66_L004,0.0512759983539581,False,False,random_0,0.0
GSM4751805,lung,GSE157057,calibration,source,GSE157057,Lung,JA1_1E4_48h_1_S67_L004,0.0635760426521301,False,False,random_4,0.0
GSM4751806,lung,GSE157057,calibration,source,GSE157057,Lung,JA1_1E4_48h_2_S68_L004,0.0590259656310081,False,False,random_0,0.0
GSM4751807,lung,GSE157057,calibration,source,GSE157057,Lung,JA1_2E4_UN_1_S69_L004,0.1487458497285843,False,False,random_2,0.0
GSM4751808,lung,GSE157057,calibration,source,GSE157057,Lung,JA1_2E4_UN_2_S70_L004,0.0901836678385734,False,False,random_2,0.0
GSM4751809,lung,GSE157057,calibration,source,GSE157057,Lung,JA1_2E4_48h_1_S71_L004,0.0655614137649536,False,False,random_3,0.0
GSM4751810,lung,GSE157057,calibration,source,GSE157057,Lung,JA1_2E4_48h_2_S72_L004,0.0728540271520614,False,False,random_1,0.0
GSM4751811,lung,GSE157057,calibration,source,GSE157057,Lung,JA1_ALI_UN_1_S76_L004,0.0764556750655174,False,False,random_1,0.0
GSM4751812,lung,GSE157057,calibration,source,GSE157057,Lung,JA1_ALI_UN_2_S77_L004,0.1183770224452018,False,False,random_3,0.0
GSM4751813,lung,GSE157057,calibration,source,GSE157057,Lung,JA1_ALI_48h_1_S78_L004,0.0742930471897125,False,False,random_3,0.0
GSM4751814,lung,GSE157057,calibration,source,GSE157057,Lung,JA1_ALI_48h_2_S79_L004,0.0841336697340011,False,False,random_4,0.0
GSM4751815,lung,GSE157057,calibration,source,GSE157057,Lung,JA1_ALI_72h_1_S80_L004,0.1103618144989013,False,False,random_3,0.0
GSM4751816,lung,GSE157057,calibration,source,GSE157057,Lung,JA1_ALI_72h_2_S81_L004,0.124482050538063,False,False,random_4,0.0
GSM4751817,lung,GSE157057,calibration,source,GSE157057,Lung,JA1_monolayer_Un_S73_L004,0.1181308850646019,False,False,random_4,0.0
GSM4751818,lung,GSE157057,calibration,source,GSE157057,Lung,JA1_monolayer_48h_S74_L004,0.1317656338214874,False,False,random_0,0.0
GSM4751819,lung,GSE157057,calibration,source,GSE157057,Lung,JA1_monolayer_72h_S75_L004,0.0782405436038971,False,False,random_1,0.0
GSM5330573,lung,GSE174943,calibration,source,GSE174943,"Homo sapiens female adult (47 years) lung tissue, preserved by flash-freezing",total RNA-seq from lung (ENCLB180FNT),0.0222507361322641,False,False,random_4,0.0
GSM2343696,lung,GSE88267,calibration,source,GSE88267,Homo sapiens upper lobe of left lung tissue female adult (51 year),total RNA-seq from upper lobe of left lung (ENCLB308EJA),0.081649363040924,False,False,random_1,0.0
GSM3293899,skin,GSE117405,calibration,source,GSE117405,Palmoplantar psoriatic skin,HF_3,0.0288863759487867,False,False,random_4,0.0
GSM3293903,skin,GSE117405,calibration,source,GSE117405,Control skin,C39,0.0265653152018785,False,False,random_0,0.0
GSM3293906,skin,GSE117405,calibration,source,GSE117405,Control skin,C43,0.0339515320956707,False,False,random_3,0.0
GSM3293913,skin,GSE117405,calibration,source,GSE117405,Conventional psoriatic skin,CP_5,0.0298809260129928,False,False,random_4,0.0
GSM3293914,skin,GSE117405,calibration,source,GSE117405,Conventional psoriatic skin,CP_6,0.0369156375527381,False,False,random_2,0.0
GSM3293915,skin,GSE117405,calibration,source,GSE117405,Conventional psoriatic skin,CP_7,0.0458212383091449,False,False,random_0,0.0
GSM3293916,skin,GSE117405,calibration,source,GSE117405,Conventional psoriatic skin,CP_8,0.0566765256226062,False,False,random_4,0.0
GSM3293921,skin,GSE117405,calibration,source,GSE117405,Scalp psoriatic skin,SP_5,0.0457280352711677,False,False,random_3,0.0
GSM3293922,skin,GSE117405,calibration,source,GSE117405,Scalp psoriatic skin,SP_6,0.0567013323307037,False,False,random_0,0.0
GSM3293923,skin,GSE117405,calibration,source,GSE117405,Scalp psoriatic skin,SP_7,0.0468083247542381,False,False,random_1,0.0
GSM3293924,skin,GSE117405,calibration,source,GSE117405,Scalp psoriatic skin,SP_8,0.0511124655604362,False,False,random_0,0.0
GSM3427868,skin,GSE121212,calibration,source,GSE121212,skin biopsy,AD_004_lesional,0.0503276884555816,False,False,random_1,0.0
GSM3427869,skin,GSE121212,calibration,source,GSE121212,skin biopsy,AD_004_non-lesional,0.0532606430351734,False,False,random_4,0.0
GSM3427874,skin,GSE121212,calibration,source,GSE121212,skin biopsy,AD_007_lesional,0.0399831049144268,False,False,random_3,0.0
GSM3427879,skin,GSE121212,calibration,source,GSE121212,skin biopsy,AD_011_non-lesional,0.0395203307271003,False,False,random_0,0.0
GSM3427881,skin,GSE121212,calibration,source,GSE121212,skin biopsy,AD_014_non-lesional,0.0443930141627788,False,False,random_0,0.0
GSM3427882,skin,GSE121212,calibration,source,GSE121212,skin biopsy,AD_016_lesional,0.0585995987057685,False,False,random_1,0.0
GSM3427892,skin,GSE121212,calibration,source,GSE121212,skin biopsy,AD_023_lesional,0.0382411852478981,False,False,random_1,0.0
GSM3427893,skin,GSE121212,calibration,source,GSE121212,skin biopsy,AD_023_non-lesional,0.0379951260983943,False,False,random_3,0.0
GSM3427930,skin,GSE121212,calibration,source,GSE121212,skin biopsy,CTRL_026_healthy,0.0442112199962139,False,False,random_3,0.0
GSM3427937,skin,GSE121212,calibration,source,GSE121212,skin biopsy,CTRL_035_healthy,0.0500125475227832,False,False,random_3,0.0
GSM3427945,skin,GSE121212,calibration,source,GSE121212,skin biopsy,CTRL_043_healthy,0.0423922315239906,False,False,random_0,0.0
GSM3427954,skin,GSE121212,calibration,source,GSE121212,skin biopsy,PSO_003_non-lesional,0.0472588986158371,False,False,random_2,0.0
GSM3427958,skin,GSE121212,calibration,source,GSE121212,skin biopsy,PSO_006_non-lesional,0.05448929220438,False,False,random_4,0.0
GSM3427965,skin,GSE121212,calibration,source,GSE121212,skin biopsy,PSO_011_lesional,0.0693628042936325,False,False,random_2,0.0
GSM3427970,skin,GSE121212,calibration,source,GSE121212,skin biopsy,PSO_014_non-lesional,0.0584904551506042,False,False,random_4,0.0
GSM3427978,skin,GSE121212,calibration,source,GSE121212,skin biopsy,PSO_018_non-lesional,0.0438093766570091,False,False,random_4,0.0
GSM3427984,skin,GSE121212,calibration,source,GSE121212,skin biopsy,PSO_024_non-lesional,0.0486259087920188,False,False,random_1,0.0
GSM3427990,skin,GSE121212,calibration,source,GSE121212,skin biopsy,PSO_029_non-lesional,0.0482618771493434,False,False,random_4,0.0
GSM3428003,skin,GSE121212,calibration,source,GSE121212,skin biopsy,PSO_037_non-lesional,0.0487135350704193,False,False,random_2,0.0
GSM3428012,skin,GSE121212,calibration,source,GSE121212,skin biopsy,AD_036_chronic_lesion,0.0563399493694305,False,False,random_4,0.0
GSM3475458,skin,GSE122592,calibration,source,GSE122592,Healthy donor skin,healthy donor skin_1,0.0372261628508567,False,False,random_4,0.0
GSM3475459,skin,GSE122592,calibration,source,GSE122592,Healthy donor skin,healthy donor skin_2,0.0369017496705055,False,False,random_2,0.0
GSM3475460,skin,GSE122592,calibration,source,GSE122592,Healthy donor skin,healthy donor skin_3,0.0329893752932548,False,False,random_3,0.0
GSM3475461,skin,GSE122592,calibration,source,GSE122592,Healthy donor skin,healthy donor skin_4,0.0319979973137378,False,False,random_0,0.0
GSM3475462,skin,GSE122592,calibration,source,GSE122592,Acne inversa skin,Acne inversa skin_1,0.0479387082159519,False,False,random_1,0.0
GSM3475463,skin,GSE122592,calibration,source,GSE122592,Acne inversa skin,Acne inversa skin_2,0.0246721878647804,False,False,random_1,0.0
GSM3475464,skin,GSE122592,calibration,source,GSE122592,Acne inversa skin,Acne inversa skin_3,0.0285827964544296,False,False,random_3,0.0
GSM3590062,skin,GSE126066,calibration,source,GSE126066,skin,Daiv1,0.0770503133535385,False,False,random_1,0.0
GSM3590063,skin,GSE126066,calibration,source,GSE126066,skin,Daiv2,0.0649575069546699,False,False,random_0,0.0
GSM3590064,skin,GSE126066,calibration,source,GSE126066,skin,LE1,0.0722526460886001,False,False,random_0,0.0
GSM3590065,skin,GSE126066,calibration,source,GSE126066,skin,LE2,0.064172126352787,False,False,random_1,0.0
GSM3590066,skin,GSE126066,calibration,source,GSE126066,skin,LE3,0.0720562785863876,False,False,random_4,0.0
GSM3590067,skin,GSE126066,calibration,source,GSE126066,skin,MG2,0.0753156542778015,False,False,random_2,0.0
GSM3590068,skin,GSE126066,calibration,source,GSE126066,skin,MG3,0.0942064672708511,False,False,random_2,0.0
GSM3590069,skin,GSE126066,calibration,source,GSE126066,skin,NLE1,0.052869077771902,False,False,random_2,0.0
GSM3590070,skin,GSE126066,calibration,source,GSE126066,skin,NLE2,0.0340108200907707,False,False,random_0,0.0
GSM3590071,skin,GSE126066,calibration,source,GSE126066,skin,NLE3,0.0505686067044734,False,False,random_2,0.0
GSM3590072,skin,GSE126066,calibration,source,GSE126066,skin,Vas1,0.0734887197613716,False,False,random_3,0.0
GSM3590073,skin,GSE126066,calibration,source,GSE126066,skin,Vas2,0.1273953467607498,False,False,random_4,0.0
GSM3590074,skin,GSE126066,calibration,source,GSE126066,skin,Vas3,0.087657131254673,False,False,random_1,0.0
GSM3892581,skin,GSE132802,calibration,source,GSE132802,Skin biopsy from HV4,SKIN_HV4,0.3492256700992584,False,False,random_0,0.0
GSM3892582,skin,GSE132802,calibration,source,GSE132802,Skin biopsy from HV5,SKIN_HV5,0.2013416141271591,False,False,random_4,0.0
GSM3946485,skin,GSE134431,calibration,source,GSE134431,Diabetic foot skin,Diabetic Foot Skin Donor #11,0.0078199720010161,False,False,random_1,0.0
GSM3946486,skin,GSE134431,calibration,source,GSE134431,Diabetic foot skin,Diabetic Foot Skin Donor #20,0.0075796535238623,False,False,random_0,0.0
GSM3946487,skin,GSE134431,calibration,source,GSE134431,Diabetic foot skin,Diabetic Foot Skin Donor #21,0.0079465741291642,False,False,random_4,0.0
GSM3946488,skin,GSE134431,calibration,source,GSE134431,Diabetic foot skin,Diabetic Foot Skin Donor #31,0.0059839645400643,False,False,random_1,0.0
GSM3946489,skin,GSE134431,calibration,source,GSE134431,Diabetic foot skin,Diabetic Foot Skin Donor #32,0.0091545497998595,False,False,random_2,0.0
GSM3946490,skin,GSE134431,calibration,source,GSE134431,Diabetic foot skin,Diabetic Foot Skin Donor #34,0.0032698921859264,False,False,random_3,0.0
GSM3946491,skin,GSE134431,calibration,source,GSE134431,Diabetic foot skin,Diabetic Foot Skin Donor #37,0.0075115761719644,False,False,random_1,0.0
GSM3946492,skin,GSE134431,calibration,source,GSE134431,Diabetic foot skin,Diabetic Foot Skin Donor #39,0.0066734910942614,False,False,random_0,0.0
GSM4142607,skin,GSE139505,calibration,title,GSE139505,4 mm punch biopsy,H1: Healthy skin biopsy,0.0518449433147907,False,False,random_1,0.0
GSM4142608,skin,GSE139505,calibration,title,GSE139505,4 mm punch biopsy,H2: Healthy skin biopsy,0.0508485436439514,False,False,random_0,0.0
GSM4142609,skin,GSE139505,calibration,title,GSE139505,4 mm punch biopsy,H3: Healthy skin biopsy,0.0533037558197975,False,False,random_2,0.0
GSM4142610,skin,GSE139505,calibration,title,GSE139505,4 mm punch biopsy,H4: Healthy skin biopsy,0.0489862859249115,False,False,random_3,0.0
GSM4142611,skin,GSE139505,calibration,title,GSE139505,4 mm punch biopsy,H5: Healthy skin biopsy,0.0534670054912567,False,False,random_3,0.0
GSM4142612,skin,GSE139505,calibration,title,GSE139505,4 mm punch biopsy,H6: Healthy skin biopsy,0.0564384162425994,False,False,random_2,0.0
GSM4142613,skin,GSE139505,calibration,title,GSE139505,4 mm punch biopsy,H7: Healthy skin biopsy,0.0518222227692604,False,False,random_4,0.0
GSM4273445,skin,GSE143735,calibration,source,GSE143735,forearm whole skin,"forearm, no ulcer, X201_s",0.0272037424147129,False,False,random_0,0.0
GSM4273446,skin,GSE143735,calibration,source,GSE143735,forearm whole skin,"forearm, no ulcer, X202_s",0.036418542265892,False,False,random_3,0.0
GSM4273447,skin,GSE143735,calibration,source,GSE143735,forearm whole skin,"forearm, no ulcer, X203_s",0.0274513680487871,False,False,random_1,0.0
GSM4273448,skin,GSE143735,calibration,source,GSE143735,forearm whole skin,"forearm, no ulcer, X204_s",0.0266021229326725,False,False,random_4,0.0
GSM4273449,skin,GSE143735,calibration,source,GSE143735,forearm whole skin,"forearm, ulcer healer, X206_s",0.0223629288375377,False,False,random_0,0.0
GSM4273450,skin,GSE143735,calibration,source,GSE143735,forearm whole skin,"forearm, ulcer healer, X207_s",0.0178582072257995,False,False,random_3,0.0
GSM4273451,skin,GSE143735,calibration,source,GSE143735,forearm whole skin,"forearm, ulcer healer, X208_s",0.0150836426764726,False,False,random_3,0.0
GSM4273452,skin,GSE143735,calibration,source,GSE143735,forearm whole skin,"forearm, ulcer healer, X209_s",0.027381282299757,False,False,random_2,0.0
GSM4273453,skin,GSE143735,calibration,source,GSE143735,forearm whole skin,"forearm, ulcer healer, X210_s",0.0298596918582916,False,False,random_1,0.0
GSM4273454,skin,GSE143735,calibration,source,GSE143735,forearm whole skin,"forearm, ulcer nonhealer, X211_s",0.0157643798738718,False,False,random_3,0.0
GSM4273455,skin,GSE143735,calibration,source,GSE143735,forearm whole skin,"forearm, ulcer nonhealer, X212_s",0.051572673022747,False,False,random_2,0.0
GSM4273456,skin,GSE143735,calibration,source,GSE143735,forearm whole skin,"forearm, ulcer nonhealer, X213_s",0.030912285670638,False,False,random_2,0.0
GSM4273457,skin,GSE143735,calibration,source,GSE143735,forearm whole skin,"forearm, ulcer nonhealer, X215_s",0.0257477015256881,False,False,random_1,0.0
GSM2052586,skin,GSE77466,calibration,source,GSE77466,skin,SC1,0.1595923900604248,False,False,random_0,0.0
GSM2052587,skin,GSE77466,calibration,source,GSE77466,skin,SC2,0.1189593747258186,False,False,random_2,0.0
GSM2052588,skin,GSE77466,calibration,source,GSE77466,skin,SC3,0.1885738521814346,False,False,random_3,0.0
GSM2052589,skin,GSE77466,calibration,source,GSE77466,skin,SC4,0.1337375193834304,False,False,random_2,0.0
GSM2052590,skin,GSE77466,calibration,source,GSE77466,skin,SC5,0.1114404574036598,False,False,random_1,0.0
GSM2052591,skin,GSE77466,calibration,source,GSE77466,skin,SC6,0.1100798696279525,False,False,random_4,0.0
GSM2343841,skin,GSE88354,calibration,source,GSE88354,Homo sapiens lower leg skin tissue female adult (51 year),total RNA-seq from lower leg skin (ENCLB379JUW),0.079429417848587,False,False,random_4,0.0
GSM2693413,brain,GSE100796,test,source,GSE100796,dorsolateral prefrontal cortex,Human_Hs5_DPFC,0.052564013749361,False,False,random_1,0.0
GSM2693414,brain,GSE100796,test,source,GSE100796,ventrolateral prefrontal cortex,Human_Hs5_VPFC,0.064451016485691,False,False,random_0,0.0
GSM2693419,brain,GSE100796,test,source,GSE100796,dorsolateral prefrontal cortex,Human_Hs2_DPFC,0.0558017939329147,False,False,random_4,0.0
GSM2693420,brain,GSE100796,test,source,GSE100796,ventrolateral prefrontal cortex,Human_Hs2_VPFC,0.0547869727015495,False,False,random_1,0.0
GSM2693425,brain,GSE100796,test,source,GSE100796,cerebellum,Human_Hs2_CB,0.0613383948802948,False,False,random_1,0.0
GSM2693427,brain,GSE100796,test,source,GSE100796,ventrolateral prefrontal cortex,Human_Hs6_VPFC,0.047609519213438,False,False,random_1,0.0
GSM2693435,brain,GSE100796,test,source,GSE100796,ventrolateral prefrontal cortex,Human_Hs8_VPFC,0.0398626439273357,False,False,random_4,0.0
GSM2693441,brain,GSE100796,test,source,GSE100796,dorsolateral prefrontal cortex,Human_Hs3_DPFC,0.0215239208191633,False,False,random_1,0.0
GSM2693443,brain,GSE100796,test,source,GSE100796,cerebellum,Human_Hs3_CB,0.0384187251329422,False,False,random_1,0.0
GSM2693449,brain,GSE100796,test,source,GSE100796,cerebellum,Human_Hs1_CB,0.0473876260221004,False,False,random_3,0.0
GSM2693451,brain,GSE100796,test,source,GSE100796,hippocampus,Human_Hs7_HIP,0.0409710705280303,False,False,random_4,0.0
GSM2830596,brain,GSE106159,test,source,GSE106159,Brain,U87_tumor_TW_676_rep1,0.0133834695443511,False,False,random_2,0.0
GSM2830597,brain,GSE106159,test,source,GSE106159,Brain,U87_tumor_TW_677_rep1,0.0229036547243595,False,False,random_4,0.0
GSM2830598,brain,GSE106159,test,source,GSE106159,Brain,U87_tumor_TW_677_rep2,0.0168779846280813,False,False,random_4,0.0
GSM2830599,brain,GSE106159,test,source,GSE106159,Brain,U87_tumor_TW_679_rep1,0.0164218340069055,False,False,random_2,0.0
GSM2830600,brain,GSE106159,test,source,GSE106159,Brain,U87_tumor_TW_679_rep2,0.0155872404575347,False,False,random_1,0.0
GSM2830601,brain,GSE106159,test,source,GSE106159,Brain,U87_tumor_TW_681_rep1,0.0172619652003049,False,False,random_3,0.0
GSM2830602,brain,GSE106159,test,source,GSE106159,Brain,U87_tumor_TW_681_rep2,0.0118202539160847,False,False,random_3,0.0
GSM2830603,brain,GSE106159,test,source,GSE106159,Brain,U87_tumor_dTW_682_rep1,0.0112013332545757,False,False,random_0,0.0
GSM2830605,brain,GSE106159,test,source,GSE106159,Brain,U87_tumor_dTW_683_rep1,0.0102769872173666,False,False,random_3,0.0
GSM2830607,brain,GSE106159,test,source,GSE106159,Brain,U87_tumor_dTW_686_rep1,0.0122248660773038,False,False,random_3,0.0
GSM2830608,brain,GSE106159,test,source,GSE106159,Brain,U87_tumor_dTW_686_rep2,0.0096229445189237,False,False,random_3,0.0
GSM2830609,brain,GSE106159,test,source,GSE106159,Brain,U87_tumor_dTW_687_rep1,0.0161525327712297,False,False,random_0,0.0
GSM2830610,brain,GSE106159,test,source,GSE106159,Brain,U87_tumor_dTW_687_rep2,0.0115191228687763,False,False,random_4,0.0
GSM2830611,brain,GSE106159,test,source,GSE106159,Brain,U87_cell_line_TW_rep1,0.0073649040423333,False,False,random_0,0.0
GSM2830612,brain,GSE106159,test,source,GSE106159,Brain,U87_cell_line_TW_rep2,0.0089611150324344,False,False,random_2,0.0
GSM2830613,brain,GSE106159,test,source,GSE106159,Brain,U87_cell_line_TW_rep3,0.0095537034794688,False,False,random_0,0.0
GSM2830614,brain,GSE106159,test,source,GSE106159,Brain,U87_cell_line_TW_rep4,0.0127340024337172,False,False,random_0,0.0
GSM2830616,brain,GSE106159,test,source,GSE106159,Brain,U87_cell_line_dTW_rep2,0.0119307590648531,False,False,random_4,0.0
GSM2830617,brain,GSE106159,test,source,GSE106159,Brain,U87_cell_line_dTW_rep3,0.0102528631687164,False,False,random_0,0.0
GSM2830618,brain,GSE106159,test,source,GSE106159,Brain,U87_cell_line_dTW_rep4,0.0100081292912364,False,False,random_0,0.0
GSM2843848,brain,GSE106608,test,source,GSE106608,fresh-frozen brain tissue,H204,0.1963523626327514,False,False,random_0,0.0
GSM2843849,brain,GSE106608,test,source,GSE106608,fresh-frozen brain tissue,H137,0.197921484708786,False,False,random_3,0.0
GSM2843850,brain,GSE106608,test,source,GSE106608,fresh-frozen brain tissue,H123,0.1830486208200454,False,False,random_0,0.0
GSM2843851,brain,GSE106608,test,source,GSE106608,fresh-frozen brain tissue,H109,0.190816730260849,False,False,random_3,0.0
GSM2843852,brain,GSE106608,test,source,GSE106608,fresh-frozen brain tissue,H122,0.1748133897781372,False,False,random_3,0.0
GSM2843853,brain,GSE106608,test,source,GSE106608,fresh-frozen brain tissue,H131,0.1535061150789261,False,False,random_2,0.0
GSM2843854,brain,GSE106608,test,source,GSE106608,fresh-frozen brain tissue,H120,0.1589560508728027,False,False,random_2,0.0
GSM2843855,brain,GSE106608,test,source,GSE106608,fresh-frozen brain tissue,H121,0.1632128208875656,False,False,random_3,0.0
GSM2843856,brain,GSE106608,test,source,GSE106608,fresh-frozen brain tissue,H168,0.1744681149721145,False,False,random_3,0.0
GSM2843857,brain,GSE106608,test,source,GSE106608,fresh-frozen brain tissue,PD50,0.1941217333078384,False,False,random_1,0.0
GSM2843858,brain,GSE106608,test,source,GSE106608,fresh-frozen brain tissue,PD54,0.1717428714036941,False,False,random_4,0.0
GSM2843859,brain,GSE106608,test,source,GSE106608,fresh-frozen brain tissue,PD16,0.1305700540542602,False,False,random_1,0.0
GSM2843860,brain,GSE106608,test,source,GSE106608,fresh-frozen brain tissue,PD33,0.3143968284130096,False,False,random_3,0.0
GSM2843861,brain,GSE106608,test,source,GSE106608,fresh-frozen brain tissue,PD15,0.128475472331047,False,False,random_0,0.0
GSM2843862,brain,GSE106608,test,source,GSE106608,fresh-frozen brain tissue,PD8,0.1821727156639099,False,False,random_0,0.0
GSM2843863,brain,GSE106608,test,source,GSE106608,fresh-frozen brain tissue,PD58,0.1075052842497825,False,False,random_3,0.0
GSM3123155,brain,GSE113673|GSE113901,test,source,GSE113673	GSE113901,female rett brain donor,nextseq9: female rett brain donor (human),0.2391782253980636,False,False,random_2,0.0
GSM4008953,brain,GSE135437,test,source,GSE135437,Human brain surgery sample,GBM1_2_6,0.2581160962581634,False,False,random_0,0.0
GSM4008957,brain,GSE135437,test,source,GSE135437,Human brain surgery sample,GBM3_Pl1_2_6,0.2052759528160095,False,False,random_3,0.0
GSM4008960,brain,GSE135437,test,source,GSE135437,Human brain surgery sample,GBM4_1_7,0.2193871587514877,False,False,random_0,0.0
GSM4008962,brain,GSE135437,test,source,GSE135437,Human brain surgery sample,Pat10_GM_1_5,0.2186162322759628,False,False,random_2,0.0
GSM4008964,brain,GSE135437,test,source,GSE135437,Human brain surgery sample,Pat10_WM_2_8,0.2337556332349777,False,False,random_3,0.0
GSM4008969,brain,GSE135437,test,source,GSE135437,Human brain surgery sample,Pat12_1_1,0.498657763004303,False,False,random_3,0.0
GSM4008972,brain,GSE135437,test,source,GSE135437,Human brain surgery sample,Pat13_GM_2_2,0.3862047791481018,False,False,random_3,0.0
GSM4008976,brain,GSE135437,test,source,GSE135437,Human brain surgery sample,Pat14_Plate2_2_4,0.2606833279132843,False,False,random_3,0.0
GSM4008977,brain,GSE135437,test,source,GSE135437,Human brain surgery sample,Pat15_GM_1_1,0.3039721250534057,False,False,random_2,0.0
GSM4008980,brain,GSE135437,test,source,GSE135437,Human brain surgery sample,Pat15_WM_2_4,0.3097996115684509,False,False,random_4,0.0
GSM4008982,brain,GSE135437,test,source,GSE135437,Human brain surgery sample,Pat1_GM_2_6,0.2061208635568618,False,False,random_2,0.0
GSM4008983,brain,GSE135437,test,source,GSE135437,Human brain surgery sample,Pat1_WM_1_7,0.189019575715065,False,False,random_3,0.0
GSM4008984,brain,GSE135437,test,source,GSE135437,Human brain surgery sample,Pat1_WM_2_8,0.2364861220121383,False,False,random_1,0.0
GSM4008986,brain,GSE135437,test,source,GSE135437,Human brain surgery sample,Pat2_GM_2_2,0.411083459854126,False,False,random_1,0.0
GSM4008987,brain,GSE135437,test,source,GSE135437,Human brain surgery sample,Pat2_WM_1_3,0.4625295102596283,False,False,random_0,0.0
GSM4008996,brain,GSE135437,test,source,GSE135437,Human brain surgery sample,Pat4_WM_1_12,0.3779898285865783,False,False,random_4,0.0
GSM4009001,brain,GSE135437,test,source,GSE135437,Human brain surgery sample,Pat6_Plate1_1_1,0.3908518254756927,False,False,random_2,0.0
GSM4009002,brain,GSE135437,test,source,GSE135437,Human brain surgery sample,Pat6_Plate1_2_2,0.2212283909320831,False,False,random_0,0.0
GSM4009008,brain,GSE135437,test,source,GSE135437,Human brain surgery sample,Pat7_WM2_MS_Ctrl_1_7,0.3299465477466583,False,False,random_4,0.0
GSM4009016,brain,GSE135437,test,source,GSE135437,Human brain surgery sample,Pat9_WM_1_5,0.43832927942276,False,False,random_2,0.0
GSM4098896,brain,GSE138082,test,source,GSE138082,hippocampus,CA1_CTL_0815,0.020003292709589,False,False,random_2,0.0
GSM4098899,brain,GSE138082,test,source,GSE138082,hippocampus,CA1_CTL_0823,0.0172620061784982,False,False,random_2,0.0
GSM4098900,brain,GSE138082,test,source,GSE138082,hippocampus,CA1_CTL_0827,0.0233164969831705,False,False,random_0,0.0
GSM4098904,brain,GSE138082,test,source,GSE138082,hippocampus,CA1_CTL_0832,0.0246031861752271,False,False,random_4,0.0
GSM4098906,brain,GSE138082,test,source,GSE138082,hippocampus,CA1_CTL_0836,0.021834684535861,False,False,random_2,0.0
GSM4098909,brain,GSE138082,test,source,GSE138082,hippocampus,CA1_SZ_0809,0.0254937354475259,False,False,random_4,0.0
GSM4098919,brain,GSE138082,test,source,GSE138082,hippocampus,CA1_SZ_0835,0.0296520888805389,False,False,random_2,0.0
GSM4098924,brain,GSE138082,test,source,GSE138082,hippocampus,CA3_CTL_0876,0.0324573591351509,False,False,random_2,0.0
GSM4098925,brain,GSE138082,test,source,GSE138082,hippocampus,CA3_CTL_0877,0.024996118620038,False,False,random_2,0.0
GSM4098926,brain,GSE138082,test,source,GSE138082,hippocampus,CA3_CTL_0878,0.0257524773478508,False,False,random_2,0.0
GSM4098927,brain,GSE138082,test,source,GSE138082,hippocampus,CA3_CTL_0879,0.0273563154041767,False,False,random_2,0.0
GSM4098930,brain,GSE138082,test,source,GSE138082,hippocampus,CA3_CTL_0882,0.0122585035860538,False,False,random_1,0.0
GSM4098937,brain,GSE138082,test,source,GSE138082,hippocampus,CA3_SZ_0863,0.0214231275022029,False,False,random_2,0.0
GSM4098938,brain,GSE138082,test,source,GSE138082,hippocampus,CA3_SZ_0864,0.0198626816272735,False,False,random_1,0.0
GSM4098939,brain,GSE138082,test,source,GSE138082,hippocampus,CA3_SZ_0865,0.017895296216011,False,False,random_1,0.0
GSM4098941,brain,GSE138082,test,source,GSE138082,hippocampus,CA3_SZ_0867,0.0304400380700826,False,False,random_0,0.0
GSM4098943,brain,GSE138082,test,source,GSE138082,hippocampus,CA3_SZ_0869,0.0183231085538864,False,False,random_3,0.0
GSM4098945,brain,GSE138082,test,source,GSE138082,hippocampus,CA3_SZ_0871,0.0133996056392788,False,False,random_4,0.0
GSM4098959,brain,GSE138082,test,source,GSE138082,hippocampus,DG_CTL_0857,0.0262208729982376,False,False,random_0,0.0
GSM4098967,brain,GSE138082,test,source,GSE138082,hippocampus,DG_SZ_0840,0.0254423562437295,False,False,random_2,0.0
GSM4222739,brain,GSE142209,test,source,GSE142209,Brain,Human brain microvessels 1,0.0934949070215225,False,False,random_2,0.0
GSM4222740,brain,GSE142209,test,source,GSE142209,Brain,Human brain microvessels 2,0.103516399860382,False,False,random_2,0.0
GSM4222741,brain,GSE142209,test,source,GSE142209,Brain,Human brain microvessels 3,0.1075014695525169,False,False,random_2,0.0
GSM4222742,brain,GSE142209,test,source,GSE142209,Brain,Human whole brain 1,0.0905155092477798,False,False,random_1,0.0
GSM4222743,brain,GSE142209,test,source,GSE142209,Brain,Human whole brain 2,0.0736923143267631,False,False,random_1,0.0
GSM4222744,brain,GSE142209,test,source,GSE142209,Brain,Human whole brain 3,0.1672349423170089,False,False,random_2,0.0
GSM4281978,brain,GSE144136,test,source,GSE144136,Post-mortem dosolateral prefrontal cortex,5: Post-mortem dosolateral prefrontal cortex,0.4358291625976562,False,False,random_1,0.0
GSM4281998,brain,GSE144136,test,source,GSE144136,Post-mortem dosolateral prefrontal cortex,25: Post-mortem dosolateral prefrontal cortex,0.4019292593002319,False,False,random_1,0.0
GSM4589993,brain,GSE151761,test,source,GSE151761,Human Postmortem Brain,D1S2.122316.BB,0.1549322456121444,False,False,random_0,0.0
GSM4589994,brain,GSE151761,test,source,GSE151761,Human Postmortem Brain,D1S2.121616.1,0.1212689206004142,False,False,random_4,0.0
GSM4589995,brain,GSE151761,test,source,GSE151761,Human Postmortem Brain,D1S2.121616.2A,0.1567078381776809,False,False,random_4,0.0
GSM4589996,brain,GSE151761,test,source,GSE151761,Human Postmortem Brain,D1S2.121616.2B,0.1410104185342788,False,False,random_3,0.0
GSM4589997,brain,GSE151761,test,source,GSE151761,Human Postmortem Brain,D1S2.121616.2C,0.121377058327198,False,False,random_4,0.0
GSM4589998,brain,GSE151761,test,source,GSE151761,Human Postmortem Brain,Cn_AN08536_PosteriorCaudate.072618,0.1345967203378677,False,False,random_1,0.0
GSM4589999,brain,GSE151761,test,source,GSE151761,Human Postmortem Brain,D1S1.022017.pool1,0.0953157767653465,False,False,random_4,0.0
GSM4590000,brain,GSE151761,test,source,GSE151761,Human Postmortem Brain,D1S7.030717.pool1,0.118142046034336,False,False,random_3,0.0
GSM4590001,brain,GSE151761,test,source,GSE151761,Human Postmortem Brain,D1S7.030717.pool2,0.1094294339418411,False,False,random_0,0.0
GSM4590002,brain,GSE151761,test,source,GSE151761,Human Postmortem Brain,D2S1.122216,0.102546215057373,False,False,random_4,0.0
GSM4590003,brain,GSE151761,test,source,GSE151761,Human Postmortem Brain,D2S2.122216,0.1398874223232269,False,False,random_2,0.0
GSM4590004,brain,GSE151761,test,source,GSE151761,Human Postmortem Brain,D2S7.122916,0.1416937261819839,False,False,random_1,0.0
GSM4590005,brain,GSE151761,test,source,GSE151761,Human Postmortem Brain,D2S7.030217.pool1,0.0997420698404312,False,False,random_4,0.0
GSM4590006,brain,GSE151761,test,source,GSE151761,Human Postmortem Brain,D2S7.030217.pool2,0.0919166356325149,False,False,random_2,0.0
GSM4590007,brain,GSE151761,test,source,GSE151761,Human Postmortem Brain,D1MC.112717,0.1576616466045379,False,False,random_0,0.0
GSM4590012,brain,GSE151761,test,source,GSE151761,Human Postmortem Brain,D2MC.112917,0.1667777895927429,False,False,random_4,0.0
GSM4590019,brain,GSE151761,test,source,GSE151761,Human Postmortem Brain,D1S1.022017.pool2,0.1211898028850555,False,False,random_3,0.0
GSM4590020,brain,GSE151761,test,source,GSE151761,Human Postmortem Brain,D1PL.112817,0.2077985107898712,False,False,random_0,0.0
GSM5011860,brain,GSE164478,test,source,GSE164478,Plate 1_Human brain total RNA,Sample 25_Plate 1_Human brain total RNA_Rep 1,0.0280135292559862,False,False,random_0,0.0
GSM5011861,brain,GSE164478,test,source,GSE164478,Plate 1_Human brain total RNA,Sample 26_Plate 1_Human brain total RNA_Rep 2,0.0264297612011432,False,False,random_0,0.0
GSM998875,brain,GSE40651|GSE40653,test,source,GSE40651	GSE40653,Human brain,Human CLIPseq FUS/TLS,0.0407229252159595,False,False,random_4,0.0
GSM1414933,brain,GSE58604,test,source,GSE58604,Human brain,Human_1029_BA46_10,0.0363733060657978,False,False,random_3,0.0
GSM1414934,brain,GSE58604,test,source,GSE58604,Human brain,Human_1029_BA44_6,0.1025195643305778,False,False,random_0,0.0
GSM1414936,brain,GSE58604,test,source,GSE58604,Human brain,Human_1029_BA39_10,0.0350855700671672,False,False,random_4,0.0
GSM1414937,brain,GSE58604,test,source,GSE58604,Human brain,Human_1029_BA6_5,0.0309934895485639,False,False,random_0,0.0
GSM1414938,brain,GSE58604,test,source,GSE58604,Human brain,Human_1029_BA45_10,0.0143504040315747,False,False,random_2,0.0
GSM1414942,brain,GSE58604,test,source,GSE58604,Human brain,Human_1581_BA39_9,0.0326092503964901,False,False,random_4,0.0
GSM1414944,brain,GSE58604,test,source,GSE58604,Human brain,Human_1581_BA44_5,0.0323535576462745,False,False,random_3,0.0
GSM1414945,brain,GSE58604,test,source,GSE58604,Human brain,Human_1581_BA21_6,0.0377220511436462,False,False,random_1,0.0
GSM1414949,brain,GSE58604,test,source,GSE58604,Human brain,Human_1905_BA21_3,0.0439083240926265,False,False,random_2,0.0
GSM1414952,brain,GSE58604,test,source,GSE58604,Human brain,Human_1905_BA22_12,0.042242307215929,False,False,random_1,0.0
GSM1414953,brain,GSE58604,test,source,GSE58604,Human brain,Human_1905_BA44_4,0.040635660290718,False,False,random_0,0.0
GSM1414954,brain,GSE58604,test,source,GSE58604,Human brain,Human_1905_BA9_4,0.0329868048429489,False,False,random_0,0.0
GSM1414955,brain,GSE58604,test,source,GSE58604,Human brain,Human_1905_BA6_10,0.0918948426842689,False,False,random_1,0.0
GSM1414958,brain,GSE58604,test,source,GSE58604,Human brain,Human_1905_BA47_1,0.0340172834694385,False,False,random_1,0.0
GSM1414959,brain,GSE58604,test,source,GSE58604,Human brain,Human_4593_BA45_2,0.0503986552357673,False,False,random_1,0.0
GSM1414962,brain,GSE58604,test,source,GSE58604,Human brain,Human_4915_BA22_9,0.0341542400419712,False,False,random_1,0.0
GSM1414963,brain,GSE58604,test,source,GSE58604,Human brain,Human_4915_BA9_1,0.0942951813340187,False,False,random_0,0.0
GSM1414970,brain,GSE58604,test,source,GSE58604,Human brain,Human_4924_BA45_4,0.0380607955157756,False,False,random_0,0.0
GSM1414977,brain,GSE58604,test,source,GSE58604,Human brain,Human_4924_BA47_7,0.0329013466835022,False,False,random_0,0.0
GSM1414979,brain,GSE58604,test,source,GSE58604,Human brain,Human_4924_BA9_6,0.0353960134088993,False,False,random_4,0.0
GSM1617398,brain,GSE66217,test,source,GSE66217,mid-fetal cerebral cortex,FB032_LG+Prhi,0.112727865576744,False,False,random_1,0.0
GSM1617399,brain,GSE66217,test,source,GSE66217,mid-fetal cerebral cortex,FB032_LG+Prlo,0.0851381793618202,False,False,random_3,0.0
GSM1617400,brain,GSE66217,test,source,GSE66217,mid-fetal cerebral cortex,FB032_LG-Pr-,0.1187187358736991,False,False,random_1,0.0
GSM1617401,brain,GSE66217,test,source,GSE66217,mid-fetal cerebral cortex,FB033_LG+Prhi,0.0684846192598342,False,False,random_1,0.0
GSM1617402,brain,GSE66217,test,source,GSE66217,mid-fetal cerebral cortex,FB033_LG+Prlo,0.0822207555174827,False,False,random_1,0.0
GSM1617403,brain,GSE66217,test,source,GSE66217,mid-fetal cerebral cortex,FB033_LG-Pr-,0.0922033190727233,False,False,random_1,0.0
GSM1617404,brain,GSE66217,test,source,GSE66217,mid-fetal cerebral cortex,FB035_LG+Prhi,0.0827947184443473,False,False,random_4,0.0
GSM1617405,brain,GSE66217,test,source,GSE66217,mid-fetal cerebral cortex,FB035_LG+Prlo,0.0945129767060279,False,False,random_0,0.0
GSM1617406,brain,GSE66217,test,source,GSE66217,mid-fetal cerebral cortex,FB035_LG-Pr-,0.1679741591215133,False,False,random_3,0.0
GSM1642279,brain,GSE67196,test,source,GSE67196,brain,1_FCX,0.0485633686184883,False,False,random_4,0.0
GSM1642281,brain,GSE67196,test,source,GSE67196,brain,2_FCX,0.0300019886344671,False,False,random_4,0.0
GSM1642287,brain,GSE67196,test,source,GSE67196,brain,6_FCX,0.0565936751663684,False,False,random_3,0.0
GSM1642288,brain,GSE67196,test,source,GSE67196,brain,62_cereb,0.0672060325741767,False,False,random_4,0.0
GSM1642289,brain,GSE67196,test,source,GSE67196,brain,62_FCX,0.0532585158944129,False,False,random_4,0.0
GSM1642296,brain,GSE67196,test,source,GSE67196,brain,12_cereb,0.0561084635555744,False,False,random_2,0.0
GSM1642297,brain,GSE67196,test,source,GSE67196,brain,12_FCX,0.0364076271653175,False,False,random_1,0.0
GSM1642300,brain,GSE67196,test,source,GSE67196,brain,14_cereb,0.0522062443196773,False,False,random_2,0.0
GSM1642303,brain,GSE67196,test,source,GSE67196,brain,70_FCX,0.0618456453084945,False,False,random_1,0.0
GSM1642305,brain,GSE67196,test,source,GSE67196,brain,71_FCX,0.0325456671416759,False,False,random_1,0.0
GSM1642307,brain,GSE67196,test,source,GSE67196,brain,72_FCX,0.0379890240728855,False,False,random_3,0.0
GSM1642309,brain,GSE67196,test,source,GSE67196,brain,73_FCX,0.0479662865400314,False,False,random_4,0.0
GSM1642310,brain,GSE67196,test,source,GSE67196,brain,74_cereb,0.0428878031671047,False,False,random_3,0.0
GSM1642313,brain,GSE67196,test,source,GSE67196,brain,75_FCX,0.0463677868247032,False,False,random_2,0.0
GSM1642321,brain,GSE67196,test,source,GSE67196,brain,91_FCX,0.0547818318009376,False,False,random_4,0.0
GSM1642323,brain,GSE67196,test,source,GSE67196,brain,93_FCX,0.0370610244572162,False,False,random_2,0.0
GSM1642326,brain,GSE67196,test,source,GSE67196,brain,95_cereb,0.0529051646590232,False,False,random_3,0.0
GSM1642327,brain,GSE67196,test,source,GSE67196,brain,95_FCX,0.0773088112473487,False,False,random_4,0.0
GSM1642328,brain,GSE67196,test,source,GSE67196,brain,97_cereb,0.0714826807379722,False,False,random_0,0.0
GSM1642329,brain,GSE67196,test,source,GSE67196,brain,97_FCX,0.0178008470684289,False,False,random_2,0.0
GSM2071266,brain,GSE78291,test,source,GSE78291,Homo sapiens cerebellum tissue female fetal (19 weeks),small RNA-seq from cerebellum (ENCLB218ZZZ),0.3151063024997711,False,False,random_3,0.0
GSM2071267,brain,GSE78291,test,source,GSE78291,Homo sapiens cerebellum tissue female fetal (37 weeks),small RNA-seq from cerebellum (ENCLB217ZZZ),0.1182016134262085,False,False,random_3,0.0
GSM3040158,colon,GSE111819,test,source,GSE111819,full-thickness sigmoid colon tissue,KS02,0.0436061099171638,False,False,random_3,0.0
GSM3040159,colon,GSE111819,test,source,GSE111819,full-thickness sigmoid colon tissue,KS03,0.0505346916615963,False,False,random_0,0.0
GSM3040161,colon,GSE111819,test,source,GSE111819,full-thickness sigmoid colon tissue,KS06,0.0670462399721145,False,False,random_1,0.0
GSM3040162,colon,GSE111819,test,source,GSE111819,full-thickness sigmoid colon tissue,KS09,0.0412967279553413,False,False,random_1,0.0
GSM3040163,colon,GSE111819,test,source,GSE111819,full-thickness sigmoid colon tissue,KS11,0.0304860789328813,False,False,random_4,0.0
GSM3040164,colon,GSE111819,test,source,GSE111819,full-thickness sigmoid colon tissue,KS14,0.0389433167874813,False,False,random_2,0.0
GSM3040165,colon,GSE111819,test,source,GSE111819,full-thickness sigmoid colon tissue,KS13,0.021307123824954,False,False,random_0,0.0
GSM3040166,colon,GSE111819,test,source,GSE111819,full-thickness sigmoid colon tissue,KS15,0.0136622823774814,False,False,random_0,0.0
GSM3040167,colon,GSE111819,test,source,GSE111819,full-thickness sigmoid colon tissue,KS17,0.0205341856926679,False,False,random_3,0.0
GSM3040168,colon,GSE111819,test,source,GSE111819,full-thickness sigmoid colon tissue,KS20,0.0208306610584259,False,False,random_4,0.0
GSM3040169,colon,GSE111819,test,source,GSE111819,full-thickness sigmoid colon tissue,KS22,0.0179246384650468,False,False,random_0,0.0
GSM3040171,colon,GSE111819,test,source,GSE111819,full-thickness sigmoid colon tissue,KS07,0.0406810194253921,False,False,random_2,0.0
GSM3040172,colon,GSE111819,test,source,GSE111819,full-thickness sigmoid colon tissue,KS08,0.0376082956790924,False,False,random_2,0.0
GSM3040174,colon,GSE111819,test,source,GSE111819,full-thickness sigmoid colon tissue,KS12,0.0427556186914444,False,False,random_1,0.0
GSM3040175,colon,GSE111819,test,source,GSE111819,full-thickness sigmoid colon tissue,KS16,0.0558118261396884,False,False,random_2,0.0
GSM3040176,colon,GSE111819,test,source,GSE111819,full-thickness sigmoid colon tissue,KS19,0.0320187471807003,False,False,random_0,0.0
GSM3040177,colon,GSE111819,test,source,GSE111819,full-thickness sigmoid colon tissue,KS21,0.0331118032336235,False,False,random_3,0.0
GSM3040178,colon,GSE111819,test,source,GSE111819,full-thickness sigmoid colon tissue,KS24,0.0239496659487485,False,False,random_3,0.0
GSM3040180,colon,GSE111819,test,source,GSE111819,full-thickness sigmoid colon tissue,KS26,0.0215140450745821,False,False,random_4,0.0
GSM3040181,colon,GSE111819,test,source,GSE111819,full-thickness sigmoid colon tissue,KS27,0.0391456596553325,False,False,random_1,0.0
GSM1616912,colon,GSE66207|GSE66209,test,source,GSE66207	GSE66209,Colon,"B2/stricturing Crohn's disease [RNA-Seq, 20_CD_NI_B2]",0.1394455581903457,False,False,random_4,0.0
GSM1616913,colon,GSE66207|GSE66209,test,source,GSE66207	GSE66209,Colon,"B2/stricturing Crohn's disease [RNA-Seq, 21_CD_NI_B2]",0.090952955186367,False,False,random_3,0.0
GSM1616916,colon,GSE66207|GSE66209,test,source,GSE66207	GSE66209,Colon,"B1/non-strituring, non-penetrating Crohn's disease [RNA-Seq, 54_CD_NI_B1]",0.0891442373394966,False,False,random_4,0.0
GSM1616917,colon,GSE66207|GSE66209,test,source,GSE66207	GSE66209,Colon,"B3/penetrating Crohn's disease [RNA-Seq, 62_CD_NI_B3]",0.0959906950592994,False,False,random_2,0.0
GSM1616918,colon,GSE66207|GSE66209,test,source,GSE66207	GSE66209,Colon,"B1/non-strituring, non-penetrating Crohn's disease [RNA-Seq, 63_CD_NI_B1]",0.0552151463925838,False,False,random_0,0.0
GSM1616919,colon,GSE66207|GSE66209,test,source,GSE66207	GSE66209,Colon,"B3/penetrating Crohn's disease [RNA-Seq, 64_CD_NI_B3]",0.2084317207336425,False,False,random_1,0.0
GSM1616921,colon,GSE66207|GSE66209,test,source,GSE66207	GSE66209,Colon,"B3/penetrating Crohn's disease [RNA-Seq, 407_CD_NI_B3]",0.0578361339867115,False,False,random_1,0.0
GSM1616922,colon,GSE66207|GSE66209,test,source,GSE66207	GSE66209,Colon,"B1/non-strituring, non-penetrating Crohn's disease [RNA-Seq, 408_CD_NI_B1]",0.0830058157444,False,False,random_2,0.0
GSM1616924,colon,GSE66207|GSE66209,test,source,GSE66207	GSE66209,Colon,"B2/stricturing Crohn's disease [RNA-Seq, 420_CD_NI_B2]",0.1003059521317482,False,False,random_3,0.0
GSM1616925,colon,GSE66207|GSE66209,test,source,GSE66207	GSE66209,Colon,"B2/stricturing Crohn's disease [RNA-Seq, 422_CD_NI_B2]",0.1326704770326614,False,False,random_3,0.0
GSM1616926,colon,GSE66207|GSE66209,test,source,GSE66207	GSE66209,Colon,"B3/penetrating Crohn's disease [RNA-Seq, 424_CD_NI_B3]",0.1398922801017761,False,False,random_1,0.0
GSM1616927,colon,GSE66207|GSE66209,test,source,GSE66207	GSE66209,Colon,"B1/non-strituring, non-penetrating Crohn's disease [RNA-Seq, 429_CD_NI_B1]",0.0474966466426849,False,False,random_1,0.0
GSM1616928,colon,GSE66207|GSE66209,test,source,GSE66207	GSE66209,Colon,"B1/non-strituring, non-penetrating Crohn's disease [RNA-Seq, 431_CD_NI_B1]",0.0666094720363617,False,False,random_0,0.0
GSM1616929,colon,GSE66207|GSE66209,test,source,GSE66207	GSE66209,Colon,"B3/penetrating Crohn's disease [RNA-Seq, 434_CD_NI_B3]",0.1871885061264038,False,False,random_4,0.0
GSM1616930,colon,GSE66207|GSE66209,test,source,GSE66207	GSE66209,Colon,"B2/stricturing Crohn's disease [RNA-Seq, 440_CD_NI_B2]",0.0873423889279365,False,False,random_2,0.0
GSM1616932,colon,GSE66207|GSE66209,test,source,GSE66207	GSE66209,Colon,"Normal colon biopsy, female age 53 [RNA-Seq, 22_NIBD_NI]",0.0433408245444297,False,False,random_0,0.0
GSM1616938,colon,GSE66207|GSE66209,test,source,GSE66207	GSE66209,Colon,"Normal colon acquired during surgery for colonic inertia, female age 41 [RNA-Seq, 36_NIBD_NI]",0.0591562204062938,False,False,random_4,0.0
GSM1616940,colon,GSE66207|GSE66209,test,source,GSE66207	GSE66209,Colon,"Normal colon acquired during surgery for large polyp, male age 65 [RNA-Seq, 42_NIBD_NI]",0.124021403491497,False,False,random_4,0.0
GSM1616942,colon,GSE66207|GSE66209,test,source,GSE66207	GSE66209,Colon,"Normal colon acquired during surgery for adenoma, male age 70 [RNA-Seq, 48_NIBD_NI]",0.0586536265909671,False,False,random_1,0.0
GSM1616943,colon,GSE66207|GSE66209,test,source,GSE66207	GSE66209,Colon,"Normal colon acquired during surgery for adenoma, male age 62 [RNA-Seq, 49_NIBD_NI]",0.1173127517104148,False,False,random_3,0.0
GSM2343211,colon,GSE88023,test,source,GSE88023,Homo sapiens sigmoid colon tissue female adult (53 years),total RNA-seq from sigmoid colon (ENCLB554PCH),0.0216715950518846,False,False,random_3,0.0
GSM2343560,colon,GSE88188,test,source,GSE88188,Homo sapiens transverse colon tissue female adult (53 years),small RNA-seq from transverse colon (ENCLB893QNR),0.0959366634488105,False,False,random_2,0.0
GSM2343949,colon,GSE88418,test,source,GSE88418,Homo sapiens transverse colon tissue male adult (54 years),total RNA-seq from transverse colon (ENCLB584WWI),0.1042392402887344,False,False,random_1,0.0
GSM2344169,colon,GSE88547,test,source,GSE88547,Homo sapiens transverse colon tissue female adult (53 years),total RNA-seq from transverse colon (ENCLB214XDA),0.0841143280267715,False,False,random_2,0.0
GSM2511252,colon,GSE95435|GSE95450|GSE95459,test,source,GSE95435	GSE95459,colonic mucosa,20141208_Bulk,0.3598211705684662,False,False,random_2,0.0
GSM2511260,colon,GSE95435|GSE95450|GSE95459,test,source,GSE95435	GSE95459,colonic mucosa,20141211_Bulk,0.2631044685840606,False,False,random_4,0.0
GSM2514385,colon,GSE95435|GSE95450|GSE95459,test,source,GSE95450	GSE95459,colonic mucosa,20160517_Bulk2,0.3711213171482086,False,False,random_0,0.0
GSM3531768,liver,GSE124395,test,source,GSE124395,Liver tissue,P309_3,0.4663942456245422,False,False,random_4,0.0
GSM3531776,liver,GSE124395,test,source,GSE124395,Liver tissue,P309_11,0.4987679719924927,False,False,random_0,0.0
GSM3531778,liver,GSE124395,test,source,GSE124395,Liver tissue,P309_13,0.4362110793590545,False,False,random_3,0.0
GSM3662869,liver,GSE128072,test,source,GSE128072,Liver,B5_RNA-Seq [FGC1236_s_6_1_GAATTCGT-CCTATCCT],0.0531889125704765,False,False,random_2,0.0
GSM3662904,liver,GSE128072,test,source,GSE128072,Liver,B9_RNA-Seq [FGC1368_s_1_1_GAGATTCC-CCTATCCT],0.0420182086527347,False,False,random_2,0.0
GSM3662939,liver,GSE128072,test,source,GSE128072,Liver,B13_RNA-Seq [FGC1368_s_4_1_AGCGATAG-GGCTCTGA],0.0407842993736267,False,False,random_1,0.0
GSM3662960,liver,GSE128072,test,source,GSE128072,Liver,B17_RNA-Seq [FGC1368_s_1_1_TCCGGAGA-ATAGAGGC],0.0727334842085838,False,False,random_3,0.0
GSM3662985,liver,GSE128072,test,source,GSE128072,Liver,B20_RNA-Seq [FGC1368_s_2_1_ATTCAGAA-ATAGAGGC],0.0801744982600212,False,False,random_0,0.0
GSM3663068,liver,GSE128072,test,source,GSE128072,Liver,B31_RNA-Seq [FGC1227_s_8_1_TAATGCGC-CCTATCCT],0.0374520309269428,False,False,random_4,0.0
GSM3663142,liver,GSE128072,test,source,GSE128072,Liver,B40_RNA-Seq [FGC1243_s_4_1_TCCGGAGA-GGCTCTGA],0.058069746941328,False,False,random_1,0.0
GSM3663238,liver,GSE128072,test,source,GSE128072,Liver,MC-2_RNA-Seq [FGC1248_s_3_1_TCCGGAGA-TATAGCCT],0.0757501348853111,False,False,random_0,0.0
GSM3663338,liver,GSE128072,test,source,GSE128072,Liver,MC-17_RNA-Seq [FGC1191_s_7_1_ATTACTCG-ATAGAGGC],0.0545025393366813,False,False,random_4,0.0
GSM3663444,liver,GSE128072,test,source,GSE128072,Liver,MC-32_RNA-Seq [FGC1244_s_1_1_AGCGATAG-ATAGAGGC],0.0518782585859298,False,False,random_3,0.0
GSM3663512,liver,GSE128072,test,source,GSE128072,Liver,MC-41_RNA-Seq [FGC1247_s_2_1_CTGAAGCT-CCTATCCT],0.0486322119832038,False,False,random_1,0.0
GSM3663712,liver,GSE128072,test,source,GSE128072,Liver,MC-69_RNA-Seq [FGC1247_s_5_1_GAGATTCC-AGGCGAAG],0.0956104472279548,False,False,random_4,0.0
GSM3663763,liver,GSE128072,test,source,GSE128072,Liver,MC-76_RNA-Seq [FGC1244_s_2_1_CGGCTATG-AGGCGAAG],0.0736401304602623,False,False,random_2,0.0
GSM3663808,liver,GSE128072,test,source,GSE128072,Liver,MC-83_RNA-Seq [FGC1227_s_7_1_TCCGGAGA-TAATCTTA],0.0682871267199516,False,False,random_2,0.0
GSM3663824,liver,GSE128072,test,source,GSE128072,Liver,MC-84_RNA-Seq [FGC1247_s_8_1_CGCTCATT-TAATCTTA],0.0489343851804733,False,False,random_2,0.0
GSM3663826,liver,GSE128072,test,source,GSE128072,Liver,MC-85_RNA-Seq [FGC1191_s_7_1_GAGATTCC-TAATCTTA],0.0665225312113761,False,False,random_0,0.0
GSM3663853,liver,GSE128072,test,source,GSE128072,Liver,MC-89_RNA-Seq [FGC1227_s_5_1_CTGAAGCT-TAATCTTA],0.1507403701543808,False,False,random_4,0.0
GSM3663860,liver,GSE128072,test,source,GSE128072,Liver,MC-89_RNA-Seq [FGC1247_s_3_1_CTGAAGCT-TAATCTTA],0.1737565398216247,False,False,random_4,0.0
GSM3663930,liver,GSE128072,test,source,GSE128072,Liver,MC-98_RNA-Seq [FGC1247_s_6_1_TCCGGAGA-CAGGACGT],0.0828365460038185,False,False,random_3,0.0
GSM3664044,liver,GSE128072,test,source,GSE128072,Liver,MC-115_RNA-Seq [FGC1247_s_5_1_CGCTCATT-GTACTGAC],0.0679418817162513,False,False,random_0,0.0
GSM4059320,liver,GSE136846,test,source,GSE136846,liver,N_G0213,0.0022306651808321,False,False,random_0,0.0
GSM4059321,liver,GSE136846,test,source,GSE136846,liver,N_G0218,0.0040783137083053,False,False,random_2,0.0
GSM4059322,liver,GSE136846,test,source,GSE136846,liver,N_G0224,0.0026641781441867,False,False,random_2,0.0
GSM4059323,liver,GSE136846,test,source,GSE136846,liver,N_G0164,0.0021017352119088,False,False,random_3,0.0
GSM4059324,liver,GSE136846,test,source,GSE136846,liver,N_G0228,0.0022388938814401,False,False,random_3,0.0
GSM4059325,liver,GSE136846,test,source,GSE136846,liver,N_G0267,0.0054109646007418,False,False,random_4,0.0
GSM4188845,liver,GSE140845|GSE140846,test,source,GSE140845	GSE140846,Liver Tissue,HN1: Uninfected Normal Liver tissue (Total RNA-Seq),0.0019207434961572,False,False,random_1,0.0
GSM4188846,liver,GSE140845|GSE140846,test,source,GSE140845	GSE140846,Liver Tissue,HN2: Uninfected Normal Liver tissue (Total RNA-Seq),0.0040441947057843,False,False,random_2,0.0
GSM4188847,liver,GSE140845|GSE140846,test,source,GSE140845	GSE140846,Liver Tissue,HN3: Uninfected Normal Liver tissue (Total RNA-Seq),0.0024212906137108,False,False,random_0,0.0
GSM4188848,liver,GSE140845|GSE140846,test,source,GSE140845	GSE140846,Liver Tissue,HN4: Uninfected Normal Liver tissue (Total RNA-Seq),0.0041418154723942,False,False,random_3,0.0
GSM4188849,liver,GSE140845|GSE140846,test,source,GSE140845	GSE140846,Liver Tissue,HN5: Uninfected Normal Liver tissue (Total RNA-Seq),0.0064345770515501,False,False,random_0,0.0
GSM4462456,liver,GSE148355,test,source,GSE148355,"Normal tissue, liver",Sample_1 [Cat_N001],0.0375721305608749,False,False,random_0,0.0
GSM4462457,liver,GSE148355,test,source,GSE148355,"Normal tissue, liver",Sample_2 [Cat_N002],0.0354343503713607,False,False,random_0,0.0
GSM4462458,liver,GSE148355,test,source,GSE148355,"Normal tissue, liver",Sample_3 [Cat_N003],0.0247952565550804,False,False,random_1,0.0
GSM4462459,liver,GSE148355,test,source,GSE148355,"Normal tissue, liver",Sample_4 [Cat_N004],0.0572655424475669,False,False,random_2,0.0
GSM4462461,liver,GSE148355,test,source,GSE148355,"Normal tissue, liver",Sample_6 [Cat_N006],0.035023596137762,False,False,random_1,0.0
GSM4462462,liver,GSE148355,test,source,GSE148355,"Normal tissue, liver",Sample_7 [Cat_N007],0.0410523563623428,False,False,random_3,0.0
GSM4462463,liver,GSE148355,test,source,GSE148355,"Normal tissue, liver",Sample_8 [Cat_N011],0.0347255952656269,False,False,random_4,0.0
GSM4462464,liver,GSE148355,test,source,GSE148355,"Normal tissue, liver",Sample_9 [Cat_N012],0.0486197285354137,False,False,random_4,0.0
GSM4462465,liver,GSE148355,test,source,GSE148355,"Normal tissue, liver",Sample_10 [Cat_N013],0.0288574751466512,False,False,random_3,0.0
GSM4462467,liver,GSE148355,test,source,GSE148355,"Normal tissue, liver",Sample_11 [Cat_N014],0.0353618972003459,False,False,random_1,0.0
GSM4462468,liver,GSE148355,test,source,GSE148355,"Normal tissue, liver",Sample_12 [Cat_N015],0.0382002033293247,False,False,random_1,0.0
GSM4462470,liver,GSE148355,test,source,GSE148355,"Normal tissue, liver",Sample_14 [Cat_N017],0.0323941372334957,False,False,random_3,0.0
GSM4838474,liver,GSE159720,test,source,GSE159720,liver tissue,62_BA,0.0261086001992225,False,False,random_2,0.0
GSM4838475,liver,GSE159720,test,source,GSE159720,liver tissue,421_BA,0.0466761849820613,False,False,random_4,0.0
GSM4838476,liver,GSE159720,test,source,GSE159720,liver tissue,690_BA,0.0803745910525322,False,False,random_1,0.0
GSM4838477,liver,GSE159720,test,source,GSE159720,liver tissue,789_BA,0.0696363151073455,False,False,random_2,0.0
GSM4838479,liver,GSE159720,test,source,GSE159720,liver tissue,785_NC,0.0599749982357025,False,False,random_0,0.0
GSM4838480,liver,GSE159720,test,source,GSE159720,liver tissue,791_NC,0.027371248230338,False,False,random_0,0.0
GSM1538069,liver,GSE63018,test,source,GSE63018,normal liver,MC5,0.0325393639504909,False,False,random_3,0.0
GSM1538074,liver,GSE63018,test,source,GSE63018,normal liver,MC16,0.0350171737372875,False,False,random_4,0.0
GSM1538079,liver,GSE63018,test,source,GSE63018,normal liver,MC38,0.0348522365093231,False,False,random_1,0.0
GSM1538081,liver,GSE63018,test,source,GSE63018,normal liver,MC35,0.0425116494297981,False,False,random_1,0.0
GSM1538089,liver,GSE63018,test,source,GSE63018,normal liver,MC41,0.0384353436529636,False,False,random_4,0.0
GSM1538091,liver,GSE63018,test,source,GSE63018,normal liver,MC22,0.0286586601287126,False,False,random_4,0.0
GSM1538093,liver,GSE63018,test,source,GSE63018,normal liver,MC27,0.0254875943064689,False,False,random_0,0.0
GSM1538095,liver,GSE63018,test,source,GSE63018,normal liver,MC32,0.026180051267147,False,False,random_2,0.0
GSM1538102,liver,GSE63018,test,source,GSE63018,normal liver,MC19,0.020274318754673,False,False,random_3,0.0
GSM2177841,liver,GSE81928,test,source,GSE81928,Pediatric liver,Normal liver 2,0.0366056375205516,False,False,random_2,0.0
GSM2177844,liver,GSE81928,test,source,GSE81928,Pediatric liver,Background liver 2,0.0369868874549865,False,False,random_2,0.0
GSM2177845,liver,GSE81928,test,source,GSE81928,Pediatric liver,Background liver 3,0.0432532764971256,False,False,random_4,0.0
GSM2177850,liver,GSE81928,test,source,GSE81928,Pediatric liver,Hepatoblastoma liver 2,0.0368941240012645,False,False,random_0,0.0
GSM2177856,liver,GSE81928,test,source,GSE81928,Pediatric liver,Hepatoblastoma liver 8,0.053257193416357,False,False,random_3,0.0
GSM2177859,liver,GSE81928,test,source,GSE81928,Pediatric liver,Hepatoblastoma liver 11,0.0718075707554817,False,False,random_2,0.0
GSM2177861,liver,GSE81928,test,source,GSE81928,Pediatric liver,Hepatoblastoma liver 13,0.0431239865720272,False,False,random_1,0.0
GSM2177862,liver,GSE81928,test,source,GSE81928,Pediatric liver,Hepatoblastoma liver 14,0.064146839082241,False,False,random_3,0.0
GSM2177863,liver,GSE81928,test,source,GSE81928,Pediatric liver,Hepatoblastoma liver 15,0.0598837174475193,False,False,random_1,0.0
GSM2177870,liver,GSE81928,test,source,GSE81928,Pediatric liver,Hepatoblastoma liver 22,0.1105090081691742,False,False,random_3,0.0
GSM2177871,liver,GSE81928,test,source,GSE81928,Pediatric liver,Hepatoblastoma liver 23,0.0503520108759403,False,False,random_1,0.0
GSM2453420,liver,GSE93481,test,source,GSE93481,Homo sapiens liver tissue male adult (18 years),polyA mRNA RNA-seq from liver (ENCLB490UAX),0.0181364584714174,False,False,random_4,0.0
GSM2453421,liver,GSE93481,test,source,GSE93481,Homo sapiens liver tissue male adult (18 years),polyA mRNA RNA-seq from liver (ENCLB828MEI),0.0013199266977608,False,False,random_0,0.0
GSM4751784,lung,GSE157055,test,source,GSE157055,Lung,JA1_Tissue_a_S85_L004,0.0181922521442174,False,False,random_3,0.0
GSM4751787,lung,GSE157055,test,source,GSE157055,Lung,JA2_Tissue_a_S87_L004,0.0601072609424591,False,False,random_2,0.0
GSM4751788,lung,GSE157055,test,source,GSE157055,Lung,JA2_Tissue_b_S88_L004,0.0635959580540657,False,False,random_1,0.0
GSM4810280,lung,GSE158767,test,source,GSE158767,lung,lung tissue H1,0.0785809308290481,False,False,random_2,0.0
GSM4810281,lung,GSE158767,test,source,GSE158767,lung,lung tissue L1,0.0489195324480533,False,False,random_1,0.0
GSM4810282,lung,GSE158767,test,source,GSE158767,lung,lung tissue H2,0.0937525257468223,False,False,random_3,0.0
GSM4810283,lung,GSE158767,test,source,GSE158767,lung,lung tissue L2,0.0585587732493877,False,False,random_0,0.0
GSM4810284,lung,GSE158767,test,source,GSE158767,lung,lung tissue H3,0.0588520392775535,False,False,random_0,0.0
GSM4810285,lung,GSE158767,test,source,GSE158767,lung,lung tissue L3,0.0489711128175258,False,False,random_3,0.0
GSM4810286,lung,GSE158767,test,source,GSE158767,lung,lung tissue H4,0.0605975687503814,False,False,random_4,0.0
GSM4810287,lung,GSE158767,test,source,GSE158767,lung,lung tissue L4,0.0530856326222419,False,False,random_2,0.0
GSM4810288,lung,GSE158767,test,source,GSE158767,lung,lung tissue H5,0.0875485092401504,False,False,random_1,0.0
GSM4810289,lung,GSE158767,test,source,GSE158767,lung,lung tissue L5,0.0590966939926147,False,False,random_0,0.0
GSM5331140,lung,GSE175238,test,source,GSE175238,"Homo sapiens male adult (60 years) lower lobe of right lung tissue, preserved by flash-freezing",total RNA-seq from lower lobe of right lung (ENCLB338PMP),0.013977663591504,False,False,random_3,0.0
GSM5356205,lung,GSE176121,test,source,GSE176121,lung,"non-CF subject B0419, control",0.0501226112246513,False,False,random_2,0.0
GSM5356206,lung,GSE176121,test,source,GSE176121,lung,"non-CF subject B0519, control",0.0667149201035499,False,False,random_2,0.0
GSM5356208,lung,GSE176121,test,source,GSE176121,lung,"non-CF subject B0719, control",0.0491861440241336,False,False,random_1,0.0
GSM5356209,lung,GSE176121,test,source,GSE176121,lung,"non-CF subject B0819, control",0.0616028383374214,False,False,random_2,0.0
GSM5356210,lung,GSE176121,test,source,GSE176121,lung,"non-CF subject B0919, control",0.0519408360123634,False,False,random_3,0.0
GSM5356211,lung,GSE176121,test,source,GSE176121,lung,"non-CF subject B0419, exposed to IL-17+TNFa",0.0941540449857711,False,False,random_3,0.0
GSM5356213,lung,GSE176121,test,source,GSE176121,lung,"non-CF subject B0619, exposed to IL-17+TNFa",0.0683259442448616,False,False,random_4,0.0
GSM5356214,lung,GSE176121,test,source,GSE176121,lung,"non-CF subject B0719, exposed to IL-17+TNFa",0.1092528998851776,False,False,random_4,0.0
GSM5356216,lung,GSE176121,test,source,GSE176121,lung,"non-CF subject B0919, exposed to IL-17+TNFa",0.1078750938177108,False,False,random_0,0.0
GSM5356217,lung,GSE176121,test,source,GSE176121,lung,"CF subject CFB0219, control",0.0597589649260044,False,False,random_4,0.0
GSM5356218,lung,GSE176121,test,source,GSE176121,lung,"CF subject CFB0319, control",0.0440044589340686,False,False,random_3,0.0
GSM5356219,lung,GSE176121,test,source,GSE176121,lung,"CF subject CFB0419, control",0.052399318665266,False,False,random_0,0.0
GSM5356220,lung,GSE176121,test,source,GSE176121,lung,"CF subject CFB2518, control",0.0552924945950508,False,False,random_0,0.0
GSM5356222,lung,GSE176121,test,source,GSE176121,lung,"CF subject CFB3218, control",0.0520433560013771,False,False,random_2,0.0
GSM5356223,lung,GSE176121,test,source,GSE176121,lung,"CF subject CFB0219, exposed to IL-17+TNFa",0.1111444607377052,False,False,random_1,0.0
GSM5356224,lung,GSE176121,test,source,GSE176121,lung,"CF subject CFB0319, exposed to IL-17+TNFa",0.0894379019737243,False,False,random_1,0.0
GSM5356225,lung,GSE176121,test,source,GSE176121,lung,"CF subject CFB0419, exposed to IL-17+TNFa",0.0631206929683685,False,False,random_3,0.0
GSM5356226,lung,GSE176121,test,source,GSE176121,lung,"CF subject CFB2518, exposed to IL-17+TNFa",0.1163752824068069,False,False,random_0,0.0
GSM5356227,lung,GSE176121,test,source,GSE176121,lung,"CF subject CFB2818, exposed to IL-17+TNFa",0.0814234539866447,False,False,random_4,0.0
GSM5356228,lung,GSE176121,test,source,GSE176121,lung,"CF subject CFB3218, exposed to IL-17+TNFa",0.0918428152799606,False,False,random_0,0.0
GSM1267256,lung,GSE52463,test,source,GSE52463,lung tissue,Norm1,0.0141797279939055,False,False,random_4,0.0
GSM1267257,lung,GSE52463,test,source,GSE52463,lung tissue,Norm2,0.0172583125531673,False,False,random_3,0.0
GSM1267258,lung,GSE52463,test,source,GSE52463,lung tissue,Norm3,0.0352965891361236,False,False,random_1,0.0
GSM1267259,lung,GSE52463,test,source,GSE52463,lung tissue,Norm4,0.0322902165353298,False,False,random_1,0.0
GSM1267260,lung,GSE52463,test,source,GSE52463,lung tissue,Norm5,0.0317990630865097,False,False,random_4,0.0
GSM1267261,lung,GSE52463,test,source,GSE52463,lung tissue,Norm6,0.0646615102887153,False,False,random_0,0.0
GSM1267262,lung,GSE52463,test,source,GSE52463,lung tissue,Norm8,0.0303001906722784,False,False,random_3,0.0
GSM1267263,lung,GSE52463,test,source,GSE52463,lung tissue,IPF1,0.0478166043758392,False,False,random_3,0.0
GSM1267264,lung,GSE52463,test,source,GSE52463,lung tissue,IPF2,0.0370460152626037,False,False,random_2,0.0
GSM1267265,lung,GSE52463,test,source,GSE52463,lung tissue,IPF3,0.0570513121783733,False,False,random_4,0.0
GSM1267266,lung,GSE52463,test,source,GSE52463,lung tissue,IPF4,0.0372317023575305,False,False,random_2,0.0
GSM1267267,lung,GSE52463,test,source,GSE52463,lung tissue,IPF5,0.0533868856728076,False,False,random_4,0.0
GSM1267268,lung,GSE52463,test,source,GSE52463,lung tissue,IPF6,0.0193027686327695,False,False,random_0,0.0
GSM1267269,lung,GSE52463,test,source,GSE52463,lung tissue,IPF7,0.0252380426973104,False,False,random_4,0.0
GSM1267270,lung,GSE52463,test,source,GSE52463,lung tissue,IPF8,0.0286268293857574,False,False,random_1,0.0
GSM1824136,lung,GSE70968,test,title,GSE70968,"Pt, normal_tissue",matched normal lung tissue from a patient,0.457412838935852,False,False,random_2,0.0
GSM2071277,lung,GSE78297,test,source,GSE78297,Homo sapiens lung tissue female fetal (24 weeks),small RNA-seq from lung (ENCLB230ZZZ),0.0746616944670677,False,False,random_4,0.0
GSM2071278,lung,GSE78297,test,source,GSE78297,Homo sapiens lung tissue female fetal (20 weeks),small RNA-seq from lung (ENCLB229ZZZ),0.0430845692753791,False,False,random_1,0.0
GSM3211356,skin,GSE116142,test,source,GSE116142,dermis of the retroauricular skin,dermis_rep1,0.0178472474217414,False,False,random_0,0.0
GSM3211358,skin,GSE116142,test,source,GSE116142,dermis of the retroauricular skin,dermis_rep2,0.0189220793545246,False,False,random_0,0.0
GSM3211360,skin,GSE116142,test,source,GSE116142,dermis of the retroauricular skin,dermis_rep3,0.011323319748044,False,False,random_4,0.0
GSM3581195,skin,GSE125733,test,source,GSE125733,Skin,Healthy Control 1,0.0466117598116397,False,False,random_4,0.0
GSM3581196,skin,GSE125733,test,source,GSE125733,Skin,Healthy Control 2,0.0570536404848098,False,False,random_3,0.0
GSM3581197,skin,GSE125733,test,source,GSE125733,Skin,Healthy Control 3,0.0294570866972208,False,False,random_2,0.0
GSM3581198,skin,GSE125733,test,source,GSE125733,Skin,Healthy Control 4,0.0400313511490821,False,False,random_0,0.0
GSM3581199,skin,GSE125733,test,source,GSE125733,Skin,Healthy Control 5,0.0215693581849336,False,False,random_2,0.0
GSM3581200,skin,GSE125733,test,source,GSE125733,Skin,Healthy Control 6,0.0387323386967182,False,False,random_2,0.0
GSM3581201,skin,GSE125733,test,source,GSE125733,Skin,Healthy Control 7,0.0354566276073455,False,False,random_2,0.0
GSM3581202,skin,GSE125733,test,source,GSE125733,Skin,Case 1,0.0605745315551757,False,False,random_4,0.0
GSM3581203,skin,GSE125733,test,source,GSE125733,Skin,Case 2,0.0354339890182018,False,False,random_1,0.0
GSM3581204,skin,GSE125733,test,source,GSE125733,Skin,Case 3,0.0371655113995075,False,False,random_0,0.0
GSM3581205,skin,GSE125733,test,source,GSE125733,Skin,Case 4,0.0410115718841552,False,False,random_1,0.0
GSM3581206,skin,GSE125733,test,source,GSE125733,Skin,Case 5,0.0578505024313926,False,False,random_4,0.0
GSM3581207,skin,GSE125733,test,source,GSE125733,Skin,Case 6,0.0386469215154647,False,False,random_0,0.0
GSM3581208,skin,GSE125733,test,source,GSE125733,Skin,Case 7,0.0446452945470809,False,False,random_0,0.0
GSM3852815,skin,GSE132195,test,source,GSE132195,Skin biopsy,4,0.1831000298261642,False,False,random_2,0.0
GSM3852816,skin,GSE132195,test,source,GSE132195,Skin biopsy,6,0.2643364071846008,False,False,random_0,0.0
GSM3852820,skin,GSE132195,test,source,GSE132195,Skin biopsy,10,0.1412003189325332,False,False,random_0,0.0
GSM3852823,skin,GSE132195,test,source,GSE132195,Skin biopsy,14,0.1330897361040115,False,False,random_1,0.0
GSM3852834,skin,GSE132195,test,source,GSE132195,Skin biopsy,26,0.2007301598787307,False,False,random_4,0.0
GSM3852837,skin,GSE132195,test,source,GSE132195,Skin biopsy,29,0.126606747508049,False,False,random_0,0.0
GSM3852844,skin,GSE132195,test,source,GSE132195,Skin biopsy,38,0.1544201821088791,False,False,random_1,0.0
GSM3852846,skin,GSE132195,test,source,GSE132195,Skin biopsy,61,0.1666562855243683,False,False,random_4,0.0
GSM3852857,skin,GSE132195,test,source,GSE132195,Skin biopsy,73,0.1593507081270218,False,False,random_2,0.0
GSM3852862,skin,GSE132195,test,source,GSE132195,Skin biopsy,78,0.1924419552087783,False,False,random_3,0.0
GSM3852867,skin,GSE132195,test,source,GSE132195,Skin biopsy,83,0.1748506426811218,False,False,random_4,0.0
GSM3852875,skin,GSE132195,test,source,GSE132195,Skin biopsy,B13,0.1261895298957824,False,False,random_2,0.0
GSM3852882,skin,GSE132195,test,source,GSE132195,Skin biopsy,B4,0.1729650646448135,False,False,random_2,0.0
GSM3852883,skin,GSE132195,test,source,GSE132195,Skin biopsy,B5,0.1417900621891021,False,False,random_1,0.0
GSM3852887,skin,GSE132195,test,source,GSE132195,Skin biopsy,B9,0.1482897102832794,False,False,random_4,0.0
GSM3852891,skin,GSE132195,test,source,GSE132195,Skin biopsy,B17,0.1576364785432815,False,False,random_2,0.0
GSM3852892,skin,GSE132195,test,source,GSE132195,Skin biopsy,B18,0.1942372620105743,False,False,random_1,0.0
GSM3852895,skin,GSE132195,test,source,GSE132195,Skin biopsy,A75,0.150144338607788,False,False,random_3,0.0
GSM3852899,skin,GSE132195,test,source,GSE132195,Skin biopsy,A82,0.1384315341711044,False,False,random_0,0.0
GSM3852900,skin,GSE132195,test,source,GSE132195,Skin biopsy,A83,0.1699860990047454,False,False,random_0,0.0
GSM4127070,skin,GSE139028,test,source,GSE139028,Normal Skin,AE1,0.0213152728974819,False,False,random_4,0.0
GSM4127073,skin,GSE139028,test,source,GSE139028,Normal Skin,AE4,0.0262677557766437,False,False,random_3,0.0
GSM4127074,skin,GSE139028,test,source,GSE139028,Normal Skin,AE5,0.0322092920541763,False,False,random_4,0.0
GSM4182960,skin,GSE140740,test,source,GSE140740,Fibroblasts obtained from skin biopsy,Wild type clone  [C10],0.03000158816576,False,False,random_1,0.0
GSM4182961,skin,GSE140740,test,source,GSE140740,Fibroblasts obtained from skin biopsy,Wild type clone [C13],0.0293186847120523,False,False,random_1,0.0
GSM4182962,skin,GSE140740,test,source,GSE140740,Fibroblasts obtained from skin biopsy,Wild type clone [C15],0.0415118411183357,False,False,random_0,0.0
GSM4679395,skin,GSE154773,test,source,GSE154773,skin,CHS017:skin,0.0070449472405016,False,False,random_3,0.0
GSM4679396,skin,GSE154773,test,source,GSE154773,skin,CHS018:skin,0.0070102261379361,False,False,random_3,0.0
GSM4679398,skin,GSE154773,test,source,GSE154773,skin,CHS022:skin,0.0066830040886998,False,False,random_4,0.0
GSM4679399,skin,GSE154773,test,source,GSE154773,skin,CHS023:skin,0.0065349675714969,False,False,random_0,0.0
GSM4679400,skin,GSE154773,test,source,GSE154773,skin,CHS024:skin,0.0079127764329314,False,False,random_1,0.0
GSM4679402,skin,GSE154773,test,source,GSE154773,skin,CHS031:skin,0.0068710604682564,False,False,random_2,0.0
GSM4679404,skin,GSE154773,test,source,GSE154773,skin,HS002:skin,0.0059560271911323,False,False,random_1,0.0
GSM4679405,skin,GSE154773,test,source,GSE154773,skin,HS003:skin,0.0071467827074229,False,False,random_1,0.0
GSM4679406,skin,GSE154773,test,source,GSE154773,skin,HS006:skin,0.0120499758049845,False,False,random_2,0.0
GSM4679409,skin,GSE154773,test,source,GSE154773,skin,HS009:skin,0.0104794139042496,False,False,random_3,0.0
GSM4679410,skin,GSE154773,test,source,GSE154773,skin,HS010:skin,0.0075734318234026,False,False,random_1,0.0
GSM4679412,skin,GSE154773,test,source,GSE154773,skin,HS013:skin,0.0084856152534484,False,False,random_2,0.0
GSM4679413,skin,GSE154773,test,source,GSE154773,skin,HS014:skin,0.0070251184515655,False,False,random_0,0.0
GSM4679414,skin,GSE154773,test,source,GSE154773,skin,HS016:skin,0.0070791468024253,False,False,random_0,0.0
GSM4679417,skin,GSE154773,test,source,GSE154773,skin,HS026:skin,0.0059416969306766,False,False,random_3,0.0
GSM4679418,skin,GSE154773,test,source,GSE154773,skin,HS027:skin,0.0095771048218011,False,False,random_1,0.0
GSM4679419,skin,GSE154773,test,source,GSE154773,skin,HS028:skin,0.008021074347198,False,False,random_3,0.0
GSM4679420,skin,GSE154773,test,source,GSE154773,skin,HS029:skin,0.0117513732984662,False,False,random_2,0.0
GSM4679421,skin,GSE154773,test,source,GSE154773,skin,HS032:skin,0.0076432754285633,False,False,random_3,0.0
GSM4679423,skin,GSE154773,test,source,GSE154773,skin,HS034:skin,0.008889184333384,False,False,random_4,0.0
GSM5393847,skin,GSE178563,test,source,GSE178563,Skin Biopsy,OS1 (Ordinary scabies 1),0.0747070908546447,False,False,random_2,0.0
GSM5393849,skin,GSE178563,test,source,GSE178563,Skin Biopsy,OS3 (Ordinary scabies 3),0.0455013625323772,False,False,random_3,0.0
GSM5393852,skin,GSE178563,test,source,GSE178563,Skin Biopsy,N1 (Naïve 1),0.0412361174821853,False,False,random_4,0.0
GSM5393853,skin,GSE178563,test,source,GSE178563,Skin Biopsy,N2 (Naïve 2),0.0464037135243415,False,False,random_3,0.0
GSM5393854,skin,GSE178563,test,source,GSE178563,Skin Biopsy,N3 (Naïve 3),0.1041269302368164,False,False,random_4,0.0
GSM1930367,skin,GSE74697,test,source,GSE74697,Normal Skin,C2,0.0525141581892967,False,False,random_0,0.0
GSM1930368,skin,GSE74697,test,source,GSE74697,Normal Skin,C3,0.0416259169578552,False,False,random_3,0.0
GSM1930369,skin,GSE74697,test,source,GSE74697,Normal Skin,C4,0.0399835854768753,False,False,random_3,0.0
GSM1930370,skin,GSE74697,test,source,GSE74697,Normal Skin,C5,0.0478360727429389,False,False,random_2,0.0
GSM1930371,skin,GSE74697,test,source,GSE74697,Normal Skin,C6,0.05255863443017,False,False,random_1,0.0
GSM1930372,skin,GSE74697,test,source,GSE74697,Normal Skin,C8,0.0394268445670604,False,False,random_1,0.0
GSM1930373,skin,GSE74697,test,source,GSE74697,Normal Skin,C9,0.0560568422079086,False,False,random_1,0.0
GSM1930374,skin,GSE74697,test,source,GSE74697,Normal Skin,C10,0.0491126887500286,False,False,random_0,0.0
GSM1930375,skin,GSE74697,test,source,GSE74697,Normal Skin,C11,0.0566426888108253,False,False,random_3,0.0
GSM1930376,skin,GSE74697,test,source,GSE74697,Normal Skin,C12,0.041899673640728,False,False,random_3,0.0
GSM1930377,skin,GSE74697,test,source,GSE74697,Normal Skin,C13,0.0485805086791515,False,False,random_4,0.0
GSM1930378,skin,GSE74697,test,source,GSE74697,Normal Skin,C15,0.0481321848928928,False,False,random_2,0.0
GSM1930379,skin,GSE74697,test,source,GSE74697,Normal Skin,107,0.0859828069806099,False,False,random_0,0.0
GSM1930380,skin,GSE74697,test,source,GSE74697,Normal Skin,M32ACtrl,0.0964947342872619,False,False,random_1,0.0
GSM1930381,skin,GSE74697,test,source,GSE74697,Normal Skin,V003ACtrl,0.0545454882085323,False,False,random_4,0.0
GSM1930382,skin,GSE74697,test,source,GSE74697,Normal Skin,V008,0.079152725636959,False,False,random_2,0.0
GSM2254452,skin,GSE84943,test,source,GSE84943,Embryonic skin,Skin_E13_rep1,0.2340136468410492,False,False,random_4,0.0
GSM2254453,skin,GSE84943,test,source,GSE84943,Embryonic skin,Skin_E13_rep2,0.2379487007856369,False,False,random_4,0.0
GSM2254454,skin,GSE84943,test,source,GSE84943,Embryonic skin,Skin_E13_rep3,0.2439106702804565,False,False,random_3,0.0
GSM2344268,skin,GSE88605,test,source,GSE88605,Homo sapiens suprapubic skin tissue male adult (37 years),total RNA-seq from suprapubic skin (ENCLB591IEN),0.0879434868693351,False,False,random_1,0.0
GSM2705367,brain,GSE101521,train,source,GSE101521,dorsal lateral prefrontal cortex (Brodmann Area 9),V2,0.0580439381301403,False,False,,0.001277139208173691
GSM2705368,brain,GSE101521,train,source,GSE101521,dorsal lateral prefrontal cortex (Brodmann Area 9),V3,0.0555080883204937,False,False,,0.001277139208173691
GSM2705370,brain,GSE101521,train,source,GSE101521,dorsal lateral prefrontal cortex (Brodmann Area 9),V5,0.0476465299725532,False,False,,0.001277139208173691
GSM2705372,brain,GSE101521,train,source,GSE101521,dorsal lateral prefrontal cortex (Brodmann Area 9),V7,0.0506947673857212,False,False,,0.001277139208173691
GSM2705374,brain,GSE101521,train,source,GSE101521,dorsal lateral prefrontal cortex (Brodmann Area 9),V9,0.0482564195990562,False,True,random_4,0.001277139208173691
GSM2705375,brain,GSE101521,train,source,GSE101521,dorsal lateral prefrontal cortex (Brodmann Area 9),V10,0.0480352863669395,False,False,,0.001277139208173691
GSM2705376,brain,GSE101521,train,source,GSE101521,dorsal lateral prefrontal cortex (Brodmann Area 9),V11,0.0499974936246871,False,False,,0.001277139208173691
GSM2705379,brain,GSE101521,train,source,GSE101521,dorsal lateral prefrontal cortex (Brodmann Area 9),V14,0.0664819478988647,False,True,random_3,0.001277139208173691
GSM2705385,brain,GSE101521,train,source,GSE101521,dorsal lateral prefrontal cortex (Brodmann Area 9),V20,0.0460485145449638,False,True,random_0,0.001277139208173691
GSM2705392,brain,GSE101521,train,source,GSE101521,dorsal lateral prefrontal cortex (Brodmann Area 9),V27,0.0513729751110076,False,False,,0.001277139208173691
GSM2705393,brain,GSE101521,train,source,GSE101521,dorsal lateral prefrontal cortex (Brodmann Area 9),V28,0.0640184730291366,False,False,,0.001277139208173691
GSM2705396,brain,GSE101521,train,source,GSE101521,dorsal lateral prefrontal cortex (Brodmann Area 9),V31,0.0499872602522373,False,False,,0.001277139208173691
GSM2705397,brain,GSE101521,train,source,GSE101521,dorsal lateral prefrontal cortex (Brodmann Area 9),V32,0.0514462329447269,False,False,,0.001277139208173691
GSM2705400,brain,GSE101521,train,source,GSE101521,dorsal lateral prefrontal cortex (Brodmann Area 9),V35,0.0402205735445022,False,False,,0.001277139208173691
GSM2705403,brain,GSE101521,train,source,GSE101521,dorsal lateral prefrontal cortex (Brodmann Area 9),V38,0.0504184439778327,False,False,,0.001277139208173691
GSM2705404,brain,GSE101521,train,source,GSE101521,dorsal lateral prefrontal cortex (Brodmann Area 9),V39,0.0327720567584037,False,False,,0.001277139208173691
GSM2705406,brain,GSE101521,train,source,GSE101521,dorsal lateral prefrontal cortex (Brodmann Area 9),V41,0.0444289408624172,False,False,,0.001277139208173691
GSM2705412,brain,GSE101521,train,source,GSE101521,dorsal lateral prefrontal cortex (Brodmann Area 9),V47,0.0458850637078285,False,False,,0.001277139208173691
GSM2705421,brain,GSE101521,train,source,GSE101521,dorsal lateral prefrontal cortex (Brodmann Area 9),V56,0.0463685914874076,False,False,,0.001277139208173691
GSM2705422,brain,GSE101521,train,source,GSE101521,dorsal lateral prefrontal cortex (Brodmann Area 9),V57,0.0458591319620609,False,False,,0.001277139208173691
GSM2740615,brain,GSE102556,train,source,GSE102556,postmortem brain,56: Orbitofrontal (OFC; BA11),0.0412603616714477,False,False,,0.001277139208173691
GSM2740636,brain,GSE102556,train,source,GSE102556,postmortem brain,124: Orbitofrontal (OFC; BA11),0.0442229807376861,False,False,,0.001277139208173691
GSM2740670,brain,GSE102556,train,source,GSE102556,postmortem brain,63: Dorsolateral prefrontal cortex (dlPFC; BA8/9),0.0282313302159309,False,True,random_0,0.001277139208173691
GSM2740690,brain,GSE102556,train,source,GSE102556,postmortem brain,183: Dorsolateral prefrontal cortex (dlPFC; BA8/9),0.0285958014428615,False,False,,0.001277139208173691
GSM2740706,brain,GSE102556,train,source,GSE102556,postmortem brain,17: Cingulate gyrus 25 (Cg25),0.0284740570932626,False,False,,0.001277139208173691
GSM2740740,brain,GSE102556,train,source,GSE102556,postmortem brain,201: Cingulate gyrus 25 (Cg25),0.0430872589349746,False,False,,0.001277139208173691
GSM2740748,brain,GSE102556,train,source,GSE102556,postmortem brain,246: Cingulate gyrus 25 (Cg25),0.0301433634012937,False,True,random_3,0.001277139208173691
GSM2740783,brain,GSE102556,train,source,GSE102556,postmortem brain,162: Anterior Insula (aINS),0.0420011468231678,False,False,,0.001277139208173691
GSM2740790,brain,GSE102556,train,source,GSE102556,postmortem brain,212: Anterior Insula (aINS),0.0407485775649547,False,True,random_2,0.001277139208173691
GSM2740791,brain,GSE102556,train,source,GSE102556,postmortem brain,222: Anterior Insula (aINS),0.0388249829411506,False,False,,0.001277139208173691
GSM2740793,brain,GSE102556,train,source,GSE102556,postmortem brain,236: Anterior Insula (aINS),0.0240493342280387,False,False,,0.001277139208173691
GSM2740799,brain,GSE102556,train,source,GSE102556,postmortem brain,14: Nucleus Accumbens (Nac),0.0259867757558822,False,False,,0.001277139208173691
GSM2740800,brain,GSE102556,train,source,GSE102556,postmortem brain,17: Nucleus Accumbens (Nac),0.0255888272076845,False,False,,0.001277139208173691
GSM2740820,brain,GSE102556,train,source,GSE102556,postmortem brain,105: Nucleus Accumbens (Nac),0.024148840457201,False,False,,0.001277139208173691
GSM2740843,brain,GSE102556,train,source,GSE102556,postmortem brain,242: Nucleus Accumbens (Nac),0.0266357213258743,False,False,,0.001277139208173691
GSM2740875,brain,GSE102556,train,source,GSE102556,postmortem brain,153: Subiculum (Sub),0.0299886632710695,False,False,,0.001277139208173691
GSM2740876,brain,GSE102556,train,source,GSE102556,postmortem brain,183: Subiculum (Sub),0.0342182256281375,False,False,,0.001277139208173691
GSM2740880,brain,GSE102556,train,source,GSE102556,postmortem brain,201: Subiculum (Sub),0.0331486128270626,False,False,,0.001277139208173691
GSM2740885,brain,GSE102556,train,source,GSE102556,postmortem brain,238: Subiculum (Sub),0.0345469303429126,False,False,,0.001277139208173691
GSM2740889,brain,GSE102556,train,source,GSE102556,postmortem brain,249: Subiculum (Sub),0.0298380982130765,False,False,,0.001277139208173691
GSM2745901,brain,GSE102741,train,source,GSE102741,"Postmortem Brain, DLPFC",Control 3,0.0379097089171409,False,False,,0.001277139208173691
GSM2745904,brain,GSE102741,train,source,GSE102741,"Postmortem Brain, DLPFC",Control 6,0.0419953688979148,False,True,random_4,0.001277139208173691
GSM2745905,brain,GSE102741,train,source,GSE102741,"Postmortem Brain, DLPFC",Control 7,0.046974703669548,False,False,,0.001277139208173691
GSM2745907,brain,GSE102741,train,source,GSE102741,"Postmortem Brain, DLPFC",Control 9,0.0427435785531997,False,False,,0.001277139208173691
GSM2745918,brain,GSE102741,train,source,GSE102741,"Postmortem Brain, DLPFC",Control 20,0.0390030033886432,False,False,,0.001277139208173691
GSM2745919,brain,GSE102741,train,source,GSE102741,"Postmortem Brain, DLPFC",Control 21,0.0443294718861579,False,False,,0.001277139208173691
GSM2745920,brain,GSE102741,train,source,GSE102741,"Postmortem Brain, DLPFC",Control 22,0.035605426877737,False,False,,0.001277139208173691
GSM2745921,brain,GSE102741,train,source,GSE102741,"Postmortem Brain, DLPFC",Control 23,0.0476624257862567,False,True,random_3,0.001277139208173691
GSM2745922,brain,GSE102741,train,source,GSE102741,"Postmortem Brain, DLPFC",Control 24,0.0321412943303585,False,False,,0.001277139208173691
GSM2745925,brain,GSE102741,train,source,GSE102741,"Postmortem Brain, DLPFC",Control 27,0.0542488917708396,False,False,,0.001277139208173691
GSM2745927,brain,GSE102741,train,source,GSE102741,"Postmortem Brain, DLPFC",Control 29,0.0558573454618454,False,False,,0.001277139208173691
GSM2745929,brain,GSE102741,train,source,GSE102741,"Postmortem Brain, DLPFC",Control 31,0.0377642810344696,False,False,,0.001277139208173691
GSM2745932,brain,GSE102741,train,source,GSE102741,"Postmortem Brain, DLPFC",Control 34,0.0356277823448181,False,False,,0.001277139208173691
GSM2745933,brain,GSE102741,train,source,GSE102741,"Postmortem Brain, DLPFC",Control 35,0.0415528230369091,False,False,,0.001277139208173691
GSM2745936,brain,GSE102741,train,source,GSE102741,"Postmortem Brain, DLPFC",ASD 1,0.0457749180495739,False,False,,0.001277139208173691
GSM2745941,brain,GSE102741,train,source,GSE102741,"Postmortem Brain, DLPFC",ASD 6,0.047718059271574,False,False,,0.001277139208173691
GSM2745942,brain,GSE102741,train,source,GSE102741,"Postmortem Brain, DLPFC",ASD 7,0.0330771617591381,False,False,,0.001277139208173691
GSM2745943,brain,GSE102741,train,source,GSE102741,"Postmortem Brain, DLPFC",ASD 8,0.0422091521322727,False,False,,0.001277139208173691
GSM2745945,brain,GSE102741,train,source,GSE102741,"Postmortem Brain, DLPFC",ASD 10,0.0541819408535957,False,True,random_2,0.001277139208173691
GSM2745950,brain,GSE102741,train,source,GSE102741,"Postmortem Brain, DLPFC",Control 39,0.0459416210651397,False,True,random_0,0.001277139208173691
GSM2842950,brain,GSE106577|GSE106580,train,source,GSE106577	GSE106580,brain,human_brain_RNA-seq,0.0470941215753555,False,True,random_3,0.001277139208173691
GSM3015451,brain,GSE110731|GSE110732,train,source,GSE110731	GSE110732,Brain prefrontal cortex,P2C3_RNA_Seq,0.0335691198706626,False,False,,0.001277139208173691
GSM3015453,brain,GSE110731|GSE110732,train,source,GSE110731	GSE110732,Brain prefrontal cortex,E10_RNA_Seq,0.0490080006420612,False,False,,0.001277139208173691
GSM3015454,brain,GSE110731|GSE110732,train,source,GSE110731	GSE110732,Brain prefrontal cortex,F11_RNA_Seq,0.0395045131444931,False,False,,0.001277139208173691
GSM3015456,brain,GSE110731|GSE110732,train,source,GSE110731	GSE110732,Brain prefrontal cortex,A2_RNA_Seq,0.0518931895494461,False,False,,0.001277139208173691
GSM3015457,brain,GSE110731|GSE110732,train,source,GSE110731	GSE110732,Brain prefrontal cortex,B8_RNA_Seq,0.0335492901504039,False,False,,0.001277139208173691
GSM3015458,brain,GSE110731|GSE110732,train,source,GSE110731	GSE110732,Brain prefrontal cortex,H5_RNA_Seq,0.033763438463211,False,False,,0.001277139208173691
GSM3015459,brain,GSE110731|GSE110732,train,source,GSE110731	GSE110732,Brain prefrontal cortex,E1_RNA_Seq,0.0406769253313541,False,False,,0.001277139208173691
GSM3015460,brain,GSE110731|GSE110732,train,source,GSE110731	GSE110732,Brain prefrontal cortex,E2_RNA_Seq,0.0463077761232852,False,False,,0.001277139208173691
GSM3015461,brain,GSE110731|GSE110732,train,source,GSE110731	GSE110732,Brain prefrontal cortex,B12_RNA_Seq,0.048011764883995,False,False,,0.001277139208173691
GSM3015462,brain,GSE110731|GSE110732,train,source,GSE110731	GSE110732,Brain prefrontal cortex,D9_RNA_Seq,0.0354263596236705,False,False,,0.001277139208173691
GSM3015464,brain,GSE110731|GSE110732,train,source,GSE110731	GSE110732,Brain prefrontal cortex,G8_RNA_Seq,0.0447589308023452,False,False,,0.001277139208173691
GSM3015465,brain,GSE110731|GSE110732,train,source,GSE110731	GSE110732,Brain prefrontal cortex,E3_RNA_Seq,0.0364700034260749,False,True,random_1,0.001277139208173691
GSM3015466,brain,GSE110731|GSE110732,train,source,GSE110731	GSE110732,Brain prefrontal cortex,E7_RNA_Seq,0.0410409979522228,False,True,random_3,0.001277139208173691
GSM3015467,brain,GSE110731|GSE110732,train,source,GSE110731	GSE110732,Brain prefrontal cortex,B10_RNA_Seq,0.0300564188510179,False,True,random_2,0.001277139208173691
GSM3015468,brain,GSE110731|GSE110732,train,source,GSE110731	GSE110732,Brain prefrontal cortex,D10_RNA_Seq,0.0262809619307518,False,False,,0.001277139208173691
GSM3015469,brain,GSE110731|GSE110732,train,source,GSE110731	GSE110732,Brain prefrontal cortex,B4_RNA_Seq,0.0405468307435512,False,False,,0.001277139208173691
GSM3015470,brain,GSE110731|GSE110732,train,source,GSE110731	GSE110732,Brain prefrontal cortex,P2A2_RNA_Seq,0.0455878265202045,False,False,,0.001277139208173691
GSM3015471,brain,GSE110731|GSE110732,train,source,GSE110731	GSE110732,Brain prefrontal cortex,F10_RNA_Seq,0.0281740501523017,False,False,,0.001277139208173691
GSM3015473,brain,GSE110731|GSE110732,train,source,GSE110731	GSE110732,Brain prefrontal cortex,H4_RNA_Seq,0.0454611033201217,False,True,random_4,0.001277139208173691
GSM3015475,brain,GSE110731|GSE110732,train,source,GSE110731	GSE110732,Brain prefrontal cortex,C10_RNA_Seq,0.0447988323867321,False,False,,0.001277139208173691
GSM3072104,brain,GSE112523|GSE112525,train,source,GSE112523	GSE112525,frontal cortex of the human brain,9,0.0814780071377754,False,True,random_2,0.001277139208173691
GSM3072105,brain,GSE112523|GSE112525,train,source,GSE112523	GSE112525,frontal cortex of the human brain,10,0.0756098479032516,False,False,,0.001277139208173691
GSM3072106,brain,GSE112523|GSE112525,train,source,GSE112523	GSE112525,frontal cortex of the human brain,15,0.0616897009313106,False,False,,0.001277139208173691
GSM3072107,brain,GSE112523|GSE112525,train,source,GSE112523	GSE112525,frontal cortex of the human brain,20,0.0980759337544441,False,False,,0.001277139208173691
GSM3072108,brain,GSE112523|GSE112525,train,source,GSE112523	GSE112525,frontal cortex of the human brain,21,0.0733866021037101,False,False,,0.001277139208173691
GSM3072112,brain,GSE112523|GSE112525,train,source,GSE112523	GSE112525,frontal cortex of the human brain,33,0.0654089599847793,False,False,,0.001277139208173691
GSM3072113,brain,GSE112523|GSE112525,train,source,GSE112523	GSE112525,frontal cortex of the human brain,38,0.0896261259913444,False,True,random_3,0.001277139208173691
GSM3072115,brain,GSE112523|GSE112525,train,source,GSE112523	GSE112525,frontal cortex of the human brain,41,0.0839250236749649,False,False,,0.001277139208173691
GSM3072116,brain,GSE112523|GSE112525,train,source,GSE112523	GSE112525,frontal cortex of the human brain,56,0.0685546994209289,False,False,,0.001277139208173691
GSM3072117,brain,GSE112523|GSE112525,train,source,GSE112523	GSE112525,frontal cortex of the human brain,57,0.0638903006911277,False,False,,0.001277139208173691
GSM3072118,brain,GSE112523|GSE112525,train,source,GSE112523	GSE112525,frontal cortex of the human brain,58,0.0799211338162422,False,False,,0.001277139208173691
GSM3072119,brain,GSE112523|GSE112525,train,source,GSE112523	GSE112525,frontal cortex of the human brain,66,0.0801097899675369,False,False,,0.001277139208173691
GSM3072120,brain,GSE112523|GSE112525,train,source,GSE112523	GSE112525,frontal cortex of the human brain,69,0.0798498839139938,False,False,,0.001277139208173691
GSM3072121,brain,GSE112523|GSE112525,train,source,GSE112523	GSE112525,frontal cortex of the human brain,70,0.0906820073723793,False,False,,0.001277139208173691
GSM3072122,brain,GSE112523|GSE112525,train,source,GSE112523	GSE112525,frontal cortex of the human brain,72,0.0578889586031436,False,False,,0.001277139208173691
GSM3072123,brain,GSE112523|GSE112525,train,source,GSE112523	GSE112525,frontal cortex of the human brain,73,0.0810062810778617,False,False,,0.001277139208173691
GSM3072130,brain,GSE112523|GSE112525,train,source,GSE112523	GSE112525,frontal cortex of the human brain,82,0.0862189903855323,False,True,random_1,0.001277139208173691
GSM3072131,brain,GSE112523|GSE112525,train,source,GSE112523	GSE112525,frontal cortex of the human brain,86,0.0766758471727371,False,False,,0.001277139208173691
GSM3072132,brain,GSE112523|GSE112525,train,source,GSE112523	GSE112525,frontal cortex of the human brain,87,0.0540909022092819,False,False,,0.001277139208173691
GSM3072135,brain,GSE112523|GSE112525,train,source,GSE112523	GSE112525,frontal cortex of the human brain,94,0.0745340511202812,False,True,random_0,0.001277139208173691
GSM3108354,brain,GSE113524,train,source,GSE113524,Brain,Healthy2 RNA-Seq,0.056822195649147,False,True,random_2,0.001277139208173691
GSM3108355,brain,GSE113524,train,source,GSE113524,Brain,Healthy3 RNA-Seq,0.0242883283644914,False,False,,0.001277139208173691
GSM3108356,brain,GSE113524,train,source,GSE113524,Brain,Healthy4 RNA-Seq,0.045527696609497,False,False,,0.001277139208173691
GSM3108357,brain,GSE113524,train,source,GSE113524,Brain,Healthy5 RNA-Seq,0.0313557535409927,False,False,,0.001277139208173691
GSM3108363,brain,GSE113524,train,source,GSE113524,Brain,Patient1 RNA-Seq,0.0252271238714456,False,False,,0.001277139208173691
GSM3108364,brain,GSE113524,train,source,GSE113524,Brain,Patient2 RNA-Seq,0.0318481512367725,False,False,,0.001277139208173691
GSM3108365,brain,GSE113524,train,source,GSE113524,Brain,Patient3 RNA-Seq,0.0528068989515304,False,False,,0.001277139208173691
GSM3108368,brain,GSE113524,train,source,GSE113524,Brain,Patient6 RNA-Seq,0.0323728248476982,False,False,,0.001277139208173691
GSM3108369,brain,GSE113524,train,source,GSE113524,Brain,Patient7 RNA-Seq,0.048392292112112,False,True,random_4,0.001277139208173691
GSM3732959,brain,GSE113524,train,source,GSE113524,Brain,Patient21 RNA-Seq,0.031328298151493,False,False,,0.001277139208173691
GSM3732961,brain,GSE113524,train,source,GSE113524,Brain,Healthy24 RNA-Seq,0.034775972366333,False,False,,0.001277139208173691
GSM3732963,brain,GSE113524,train,source,GSE113524,Brain,Healthy26 RNA-Seq,0.0227345451712608,False,False,,0.001277139208173691
GSM3732964,brain,GSE113524,train,source,GSE113524,Brain,Healthy27 RNA-Seq,0.0303446650505065,False,False,,0.001277139208173691
GSM3732965,brain,GSE113524,train,source,GSE113524,Brain,Healthy28 RNA-Seq,0.0383768193423748,False,False,,0.001277139208173691
GSM3732968,brain,GSE113524,train,source,GSE113524,Brain,Patient31 RNA-Seq,0.03965949639678,False,True,random_1,0.001277139208173691
GSM3732970,brain,GSE113524,train,source,GSE113524,Brain,Patient33 RNA-Seq,0.0398236289620399,False,False,,0.001277139208173691
GSM3732971,brain,GSE113524,train,source,GSE113524,Brain,Patient34 RNA-Seq,0.0290632732212543,False,False,,0.001277139208173691
GSM3732975,brain,GSE113524,train,source,GSE113524,Brain,Healthy38 RNA-Seq,0.0196466892957687,False,False,,0.001277139208173691
GSM3732976,brain,GSE113524,train,source,GSE113524,Brain,Healthy39 RNA-Seq,0.0344776101410388,False,False,,0.001277139208173691
GSM3732977,brain,GSE113524,train,source,GSE113524,Brain,Healthy40 RNA-Seq,0.0328722484409809,False,False,,0.001277139208173691
GSM4094428,brain,GSE114517,train,source,GSE114517,Amygdala,AM Cont Male [AM1],0.027744511142373,False,False,,0.001277139208173691
GSM4094429,brain,GSE114517,train,source,GSE114517,Amygdala,AM Cont Male [AM2],0.024578059092164,False,True,random_4,0.001277139208173691
GSM4094430,brain,GSE114517,train,source,GSE114517,Amygdala,AM Cont Female [AM3],0.020078195258975,False,False,,0.001277139208173691
GSM4094431,brain,GSE114517,train,source,GSE114517,Amygdala,AM Cont Female [AM4],0.027543568983674,False,False,,0.001277139208173691
GSM4094432,brain,GSE114517,train,source,GSE114517,Amygdala,AM Cont Male [AM5],0.0272187963128089,False,False,,0.001277139208173691
GSM4094433,brain,GSE114517,train,source,GSE114517,Amygdala,AM Cont Female [AM6],0.0304085277020931,False,True,random_1,0.001277139208173691
GSM4094434,brain,GSE114517,train,source,GSE114517,Amygdala,AM Cont Male [AM7],0.0297442097216844,False,False,,0.001277139208173691
GSM4094435,brain,GSE114517,train,source,GSE114517,Amygdala,AM Cont Female [AM8],0.0249603539705276,False,False,,0.001277139208173691
GSM4094436,brain,GSE114517,train,source,GSE114517,Amygdala,AM PD Male [AM9],0.0227791406214237,False,False,,0.001277139208173691
GSM4094437,brain,GSE114517,train,source,GSE114517,Amygdala,AM PD Male [AM10],0.0227724369615316,False,False,,0.001277139208173691
GSM4094438,brain,GSE114517,train,source,GSE114517,Amygdala,AM PD Male [AM11],0.0214208010584115,False,False,,0.001277139208173691
GSM4094439,brain,GSE114517,train,source,GSE114517,Amygdala,AM PD Male [AM12],0.0238574240356683,False,False,,0.001277139208173691
GSM4094440,brain,GSE114517,train,source,GSE114517,Amygdala,AM PD Male [AM13],0.0200419481843709,False,True,random_0,0.001277139208173691
GSM4094441,brain,GSE114517,train,source,GSE114517,Amygdala,AM PD Male [AM14],0.0167999528348445,False,False,,0.001277139208173691
GSM4094444,brain,GSE114517,train,source,GSE114517,Amygdala,AM PD Female [AM17],0.0279137007892131,False,False,,0.001277139208173691
GSM4094445,brain,GSE114517,train,source,GSE114517,Amygdala,AM PD Male [AM18],0.0263141989707946,False,False,,0.001277139208173691
GSM4094446,brain,GSE114517,train,source,GSE114517,Amygdala,AM PD Male [AM19],0.0133766056969761,False,False,,0.001277139208173691
GSM4094447,brain,GSE114517,train,source,GSE114517,Amygdala,AM PD Male [AM20],0.0178301483392715,False,True,random_3,0.001277139208173691
GSM4094449,brain,GSE114517,train,source,GSE114517,Amygdala,AM PD Male [AM22],0.0239095259457826,False,False,,0.001277139208173691
GSM4094450,brain,GSE114517,train,source,GSE114517,Amygdala,AM PD Female [AM23],0.023225899785757,False,False,,0.001277139208173691
GSM3181745,brain,GSE115542,train,source,GSE115542,Brain,Icb-2555MB-20908_S23_L001,0.1019901558756828,False,False,,0.001277139208173691
GSM3181746,brain,GSE115542,train,source,GSE115542,Brain,Icb-2555MB-20908_S23_L002,0.0930092930793762,False,False,,0.001277139208173691
GSM3181747,brain,GSE115542,train,source,GSE115542,Brain,Icb-2555MB-20908_S23_L003,0.0955260321497917,False,False,,0.001277139208173691
GSM3181748,brain,GSE115542,train,source,GSE115542,Brain,Icb-2555MB-20908_S23_L004,0.1108898147940635,False,True,random_0,0.001277139208173691
GSM3181750,brain,GSE115542,train,source,GSE115542,Brain,ICb-2555MB-21659-digoxin-bio_S14_L002,0.0652251616120338,False,False,,0.001277139208173691
GSM3181751,brain,GSE115542,train,source,GSE115542,Brain,ICb-2555MB-21659-digoxin-bio_S14_L003,0.0670138001441955,False,False,,0.001277139208173691
GSM3181752,brain,GSE115542,train,source,GSE115542,Brain,ICb-2555MB-21659-digoxin-bio_S14_L004,0.07825668156147,False,True,random_1,0.001277139208173691
GSM3181753,brain,GSE115542,train,source,GSE115542,Brain,ICb-1078MB-18342-Control_S8_L001,0.1257202476263046,False,False,,0.001277139208173691
GSM3181754,brain,GSE115542,train,source,GSE115542,Brain,ICb-1078MB-18342-Control_S8_L002,0.1229820996522903,False,True,random_4,0.001277139208173691
GSM3181755,brain,GSE115542,train,source,GSE115542,Brain,ICb-1078MB-18342-Control_S8_L003,0.1011969074606895,False,False,,0.001277139208173691
GSM3181756,brain,GSE115542,train,source,GSE115542,Brain,ICb-1078MB-18342-Control_S8_L004,0.1271955966949463,False,False,,0.001277139208173691
GSM3181757,brain,GSE115542,train,source,GSE115542,Brain,ICb-1078MB-18343-Control_S9_L001,0.1092716082930564,False,False,,0.001277139208173691
GSM3181758,brain,GSE115542,train,source,GSE115542,Brain,ICb-1078MB-18343-Control_S9_L002,0.1141339391469955,False,False,,0.001277139208173691
GSM3181759,brain,GSE115542,train,source,GSE115542,Brain,ICb-1078MB-18343-Control_S9_L003,0.0878637284040451,False,False,,0.001277139208173691
GSM3181760,brain,GSE115542,train,source,GSE115542,Brain,ICb-1078MB-18343-Control_S9_L004,0.0828907340764999,False,False,,0.001277139208173691
GSM3181761,brain,GSE115542,train,source,GSE115542,Brain,ICb-1078MB-22234-digoxin-bio_S12_L001,0.1407438516616821,False,False,,0.001277139208173691
GSM3181763,brain,GSE115542,train,source,GSE115542,Brain,ICb-1078MB-22234-digoxin-bio_S12_L003,0.0993003249168396,False,False,,0.001277139208173691
GSM3181764,brain,GSE115542,train,source,GSE115542,Brain,ICb-1078MB-22234-digoxin-bio_S12_L004,0.1299282610416412,False,False,,0.001277139208173691
GSM3181766,brain,GSE115542,train,source,GSE115542,Brain,ICb-1078MB-22241-digoxin-bio_S13_L002,0.1191776618361473,False,False,,0.001277139208173691
GSM3181767,brain,GSE115542,train,source,GSE115542,Brain,ICb-1078MB-22241-digoxin-bio_S13_L003,0.1357466429471969,False,False,,0.001277139208173691
GSM3192032,brain,GSE115862,train,source,GSE115862,human brain neurons,hneurons_PolyARNASeq,0.2459977120161056,False,True,random_2,0.001277139208173691
GSM3319627,brain,GSE118158,train,source,GSE118158,Brain tissue,1_692_VCx,0.1666557192802429,False,False,,0.001277139208173691
GSM3319628,brain,GSE118158,train,source,GSE118158,Brain tissue,1_729_Caudate,0.1353002041578292,False,False,,0.001277139208173691
GSM3319629,brain,GSE118158,train,source,GSE118158,Brain tissue,1_729_VCx,0.1607326120138168,False,False,,0.001277139208173691
GSM3319630,brain,GSE118158,train,source,GSE118158,Brain tissue,2_692_Caudate,0.0777528434991836,False,False,,0.001277139208173691
GSM3319631,brain,GSE118158,train,source,GSE118158,Brain tissue,2_692_Cerebellum,0.0960890352725982,False,False,,0.001277139208173691
GSM3319632,brain,GSE118158,train,source,GSE118158,Brain tissue,2_692_Hippocampus,0.0806733593344688,False,False,,0.001277139208173691
GSM3319633,brain,GSE118158,train,source,GSE118158,Brain tissue,2_729_Cerebellum,0.349406361579895,False,False,,0.001277139208173691
GSM3319634,brain,GSE118158,train,source,GSE118158,Brain tissue,2_729_PFC,0.0893210172653198,False,True,random_4,0.001277139208173691
GSM3319635,brain,GSE118158,train,source,GSE118158,Brain tissue,3_683_Thalamus,0.0819924771785736,False,False,,0.001277139208173691
GSM3319636,brain,GSE118158,train,source,GSE118158,Brain tissue,3_692_PFC,0.0872916132211685,False,False,,0.001277139208173691
GSM3319637,brain,GSE118158,train,source,GSE118158,Brain tissue,3_692_Thalamus,0.0473048575222492,False,False,,0.001277139208173691
GSM3319638,brain,GSE118158,train,source,GSE118158,Brain tissue,3_729_Hippocampus,0.1161345168948173,False,False,,0.001277139208173691
GSM3319639,brain,GSE118158,train,source,GSE118158,Brain tissue,4_683_ACCx,0.0931414738297462,False,True,random_1,0.001277139208173691
GSM3319640,brain,GSE118158,train,source,GSE118158,Brain tissue,4_683_SupCol,0.0817276760935783,False,False,,0.001277139208173691
GSM3319641,brain,GSE118158,train,source,GSE118158,Brain tissue,4_729_ACCx,0.127073734998703,False,False,,0.001277139208173691
GSM3319642,brain,GSE118158,train,source,GSE118158,Brain tissue,4_729_SupCol,0.0660994946956634,False,True,random_2,0.001277139208173691
GSM3358037,brain,GSE119102,train,source,GSE119102,peritumoral brain tissue (zone III),peritumoral_untreated_1,0.1234400942921638,False,True,random_0,0.001277139208173691
GSM3358038,brain,GSE119102,train,source,GSE119102,peritumoral brain tissue (zone III),peritumoral_untreated_2,0.1093402057886123,False,True,random_1,0.001277139208173691
GSM3505489,brain,GSE123496,train,source,GSE123496,hippocampus,MS34H,0.0326216518878936,False,False,,0.001277139208173691
GSM3505494,brain,GSE123496,train,source,GSE123496,hippocampus,MS40H,0.0422289408743381,False,True,random_0,0.001277139208173691
GSM3505499,brain,GSE123496,train,source,GSE123496,hippocampus,MS46H,0.0345922894775867,False,True,random_1,0.001277139208173691
GSM3505504,brain,GSE123496,train,source,GSE123496,hippocampus,MS52H,0.0404992252588272,False,True,random_3,0.001277139208173691
GSM3505509,brain,GSE123496,train,source,GSE123496,hippocampus,MS58H,0.0377988405525684,False,False,,0.001277139208173691
GSM3505514,brain,GSE123496,train,source,GSE123496,hippocampus,NL64H,0.0397682748734951,False,False,,0.001277139208173691
GSM3505519,brain,GSE123496,train,source,GSE123496,hippocampus,NL70H,0.0412085019052028,False,False,,0.001277139208173691
GSM3505524,brain,GSE123496,train,source,GSE123496,hippocampus,NL76H,0.0389852598309516,False,False,,0.001277139208173691
GSM3505529,brain,GSE123496,train,source,GSE123496,hippocampus,NL82H,0.0258535500615835,False,True,random_2,0.001277139208173691
GSM3505534,brain,GSE123496,train,source,GSE123496,hippocampus,NL88H,0.0515544898808002,False,False,,0.001277139208173691
GSM3517146,brain,GSE123936,train,source,GSE123936,brain,X1525_Control_NeuN_human,0.2313216179609298,False,False,,0.001277139208173691
GSM3517149,brain,GSE123936,train,source,GSE123936,brain,X1528_Control_NeuN_human,0.2108594328165054,False,False,,0.001277139208173691
GSM3517152,brain,GSE123936,train,source,GSE123936,brain,X1532_Control_NeuN_human,0.1880390346050262,False,False,,0.001277139208173691
GSM3517153,brain,GSE123936,train,source,GSE123936,brain,X1536_Control_NeuN_human,0.1717759519815445,False,False,,0.001277139208173691
GSM3517155,brain,GSE123936,train,source,GSE123936,brain,X1539_Control_NeuN_human,0.2218490242958068,False,False,,0.001277139208173691
GSM3517157,brain,GSE123936,train,source,GSE123936,brain,X1541_Control_NeuN_human,0.1687854379415512,False,False,,0.001277139208173691
GSM3517158,brain,GSE123936,train,source,GSE123936,brain,X3545_Control_NeuN_human,0.2055353373289108,False,False,,0.001277139208173691
GSM3517161,brain,GSE123936,train,source,GSE123936,brain,X3602_Control_NeuN_human,0.1769343167543411,False,True,random_0,0.001277139208173691
GSM3517162,brain,GSE123936,train,source,GSE123936,brain,X3611_Control_NeuN_human,0.2705423831939697,False,True,random_2,0.001277139208173691
GSM3517168,brain,GSE123936,train,source,GSE123936,brain,AN15472_Control_NeuN_human,0.2463917285203933,False,True,random_3,0.001277139208173691
GSM3517169,brain,GSE123936,train,source,GSE123936,brain,AN16799_Control_NeuN_human,0.2270785272121429,False,False,,0.001277139208173691
GSM3517172,brain,GSE123936,train,source,GSE123936,brain,X1524_Control_Olig2_human,0.3262416422367096,False,False,,0.001277139208173691
GSM3517174,brain,GSE123936,train,source,GSE123936,brain,X1526_Control_Olig2_human,0.1687171161174774,False,False,,0.001277139208173691
GSM3517176,brain,GSE123936,train,source,GSE123936,brain,X1528_Control_Olig2_human,0.2061204612255096,False,False,,0.001277139208173691
GSM3517178,brain,GSE123936,train,source,GSE123936,brain,X1530_Control_Olig2_human,0.1974820345640182,False,False,,0.001277139208173691
GSM3517182,brain,GSE123936,train,source,GSE123936,brain,X1541_Control_Olig2_human,0.269205093383789,False,False,,0.001277139208173691
GSM3517183,brain,GSE123936,train,source,GSE123936,brain,X3545_Control_Olig2_human,0.1826772838830948,False,False,,0.001277139208173691
GSM3517187,brain,GSE123936,train,source,GSE123936,brain,X4615_Control_Olig2_human,0.3245221674442291,False,False,,0.001277139208173691
GSM3517188,brain,GSE123936,train,source,GSE123936,brain,AN03398_Control_Olig2_human,0.2561340928077698,False,False,,0.001277139208173691
GSM3517192,brain,GSE123936,train,source,GSE123936,brain,AN16799_Control_Olig2_human,0.2686231434345245,False,False,,0.001277139208173691
GSM3640335,brain,GSE127871,train,source,GSE127871,Hippocampus,Subject 1,0.0811930894851684,False,False,,0.001277139208173691
GSM3640336,brain,GSE127871,train,source,GSE127871,Hippocampus,Subject 2,0.1073009297251701,False,True,random_0,0.001277139208173691
GSM3640337,brain,GSE127871,train,source,GSE127871,Hippocampus,Subject 3,0.090146817266941,False,False,,0.001277139208173691
GSM3640338,brain,GSE127871,train,source,GSE127871,Hippocampus,Subject 4,0.1324908882379531,False,False,,0.001277139208173691
GSM3640339,brain,GSE127871,train,source,GSE127871,Hippocampus,Subject 5,0.0956835001707077,False,False,,0.001277139208173691
GSM3640340,brain,GSE127871,train,source,GSE127871,Hippocampus,Subject 6,0.093180164694786,False,True,random_1,0.001277139208173691
GSM3640341,brain,GSE127871,train,source,GSE127871,Hippocampus,Subject 7,0.1377011835575103,False,True,random_4,0.001277139208173691
GSM3640342,brain,GSE127871,train,source,GSE127871,Hippocampus,Subject 8,0.0690530389547348,False,False,,0.001277139208173691
GSM3640343,brain,GSE127871,train,source,GSE127871,Hippocampus,Subject 9,0.1140510439872741,False,False,,0.001277139208173691
GSM3640344,brain,GSE127871,train,source,GSE127871,Hippocampus,Subject 10,0.0963827446103096,False,False,,0.001277139208173691
GSM3640345,brain,GSE127871,train,source,GSE127871,Hippocampus,Subject 11,0.1368886679410934,False,False,,0.001277139208173691
GSM3640346,brain,GSE127871,train,source,GSE127871,Hippocampus,Subject 12,0.0768077075481414,False,True,random_2,0.001277139208173691
GSM3713464,brain,GSE129473,train,source,GSE129473,BA9 prefrontal cortex,C_0004 (re-analyzed),0.0557763054966926,False,False,,0.001277139208173691
GSM3713465,brain,GSE129473,train,source,GSE129473,BA9 prefrontal cortex,C_0005 (re-analyzed),0.0479895658791065,False,True,random_3,0.001277139208173691
GSM3713466,brain,GSE129473,train,source,GSE129473,BA9 prefrontal cortex,C_0006 (re-analyzed),0.0651904791593551,False,False,,0.001277139208173691
GSM3713467,brain,GSE129473,train,source,GSE129473,BA9 prefrontal cortex,C_0008 (re-analyzed),0.0602772124111652,False,False,,0.001277139208173691
GSM3713472,brain,GSE129473,train,source,GSE129473,BA9 prefrontal cortex,C_0013 (re-analyzed),0.0469981469213962,False,False,,0.001277139208173691
GSM3713481,brain,GSE129473,train,source,GSE129473,BA9 prefrontal cortex,C_0022 (re-analyzed),0.0484914407134056,False,False,,0.001277139208173691
GSM3713485,brain,GSE129473,train,source,GSE129473,BA9 prefrontal cortex,C_0026 (re-analyzed),0.0553244464099407,False,True,random_0,0.001277139208173691
GSM3713490,brain,GSE129473,train,source,GSE129473,BA9 prefrontal cortex,C_0035 (re-analyzed),0.0708923786878585,False,False,,0.001277139208173691
GSM3713496,brain,GSE129473,train,source,GSE129473,BA9 prefrontal cortex,C_0053 (re-analyzed),0.0997167825698852,False,False,,0.001277139208173691
GSM3713498,brain,GSE129473,train,source,GSE129473,BA9 prefrontal cortex,C_0061 (re-analyzed),0.0585295930504798,False,False,,0.001277139208173691
GSM3713500,brain,GSE129473,train,source,GSE129473,BA9 prefrontal cortex,C_0065 (re-analyzed),0.0562970004975795,False,False,,0.001277139208173691
GSM3713501,brain,GSE129473,train,source,GSE129473,BA9 prefrontal cortex,C_0069 (re-analyzed),0.0752495899796485,False,False,,0.001277139208173691
GSM3713503,brain,GSE129473,train,source,GSE129473,BA9 prefrontal cortex,C_0071 (re-analyzed),0.0570512749254703,False,False,,0.001277139208173691
GSM3713507,brain,GSE129473,train,source,GSE129473,BA9 prefrontal cortex,C_0081 (re-analyzed),0.051709309220314,False,False,,0.001277139208173691
GSM3713514,brain,GSE129473,train,source,GSE129473,BA9 prefrontal cortex,H_0005 (re-analyzed),0.0634209066629409,False,False,,0.001277139208173691
GSM3713517,brain,GSE129473,train,source,GSE129473,BA9 prefrontal cortex,H_0008 (re-analyzed),0.0592212863266468,False,False,,0.001277139208173691
GSM3713523,brain,GSE129473,train,source,GSE129473,BA9 prefrontal cortex,H_0657 (re-analyzed),0.0692170932888984,False,False,,0.001277139208173691
GSM3713525,brain,GSE129473,train,source,GSE129473,BA9 prefrontal cortex,H_0681 (re-analyzed),0.0764085128903389,False,False,,0.001277139208173691
GSM3713528,brain,GSE129473,train,source,GSE129473,BA9 prefrontal cortex,H_0726 (re-analyzed),0.0750847309827804,False,True,random_2,0.001277139208173691
GSM3713529,brain,GSE129473,train,source,GSE129473,BA9 prefrontal cortex,H_0740 (re-analyzed),0.0677930414676666,False,False,,0.001277139208173691
GSM3753085,brain,GSE130752,train,source,GSE130752,"Extracted RNA from SVZ homogenate dissociated from the adult human brain, library 1",16-090_SVZ,0.477091521024704,False,True,random_3,0.001277139208173691
GSM3753087,brain,GSE130752,train,source,GSE130752,"Extracted RNA from SVZ homogenate dissociated from the adult human brain, library 2",16-098_SVZ,0.2255055159330368,False,True,random_4,0.001277139208173691
GSM3753089,brain,GSE130752,train,source,GSE130752,"Extracted RNA from SVZ homogenate dissociated from the adult human brain, library 3",16-101_SVZ,0.2359528094530105,False,True,random_1,0.001277139208173691
GSM3753091,brain,GSE130752,train,source,GSE130752,"Extracted RNA from SVZ homogenate dissociated from the adult human brain, library 4",16-102_SVZ,0.2113147526979446,False,False,,0.001277139208173691
GSM3753093,brain,GSE130752,train,source,GSE130752,"Extracted RNA from SVZ homogenate dissociated from the adult human brain, library 6",16-137_SVZ,0.2536642253398895,False,True,random_2,0.001277139208173691
GSM3963732,brain,GSE134697,train,source,GSE134697,Brain,Hippocampus patient 1,0.0071531250141561,False,False,,0.001277139208173691
GSM3963734,brain,GSE134697,train,source,GSE134697,Brain,Hippocampus patient 2,0.0087835351005196,False,False,,0.001277139208173691
GSM3963735,brain,GSE134697,train,source,GSE134697,Brain,Neocortex patient 3,0.013741036877036,False,False,,0.001277139208173691
GSM3963737,brain,GSE134697,train,source,GSE134697,Brain,Neocortex patient 4,0.0176231060177087,False,False,,0.001277139208173691
GSM3963739,brain,GSE134697,train,source,GSE134697,Brain,Neocortex patient 5,0.0125272814184427,False,False,,0.001277139208173691
GSM3963740,brain,GSE134697,train,source,GSE134697,Brain,Hippocampus patient 5,0.0086499489843845,False,False,,0.001277139208173691
GSM3963741,brain,GSE134697,train,source,GSE134697,Brain,Neocortex patient 6,0.0134888775646686,False,False,,0.001277139208173691
GSM3963743,brain,GSE134697,train,source,GSE134697,Brain,Neocortex patient 7,0.013121835887432,False,True,random_1,0.001277139208173691
GSM3963745,brain,GSE134697,train,source,GSE134697,Brain,Neocortex patient 8,0.0099913505837321,False,True,random_2,0.001277139208173691
GSM3963747,brain,GSE134697,train,source,GSE134697,Brain,Neocortex patient 9,0.0114031583070755,False,False,,0.001277139208173691
GSM3963751,brain,GSE134697,train,source,GSE134697,Brain,Neocortex patient 11,0.0110311396420001,False,False,,0.001277139208173691
GSM3963752,brain,GSE134697,train,source,GSE134697,Brain,Hippocampus patient 11,0.010486920364201,False,False,,0.001277139208173691
GSM3963754,brain,GSE134697,train,source,GSE134697,Brain,Hippocampus patient 12,0.0080217160284519,False,False,,0.001277139208173691
GSM3963755,brain,GSE134697,train,source,GSE134697,Brain,Neocortex patient 13,0.0123508255928754,False,False,,0.001277139208173691
GSM3963756,brain,GSE134697,train,source,GSE134697,Brain,Hippocampus patient 13,0.0121288504451513,False,False,,0.001277139208173691
GSM3963757,brain,GSE134697,train,source,GSE134697,Brain,Neocortex patient 14,0.0109926452860236,False,False,,0.001277139208173691
GSM3963760,brain,GSE134697,train,source,GSE134697,Brain,Hippocampus patient 15,0.0096767731010913,False,True,random_0,0.001277139208173691
GSM3963761,brain,GSE134697,train,source,GSE134697,Brain,Neocortex patient 16,0.0127794006839394,False,False,,0.001277139208173691
GSM3963762,brain,GSE134697,train,source,GSE134697,Brain,Hippocampus patient 16,0.0075600249692797,False,True,random_3,0.001277139208173691
GSM3963763,brain,GSE134697,train,source,GSE134697,Brain,Neocortex patient 17,0.0093889683485031,False,False,,0.001277139208173691
GSM3984151,brain,GSE135036|GSE135037,train,source,GSE135036	GSE135037,PD_Brain prefrontal cortex,41,0.0226389709860086,False,False,,0.001277139208173691
GSM3984152,brain,GSE135036|GSE135037,train,source,GSE135036	GSE135037,PD_Brain prefrontal cortex,51,0.0175576377660036,False,False,,0.001277139208173691
GSM3984153,brain,GSE135036|GSE135037,train,source,GSE135036	GSE135037,PD_Brain prefrontal cortex,79,0.0219232346862554,False,False,,0.001277139208173691
GSM3984154,brain,GSE135036|GSE135037,train,source,GSE135036	GSE135037,PD_Brain prefrontal cortex,81,0.0117445895448327,False,False,,0.001277139208173691
GSM3984155,brain,GSE135036|GSE135037,train,source,GSE135036	GSE135037,PD_Brain prefrontal cortex,106,0.0253613125532865,False,True,random_0,0.001277139208173691
GSM3984157,brain,GSE135036|GSE135037,train,source,GSE135036	GSE135037,PD_Brain prefrontal cortex,216,0.0178710911422967,False,False,,0.001277139208173691
GSM3984158,brain,GSE135036|GSE135037,train,source,GSE135036	GSE135037,PD_Brain prefrontal cortex,226,0.0169578250497579,False,True,random_1,0.001277139208173691
GSM3984161,brain,GSE135036|GSE135037,train,source,GSE135036	GSE135037,PD_Brain prefrontal cortex,286,0.015249622054398,False,False,,0.001277139208173691
GSM3984164,brain,GSE135036|GSE135037,train,source,GSE135036	GSE135037,PD_Brain prefrontal cortex,340,0.011164404451847,False,False,,0.001277139208173691
GSM3984165,brain,GSE135036|GSE135037,train,source,GSE135036	GSE135037,PD_Brain prefrontal cortex,348,0.0154442219063639,False,False,,0.001277139208173691
GSM3984167,brain,GSE135036|GSE135037,train,source,GSE135036	GSE135037,PD_Brain prefrontal cortex,368,0.0215681139379739,False,False,,0.001277139208173691
GSM3984169,brain,GSE135036|GSE135037,train,source,GSE135036	GSE135037,PD_Brain prefrontal cortex,398,0.023477578535676,False,True,random_4,0.001277139208173691
GSM3984170,brain,GSE135036|GSE135037,train,source,GSE135036	GSE135037,PD_Brain prefrontal cortex,423,0.0157251227647066,False,True,random_2,0.001277139208173691
GSM3984171,brain,GSE135036|GSE135037,train,source,GSE135036	GSE135037,PD_Brain prefrontal cortex,458,0.0142722511664032,False,False,,0.001277139208173691
GSM3984172,brain,GSE135036|GSE135037,train,source,GSE135036	GSE135037,PD_Brain prefrontal cortex,460,0.0254936944693326,False,False,,0.001277139208173691
GSM3984175,brain,GSE135036|GSE135037,train,source,GSE135036	GSE135037,Control_Brain prefrontal cortex,700,0.0147447800263762,False,False,,0.001277139208173691
GSM3984177,brain,GSE135036|GSE135037,train,source,GSE135036	GSE135037,Control_Brain prefrontal cortex,5661,0.0212486386299133,False,False,,0.001277139208173691
GSM3984180,brain,GSE135036|GSE135037,train,source,GSE135036	GSE135037,Control_Brain prefrontal cortex,AN09933,0.0204742960631847,False,False,,0.001277139208173691
GSM3984184,brain,GSE135036|GSE135037,train,source,GSE135036	GSE135037,Control_Brain prefrontal cortex,Hct15HBA007,0.0155273517593741,False,False,,0.001277139208173691
GSM3984186,brain,GSE135036|GSE135037,train,source,GSE135036	GSE135037,Control_Brain prefrontal cortex,HctZZJ006,0.0190948024392128,False,False,,0.001277139208173691
GSM4082419,brain,GSE137596,train,source,GSE137596,Normal brain tissue,Control1 RNA-seq,0.0438298881053924,False,True,random_3,0.001277139208173691
GSM4082420,brain,GSE137596,train,source,GSE137596,Normal brain tissue,Control2 RNA-seq,0.0400403439998626,False,False,,0.001277139208173691
GSM4082421,brain,GSE137596,train,source,GSE137596,Normal brain tissue,Control3 RNA-seq,0.0422980226576328,False,True,random_0,0.001277139208173691
GSM4082422,brain,GSE137596,train,source,GSE137596,Normal brain tissue,Control4 RNA-seq,0.0412431024014949,False,True,random_2,0.001277139208173691
GSM4659178,brain,GSE137810|GSE153960,train,source,GSE137810	GSE153960,Cerebellum,post-mortem tissue [CGND-HRA-00069],0.0444348827004432,False,False,,0.001277139208173691
GSM4659221,brain,GSE137810|GSE153960,train,source,GSE137810	GSE153960,Cerebellum,post-mortem tissue [CGND-HRA-00159],0.0518406890332698,False,False,,0.001277139208173691
GSM4659274,brain,GSE137810|GSE153960,train,source,GSE137810	GSE153960,Cerebellum,post-mortem tissue [CGND-HRA-00326],0.0575403422117233,False,False,,0.001277139208173691
GSM4659336,brain,GSE137810|GSE153960,train,source,GSE137810	GSE153960,Cerebellum,post-mortem tissue [CGND-HRA-00785],0.0625631883740425,False,True,random_2,0.001277139208173691
GSM4659423,brain,GSE137810|GSE153960,train,source,GSE137810	GSE153960,Cerebellum,post-mortem tissue [CGND-HRA-00533],0.0679645985364914,False,False,,0.001277139208173691
GSM4659445,brain,GSE137810|GSE153960,train,source,GSE137810	GSE153960,Cerebellum,post-mortem tissue [CGND-HRA-00585],0.052498985081911,False,True,random_4,0.001277139208173691
GSM4659558,brain,GSE137810|GSE153960,train,source,GSE137810	GSE153960,Cerebellum,post-mortem tissue [CGND-HRA-00486],0.0436391830444335,False,False,,0.001277139208173691
GSM4659580,brain,GSE137810|GSE153960,train,source,GSE137810	GSE153960,Cerebellum,post-mortem tissue [CGND-HRA-01358],0.0382828898727893,False,False,,0.001277139208173691
GSM4660074,brain,GSE137810|GSE153960,train,source,GSE137810	GSE153960,Hippocampus,post-mortem tissue [CGND-HRA-01698],0.0327965840697288,False,False,,0.001277139208173691
GSM4660099,brain,GSE137810|GSE153960,train,source,GSE137810	GSE153960,Hippocampus,post-mortem tissue [CGND-HRA-01723],0.0380005463957786,False,False,,0.001277139208173691
GSM4660181,brain,GSE137810|GSE153960,train,source,GSE137810	GSE153960,Hippocampus,post-mortem tissue [CGND-HRA-01932],0.030718931928277,False,True,random_1,0.001277139208173691
GSM4660287,brain,GSE137810|GSE153960,train,source,GSE137810	GSE153960,Cerebellum,post-mortem tissue [CGND-HRA-02048],0.0444055795669555,False,False,,0.001277139208173691
GSM4660473,brain,GSE137810|GSE153960,train,source,GSE137810	GSE153960,Cerebellum,post-mortem tissue [CGND-HRA-01303],0.0309960190206766,False,False,,0.001277139208173691
GSM4660569,brain,GSE137810|GSE153960,train,source,GSE137810	GSE153960,Cerebellum,post-mortem tissue [CGND-HRA-01459],0.0268584582954645,False,False,,0.001277139208173691
GSM4660573,brain,GSE137810|GSE153960,train,source,GSE137810	GSE153960,Cerebellum,post-mortem tissue [CGND-HRA-01467],0.0341334901750087,False,False,,0.001277139208173691
GSM4660663,brain,GSE137810|GSE153960,train,source,GSE137810	GSE153960,Cerebellum,post-mortem tissue [CGND-HRA-01573],0.0210872758179903,False,False,,0.001277139208173691
GSM4660792,brain,GSE137810|GSE153960,train,source,GSE137810	GSE153960,Cerebellum,post-mortem tissue [CGND-HRA-00451],0.0385175496339798,False,False,,0.001277139208173691
GSM4660798,brain,GSE137810|GSE153960,train,source,GSE137810	GSE153960,Cerebellum,post-mortem tissue [CGND-HRA-00458],0.0465659573674202,False,False,,0.001277139208173691
GSM4660807,brain,GSE137810|GSE153960,train,source,GSE137810	GSE153960,Cerebellum,post-mortem tissue [CGND-HRA-00691],0.0426669120788574,False,False,,0.001277139208173691
GSM4660830,brain,GSE137810|GSE153960,train,source,GSE137810	GSE153960,Cerebellum,post-mortem tissue [CGND-HRA-00718],0.0477505326271057,False,False,,0.001277139208173691
GSM4206903,brain,GSE141552,train,source,GSE141552,Human brain prefrontal cortex,Control_01,0.2153519093990326,False,True,random_1,0.001277139208173691
GSM4284466,brain,GSE144254,train,source,GSE144254,brain,1174-M-23,0.0711403638124466,False,True,random_2,0.001277139208173691
GSM4284468,brain,GSE144254,train,source,GSE144254,brain,1196-F-34,0.057789210230112,False,False,,0.001277139208173691
GSM4284469,brain,GSE144254,train,source,GSE144254,brain,1199-M-34,0.0630073770880699,False,False,,0.001277139208173691
GSM4284470,brain,GSE144254,train,source,GSE144254,brain,1200-F-23,0.0635221749544143,False,False,,0.001277139208173691
GSM4284473,brain,GSE144254,train,source,GSE144254,brain,1212-M-34,0.0647539943456649,False,False,,0.001277139208173691
GSM4284474,brain,GSE144254,train,source,GSE144254,brain,1213-M-34,0.1010264679789543,False,False,,0.001277139208173691
GSM4284476,brain,GSE144254,train,source,GSE144254,brain,1222-M-23,0.0505584515631198,False,False,,0.001277139208173691
GSM4284479,brain,GSE144254,train,source,GSE144254,brain,866-M-23,0.0763593837618827,False,False,,0.001277139208173691
GSM4284480,brain,GSE144254,train,source,GSE144254,brain,983-F-33,0.0834658592939376,False,False,,0.001277139208173691
GSM4284483,brain,GSE144254,train,source,GSE144254,brain,CW01-031-F-34,0.039457831531763,False,False,,0.001277139208173691
GSM4284486,brain,GSE144254,train,source,GSE144254,brain,CW06-013-M-33,0.068297766149044,False,False,,0.001277139208173691
GSM4284491,brain,GSE144254,train,source,GSE144254,brain,CW12-004-F-33,0.0914838463068008,False,False,,0.001277139208173691
GSM4284492,brain,GSE144254,train,source,GSE144254,brain,CW13-002-M-33,0.0789550021290779,False,True,random_3,0.001277139208173691
GSM4284494,brain,GSE144254,train,source,GSE144254,brain,CW13-018-M-34,0.0672687739133834,False,False,,0.001277139208173691
GSM4284496,brain,GSE144254,train,source,GSE144254,brain,CW14-012-M-44,0.0877494513988494,False,False,,0.001277139208173691
GSM4284497,brain,GSE144254,train,source,GSE144254,brain,CW15-020-M-34,0.081580564379692,False,False,,0.001277139208173691
GSM4284499,brain,GSE144254,train,source,GSE144254,brain,CW15-023-M-34,0.0643460154533386,False,False,,0.001277139208173691
GSM4284501,brain,GSE144254,train,source,GSE144254,brain,CW97-041-F-34,0.0609276033937931,False,False,,0.001277139208173691
GSM4284503,brain,GSE144254,train,source,GSE144254,brain,CW98-037-F-34,0.0860960856080055,False,True,random_0,0.001277139208173691
GSM4284504,brain,GSE144254,train,source,GSE144254,brain,CW99-003-F-33,0.0883306041359901,False,False,,0.001277139208173691
GSM4426487,brain,GSE147352,train,source,GSE147352,Normal brain tissues,SYC64,0.0656439438462257,False,False,,0.001277139208173691
GSM4426488,brain,GSE147352,train,source,GSE147352,Normal brain tissues,SYC66,0.0813182890415191,False,False,,0.001277139208173691
GSM4426490,brain,GSE147352,train,source,GSE147352,Normal brain tissues,SYC68,0.1146601364016532,False,False,,0.001277139208173691
GSM4426491,brain,GSE147352,train,source,GSE147352,Normal brain tissues,SYC69,0.0790179371833801,False,False,,0.001277139208173691
GSM4426492,brain,GSE147352,train,source,GSE147352,Normal brain tissues,SYC70,0.056307278573513,False,True,random_3,0.001277139208173691
GSM4426493,brain,GSE147352,train,source,GSE147352,Normal brain tissues,SYC71,0.0726661682128906,False,False,,0.001277139208173691
GSM4426494,brain,GSE147352,train,source,GSE147352,Normal brain tissues,SYC72,0.0847928151488304,False,False,,0.001277139208173691
GSM4426495,brain,GSE147352,train,source,GSE147352,Normal brain tissues,SYC73,0.0751338228583335,False,True,random_0,0.001277139208173691
GSM4426496,brain,GSE147352,train,source,GSE147352,Normal brain tissues,SYC76,0.0803584605455398,False,True,random_4,0.001277139208173691
GSM4426497,brain,GSE147352,train,source,GSE147352,Normal brain tissues,SYC77,0.0714209452271461,False,True,random_1,0.001277139208173691
GSM4426499,brain,GSE147352,train,source,GSE147352,Normal brain tissues,SYC81,0.087624616920948,False,False,,0.001277139208173691
GSM4426500,brain,GSE147352,train,source,GSE147352,Normal brain tissues,SYC82,0.0950061380863189,False,False,,0.001277139208173691
GSM4432638,brain,GSE147528,train,source,GSE147528,Frozen post-mortem human brain tissue,SFG4,0.4111185073852539,False,True,random_3,0.001277139208173691
GSM4432648,brain,GSE147528,train,source,GSE147528,Frozen post-mortem human brain tissue,EC4,0.2871773838996887,False,True,random_1,0.001277139208173691
GSM4456119,brain,GSE148216,train,source,GSE148216,Brain tissue,A35N,0.0227467473596334,False,True,random_3,0.001277139208173691
GSM4456120,brain,GSE148216,train,source,GSE148216,Brain tissue,A38N,0.0302922017872333,False,False,,0.001277139208173691
GSM4456121,brain,GSE148216,train,source,GSE148216,Brain tissue,A43N,0.0301116127520799,False,False,,0.001277139208173691
GSM4456122,brain,GSE148216,train,source,GSE148216,Brain tissue,A37S,0.0357121974229812,False,True,random_4,0.001277139208173691
GSM4456123,brain,GSE148216,train,source,GSE148216,Brain tissue,A39S,0.0279399920254945,False,True,random_1,0.001277139208173691
GSM4456124,brain,GSE148216,train,source,GSE148216,Brain tissue,A41S,0.0157656632363796,False,True,random_2,0.001277139208173691
GSM4466861,brain,GSE148389|GSE148390,train,source,GSE148389	GSE148390,Brain,NC15_4_RNA-seq,0.1098086014389991,False,False,,0.001277139208173691
GSM4466865,brain,GSE148389|GSE148390,train,source,GSE148389	GSE148390,Brain,NC16_4_RNA-seq,0.1575754284858703,False,False,,0.001277139208173691
GSM4466879,brain,GSE148389|GSE148390,train,source,GSE148389	GSE148390,Brain,NC23_2_RNA-seq,0.3185813128948211,False,True,random_3,0.001277139208173691
GSM4466881,brain,GSE148389|GSE148390,train,source,GSE148389	GSE148390,Brain,NC23_4_RNA-seq,0.1172463223338127,False,False,,0.001277139208173691
GSM4466886,brain,GSE148389|GSE148390,train,source,GSE148389	GSE148390,Brain,NC25_1_RNA-seq,0.1213253587484359,False,False,,0.001277139208173691
GSM4466891,brain,GSE148389|GSE148390,train,source,GSE148389	GSE148390,Brain,NC4_2_RNA-seq,0.1010189205408096,False,True,random_4,0.001277139208173691
GSM4466908,brain,GSE148389|GSE148390,train,source,GSE148389	GSE148390,Brain,Q15_3_RNA-seq,0.1616978645324707,False,False,,0.001277139208173691
GSM4466916,brain,GSE148389|GSE148390,train,source,GSE148389	GSE148390,Brain,Q2_3_RNA-seq,0.108681745827198,False,True,random_1,0.001277139208173691
GSM4466919,brain,GSE148389|GSE148390,train,source,GSE148389	GSE148390,Brain,Q21_2_RNA-seq,0.0974417626857757,False,False,,0.001277139208173691
GSM4466922,brain,GSE148389|GSE148390,train,source,GSE148389	GSE148390,Brain,Q22_1_RNA-seq,0.0842472314834594,False,False,,0.001277139208173691
GSM4466937,brain,GSE148389|GSE148390,train,source,GSE148389	GSE148390,Brain,Q25_4_RNA-seq,0.0953898802399635,False,False,,0.001277139208173691
GSM4466945,brain,GSE148389|GSE148390,train,source,GSE148389	GSE148390,Brain,Q27_4_RNA-seq,0.074034184217453,False,False,,0.001277139208173691
GSM4466950,brain,GSE148389|GSE148390,train,source,GSE148389	GSE148390,Brain,Q3_1_RNA-seq,0.1154068559408187,False,False,,0.001277139208173691
GSM4466952,brain,GSE148389|GSE148390,train,source,GSE148389	GSE148390,Brain,Q3_3_RNA-seq,0.1155963987112045,False,False,,0.001277139208173691
GSM4466969,brain,GSE148389|GSE148390,train,source,GSE148389	GSE148390,Brain,Q33_4_RNA-seq,0.1432781368494033,False,False,,0.001277139208173691
GSM4466971,brain,GSE148389|GSE148390,train,source,GSE148389	GSE148390,Brain,Q34_2_RNA-seq,0.1378519088029861,False,False,,0.001277139208173691
GSM4466973,brain,GSE148389|GSE148390,train,source,GSE148389	GSE148390,Brain,Q34_4_RNA-seq,0.1266694068908691,False,False,,0.001277139208173691
GSM4466986,brain,GSE148389|GSE148390,train,source,GSE148389	GSE148390,Brain,Q7_1_RNA-seq,0.1350665092468261,False,False,,0.001277139208173691
GSM4466987,brain,GSE148389|GSE148390,train,source,GSE148389	GSE148390,Brain,Q7_2_RNA-seq,0.10624660551548,False,True,random_0,0.001277139208173691
GSM4466999,brain,GSE148389|GSE148390,train,source,GSE148389	GSE148390,Brain,Q37_2_RNA-seq,0.1691606193780899,False,False,,0.001277139208173691
GSM4483378,brain,GSE148822,train,source,GSE148822,brain,bulk_Donor3OC_neun,0.2049750983715057,False,False,,0.001277139208173691
GSM4483380,brain,GSE148822,train,source,GSE148822,brain,bulk_Donor7OC_neun,0.0959633588790893,False,True,random_2,0.001277139208173691
GSM4483381,brain,GSE148822,train,source,GSE148822,brain,bulk_Donor7OTC_neun,0.2510694563388824,False,False,,0.001277139208173691
GSM4483382,brain,GSE148822,train,source,GSE148822,brain,bulk_Donor4OC_neun,0.2623313069343567,False,False,,0.001277139208173691
GSM4483386,brain,GSE148822,train,source,GSE148822,brain,bulk_Donor8OC_neun,0.221145212650299,False,False,,0.001277139208173691
GSM4483387,brain,GSE148822,train,source,GSE148822,brain,bulk_Donor8OTC_neun,0.1435156017541885,False,False,,0.001277139208173691
GSM4483391,brain,GSE148822,train,source,GSE148822,brain,bulk_Donor10OTC_neun,0.32569220662117,False,True,random_1,0.001277139208173691
GSM4483392,brain,GSE148822,train,source,GSE148822,brain,bulk_Donor11OC_neun,0.2188862562179565,False,False,,0.001277139208173691
GSM4483394,brain,GSE148822,train,source,GSE148822,brain,bulk_Donor12OC_neun,0.223061978816986,False,True,random_0,0.001277139208173691
GSM4483397,brain,GSE148822,train,source,GSE148822,brain,bulk_Donor13OTC_neun,0.2427524328231811,False,False,,0.001277139208173691
GSM4483398,brain,GSE148822,train,source,GSE148822,brain,bulk_Donor14OC_neun,0.3247980177402496,False,False,,0.001277139208173691
GSM4483403,brain,GSE148822,train,source,GSE148822,brain,bulk_Donor16OTC_neun,0.1419426649808883,False,True,random_4,0.001277139208173691
GSM4483404,brain,GSE148822,train,source,GSE148822,brain,bulk_Donor17OC_neun,0.2178912609815597,False,False,,0.001277139208173691
GSM4483407,brain,GSE148822,train,source,GSE148822,brain,bulk_Donor18OTC_neun,0.2437032610177993,False,False,,0.001277139208173691
GSM4483411,brain,GSE148822,train,source,GSE148822,brain,bulk_Donor3OTC_olig,0.2356088608503341,False,False,,0.001277139208173691
GSM4483415,brain,GSE148822,train,source,GSE148822,brain,bulk_Donor4OTC_olig,0.2419962733983993,False,False,,0.001277139208173691
GSM4483423,brain,GSE148822,train,source,GSE148822,brain,bulk_Donor13OTC_olig,0.2060553878545761,False,False,,0.001277139208173691
GSM4483424,brain,GSE148822,train,source,GSE148822,brain,bulk_Donor14OC_olig,0.1815012544393539,False,False,,0.001277139208173691
GSM4483429,brain,GSE148822,train,source,GSE148822,brain,bulk_Donor16OTC_olig,0.2085119187831878,False,False,,0.001277139208173691
GSM4483430,brain,GSE148822,train,source,GSE148822,brain,bulk_Donor17OC_olig,0.187693178653717,False,False,,0.001277139208173691
GSM4591813,brain,GSE151827,train,source,GSE151827,Brain,"Lateral amygdala, S1, RNAseq",0.0318364724516868,False,False,,0.001277139208173691
GSM4591815,brain,GSE151827,train,source,GSE151827,Brain,"Lateral amygdala, S3, RNAseq",0.0258882716298103,False,False,,0.001277139208173691
GSM4591824,brain,GSE151827,train,source,GSE151827,Brain,"Lateral amygdala, S12, RNAseq",0.0290581751614809,False,True,random_1,0.001277139208173691
GSM4591825,brain,GSE151827,train,source,GSE151827,Brain,"Lateral amygdala, S13, RNAseq",0.0262771900743246,False,False,,0.001277139208173691
GSM4591826,brain,GSE151827,train,source,GSE151827,Brain,"Lateral amygdala, S14, RNAseq",0.0324056968092918,False,False,,0.001277139208173691
GSM4591827,brain,GSE151827,train,source,GSE151827,Brain,"Lateral amygdala, S15, RNAseq",0.0324649065732955,False,False,,0.001277139208173691
GSM4591828,brain,GSE151827,train,source,GSE151827,Brain,"Lateral amygdala, S16, RNAseq",0.0195471011102199,False,False,,0.001277139208173691
GSM4591835,brain,GSE151827,train,source,GSE151827,Brain,"Lateral amygdala, S23, RNAseq",0.03181142359972,False,False,,0.001277139208173691
GSM4591838,brain,GSE151827,train,source,GSE151827,Brain,"Lateral amygdala, S26, RNAseq",0.023710872977972,False,False,,0.001277139208173691
GSM4591840,brain,GSE151827,train,source,GSE151827,Brain,"Lateral amygdala, S28, RNAseq",0.0241983737796545,False,True,random_2,0.001277139208173691
GSM4591842,brain,GSE151827,train,source,GSE151827,Brain,"Lateral amygdala, S30, RNAseq",0.0204085074365139,False,False,,0.001277139208173691
GSM4591843,brain,GSE151827,train,source,GSE151827,Brain,"Lateral amygdala, S31, RNAseq",0.0273338370025157,False,True,random_4,0.001277139208173691
GSM4591848,brain,GSE151827,train,source,GSE151827,Brain,"Lateral amygdala, S36, RNAseq",0.025578511878848,False,True,random_3,0.001277139208173691
GSM5026551,brain,GSE151827,train,source,GSE151827,Brain,"Anterior Cingulate cortex, sbb4, RNAseq",0.0386539064347744,False,False,,0.001277139208173691
GSM5026573,brain,GSE151827,train,source,GSE151827,Brain,"Anterior Cingulate cortex, sbb26, RNAseq",0.0396779179573059,False,False,,0.001277139208173691
GSM5026578,brain,GSE151827,train,source,GSE151827,Brain,"Anterior Cingulate cortex, sbb31, RNAseq",0.0356963835656642,False,False,,0.001277139208173691
GSM5026579,brain,GSE151827,train,source,GSE151827,Brain,"Anterior Cingulate cortex, sbb32, RNAseq",0.036445677280426,False,False,,0.001277139208173691
GSM5026589,brain,GSE151827,train,source,GSE151827,Brain,"Anterior Cingulate cortex, sbb42, RNAseq",0.0293471030890941,False,False,,0.001277139208173691
GSM5026595,brain,GSE151827,train,source,GSE151827,Brain,"Anterior Cingulate cortex, sbb48, RNAseq",0.0358289666473865,False,False,,0.001277139208173691
GSM5026597,brain,GSE151827,train,source,GSE151827,Brain,"Anterior Cingulate cortex, sbb50, RNAseq",0.0311657711863517,False,False,,0.001277139208173691
GSM4774667,brain,GSE152184|GSE157760,train,source,GSE152184	GSE157760,brain,pEXP27sHSrCTXPMiDONORAd20191001dapi,0.2702901661396026,False,False,,0.001277139208173691
GSM4774669,brain,GSE152184|GSE157760,train,source,GSE152184	GSE157760,brain,pEXP27sHSrCTXPMiDONORCd20191001dapi,0.46442711353302,False,True,random_2,0.001277139208173691
GSM4774670,brain,GSE152184|GSE157760,train,source,GSE152184	GSE157760,brain,pEXP35sHSrCTXPMiDONORAd20191001dapi2,0.2546014487743377,False,True,random_4,0.001277139208173691
GSM4774671,brain,GSE152184|GSE157760,train,source,GSE152184	GSE157760,brain,pEXP35sHSrCTXPMiDONORBd20191001dapi2,0.3343221843242645,False,True,random_1,0.001277139208173691
GSM4774672,brain,GSE152184|GSE157760,train,source,GSE152184	GSE157760,brain,pEXP35sHSrCTXPMiDONORCd20191001dapi2,0.4722471535205841,False,True,random_3,0.001277139208173691
GSM4656349,brain,GSE153873|GSE153875|GSE159699,train,source,GSE153873	GSE153875,Frozen postmortem brain tissue,15-13T-Old,0.0165612399578094,False,False,,0.001277139208173691
GSM4656351,brain,GSE153873|GSE153875|GSE159699,train,source,GSE153873	GSE153875,Frozen postmortem brain tissue,16-14T-Old,0.0188674498349428,False,True,random_1,0.001277139208173691
GSM4656352,brain,GSE153873|GSE153875|GSE159699,train,source,GSE153873	GSE153875,Frozen postmortem brain tissue,3-17T-Young,0.0170057117938995,False,True,random_3,0.001277139208173691
GSM4656357,brain,GSE153873|GSE153875|GSE159699,train,source,GSE153873	GSE153875,Frozen postmortem brain tissue,26-3A-AD,0.0182061810046434,False,False,,0.001277139208173691
GSM4656358,brain,GSE153873|GSE153875|GSE159699,train,source,GSE153873	GSE153875,Frozen postmortem brain tissue,27-5A-AD,0.0107142738997936,False,False,,0.001277139208173691
GSM4656363,brain,GSE153873|GSE153875|GSE159699,train,source,GSE153873	GSE153875,Frozen postmortem brain tissue,17-9A-Old,0.014299064874649,False,False,,0.001277139208173691
GSM4656364,brain,GSE153873|GSE153875|GSE159699,train,source,GSE153873	GSE153875,Frozen postmortem brain tissue,18-10A-Old,0.0186468381434679,False,False,,0.001277139208173691
GSM4656369,brain,GSE153873|GSE153875|GSE159699,train,source,GSE153873	GSE153875,Frozen postmortem brain tissue,8-15A-Young,0.0149887921288609,False,False,,0.001277139208173691
GSM4656370,brain,GSE153873|GSE153875|GSE159699,train,source,GSE153873	GSE153875,Frozen postmortem brain tissue,9-16A-Young,0.0202872045338153,False,False,,0.001277139208173691
GSM4656373,brain,GSE153873|GSE153875|GSE159699,train,source,GSE153873	GSE153875,Frozen postmortem brain tissue,29-6T-AD,0.0145070310682058,False,False,,0.001277139208173691
GSM4656375,brain,GSE153873|GSE153875|GSE159699,train,source,GSE153873	GSE153875,Frozen postmortem brain tissue,28-8T-AD,0.0137856733053922,False,False,,0.001277139208173691
GSM4837817,brain,GSE153873|GSE153875|GSE159699,train,source,GSE153875	GSE159699,CNDR brain bank (Penn),13-11T-Old [RNA-seq],0.0451419875025749,False,False,,0.001277139208173691
GSM4837820,brain,GSE153873|GSE153875|GSE159699,train,source,GSE153875	GSE159699,CNDR brain bank (Penn),16-14T-Old [RNA-seq],0.048822071403265,False,False,,0.001277139208173691
GSM4837822,brain,GSE153873|GSE153875|GSE159699,train,source,GSE153875	GSE159699,CNDR brain bank (Penn),18-10A-Old [RNA-seq],0.0501246973872184,False,True,random_0,0.001277139208173691
GSM4837826,brain,GSE153873|GSE153875|GSE159699,train,source,GSE153875	GSE159699,CNDR brain bank (Penn),2-12A-Young [RNA-seq],0.0614259019494056,False,False,,0.001277139208173691
GSM4837828,brain,GSE153873|GSE153875|GSE159699,train,source,GSE153875	GSE159699,CNDR brain bank (Penn),23-2A-AD [RNA-seq],0.0452736876904964,False,False,,0.001277139208173691
GSM4837830,brain,GSE153873|GSE153875|GSE159699,train,source,GSE153875	GSE159699,CNDR brain bank (Penn),25-5T-AD [RNA-seq],0.03856648132205,False,True,random_2,0.001277139208173691
GSM4837831,brain,GSE153873|GSE153875|GSE159699,train,source,GSE153875	GSE159699,CNDR brain bank (Penn),26-3A-AD [RNA-seq],0.0470165312290191,False,False,,0.001277139208173691
GSM4837840,brain,GSE153873|GSE153875|GSE159699,train,source,GSE153875	GSE159699,CNDR brain bank (Penn),6-14A-Young [RNA-seq],0.0632352977991104,False,False,,0.001277139208173691
GSM4837842,brain,GSE153873|GSE153875|GSE159699,train,source,GSE153875	GSE159699,CNDR brain bank (Penn),8-15A-Young [RNA-seq],0.0514089800417423,False,False,,0.001277139208173691
GSM4675882,brain,GSE154616,train,source,GSE154616,Human Adult Normal Cerebellum Total RNA (R1234039-50) BioChain,Human-Cerebellum-Mock,0.0989549979567527,False,True,random_3,0.001277139208173691
GSM4675883,brain,GSE154616,train,source,GSE154616,Human Adult Normal Cerebellum Total RNA (R1234039-50) BioChain,Human-Cerebellum-RNaseR,0.0833694860339164,False,True,random_0,0.001277139208173691
GSM4675884,brain,GSE154616,train,source,GSE154616,Human Adult Normal Brain Total RNA (R1234035-50) BioChain,Human-total Brain-Mock,0.0727217644453048,False,False,,0.001277139208173691
GSM4675885,brain,GSE154616,train,source,GSE154616,Human Adult Normal Brain Total RNA (R1234035-50) BioChain,Human-total Brain-RNaseR,0.0600635856389999,False,True,random_4,0.001277139208173691
GSM4747179,brain,GSE156902,train,title,GSE156902,Thrombocytes,Blood_Platelets_Vumc-Brain-metastasis-VU570 [Vumc-Brain-metastasis-VU570-TR1603],0.051882553845644,False,True,random_2,0.001277139208173691
GSM4747180,brain,GSE156902,train,title,GSE156902,Thrombocytes,Blood_Platelets_Vumc-Brain-metastasis-BRMETA1t0 [Vumc-Brain-metastasis-BRMETA1t0-TR1541],0.1750255674123764,False,True,random_3,0.001277139208173691
GSM4747181,brain,GSE156902,train,title,GSE156902,Thrombocytes,Blood_Platelets_Vumc-Brain-metastasis-VU589 [Vumc-Brain-metastasis-VU589-TR1605],0.0157864969223737,False,True,random_1,0.001277139208173691
GSM4747183,brain,GSE156902,train,title,GSE156902,Thrombocytes,Blood_Platelets_Vumc-Brain-metastasis-BRMETA3t0 [Vumc-Brain-metastasis-BRMETA3t0-TR1543],0.0155114158987998,False,True,random_4,0.001277139208173691
GSM4747184,brain,GSE156902,train,title,GSE156902,Thrombocytes,Blood_Platelets_Vumc-Brain-metastasis-BRMETA9 [Vumc-Brain-metastasis-BRMETA9-TR1710],0.0264145080000162,False,False,,0.001277139208173691
GSM4760615,brain,GSE157277,train,source,GSE157277,brain,Donor 2 HC14 total nuclei,0.2348556667566299,False,True,random_2,0.001277139208173691
GSM4760616,brain,GSE157277,train,source,GSE157277,brain,Donor 3  HC35 total nuclei,0.2804267406463623,False,True,random_3,0.001277139208173691
GSM4764685,brain,GSE157424,train,source,GSE157424,GBM and adjacent brain tissue,SampleTag_01-04_GBM and adjacent tissue,0.2895320057868957,False,True,random_3,0.001277139208173691
GSM4764686,brain,GSE157424,train,source,GSE157424,GBM and adjacent brain tissue,SampleTag_05-08_GBM and adjacent tissue,0.1340861767530441,False,True,random_0,0.001277139208173691
GSM4775562,brain,GSE157827,train,source,GSE157827,prefrontal cortex snRNAseq,AD2,0.4479687809944153,False,False,,0.001277139208173691
GSM4775563,brain,GSE157827,train,source,GSE157827,prefrontal cortex snRNAseq,AD4,0.358157068490982,False,False,,0.001277139208173691
GSM4775564,brain,GSE157827,train,source,GSE157827,prefrontal cortex snRNAseq,AD5,0.3391032218933105,False,True,random_1,0.001277139208173691
GSM4775565,brain,GSE157827,train,source,GSE157827,prefrontal cortex snRNAseq,AD6,0.3599063754081726,False,False,,0.001277139208173691
GSM4775566,brain,GSE157827,train,source,GSE157827,prefrontal cortex snRNAseq,AD8,0.3301565647125244,False,False,,0.001277139208173691
GSM4775567,brain,GSE157827,train,source,GSE157827,prefrontal cortex snRNAseq,AD9,0.4529316425323486,False,False,,0.001277139208173691
GSM4775568,brain,GSE157827,train,source,GSE157827,prefrontal cortex snRNAseq,AD10,0.3416491448879242,False,True,random_4,0.001277139208173691
GSM4775569,brain,GSE157827,train,source,GSE157827,prefrontal cortex snRNAseq,AD13,0.3710052073001861,False,False,,0.001277139208173691
GSM4775571,brain,GSE157827,train,source,GSE157827,prefrontal cortex snRNAseq,AD20,0.4941673576831817,False,False,,0.001277139208173691
GSM4775572,brain,GSE157827,train,source,GSE157827,prefrontal cortex snRNAseq,AD21,0.4492455124855041,False,False,,0.001277139208173691
GSM4775573,brain,GSE157827,train,source,GSE157827,prefrontal cortex snRNAseq,NC3,0.400807648897171,False,False,,0.001277139208173691
GSM4775574,brain,GSE157827,train,source,GSE157827,prefrontal cortex snRNAseq,NC7,0.4242604374885559,False,True,random_2,0.001277139208173691
GSM4775575,brain,GSE157827,train,source,GSE157827,prefrontal cortex snRNAseq,NC11,0.2425620853900909,False,False,,0.001277139208173691
GSM4775576,brain,GSE157827,train,source,GSE157827,prefrontal cortex snRNAseq,NC12,0.3474212884902954,False,False,,0.001277139208173691
GSM4775577,brain,GSE157827,train,source,GSE157827,prefrontal cortex snRNAseq,NC14,0.3559425473213196,False,False,,0.001277139208173691
GSM4775578,brain,GSE157827,train,source,GSE157827,prefrontal cortex snRNAseq,NC15,0.3704810440540313,False,False,,0.001277139208173691
GSM4775580,brain,GSE157827,train,source,GSE157827,prefrontal cortex snRNAseq,NC17,0.3226810991764068,False,False,,0.001277139208173691
GSM4775581,brain,GSE157827,train,source,GSE157827,prefrontal cortex snRNAseq,NC18,0.4965759217739105,False,False,,0.001277139208173691
GSM4824449,brain,GSE159260,train,source,GSE159260,Healthy brain tissue,61_MC_NOR,0.0570121370255947,False,True,random_4,0.001277139208173691
GSM4824450,brain,GSE159260,train,source,GSE159260,Healthy brain tissue,158_MC_NOR,0.051093440502882,False,False,,0.001277139208173691
GSM4824451,brain,GSE159260,train,source,GSE159260,Healthy brain tissue,170_MC_NOR,0.0368614494800567,False,True,random_3,0.001277139208173691
GSM4824452,brain,GSE159260,train,source,GSE159260,Healthy brain tissue,179,0.057136733084917,False,True,random_1,0.001277139208173691
GSM4824453,brain,GSE159260,train,source,GSE159260,Healthy brain tissue,267_MC_NOR,0.0863356366753578,False,True,random_0,0.001277139208173691
GSM4848442,brain,GSE159812,train,source,GSE159812,Medial prefrontal cortex,COVID-19 Sample 1,0.4400158822536468,False,False,,0.001277139208173691
GSM4848447,brain,GSE159812,train,source,GSE159812,Medial prefrontal cortex,Control Sample 1,0.270194947719574,False,False,,0.001277139208173691
GSM4848449,brain,GSE159812,train,source,GSE159812,Medial prefrontal cortex,Control Sample 3,0.4494898617267608,False,False,,0.001277139208173691
GSM5171528,brain,GSE159812,train,source,GSE159812,Medial prefrontal cortex,Control Sample 11,0.1542373448610305,False,True,random_4,0.001277139208173691
GSM5171530,brain,GSE159812,train,source,GSE159812,Medial prefrontal cortex,Control Sample 13,0.1953808963298797,False,True,random_1,0.001277139208173691
GSM5171531,brain,GSE159812,train,source,GSE159812,Medial prefrontal cortex,COVID-19 Sample 9,0.3663787245750427,False,True,random_0,0.001277139208173691
GSM5171532,brain,GSE159812,train,source,GSE159812,Medial prefrontal cortex,COVID-19 Sample 10,0.2089340835809707,False,False,,0.001277139208173691
GSM4909947,brain,GSE159929,train,source,GSE159929,An adult male donor who died of a traumatic brain injury,Bladder_TCR,0.0551017485558986,False,False,,0.001277139208173691
GSM4909951,brain,GSE159929,train,source,GSE159929,An adult male donor who died of a traumatic brain injury,Heart_TCR,0.0662344843149185,False,False,,0.001277139208173691
GSM4909952,brain,GSE159929,train,source,GSE159929,An adult male donor who died of a traumatic brain injury,Liver_TCR,0.1746982336044311,False,False,,0.001277139208173691
GSM4909953,brain,GSE159929,train,source,GSE159929,An adult male donor who died of a traumatic brain injury,Lymph.node_TCR,0.1768726557493209,False,False,,0.001277139208173691
GSM4909954,brain,GSE159929,train,source,GSE159929,An adult male donor who died of a traumatic brain injury,Marrow_TCR,0.1937964856624603,False,False,,0.001277139208173691
GSM4909957,brain,GSE159929,train,source,GSE159929,An adult male donor who died of a traumatic brain injury,Skin_TCR,0.0246756803244352,False,False,,0.001277139208173691
GSM4909959,brain,GSE159929,train,source,GSE159929,An adult male donor who died of a traumatic brain injury,Spleen_TCR,0.3474957048892975,False,False,,0.001277139208173691
GSM4909960,brain,GSE159929,train,source,GSE159929,An adult male donor who died of a traumatic brain injury,Stomach_TCR,0.2818285226821899,False,True,random_1,0.001277139208173691
GSM4909961,brain,GSE159929,train,source,GSE159929,An adult male donor who died of a traumatic brain injury,Trachea_TCR,0.0496933124959468,False,False,,0.001277139208173691
GSM4909962,brain,GSE159929,train,source,GSE159929,An adult male donor who died of a traumatic brain injury,Bladder_BCR,0.1301233470439911,False,False,,0.001277139208173691
GSM4909963,brain,GSE159929,train,source,GSE159929,An adult male donor who died of a traumatic brain injury,Blood_BCR,0.2385638505220413,False,False,,0.001277139208173691
GSM4909964,brain,GSE159929,train,source,GSE159929,An adult male donor who died of a traumatic brain injury,Common.bile.duct_BCR,0.4483886361122131,False,False,,0.001277139208173691
GSM4909966,brain,GSE159929,train,source,GSE159929,An adult male donor who died of a traumatic brain injury,Heart_BCR,0.204874187707901,False,False,,0.001277139208173691
GSM4909967,brain,GSE159929,train,source,GSE159929,An adult male donor who died of a traumatic brain injury,Liver_BCR,0.3734446763992309,False,False,,0.001277139208173691
GSM4909968,brain,GSE159929,train,source,GSE159929,An adult male donor who died of a traumatic brain injury,Lymph.node_BCR,0.3796460628509521,False,False,,0.001277139208173691
GSM4909969,brain,GSE159929,train,source,GSE159929,An adult male donor who died of a traumatic brain injury,Marrow_BCR,0.2341182976961136,False,False,,0.001277139208173691
GSM4909970,brain,GSE159929,train,source,GSE159929,An adult male donor who died of a traumatic brain injury,Muscle_BCR,0.2034535855054855,False,True,random_3,0.001277139208173691
GSM4909971,brain,GSE159929,train,source,GSE159929,An adult male donor who died of a traumatic brain injury,Rectum_BCR,0.164571925997734,False,True,random_2,0.001277139208173691
GSM4909974,brain,GSE159929,train,source,GSE159929,An adult male donor who died of a traumatic brain injury,Spleen_BCR,0.3827036917209625,False,False,,0.001277139208173691
GSM4909976,brain,GSE159929,train,source,GSE159929,An adult male donor who died of a traumatic brain injury,Trachea_BCR,0.1859820187091827,False,True,random_0,0.001277139208173691
GSM4877085,brain,GSE160690|GSE160691,train,source,GSE160690	GSE160691,Cerebral cortex,Cortex Control rep2 RNA-Seq,0.1576656699180603,False,True,random_0,0.001277139208173691
GSM4877086,brain,GSE160690|GSE160691,train,source,GSE160690	GSE160691,Cerebral cortex,Cortex Trisomy rep1 RNA-Seq,0.1193349286913871,False,True,random_4,0.001277139208173691
GSM4877087,brain,GSE160690|GSE160691,train,source,GSE160690	GSE160691,Cerebral cortex,Cortex Trisomy rep2 RNA-Seq,0.0827370807528495,False,True,random_2,0.001277139208173691
GSM4877088,brain,GSE160690|GSE160691,train,source,GSE160690	GSE160691,Cerebral cortex,Cortex Trisomy rep3 RNA-Seq,0.0834756568074226,False,True,random_1,0.001277139208173691
GSM4963081,brain,GSE162855,train,source,GSE162855,Human Brain Reference RNA,HBRR_TC00283151_C01,0.0181108489632606,False,True,random_2,0.001277139208173691
GSM4963105,brain,GSE162855,train,source,GSE162855,Human Brain Reference RNA,HBRR_TC00283151_D01,0.0233846548944711,False,True,random_3,0.001277139208173691
GSM4963459,brain,GSE162855,train,source,GSE162855,Human Brain Reference RNA,HBRR_TC00283171_C01,0.0306918378919363,False,True,random_4,0.001277139208173691
GSM4963837,brain,GSE162855,train,source,GSE162855,Human Brain Reference RNA,HBRR_TC00283209_C01,0.0178279411047697,False,True,random_0,0.001277139208173691
GSM4963861,brain,GSE162855,train,source,GSE162855,Human Brain Reference RNA,HBRR_TC00283209_D01,0.0267563015222549,False,False,,0.001277139208173691
GSM4982083,brain,GSE163577,train,source,GSE163577,Human brain vascular nuclei,Control 1 Hpc,0.2273906469345092,False,False,,0.001277139208173691
GSM4982087,brain,GSE163577,train,source,GSE163577,Human brain vascular nuclei,Control 4 Hpc,0.1789047122001648,False,True,random_1,0.001277139208173691
GSM4982088,brain,GSE163577,train,source,GSE163577,Human brain vascular nuclei,Control 5 Hpc,0.1792740821838379,False,True,random_3,0.001277139208173691
GSM4982093,brain,GSE163577,train,source,GSE163577,Human brain vascular nuclei,AD 4 Hpc,0.1955653727054596,False,False,,0.001277139208173691
GSM4982094,brain,GSE163577,train,source,GSE163577,Human brain vascular nuclei,AD 5 Hpc,0.2600095868110657,False,True,random_0,0.001277139208173691
GSM4982095,brain,GSE163577,train,source,GSE163577,Human brain vascular nuclei,AD 6 Hpc,0.2420336008071899,False,False,,0.001277139208173691
GSM4982096,brain,GSE163577,train,source,GSE163577,Human brain vascular nuclei,Control 8 Hpc,0.20645073056221,False,False,,0.001277139208173691
GSM5112255,brain,GSE167758,train,source,GSE167758,Brain tissue,ICH6-A,0.0352694541215896,False,True,random_1,0.001277139208173691
GSM5135521,brain,GSE167758,train,source,GSE167758,Brain tissue,ICH9-A,0.0302180629223585,False,True,random_4,0.001277139208173691
GSM5292884,brain,GSE174367,train,source,GSE174367,AD brain,Sample-105 (Total Bulk RNA-seq),0.0532620102167129,False,False,,0.001277139208173691
GSM5292885,brain,GSE174367,train,source,GSE174367,AD brain,Sample-106 (Total Bulk RNA-seq),0.0595077276229858,False,False,,0.001277139208173691
GSM5292887,brain,GSE174367,train,source,GSE174367,AD brain,Sample-108 (Total Bulk RNA-seq),0.051697950810194,False,False,,0.001277139208173691
GSM5292903,brain,GSE174367,train,source,GSE174367,AD brain,Sample-122 (Total Bulk RNA-seq),0.0464732758700847,False,False,,0.001277139208173691
GSM5292914,brain,GSE174367,train,source,GSE174367,AD brain,Sample-133 (Total Bulk RNA-seq),0.0368858948349952,False,True,random_4,0.001277139208173691
GSM5292922,brain,GSE174367,train,source,GSE174367,AD brain,Sample-141 (Total Bulk RNA-seq),0.0462303459644317,False,True,random_0,0.001277139208173691
GSM5292927,brain,GSE174367,train,source,GSE174367,AD brain,Sample-146 (Total Bulk RNA-seq),0.0470119565725326,False,False,,0.001277139208173691
GSM5292930,brain,GSE174367,train,source,GSE174367,AD brain,Sample-149 (Total Bulk RNA-seq),0.0446733124554157,False,False,,0.001277139208173691
GSM5292945,brain,GSE174367,train,source,GSE174367,Control brain,Sample-164 (Total Bulk RNA-seq),0.0502691231667995,False,False,,0.001277139208173691
GSM5292948,brain,GSE174367,train,source,GSE174367,Control brain,Sample-167 (Total Bulk RNA-seq),0.0560222826898098,False,False,,0.001277139208173691
GSM5292952,brain,GSE174367,train,source,GSE174367,Control brain,Sample-170 (Total Bulk RNA-seq),0.0412099473178386,False,False,,0.001277139208173691
GSM5292973,brain,GSE174367,train,source,GSE174367,Control brain,Sample-191 (Total Bulk RNA-seq),0.0421991981565952,False,True,random_3,0.001277139208173691
GSM5293026,brain,GSE174367,train,source,GSE174367,AD brain,Sample-6 (Total Bulk RNA-seq),0.0551743619143962,False,False,,0.001277139208173691
GSM5293028,brain,GSE174367,train,source,GSE174367,Control brain,Sample-61 (Total Bulk RNA-seq),0.0358158014714717,False,False,,0.001277139208173691
GSM5293033,brain,GSE174367,train,source,GSE174367,Control brain,Sample-66 (Total Bulk RNA-seq),0.0501748733222484,False,False,,0.001277139208173691
GSM5293034,brain,GSE174367,train,source,GSE174367,Control brain,Sample-67 (Total Bulk RNA-seq),0.0434086211025714,False,False,,0.001277139208173691
GSM5293035,brain,GSE174367,train,source,GSE174367,Control brain,Sample-69 (Total Bulk RNA-seq),0.0349215976893901,False,False,,0.001277139208173691
GSM5293039,brain,GSE174367,train,source,GSE174367,Control brain,Sample-72 (Total Bulk RNA-seq),0.0317679122090339,False,False,,0.001277139208173691
GSM5293063,brain,GSE174367,train,source,GSE174367,Control brain,Sample-95 (Total Bulk RNA-seq),0.0425632297992706,False,True,random_1,0.001277139208173691
GSM5293067,brain,GSE174367,train,source,GSE174367,Control brain,Sample-99 (Total Bulk RNA-seq),0.0435843542218208,False,False,,0.001277139208173691
GSM5470475,brain,GSE180759,train,source,GSE180759,Brain,s1,0.4449301660060882,False,True,random_0,0.001277139208173691
GSM1100295,brain,GSE45263,train,source,GSE45263,Prefrontal Cortex,Human_EU_1,0.0103650148957967,False,False,,0.001277139208173691
GSM1100296,brain,GSE45263,train,source,GSE45263,Prefrontal Cortex,Human_AF_2,0.0094324797391891,False,False,,0.001277139208173691
GSM1100297,brain,GSE45263,train,source,GSE45263,Prefrontal Cortex,Human_EU_3,0.0141239333897829,False,True,random_0,0.001277139208173691
GSM1100298,brain,GSE45263,train,source,GSE45263,Prefrontal Cortex,Human_EU_4,0.0147185688838362,False,True,random_1,0.001277139208173691
GSM1100299,brain,GSE45263,train,source,GSE45263,Prefrontal Cortex,Human_AS_5,0.0111003005877137,False,False,,0.001277139208173691
GSM1100300,brain,GSE45263,train,source,GSE45263,Prefrontal Cortex,Human_AF_6,0.0140195293352007,False,False,,0.001277139208173691
GSM1100301,brain,GSE45263,train,source,GSE45263,Prefrontal Cortex,Human_AS_7,0.008084294386208,False,False,,0.001277139208173691
GSM1100302,brain,GSE45263,train,source,GSE45263,Prefrontal Cortex,Human_AF_8,0.0078937895596027,False,False,,0.001277139208173691
GSM1100303,brain,GSE45263,train,source,GSE45263,Prefrontal Cortex,Human_AS_9,0.0108768008649349,False,False,,0.001277139208173691
GSM1100304,brain,GSE45263,train,source,GSE45263,Prefrontal Cortex,Human_AS_10,0.0116396229714155,False,False,,0.001277139208173691
GSM1100305,brain,GSE45263,train,source,GSE45263,Prefrontal Cortex,Human_EU_11,0.0120608936995267,False,True,random_3,0.001277139208173691
GSM1100306,brain,GSE45263,train,source,GSE45263,Prefrontal Cortex,Human_AF_12,0.0137478606775403,False,False,,0.001277139208173691
GSM1100307,brain,GSE45263,train,source,GSE45263,Prefrontal Cortex,Human_AS_13,0.0096642086282372,False,True,random_2,0.001277139208173691
GSM1100308,brain,GSE45263,train,source,GSE45263,Prefrontal Cortex,Human_EU_14,0.020271549001336,False,False,,0.001277139208173691
GSM1131743,brain,GSE46523,train,source,GSE46523,Dorsolateral prefrontal cortex,Normal Brain 1,0.0090942997485399,False,True,random_2,0.001277139208173691
GSM1131744,brain,GSE46523,train,source,GSE46523,Dorsolateral prefrontal cortex,Normal Brain 2,0.005841467063874,False,False,,0.001277139208173691
GSM1131745,brain,GSE46523,train,source,GSE46523,Dorsolateral prefrontal cortex,Normal Brain 3,0.0075648017227649,False,True,random_0,0.001277139208173691
GSM1131746,brain,GSE46523,train,source,GSE46523,Dorsolateral prefrontal cortex,Normal Brain 4,0.0065806871280074,False,True,random_3,0.001277139208173691
GSM1131747,brain,GSE46523,train,source,GSE46523,Dorsolateral prefrontal cortex,Normal Brain 5,0.0115354601293802,False,True,random_4,0.001277139208173691
GSM1241351,brain,GSE51264,train,source,GSE51264,prefrontal cortex (PFC),human_02_M,0.020732719451189,False,True,random_4,0.001277139208173691
GSM1241352,brain,GSE51264,train,source,GSE51264,prefrontal cortex (PFC),human_03_F,0.0241512507200241,False,False,,0.001277139208173691
GSM1241353,brain,GSE51264,train,source,GSE51264,prefrontal cortex (PFC),human_04_F,0.0193808805197477,False,False,,0.001277139208173691
GSM1241356,brain,GSE51264,train,source,GSE51264,prefrontal cortex (PFC),human_07_M,0.0122583424672484,False,True,random_3,0.001277139208173691
GSM1241357,brain,GSE51264,train,source,GSE51264,prefrontal cortex (PFC),human_08_M,0.0145153393968939,False,False,,0.001277139208173691
GSM1241358,brain,GSE51264,train,source,GSE51264,prefrontal cortex (PFC),human_09_M,0.012807298451662,False,False,,0.001277139208173691
GSM1241359,brain,GSE51264,train,source,GSE51264,prefrontal cortex (PFC),human_10_M,0.0197463165968656,False,False,,0.001277139208173691
GSM1241360,brain,GSE51264,train,source,GSE51264,prefrontal cortex (PFC),human_11_F,0.0100858407095074,False,False,,0.001277139208173691
GSM1241364,brain,GSE51264,train,source,GSE51264,prefrontal cortex (PFC),human_15_F,0.0174544770270586,False,False,,0.001277139208173691
GSM1241365,brain,GSE51264,train,source,GSE51264,prefrontal cortex (PFC),human_16_M,0.0127686439082026,False,False,,0.001277139208173691
GSM1241367,brain,GSE51264,train,source,GSE51264,prefrontal cortex (PFC),human_18_F,0.0086000952869653,False,False,,0.001277139208173691
GSM1241368,brain,GSE51264,train,source,GSE51264,prefrontal cortex (PFC),human_19_F,0.0092880157753825,False,False,,0.001277139208173691
GSM1241371,brain,GSE51264,train,source,GSE51264,prefrontal cortex (PFC),human_23_M,0.0093943066895008,False,False,,0.001277139208173691
GSM1241374,brain,GSE51264,train,source,GSE51264,prefrontal cortex (PFC),human_26_F,0.0191468242555856,False,False,,0.001277139208173691
GSM1241376,brain,GSE51264,train,source,GSE51264,prefrontal cortex (PFC),human_28_M,0.0235019829124212,False,False,,0.001277139208173691
GSM1241378,brain,GSE51264,train,source,GSE51264,prefrontal cortex (PFC),human_30_M,0.0110822776332497,False,False,,0.001277139208173691
GSM1241380,brain,GSE51264,train,source,GSE51264,prefrontal cortex (PFC),human_32_M,0.0147717148065567,False,False,,0.001277139208173691
GSM1241381,brain,GSE51264,train,source,GSE51264,prefrontal cortex (PFC),human_33_F,0.0187127497047185,False,False,,0.001277139208173691
GSM1241383,brain,GSE51264,train,source,GSE51264,prefrontal cortex (PFC),human_36_M,0.0097632743418216,False,False,,0.001277139208173691
GSM1241385,brain,GSE51264,train,source,GSE51264,prefrontal cortex (PFC),human_38_M,0.0189843364059925,False,True,random_0,0.001277139208173691
GSM1495249,brain,GSE51424,train,source,GSE51424,normal brain,NormalHumanRNA-SeqA,0.0352114103734493,False,True,random_4,0.001277139208173691
GSM1495250,brain,GSE51424,train,source,GSE51424,normal brain,NormalHumanRNA-SeqB,0.0416213423013687,False,True,random_3,0.001277139208173691
GSM1495251,brain,GSE51424,train,source,GSE51424,normal brain,NormalHumanRNA-SeqC,0.044186133891344,False,True,random_2,0.001277139208173691
GSM1288379,brain,GSE53239,train,source,GSE53239,postmortem brain,BD HGB_11,0.0513496547937393,False,False,,0.001277139208173691
GSM1288380,brain,GSE53239,train,source,GSE53239,postmortem brain,BD HGB_12,0.1045496836304664,False,False,,0.001277139208173691
GSM1288381,brain,GSE53239,train,source,GSE53239,postmortem brain,BD HGB_13,0.0493801012635231,False,True,random_4,0.001277139208173691
GSM1288382,brain,GSE53239,train,source,GSE53239,postmortem brain,BD HGB_14,0.0947255566716194,False,False,,0.001277139208173691
GSM1288383,brain,GSE53239,train,source,GSE53239,postmortem brain,BD HGB_15,0.0649058446288108,False,False,,0.001277139208173691
GSM1288384,brain,GSE53239,train,source,GSE53239,postmortem brain,BD HGB_16,0.0357187427580356,False,False,,0.001277139208173691
GSM1288385,brain,GSE53239,train,source,GSE53239,postmortem brain,Control HGB_17,0.0485045239329338,False,False,,0.001277139208173691
GSM1288386,brain,GSE53239,train,source,GSE53239,postmortem brain,Control HGB_18,0.0525801889598369,False,True,random_2,0.001277139208173691
GSM1288387,brain,GSE53239,train,source,GSE53239,postmortem brain,Control HGB_19,0.0415754616260528,False,False,,0.001277139208173691
GSM1288388,brain,GSE53239,train,source,GSE53239,postmortem brain,Control HGB_20,0.049721211194992,False,False,,0.001277139208173691
GSM1288389,brain,GSE53239,train,source,GSE53239,postmortem brain,Control HGB_21,0.0552291944622993,False,False,,0.001277139208173691
GSM1288390,brain,GSE53239,train,source,GSE53239,postmortem brain,Control HGB_22,0.0492169708013534,False,True,random_1,0.001277139208173691
GSM1378955,brain,GSE57295,train,source,GSE57295,brain tissue,human mRNA-seq,0.0635520443320274,False,True,random_0,0.001277139208173691
GSM1440487,brain,GSE59612,train,source,GSE59612,non-neoplastic brain tissue,BJ025,0.0335016436874866,False,True,random_4,0.001277139208173691
GSM1440488,brain,GSE59612,train,source,GSE59612,non-neoplastic brain tissue,BJ026,0.028878066688776,False,False,,0.001277139208173691
GSM1440489,brain,GSE59612,train,source,GSE59612,non-neoplastic brain tissue,BJ027,0.0382910780608654,False,False,,0.001277139208173691
GSM1440490,brain,GSE59612,train,source,GSE59612,non-neoplastic brain tissue,BJ028,0.038922119885683,False,False,,0.001277139208173691
GSM1440491,brain,GSE59612,train,source,GSE59612,non-neoplastic brain tissue,BJ029,0.0343519300222396,False,False,,0.001277139208173691
GSM1440492,brain,GSE59612,train,source,GSE59612,non-neoplastic brain tissue,BJ030,0.03685237839818,False,False,,0.001277139208173691
GSM1440493,brain,GSE59612,train,source,GSE59612,non-neoplastic brain tissue,BJ031,0.0307426545768976,False,False,,0.001277139208173691
GSM1440494,brain,GSE59612,train,source,GSE59612,non-neoplastic brain tissue,BJ024,0.0259807147085666,False,True,random_0,0.001277139208173691
GSM1440495,brain,GSE59612,train,source,GSE59612,non-neoplastic brain tissue,JJ015,0.037252053618431,False,False,,0.001277139208173691
GSM1440496,brain,GSE59612,train,source,GSE59612,non-neoplastic brain tissue,JJ013,0.0275680944323539,False,False,,0.001277139208173691
GSM1440497,brain,GSE59612,train,source,GSE59612,non-neoplastic brain tissue,JJ014,0.0325162857770919,False,False,,0.001277139208173691
GSM1440498,brain,GSE59612,train,source,GSE59612,non-neoplastic brain tissue,AP001,0.0711031183600425,False,False,,0.001277139208173691
GSM1440499,brain,GSE59612,train,source,GSE59612,non-neoplastic brain tissue,AP002,0.0257157906889915,False,True,random_2,0.001277139208173691
GSM1440500,brain,GSE59612,train,source,GSE59612,non-neoplastic brain tissue,AP003,0.0303080976009368,False,True,random_1,0.001277139208173691
GSM1440501,brain,GSE59612,train,source,GSE59612,non-neoplastic brain tissue,AP004,0.035308226943016,False,False,,0.001277139208173691
GSM1440502,brain,GSE59612,train,source,GSE59612,non-neoplastic brain tissue,AP005,0.0305292699486017,False,False,,0.001277139208173691
GSM1440503,brain,GSE59612,train,source,GSE59612,non-neoplastic brain tissue,AP006,0.0365123115479946,False,False,,0.001277139208173691
GSM1493974,brain,GSE60942|GSE60943,train,source,GSE60942	GSE60943,Brain,Lesion I,0.0389419086277484,False,True,random_0,0.001277139208173691
GSM1493975,brain,GSE60942|GSE60943,train,source,GSE60942	GSE60943,Brain,Lesion II,0.0353445559740066,False,True,random_3,0.001277139208173691
GSM1493976,brain,GSE60942|GSE60943,train,source,GSE60942	GSE60943,Brain,Lesion III,0.0325257182121276,False,True,random_1,0.001277139208173691
GSM1519616,brain,GSE62098,train,source,GSE62098,human brain,RNA-seq of the corpus callosum #5308,0.054924089461565,False,True,random_1,0.001277139208173691
GSM1519617,brain,GSE62098,train,source,GSE62098,human brain,RNA-seq of the corpus callosum #5144,0.0344699025154113,False,True,random_4,0.001277139208173691
GSM1519618,brain,GSE62098,train,source,GSE62098,human brain,RNA-seq of the corpus callosum #4727,0.0470409765839576,False,True,random_2,0.001277139208173691
GSM1519619,brain,GSE62098,train,source,GSE62098,human brain,RNA-seq of the corpus callosum #5163,0.0467192940413951,False,False,,0.001277139208173691
GSM1519620,brain,GSE62098,train,source,GSE62098,human brain,RNA-seq of the corpus callosum #5391,0.0435261093080043,False,False,,0.001277139208173691
GSM1519621,brain,GSE62098,train,source,GSE62098,human brain,RNA-seq of the corpus callosum #5242,0.0392240136861801,False,False,,0.001277139208173691
GSM1519622,brain,GSE62098,train,source,GSE62098,human brain,RNA-seq of the corpus callosum #4899,0.0231764875352382,False,False,,0.001277139208173691
GSM1519623,brain,GSE62098,train,source,GSE62098,human brain,RNA-seq of the corpus callosum #4670,0.0406529605388641,False,False,,0.001277139208173691
GSM1519624,brain,GSE62098,train,source,GSE62098,human brain,RNA-seq of the corpus callosum #5407,0.0274117086082696,False,False,,0.001277139208173691
GSM1519626,brain,GSE62098,train,source,GSE62098,human brain,RNA-seq of the corpus callosum #5302,0.0257515553385019,False,False,,0.001277139208173691
GSM1519627,brain,GSE62098,train,source,GSE62098,human brain,RNA-seq of the corpus callosum #5403,0.0301315616816282,False,False,,0.001277139208173691
GSM1551308,brain,GSE63513,train,source,GSE63513,"human brain (BA9, Brodmann area 9)",RNA-seq of BA9,0.0300823505967855,False,True,random_1,0.001277139208173691
GSM1551309,brain,GSE63513,train,source,GSE63513,"human brain (BA40, Brodmann area 40)",RNA-seq of BA40,0.0209865644574165,False,True,random_0,0.001277139208173691
GSM1551310,brain,GSE63513,train,source,GSE63513,"human brain (AMY, amygdala)",RNA-seq of AMY,0.0304469019174575,False,True,random_4,0.001277139208173691
GSM1580873,brain,GSE64810,train,source,GSE64810,brain,C_0006,0.0266738142818212,False,False,,0.001277139208173691
GSM1580877,brain,GSE64810,train,source,GSE64810,brain,C_0011,0.016907287761569,False,False,,0.001277139208173691
GSM1580880,brain,GSE64810,train,source,GSE64810,brain,C_0014,0.0219089835882186,False,False,,0.001277139208173691
GSM1580883,brain,GSE64810,train,source,GSE64810,brain,C_0017,0.0189695656299591,False,False,,0.001277139208173691
GSM1580886,brain,GSE64810,train,source,GSE64810,brain,C_0020,0.0204177796840667,False,False,,0.001277139208173691
GSM1580890,brain,GSE64810,train,source,GSE64810,brain,C_0024,0.0231195297092199,False,False,,0.001277139208173691
GSM1580891,brain,GSE64810,train,source,GSE64810,brain,C_0025,0.0208489242941141,False,False,,0.001277139208173691
GSM1580894,brain,GSE64810,train,source,GSE64810,brain,C_0031,0.0343921929597854,False,True,random_3,0.001277139208173691
GSM1580901,brain,GSE64810,train,source,GSE64810,brain,C_0039,0.0286727100610733,False,False,,0.001277139208173691
GSM1580906,brain,GSE64810,train,source,GSE64810,brain,C_0062,0.0224254261702299,False,False,,0.001277139208173691
GSM1580908,brain,GSE64810,train,source,GSE64810,brain,C_0069,0.026518190279603,False,False,,0.001277139208173691
GSM1580910,brain,GSE64810,train,source,GSE64810,brain,C_0071,0.0374951027333736,False,True,random_0,0.001277139208173691
GSM1580912,brain,GSE64810,train,source,GSE64810,brain,C_0076,0.0366804562509059,False,False,,0.001277139208173691
GSM1580913,brain,GSE64810,train,source,GSE64810,brain,C_0077,0.0212261211127042,False,True,random_4,0.001277139208173691
GSM1580914,brain,GSE64810,train,source,GSE64810,brain,C_0081,0.019569419324398,False,True,random_1,0.001277139208173691
GSM1580915,brain,GSE64810,train,source,GSE64810,brain,C_0082,0.0303723625838756,False,False,,0.001277139208173691
GSM1580921,brain,GSE64810,train,source,GSE64810,brain,H_0005,0.0342219993472099,False,False,,0.001277139208173691
GSM1580933,brain,GSE64810,train,source,GSE64810,brain,H_0695,0.0285120699554681,False,False,,0.001277139208173691
GSM1580934,brain,GSE64810,train,source,GSE64810,brain,H_0700,0.0165046416223049,False,False,,0.001277139208173691
GSM1580937,brain,GSE64810,train,source,GSE64810,brain,H_0750,0.0350322239100933,False,False,,0.001277139208173691
GSM1679651,brain,GSE68719,train,source,GSE68719,BA9 prefrontal cortex,C_0005 [reanalysis of GSM1580872],0.0235812999308109,False,False,,0.001277139208173691
GSM1679653,brain,GSE68719,train,source,GSE68719,BA9 prefrontal cortex,C_0008 [reanalysis of GSM1580874],0.0362165980041027,False,False,,0.001277139208173691
GSM1679657,brain,GSE68719,train,source,GSE68719,BA9 prefrontal cortex,C_0012 [reanalysis of GSM1580878],0.0351841561496257,False,False,,0.001277139208173691
GSM1679665,brain,GSE68719,train,source,GSE68719,BA9 prefrontal cortex,C_0020 [reanalysis of GSM1580886],0.0274561438709497,False,True,random_3,0.001277139208173691
GSM1679666,brain,GSE68719,train,source,GSE68719,BA9 prefrontal cortex,C_0021 [reanalysis of GSM1580887],0.0240338798612356,False,False,,0.001277139208173691
GSM1679668,brain,GSE68719,train,source,GSE68719,BA9 prefrontal cortex,C_0023 [reanalysis of GSM1580889],0.029488718137145,False,False,,0.001277139208173691
GSM1679677,brain,GSE68719,train,source,GSE68719,BA9 prefrontal cortex,C_0039 [reanalysis of GSM1580901],0.0380447395145893,False,False,,0.001277139208173691
GSM1679679,brain,GSE68719,train,source,GSE68719,BA9 prefrontal cortex,C_0053 [reanalysis of GSM1580903],0.0498188324272632,False,False,,0.001277139208173691
GSM1679685,brain,GSE68719,train,source,GSE68719,BA9 prefrontal cortex,C_0070 [reanalysis of GSM1580909],0.0305260587483644,False,False,,0.001277139208173691
GSM1679687,brain,GSE68719,train,source,GSE68719,BA9 prefrontal cortex,C_0076 [reanalysis of GSM1580912],0.0171543098986148,False,False,,0.001277139208173691
GSM1679689,brain,GSE68719,train,source,GSE68719,BA9 prefrontal cortex,C_0082 [reanalysis of GSM1580915],0.0418312735855579,False,True,random_2,0.001277139208173691
GSM1679691,brain,GSE68719,train,source,GSE68719,BA9 prefrontal cortex,C_0087 [reanalysis of GSM1580917],0.0310620088130235,False,False,,0.001277139208173691
GSM1679696,brain,GSE68719,train,source,GSE68719,BA9 prefrontal cortex,P_0014,0.0288566723465919,False,False,,0.001277139208173691
GSM1679697,brain,GSE68719,train,source,GSE68719,BA9 prefrontal cortex,P_0015,0.0291374921798706,False,True,random_4,0.001277139208173691
GSM1679698,brain,GSE68719,train,source,GSE68719,BA9 prefrontal cortex,P_0016,0.0306800752878189,False,False,,0.001277139208173691
GSM1679703,brain,GSE68719,train,source,GSE68719,BA9 prefrontal cortex,P_0022,0.0235360618680715,False,False,,0.001277139208173691
GSM1679706,brain,GSE68719,train,source,GSE68719,BA9 prefrontal cortex,P_0027,0.031397096812725,False,False,,0.001277139208173691
GSM1679711,brain,GSE68719,train,source,GSE68719,BA9 prefrontal cortex,P_0033,0.0377609468996524,False,False,,0.001277139208173691
GSM1679713,brain,GSE68719,train,source,GSE68719,BA9 prefrontal cortex,P_0063,0.0349259749054908,False,False,,0.001277139208173691
GSM1679716,brain,GSE68719,train,source,GSE68719,BA9 prefrontal cortex,P_0132,0.0483911298215389,False,True,random_0,0.001277139208173691
GSM1752953,brain,GSE70424,train,title,GSE70424,NCI - HIGH,Alzheimer's Brain Sample5,0.1012270897626876,False,True,random_2,0.001277139208173691
GSM1752954,brain,GSE70424,train,title,GSE70424,NCI - MED,Alzheimer's Brain Sample6,0.1321198344230651,False,True,random_0,0.001277139208173691
GSM1752956,brain,GSE70424,train,title,GSE70424,DEM - MED,Alzheimer's Brain Sample8,0.0942221656441688,False,False,,0.001277139208173691
GSM1752957,brain,GSE70424,train,title,GSE70424,NCI - LOW,Alzheimer's Brain Sample9,0.1196241378784179,False,False,,0.001277139208173691
GSM1752958,brain,GSE70424,train,title,GSE70424,NCI - MED,Alzheimer's Brain Sample10,0.1156005337834358,False,False,,0.001277139208173691
GSM1752968,brain,GSE70424,train,title,GSE70424,NCI - LOW,Alzheimer's Brain Sample18,0.0709443613886833,False,False,,0.001277139208173691
GSM1752970,brain,GSE70424,train,title,GSE70424,DEM - MED,Alzheimer's Brain Sample20,0.0707086622714996,False,False,,0.001277139208173691
GSM1752972,brain,GSE70424,train,title,GSE70424,MCI - MED,Alzheimer's Brain Sample21,0.0699169784784317,False,True,random_3,0.001277139208173691
GSM1752974,brain,GSE70424,train,title,GSE70424,NCI - LOW,Alzheimer's Brain Sample23,0.1912801861763,False,False,,0.001277139208173691
GSM1752977,brain,GSE70424,train,title,GSE70424,MCI - LOW,Alzheimer's Brain Sample26,0.079795092344284,False,False,,0.001277139208173691
GSM1752985,brain,GSE70424,train,title,GSE70424,NCI - MED,Alzheimer's Brain Sample33,0.0715149939060211,False,False,,0.001277139208173691
GSM1752987,brain,GSE70424,train,title,GSE70424,NCI - HIGH,Alzheimer's Brain Sample34,0.2345705032348632,False,False,,0.001277139208173691
GSM1752988,brain,GSE70424,train,title,GSE70424,MCI - MED,Alzheimer's Brain Sample35,0.2593596577644348,False,False,,0.001277139208173691
GSM1752997,brain,GSE70424,train,title,GSE70424,DEM - HIGH,Alzheimer's Brain Sample43,0.1440121382474899,False,False,,0.001277139208173691
GSM1752998,brain,GSE70424,train,title,GSE70424,NCI - LOW,Alzheimer's Brain Sample44,0.1193892806768417,False,False,,0.001277139208173691
GSM1753010,brain,GSE70424,train,title,GSE70424,NCI - MED,Alzheimer's Brain Sample54,0.1298346072435379,False,True,random_4,0.001277139208173691
GSM1753013,brain,GSE70424,train,title,GSE70424,DEM - HIGH,Alzheimer's Brain Sample57,0.1623367220163345,False,False,,0.001277139208173691
GSM1753017,brain,GSE70424,train,title,GSE70424,MCI - HIGH,Alzheimer's Brain Sample60,0.1464899480342865,False,False,,0.001277139208173691
GSM1753019,brain,GSE70424,train,title,GSE70424,NCI - LOW,Alzheimer's Brain Sample61,0.1651840209960937,False,False,,0.001277139208173691
GSM1753030,brain,GSE70424,train,title,GSE70424,MCI - HIGH,Alzheimer's Brain Sample71,0.1851413995027542,False,False,,0.001277139208173691
GSM1866102,brain,GSE72468,train,source,GSE72468,brain,RNAseq_GBM_2493.RZY317,0.0347135923802852,False,False,,0.001277139208173691
GSM1866103,brain,GSE72468,train,source,GSE72468,brain,RNAseq_GBM_2585.RZY318,0.0326914973556995,False,True,random_1,0.001277139208173691
GSM1866104,brain,GSE72468,train,source,GSE72468,brain,RNAseq_GBM_B39.RZY305,0.0752587765455246,False,False,,0.001277139208173691
GSM1866105,brain,GSE72468,train,source,GSE72468,brain,RNAseq_GBM_P69.RZY308,0.074278600513935,False,False,,0.001277139208173691
GSM1866106,brain,GSE72468,train,source,GSE72468,brain,RNAseq_GBM_R28.RZY306,0.1206980869174003,False,True,random_2,0.001277139208173691
GSM1866107,brain,GSE72468,train,source,GSE72468,brain,RNAseq_GBM_S08.RZY307,0.0574674047529697,False,True,random_3,0.001277139208173691
GSM1866138,brain,GSE72468,train,source,GSE72468,brain,RNAseq_GBM_IDHmut-5661,0.0766053572297096,False,True,random_4,0.001277139208173691
GSM2081423,brain,GSE78936,train,source,GSE78936,Brain,BD_BA11_1,0.1016487255692482,False,False,,0.001277139208173691
GSM2081435,brain,GSE78936,train,source,GSE78936,Brain,BD_BA11_13,0.1030233204364776,False,False,,0.001277139208173691
GSM2081439,brain,GSE78936,train,source,GSE78936,Brain,Control_BA11_17,0.2917306125164032,False,False,,0.001277139208173691
GSM2081441,brain,GSE78936,train,source,GSE78936,Brain,Control_BA11_19,0.0753678828477859,False,False,,0.001277139208173691
GSM2081443,brain,GSE78936,train,source,GSE78936,Brain,Control_BA11_21,0.1929256469011306,False,False,,0.001277139208173691
GSM2081444,brain,GSE78936,train,source,GSE78936,Brain,Control_BA11_22,0.0755813419818878,False,False,,0.001277139208173691
GSM2081445,brain,GSE78936,train,source,GSE78936,Brain,Control_BA11_23,0.1483883261680603,False,False,,0.001277139208173691
GSM2081446,brain,GSE78936,train,source,GSE78936,Brain,Control_BA11_24,0.0315066799521446,False,True,random_0,0.001277139208173691
GSM2081451,brain,GSE78936,train,source,GSE78936,Brain,SZ_BA11_29,0.0546163357794284,False,True,random_2,0.001277139208173691
GSM2081453,brain,GSE78936,train,source,GSE78936,Brain,SZ_BA11_31,0.1312397569417953,False,False,,0.001277139208173691
GSM2081459,brain,GSE78936,train,source,GSE78936,Brain,SZ_BA11_37,0.098147302865982,False,False,,0.001277139208173691
GSM2081461,brain,GSE78936,train,source,GSE78936,Brain,SZ_BA11_39,0.0636797696352005,False,False,,0.001277139208173691
GSM2081464,brain,GSE78936,train,source,GSE78936,Brain,SZ_BA11_42,0.1246010661125183,False,False,,0.001277139208173691
GSM2081466,brain,GSE78936,train,source,GSE78936,Brain,SZ_BA11_44,0.0985796526074409,False,False,,0.001277139208173691
GSM2081475,brain,GSE78936,train,source,GSE78936,Brain,Control_BA9_9,0.0814317613840103,False,False,,0.001277139208173691
GSM2081476,brain,GSE78936,train,source,GSE78936,Brain,Control_BA9_10,0.0537578985095024,False,False,,0.001277139208173691
GSM2081493,brain,GSE78936,train,source,GSE78936,Brain,Control_BA24_8,0.0565903447568416,False,False,,0.001277139208173691
GSM2081499,brain,GSE78936,train,source,GSE78936,Brain,SZ_BA24_14,0.0634807124733924,False,True,random_1,0.001277139208173691
GSM2081501,brain,GSE78936,train,source,GSE78936,Brain,SZ_BA24_16,0.0539233572781086,False,False,,0.001277139208173691
GSM2081503,brain,GSE78936,train,source,GSE78936,Brain,SZ_BA24_18,0.059274673461914,False,True,random_4,0.001277139208173691
GSM2339469,brain,GSE87586,train,source,GSE87586,"Hypothalamus, B6D2F1 (parental strain)","Hypothalamus, B6D2F1",0.2004275470972061,False,False,,0.001277139208173691
GSM2339473,brain,GSE87586,train,source,GSE87586,"Hypothalamus, BXD29","Hypothalamus, BXD29",0.2099601775407791,False,False,,0.001277139208173691
GSM2339477,brain,GSE87586,train,source,GSE87586,"Hypothalamus, BXD45","Hypothalamus, BXD45",0.2134246677160263,False,True,random_2,0.001277139208173691
GSM2339479,brain,GSE87586,train,source,GSE87586,"Hypothalamus, BXD49","Hypothalamus, BXD49",0.228409007191658,False,False,,0.001277139208173691
GSM2339480,brain,GSE87586,train,source,GSE87586,"Hypothalamus, BXD50","Hypothalamus, BXD50",0.2109748423099517,False,False,,0.001277139208173691
GSM2339481,brain,GSE87586,train,source,GSE87586,"Hypothalamus, BXD51","Hypothalamus, BXD51",0.2444367408752441,False,False,,0.001277139208173691
GSM2339482,brain,GSE87586,train,source,GSE87586,"Hypothalamus, BXD55","Hypothalamus, BXD55",0.2081901133060455,False,True,random_3,0.001277139208173691
GSM2339483,brain,GSE87586,train,source,GSE87586,"Hypothalamus, BXD56","Hypothalamus, BXD56",0.1941651254892349,False,False,,0.001277139208173691
GSM2339485,brain,GSE87586,train,source,GSE87586,"Hypothalamus, BXD63","Hypothalamus, BXD63",0.245780274271965,False,False,,0.001277139208173691
GSM2339486,brain,GSE87586,train,source,GSE87586,"Hypothalamus, BXD64","Hypothalamus, BXD64",0.2010786980390548,False,False,,0.001277139208173691
GSM2339490,brain,GSE87586,train,source,GSE87586,"Hypothalamus, BXD70","Hypothalamus, BXD70",0.2135503441095352,False,False,,0.001277139208173691
GSM2339494,brain,GSE87586,train,source,GSE87586,"Hypothalamus, BXD79","Hypothalamus, BXD79",0.1986735463142395,False,True,random_0,0.001277139208173691
GSM2339496,brain,GSE87586,train,source,GSE87586,"Hypothalamus, BXD83","Hypothalamus, BXD83",0.1989888399839401,False,True,random_4,0.001277139208173691
GSM2339497,brain,GSE87586,train,source,GSE87586,"Hypothalamus, BXD84","Hypothalamus, BXD84",0.2095452100038528,False,False,,0.001277139208173691
GSM2339503,brain,GSE87586,train,source,GSE87586,"Hypothalamus, BXD96","Hypothalamus, BXD96",0.1909177154302597,False,False,,0.001277139208173691
GSM2339504,brain,GSE87586,train,source,GSE87586,"Hypothalamus, BXD97","Hypothalamus, BXD97",0.2144492864608764,False,False,,0.001277139208173691
GSM2339505,brain,GSE87586,train,source,GSE87586,"Hypothalamus, BXD98","Hypothalamus, BXD98",0.2089767903089523,False,False,,0.001277139208173691
GSM2339506,brain,GSE87586,train,source,GSE87586,"Hypothalamus, C57BL/6J (parental strain)","Hypothalamus, C57BL/6J",0.2162481695413589,False,False,,0.001277139208173691
GSM2339507,brain,GSE87586,train,source,GSE87586,"Hypothalamus, D2B6F1 (parental strain)","Hypothalamus, D2B6F1",0.1946686953306198,False,False,,0.001277139208173691
GSM2339508,brain,GSE87586,train,source,GSE87586,"Hypothalamus, DBA/2J (parental strain)","Hypothalamus, DBA/2J",0.1893237084150314,False,False,,0.001277139208173691
GSM2371262,brain,GSE89413|GSE89969,train,source,GSE89413	GSE89969,Human fetal brain,Human Fetal Brain RNA-Seq,0.3304930329322815,False,True,random_4,0.001277139208173691
GSM2373100,brain,GSE89476,train,title,GSE89476,Astrocytes,Astrocytes treated with Vehicle from cerebellum at 4 hours replicate number 1,0.2340789586305618,False,True,random_3,0.001277139208173691
GSM2373101,brain,GSE89476,train,title,GSE89476,Astrocytes,Astrocytes treated with Vehicle from cerebellum at 4 hours replicate number 2,0.2267549186944961,False,False,,0.001277139208173691
GSM2373102,brain,GSE89476,train,title,GSE89476,Astrocytes,Astrocytes treated with Vehicle from cerebellum at 4 hours replicate number 3,0.2120041847229004,False,True,random_4,0.001277139208173691
GSM2373103,brain,GSE89476,train,title,GSE89476,Astrocytes,Astrocytes treated with Interferon from cerebellum at 4 hours replicate number 1,0.2135872393846511,False,False,,0.001277139208173691
GSM2373104,brain,GSE89476,train,title,GSE89476,Astrocytes,Astrocytes treated with Interferon from cerebellum at 4 hours replicate number 2,0.2325240820646286,False,True,random_2,0.001277139208173691
GSM2373105,brain,GSE89476,train,title,GSE89476,Astrocytes,Astrocytes treated with Interferon from cerebellum at 4 hours replicate number 3,0.1826580911874771,False,False,,0.001277139208173691
GSM2453438,brain,GSE93490,train,source,GSE93490,Homo sapiens brain tissue female adult (66 years),polyA mRNA RNA-seq from brain (ENCLB306ITM),0.1287760436534881,False,True,random_3,0.001277139208173691
GSM2453439,brain,GSE93490,train,source,GSE93490,Homo sapiens brain tissue female adult (66 years),polyA mRNA RNA-seq from brain (ENCLB187ZUS),0.0413669347763061,False,True,random_1,0.001277139208173691
GSM2460840,brain,GSE93708,train,source,GSE93708,Prefrontal cortex,PFC1,0.1511241197586059,False,True,random_1,0.001277139208173691
GSM2460841,brain,GSE93708,train,source,GSE93708,Prefrontal cortex,PFC2,0.1462071537971496,False,True,random_2,0.001277139208173691
GSM2460842,brain,GSE93708,train,source,GSE93708,Prefrontal cortex,PFC3,0.1164436340332031,False,True,random_0,0.001277139208173691
GSM2460843,brain,GSE93708,train,source,GSE93708,Prefrontal cortex,PFC4,0.1325418204069137,False,True,random_4,0.001277139208173691
GSM2497913,brain,GSE95155,train,source,GSE95155,brain,"MVP Human Brain Total RNA (Agilent, cat 540005) - Positive Control 35",0.4519267380237579,False,True,random_0,0.001277139208173691
GSM2497919,brain,GSE95155,train,source,GSE95155,brain,"MVP Human Brain Total RNA (Agilent, cat 540005) - Positive Control 41",0.2804711163043976,False,True,random_4,0.001277139208173691
GSM2575466,brain,GSE97688,train,source,GSE97688,human brain tissue from a patient with Alzheimer’s disease,Brain-AD,0.0403273850679397,False,True,random_2,0.001277139208173691
GSM2581268,brain,GSE97930|GSE97942,train,source,GSE97930	GSE97942,Brain,Occ4,0.489009290933609,False,False,,0.001277139208173691
GSM2581269,brain,GSE97930|GSE97942,train,source,GSE97930	GSE97942,Brain,Occ5,0.4905229210853576,False,True,random_1,0.001277139208173691
GSM2581274,brain,GSE97930|GSE97942,train,source,GSE97930	GSE97942,Brain,Occ10,0.4464239478111267,False,False,,0.001277139208173691
GSM2581275,brain,GSE97930|GSE97942,train,source,GSE97930	GSE97942,Brain,Occ11,0.3305865824222564,False,False,,0.001277139208173691
GSM2581278,brain,GSE97930|GSE97942,train,source,GSE97930	GSE97942,Brain,Occ3,0.2779307663440704,False,False,,0.001277139208173691
GSM2581281,brain,GSE97930|GSE97942,train,source,GSE97930	GSE97942,Brain,Occ13,0.4056983590126037,False,False,,0.001277139208173691
GSM2581282,brain,GSE97930|GSE97942,train,source,GSE97930	GSE97942,Brain,Occ14,0.3208483159542084,False,True,random_2,0.001277139208173691
GSM2581283,brain,GSE97930|GSE97942,train,source,GSE97930	GSE97942,Brain,Occ15,0.3075132966041565,False,True,random_3,0.001277139208173691
GSM2581284,brain,GSE97930|GSE97942,train,source,GSE97930	GSE97942,Brain,Occ16,0.3610488474369049,False,False,,0.001277139208173691
GSM2581294,brain,GSE97930|GSE97942,train,source,GSE97930	GSE97942,Brain,Occ19,0.4801124036312103,False,False,,0.001277139208173691
GSM2601287,brain,GSE98581,train,source,GSE98581,Prefrontal cortex,Offspring with autism,0.0521893836557865,False,True,random_4,0.001277139208173691
GSM2601288,brain,GSE98581,train,source,GSE98581,Prefrontal cortex,Offspring without autism,0.0417606271803379,False,True,random_2,0.001277139208173691
GSM3081145,brain,GSE99074,train,source,GSE99074,whole brain,spm9wb,0.1268680244684219,False,False,,0.001277139208173691
GSM3081147,brain,GSE99074,train,source,GSE99074,whole brain,spm6wb,0.1389188319444656,False,False,,0.001277139208173691
GSM3081148,brain,GSE99074,train,source,GSE99074,whole brain,spm5wb,0.114692285656929,False,False,,0.001277139208173691
GSM3081150,brain,GSE99074,train,source,GSE99074,whole brain,spm35wb,0.1241509392857551,False,True,random_3,0.001277139208173691
GSM3081151,brain,GSE99074,train,source,GSE99074,whole brain,spm33wb,0.1518316715955734,False,False,,0.001277139208173691
GSM3081152,brain,GSE99074,train,source,GSE99074,whole brain,spm30wb,0.139342188835144,False,False,,0.001277139208173691
GSM3081153,brain,GSE99074,train,source,GSE99074,whole brain,spm2wb,0.1132998690009117,False,False,,0.001277139208173691
GSM3081154,brain,GSE99074,train,source,GSE99074,whole brain,spm28wb,0.1712955087423324,False,False,,0.001277139208173691
GSM3081156,brain,GSE99074,train,source,GSE99074,whole brain,spm25wb,0.1334825009107589,False,False,,0.001277139208173691
GSM3081157,brain,GSE99074,train,source,GSE99074,whole brain,spm15wb,0.1206907778978347,False,False,,0.001277139208173691
GSM3081158,brain,GSE99074,train,source,GSE99074,whole brain,spm14wb,0.1309839487075805,False,False,,0.001277139208173691
GSM3081159,brain,GSE99074,train,source,GSE99074,whole brain,spm13wb,0.123024970293045,False,False,,0.001277139208173691
GSM3081160,brain,GSE99074,train,source,GSE99074,whole brain,spm11wb,0.1315737217664718,False,True,random_1,0.001277139208173691
GSM3081161,brain,GSE99074,train,source,GSE99074,brain biopsy,S969,0.1232249066233635,False,False,,0.001277139208173691
GSM3081162,brain,GSE99074,train,source,GSE99074,brain biopsy,S947,0.1427496820688247,False,False,,0.001277139208173691
GSM3081163,brain,GSE99074,train,source,GSE99074,brain biopsy,S861,0.1234167367219924,False,False,,0.001277139208173691
GSM3081166,brain,GSE99074,train,source,GSE99074,brain biopsy,S755,0.1269633173942566,False,False,,0.001277139208173691
GSM3081168,brain,GSE99074,train,source,GSE99074,brain biopsy,S262,0.12398162484169,False,True,random_0,0.001277139208173691
GSM3081169,brain,GSE99074,train,source,GSE99074,brain biopsy,S243,0.1163318902254104,False,False,,0.001277139208173691
GSM3081170,brain,GSE99074,train,source,GSE99074,brain biopsy,S147,0.0987172126770019,False,False,,0.001277139208173691
GSM2706444,colon,GSE101588|GSE101651,train,source,GSE101588	GSE101651,RNA; Colon: descending colon,1017,0.205175518989563,False,True,random_0,0.004545454545454545
GSM2706445,colon,GSE101588|GSE101651,train,source,GSE101588	GSE101651,RNA; Colon: ascending colon,1066,0.3894070982933044,False,True,random_1,0.004545454545454545
GSM2706448,colon,GSE101588|GSE101651,train,source,GSE101588	GSE101651,RNA; Colon: rectosigmoid colon,1146,0.1994393318891525,False,True,random_4,0.004545454545454545
GSM2706449,colon,GSE101588|GSE101651,train,source,GSE101588	GSE101651,RNA; Colon: rectosigmoid colon,1158,0.323733389377594,False,True,random_3,0.004545454545454545
GSM2706450,colon,GSE101588|GSE101651,train,source,GSE101588	GSE101651,RNA; Colon: sigmoid colon,1144,0.4303822815418243,False,True,random_4,0.004545454545454545
GSM2706453,colon,GSE101588|GSE101651,train,source,GSE101588	GSE101651,RNA; Colon: sigmoid colon,1054,0.2597967088222503,False,True,random_2,0.004545454545454545
GSM2706455,colon,GSE101588|GSE101651,train,source,GSE101588	GSE101651,RNA; Colon: sigmoid colon,1073,0.1438725739717483,False,True,random_3,0.004545454545454545
GSM2706460,colon,GSE101588|GSE101651,train,source,GSE101588	GSE101651,RNA; Colon: ascending colon,980,0.1694700270891189,False,True,random_1,0.004545454545454545
GSM3028214,colon,GSE111307,train,source,GSE111307,colon,embryonic week 12 technical replicate 1,0.077835127711296,False,True,random_1,0.004545454545454545
GSM3028215,colon,GSE111307,train,source,GSE111307,colon,embryonic week 12 technical replicate 2,0.0629366934299469,False,True,random_4,0.004545454545454545
GSM3028216,colon,GSE111307,train,source,GSE111307,colon,embryonic week 12 technical replicate 3,0.0901283174753189,False,True,random_0,0.004545454545454545
GSM3028217,colon,GSE111307,train,source,GSE111307,colon,embryonic week 14 technical replicate 1,0.0648024454712867,False,True,random_2,0.004545454545454545
GSM3028218,colon,GSE111307,train,source,GSE111307,colon,embryonic week 14 technical replicate 2,0.0917747020721435,False,True,random_1,0.004545454545454545
GSM3028219,colon,GSE111307,train,source,GSE111307,colon,embryonic week 14 technical replicate 3,0.0769953206181526,False,True,random_2,0.004545454545454545
GSM3028220,colon,GSE111307,train,source,GSE111307,colon,embryonic week 16 technical replicate 1,0.0607484988868236,False,True,random_0,0.004545454545454545
GSM3028221,colon,GSE111307,train,source,GSE111307,colon,embryonic week 16 technical replicate 2,0.0780497565865516,False,True,random_3,0.004545454545454545
GSM3028222,colon,GSE111307,train,source,GSE111307,colon,embryonic week 16 technical replicate 3,0.0564275383949279,False,True,random_4,0.004545454545454545
GSM3704033,colon,GSE129288,train,source,GSE129288,Colon,WT Full medium rep1,0.1272855103015899,False,True,random_3,0.004545454545454545
GSM3704034,colon,GSE129288,train,source,GSE129288,Colon,TP53KO Full medium rep1,0.1220329850912094,False,True,random_3,0.004545454545454545
GSM3704035,colon,GSE129288,train,source,GSE129288,Colon,onco-RNF43/TP53KO Full medium rep1,0.1007185131311416,False,True,random_1,0.004545454545454545
GSM3704036,colon,GSE129288,train,source,GSE129288,Colon,WT w/o Wnt3a-0.2% Rspo rep1,0.1414481401443481,False,True,random_0,0.004545454545454545
GSM3704037,colon,GSE129288,train,source,GSE129288,Colon,TP53KO w/o Wnt3a-0.2% Rspo rep1,0.1551356017589569,False,True,random_1,0.004545454545454545
GSM3704038,colon,GSE129288,train,source,GSE129288,Colon,onco-RNF43/TP53KO w/o Wnt3a-0.2% Rspo rep1,0.1244313567876815,False,True,random_1,0.004545454545454545
GSM3704039,colon,GSE129288,train,source,GSE129288,Colon,WT Full medium rep2,0.1039744764566421,False,True,random_0,0.004545454545454545
GSM3704040,colon,GSE129288,train,source,GSE129288,Colon,TP53KO Full medium rep2,0.1126585453748703,False,True,random_0,0.004545454545454545
GSM3704041,colon,GSE129288,train,source,GSE129288,Colon,onco-RNF43/TP53KO Full medium rep2,0.121600717306137,False,True,random_3,0.004545454545454545
GSM3704042,colon,GSE129288,train,source,GSE129288,Colon,WT w/o Wnt3a-0.2% Rspo rep2,0.1443761587142944,False,True,random_1,0.004545454545454545
GSM3704043,colon,GSE129288,train,source,GSE129288,Colon,TP53KO w/o Wnt3a-0.2% Rspo rep2,0.1626754701137542,False,True,random_2,0.004545454545454545
GSM3704044,colon,GSE129288,train,source,GSE129288,Colon,onco-RNF43/TP53KO w/o Wnt3a-0.2% Rspo rep2,0.1376887857913971,False,True,random_0,0.004545454545454545
GSM3704045,colon,GSE129288,train,source,GSE129288,Colon,WT Full medium rep3,0.1239143088459968,False,True,random_4,0.004545454545454545
GSM3704046,colon,GSE129288,train,source,GSE129288,Colon,TP53KO Full medium rep3,0.1064721196889877,False,True,random_4,0.004545454545454545
GSM3704047,colon,GSE129288,train,source,GSE129288,Colon,onco-RNF43/TP53KO Full medium rep3,0.111661709845066,False,True,random_2,0.004545454545454545
GSM3704048,colon,GSE129288,train,source,GSE129288,Colon,WT w/o Wnt3a-0.2% Rspo rep3,0.1234605684876442,False,True,random_4,0.004545454545454545
GSM3704049,colon,GSE129288,train,source,GSE129288,Colon,TP53KO w/o Wnt3a-0.2% Rspo rep3,0.1385313719511032,False,True,random_2,0.004545454545454545
GSM3704050,colon,GSE129288,train,source,GSE129288,Colon,onco-RNF43/TP53KO w/o Wnt3a-0.2% Rspo rep3,0.1412770748138427,False,True,random_2,0.004545454545454545
GSM3730678,colon,GSE130038,train,source,GSE130038,sigmoid colon tissue,G155-02,0.0364384539425373,False,True,random_1,0.004545454545454545
GSM3730679,colon,GSE130038,train,source,GSE130038,sigmoid colon tissue,G155-03,0.041605245321989,False,True,random_0,0.004545454545454545
GSM3730680,colon,GSE130038,train,source,GSE130038,sigmoid colon tissue,G155-04,0.0493735969066619,False,True,random_2,0.004545454545454545
GSM3730682,colon,GSE130038,train,source,GSE130038,sigmoid colon tissue,G155-06,0.076987087726593,False,True,random_0,0.004545454545454545
GSM3730683,colon,GSE130038,train,source,GSE130038,sigmoid colon tissue,G155-07,0.3157283663749695,False,True,random_0,0.004545454545454545
GSM3730684,colon,GSE130038,train,source,GSE130038,sigmoid colon tissue,G155-08,0.0669419541954994,False,True,random_4,0.004545454545454545
GSM3730685,colon,GSE130038,train,source,GSE130038,sigmoid colon tissue,G155-09,0.1177385598421096,False,True,random_2,0.004545454545454545
GSM3730687,colon,GSE130038,train,source,GSE130038,sigmoid colon tissue,G155-11,0.050234243273735,False,True,random_2,0.004545454545454545
GSM3730688,colon,GSE130038,train,source,GSE130038,sigmoid colon tissue,G155-12,0.0896282494068145,False,True,random_3,0.004545454545454545
GSM3730689,colon,GSE130038,train,source,GSE130038,sigmoid colon tissue,G155-13,0.0627093836665153,False,True,random_4,0.004545454545454545
GSM3730690,colon,GSE130038,train,source,GSE130038,sigmoid colon tissue,G155-14,0.0744400396943092,False,True,random_0,0.004545454545454545
GSM3730691,colon,GSE130038,train,source,GSE130038,sigmoid colon tissue,G155-15,0.0926161557435989,False,True,random_1,0.004545454545454545
GSM3730692,colon,GSE130038,train,source,GSE130038,sigmoid colon tissue,G155-16,0.0778160244226455,False,True,random_4,0.004545454545454545
GSM3730694,colon,GSE130038,train,source,GSE130038,sigmoid colon tissue,G155-18,0.0648897066712379,False,True,random_3,0.004545454545454545
GSM3730695,colon,GSE130038,train,source,GSE130038,sigmoid colon tissue,G155-19,0.0461021810770034,False,True,random_2,0.004545454545454545
GSM3730697,colon,GSE130038,train,source,GSE130038,sigmoid colon tissue,G155-22,0.0805195420980453,False,True,random_3,0.004545454545454545
GSM3730698,colon,GSE130038,train,source,GSE130038,sigmoid colon tissue,G155-23,0.0312993973493576,False,True,random_1,0.004545454545454545
GSM3730700,colon,GSE130038,train,source,GSE130038,sigmoid colon tissue,G155-25,0.071465864777565,False,True,random_3,0.004545454545454545
GSM3730701,colon,GSE130038,train,source,GSE130038,sigmoid colon tissue,G155-26,0.1007839813828468,False,True,random_1,0.004545454545454545
GSM3730702,colon,GSE130038,train,source,GSE130038,sigmoid colon tissue,G155-27,0.0475577414035797,False,True,random_4,0.004545454545454545
GSM4206908,colon,GSE141553,train,source,GSE141553,colon,left colon CD,0.2536982297897339,False,True,random_2,0.004545454545454545
GSM4284531,colon,GSE144259,train,source,GSE144259,Matched normal colon,CRC1N,0.088326945900917,False,True,random_0,0.004545454545454545
GSM4284534,colon,GSE144259,train,source,GSE144259,Matched normal colon,CRC2N,0.0842779800295829,False,True,random_4,0.004545454545454545
GSM4284537,colon,GSE144259,train,source,GSE144259,Matched normal colon,CRC3N,0.1098158657550811,False,True,random_1,0.004545454545454545
GSM4635541,colon,GSE153198|GSE153202,train,source,GSE153198	GSE153202,Colon,VU1_Col_R2,0.1294832229614257,False,True,random_0,0.004545454545454545
GSM4635542,colon,GSE153198|GSE153202,train,source,GSE153198	GSE153202,Colon,VU1_Col_R3,0.114679679274559,False,True,random_0,0.004545454545454545
GSM4635544,colon,GSE153198|GSE153202,train,source,GSE153198	GSE153202,Colon,VU10_Col_R1,0.2350086718797683,False,True,random_1,0.004545454545454545
GSM4635545,colon,GSE153198|GSE153202,train,source,GSE153198	GSE153202,Colon,VU10_Col_R2b,0.2112837582826614,False,True,random_4,0.004545454545454545
GSM4635554,colon,GSE153198|GSE153202,train,source,GSE153198	GSE153202,Colon,VU11_Col_R2,0.1660434603691101,False,True,random_3,0.004545454545454545
GSM4635579,colon,GSE153198|GSE153202,train,source,GSE153198	GSE153202,Colon,VU14_Col_R2,0.1788225919008255,False,True,random_3,0.004545454545454545
GSM4635580,colon,GSE153198|GSE153202,train,source,GSE153198	GSE153202,Colon,VU14_Col_R3,0.1664535403251648,False,True,random_4,0.004545454545454545
GSM4635589,colon,GSE153198|GSE153202,train,source,GSE153198	GSE153202,Colon,VU15_Col_R5,0.1764736622571945,False,True,random_1,0.004545454545454545
GSM4635602,colon,GSE153198|GSE153202,train,source,GSE153198	GSE153202,Colon,VU3_Col_R1,0.2661436200141907,False,True,random_0,0.004545454545454545
GSM4635603,colon,GSE153198|GSE153202,train,source,GSE153198	GSE153202,Colon,VU3_Col_R2,0.1947893500328064,False,True,random_4,0.004545454545454545
GSM4635604,colon,GSE153198|GSE153202,train,source,GSE153198	GSE153202,Colon,VU3_Col_R3,0.1492891460657119,False,True,random_1,0.004545454545454545
GSM4635621,colon,GSE153198|GSE153202,train,source,GSE153198	GSE153202,Colon,VU5_Col_R1,0.2004483044147491,False,True,random_2,0.004545454545454545
GSM4635622,colon,GSE153198|GSE153202,train,source,GSE153198	GSE153202,Colon,VU5_Col_R2,0.1523606777191162,False,True,random_4,0.004545454545454545
GSM4635627,colon,GSE153198|GSE153202,train,source,GSE153198	GSE153202,Colon,VU6_Col_4c,0.2193837016820907,False,True,random_1,0.004545454545454545
GSM4635635,colon,GSE153198|GSE153202,train,source,GSE153198	GSE153202,Colon,VU7_Col_R2,0.1695241332054138,False,True,random_0,0.004545454545454545
GSM4635640,colon,GSE153198|GSE153202,train,source,GSE153198	GSE153202,Colon,VU8_Col_R1,0.2074434012174606,False,True,random_3,0.004545454545454545
GSM4635641,colon,GSE153198|GSE153202,train,source,GSE153198	GSE153202,Colon,VU8_Col_R2,0.1701738834381103,False,True,random_2,0.004545454545454545
GSM4635668,colon,GSE153198|GSE153202,train,source,GSE153198	GSE153202,Colon,VU21_Musc_R2,0.141116514801979,False,True,random_3,0.004545454545454545
GSM4635677,colon,GSE153198|GSE153202,train,source,GSE153198	GSE153202,Colon,VU24_Musc_R2,0.162516638636589,False,True,random_2,0.004545454545454545
GSM4635678,colon,GSE153198|GSE153202,train,source,GSE153198	GSE153202,Colon,VU24_Musc_R3,0.157496839761734,False,True,random_2,0.004545454545454545
GSM4700319,colon,GSE155375|GSE155921,train,source,GSE155375	GSE155921,Colon,GRM_FAM104A_2M,0.1841998696327209,False,True,random_3,0.004545454545454545
GSM4700321,colon,GSE155375|GSE155921,train,source,GSE155375	GSE155921,Colon,GRM_PABPC1_2M,0.4371079504489898,False,True,random_0,0.004545454545454545
GSM4700323,colon,GSE155375|GSE155921,train,source,GSE155375	GSE155921,Colon,GRM_PABPC1_3M,0.1469354629516601,False,True,random_2,0.004545454545454545
GSM4750247,colon,GSE157004,train,source,GSE157004,Colon tissue,P12N early A,0.0639445707201957,False,True,random_2,0.004545454545454545
GSM4750248,colon,GSE157004,train,source,GSE157004,Colon tissue,P12N early B,0.0724187865853309,False,True,random_4,0.004545454545454545
GSM4750249,colon,GSE157004,train,source,GSE157004,Colon tissue,P12N early C,0.099723644554615,False,True,random_3,0.004545454545454545
GSM4750250,colon,GSE157004,train,source,GSE157004,Colon tissue,P12N thaw A,0.076061338186264,False,True,random_0,0.004545454545454545
GSM4750251,colon,GSE157004,train,source,GSE157004,Colon tissue,P12N thaw B,0.0674532577395439,False,True,random_1,0.004545454545454545
GSM4750252,colon,GSE157004,train,source,GSE157004,Colon tissue,P12N thaw C,0.0787510052323341,False,True,random_0,0.004545454545454545
GSM4750253,colon,GSE157004,train,source,GSE157004,Colon tissue,P12N late A,0.0772243961691856,False,True,random_3,0.004545454545454545
GSM4750254,colon,GSE157004,train,source,GSE157004,Colon tissue,P12N late B,0.0878804326057434,False,True,random_1,0.004545454545454545
GSM4750255,colon,GSE157004,train,source,GSE157004,Colon tissue,P12N late C,0.1110253259539604,False,True,random_0,0.004545454545454545
GSM4750256,colon,GSE157004,train,source,GSE157004,Colon tissue,P12T -W early A,0.0876030251383781,False,True,random_2,0.004545454545454545
GSM4750258,colon,GSE157004,train,source,GSE157004,Colon tissue,P12T -W early C,0.1263846158981323,False,True,random_3,0.004545454545454545
GSM4750259,colon,GSE157004,train,source,GSE157004,Colon tissue,P12T -W thaw A,0.0858529955148696,False,True,random_4,0.004545454545454545
GSM4750260,colon,GSE157004,train,source,GSE157004,Colon tissue,P12T -W thaw B,0.064121589064598,False,True,random_2,0.004545454545454545
GSM4750261,colon,GSE157004,train,source,GSE157004,Colon tissue,P12T -W thaw C,0.0674401298165321,False,True,random_4,0.004545454545454545
GSM4750262,colon,GSE157004,train,source,GSE157004,Colon tissue,P12T -W late A,0.0862785577774047,False,True,random_1,0.004545454545454545
GSM4750264,colon,GSE157004,train,source,GSE157004,Colon tissue,P12T -W late C,0.0729353129863739,False,True,random_0,0.004545454545454545
GSM5046514,colon,GSE165605|GSE165607,train,source,GSE165605	GSE165607,colon,G1,0.1036125794053077,False,True,random_1,0.004545454545454545
GSM5046515,colon,GSE165605|GSE165607,train,source,GSE165605	GSE165607,colon,G2,0.0468798540532588,False,True,random_3,0.004545454545454545
GSM5046516,colon,GSE165605|GSE165607,train,source,GSE165605	GSE165607,colon,G3,0.0290067959576845,False,True,random_0,0.004545454545454545
GSM5046517,colon,GSE165605|GSE165607,train,source,GSE165605	GSE165607,colon,Normal1,0.0381028614938259,False,True,random_2,0.004545454545454545
GSM5046518,colon,GSE165605|GSE165607,train,source,GSE165605	GSE165607,colon,Normal2,0.0460184477269649,False,True,random_4,0.004545454545454545
GSM5046519,colon,GSE165605|GSE165607,train,source,GSE165605	GSE165607,colon,Normal3,0.0452119931578636,False,True,random_2,0.004545454545454545
GSM5318863,colon,GSE174519,train,source,GSE174519,normal colorectal tissue,N1: Normal,0.0222197882831096,False,True,random_3,0.004545454545454545
GSM5318864,colon,GSE174519,train,source,GSE174519,normal colorectal tissue,B1: Normal,0.0361545011401176,False,True,random_2,0.004545454545454545
GSM5330285,colon,GSE174864,train,source,GSE174864,"Homo sapiens female child (16 years) colonic mucosa tissue, preserved by flash-freezing",total RNA-seq from colonic mucosa (ENCLB426QJG),0.0436479337513446,False,True,random_1,0.004545454545454545
GSM5330770,colon,GSE175049,train,source,GSE175049,"Homo sapiens male adult (40 years) mucosa of descending colon tissue, preserved by flash-freezing",total RNA-seq from mucosa of descending colon (ENCLB596FDK),0.0157996211200952,False,True,random_3,0.004545454545454545
GSM5330803,colon,GSE175066,train,source,GSE175066,"Homo sapiens female adult (61 year) mucosa of descending colon tissue, preserved by flash-freezing",total RNA-seq from mucosa of descending colon (ENCLB343SWL),0.0285705532878637,False,True,random_0,0.004545454545454545
GSM5330840,colon,GSE175086,train,source,GSE175086,"Homo sapiens female adult (41 year) colonic mucosa tissue, preserved by flash-freezing",total RNA-seq from colonic mucosa (ENCLB273OUK),0.0326569750905036,False,True,random_0,0.004545454545454545
GSM5330900,colon,GSE175113,train,source,GSE175113,"Homo sapiens female adult (59 years) left colon tissue, preserved by flash-freezing",total RNA-seq from left colon (ENCLB227NJL),0.0268851518630981,False,True,random_2,0.004545454545454545
GSM5330908,colon,GSE175119,train,source,GSE175119,"Homo sapiens female adult (46 years) left colon tissue, preserved by flash-freezing",total RNA-seq from left colon (ENCLB987WVO),0.0232881177216768,False,True,random_4,0.004545454545454545
GSM5396216,colon,GSE178698,train,source,GSE178698,Colon,59C-Day-10,0.163507655262947,False,True,random_2,0.004545454545454545
GSM5396217,colon,GSE178698,train,source,GSE178698,Colon,75C-Day-10,0.1671923995018005,False,True,random_3,0.004545454545454545
GSM5396218,colon,GSE178698,train,source,GSE178698,Colon,59C-ALI-D7,0.1178118139505386,False,True,random_1,0.004545454545454545
GSM5396219,colon,GSE178698,train,source,GSE178698,Colon,75C-ALI-D7,0.1296565979719162,False,True,random_0,0.004545454545454545
GSM5396220,colon,GSE178698,train,source,GSE178698,Colon,59C-US-RD1-D3,0.1435656994581222,False,True,random_2,0.004545454545454545
GSM5396221,colon,GSE178698,train,source,GSE178698,Colon,75C-US-RD1-D3,0.1180084571242332,False,True,random_4,0.004545454545454545
GSM5396222,colon,GSE178698,train,source,GSE178698,Colon,59C-US-RD5-D3,0.1724885553121566,False,True,random_4,0.004545454545454545
GSM5396223,colon,GSE178698,train,source,GSE178698,Colon,75C-US-RD5-D3,0.1706290245056152,False,True,random_3,0.004545454545454545
GSM5396224,colon,GSE178698,train,source,GSE178698,Colon,59C-FliC-RD1-D3,0.1427920311689376,False,True,random_0,0.004545454545454545
GSM5396225,colon,GSE178698,train,source,GSE178698,Colon,75C-FliC-RD1-D3,0.1520669311285019,False,True,random_1,0.004545454545454545
GSM5396226,colon,GSE178698,train,source,GSE178698,Colon,59C-FliC-RD5-D3,0.1758526563644409,False,True,random_4,0.004545454545454545
GSM5396227,colon,GSE178698,train,source,GSE178698,Colon,75C-FliC-RD5-D3,0.1196794137358665,False,True,random_1,0.004545454545454545
GSM5462723,colon,GSE180440,train,source,GSE180440,Colon,PG6_38: 1789 normal,0.0869437605142593,False,True,random_1,0.004545454545454545
GSM5462729,colon,GSE180440,train,source,GSE180440,Colon,PG7_44: 3211 normal,0.068935751914978,False,True,random_0,0.004545454545454545
GSM5462749,colon,GSE180440,train,source,GSE180440,Colon,1429_N: 1429 normal,0.0818438827991485,False,True,random_3,0.004545454545454545
GSM5462759,colon,GSE180440,train,source,GSE180440,Colon,3292_N: 3292 normal,0.082825668156147,False,True,random_4,0.004545454545454545
GSM1131538,colon,GSE46513,train,source,GSE46513,Colon,SSP1,0.0364840105175972,False,True,random_3,0.004545454545454545
GSM1131539,colon,GSE46513,train,source,GSE46513,Colon,SSP2,0.0286980383098125,False,True,random_4,0.004545454545454545
GSM1131540,colon,GSE46513,train,source,GSE46513,Colon,SSP3,0.028679734095931,False,True,random_1,0.004545454545454545
GSM1131541,colon,GSE46513,train,source,GSE46513,Colon,SSP4,0.056095577776432,False,True,random_3,0.004545454545454545
GSM1131542,colon,GSE46513,train,source,GSE46513,Colon,SSP5,0.0302482079714536,False,True,random_4,0.004545454545454545
GSM1131543,colon,GSE46513,train,source,GSE46513,Colon,SSP6,0.0203388649970293,False,True,random_0,0.004545454545454545
GSM1131544,colon,GSE46513,train,source,GSE46513,Colon,SSP7,0.0243994761258363,False,True,random_1,0.004545454545454545
GSM1131545,colon,GSE46513,train,source,GSE46513,Colon,CTRL1,0.0136101404204964,False,True,random_2,0.004545454545454545
GSM1131546,colon,GSE46513,train,source,GSE46513,Colon,CTRL2,0.0113215129822492,False,True,random_2,0.004545454545454545
GSM1131547,colon,GSE46513,train,source,GSE46513,Colon,CTRL3,0.0186866577714681,False,True,random_0,0.004545454545454545
GSM1131548,colon,GSE46513,train,source,GSE46513,Colon,CTRL4,0.0114320591092109,False,True,random_1,0.004545454545454545
GSM1131549,colon,GSE46513,train,source,GSE46513,Colon,CTRL5,0.0181428808718919,False,True,random_4,0.004545454545454545
GSM1131550,colon,GSE46513,train,source,GSE46513,Colon,CTRL6,0.0086905704811215,False,True,random_3,0.004545454545454545
GSM1131551,colon,GSE46513,train,source,GSE46513,Colon,CTRL7,0.0134436395019292,False,True,random_0,0.004545454545454545
GSM1131552,colon,GSE46513,train,source,GSE46513,Colon,CTRL8,0.0177842676639556,False,True,random_2,0.004545454545454545
GSM1228202,colon,GSE50760,train,source,GSE50760,normal colon,normal colon AMC_2-2,0.0087286233901977,False,True,random_4,0.004545454545454545
GSM1228203,colon,GSE50760,train,source,GSE50760,normal colon,normal colon AMC_3-2,0.0093746781349182,False,True,random_1,0.004545454545454545
GSM1228204,colon,GSE50760,train,source,GSE50760,normal colon,normal colon AMC_5-2,0.0126623129472136,False,True,random_1,0.004545454545454545
GSM1228205,colon,GSE50760,train,source,GSE50760,normal colon,normal colon AMC_6-2,0.0101078376173973,False,True,random_2,0.004545454545454545
GSM1228206,colon,GSE50760,train,source,GSE50760,normal colon,normal colon AMC_7-2,0.0062963748350739,False,True,random_2,0.004545454545454545
GSM1228207,colon,GSE50760,train,source,GSE50760,normal colon,normal colon AMC_8-2,0.0096811475232243,False,True,random_3,0.004545454545454545
GSM1228208,colon,GSE50760,train,source,GSE50760,normal colon,normal colon AMC_9-2,0.0088438661769032,False,True,random_3,0.004545454545454545
GSM1228209,colon,GSE50760,train,source,GSE50760,normal colon,normal colon AMC_10-2,0.0078603532165288,False,True,random_0,0.004545454545454545
GSM1228210,colon,GSE50760,train,source,GSE50760,normal colon,normal colon AMC_12-2,0.0085744457319378,False,True,random_3,0.004545454545454545
GSM1228211,colon,GSE50760,train,source,GSE50760,normal colon,normal colon AMC_13-2,0.0096743237227201,False,True,random_4,0.004545454545454545
GSM1228212,colon,GSE50760,train,source,GSE50760,normal colon,normal colon AMC_17-2,0.00614127330482,False,True,random_4,0.004545454545454545
GSM1228213,colon,GSE50760,train,source,GSE50760,normal colon,normal colon AMC_18-2,0.0190621279180049,False,True,random_3,0.004545454545454545
GSM1228214,colon,GSE50760,train,source,GSE50760,normal colon,normal colon AMC_19-2,0.0080075468868017,False,True,random_2,0.004545454545454545
GSM1228215,colon,GSE50760,train,source,GSE50760,normal colon,normal colon AMC_20-2,0.0068777641281485,False,True,random_4,0.004545454545454545
GSM1228216,colon,GSE50760,train,source,GSE50760,normal colon,normal colon AMC_21-2,0.0112299136817455,False,True,random_1,0.004545454545454545
GSM1228217,colon,GSE50760,train,source,GSE50760,normal colon,normal colon AMC_22-2,0.0137581769376993,False,True,random_0,0.004545454545454545
GSM1228218,colon,GSE50760,train,source,GSE50760,normal colon,normal colon AMC_23-2,0.011063733138144,False,True,random_0,0.004545454545454545
GSM1228219,colon,GSE50760,train,source,GSE50760,normal colon,normal colon AMC_24-2,0.0071847955696284,False,True,random_2,0.004545454545454545
GSM1919380,colon,GSE74369,train,source,GSE74369,Colonic mucosa,P10_tissue_normal,0.4637413322925567,False,True,random_0,0.004545454545454545
GSM1919393,colon,GSE74369,train,source,GSE74369,Colonic mucosa microvasculature,P08_lcm_normal,0.2193513065576553,False,True,random_4,0.004545454545454545
GSM1919395,colon,GSE74369,train,source,GSE74369,Colonic mucosa microvasculature,P10_lcm_normal,0.2667220532894134,False,True,random_2,0.004545454545454545
GSM1919402,colon,GSE74369,train,source,GSE74369,Colonic mucosa microvasculature,P20_lcm_normal,0.3635659515857696,False,True,random_1,0.004545454545454545
GSM2042059,colon,GSE76987,train,source,GSE76987,Colon,SSA/P -2,0.0301897656172513,False,True,random_3,0.004545454545454545
GSM2042060,colon,GSE76987,train,source,GSE76987,Colon,SSA/P -3,0.0401209443807601,False,True,random_2,0.004545454545454545
GSM2042062,colon,GSE76987,train,source,GSE76987,Colon,SSA/P -5,0.0214933343231678,False,True,random_1,0.004545454545454545
GSM2042066,colon,GSE76987,train,source,GSE76987,Colon,SSA/P -9,0.0430785082280635,False,True,random_0,0.004545454545454545
GSM2042067,colon,GSE76987,train,source,GSE76987,Colon,SSA/P -10,0.0364657491445541,False,True,random_1,0.004545454545454545
GSM2042068,colon,GSE76987,train,source,GSE76987,Colon,SSA/P -11,0.0327098406851291,False,True,random_1,0.004545454545454545
GSM2042075,colon,GSE76987,train,source,GSE76987,Colon,SSA/P -18,0.0175294186919927,False,True,random_0,0.004545454545454545
GSM2042080,colon,GSE76987,train,source,GSE76987,Colon,HP -2,0.0299105495214462,False,True,random_2,0.004545454545454545
GSM2042093,colon,GSE76987,train,source,GSE76987,Colon,AP -5,0.0296441409736871,False,True,random_4,0.004545454545454545
GSM2042098,colon,GSE76987,train,source,GSE76987,Colon,AP -10,0.026527302339673,False,True,random_3,0.004545454545454545
GSM2042103,colon,GSE76987,train,source,GSE76987,Colon,UR -1,0.0260658524930477,False,True,random_4,0.004545454545454545
GSM2042105,colon,GSE76987,train,source,GSE76987,Colon,UR -3,0.0190822388976812,False,True,random_2,0.004545454545454545
GSM2042108,colon,GSE76987,train,source,GSE76987,Colon,UR -6,0.0094212405383586,False,True,random_4,0.004545454545454545
GSM2042113,colon,GSE76987,train,source,GSE76987,Colon,UR -11,0.0458376966416835,False,True,random_0,0.004545454545454545
GSM2042119,colon,GSE76987,train,source,GSE76987,Colon,UL -2,0.0227407664060592,False,True,random_3,0.004545454545454545
GSM2042122,colon,GSE76987,train,source,GSE76987,Colon,UL -5,0.0161680672317743,False,True,random_3,0.004545454545454545
GSM2042133,colon,GSE76987,train,source,GSE76987,Colon,CR -10,0.0081288907676935,False,True,random_2,0.004545454545454545
GSM2042136,colon,GSE76987,train,source,GSE76987,Colon,CL -3,0.0136500801891088,False,True,random_0,0.004545454545454545
GSM2042137,colon,GSE76987,train,source,GSE76987,Colon,CL -4,0.0116513036191463,False,True,random_4,0.004545454545454545
GSM2042139,colon,GSE76987,train,source,GSE76987,Colon,CL -6,0.0131851769983768,False,True,random_1,0.004545454545454545
GSM2212666,colon,GSE83687,train,source,GSE83687,colon,1R colon male control S45,0.0231663733720779,False,True,random_0,0.004545454545454545
GSM2212667,colon,GSE83687,train,source,GSE83687,colon,1T colon female control S46,0.0172265619039535,False,True,random_3,0.004545454545454545
GSM2212668,colon,GSE83687,train,source,GSE83687,colon,1Y colon male control S47,0.0207653120160102,False,True,random_4,0.004545454545454545
GSM2212689,colon,GSE83687,train,source,GSE83687,colon,3N colon male Crohn's disease S68,0.0340752862393856,False,True,random_3,0.004545454545454545
GSM2212716,colon,GSE83687,train,source,GSE83687,colon,6R colon male control S95,0.0337184816598892,False,True,random_2,0.004545454545454545
GSM2212755,colon,GSE83687,train,source,GSE83687,colon,9V colon female control S134,0.018209271132946,False,True,random_1,0.004545454545454545
GSM2343309,colon,GSE88079,train,source,GSE88079,Homo sapiens transverse colon tissue male adult (54 years),small RNA-seq from transverse colon (ENCLB474RLW),0.1540191769599914,False,True,random_4,0.004545454545454545
GSM2343361,colon,GSE88093,train,source,GSE88093,Homo sapiens transverse colon tissue female adult (51 year),small RNA-seq from transverse colon (ENCLB351JFP),0.1050053983926773,False,True,random_3,0.004545454545454545
GSM2343804,colon,GSE88333,train,source,GSE88333,Homo sapiens transverse colon tissue male adult (37 years),small RNA-seq from transverse colon (ENCLB365GID),0.0898655205965042,False,True,random_2,0.004545454545454545
GSM2343980,colon,GSE88437,train,source,GSE88437,Homo sapiens transverse colon tissue male adult (37 years),total RNA-seq from transverse colon (ENCLB373HEH),0.0516280643641948,False,True,random_1,0.004545454545454545
GSM2344186,colon,GSE88557,train,source,GSE88557,Homo sapiens sigmoid colon tissue male adult (54 years),total RNA-seq from sigmoid colon (ENCLB490FBP),0.0949069932103157,False,True,random_4,0.004545454545454545
GSM2344212,colon,GSE88571,train,source,GSE88571,Homo sapiens sigmoid colon tissue female adult (51 year),total RNA-seq from sigmoid colon (ENCLB666FJO),0.1021329686045646,False,True,random_1,0.004545454545454545
GSM2344258,colon,GSE88599,train,source,GSE88599,Homo sapiens sigmoid colon tissue male adult (37 years),total RNA-seq from sigmoid colon (ENCLB743CLP),0.1075415685772895,False,True,random_0,0.004545454545454545
GSM2344290,colon,GSE88618,train,source,GSE88618,Homo sapiens sigmoid colon tissue male adult (37 years),small RNA-seq from sigmoid colon (ENCLB595PHO),0.1737351864576339,False,True,random_3,0.004545454545454545
GSM2387334,colon,GSE89729,train,source,GSE89729,colon,HCT116-1,0.1233443617820739,False,True,random_3,0.004545454545454545
GSM2387335,colon,GSE89729,train,source,GSE89729,colon,HCT116-2,0.13050077855587,False,True,random_3,0.004545454545454545
GSM2387336,colon,GSE89729,train,source,GSE89729,colon,HCT116-3,0.1414650082588195,False,True,random_2,0.004545454545454545
GSM2387337,colon,GSE89729,train,source,GSE89729,colon,HCT116-4,0.1796849220991134,False,True,random_4,0.004545454545454545
GSM2387338,colon,GSE89729,train,source,GSE89729,colon,KO1-1,0.1486683487892151,False,True,random_0,0.004545454545454545
GSM2387339,colon,GSE89729,train,source,GSE89729,colon,KO1-2,0.1569367200136184,False,True,random_1,0.004545454545454545
GSM2387340,colon,GSE89729,train,source,GSE89729,colon,KO1-3,0.0286226961761713,False,True,random_2,0.004545454545454545
GSM2387341,colon,GSE89729,train,source,GSE89729,colon,KO1-4,0.0352572500705719,False,True,random_0,0.004545454545454545
GSM2453436,colon,GSE93489,train,source,GSE93489,Homo sapiens sigmoid colon tissue male adult (21 year),polyA mRNA RNA-seq from sigmoid colon (ENCLB521TPI),0.0007312320522032,False,True,random_4,0.004545454545454545
GSM2453437,colon,GSE93489,train,source,GSE93489,Homo sapiens sigmoid colon tissue male adult (21 year),polyA mRNA RNA-seq from sigmoid colon (ENCLB679EPU),0.0202876459807157,False,True,random_1,0.004545454545454545
GSM2496705,colon,GSE95132|GSE95656,train,source,GSE95132	GSE95656,Colon,"RNA-seq on normal crypts, patient #515",0.0540898591279983,False,True,random_2,0.004545454545454545
GSM2496706,colon,GSE95132|GSE95656,train,source,GSE95132	GSE95656,Colon,"RNA-seq on ACF, patient #515",0.055022794753313,False,True,random_2,0.004545454545454545
GSM2496707,colon,GSE95132|GSE95656,train,source,GSE95132	GSE95656,Colon,"RNA-seq on normal crypts, patient #139",0.0325633287429809,False,True,random_1,0.004545454545454545
GSM2496708,colon,GSE95132|GSE95656,train,source,GSE95132	GSE95656,Colon,"RNA-seq on ACF, patient #139",0.0613860413432121,False,True,random_0,0.004545454545454545
GSM2496709,colon,GSE95132|GSE95656,train,source,GSE95132	GSE95656,Colon,"RNA-seq on normal crypts, patient #178",0.0687010139226913,False,True,random_0,0.004545454545454545
GSM2496710,colon,GSE95132|GSE95656,train,source,GSE95132	GSE95656,Colon,"RNA-seq on ACF, patient #178",0.0722748041152954,False,True,random_3,0.004545454545454545
GSM2496711,colon,GSE95132|GSE95656,train,source,GSE95132	GSE95656,Colon,"RNA-seq on normal crypts, patient #245",0.0516353324055671,False,True,random_1,0.004545454545454545
GSM2496712,colon,GSE95132|GSE95656,train,source,GSE95132	GSE95656,Colon,"RNA-seq on ACF, patient #245",0.1088687628507614,False,True,random_4,0.004545454545454545
GSM2496713,colon,GSE95132|GSE95656,train,source,GSE95132	GSE95656,Colon,"RNA-seq on normal crypts, patient #165",0.0402304083108902,False,True,random_4,0.004545454545454545
GSM2496714,colon,GSE95132|GSE95656,train,source,GSE95132	GSE95656,Colon,"RNA-seq on ACF, patient #165_S1",0.0549085140228271,False,True,random_3,0.004545454545454545
GSM2496715,colon,GSE95132|GSE95656,train,source,GSE95132	GSE95656,Colon,"RNA-seq on ACF, patient #165_S2",0.0447881929576396,False,True,random_3,0.004545454545454545
GSM2730123,liver,GSE102188,train,source,GSE102188,Adult Liver,SL147680,0.0089052403345704,False,True,random_4,0.002898550724637681
GSM2730124,liver,GSE102188,train,source,GSE102188,Adult Liver,SL147679,0.0112550007179379,False,True,random_0,0.002898550724637681
GSM2730125,liver,GSE102188,train,source,GSE102188,Adult Liver,SL147677,0.01141042355448,False,True,random_1,0.002898550724637681
GSM2730126,liver,GSE102188,train,source,GSE102188,Adult Liver,SL147678,0.0132125532254576,False,True,random_3,0.002898550724637681
GSM2730127,liver,GSE102188,train,source,GSE102188,Child Liver,SL147676,0.011110576801002,False,True,random_4,0.002898550724637681
GSM2730128,liver,GSE102188,train,source,GSE102188,Child Liver,SL147675,0.0094485357403755,False,True,random_1,0.002898550724637681
GSM2730129,liver,GSE102188,train,source,GSE102188,Child Liver,SL147674,0.0085180886089801,False,True,random_2,0.002898550724637681
GSM2730130,liver,GSE102188,train,source,GSE102188,Child Liver,SL147673,0.0143176494166255,False,True,random_3,0.002898550724637681
GSM2742869,liver,GSE102683,train,source,GSE102683,Total liver,liver_p1,0.1601057797670364,False,True,random_1,0.002898550724637681
GSM2742870,liver,GSE102683,train,source,GSE102683,Total liver,liver_p2,0.1079102158546447,False,True,random_2,0.002898550724637681
GSM2742871,liver,GSE102683,train,source,GSE102683,Total liver,liver_p3,0.2154081165790558,False,True,random_3,0.002898550724637681
GSM2742872,liver,GSE102683,train,source,GSE102683,Total liver,liver_p4,0.1802512556314468,False,True,random_0,0.002898550724637681
GSM2987924,liver,GSE110345,train,source,GSE110345,Liver,Liver3,0.1312943547964096,False,True,random_4,0.002898550724637681
GSM2987926,liver,GSE110345,train,source,GSE110345,Liver,Liver7,0.1310273706912994,False,True,random_2,0.002898550724637681
GSM3061089,liver,GSE112221,train,source,GSE112221,normal liver,NL1_rnaseq,0.0452486015856266,False,True,random_2,0.002898550724637681
GSM3061090,liver,GSE112221,train,source,GSE112221,normal liver,NL2_rnaseq,0.0359800532460212,False,True,random_0,0.002898550724637681
GSM3061091,liver,GSE112221,train,source,GSE112221,cirrhotic liver,Cirr1_rnaseq,0.03828951343894,False,True,random_3,0.002898550724637681
GSM3061092,liver,GSE112221,train,source,GSE112221,HCC liver,HCC1_rnaseq,0.0539514161646366,False,True,random_4,0.002898550724637681
GSM3061093,liver,GSE112221,train,source,GSE112221,cirrhotic liver,Cirr2_rnaseq,0.0528411380946636,False,True,random_1,0.002898550724637681
GSM3061094,liver,GSE112221,train,source,GSE112221,HCC liver,HCC2_rnaseq,0.0367395430803298,False,True,random_0,0.002898550724637681
GSM3061095,liver,GSE112221,train,source,GSE112221,cirrhotic liver,Cirr3_rnaseq,0.0456815510988235,False,False,,0.002898550724637681
GSM3061096,liver,GSE112221,train,source,GSE112221,HCC liver,HCC3_rnaseq,0.0626071467995643,False,True,random_4,0.002898550724637681
GSM3061097,liver,GSE112221,train,source,GSE112221,cirrhotic liver,Cirr4_rnaseq,0.0687307566404342,False,False,,0.002898550724637681
GSM3061098,liver,GSE112221,train,source,GSE112221,HCC liver,HCC4_rnaseq,0.0874999389052391,False,True,random_1,0.002898550724637681
GSM3144918,liver,GSE114564,train,source,GSE114564,liver tissue,N006,0.1056414991617202,False,True,random_0,0.002898550724637681
GSM3144920,liver,GSE114564,train,source,GSE114564,liver tissue,N008,0.0999006181955337,False,False,,0.002898550724637681
GSM3144924,liver,GSE114564,train,source,GSE114564,liver tissue,N012,0.1015692874789238,False,False,,0.002898550724637681
GSM3144927,liver,GSE114564,train,source,GSE114564,liver tissue,N015,0.0984234660863876,False,True,random_1,0.002898550724637681
GSM3144946,liver,GSE114564,train,source,GSE114564,liver tissue,CHB019,0.1313963830471038,False,True,random_4,0.002898550724637681
GSM3144963,liver,GSE114564,train,source,GSE114564,liver tissue,eHCC006,0.1206194907426834,False,False,,0.002898550724637681
GSM3144966,liver,GSE114564,train,source,GSE114564,liver tissue,eHCC009,0.1085727661848068,False,False,,0.002898550724637681
GSM3144971,liver,GSE114564,train,source,GSE114564,liver tissue,eHCC014,0.1044340059161186,False,False,,0.002898550724637681
GSM3144973,liver,GSE114564,train,source,GSE114564,liver tissue,eHCC016,0.1088724955916404,False,True,random_3,0.002898550724637681
GSM3144975,liver,GSE114564,train,source,GSE114564,liver tissue,eHCC018,0.0784250274300575,False,False,,0.002898550724637681
GSM3144978,liver,GSE114564,train,source,GSE114564,liver tissue,avHCC003,0.220843568444252,False,False,,0.002898550724637681
GSM3144986,liver,GSE114564,train,source,GSE114564,liver tissue,avHCC011,0.1210412830114364,False,True,random_4,0.002898550724637681
GSM3144988,liver,GSE114564,train,source,GSE114564,liver tissue,avHCC013,0.0953699275851249,False,False,,0.002898550724637681
GSM3144999,liver,GSE114564,train,source,GSE114564,liver tissue,avHCC024,0.1604977548122406,False,True,random_2,0.002898550724637681
GSM3145003,liver,GSE114564,train,source,GSE114564,liver tissue,avHCC028,0.1288461983203888,False,True,random_1,0.002898550724637681
GSM3145017,liver,GSE114564,train,source,GSE114564,liver tissue,avHCC042,0.1226111203432083,False,True,random_2,0.002898550724637681
GSM3145019,liver,GSE114564,train,source,GSE114564,liver tissue,avHCC044,0.1075454652309417,False,False,,0.002898550724637681
GSM3305721,liver,GSE114564,train,source,GSE114564,liver tissue,DN002,0.0829133763909339,False,False,,0.002898550724637681
GSM3305723,liver,GSE114564,train,source,GSE114564,liver tissue,DN004,0.0963624715805053,False,False,,0.002898550724637681
GSM3305728,liver,GSE114564,train,source,GSE114564,liver tissue,DN009,0.0873769894242286,False,False,,0.002898550724637681
GSM3169090,liver,GSE115193,train,source,GSE115193,patient liver,BWF--001_Human,0.0081555033102631,False,True,random_1,0.002898550724637681
GSM3169091,liver,GSE115193,train,source,GSE115193,patient liver,BWF--002_Human,0.0098870266228914,False,True,random_4,0.002898550724637681
GSM3169092,liver,GSE115193,train,source,GSE115193,patient liver,BWF--003_Human,0.0175007991492748,False,True,random_2,0.002898550724637681
GSM3169093,liver,GSE115193,train,source,GSE115193,patient liver,BWF--004_Human,0.0093929022550582,False,True,random_3,0.002898550724637681
GSM3169094,liver,GSE115193,train,source,GSE115193,patient liver,BWF--005_Human,0.0126361409202218,False,True,random_4,0.002898550724637681
GSM3169095,liver,GSE115193,train,source,GSE115193,patient liver,BWF--006_Human,0.0201950818300247,False,True,random_1,0.002898550724637681
GSM3169096,liver,GSE115193,train,source,GSE115193,patient liver,BWF--007_Human,0.0103898616507649,False,True,random_2,0.002898550724637681
GSM3169097,liver,GSE115193,train,source,GSE115193,patient liver,BWF--008_Human,0.0093076843768358,False,True,random_0,0.002898550724637681
GSM3178782,liver,GSE115469,train,source,GSE115469,Liver,Patient 1 Total Liver Homogenate,0.3674829304218292,False,True,random_4,0.002898550724637681
GSM3178784,liver,GSE115469,train,source,GSE115469,Liver,Patient 3 Total Liver Homogenate,0.2271090298891067,False,True,random_3,0.002898550724637681
GSM3431833,liver,GSE121344|GSE121346,train,source,GSE121344	GSE121346,liver,lean_1,0.0093603488057851,False,False,,0.002898550724637681
GSM3431834,liver,GSE121344|GSE121346,train,source,GSE121344	GSE121346,liver,lean_2,0.006766655948013,False,True,random_3,0.002898550724637681
GSM3431835,liver,GSE121344|GSE121346,train,source,GSE121344	GSE121346,liver,lean_3,0.007419494446367,False,True,random_4,0.002898550724637681
GSM3431836,liver,GSE121344|GSE121346,train,source,GSE121344	GSE121346,liver,lean_4,0.0098341619595885,False,False,,0.002898550724637681
GSM3431837,liver,GSE121344|GSE121346,train,source,GSE121344	GSE121346,liver,obese_nonDiabetic_1,0.0096919452771544,False,True,random_1,0.002898550724637681
GSM3431838,liver,GSE121344|GSE121346,train,source,GSE121344	GSE121346,liver,obese_nonDiabetic_2,0.0098511409014463,False,False,,0.002898550724637681
GSM3431839,liver,GSE121344|GSE121346,train,source,GSE121344	GSE121346,liver,obese_nonDiabetic_3,0.0089735984802246,False,True,random_2,0.002898550724637681
GSM3431840,liver,GSE121344|GSE121346,train,source,GSE121344	GSE121346,liver,obese_nonDiabetic_4,0.0080136079341173,False,True,random_0,0.002898550724637681
GSM3431841,liver,GSE121344|GSE121346,train,source,GSE121344	GSE121346,liver,obese_diabetic_1,0.0077978549525141,False,True,random_0,0.002898550724637681
GSM3431842,liver,GSE121344|GSE121346,train,source,GSE121344	GSE121346,liver,obese_diabetic_2,0.0091976206749677,False,False,,0.002898550724637681
GSM3431843,liver,GSE121344|GSE121346,train,source,GSE121344	GSE121346,liver,obese_diabetic_3,0.0087888333946466,False,True,random_4,0.002898550724637681
GSM3431844,liver,GSE121344|GSE121346,train,source,GSE121344	GSE121346,liver,obese_diabetic_4,0.0062799975275993,False,True,random_3,0.002898550724637681
GSM3464212,liver,GSE122340,train,source,GSE122340,Liver,B132,0.0147518450394272,False,True,random_2,0.002898550724637681
GSM3464223,liver,GSE122340,train,source,GSE122340,Liver,B147,0.0151763670146465,False,True,random_0,0.002898550724637681
GSM3464258,liver,GSE122340,train,source,GSE122340,Liver,B225,0.0116893565282225,False,True,random_1,0.002898550724637681
GSM3464286,liver,GSE122340,train,source,GSE122340,Liver,B52,0.0186395738273859,False,False,,0.002898550724637681
GSM3464299,liver,GSE122340,train,source,GSE122340,Liver,B82,0.0224814619868993,False,True,random_3,0.002898550724637681
GSM3464303,liver,GSE122340,train,source,GSE122340,Liver,B99,0.0136613193899393,False,False,,0.002898550724637681
GSM3464304,liver,GSE122340,train,source,GSE122340,Liver,Bp.c-B60,0.0108171124011278,False,False,,0.002898550724637681
GSM3464309,liver,GSE122340,train,source,GSE122340,Liver,Cint18,0.0118216983973979,False,False,,0.002898550724637681
GSM3464310,liver,GSE122340,train,source,GSE122340,Liver,Cint19,0.0128487227484583,False,True,random_2,0.002898550724637681
GSM3464311,liver,GSE122340,train,source,GSE122340,Liver,Cint21,0.0105150984600186,False,True,random_3,0.002898550724637681
GSM3464312,liver,GSE122340,train,source,GSE122340,Liver,Cint22,0.0112078767269849,False,False,,0.002898550724637681
GSM3464314,liver,GSE122340,train,source,GSE122340,Liver,L_0173,0.0154244322329759,False,False,,0.002898550724637681
GSM3464324,liver,GSE122340,train,source,GSE122340,Liver,UC9612,0.0248791500926017,False,False,,0.002898550724637681
GSM3464338,liver,GSE122340,train,source,GSE122340,Liver,41270,0.0170706175267696,False,True,random_0,0.002898550724637681
GSM3464341,liver,GSE122340,train,source,GSE122340,Liver,61041,0.0157776661217212,False,False,,0.002898550724637681
GSM3464344,liver,GSE122340,train,source,GSE122340,Liver,61104,0.0327937342226505,False,False,,0.002898550724637681
GSM3464347,liver,GSE122340,train,source,GSE122340,Liver,61193,0.0281399302184581,False,False,,0.002898550724637681
GSM3464357,liver,GSE122340,train,source,GSE122340,Liver,N0546,0.0100308889523148,False,False,,0.002898550724637681
GSM3464361,liver,GSE122340,train,source,GSE122340,Liver,P0833,0.0136326188221573,False,False,,0.002898550724637681
GSM3464362,liver,GSE122340,train,source,GSE122340,Liver,P0919,0.0124933626502752,False,True,random_4,0.002898550724637681
GSM3664936,liver,GSE128102,train,source,GSE128102,fetal Liver,Liver_364_ribozero,0.065847173333168,False,True,random_2,0.002898550724637681
GSM3664937,liver,GSE128102,train,source,GSE128102,fetal Liver,Liver_369,0.0637476444244384,False,True,random_0,0.002898550724637681
GSM3664938,liver,GSE128102,train,source,GSE128102,fetal Liver,Liver_370,0.0630961284041404,False,True,random_4,0.002898550724637681
GSM3664939,liver,GSE128102,train,source,GSE128102,adult Liver,Liver_AAFM405,0.0338782779872417,False,True,random_3,0.002898550724637681
GSM3664940,liver,GSE128102,train,source,GSE128102,adult Liver,Liver_ABFE481,0.0464936681091785,False,True,random_1,0.002898550724637681
GSM3739364,liver,GSE130473,train,source,GSE130473,Human fetal liver,Human fetal liver  (F8_102#1040),0.4172876179218292,False,True,random_1,0.002898550724637681
GSM3739525,liver,GSE130473,train,source,GSE130473,Human fetal liver,Human fetal liver  (E2_103#765),0.4898771047592163,False,True,random_2,0.002898550724637681
GSM3739628,liver,GSE130473,train,source,GSE130473,Human fetal liver,Human fetal liver  (G7_104#1216),0.4662299454212188,False,True,random_0,0.002898550724637681
GSM3739871,liver,GSE130473,train,source,GSE130473,Human fetal liver,Human fetal liver  (H4_123#1323),0.3870039880275726,False,True,random_2,0.002898550724637681
GSM3739977,liver,GSE130473,train,source,GSE130473,Human fetal liver,Human fetal liver  (H9_171),0.213120087981224,False,True,random_3,0.002898550724637681
GSM3740216,liver,GSE130473,train,source,GSE130473,Human fetal liver,Human fetal liver  (F7_163#1033),0.4591785371303558,False,True,random_3,0.002898550724637681
GSM3740680,liver,GSE130473,train,source,GSE130473,Human adult liver,Human adult liver  (A5_201#71),0.3902182877063751,False,True,random_4,0.002898550724637681
GSM4010333,liver,GSE135448,train,source,GSE135448,Liver,MUC3855_LS01_HP_RNA_Seq,0.0049336189404129,False,False,,0.002898550724637681
GSM4010334,liver,GSE135448,train,source,GSE135448,Liver,MUC3856_LS03_HP_RNA_Seq,0.0026536213699728,False,False,,0.002898550724637681
GSM4010335,liver,GSE135448,train,source,GSE135448,Liver,MUC3857_LS13_HP_RNA_Seq,0.0040075867436826,False,True,random_1,0.002898550724637681
GSM4010336,liver,GSE135448,train,source,GSE135448,Liver,MUC3858_LS14_HP_RNA_Seq,0.0036269382108002,False,True,random_0,0.002898550724637681
GSM4010337,liver,GSE135448,train,source,GSE135448,Liver,MUC3859_LS23_HP_RNA_Seq,0.0024516766425222,False,False,,0.002898550724637681
GSM4010338,liver,GSE135448,train,source,GSE135448,Liver,MUC3860_LS24_HP_RNA_Seq,0.0024861167185008,False,True,random_4,0.002898550724637681
GSM4010339,liver,GSE135448,train,source,GSE135448,Liver,MUC3861_LS25_HP_RNA_Seq,0.0019962068181484,False,False,,0.002898550724637681
GSM4010340,liver,GSE135448,train,source,GSE135448,Liver,MUC3862_LS28_HP_RNA_Seq,0.0030043253209441,False,True,random_1,0.002898550724637681
GSM4010341,liver,GSE135448,train,source,GSE135448,Liver,MUC3863_LS29_HP_RNA_Seq,0.003583587007597,False,True,random_3,0.002898550724637681
GSM4010342,liver,GSE135448,train,source,GSE135448,Liver,MUC3865_LS02_LP_RNA_Seq,0.0042925812304019,False,False,,0.002898550724637681
GSM4010343,liver,GSE135448,train,source,GSE135448,Liver,MUC3866_LS04_LP_RNA_Seq,0.0026722061447799,False,False,,0.002898550724637681
GSM4010344,liver,GSE135448,train,source,GSE135448,Liver,MUC3867_LS12_LP_RNA_Seq,0.0021616644226014,False,True,random_3,0.002898550724637681
GSM4010345,liver,GSE135448,train,source,GSE135448,Liver,MUC3868_LS15_LP_RNA_Seq,0.0030848463065922,False,True,random_0,0.002898550724637681
GSM4010346,liver,GSE135448,train,source,GSE135448,Liver,MUC3869_LS16_LP_RNA_Seq,0.0031474649440497,False,False,,0.002898550724637681
GSM4010347,liver,GSE135448,train,source,GSE135448,Liver,MUC3870_LS19_LP_RNA_Seq,0.0024545665364712,False,False,,0.002898550724637681
GSM4010348,liver,GSE135448,train,source,GSE135448,Liver,MUC3871_LS21_LP_RNA_Seq,0.0020593472290784,False,True,random_2,0.002898550724637681
GSM4010349,liver,GSE135448,train,source,GSE135448,Liver,MUC3872_LS27_LP_RNA_Seq,0.0016384383197873,False,False,,0.002898550724637681
GSM4010350,liver,GSE135448,train,source,GSE135448,Liver,MUC3873_LS32_LP_RNA_Seq,0.0017585775349289,False,False,,0.002898550724637681
GSM4010351,liver,GSE135448,train,source,GSE135448,Liver,MUC3874_LS34_LP_RNA_Seq,0.0031807410996407,False,True,random_2,0.002898550724637681
GSM4114230,liver,GSE138611,train,source,GSE138611,Liver,"Extracted RNA from ductal organoids grown in ECM, replicate 1",0.4132102429866791,False,True,random_3,0.002898550724637681
GSM4114232,liver,GSE138611,train,source,GSE138611,Liver,"Extracted RNA from ductal organoids grown in ECM, replicate 3",0.2431220710277557,False,False,,0.002898550724637681
GSM4114233,liver,GSE138611,train,source,GSE138611,Liver,"Extracted RNA from ductal organoids grown in ECM, replicate 4",0.2472535818815231,False,False,,0.002898550724637681
GSM4114234,liver,GSE138611,train,source,GSE138611,Liver,"Extracted RNA from ductal organoids grown in BME, replicate 1",0.3175097405910492,False,True,random_1,0.002898550724637681
GSM4114235,liver,GSE138611,train,source,GSE138611,Liver,"Extracted RNA from ductal organoids grown in BME, replicate 2",0.361789345741272,False,True,random_2,0.002898550724637681
GSM4114237,liver,GSE138611,train,source,GSE138611,Liver,"Extracted RNA from ductal organoids grown in BME, replicate 4",0.3356874585151672,False,True,random_3,0.002898550724637681
GSM4114238,liver,GSE138611,train,source,GSE138611,Liver,"Extracted RNA from hepatocyte organoids grown in ECM, passage 29, replicate 1",0.4336167573928833,False,False,,0.002898550724637681
GSM4114239,liver,GSE138611,train,source,GSE138611,Liver,"Extracted RNA from hepatocyte organoids grown in ECM, passage 29, replicate 2",0.3122110068798065,False,False,,0.002898550724637681
GSM4114243,liver,GSE138611,train,source,GSE138611,Liver,"Extracted RNA from hepatocyte organoids grown in ECM, passage 18, replicate 2",0.3226608633995056,False,False,,0.002898550724637681
GSM4114244,liver,GSE138611,train,source,GSE138611,Liver,"Extracted RNA from hepatocyte organoids grown in BME, passage 29, replicate 1",0.3361970782279968,False,True,random_4,0.002898550724637681
GSM4114245,liver,GSE138611,train,source,GSE138611,Liver,"Extracted RNA from hepatocyte organoids grown in BME, passage 29, replicate 2",0.3865846395492553,False,False,,0.002898550724637681
GSM4114246,liver,GSE138611,train,source,GSE138611,Liver,"Extracted RNA from hepatocyte organoids grown in BME, passage 30, replicate 1",0.2201951742172241,False,False,,0.002898550724637681
GSM4114247,liver,GSE138611,train,source,GSE138611,Liver,"Extracted RNA from hepatocyte organoids grown in BME, passage 30, replicate 2",0.2248239368200302,False,True,random_0,0.002898550724637681
GSM4114248,liver,GSE138611,train,source,GSE138611,Liver,"Extracted RNA from hepatocyte organoids grown in BME, passage 18, replicate 1",0.3363466262817383,False,True,random_0,0.002898550724637681
GSM4114249,liver,GSE138611,train,source,GSE138611,Liver,"Extracted RNA from hepatocyte organoids grown in BME, passage 18, replicate 2",0.442779928445816,False,True,random_2,0.002898550724637681
GSM4287797,liver,GSE144414,train,source,GSE144414,Liver,RB 9,0.0284495316445827,False,False,,0.002898550724637681
GSM4287798,liver,GSE144414,train,source,GSE144414,Liver,RB 14,0.0231966786086559,False,False,,0.002898550724637681
GSM4287799,liver,GSE144414,train,source,GSE144414,Liver,RB 16,0.01985589787364,False,False,,0.002898550724637681
GSM4287800,liver,GSE144414,train,source,GSE144414,Liver,RB 17,0.0146036883816123,False,False,,0.002898550724637681
GSM4287801,liver,GSE144414,train,source,GSE144414,Liver,RB 18,0.0172250773757696,False,True,random_2,0.002898550724637681
GSM4287802,liver,GSE144414,train,source,GSE144414,Liver,RB 19,0.0180093739181756,False,True,random_4,0.002898550724637681
GSM4287803,liver,GSE144414,train,source,GSE144414,Liver,RB 20,0.018272653222084,False,False,,0.002898550724637681
GSM4287804,liver,GSE144414,train,source,GSE144414,Liver,RB 21,0.0194465089589357,False,False,,0.002898550724637681
GSM4287805,liver,GSE144414,train,source,GSE144414,Liver,RB 23,0.0266421027481555,False,False,,0.002898550724637681
GSM4287806,liver,GSE144414,train,source,GSE144414,Liver,RB 30,0.0174642316997051,False,False,,0.002898550724637681
GSM4287807,liver,GSE144414,train,source,GSE144414,Liver,RB 31,0.0218683630228042,False,False,,0.002898550724637681
GSM4287808,liver,GSE144414,train,source,GSE144414,Liver,RB 33,0.018638489767909,False,True,random_2,0.002898550724637681
GSM4287809,liver,GSE144414,train,source,GSE144414,Liver,RB 37,0.0240146927535533,False,False,,0.002898550724637681
GSM4287810,liver,GSE144414,train,source,GSE144414,Liver,RB 40,0.0210108496248722,False,True,random_3,0.002898550724637681
GSM4287811,liver,GSE144414,train,source,GSE144414,Liver,RB 41,0.0243018548935651,False,True,random_1,0.002898550724637681
GSM4287812,liver,GSE144414,train,source,GSE144414,Liver,RB 43,0.0198572240769863,False,False,,0.002898550724637681
GSM4287813,liver,GSE144414,train,source,GSE144414,Liver,RB 44,0.0300379954278469,False,False,,0.002898550724637681
GSM4287814,liver,GSE144414,train,source,GSE144414,Liver,RB 45,0.0217576958239078,False,True,random_0,0.002898550724637681
GSM4287815,liver,GSE144414,train,source,GSE144414,Liver,RB 51,0.020894443616271,False,True,random_1,0.002898550724637681
GSM4287816,liver,GSE144414,train,source,GSE144414,Liver,RB 52,0.0244094710797071,False,True,random_0,0.002898550724637681
GSM4506199,liver,GSE149631,train,source,GSE149631,Normal Liver,RNA from Normal Liver D4_1,0.2055393159389495,False,True,random_0,0.002898550724637681
GSM4506200,liver,GSE149631,train,source,GSE149631,Normal Liver,RNA from Normal Liver D4_2,0.0952747985720634,False,True,random_4,0.002898550724637681
GSM4506201,liver,GSE149631,train,source,GSE149631,Normal Liver,RNA from Normal Liver D4_3,0.1059454008936882,False,True,random_1,0.002898550724637681
GSM4506202,liver,GSE149631,train,source,GSE149631,Normal Liver,RNA from Normal Liver D4_4,0.2382214963436126,False,True,random_0,0.002898550724637681
GSM4506203,liver,GSE149631,train,source,GSE149631,Normal Liver,RNA from Normal Liver D4_5,0.207354724407196,False,True,random_4,0.002898550724637681
GSM4506204,liver,GSE149631,train,source,GSE149631,Normal Liver,RNA from Normal Liver D4_6,0.1524732261896133,False,True,random_2,0.002898550724637681
GSM4506205,liver,GSE149631,train,source,GSE149631,Normal Liver,RNA from Normal Liver D4_7,0.1497555375099182,False,False,,0.002898550724637681
GSM4506206,liver,GSE149631,train,source,GSE149631,Normal Liver,RNA from Normal Liver D4_8,0.159850925207138,False,True,random_1,0.002898550724637681
GSM4506207,liver,GSE149631,train,source,GSE149631,Normal Liver,RNA from Normal Liver D4_10,0.1385206878185272,False,True,random_3,0.002898550724637681
GSM4575754,liver,GSE151347,train,source,GSE151347,Normal liver,N175,0.0146848913282155,False,True,random_4,0.002898550724637681
GSM4575755,liver,GSE151347,train,source,GSE151347,Normal liver,N253,0.0175044927746057,False,True,random_4,0.002898550724637681
GSM4575756,liver,GSE151347,train,source,GSE151347,Normal liver,N254,0.0203543584793806,False,True,random_2,0.002898550724637681
GSM4575759,liver,GSE151347,train,source,GSE151347,Normal liver,N667,0.0206529200077056,False,True,random_0,0.002898550724637681
GSM4575760,liver,GSE151347,train,source,GSE151347,Normal liver,N734,0.0101171098649501,False,True,random_1,0.002898550724637681
GSM4575761,liver,GSE151347,train,source,GSE151347,Normal liver,N744,0.0187066886574029,False,True,random_0,0.002898550724637681
GSM4575762,liver,GSE151347,train,source,GSE151347,Normal liver,N843,0.0082937059924006,False,True,random_3,0.002898550724637681
GSM4575763,liver,GSE151347,train,source,GSE151347,Normal liver,N690,0.0160013660788536,False,True,random_2,0.002898550724637681
GSM4575764,liver,GSE151347,train,source,GSE151347,Normal liver,N794,0.0110748521983623,False,True,random_3,0.002898550724637681
GSM4587527,liver,GSE151648,train,source,GSE151648,Liver,102-Bx1,0.0077927974052727,False,False,,0.002898550724637681
GSM4587532,liver,GSE151648,train,source,GSE151648,Liver,105-Bx2,0.0087488144636154,False,False,,0.002898550724637681
GSM4587536,liver,GSE151648,train,source,GSE151648,Liver,107-Bx2,0.0090676071122288,False,False,,0.002898550724637681
GSM4587540,liver,GSE151648,train,source,GSE151648,Liver,109-Bx2,0.0105051435530185,False,False,,0.002898550724637681
GSM4587542,liver,GSE151648,train,source,GSE151648,Liver,111-Bx2,0.0072004501707851,False,False,,0.002898550724637681
GSM4587546,liver,GSE151648,train,source,GSE151648,Liver,113-Bx2,0.0071222172118723,False,True,random_1,0.002898550724637681
GSM4587548,liver,GSE151648,train,source,GSE151648,Liver,114-Bx2,0.0102934446185827,False,True,random_1,0.002898550724637681
GSM4587551,liver,GSE151648,train,source,GSE151648,Liver,116-Bx1,0.0083092395216226,False,True,random_0,0.002898550724637681
GSM4587559,liver,GSE151648,train,source,GSE151648,Liver,121-Bx1,0.00897628813982,False,True,random_2,0.002898550724637681
GSM4587560,liver,GSE151648,train,source,GSE151648,Liver,121-Bx2,0.0097501892596483,False,False,,0.002898550724637681
GSM4587564,liver,GSE151648,train,source,GSE151648,Liver,123-Bx2,0.0091521013528108,False,False,,0.002898550724637681
GSM4587567,liver,GSE151648,train,source,GSE151648,Liver,125-Bx1,0.0093607902526855,False,True,random_2,0.002898550724637681
GSM4587577,liver,GSE151648,train,source,GSE151648,Liver,82-Bx1,0.0112729836255311,False,False,,0.002898550724637681
GSM4587579,liver,GSE151648,train,source,GSE151648,Liver,85-Bx1,0.0131516205146908,False,False,,0.002898550724637681
GSM4587583,liver,GSE151648,train,source,GSE151648,Liver,87-Bx1,0.0110710384324193,False,True,random_3,0.002898550724637681
GSM4587589,liver,GSE151648,train,source,GSE151648,Liver,91-Bx1,0.0107240276411175,False,True,random_4,0.002898550724637681
GSM4587594,liver,GSE151648,train,source,GSE151648,Liver,93-Bx2,0.0172944795340299,False,False,,0.002898550724637681
GSM4587595,liver,GSE151648,train,source,GSE151648,Liver,94-Bx1,0.0051004006527364,False,False,,0.002898550724637681
GSM4587598,liver,GSE151648,train,source,GSE151648,Liver,95-Bx2,0.0088601624593138,False,True,random_4,0.002898550724637681
GSM4587604,liver,GSE151648,train,source,GSE151648,Liver,98-Bx2,0.0196217205375432,False,True,random_0,0.002898550724637681
GSM4715485,liver,GSE155907|GSE155926,train,source,GSE155907	GSE155926,liver,Control1,0.0056280824355781,False,True,random_2,0.002898550724637681
GSM4715486,liver,GSE155907|GSE155926,train,source,GSE155907	GSE155926,liver,Control2,0.0096314549446105,False,False,,0.002898550724637681
GSM4715487,liver,GSE155907|GSE155926,train,source,GSE155907	GSE155926,liver,Control3,0.0126037076115608,False,True,random_0,0.002898550724637681
GSM4715488,liver,GSE155907|GSE155926,train,source,GSE155907	GSE155926,liver,Control4,0.0156790409237146,False,True,random_4,0.002898550724637681
GSM4715489,liver,GSE155907|GSE155926,train,source,GSE155907	GSE155926,liver,AH1,0.0188611876219511,False,True,random_2,0.002898550724637681
GSM4715490,liver,GSE155907|GSE155926,train,source,GSE155907	GSE155926,liver,AH2,0.0085668191313743,False,True,random_1,0.002898550724637681
GSM4715491,liver,GSE155907|GSE155926,train,source,GSE155907	GSE155926,liver,AH3,0.012781367637217,False,True,random_3,0.002898550724637681
GSM4715492,liver,GSE155907|GSE155926,train,source,GSE155907	GSE155926,liver,AH4,0.0135557102039456,False,True,random_4,0.002898550724637681
GSM4715493,liver,GSE155907|GSE155926,train,source,GSE155907	GSE155926,liver,AH5,0.0211245659738779,False,True,random_3,0.002898550724637681
GSM5009041,liver,GSE164397,train,source,GSE164397,Liver tissue,CONTROL_CC-21,0.023803636431694,False,False,,0.002898550724637681
GSM5009042,liver,GSE164397,train,source,GSE164397,Liver tissue,CONTROL_CC-22,0.0180656109005212,False,True,random_4,0.002898550724637681
GSM5009045,liver,GSE164397,train,source,GSE164397,Liver tissue,IND-PALF_CC-4,0.0256632473319768,False,False,,0.002898550724637681
GSM5009047,liver,GSE164397,train,source,GSE164397,Liver tissue,IND-PALF_CC-6,0.0207486543804407,False,False,,0.002898550724637681
GSM5009048,liver,GSE164397,train,source,GSE164397,Liver tissue,IND-PALF_CC-7,0.0375833697617054,False,True,random_0,0.002898550724637681
GSM5009049,liver,GSE164397,train,source,GSE164397,Liver tissue,IND-PALF_CC-8,0.0243293121457099,False,False,,0.002898550724637681
GSM5009050,liver,GSE164397,train,source,GSE164397,Liver tissue,IND-PALF_CC-9,0.0093200476840138,False,False,,0.002898550724637681
GSM5009051,liver,GSE164397,train,source,GSE164397,Liver tissue,IND-PALF_CC-10,0.0540648102760314,False,True,random_0,0.002898550724637681
GSM5009052,liver,GSE164397,train,source,GSE164397,Liver tissue,IND-PALF_CC-11,0.0335392951965332,False,True,random_2,0.002898550724637681
GSM5009053,liver,GSE164397,train,source,GSE164397,Liver tissue,IND-PALF_CC-12,0.0285212211310863,False,True,random_3,0.002898550724637681
GSM5009054,liver,GSE164397,train,source,GSE164397,Liver tissue,IND-PALF_CC-13,0.0890369489789009,False,False,,0.002898550724637681
GSM5009055,liver,GSE164397,train,source,GSE164397,Liver tissue,IND-PALF_CC-14,0.0764628201723098,False,False,,0.002898550724637681
GSM5009056,liver,GSE164397,train,source,GSE164397,Liver tissue,IND-PALF_CC-15,0.0359003357589244,False,True,random_1,0.002898550724637681
GSM5009058,liver,GSE164397,train,source,GSE164397,Liver tissue,IND-PALF_CC25,0.0163736250251531,False,True,random_3,0.002898550724637681
GSM5009059,liver,GSE164397,train,source,GSE164397,Liver tissue,DX-PALF_CC-16,0.0166723486036062,False,False,,0.002898550724637681
GSM5009060,liver,GSE164397,train,source,GSE164397,Liver tissue,DX-PALF_CC-17,0.1384017467498779,False,False,,0.002898550724637681
GSM5009061,liver,GSE164397,train,source,GSE164397,Liver tissue,DX-PALF_CC-18,0.0098469266667962,False,True,random_1,0.002898550724637681
GSM5009062,liver,GSE164397,train,source,GSE164397,Liver tissue,DX-PALF_CC-19,0.0119546027854084,False,False,,0.002898550724637681
GSM5009063,liver,GSE164397,train,source,GSE164397,Liver tissue,DX-PALF_CC-20,0.0110963676124811,False,False,,0.002898550724637681
GSM5009064,liver,GSE164397,train,source,GSE164397,Liver tissue,DX-PALF_CC-23,0.0176550168544054,False,False,,0.002898550724637681
GSM5022034,liver,GSE164876|GSE164942,train,source,GSE164876	GSE164942,liver tissue,liverTissue_RNA-seq_sample_SJLB348,0.0070804716087877,False,True,random_1,0.002898550724637681
GSM5022035,liver,GSE164876|GSE164942,train,source,GSE164876	GSE164942,liver tissue,liverTissue_RNA-seq_sample_SJLB365,0.0175685565918684,False,False,,0.002898550724637681
GSM5022037,liver,GSE164876|GSE164942,train,source,GSE164876	GSE164942,liver tissue,liverTissue_RNA-seq_sample_SJLB459,0.0179914310574531,False,False,,0.002898550724637681
GSM5022043,liver,GSE164876|GSE164942,train,source,GSE164876	GSE164942,liver tissue,liverTissue_RNA-seq_sample_SJLB683,0.0070690317079424,False,False,,0.002898550724637681
GSM5022044,liver,GSE164876|GSE164942,train,source,GSE164876	GSE164942,liver tissue,liverTissue_RNA-seq_sample_SJLB684,0.0060027502477169,False,True,random_3,0.002898550724637681
GSM5022045,liver,GSE164876|GSE164942,train,source,GSE164876	GSE164942,liver tissue,liverTissue_RNA-seq_sample_SJLB713,0.0147746847942471,False,True,random_4,0.002898550724637681
GSM5022047,liver,GSE164876|GSE164942,train,source,GSE164876	GSE164942,liver tissue,liverTissue_RNA-seq_sample_SJLB753,0.0196769945323467,False,True,random_2,0.002898550724637681
GSM5022048,liver,GSE164876|GSE164942,train,source,GSE164876	GSE164942,liver tissue,liverTissue_RNA-seq_sample_SJLB767,0.0095691569149494,False,False,,0.002898550724637681
GSM5022049,liver,GSE164876|GSE164942,train,source,GSE164876	GSE164942,liver tissue,liverTissue_RNA-seq_sample_SJLB786,0.0195216927677392,False,True,random_2,0.002898550724637681
GSM5022050,liver,GSE164876|GSE164942,train,source,GSE164876	GSE164942,liver tissue,liverTissue_RNA-seq_sample_SJLB793,0.0050813341513276,False,True,random_3,0.002898550724637681
GSM5022051,liver,GSE164876|GSE164942,train,source,GSE164876	GSE164942,liver tissue,liverTissue_RNA-seq_sample_SJLB794,0.0132204201072454,False,True,random_0,0.002898550724637681
GSM5022053,liver,GSE164876|GSE164942,train,source,GSE164876	GSE164942,liver tissue,liverTissue_RNA-seq_sample_SJLB797,0.0114052053540945,False,True,random_1,0.002898550724637681
GSM5213184,liver,GSE169737,train,source,GSE169737,liver,T35,0.0156847815960645,False,True,random_2,0.002898550724637681
GSM5330876,liver,GSE175102,train,source,GSE175102,"Homo sapiens female child (16 years) right lobe of liver tissue, preserved by flash-freezing",total RNA-seq from right lobe of liver (ENCLB100JUC),0.0154053261503577,False,True,random_4,0.002898550724637681
GSM5331082,liver,GSE175205,train,source,GSE175205,"Homo sapiens male adult (45 years) left lobe of liver tissue, preserved by flash-freezing",total RNA-seq from left lobe of liver (ENCLB341GAW),0.0164972972124815,False,True,random_3,0.002898550724637681
GSM5467387,liver,GSE180664|GSE180666,train,source,GSE180664	GSE180666,Background Liver,UDI0033=17B,0.0467926710844039,False,True,random_1,0.002898550724637681
GSM5467395,liver,GSE180664|GSE180666,train,source,GSE180664	GSE180666,Background liver,UDI0041=18B,0.0497845113277435,False,True,random_0,0.002898550724637681
GSM1960355,liver,GSE75606,train,source,GSE75606,liver,Human Adult Liver 1,0.0484065413475036,False,True,random_1,0.002898550724637681
GSM1960356,liver,GSE75606,train,source,GSE75606,liver,Human Adult Liver 2,0.0335675925016403,False,True,random_3,0.002898550724637681
GSM1960357,liver,GSE75606,train,source,GSE75606,liver,Human Adult Liver 3,0.031538750976324,False,True,random_0,0.002898550724637681
GSM2042242,liver,GSE76998,train,source,GSE76998,fetal liver,Truseq Fetal Liver 17,0.0710179358720779,False,True,random_0,0.002898550724637681
GSM2042243,liver,GSE76998,train,source,GSE76998,fetal liver,Truseq Fetal Liver 18,0.0753213539719581,False,True,random_1,0.002898550724637681
GSM2049237,liver,GSE77323,train,source,GSE77323,Liver,p62f/f mice Cre negative - WT 1,0.1354174166917801,False,True,random_4,0.002898550724637681
GSM2049238,liver,GSE77323,train,source,GSE77323,Liver,p62f/f mice Cre negative - WT 2,0.1105402708053588,False,True,random_3,0.002898550724637681
GSM2049239,liver,GSE77323,train,source,GSE77323,Liver,p62f/f mice Cre negative - WT 3,0.1183925196528434,False,True,random_2,0.002898550724637681
GSM2049240,liver,GSE77323,train,source,GSE77323,Liver,p62f/f mice AlbCre positive - Specific deletion of p62 in hepatocytes 1,0.1257612407207489,False,True,random_1,0.002898550724637681
GSM2049241,liver,GSE77323,train,source,GSE77323,Liver,p62f/f mice AlbCre positive - Specific deletion of p62 in hepatocytes 2,0.1600770801305771,False,True,random_1,0.002898550724637681
GSM2049242,liver,GSE77323,train,source,GSE77323,Liver,p62f/f mice AlbCre positive - Specific deletion of p62 in hepatocytes 3,0.1977873295545578,False,True,random_0,0.002898550724637681
GSM2071276,liver,GSE78296,train,source,GSE78296,Homo sapiens liver tissue female fetal (20 weeks),small RNA-seq from liver (ENCLB227ZZZ),0.1334139853715896,False,True,random_4,0.002898550724637681
GSM2072386,liver,GSE78569,train,source,GSE78569,Homo sapiens liver tissue female fetal (20 weeks),total RNA-seq from liver (ENCLB187ZZZ),0.1063107550144195,False,True,random_2,0.002898550724637681
GSM2072387,liver,GSE78569,train,source,GSE78569,Homo sapiens liver tissue male fetal (22 weeks),total RNA-seq from liver (ENCLB188ZZZ),0.096681423485279,False,True,random_3,0.002898550724637681
GSM2075766,liver,GSE78760,train,source,GSE78760,Liver,WT-1,0.1341070085763931,False,True,random_0,0.002898550724637681
GSM2075767,liver,GSE78760,train,source,GSE78760,Liver,WT-2,0.1299731433391571,False,True,random_2,0.002898550724637681
GSM2075768,liver,GSE78760,train,source,GSE78760,Liver,WT-3,0.1281431168317794,False,True,random_4,0.002898550724637681
GSM2075769,liver,GSE78760,train,source,GSE78760,Liver,p62KO-1,0.1301581412553787,False,True,random_3,0.002898550724637681
GSM2075770,liver,GSE78760,train,source,GSE78760,Liver,p62KO-2,0.1213992163538932,False,True,random_4,0.002898550724637681
GSM2075771,liver,GSE78760,train,source,GSE78760,Liver,p62KO-3,0.1354333460330963,False,True,random_1,0.002898550724637681
GSM2143140,liver,GSE81115,train,source,GSE81115,liver,GF1,0.1187838464975357,False,False,,0.002898550724637681
GSM2143141,liver,GSE81115,train,source,GSE81115,liver,GF2,0.1419939696788787,False,True,random_0,0.002898550724637681
GSM2143142,liver,GSE81115,train,source,GSE81115,liver,GF3,0.1373162418603897,False,True,random_2,0.002898550724637681
GSM2143143,liver,GSE81115,train,source,GSE81115,liver,GF+SCFA1,0.1377642452716827,False,True,random_4,0.002898550724637681
GSM2143144,liver,GSE81115,train,source,GSE81115,liver,GF+SCFA2,0.1414963603019714,False,True,random_4,0.002898550724637681
GSM2143145,liver,GSE81115,train,source,GSE81115,liver,GF+SCFA3,0.1279226541519165,False,True,random_0,0.002898550724637681
GSM2143146,liver,GSE81115,train,source,GSE81115,liver,ConvD1,0.1219142079353332,False,True,random_3,0.002898550724637681
GSM2143147,liver,GSE81115,train,source,GSE81115,liver,ConvD2,0.1323028653860092,False,True,random_3,0.002898550724637681
GSM2143148,liver,GSE81115,train,source,GSE81115,liver,ConvD3,0.1349596530199051,False,True,random_1,0.002898550724637681
GSM2143152,liver,GSE81117,train,source,GSE81117,liver,GF1_chow,0.173717126250267,False,False,,0.002898550724637681
GSM2143153,liver,GSE81117,train,source,GSE81117,liver,GF2_chow,0.1202080994844436,False,False,,0.002898550724637681
GSM2143154,liver,GSE81117,train,source,GSE81117,liver,GF3_chow,0.1365828067064285,False,True,random_1,0.002898550724637681
GSM2143155,liver,GSE81117,train,source,GSE81117,liver,ConvR1_chow,0.1292402148246765,False,False,,0.002898550724637681
GSM2143156,liver,GSE81117,train,source,GSE81117,liver,ConvR2_chow,0.1749340146780014,False,True,random_2,0.002898550724637681
GSM2143157,liver,GSE81117,train,source,GSE81117,liver,ConvR3_chow,0.1178906112909317,False,True,random_4,0.002898550724637681
GSM2143158,liver,GSE81117,train,source,GSE81117,liver,ConvD1_chow,0.1033223196864128,False,False,,0.002898550724637681
GSM2143159,liver,GSE81117,train,source,GSE81117,liver,ConvD2_chow,0.1490542888641357,False,True,random_0,0.002898550724637681
GSM2143160,liver,GSE81117,train,source,GSE81117,liver,ConvD3_chow,0.1232110559940338,False,False,,0.002898550724637681
GSM2143161,liver,GSE81117,train,source,GSE81117,liver,GF1_HFHS,0.1205475181341171,False,False,,0.002898550724637681
GSM2143162,liver,GSE81117,train,source,GSE81117,liver,GF2_HFHS,0.1179045364260673,False,True,random_2,0.002898550724637681
GSM2143163,liver,GSE81117,train,source,GSE81117,liver,GF3_HFHS,0.1014887243509292,False,True,random_3,0.002898550724637681
GSM2143164,liver,GSE81117,train,source,GSE81117,liver,ConvR1_HFHS,0.1205032467842102,False,True,random_0,0.002898550724637681
GSM2143165,liver,GSE81117,train,source,GSE81117,liver,ConvR2_HFHS,0.1151053681969642,False,False,,0.002898550724637681
GSM2143166,liver,GSE81117,train,source,GSE81117,liver,ConvR3_HFHS,0.0968301072716713,False,True,random_3,0.002898550724637681
GSM2224921,liver,GSE83990,train,source,GSE83990,Unfixed Fresh Frozen Human Liver,LM1-WL,0.2095629870891571,False,True,random_4,0.002898550724637681
GSM2224922,liver,GSE83990,train,source,GSE83990,Unfixed Fresh Frozen Human Liver,LM1-Z1,0.2116715162992477,False,True,random_3,0.002898550724637681
GSM2224923,liver,GSE83990,train,source,GSE83990,Unfixed Fresh Frozen Human Liver,LM1-Z2,0.1973950117826461,False,True,random_1,0.002898550724637681
GSM2224924,liver,GSE83990,train,source,GSE83990,Unfixed Fresh Frozen Human Liver,LM1-Z3,0.1946888864040374,False,False,,0.002898550724637681
GSM2224925,liver,GSE83990,train,source,GSE83990,Unfixed Fresh Frozen Human Liver,LM2-WL,0.2158314734697342,False,True,random_4,0.002898550724637681
GSM2224926,liver,GSE83990,train,source,GSE83990,Unfixed Fresh Frozen Human Liver,LM2-Z1,0.234998807311058,False,True,random_2,0.002898550724637681
GSM2224927,liver,GSE83990,train,source,GSE83990,Unfixed Fresh Frozen Human Liver,LM2-Z2,0.1737125962972641,False,False,,0.002898550724637681
GSM2224928,liver,GSE83990,train,source,GSE83990,Unfixed Fresh Frozen Human Liver,LM2-Z3,0.196545124053955,False,True,random_2,0.002898550724637681
GSM2224929,liver,GSE83990,train,source,GSE83990,Unfixed Fresh Frozen Human Liver,LM3-WL,0.2032744884490966,False,True,random_1,0.002898550724637681
GSM2224930,liver,GSE83990,train,source,GSE83990,Unfixed Fresh Frozen Human Liver,LM3-Z1,0.206923097372055,False,True,random_0,0.002898550724637681
GSM2224931,liver,GSE83990,train,source,GSE83990,Unfixed Fresh Frozen Human Liver,LM3-Z2,0.2167530804872512,False,False,,0.002898550724637681
GSM2224932,liver,GSE83990,train,source,GSE83990,Unfixed Fresh Frozen Human Liver,LM3-Z3,0.2308117151260376,False,False,,0.002898550724637681
GSM2289986,liver,GSE85929,train,source,GSE85929,Mouse liver,RNAseq HDAC3 floxed GFP Rep1,0.1957474946975708,False,False,,0.002898550724637681
GSM2289987,liver,GSE85929,train,source,GSE85929,Mouse liver,RNAseq HDAC3 floxed GFP Rep2,0.1776369661092758,False,False,,0.002898550724637681
GSM2289988,liver,GSE85929,train,source,GSE85929,Mouse liver,RNAseq SCAP floxed GFP Rep3,0.1879689395427703,False,True,random_1,0.002898550724637681
GSM2289989,liver,GSE85929,train,source,GSE85929,Mouse liver,RNAseq SCAP floxed GFP Rep4,0.1853048950433731,False,False,,0.002898550724637681
GSM2289990,liver,GSE85929,train,source,GSE85929,Mouse liver,RNAseq Double floxed GFP Rep5,0.1783779114484787,False,True,random_3,0.002898550724637681
GSM2289991,liver,GSE85929,train,source,GSE85929,Mouse liver,RNAseq Double floxed GFP Rep6,0.2052900791168213,False,True,random_2,0.002898550724637681
GSM2289992,liver,GSE85929,train,source,GSE85929,Mouse liver,RNAseq HDAC3 LKO Rep1,0.1449679434299469,False,True,random_4,0.002898550724637681
GSM2289993,liver,GSE85929,train,source,GSE85929,Mouse liver,RNAseq HDAC3 LKO Rep2,0.1469920128583908,False,True,random_2,0.002898550724637681
GSM2289994,liver,GSE85929,train,source,GSE85929,Mouse liver,RNAseq HDAC3 LKO Rep3,0.1699201166629791,False,False,,0.002898550724637681
GSM2289995,liver,GSE85929,train,source,GSE85929,Mouse liver,RNAseq HDAC3 LKO Rep4,0.1747031658887863,False,False,,0.002898550724637681
GSM2289996,liver,GSE85929,train,source,GSE85929,Mouse liver,RNAseq SCAP LKO Rep1,0.331432580947876,False,False,,0.002898550724637681
GSM2289997,liver,GSE85929,train,source,GSE85929,Mouse liver,RNAseq SCAP LKO Rep2,0.2253524959087371,False,False,,0.002898550724637681
GSM2289998,liver,GSE85929,train,source,GSE85929,Mouse liver,RNAseq SCAP LKO Rep3,0.1720756441354751,False,False,,0.002898550724637681
GSM2289999,liver,GSE85929,train,source,GSE85929,Mouse liver,RNAseq SCAP LKO Rep4,0.1803448647260666,False,True,random_0,0.002898550724637681
GSM2290000,liver,GSE85929,train,source,GSE85929,Mouse liver,RNAseq Double LKO Rep1,0.2199396938085556,False,True,random_4,0.002898550724637681
GSM2290001,liver,GSE85929,train,source,GSE85929,Mouse liver,RNAseq Double LKO Rep2,0.2030867040157318,False,True,random_3,0.002898550724637681
GSM2290002,liver,GSE85929,train,source,GSE85929,Mouse liver,RNAseq Double LKO Rep3,0.1589406281709671,False,False,,0.002898550724637681
GSM2343447,liver,GSE88121,train,source,GSE88121,Homo sapiens right lobe of liver tissue female adult (53 years),total RNA-seq from right lobe of liver (ENCLB139JXN),0.0515971593558788,False,True,random_0,0.002898550724637681
GSM2343776,liver,GSE88318,train,source,GSE88318,Homo sapiens right lobe of liver tissue female adult (53 years),total RNA-seq from right lobe of liver (ENCLB381PQE),0.0689685493707656,False,True,random_2,0.002898550724637681
GSM2343960,liver,GSE88424,train,source,GSE88424,Homo sapiens right lobe of liver tissue female adult (53 years),small RNA-seq from right lobe of liver (ENCLB238JDJ),0.0573799423873424,False,True,random_1,0.002898550724637681
GSM2388498,liver,GSE89775,train,source,GSE89775,Normal liver,769_NC_S1,0.0683947801589965,False,True,random_3,0.002898550724637681
GSM2388499,liver,GSE89775,train,source,GSE89775,Normal liver,785_NC_S2,0.043610043823719,False,True,random_1,0.002898550724637681
GSM2388500,liver,GSE89775,train,source,GSE89775,Normal liver,791_NC_S3,0.0392844676971435,False,True,random_1,0.002898550724637681
GSM2388501,liver,GSE89775,train,source,GSE89775,Hepatoblastoma liver,Sample_RNAseq_FT10,0.0426101125776767,False,False,,0.002898550724637681
GSM2388502,liver,GSE89775,train,source,GSE89775,Hepatoblastoma liver,Sample_RNAseq_FT11,0.2040466517210006,False,True,random_0,0.002898550724637681
GSM2388503,liver,GSE89775,train,source,GSE89775,Hepatoblastoma liver,Sample_RNAseq_FT12,0.0355690605938434,False,True,random_4,0.002898550724637681
GSM2388504,liver,GSE89775,train,source,GSE89775,Hepatoblastoma liver,Sample_RNAseq_FT13,0.0315596647560596,False,False,,0.002898550724637681
GSM2388505,liver,GSE89775,train,source,GSE89775,Hepatoblastoma liver,Sample_RNAseq_FT14,0.0305238515138626,False,False,,0.002898550724637681
GSM2388506,liver,GSE89775,train,source,GSE89775,Hepatoblastoma liver,Sample_RNAseq_FT15,0.0410500690340995,False,True,random_0,0.002898550724637681
GSM2388507,liver,GSE89775,train,source,GSE89775,Hepatoblastoma liver,Sample_RNAseq_FT6,0.0245738849043846,False,True,random_3,0.002898550724637681
GSM2388508,liver,GSE89775,train,source,GSE89775,Hepatoblastoma liver,Sample_RNAseq_FT7,0.090686023235321,False,True,random_4,0.002898550724637681
GSM2388509,liver,GSE89775,train,source,GSE89775,Hepatoblastoma liver,Sample_RNAseq_FT8,0.0506260879337787,False,True,random_2,0.002898550724637681
GSM2388510,liver,GSE89775,train,source,GSE89775,Hepatoblastoma liver,Sample_RNAseq_FT9,0.0231957957148551,False,False,,0.002898550724637681
GSM2480437,liver,GSE94660,train,source,GSE94660,Non-neoplastic liver tissue,Non-neoplastic liver tissue of P105,0.0042248251847922,False,True,random_0,0.002898550724637681
GSM2480439,liver,GSE94660,train,source,GSE94660,Non-neoplastic liver tissue,Non-neoplastic liver tissue of P106,0.0063690687529742,False,True,random_4,0.002898550724637681
GSM2480441,liver,GSE94660,train,source,GSE94660,Non-neoplastic liver tissue,Non-neoplastic liver tissue of P112,0.0031954725272953,False,True,random_2,0.002898550724637681
GSM2480443,liver,GSE94660,train,source,GSE94660,Non-neoplastic liver tissue,Non-neoplastic liver tissue of P131,0.0050594178028404,False,False,,0.002898550724637681
GSM2480445,liver,GSE94660,train,source,GSE94660,Non-neoplastic liver tissue,Non-neoplastic liver tissue of P138,0.0040339990518987,False,False,,0.002898550724637681
GSM2480447,liver,GSE94660,train,source,GSE94660,Non-neoplastic liver tissue,Non-neoplastic liver tissue of P140,0.0050069945864379,False,False,,0.002898550724637681
GSM2480449,liver,GSE94660,train,source,GSE94660,Non-neoplastic liver tissue,Non-neoplastic liver tissue of P152,0.0054245721548795,False,False,,0.002898550724637681
GSM2480451,liver,GSE94660,train,source,GSE94660,Non-neoplastic liver tissue,Non-neoplastic liver tissue of P157,0.0058234040625393,False,False,,0.002898550724637681
GSM2480453,liver,GSE94660,train,source,GSE94660,Non-neoplastic liver tissue,Non-neoplastic liver tissue of P158,0.0049740397371351,False,True,random_1,0.002898550724637681
GSM2480455,liver,GSE94660,train,source,GSE94660,Non-neoplastic liver tissue,Non-neoplastic liver tissue of P161,0.0040362467989325,False,False,,0.002898550724637681
GSM2480457,liver,GSE94660,train,source,GSE94660,Non-neoplastic liver tissue,Non-neoplastic liver tissue of P16,0.0054288669489324,False,False,,0.002898550724637681
GSM2480459,liver,GSE94660,train,source,GSE94660,Non-neoplastic liver tissue,Non-neoplastic liver tissue of P170,0.0072386232204735,False,True,random_3,0.002898550724637681
GSM2480461,liver,GSE94660,train,source,GSE94660,Non-neoplastic liver tissue,Non-neoplastic liver tissue of P171,0.0040371702052652,False,True,random_1,0.002898550724637681
GSM2480465,liver,GSE94660,train,source,GSE94660,Non-neoplastic liver tissue,Non-neoplastic liver tissue of P179,0.0048844874836504,False,True,random_0,0.002898550724637681
GSM2480467,liver,GSE94660,train,source,GSE94660,Non-neoplastic liver tissue,Non-neoplastic liver tissue of P49,0.0047770324163138,False,False,,0.002898550724637681
GSM2480469,liver,GSE94660,train,source,GSE94660,Non-neoplastic liver tissue,Non-neoplastic liver tissue of P62,0.0046772840432822,False,True,random_4,0.002898550724637681
GSM2480471,liver,GSE94660,train,source,GSE94660,Non-neoplastic liver tissue,Non-neoplastic liver tissue of P6,0.0062438314780592,False,False,,0.002898550724637681
GSM2480473,liver,GSE94660,train,source,GSE94660,Non-neoplastic liver tissue,Non-neoplastic liver tissue of P75,0.0051879864186048,False,False,,0.002898550724637681
GSM2480475,liver,GSE94660,train,source,GSE94660,Non-neoplastic liver tissue,Non-neoplastic liver tissue of P94,0.0038778139278292,False,False,,0.002898550724637681
GSM2480477,liver,GSE94660,train,source,GSE94660,Non-neoplastic liver tissue,Non-neoplastic liver tissue of P99,0.0048062945716083,False,False,,0.002898550724637681
GSM3406050,lung,GSE120622,train,source,GSE120622,adjacent lung,N160,0.0664623156189918,False,True,random_4,0.004149377593360996
GSM3406051,lung,GSE120622,train,source,GSE120622,adjacent lung,N467,0.0554427802562713,False,True,random_1,0.004149377593360996
GSM3406052,lung,GSE120622,train,source,GSE120622,adjacent lung,N504,0.0521667450666427,False,False,,0.004149377593360996
GSM3406053,lung,GSE120622,train,source,GSE120622,adjacent lung,N519,0.0642827525734901,False,True,random_4,0.004149377593360996
GSM3406054,lung,GSE120622,train,source,GSE120622,adjacent lung,N520,0.0415073446929454,False,True,random_2,0.004149377593360996
GSM3406055,lung,GSE120622,train,source,GSE120622,adjacent lung,N527,0.0635644420981407,False,True,random_3,0.004149377593360996
GSM3406056,lung,GSE120622,train,source,GSE120622,adjacent lung,N534,0.0387344248592853,False,False,,0.004149377593360996
GSM3406057,lung,GSE120622,train,source,GSE120622,adjacent lung,N538,0.0461883209645748,False,True,random_0,0.004149377593360996
GSM3406058,lung,GSE120622,train,source,GSE120622,adjacent lung,N573,0.0691312700510025,False,True,random_2,0.004149377593360996
GSM3406059,lung,GSE120622,train,source,GSE120622,adjacent lung,N580,0.0763907730579376,False,False,,0.004149377593360996
GSM3406060,lung,GSE120622,train,source,GSE120622,adjacent lung,N581,0.048066396266222,False,True,random_0,0.004149377593360996
GSM3406061,lung,GSE120622,train,source,GSE120622,adjacent lung,N471,0.0940862894058227,False,True,random_1,0.004149377593360996
GSM3406062,lung,GSE120622,train,source,GSE120622,adjacent lung,N494,0.0501928180456161,False,True,random_1,0.004149377593360996
GSM3406063,lung,GSE120622,train,source,GSE120622,adjacent lung,N515,0.0572401732206344,False,True,random_4,0.004149377593360996
GSM3406064,lung,GSE120622,train,source,GSE120622,adjacent lung,N531,0.0523944608867168,False,True,random_2,0.004149377593360996
GSM3406065,lung,GSE120622,train,source,GSE120622,adjacent lung,N532,0.0441456735134124,False,True,random_3,0.004149377593360996
GSM3406066,lung,GSE120622,train,source,GSE120622,adjacent lung,N536,0.0504969991743564,False,True,random_3,0.004149377593360996
GSM3406067,lung,GSE120622,train,source,GSE120622,adjacent lung,N575,0.0685878172516822,False,True,random_0,0.004149377593360996
GSM3406068,lung,GSE120622,train,source,GSE120622,adjacent lung,N619,0.0438746064901351,False,False,,0.004149377593360996
GSM3428301,lung,GSE121238,train,source,GSE121238,lung,10.3 weeks_1,0.0468342155218124,False,True,random_0,0.004149377593360996
GSM3428302,lung,GSE121238,train,source,GSE121238,lung,10.3 weeks_2,0.0527436807751655,False,True,random_3,0.004149377593360996
GSM3428303,lung,GSE121238,train,source,GSE121238,lung,10.3 weeks_3,0.0529435388743877,False,True,random_2,0.004149377593360996
GSM3428304,lung,GSE121238,train,source,GSE121238,lung,14.5 weeks_1,0.0344581007957458,False,True,random_4,0.004149377593360996
GSM3428305,lung,GSE121238,train,source,GSE121238,lung,14.5 weeks_2,0.0306968949735164,False,True,random_3,0.004149377593360996
GSM3428306,lung,GSE121238,train,source,GSE121238,lung,14.4 weeks_3,0.0395053960382938,False,True,random_1,0.004149377593360996
GSM3428307,lung,GSE121238,train,source,GSE121238,lung,20.4 weeks_1,0.0174702517688274,False,True,random_1,0.004149377593360996
GSM3428308,lung,GSE121238,train,source,GSE121238,lung,20.5 weeks_2,0.0204692799597978,False,True,random_4,0.004149377593360996
GSM3428309,lung,GSE121238,train,source,GSE121238,lung,20.5 weeks_3,0.0227599143981933,False,True,random_2,0.004149377593360996
GSM3984802,lung,GSE135069,train,source,GSE135069,lung,Hu_40.1_H3N2,0.0107353869825601,False,True,random_4,0.004149377593360996
GSM3984803,lung,GSE135069,train,source,GSE135069,lung,Hu_40.1_Mock,0.0155895687639713,False,True,random_1,0.004149377593360996
GSM3984804,lung,GSE135069,train,source,GSE135069,lung,Hu_41_H3N2,0.0121713187545537,False,True,random_3,0.004149377593360996
GSM3984805,lung,GSE135069,train,source,GSE135069,lung,Hu_41_Mock,0.0123275043442845,False,True,random_0,0.004149377593360996
GSM3984806,lung,GSE135069,train,source,GSE135069,lung,Hu_44_H3N2,0.0184721890836954,False,True,random_0,0.004149377593360996
GSM3984807,lung,GSE135069,train,source,GSE135069,lung,Hu_44_Mock,0.0163099225610494,False,True,random_2,0.004149377593360996
GSM3984808,lung,GSE135069,train,source,GSE135069,lung,Hu_53_H3N2,0.0215991828590631,False,True,random_3,0.004149377593360996
GSM3984809,lung,GSE135069,train,source,GSE135069,lung,Hu_53_Mock,0.0291656702756881,False,True,random_1,0.004149377593360996
GSM3984810,lung,GSE135069,train,source,GSE135069,lung,Hu_58_H3N2,0.0138782365247607,False,True,random_4,0.004149377593360996
GSM3984811,lung,GSE135069,train,source,GSE135069,lung,Hu_58_Mock,0.0165571849793195,False,True,random_2,0.004149377593360996
GSM4051167,lung,GSE136534,train,source,GSE136534,isolated from IPF lung tissue,292_DMSO,0.0190169308334589,False,True,random_0,0.004149377593360996
GSM4051168,lung,GSE136534,train,source,GSE136534,isolated from IPF lung tissue,292_TGFB,0.0150130363181233,False,True,random_2,0.004149377593360996
GSM4051169,lung,GSE136534,train,source,GSE136534,isolated from IPF lung tissue,292_SB939,0.0136679019778966,False,True,random_3,0.004149377593360996
GSM4051170,lung,GSE136534,train,source,GSE136534,isolated from IPF lung tissue,292_TGFB__plus__SB939,0.0198353473097085,False,True,random_1,0.004149377593360996
GSM4051171,lung,GSE136534,train,source,GSE136534,isolated from IPF lung tissue,293_DMSO,0.0181018561124801,False,True,random_3,0.004149377593360996
GSM4051172,lung,GSE136534,train,source,GSE136534,isolated from IPF lung tissue,293_TGFB,0.0144570562988519,False,True,random_4,0.004149377593360996
GSM4051173,lung,GSE136534,train,source,GSE136534,isolated from IPF lung tissue,293_SB939,0.0185305532068014,False,True,random_2,0.004149377593360996
GSM4051174,lung,GSE136534,train,source,GSE136534,isolated from IPF lung tissue,293_TGFB__plus__SB939,0.0211711693555116,False,True,random_2,0.004149377593360996
GSM4051175,lung,GSE136534,train,source,GSE136534,isolated from IPF lung tissue,329_DMSO,0.0180164389312267,False,True,random_4,0.004149377593360996
GSM4051176,lung,GSE136534,train,source,GSE136534,isolated from IPF lung tissue,329_TGFB,0.0223749708384275,False,True,random_1,0.004149377593360996
GSM4051177,lung,GSE136534,train,source,GSE136534,isolated from IPF lung tissue,329_SB939,0.0210580937564373,False,True,random_1,0.004149377593360996
GSM4051178,lung,GSE136534,train,source,GSE136534,isolated from IPF lung tissue,329_TGFB__plus__SB939,0.0153983812779188,False,True,random_0,0.004149377593360996
GSM4103232,lung,GSE138239,train,source,GSE138239,Lung tissue,2005,0.0110722426325082,False,True,random_0,0.004149377593360996
GSM4103233,lung,GSE138239,train,source,GSE138239,Lung tissue,2019,0.0038724350742995,False,True,random_3,0.004149377593360996
GSM4103234,lung,GSE138239,train,source,GSE138239,Lung tissue,2024,0.0058010462671518,False,True,random_1,0.004149377593360996
GSM4103235,lung,GSE138239,train,source,GSE138239,Lung tissue,2025,0.0071298037655651,False,True,random_0,0.004149377593360996
GSM4103236,lung,GSE138239,train,source,GSE138239,Lung tissue,2032,0.0157027244567871,False,True,random_0,0.004149377593360996
GSM4103237,lung,GSE138239,train,source,GSE138239,Lung tissue,2041,0.009074430912733,False,True,random_1,0.004149377593360996
GSM4103238,lung,GSE138239,train,source,GSE138239,Lung tissue,2042,0.0077765807509422,False,True,random_3,0.004149377593360996
GSM4103239,lung,GSE138239,train,source,GSE138239,Lung tissue,2044,0.0032847039401531,False,True,random_4,0.004149377593360996
GSM4103240,lung,GSE138239,train,source,GSE138239,Lung tissue,2048,0.0039596995338797,False,True,random_4,0.004149377593360996
GSM4103241,lung,GSE138239,train,source,GSE138239,Lung tissue,2049,0.0036941729485988,False,True,random_3,0.004149377593360996
GSM4103242,lung,GSE138239,train,source,GSE138239,Lung tissue,2051,0.0043710554018616,False,True,random_2,0.004149377593360996
GSM4103243,lung,GSE138239,train,source,GSE138239,Lung tissue,3013,0.0048714415170252,False,True,random_2,0.004149377593360996
GSM4103244,lung,GSE138239,train,source,GSE138239,Lung tissue,3014,0.0043177492916584,False,True,random_4,0.004149377593360996
GSM4103245,lung,GSE138239,train,source,GSE138239,Lung tissue,3017,0.0040405415929853,False,True,random_2,0.004149377593360996
GSM4103246,lung,GSE138239,train,source,GSE138239,Lung tissue,3018,0.0088326670229434,False,True,random_1,0.004149377593360996
GSM4385401,lung,GSE146436,train,source,GSE146436,Lung tissue,EV2015-006 Baseline,0.0473603308200836,False,True,random_4,0.004149377593360996
GSM4385402,lung,GSE146436,train,source,GSE146436,Lung tissue,EV2015-007 Baseline,0.0233658291399478,False,True,random_0,0.004149377593360996
GSM4385404,lung,GSE146436,train,source,GSE146436,Lung tissue,EV_12_11_13 Baseline,0.0414422750473022,False,True,random_3,0.004149377593360996
GSM4385405,lung,GSE146436,train,source,GSE146436,Lung tissue,EV_2015-005 Baseline,0.0511848405003547,False,True,random_4,0.004149377593360996
GSM4385406,lung,GSE146436,train,source,GSE146436,Lung tissue,EV2016-009 Baseline,0.0418110825121402,False,True,random_4,0.004149377593360996
GSM4385415,lung,GSE146436,train,source,GSE146436,Lung tissue,EV2015-007 Final,0.0319444872438907,False,True,random_1,0.004149377593360996
GSM4385416,lung,GSE146436,train,source,GSE146436,Lung tissue,EV2015-008 Final,0.0364284999668598,False,True,random_3,0.004149377593360996
GSM4385417,lung,GSE146436,train,source,GSE146436,Lung tissue,EV_12_11_13 Final,0.0348148271441459,False,True,random_1,0.004149377593360996
GSM4385418,lung,GSE146436,train,source,GSE146436,Lung tissue,EV_2015-005 Final,0.0733369514346122,False,True,random_2,0.004149377593360996
GSM4385419,lung,GSE146436,train,source,GSE146436,Lung tissue,EV2016-009 Final,0.0329406857490539,False,True,random_0,0.004149377593360996
GSM4385423,lung,GSE146436,train,source,GSE146436,Lung tissue,EV_9_11_13 Final,0.0530108511447906,False,True,random_0,0.004149377593360996
GSM4385424,lung,GSE146436,train,source,GSE146436,Lung tissue,EV_9_4_13 Final,0.0377231761813163,False,True,random_2,0.004149377593360996
GSM4626872,lung,GSE152819,train,source,GSE152819,Lung,Decato-2018-Human_BronchialAirway_expression [BE_GTCCGC_L004],0.0505287908017635,False,True,random_1,0.004149377593360996
GSM4626873,lung,GSE152819,train,source,GSE152819,Lung,Decato-2018-Human_BronchialAirway_expression [BE_GTCCGC_L007],0.0680537968873977,False,True,random_0,0.004149377593360996
GSM4626874,lung,GSE152819,train,source,GSE152819,Lung,Decato-2018-Human_SmallAirway_expression [SA_AGTCAA_L004],0.0497998036444187,False,True,random_4,0.004149377593360996
GSM4626875,lung,GSE152819,train,source,GSE152819,Lung,Decato-2018-Human_SmallAirway_expression [SA_AGTCAA_L007],0.0548919364809989,False,True,random_3,0.004149377593360996
GSM4773096,lung,GSE157671,train,source,GSE157671,lung,Lung coccidiosis ID S13-15588,0.0880831405520439,False,True,random_1,0.004149377593360996
GSM4773097,lung,GSE157671,train,source,GSE157671,lung,Lung coccidiosis ID S15-7163,0.0501562878489494,False,True,random_0,0.004149377593360996
GSM4773098,lung,GSE157671,train,source,GSE157671,lung,Lung coccidiosis ID S16-1593,0.0546147711575031,False,True,random_2,0.004149377593360996
GSM4773099,lung,GSE157671,train,source,GSE157671,lung,Lung healthy control ID S16-1234,0.0688922777771949,False,True,random_0,0.004149377593360996
GSM4773100,lung,GSE157671,train,source,GSE157671,lung,Lung healthy control ID S16-430,0.0666025653481483,False,True,random_2,0.004149377593360996
GSM4773101,lung,GSE157671,train,source,GSE157671,lung,Lung healthy control ID S16-455,0.0656884983181953,False,True,random_3,0.004149377593360996
GSM4773102,lung,GSE157671,train,source,GSE157671,lung,Lung sarcoidosis ID ng07-1929,0.0681504532694816,False,True,random_4,0.004149377593360996
GSM4773103,lung,GSE157671,train,source,GSE157671,lung,Lung sarcoidosis ID ng14-2391,0.1016518101096153,False,True,random_3,0.004149377593360996
GSM4773104,lung,GSE157671,train,source,GSE157671,lung,Lung sarcoidosis ID S01-274,0.06558308750391,False,True,random_4,0.004149377593360996
GSM4773105,lung,GSE157671,train,source,GSE157671,lung,Lung sarcoidosis ID S08-13633,0.0755442976951599,False,True,random_3,0.004149377593360996
GSM4773106,lung,GSE157671,train,source,GSE157671,lung,Lung sarcoidosis ID S08-8308,0.0564537085592746,False,True,random_2,0.004149377593360996
GSM4773107,lung,GSE157671,train,source,GSE157671,lung,Lung sarcoidosis ID S14-1820,0.0780455023050308,False,True,random_1,0.004149377593360996
GSM4991264,lung,GSE163959,train,source,GSE163959,Lung tissue,"LM4, Mock infected Donor4_rep2",0.0612319856882095,False,True,random_0,0.004149377593360996
GSM4991266,lung,GSE163959,train,source,GSE163959,Lung tissue,"LM5, Mock infected Donor5_rep2",0.0447485744953155,False,True,random_2,0.004149377593360996
GSM4991267,lung,GSE163959,train,source,GSE163959,Lung tissue,"LM6, Mock infected Donor6_rep1",0.0607970282435417,False,True,random_1,0.004149377593360996
GSM4991268,lung,GSE163959,train,source,GSE163959,Lung tissue,"LM6, Mock infected Donor6_rep2",0.0675389990210533,False,False,,0.004149377593360996
GSM4991269,lung,GSE163959,train,source,GSE163959,Lung tissue,"LM7, Mock infected Donor7_rep1",0.0588595829904079,False,True,random_2,0.004149377593360996
GSM4991272,lung,GSE163959,train,source,GSE163959,Lung tissue,"LM8, Mock infected Donor8_rep2",0.0483382232487201,False,True,random_3,0.004149377593360996
GSM4991273,lung,GSE163959,train,source,GSE163959,Lung tissue,"LH4, Influenza A infected Donor4_rep1",0.0785854682326316,False,True,random_1,0.004149377593360996
GSM4991275,lung,GSE163959,train,source,GSE163959,Lung tissue,"LH5, Influenza A infected Donor5_rep1",0.0418584086000919,False,False,,0.004149377593360996
GSM4991278,lung,GSE163959,train,source,GSE163959,Lung tissue,"LH6, Influenza A infected Donor6_rep2",0.0698004513978958,False,True,random_1,0.004149377593360996
GSM4991279,lung,GSE163959,train,source,GSE163959,Lung tissue,"LH7, Influenza A infected Donor7_rep1",0.0565571077167987,False,True,random_4,0.004149377593360996
GSM4991281,lung,GSE163959,train,source,GSE163959,Lung tissue,"LH8, Influenza A infected Donor8_rep1",0.0581473000347614,False,False,,0.004149377593360996
GSM4991282,lung,GSE163959,train,source,GSE163959,Lung tissue,"LH8, Influenza A infected Donor8_rep2",0.0705489814281463,False,True,random_0,0.004149377593360996
GSM4991285,lung,GSE163959,train,source,GSE163959,Lung tissue,"LS5, SARS-CoV-2 infected Donor5_rep1",0.0493187271058559,False,True,random_3,0.004149377593360996
GSM4991286,lung,GSE163959,train,source,GSE163959,Lung tissue,"LS5, SARS-CoV-2 infected Donor5_rep2",0.0404427498579025,False,True,random_4,0.004149377593360996
GSM4991287,lung,GSE163959,train,source,GSE163959,Lung tissue,"LS6, SARS-CoV-2 infected Donor6_rep1",0.0661421194672584,False,True,random_4,0.004149377593360996
GSM4991288,lung,GSE163959,train,source,GSE163959,Lung tissue,"LS6, SARS-CoV-2 infected Donor6_rep2",0.0700728371739387,False,True,random_2,0.004149377593360996
GSM4991289,lung,GSE163959,train,source,GSE163959,Lung tissue,"LS7, SARS-CoV-2 infected Donor7_rep1",0.0628542080521583,False,True,random_0,0.004149377593360996
GSM4991290,lung,GSE163959,train,source,GSE163959,Lung tissue,"LS7, SARS-CoV-2 infected Donor7_rep2",0.0539568737149238,False,True,random_3,0.004149377593360996
GSM4991291,lung,GSE163959,train,source,GSE163959,Lung tissue,"LS8, SARS-CoV-2 infected Donor8_rep1",0.0447106845676898,False,True,random_1,0.004149377593360996
GSM4991292,lung,GSE163959,train,source,GSE163959,Lung tissue,"LS8, SARS-CoV-2 infected Donor8_rep2",0.0465020574629306,False,False,,0.004149377593360996
GSM5028160,lung,GSE165200,train,source,GSE165200,Lung,JA1_Tissue_a_S85,0.0292547810822725,False,True,random_2,0.004149377593360996
GSM5028161,lung,GSE165200,train,source,GSE165200,Lung,JA2_Tissue_a_S87,0.0919087305665016,False,True,random_1,0.004149377593360996
GSM5028162,lung,GSE165200,train,source,GSE165200,Lung,JA2_Tissue_b_S88,0.0977996513247489,False,True,random_0,0.004149377593360996
GSM5028169,lung,GSE165200,train,source,GSE165200,Lung,JA1_1E4_UN_1_S65,0.2042866945266723,False,True,random_2,0.004149377593360996
GSM5028170,lung,GSE165200,train,source,GSE165200,Lung,JA1_1E4_UN_2_S66,0.1390827745199203,False,True,random_3,0.004149377593360996
GSM5028171,lung,GSE165200,train,source,GSE165200,Lung,JA1_2E4_UN_1_S69,0.2653588950634002,False,True,random_4,0.004149377593360996
GSM5028172,lung,GSE165200,train,source,GSE165200,Lung,JA1_2E4_UN_2_S70,0.1958044469356537,False,True,random_4,0.004149377593360996
GSM5028173,lung,GSE165200,train,source,GSE165200,Lung,JA1_monolayer_Un_S73,0.2294055223464965,False,True,random_1,0.004149377593360996
GSM5028178,lung,GSE165200,train,source,GSE165200,Lung,RC_2_S61,0.1106870248913765,False,True,random_4,0.004149377593360996
GSM5028179,lung,GSE165200,train,source,GSE165200,Lung,RC_2_prime_S62,0.1162936761975288,False,True,random_3,0.004149377593360996
GSM5028188,lung,GSE165200,train,source,GSE165200,Lung,HSAEpC_untreated_CR1_S62,0.0528777092695236,False,True,random_1,0.004149377593360996
GSM5028189,lung,GSE165200,train,source,GSE165200,Lung,HSAEpC_48h_CR1_S63,0.1754812449216842,False,True,random_2,0.004149377593360996
GSM5028190,lung,GSE165200,train,source,GSE165200,Lung,HSAEpC_96_well_48h_CR1_S64,0.0452450290322303,False,True,random_3,0.004149377593360996
GSM5028191,lung,GSE165200,train,source,GSE165200,Lung,HSAEpC_72h_CR1_S65,0.0735883489251136,False,True,random_0,0.004149377593360996
GSM5028192,lung,GSE165200,train,source,GSE165200,Lung,HSAEpC_96_well_72h_CR1_S71,0.199004054069519,False,True,random_0,0.004149377593360996
GSM5330499,lung,GSE174924,train,source,GSE174924,"Homo sapiens female adult (61 years) upper lobe of left lung tissue, preserved by flash-freezing",total RNA-seq from upper lobe of left lung (ENCLB600ZWE),0.0223015937954187,False,True,random_2,0.004149377593360996
GSM5330829,lung,GSE175079,train,source,GSE175079,"Homo sapiens female adult (59 years) lower lobe of left lung tissue, preserved by flash-freezing",total RNA-seq from lower lobe of left lung (ENCLB363FUK),0.019713120535016,False,True,random_0,0.004149377593360996
GSM5331103,lung,GSE175217,train,source,GSE175217,"Homo sapiens male adult (40 years) left lung tissue, preserved by flash-freezing",total RNA-seq from left lung (ENCLB526BGX),0.0222499743103981,False,True,random_3,0.004149377593360996
GSM5331104,lung,GSE175218,train,source,GSE175218,"Homo sapiens male adult (60 years) upper lobe of right lung tissue, preserved by flash-freezing",total RNA-seq from upper lobe of right lung (ENCLB286WHW),0.0153521401807665,False,True,random_4,0.004149377593360996
GSM5331134,lung,GSE175234,train,source,GSE175234,"Homo sapiens female child (16 years) left lung tissue, preserved by flash-freezing",total RNA-seq from left lung (ENCLB142OZC),0.0230821594595909,False,True,random_4,0.004149377593360996
GSM5331179,lung,GSE175260,train,source,GSE175260,"Homo sapiens male adult (60 years) lower lobe of left lung tissue, preserved by flash-freezing",total RNA-seq from lower lobe of left lung (ENCLB429LAS),0.0142323523759841,False,True,random_0,0.004149377593360996
GSM5331271,lung,GSE175303,train,source,GSE175303,"Homo sapiens male adult (60 years) upper lobe of left lung tissue, preserved by flash-freezing",total RNA-seq from upper lobe of left lung (ENCLB542TRU),0.0146426241844892,False,True,random_3,0.004149377593360996
GSM1375999,lung,GSE57148,train,source,GSE57148,Normal Lung Tissue,Normal lung tissue 1464-NOR,0.0247429944574832,False,True,random_0,0.004149377593360996
GSM1376002,lung,GSE57148,train,source,GSE57148,Normal Lung Tissue,Normal lung tissue 1487-NOR,0.0151387955993413,False,True,random_4,0.004149377593360996
GSM1376005,lung,GSE57148,train,source,GSE57148,Normal Lung Tissue,Normal lung tissue 1617-NOR,0.029402857646346,False,False,,0.004149377593360996
GSM1376022,lung,GSE57148,train,source,GSE57148,Normal Lung Tissue,Normal lung tissue 3033-NOR,0.0156965814530849,False,False,,0.004149377593360996
GSM1376032,lung,GSE57148,train,source,GSE57148,Normal Lung Tissue,Normal lung tissue 33-NOR,0.0140184052288532,False,True,random_3,0.004149377593360996
GSM1376036,lung,GSE57148,train,source,GSE57148,Normal Lung Tissue,Normal lung tissue 3594-NOR,0.0098173031583428,False,True,random_4,0.004149377593360996
GSM1376053,lung,GSE57148,train,source,GSE57148,Normal Lung Tissue,Normal lung tissue 4305-NOR,0.0117981368675827,False,True,random_1,0.004149377593360996
GSM1376082,lung,GSE57148,train,source,GSE57148,COPD lung tissue,COPD lung tissue 1092-COPD,0.0129787372425198,False,False,,0.004149377593360996
GSM1376088,lung,GSE57148,train,source,GSE57148,COPD lung tissue,COPD lung tissue 1423-COPD,0.0075401156209409,False,True,random_0,0.004149377593360996
GSM1376090,lung,GSE57148,train,source,GSE57148,COPD lung tissue,COPD lung tissue 1480-COPD,0.0501031428575515,False,False,,0.004149377593360996
GSM1376091,lung,GSE57148,train,source,GSE57148,COPD lung tissue,COPD lung tissue 1493-COPD,0.012115404009819,False,True,random_1,0.004149377593360996
GSM1376093,lung,GSE57148,train,source,GSE57148,COPD lung tissue,COPD lung tissue 1506-COPD,0.0363065935671329,False,True,random_2,0.004149377593360996
GSM1376102,lung,GSE57148,train,source,GSE57148,COPD lung tissue,COPD lung tissue 1845-COPD,0.0270318631082773,False,True,random_3,0.004149377593360996
GSM1376103,lung,GSE57148,train,source,GSE57148,COPD lung tissue,COPD lung tissue 1890-COPD,0.0183198172599077,False,True,random_4,0.004149377593360996
GSM1376122,lung,GSE57148,train,source,GSE57148,COPD lung tissue,COPD lung tissue 2700-COPD,0.0190255213528871,False,True,random_2,0.004149377593360996
GSM1376129,lung,GSE57148,train,source,GSE57148,COPD lung tissue,COPD lung tissue 2846-COPD,0.0148433241993188,False,True,random_0,0.004149377593360996
GSM1376134,lung,GSE57148,train,source,GSE57148,COPD lung tissue,COPD lung tissue 3264-COPD,0.01398416608572,False,False,,0.004149377593360996
GSM1376135,lung,GSE57148,train,source,GSE57148,COPD lung tissue,COPD lung tissue 3298-COPD,0.0130855096504092,False,True,random_3,0.004149377593360996
GSM1376169,lung,GSE57148,train,source,GSE57148,COPD lung tissue,COPD lung tissue 743-COPD,0.0119262235239148,False,True,random_1,0.004149377593360996
GSM1376170,lung,GSE57148,train,source,GSE57148,COPD lung tissue,COPD lung tissue 815-COPD,0.0113875437527894,False,True,random_2,0.004149377593360996
GSM1888327,lung,GSE73189,train,source,GSE73189,lung,IPF-1,0.0138253718614578,False,True,random_3,0.004149377593360996
GSM1888328,lung,GSE73189,train,source,GSE73189,lung,IPF-2,0.0148999216035008,False,True,random_4,0.004149377593360996
GSM1888329,lung,GSE73189,train,source,GSE73189,lung,IPF-3,0.0081921918317675,False,True,random_0,0.004149377593360996
GSM1888330,lung,GSE73189,train,source,GSE73189,lung,IPF-4,0.0121912686154246,False,True,random_3,0.004149377593360996
GSM1888331,lung,GSE73189,train,source,GSE73189,lung,INSIP-1,0.0069676777347922,False,True,random_2,0.004149377593360996
GSM1888332,lung,GSE73189,train,source,GSE73189,lung,INSIP-2,0.0237988606095314,False,True,random_1,0.004149377593360996
GSM1888333,lung,GSE73189,train,source,GSE73189,lung,INSIP-3,0.0126095283776521,False,True,random_0,0.004149377593360996
GSM1888334,lung,GSE73189,train,source,GSE73189,lung,Normal-1,0.0255832877010107,False,True,random_1,0.004149377593360996
GSM1888335,lung,GSE73189,train,source,GSE73189,lung,Normal-2,0.0096864467486739,False,True,random_4,0.004149377593360996
GSM1888336,lung,GSE73189,train,source,GSE73189,lung,Normal-3,0.0157388895750045,False,True,random_2,0.004149377593360996
GSM1888337,lung,GSE73189,train,source,GSE73189,lung,Normal-4,0.0156436376273632,False,True,random_3,0.004149377593360996
GSM1888338,lung,GSE73189,train,source,GSE73189,lung,Normal-5,0.0120176626369357,False,True,random_0,0.004149377593360996
GSM2072388,lung,GSE78570,train,source,GSE78570,Homo sapiens lung tissue female fetal (24 weeks),total RNA-seq from lung (ENCLB190ZZZ),0.1118858531117439,False,True,random_3,0.004149377593360996
GSM2072389,lung,GSE78570,train,source,GSE78570,Homo sapiens lung tissue female fetal (20 weeks),total RNA-seq from lung (ENCLB189ZZZ),0.0864825099706649,False,True,random_0,0.004149377593360996
GSM2213994,lung,GSE83717,train,source,GSE83717,FFPE lung tissue,IPF SL32670,0.0625874772667884,False,True,random_0,0.004149377593360996
GSM2213995,lung,GSE83717,train,source,GSE83717,FFPE lung tissue,IPF SL32671,0.0648541077971458,False,True,random_1,0.004149377593360996
GSM2213996,lung,GSE83717,train,source,GSE83717,FFPE lung tissue,IPF SL32674,0.0553619377315044,False,True,random_4,0.004149377593360996
GSM2213997,lung,GSE83717,train,source,GSE83717,FFPE lung tissue,IPF SL32677,0.0575354844331741,False,True,random_4,0.004149377593360996
GSM2213998,lung,GSE83717,train,source,GSE83717,FFPE lung tissue,IPF SL32679,0.0709724575281143,False,True,random_3,0.004149377593360996
GSM2213999,lung,GSE83717,train,source,GSE83717,FFPE lung tissue,IPF SL32680,0.0625367015600204,False,True,random_1,0.004149377593360996
GSM2214000,lung,GSE83717,train,source,GSE83717,FFPE lung tissue,Control SL32683,0.0641434267163276,False,True,random_2,0.004149377593360996
GSM2214001,lung,GSE83717,train,source,GSE83717,FFPE lung tissue,Control SL71047,0.0632124170660972,False,True,random_4,0.004149377593360996
GSM2214002,lung,GSE83717,train,source,GSE83717,FFPE lung tissue,Control SL71048,0.0781221762299537,False,True,random_3,0.004149377593360996
GSM2214003,lung,GSE83717,train,source,GSE83717,FFPE lung tissue,Control SL71049,0.0491448380053043,False,True,random_2,0.004149377593360996
GSM2214004,lung,GSE83717,train,source,GSE83717,FFPE lung tissue,Control SL71050,0.0764039382338523,False,True,random_0,0.004149377593360996
GSM2343558,lung,GSE88186,train,source,GSE88186,Homo sapiens upper lobe of left lung tissue male adult (37 years),total RNA-seq from upper lobe of left lung (ENCLB381WRT),0.018962500616908,False,True,random_2,0.004149377593360996
GSM2343673,lung,GSE88254,train,source,GSE88254,Homo sapiens upper lobe of left lung tissue female adult (53 years),total RNA-seq from upper lobe of left lung (ENCLB837IVL),0.1202591508626937,False,True,random_1,0.004149377593360996
GSM2343824,lung,GSE88344,train,source,GSE88344,Homo sapiens upper lobe of left lung tissue male adult (37 years),small RNA-seq from upper lobe of left lung (ENCLB483BRP),0.1723554134368896,False,True,random_2,0.004149377593360996
GSM2344085,lung,GSE88499,train,source,GSE88499,Homo sapiens upper lobe of left lung tissue female adult (53 years),small RNA-seq from upper lobe of left lung (ENCLB983DVP),0.0509601756930351,False,True,random_1,0.004149377593360996
GSM2344225,lung,GSE88579,train,source,GSE88579,Homo sapiens upper lobe of left lung tissue male adult (54 years),total RNA-seq from upper lobe of left lung (ENCLB692XZA),0.0105812093243002,False,True,random_3,0.004149377593360996
GSM2344389,lung,GSE88673,train,source,GSE88673,Homo sapiens upper lobe of left lung tissue female adult (51 year),small RNA-seq from upper lobe of left lung (ENCLB072XZS),0.0830107554793357,False,True,random_4,0.004149377593360996
GSM2344426,lung,GSE88694,train,source,GSE88694,Homo sapiens upper lobe of left lung tissue male adult (54 years),small RNA-seq from upper lobe of left lung (ENCLB365RNP),0.4663149118423462,False,True,random_1,0.004149377593360996
GSM2433099,lung,GSE92592,train,source,GSE92592,lung tissue,s_039545,0.0078493552282452,False,True,random_0,0.004149377593360996
GSM2433102,lung,GSE92592,train,source,GSE92592,lung tissue,s_254200,0.0129298064857721,False,True,random_1,0.004149377593360996
GSM2433103,lung,GSE92592,train,source,GSE92592,lung tissue,s_152649,0.0131977414712309,False,True,random_4,0.004149377593360996
GSM2433104,lung,GSE92592,train,source,GSE92592,lung tissue,s_133378,0.0085900602862238,False,True,random_2,0.004149377593360996
GSM2433105,lung,GSE92592,train,source,GSE92592,lung tissue,s_263234,0.0103857675567269,False,False,,0.004149377593360996
GSM2433107,lung,GSE92592,train,source,GSE92592,lung tissue,s_022562,0.0132847251370549,False,True,random_4,0.004149377593360996
GSM2433108,lung,GSE92592,train,source,GSE92592,lung tissue,s_258760,0.0091997878625988,False,True,random_3,0.004149377593360996
GSM2433111,lung,GSE92592,train,source,GSE92592,lung tissue,s_284489,0.0146585591137409,False,True,random_0,0.004149377593360996
GSM2433112,lung,GSE92592,train,source,GSE92592,lung tissue,s_059846,0.0112298727035522,False,True,random_4,0.004149377593360996
GSM2433114,lung,GSE92592,train,source,GSE92592,lung tissue,s_137431,0.0086302403360605,False,False,,0.004149377593360996
GSM2433118,lung,GSE92592,train,source,GSE92592,lung tissue,s_191307,0.0164053756743669,False,True,random_3,0.004149377593360996
GSM2433119,lung,GSE92592,train,source,GSE92592,lung tissue,s_269070,0.0200104787945747,False,True,random_2,0.004149377593360996
GSM2433120,lung,GSE92592,train,source,GSE92592,lung tissue,s_164046,0.0107533698901534,False,True,random_1,0.004149377593360996
GSM2433121,lung,GSE92592,train,source,GSE92592,lung tissue,s_046027,0.0135850124061107,False,True,random_0,0.004149377593360996
GSM2433123,lung,GSE92592,train,source,GSE92592,lung tissue,s_138327,0.0104964338243007,False,True,random_1,0.004149377593360996
GSM2433125,lung,GSE92592,train,source,GSE92592,lung tissue,s_072042,0.0116718159988522,False,False,,0.004149377593360996
GSM2433129,lung,GSE92592,train,source,GSE92592,lung tissue,s_298223,0.0100336177274584,False,True,random_3,0.004149377593360996
GSM2433130,lung,GSE92592,train,source,GSE92592,lung tissue,s_020096,0.0109013263136148,False,True,random_4,0.004149377593360996
GSM2433133,lung,GSE92592,train,source,GSE92592,lung tissue,s_265639,0.0216421727091074,False,False,,0.004149377593360996
GSM2433134,lung,GSE92592,train,source,GSE92592,lung tissue,s_280560,0.0091366078704595,False,True,random_2,0.004149377593360996
GSM2453422,lung,GSE93482,train,source,GSE93482,Homo sapiens lung tissue female adult (30 years),polyA mRNA RNA-seq from lung (ENCLB955EVV),0.0763575360178947,False,True,random_2,0.004149377593360996
GSM2453423,lung,GSE93482,train,source,GSE93482,Homo sapiens lung tissue female adult (30 years),polyA mRNA RNA-seq from lung (ENCLB793NOU),0.0044008390977978,False,True,random_0,0.004149377593360996
GSM2492504,lung,GSE94964,train,source,GSE94964,lung,BD005,0.0594815947115421,False,True,random_1,0.004149377593360996
GSM2492505,lung,GSE94964,train,source,GSE94964,lung,BD006,0.0766554921865463,False,True,random_4,0.004149377593360996
GSM2492506,lung,GSE94964,train,source,GSE94964,lung,BD007,0.0720382556319236,False,True,random_1,0.004149377593360996
GSM2492507,lung,GSE94964,train,source,GSE94964,lung,BD008,0.1159121841192245,False,True,random_0,0.004149377593360996
GSM2492512,lung,GSE94964,train,source,GSE94964,lung,BD013,0.0375148095190525,False,True,random_1,0.004149377593360996
GSM2492513,lung,GSE94964,train,source,GSE94964,lung,BD014,0.0432540401816368,False,True,random_2,0.004149377593360996
GSM2492514,lung,GSE94964,train,source,GSE94964,lung,BD015,0.0443234518170356,False,True,random_4,0.004149377593360996
GSM2492515,lung,GSE94964,train,source,GSE94964,lung,BD016,0.0612380057573318,False,True,random_3,0.004149377593360996
GSM2492520,lung,GSE94964,train,source,GSE94964,lung,BD021,0.0382155738770961,False,True,random_3,0.004149377593360996
GSM2492521,lung,GSE94964,train,source,GSE94964,lung,BD022,0.131013885140419,False,True,random_0,0.004149377593360996
GSM2492522,lung,GSE94964,train,source,GSE94964,lung,BD023,0.0489282421767711,False,True,random_2,0.004149377593360996
GSM2492523,lung,GSE94964,train,source,GSE94964,lung,BD024,0.0618039816617965,False,True,random_0,0.004149377593360996
GSM2648740,lung,GSE99621,train,source,GSE99621,lung tissue,HC11,0.1201756596565246,False,True,random_3,0.004149377593360996
GSM2648741,lung,GSE99621,train,source,GSE99621,lung tissue,HC12,0.1164130941033363,False,False,,0.004149377593360996
GSM2648742,lung,GSE99621,train,source,GSE99621,lung tissue,HC21,0.1191477179527282,False,True,random_2,0.004149377593360996
GSM2648743,lung,GSE99621,train,source,GSE99621,lung tissue,HC22,0.1015924885869026,False,False,,0.004149377593360996
GSM2648745,lung,GSE99621,train,source,GSE99621,lung tissue,HC31,0.1344159692525863,False,True,random_2,0.004149377593360996
GSM2648747,lung,GSE99621,train,source,GSE99621,lung tissue,HC33,0.1470948457717895,False,True,random_4,0.004149377593360996
GSM2648748,lung,GSE99621,train,source,GSE99621,lung tissue,IPF1n1,0.1198978945612907,False,True,random_0,0.004149377593360996
GSM2648749,lung,GSE99621,train,source,GSE99621,lung tissue,IPF1n2,0.1197485700249672,False,True,random_3,0.004149377593360996
GSM2648750,lung,GSE99621,train,source,GSE99621,lung tissue,IPF1n3,0.0799466967582702,False,True,random_3,0.004149377593360996
GSM2648752,lung,GSE99621,train,source,GSE99621,lung tissue,IPF2n1,0.1305462121963501,False,True,random_2,0.004149377593360996
GSM2648753,lung,GSE99621,train,source,GSE99621,lung tissue,IPF2n2,0.0907589942216873,False,True,random_1,0.004149377593360996
GSM2648754,lung,GSE99621,train,source,GSE99621,lung tissue,IPF2n3,0.1113069504499435,False,True,random_2,0.004149377593360996
GSM2648755,lung,GSE99621,train,source,GSE99621,lung tissue,IPF3n1,0.1156944632530212,False,True,random_0,0.004149377593360996
GSM2648756,lung,GSE99621,train,source,GSE99621,lung tissue,IPF3n2,0.1252420246601104,False,True,random_0,0.004149377593360996
GSM2648757,lung,GSE99621,train,source,GSE99621,lung tissue,IPF3n3,0.1034702807664871,False,False,,0.004149377593360996
GSM2648759,lung,GSE99621,train,source,GSE99621,lung tissue,IPF1s2,0.1260215789079666,False,False,,0.004149377593360996
GSM2648761,lung,GSE99621,train,source,GSE99621,lung tissue,IPF2s1,0.1149585768580436,False,True,random_1,0.004149377593360996
GSM2648762,lung,GSE99621,train,source,GSE99621,lung tissue,IPF2s2,0.1236099675297737,False,True,random_4,0.004149377593360996
GSM2648763,lung,GSE99621,train,source,GSE99621,lung tissue,IPF2s3,0.124919019639492,False,True,random_1,0.004149377593360996
GSM2648764,lung,GSE99621,train,source,GSE99621,lung tissue,IPF2s4,0.1193738207221031,False,True,random_4,0.004149377593360996
GSM2940277,skin,GSE109350,train,source,GSE109350,skin tissue,Ctl1,0.0578010119497776,False,True,random_2,0.0024449877750611247
GSM2940278,skin,GSE109350,train,source,GSE109350,skin tissue,Ctl3,0.0653400048613548,False,True,random_4,0.0024449877750611247
GSM2940279,skin,GSE109350,train,source,GSE109350,skin tissue,Exp1,0.0638224631547927,False,True,random_0,0.0024449877750611247
GSM2940280,skin,GSE109350,train,source,GSE109350,skin tissue,Exp2,0.0537369474768638,False,True,random_3,0.0024449877750611247
GSM3021190,skin,GSE111061,train,source,GSE111061,Scalp Skin,T05-00,0.0121643748134374,False,False,,0.0024449877750611247
GSM3021191,skin,GSE111061,train,source,GSE111061,Scalp Skin,T05-36,0.011492951773107,False,True,random_2,0.0024449877750611247
GSM3021192,skin,GSE111061,train,source,GSE111061,Scalp Skin,T07-00,0.0135950474068522,False,False,,0.0024449877750611247
GSM3021193,skin,GSE111061,train,source,GSE111061,Scalp Skin,T07-24,0.0162176806479692,False,True,random_1,0.0024449877750611247
GSM3021194,skin,GSE111061,train,source,GSE111061,Scalp Skin,T09-00,0.0145722180604934,False,False,,0.0024449877750611247
GSM3021195,skin,GSE111061,train,source,GSE111061,Scalp Skin,T09-24,0.0176013894379138,False,False,,0.0024449877750611247
GSM3021196,skin,GSE111061,train,source,GSE111061,Scalp Skin,T10-00,0.0115166744217276,False,True,random_0,0.0024449877750611247
GSM3021197,skin,GSE111061,train,source,GSE111061,Scalp Skin,T10-24,0.0137772439047694,False,True,random_4,0.0024449877750611247
GSM3021198,skin,GSE111061,train,source,GSE111061,Scalp Skin,T11-00,0.015409380197525,False,False,,0.0024449877750611247
GSM3021199,skin,GSE111061,train,source,GSE111061,Scalp Skin,T11-24,0.0211137291043996,False,False,,0.0024449877750611247
GSM3021200,skin,GSE111061,train,source,GSE111061,Scalp Skin,T12-00,0.0111983232200145,False,False,,0.0024449877750611247
GSM3021201,skin,GSE111061,train,source,GSE111061,Scalp Skin,T12-24,0.0130908880382776,False,False,,0.0024449877750611247
GSM3021202,skin,GSE111061,train,source,GSE111061,Scalp Skin,AAB-N-C149- 1,0.0151590667665004,False,False,,0.0024449877750611247
GSM3021203,skin,GSE111061,train,source,GSE111061,Scalp Skin,AAB-N-C150- 1,0.0178169030696153,False,False,,0.0024449877750611247
GSM3021204,skin,GSE111061,train,source,GSE111061,Scalp Skin,AAB-N-C151- 1,0.0199326071888208,False,True,random_3,0.0024449877750611247
GSM3021205,skin,GSE111061,train,source,GSE111061,Scalp Skin,AAB-N-C069,0.017159529030323,False,True,random_3,0.0024449877750611247
GSM3021206,skin,GSE111061,train,source,GSE111061,Scalp Skin,AAB-N-C070,0.0174042228609323,False,False,,0.0024449877750611247
GSM3021207,skin,GSE111061,train,source,GSE111061,Scalp Skin,AAB-N-C071,0.0189414676278829,False,True,random_1,0.0024449877750611247
GSM3029032,skin,GSE111354,train,source,GSE111354,Human Skin Biopsy,NS1,0.1318996548652649,False,True,random_3,0.0024449877750611247
GSM3029034,skin,GSE111354,train,source,GSE111354,Human Skin Biopsy,NSCC03,0.1009385213255882,False,True,random_4,0.0024449877750611247
GSM3029036,skin,GSE111354,train,source,GSE111354,Human Skin Biopsy,S1A,0.2268654555082321,False,False,,0.0024449877750611247
GSM3029038,skin,GSE111354,train,source,GSE111354,Human Skin Biopsy,S5,0.18001189827919,False,True,random_3,0.0024449877750611247
GSM3029039,skin,GSE111354,train,source,GSE111354,Human Skin Biopsy,CC01,0.1238452717661857,False,True,random_2,0.0024449877750611247
GSM3029042,skin,GSE111354,train,source,GSE111354,Human Skin Biopsy,CC05,0.12813600897789,False,True,random_4,0.0024449877750611247
GSM3029044,skin,GSE111354,train,source,GSE111354,Human Skin Biopsy,TS6,0.1245790272951126,False,True,random_2,0.0024449877750611247
GSM3029046,skin,GSE111354,train,source,GSE111354,Human Skin Biopsy,TS4,0.1257929801940918,False,False,,0.0024449877750611247
GSM3029050,skin,GSE111354,train,source,GSE111354,Human Skin Biopsy,TS15,0.0839743986725807,False,True,random_1,0.0024449877750611247
GSM3029052,skin,GSE111354,train,source,GSE111354,Human Skin Biopsy,TS18,0.2351124882698059,False,True,random_0,0.0024449877750611247
GSM3071635,skin,GSE112509,train,source,GSE112509,skin,FKH.021.022_N,0.0277240797877311,False,True,random_0,0.0024449877750611247
GSM3071640,skin,GSE112509,train,source,GSE112509,skin,LE.037.RG.038_N,0.0335524603724479,False,True,random_1,0.0024449877750611247
GSM3071680,skin,GSE112509,train,source,GSE112509,skin,BO.013.NK.014_N,0.0118754860013723,False,True,random_4,0.0024449877750611247
GSM3272798,skin,GSE117168,train,source,GSE117168,Human skin,mRNA_HC_Skin_2,0.0504829101264476,False,True,random_2,0.0024449877750611247
GSM3495917,skin,GSE123112,train,source,GSE123112,skin biopsy,AL1B12_post_saline6hr,0.0216066483408212,False,True,random_4,0.0024449877750611247
GSM3495919,skin,GSE123112,train,source,GSE123112,skin biopsy,AL1B15_post_saline6hr,0.0247130505740642,False,False,,0.0024449877750611247
GSM3495920,skin,GSE123112,train,source,GSE123112,skin biopsy,AL1B18_post_saline6hr,0.0299383681267499,False,False,,0.0024449877750611247
GSM3495922,skin,GSE123112,train,source,GSE123112,skin biopsy,AL1B22_post_saline6hr,0.0270067360252141,False,True,random_3,0.0024449877750611247
GSM3495924,skin,GSE123112,train,source,GSE123112,skin biopsy,AL1B24_post_saline6hr,0.0236232876777648,False,False,,0.0024449877750611247
GSM3495925,skin,GSE123112,train,source,GSE123112,skin biopsy,AL1B25_post_saline6hr,0.0223997365683317,False,True,random_0,0.0024449877750611247
GSM3495927,skin,GSE123112,train,source,GSE123112,skin biopsy,AL1B29_post_saline6hr,0.0235245022922754,False,False,,0.0024449877750611247
GSM3495928,skin,GSE123112,train,source,GSE123112,skin biopsy,AL1B30_post_saline6hr,0.0389178246259689,False,False,,0.0024449877750611247
GSM3495929,skin,GSE123112,train,source,GSE123112,skin biopsy,AL1B31_post_saline6hr,0.0240223202854394,False,True,random_2,0.0024449877750611247
GSM3495930,skin,GSE123112,train,source,GSE123112,skin biopsy,AL1B6_post_saline6hr,0.0288903899490833,False,True,random_1,0.0024449877750611247
GSM3495933,skin,GSE123112,train,source,GSE123112,skin biopsy,AL1B13_pre_saline6hr,0.0274026375263929,False,False,,0.0024449877750611247
GSM3495934,skin,GSE123112,train,source,GSE123112,skin biopsy,AL1B15_pre_saline6hr,0.0250083208084106,False,False,,0.0024449877750611247
GSM3495935,skin,GSE123112,train,source,GSE123112,skin biopsy,AL1B18_pre_saline6hr,0.0267532914876937,False,True,random_2,0.0024449877750611247
GSM3495938,skin,GSE123112,train,source,GSE123112,skin biopsy,AL1B23_pre_saline6hr,0.0283768381923437,False,False,,0.0024449877750611247
GSM3495939,skin,GSE123112,train,source,GSE123112,skin biopsy,AL1B24_pre_saline6hr,0.0238693468272686,False,False,,0.0024449877750611247
GSM3495940,skin,GSE123112,train,source,GSE123112,skin biopsy,AL1B25_pre_saline6hr,0.0214516278356313,False,False,,0.0024449877750611247
GSM3495942,skin,GSE123112,train,source,GSE123112,skin biopsy,AL1B29_pre_saline6hr,0.0236551575362682,False,False,,0.0024449877750611247
GSM3495943,skin,GSE123112,train,source,GSE123112,skin biopsy,AL1B30_pre_saline6hr,0.0334493406116962,False,False,,0.0024449877750611247
GSM3495944,skin,GSE123112,train,source,GSE123112,skin biopsy,AL1B31_pre_saline6hr,0.0221653189510107,False,True,random_1,0.0024449877750611247
GSM3495945,skin,GSE123112,train,source,GSE123112,skin biopsy,AL1B6_pre_saline6hr,0.0271410439163446,False,True,random_4,0.0024449877750611247
GSM3639530,skin,GSE127831,train,source,GSE127831,healthy skin,skin_HS1,0.0725781843066215,False,True,random_0,0.0024449877750611247
GSM3639531,skin,GSE127831,train,source,GSE127831,healthy skin,skin_HS2,0.0441332682967186,False,True,random_3,0.0024449877750611247
GSM3639532,skin,GSE127831,train,source,GSE127831,healthy skin,skin_HS3,0.0583909898996353,False,True,random_4,0.0024449877750611247
GSM3639533,skin,GSE127831,train,source,GSE127831,healthy skin,skin_HS4,0.0437858551740646,False,True,random_2,0.0024449877750611247
GSM3639534,skin,GSE127831,train,source,GSE127831,healthy skin,skin_HS5,0.0930914133787155,False,True,random_1,0.0024449877750611247
GSM3639535,skin,GSE127831,train,source,GSE127831,healthy skin,skin_HS6,0.049926970154047,False,True,random_0,0.0024449877750611247
GSM3639536,skin,GSE127831,train,source,GSE127831,healthy skin,skin_HS7,0.0595013834536075,False,True,random_4,0.0024449877750611247
GSM3745861,skin,GSE130633,train,source,GSE130633,skin biopsy,AL1B12_post_normalskin,0.0223711971193552,False,True,random_4,0.0024449877750611247
GSM3745877,skin,GSE130633,train,source,GSE130633,skin biopsy,AL1B19_post_normalskin,0.0242566168308258,False,False,,0.0024449877750611247
GSM3745878,skin,GSE130633,train,source,GSE130633,skin biopsy,AL1B19_post_saline6hr_reanalyzed,0.0288311429321765,False,False,,0.0024449877750611247
GSM3745886,skin,GSE130633,train,source,GSE130633,skin biopsy,AL1B23_post_saline6hr_reanalyzed,0.0311672165989875,False,False,,0.0024449877750611247
GSM3745887,skin,GSE130633,train,source,GSE130633,skin biopsy,AL1B23_post_VZV6hour,0.0276889558881521,False,False,,0.0024449877750611247
GSM3745890,skin,GSE130633,train,source,GSE130633,skin biopsy,AL1B24_post_saline6hr_reanalyzed,0.0244953706860542,False,False,,0.0024449877750611247
GSM3745897,skin,GSE130633,train,source,GSE130633,skin biopsy,AL1B26_post_normalskin,0.0236016921699047,False,False,,0.0024449877750611247
GSM3745914,skin,GSE130633,train,source,GSE130633,skin biopsy,AL1B5_post_VZVday2,0.0261390265077352,False,True,random_3,0.0024449877750611247
GSM3745917,skin,GSE130633,train,source,GSE130633,skin biopsy,AL1B6_post_normalskin,0.0292068533599376,False,True,random_2,0.0024449877750611247
GSM3745921,skin,GSE130633,train,source,GSE130633,skin biopsy,AL1B7_post_normalskin,0.0269859433174133,False,True,random_1,0.0024449877750611247
GSM3745931,skin,GSE130633,train,source,GSE130633,skin biopsy,pAL1B13_pre_VZV6hour,0.0296386405825614,False,False,,0.0024449877750611247
GSM3745934,skin,GSE130633,train,source,GSE130633,skin biopsy,pAL1B18_pre_VZVday2,0.030881218612194,False,False,,0.0024449877750611247
GSM3745941,skin,GSE130633,train,source,GSE130633,skin biopsy,pAL1B19_pre_VZV6hour,0.0253524016588926,False,True,random_2,0.0024449877750611247
GSM3745953,skin,GSE130633,train,source,GSE130633,skin biopsy,pAL1B24_pre_VZV6hour,0.0253638811409473,False,False,,0.0024449877750611247
GSM3745957,skin,GSE130633,train,source,GSE130633,skin biopsy,pAL1B25_pre_VZV6hour,0.0201276876032352,False,False,,0.0024449877750611247
GSM3745962,skin,GSE130633,train,source,GSE130633,skin biopsy,pAL1B29_pre_VZVday2,0.0248604845255613,False,False,,0.0024449877750611247
GSM3745965,skin,GSE130633,train,source,GSE130633,skin biopsy,pAL1B29_pre_VZV6hour,0.022097922861576,False,False,,0.0024449877750611247
GSM3745968,skin,GSE130633,train,source,GSE130633,skin biopsy,AL1B30_pre_saline6hr_reanalyzed,0.0344164371490478,False,False,,0.0024449877750611247
GSM3745979,skin,GSE130633,train,source,GSE130633,skin biopsy,pAL1B6_pre_normalskin,0.0244350004941225,False,True,random_0,0.0024449877750611247
GSM3745982,skin,GSE130633,train,source,GSE130633,skin biopsy,pAL1B7_pre_VZVday2,0.0397606082260608,False,True,random_4,0.0024449877750611247
GSM3757032,skin,GSE130955,train,source,GSE130955,"skin biopsy, SSc patient",S002_P,0.0166877619922161,False,False,,0.0024449877750611247
GSM3757035,skin,GSE130955,train,source,GSE130955,"skin biopsy, SSc patient",S005_P,0.0121615249663591,False,False,,0.0024449877750611247
GSM3757040,skin,GSE130955,train,source,GSE130955,"skin biopsy, SSc patient",S011_P,0.0096058053895831,False,True,random_1,0.0024449877750611247
GSM3757048,skin,GSE130955,train,source,GSE130955,"skin biopsy, SSc patient",S021_P,0.0104011008515954,False,False,,0.0024449877750611247
GSM3757053,skin,GSE130955,train,source,GSE130955,"skin biopsy, SSc patient",S027_P,0.01029665581882,False,False,,0.0024449877750611247
GSM3757054,skin,GSE130955,train,source,GSE130955,"skin biopsy, healthy control",S028_N,0.0110587961971759,False,True,random_0,0.0024449877750611247
GSM3757057,skin,GSE130955,train,source,GSE130955,"skin biopsy, SSc patient",S032_P,0.0108822602778673,False,False,,0.0024449877750611247
GSM3757061,skin,GSE130955,train,source,GSE130955,"skin biopsy, SSc patient",S036_P,0.0093737952411174,False,True,random_4,0.0024449877750611247
GSM3757065,skin,GSE130955,train,source,GSE130955,"skin biopsy, healthy control",S040_N,0.0101100848987698,False,False,,0.0024449877750611247
GSM3757066,skin,GSE130955,train,source,GSE130955,"skin biopsy, SSc patient",S041_P,0.0101024582982063,False,True,random_3,0.0024449877750611247
GSM3757069,skin,GSE130955,train,source,GSE130955,"skin biopsy, SSc patient",S049_P,0.0115422029048204,False,False,,0.0024449877750611247
GSM3757076,skin,GSE130955,train,source,GSE130955,"skin biopsy, SSc patient",S058_P,0.0131252482533454,False,True,random_2,0.0024449877750611247
GSM3757077,skin,GSE130955,train,source,GSE130955,"skin biopsy, healthy control",S059_N,0.0090224891901016,False,False,,0.0024449877750611247
GSM3757089,skin,GSE130955,train,source,GSE130955,"skin biopsy, healthy control",S072_N,0.0105474917218089,False,True,random_3,0.0024449877750611247
GSM3757095,skin,GSE130955,train,source,GSE130955,"skin biopsy, healthy control",S078_N,0.0137536413967609,False,False,,0.0024449877750611247
GSM3757098,skin,GSE130955,train,source,GSE130955,"skin biopsy, SSc patient",S081_P,0.0097453324124217,False,True,random_1,0.0024449877750611247
GSM3757102,skin,GSE130955,train,source,GSE130955,"skin biopsy, healthy control",S085_N,0.0217528790235519,False,False,,0.0024449877750611247
GSM3757103,skin,GSE130955,train,source,GSE130955,"skin biopsy, SSc patient",S086_P,0.0141300354152917,False,False,,0.0024449877750611247
GSM3757108,skin,GSE130955,train,source,GSE130955,"skin biopsy, SSc patient",S092_P,0.0094751492142677,False,False,,0.0024449877750611247
GSM3757121,skin,GSE130955,train,source,GSE130955,"skin biopsy, healthy control",S105_N,0.0101191569119691,False,False,,0.0024449877750611247
GSM4047112,skin,GSE136347,train,source,GSE136347,Skin,2C,0.0035290766973048,False,False,,0.0024449877750611247
GSM4047113,skin,GSE136347,train,source,GSE136347,Skin,2W,0.0054833372123539,False,False,,0.0024449877750611247
GSM4047115,skin,GSE136347,train,source,GSE136347,Skin,3W,0.0047425921075046,False,False,,0.0024449877750611247
GSM4047116,skin,GSE136347,train,source,GSE136347,Skin,4C,0.0025849416851997,False,False,,0.0024449877750611247
GSM4047117,skin,GSE136347,train,source,GSE136347,Skin,4W,0.0066458345390856,False,False,,0.0024449877750611247
GSM4047118,skin,GSE136347,train,source,GSE136347,Skin,5C,0.0087109617888927,False,True,random_2,0.0024449877750611247
GSM4047120,skin,GSE136347,train,source,GSE136347,Skin,42C,0.0026048913132399,False,True,random_3,0.0024449877750611247
GSM4047122,skin,GSE136347,train,source,GSE136347,Skin,43C,0.0026539827231317,False,False,,0.0024449877750611247
GSM4047123,skin,GSE136347,train,source,GSE136347,Skin,43W,0.0040346812456846,False,True,random_2,0.0024449877750611247
GSM4047124,skin,GSE136347,train,source,GSE136347,Skin,60C,0.0029874264728277,False,False,,0.0024449877750611247
GSM4047125,skin,GSE136347,train,source,GSE136347,Skin,60W,0.0059946016408503,False,False,,0.0024449877750611247
GSM4047127,skin,GSE136347,train,source,GSE136347,Skin,62W,0.0052842423319816,False,False,,0.0024449877750611247
GSM4047128,skin,GSE136347,train,source,GSE136347,Skin,64C,0.00175010797102,False,False,,0.0024449877750611247
GSM4047129,skin,GSE136347,train,source,GSE136347,Skin,64W,0.002667831024155,False,False,,0.0024449877750611247
GSM4047130,skin,GSE136347,train,source,GSE136347,Skin,66C,0.0023281252942979,False,True,random_0,0.0024449877750611247
GSM4047131,skin,GSE136347,train,source,GSE136347,Skin,66W,0.0058327969163656,False,False,,0.0024449877750611247
GSM4047132,skin,GSE136347,train,source,GSE136347,Skin,67C,0.0024830661714076,False,False,,0.0024449877750611247
GSM4047133,skin,GSE136347,train,source,GSE136347,Skin,67W,0.0049917818978428,False,True,random_0,0.0024449877750611247
GSM4047134,skin,GSE136347,train,source,GSE136347,Skin,69C,0.0019605224952101,False,True,random_4,0.0024449877750611247
GSM4047135,skin,GSE136347,train,source,GSE136347,Skin,69W,0.0063637699931859,False,True,random_1,0.0024449877750611247
GSM4079139,skin,GSE137430,train,source,GSE137430,Skin biopsy,104_S39_L005_R1_001_BL_NL,0.0023700315505266,False,True,random_2,0.0024449877750611247
GSM4079158,skin,GSE137430,train,source,GSE137430,Skin biopsy,121_S56_L007_R1_001_W16_LS,0.0029525847639888,False,False,,0.0024449877750611247
GSM4079163,skin,GSE137430,train,source,GSE137430,Skin biopsy,126_S2_L001_R1_001_W16_LS,0.0026728082448244,False,False,,0.0024449877750611247
GSM4079171,skin,GSE137430,train,source,GSE137430,Skin biopsy,133_S8_L001_R1_001_BL_LS,0.0030250777490437,False,False,,0.0024449877750611247
GSM4079172,skin,GSE137430,train,source,GSE137430,Skin biopsy,134_S9_L002_R1_001_W4_LS,0.0029344414360821,False,True,random_0,0.0024449877750611247
GSM4079180,skin,GSE137430,train,source,GSE137430,Skin biopsy,141_S16_L002_R1_001_BL_LS,0.0056332605890929,False,True,random_1,0.0024449877750611247
GSM4079184,skin,GSE137430,train,source,GSE137430,Skin biopsy,145_S20_L003_R1_001_W4_LS,0.0033529822248965,False,False,,0.0024449877750611247
GSM4079189,skin,GSE137430,train,source,GSE137430,Skin biopsy,151_S35_L005_R1_001_BL_NL,0.0036093168891966,False,True,random_3,0.0024449877750611247
GSM4079196,skin,GSE137430,train,source,GSE137430,Skin biopsy,159_S29_L004_R1_001_BL_NL,0.0038681803271174,False,True,random_3,0.0024449877750611247
GSM4079203,skin,GSE137430,train,source,GSE137430,Skin biopsy,165_S35_L005_R1_001_W16_NL,0.0021417951211333,False,True,random_4,0.0024449877750611247
GSM4079208,skin,GSE137430,train,source,GSE137430,Skin biopsy,17_S17_L003_R1_001_W16_NL,0.0026328288950026,False,False,,0.0024449877750611247
GSM4079222,skin,GSE137430,train,source,GSE137430,Skin biopsy,29_S29_L005_R1_001_BL_NL,0.0039067147299647,False,True,random_4,0.0024449877750611247
GSM4079238,skin,GSE137430,train,source,GSE137430,Skin biopsy,43_S43_L006_R1_001_BL_LS,0.0031338173430413,False,False,,0.0024449877750611247
GSM4079240,skin,GSE137430,train,source,GSE137430,Skin biopsy,45_S45_L006_R1_001_W16_LS,0.0036167427897453,False,False,,0.0024449877750611247
GSM4079262,skin,GSE137430,train,source,GSE137430,Skin biopsy,66_S5_L001_R1_001_W16_NL,0.0031865211203694,False,False,,0.0024449877750611247
GSM4079263,skin,GSE137430,train,source,GSE137430,Skin biopsy,67_S59_L008_R1_001_W16_LS,0.003841045545414,False,False,,0.0024449877750611247
GSM4079270,skin,GSE137430,train,source,GSE137430,Skin biopsy,74_S64_L008_R1_001_W16_NL,0.0038486721459776,False,False,,0.0024449877750611247
GSM4079278,skin,GSE137430,train,source,GSE137430,Skin biopsy,81_S15_L002_R1_001_BL_NL,0.0034477128647267,False,False,,0.0024449877750611247
GSM4079285,skin,GSE137430,train,source,GSE137430,Skin biopsy,88_S21_L002_R1_001_W4_LS,0.0030467533506453,False,True,random_1,0.0024449877750611247
GSM4079294,skin,GSE137430,train,source,GSE137430,Skin biopsy,96_S28_L004_R1_001_BL_NL,0.0035879220813512,False,False,,0.0024449877750611247
GSM4091321,skin,GSE137897,train,source,GSE137897,Human skin,H1_0028,0.420945256948471,False,True,random_3,0.0024449877750611247
GSM4091422,skin,GSE137897,train,source,GSE137897,Human skin,H1_0129,0.3619397580623626,False,False,,0.0024449877750611247
GSM4091457,skin,GSE137897,train,source,GSE137897,Human skin,H1_0164,0.2238606959581375,False,True,random_1,0.0024449877750611247
GSM4091493,skin,GSE137897,train,source,GSE137897,Human skin,H1_0200,0.1793945431709289,False,False,,0.0024449877750611247
GSM4091500,skin,GSE137897,train,source,GSE137897,Human skin,H1_0207,0.1495862305164337,False,True,random_1,0.0024449877750611247
GSM4091542,skin,GSE137897,train,source,GSE137897,Human skin,H2_0249,0.2197562456130981,False,True,random_0,0.0024449877750611247
GSM4091605,skin,GSE137897,train,source,GSE137897,Human skin,H2_0312,0.1709250956773758,False,True,random_0,0.0024449877750611247
GSM4091612,skin,GSE137897,train,source,GSE137897,Human skin,H2_0319,0.1592311263084411,False,True,random_2,0.0024449877750611247
GSM4091688,skin,GSE137897,train,source,GSE137897,Human skin,H2_0395,0.2006569057703018,False,False,,0.0024449877750611247
GSM4091737,skin,GSE137897,train,source,GSE137897,Human skin,H3_0444,0.445673793554306,False,False,,0.0024449877750611247
GSM4091747,skin,GSE137897,train,source,GSE137897,Human skin,H3_0454,0.3717852830886841,False,False,,0.0024449877750611247
GSM4091752,skin,GSE137897,train,source,GSE137897,Human skin,H3_0459,0.3226701915264129,False,False,,0.0024449877750611247
GSM4091830,skin,GSE137897,train,source,GSE137897,Human skin,H4_0537,0.2435779124498367,False,False,,0.0024449877750611247
GSM4091836,skin,GSE137897,train,source,GSE137897,Human skin,H4_0543,0.2124628275632858,False,True,random_4,0.0024449877750611247
GSM4091860,skin,GSE137897,train,source,GSE137897,Human skin,H4_0567,0.4584596157073974,False,False,,0.0024449877750611247
GSM4091901,skin,GSE137897,train,source,GSE137897,Human skin,H4_0608,0.1952418535947799,False,False,,0.0024449877750611247
GSM4091923,skin,GSE137897,train,source,GSE137897,Human skin,H4_0630,0.3590100407600403,False,False,,0.0024449877750611247
GSM4092017,skin,GSE137897,train,source,GSE137897,Human skin,PU1_0724,0.3170018792152405,False,True,random_2,0.0024449877750611247
GSM4092078,skin,GSE137897,train,source,GSE137897,Human skin,PU1_0785,0.3889306485652923,False,False,,0.0024449877750611247
GSM4092388,skin,GSE137897,train,source,GSE137897,Human skin,PU4_1095,0.2292664796113968,False,False,,0.0024449877750611247
GSM4156922,skin,GSE140227,train,source,GSE140227,skin,AD pt1 lesional,0.0095022832974791,False,False,,0.0024449877750611247
GSM4156923,skin,GSE140227,train,source,GSE140227,skin,AD pt1 nonlesional,0.0114006288349628,False,False,,0.0024449877750611247
GSM4156924,skin,GSE140227,train,source,GSE140227,skin,AD pt2 lesional,0.0126066785305738,False,True,random_2,0.0024449877750611247
GSM4156925,skin,GSE140227,train,source,GSE140227,skin,AD pt2 nonlesional,0.0114141562953591,False,True,random_4,0.0024449877750611247
GSM4156926,skin,GSE140227,train,source,GSE140227,skin,AD pt3 lesional,0.021715709939599,False,True,random_1,0.0024449877750611247
GSM4156927,skin,GSE140227,train,source,GSE140227,skin,AD pt3 nonlesional,0.0142506957054138,False,True,random_1,0.0024449877750611247
GSM4156928,skin,GSE140227,train,source,GSE140227,skin,AD pt4 lesional,0.0089311702176928,False,True,random_0,0.0024449877750611247
GSM4156929,skin,GSE140227,train,source,GSE140227,skin,AD pt4 nonlesional,0.0105672404170036,False,False,,0.0024449877750611247
GSM4156930,skin,GSE140227,train,source,GSE140227,skin,AD pt5 lesional,0.0181219261139631,False,False,,0.0024449877750611247
GSM4156931,skin,GSE140227,train,source,GSE140227,skin,AD pt5 nonlesional,0.0115613900125026,False,True,random_3,0.0024449877750611247
GSM4156932,skin,GSE140227,train,source,GSE140227,skin,AD pt6 lesional,0.0174176692962646,False,False,,0.0024449877750611247
GSM4156933,skin,GSE140227,train,source,GSE140227,skin,AD pt6 nonlesional,0.0154847232624888,False,True,random_2,0.0024449877750611247
GSM4160338,skin,GSE140380,train,source,GSE140380,skin,ad013,0.0166564919054508,False,True,random_3,0.0024449877750611247
GSM4160339,skin,GSE140380,train,source,GSE140380,skin,ad014,0.0140060819685459,False,True,random_1,0.0024449877750611247
GSM4160340,skin,GSE140380,train,source,GSE140380,skin,ad016,0.0110827600583434,False,True,random_4,0.0024449877750611247
GSM4160341,skin,GSE140380,train,source,GSE140380,skin,ad017,0.0231302864849567,False,True,random_3,0.0024449877750611247
GSM4160342,skin,GSE140380,train,source,GSE140380,skin,mx0007,0.0135645810514688,False,True,random_4,0.0024449877750611247
GSM4160343,skin,GSE140380,train,source,GSE140380,skin,mx0014,0.011163200251758,False,True,random_0,0.0024449877750611247
GSM4160344,skin,GSE140380,train,source,GSE140380,skin,mx0018,0.0084526604041457,False,True,random_2,0.0024449877750611247
GSM4160345,skin,GSE140380,train,source,GSE140380,skin,mx0019,0.0102006010711193,False,True,random_0,0.0024449877750611247
GSM4199131,skin,GSE141235,train,source,GSE141235,skin,S4RNA_1,0.031688917428255,False,False,,0.0024449877750611247
GSM4199132,skin,GSE141235,train,source,GSE141235,skin,S4RNA_2,0.0367036573588848,False,False,,0.0024449877750611247
GSM4199133,skin,GSE141235,train,source,GSE141235,skin,s6_1,0.0513147339224815,False,True,random_2,0.0024449877750611247
GSM4199134,skin,GSE141235,train,source,GSE141235,skin,s6_2,0.07188231498003,False,False,,0.0024449877750611247
GSM4199135,skin,GSE141235,train,source,GSE141235,skin,s11_1,0.0188752766698598,False,True,random_0,0.0024449877750611247
GSM4199136,skin,GSE141235,train,source,GSE141235,skin,s11_2,0.0193185824900865,False,False,,0.0024449877750611247
GSM4199137,skin,GSE141235,train,source,GSE141235,skin,s15_1,0.0289243888109922,False,True,random_4,0.0024449877750611247
GSM4199138,skin,GSE141235,train,source,GSE141235,skin,s15_2,0.0256348270922899,False,False,,0.0024449877750611247
GSM4199139,skin,GSE141235,train,source,GSE141235,skin,S16RNA_1,0.0225733835250139,False,True,random_2,0.0024449877750611247
GSM4199140,skin,GSE141235,train,source,GSE141235,skin,S16RNA_2,0.0400224812328815,False,True,random_4,0.0024449877750611247
GSM4199143,skin,GSE141235,train,source,GSE141235,skin,s18_1,0.0735223963856697,False,False,,0.0024449877750611247
GSM4199144,skin,GSE141235,train,source,GSE141235,skin,s18_2,0.1059881076216697,False,False,,0.0024449877750611247
GSM4199145,skin,GSE141235,train,source,GSE141235,skin,s24_1,0.1064682602882385,False,False,,0.0024449877750611247
GSM4199146,skin,GSE141235,train,source,GSE141235,skin,s24_2,0.1637728959321975,False,False,,0.0024449877750611247
GSM4199147,skin,GSE141235,train,source,GSE141235,skin,S28RNA_1,0.0423092618584632,False,True,random_3,0.0024449877750611247
GSM4199148,skin,GSE141235,train,source,GSE141235,skin,S28RNA_2,0.0389687232673168,False,False,,0.0024449877750611247
GSM4199149,skin,GSE141235,train,source,GSE141235,skin,S30_1,0.0140408836305141,False,True,random_0,0.0024449877750611247
GSM4199150,skin,GSE141235,train,source,GSE141235,skin,S30_2,0.0158342625945806,False,True,random_1,0.0024449877750611247
GSM4207124,skin,GSE141570,train,source,GSE141570,Skin biopsy,S13_S5,0.0030328650027513,False,False,,0.0024449877750611247
GSM4207125,skin,GSE141570,train,source,GSE141570,Skin biopsy,S10_S2,0.0030367586296051,False,False,,0.0024449877750611247
GSM4207126,skin,GSE141570,train,source,GSE141570,Skin biopsy,S7_S7,0.0040496136061847,False,False,,0.0024449877750611247
GSM4207127,skin,GSE141570,train,source,GSE141570,Skin biopsy,S3_S3,0.0028462938498705,False,False,,0.0024449877750611247
GSM4207128,skin,GSE141570,train,source,GSE141570,Skin biopsy,S16_S8,0.0044800355099141,False,True,random_3,0.0024449877750611247
GSM4207129,skin,GSE141570,train,source,GSE141570,Skin biopsy,S8_S8,0.0025325587484985,False,False,,0.0024449877750611247
GSM4207130,skin,GSE141570,train,source,GSE141570,Skin biopsy,S12_S4,0.0027610764373093,False,False,,0.0024449877750611247
GSM4207131,skin,GSE141570,train,source,GSE141570,Skin biopsy,S19_S11,0.0039864731952548,False,True,random_0,0.0024449877750611247
GSM4207132,skin,GSE141570,train,source,GSE141570,Skin biopsy,S11_S3,0.0024586208164691,False,False,,0.0024449877750611247
GSM4207133,skin,GSE141570,train,source,GSE141570,Skin biopsy,S15_S7,0.0048279701732099,False,True,random_4,0.0024449877750611247
GSM4207134,skin,GSE141570,train,source,GSE141570,Skin biopsy,S4_S4,0.0017745131626725,False,False,,0.0024449877750611247
GSM4207135,skin,GSE141570,train,source,GSE141570,Skin biopsy,S9_S1,0.0027083724271506,False,True,random_3,0.0024449877750611247
GSM4207136,skin,GSE141570,train,source,GSE141570,Skin biopsy,S14_S6,0.0036352071911096,False,True,random_2,0.0024449877750611247
GSM4207137,skin,GSE141570,train,source,GSE141570,Skin biopsy,S18,0.0044099912047386,False,True,random_0,0.0024449877750611247
GSM4207138,skin,GSE141570,train,source,GSE141570,Skin biopsy,S17,0.0031595469918102,False,False,,0.0024449877750611247
GSM4207139,skin,GSE141570,train,source,GSE141570,Skin biopsy,S20,0.001736139296554,False,True,random_1,0.0024449877750611247
GSM4207142,skin,GSE141571,train,source,GSE141571,Skin biopsy,101_S18_L003_R1_001,0.0040371702052652,False,True,random_3,0.0024449877750611247
GSM4207157,skin,GSE141571,train,source,GSE141571,Skin biopsy,121_S31_L004_R1_001,0.0062601282261312,False,True,random_1,0.0024449877750611247
GSM4207158,skin,GSE141571,train,source,GSE141571,Skin biopsy,122_S32_L004_R1_001,0.0035432060249149,False,False,,0.0024449877750611247
GSM4207163,skin,GSE141571,train,source,GSE141571,Skin biopsy,128_S1_L001_R1_001,0.0027619996108114,False,False,,0.0024449877750611247
GSM4207164,skin,GSE141571,train,source,GSE141571,Skin biopsy,129_S38_L005_R1_001,0.0042603490874171,False,True,random_2,0.0024449877750611247
GSM4207171,skin,GSE141571,train,source,GSE141571,Skin biopsy,135_S5_L001_R1_001,0.0040118414908647,False,True,random_4,0.0024449877750611247
GSM4207174,skin,GSE141571,train,source,GSE141571,Skin biopsy,16_S9_L003_R1_001,0.0030500448774546,False,False,,0.0024449877750611247
GSM4207176,skin,GSE141571,train,source,GSE141571,Skin biopsy,18_S12_L003_R1_001,0.0031782924197614,False,True,random_4,0.0024449877750611247
GSM4207179,skin,GSE141571,train,source,GSE141571,Skin biopsy,22_S14_L003_R1_001,0.0045780977234244,False,False,,0.0024449877750611247
GSM4207183,skin,GSE141571,train,source,GSE141571,Skin biopsy,26_S18_L004_R1_001,0.0033614516723901,False,True,random_3,0.0024449877750611247
GSM4207188,skin,GSE141571,train,source,GSE141571,Skin biopsy,31_S19_L004_R1_001,0.0019838840235024,False,False,,0.0024449877750611247
GSM4207189,skin,GSE141571,train,source,GSE141571,Skin biopsy,32_S6_L002_R1_001,0.0014091179473325,False,False,,0.0024449877750611247
GSM4207190,skin,GSE141571,train,source,GSE141571,Skin biopsy,33_S20_L004_R1_001,0.0024153497070074,False,True,random_0,0.0024449877750611247
GSM4207193,skin,GSE141571,train,source,GSE141571,Skin biopsy,36_S7_L001_R1_001,0.0026682724710553,False,False,,0.0024449877750611247
GSM4207203,skin,GSE141571,train,source,GSE141571,Skin biopsy,48_S29_L005_R1_001,0.0032462496310472,False,False,,0.0024449877750611247
GSM4207205,skin,GSE141571,train,source,GSE141571,Skin biopsy,50_S30_L005_R1_001,0.003107686061412,False,False,,0.0024449877750611247
GSM4207208,skin,GSE141571,train,source,GSE141571,Skin biopsy,53_S33_L006_R1_001,0.0029050589073449,False,False,,0.0024449877750611247
GSM4207231,skin,GSE141571,train,source,GSE141571,Skin biopsy,76_S5_L001_R1_001,0.005068730097264,False,False,,0.0024449877750611247
GSM4207234,skin,GSE141571,train,source,GSE141571,Skin biopsy,8_S2_L002_R1_001,0.0038548135198652,False,False,,0.0024449877750611247
GSM4207249,skin,GSE141571,train,source,GSE141571,Skin biopsy,95_S15_L002_R1_001,0.0038374729920178,False,False,,0.0024449877750611247
GSM4745080,skin,GSE145095,train,source,GSE145095,Skin,Human_con_skin,0.3544536232948303,False,True,random_4,0.0024449877750611247
GSM4443482,skin,GSE147704,train,source,GSE147704,normal skin,normal skin from donor c3212,0.0077630537562072,False,True,random_4,0.0024449877750611247
GSM4443483,skin,GSE147704,train,source,GSE147704,normal skin,normal skin from donor c3214,0.0228584576398134,False,True,random_3,0.0024449877750611247
GSM4443484,skin,GSE147704,train,source,GSE147704,normal skin,normal skin from donor c3215,0.0053652450442314,False,True,random_2,0.0024449877750611247
GSM4455439,skin,GSE148169,train,source,GSE148169,skin,CX1-2: Less affected - replicate during late-treatment run,0.0080178631469607,False,True,random_2,0.0024449877750611247
GSM4455440,skin,GSE148169,train,source,GSE148169,skin,CX1: Less affected - technical replicate 1,0.0058671971783041,False,True,random_0,0.0024449877750611247
GSM4455441,skin,GSE148169,train,source,GSE148169,skin,CX1: Less affected - technical replicate 2,0.0188938602805137,False,True,random_3,0.0024449877750611247
GSM4455442,skin,GSE148169,train,source,GSE148169,skin,LB2-2: More affected - replicate during late-treatment run,0.0137424021959304,False,True,random_4,0.0024449877750611247
GSM4455443,skin,GSE148169,train,source,GSE148169,skin,LB2: More affected - technical replicate 1,0.011202136054635,False,True,random_1,0.0024449877750611247
GSM4455444,skin,GSE148169,train,source,GSE148169,skin,LB2: More affected - technical replicate 2,0.0093695810064673,False,True,random_4,0.0024449877750611247
GSM4455445,skin,GSE148169,train,source,GSE148169,skin,PostTx: Late-treatment,0.0084838094189763,False,True,random_1,0.0024449877750611247
GSM4568981,skin,GSE151243,train,source,GSE151243,Skin,HidradenitisSuppurativa_11L,0.248001828789711,False,True,random_3,0.0024449877750611247
GSM4568983,skin,GSE151243,train,source,GSE151243,Skin,HidradenitisSuppurativa_12L,0.1608521044254303,False,False,,0.0024449877750611247
GSM4568989,skin,GSE151243,train,source,GSE151243,Skin,HidradenitisSuppurativa_15L,0.1450440883636474,False,False,,0.0024449877750611247
GSM4568992,skin,GSE151243,train,source,GSE151243,Skin,HidradenitisSuppurativa_16N,0.1733628511428833,False,True,random_1,0.0024449877750611247
GSM4568993,skin,GSE151243,train,source,GSE151243,Skin,HidradenitisSuppurativa_17L,0.1937188953161239,False,False,,0.0024449877750611247
GSM4568999,skin,GSE151243,train,source,GSE151243,Skin,HidradenitisSuppurativa_1L,0.2199205756187439,False,True,random_2,0.0024449877750611247
GSM4569003,skin,GSE151243,train,source,GSE151243,Skin,HidradenitisSuppurativa_22L,0.1841491758823394,False,False,,0.0024449877750611247
GSM4569004,skin,GSE151243,train,source,GSE151243,Skin,HidradenitisSuppurativa_22N,0.17493337392807,False,True,random_0,0.0024449877750611247
GSM4569005,skin,GSE151243,train,source,GSE151243,Skin,HidradenitisSuppurativa_2L,0.235187217593193,False,True,random_2,0.0024449877750611247
GSM4569009,skin,GSE151243,train,source,GSE151243,Skin,HidradenitisSuppurativa_5L,0.2211309671401977,False,False,,0.0024449877750611247
GSM4569011,skin,GSE151243,train,source,GSE151243,Skin,HidradenitisSuppurativa_6L,0.2190854996442794,False,False,,0.0024449877750611247
GSM4569015,skin,GSE151243,train,source,GSE151243,Skin,HidradenitisSuppurativa_8L,0.2044744342565536,False,False,,0.0024449877750611247
GSM4569016,skin,GSE151243,train,source,GSE151243,Skin,HidradenitisSuppurativa_8N,0.16841521859169,False,True,random_1,0.0024449877750611247
GSM4569017,skin,GSE151243,train,source,GSE151243,Skin,HidradenitisSuppurativa_9L,0.1797814518213272,False,True,random_4,0.0024449877750611247
GSM4569018,skin,GSE151243,train,source,GSE151243,Skin,HidradenitisSuppurativa_9N,0.1863622218370437,False,False,,0.0024449877750611247
GSM4626204,skin,GSE152781,train,source,GSE152781,Human skin,GT65_W8_P,0.0132736461237072,False,False,,0.0024449877750611247
GSM4626209,skin,GSE152781,train,source,GSE152781,Human skin,GT95_W4_T,0.0203291494399309,False,True,random_2,0.0024449877750611247
GSM4626212,skin,GSE152781,train,source,GSE152781,Human skin,GT96_DO_U 1,0.0209774132817983,False,True,random_4,0.0024449877750611247
GSM4626214,skin,GSE152781,train,source,GSE152781,Human skin,GT96_W4_P,0.0173476245254278,False,False,,0.0024449877750611247
GSM4626222,skin,GSE152781,train,source,GSE152781,Human skin,GT69_W8_T,0.0250238142907619,False,False,,0.0024449877750611247
GSM4626225,skin,GSE152781,train,source,GSE152781,Human skin,GT70_DO_U 2,0.0119212055578827,False,False,,0.0024449877750611247
GSM4626227,skin,GSE152781,train,source,GSE152781,Human skin,GT70_W4_T,0.0218042191118001,False,False,,0.0024449877750611247
GSM4626231,skin,GSE152781,train,source,GSE152781,Human skin,GT100_DO_U 2,0.0297721065580844,False,False,,0.0024449877750611247
GSM4626233,skin,GSE152781,train,source,GSE152781,Human skin,GT100_W4_P,0.0196474101394414,False,False,,0.0024449877750611247
GSM4626236,skin,GSE152781,train,source,GSE152781,Human skin,GT75_DO_P,0.0168889835476875,False,True,random_1,0.0024449877750611247
GSM4626237,skin,GSE152781,train,source,GSE152781,Human skin,GT75_DO_T,0.0148511119186878,False,False,,0.0024449877750611247
GSM4626239,skin,GSE152781,train,source,GSE152781,Human skin,GT75_W4_T,0.0211334377527236,False,False,,0.0024449877750611247
GSM4626240,skin,GSE152781,train,source,GSE152781,Human skin,GT75_W8_P,0.0177566520869731,False,True,random_1,0.0024449877750611247
GSM4626242,skin,GSE152781,train,source,GSE152781,Human skin,GT77_DO_T,0.0193604100495576,False,True,random_3,0.0024449877750611247
GSM4626243,skin,GSE152781,train,source,GSE152781,Human skin,GT77_DO_P,0.0185301508754491,False,True,random_2,0.0024449877750611247
GSM4626244,skin,GSE152781,train,source,GSE152781,Human skin,GT77_W4_T,0.0237533804029226,False,False,,0.0024449877750611247
GSM4626254,skin,GSE152781,train,source,GSE152781,Human skin,GT82_DO_T,0.0166300404816865,False,False,,0.0024449877750611247
GSM4626257,skin,GSE152781,train,source,GSE152781,Human skin,GT82_W4_P,0.0204893499612808,False,True,random_0,0.0024449877750611247
GSM4626258,skin,GSE152781,train,source,GSE152781,Human skin,GT82_W8_T,0.0535892322659492,False,True,random_0,0.0024449877750611247
GSM4626260,skin,GSE152781,train,source,GSE152781,Human skin,GT91_DO_T,0.016008511185646,False,False,,0.0024449877750611247
GSM4643745,skin,GSE153399,train,source,GSE153399,Skin,Reject PDX Nevus donor (human) 2,0.4152269661426544,False,True,random_2,0.0024449877750611247
GSM4643750,skin,GSE153399,train,source,GSE153399,Skin,Stable PDX Nevus donor (human) 1,0.3197296559810638,False,True,random_3,0.0024449877750611247
GSM4643751,skin,GSE153399,train,source,GSE153399,Skin,Stable PDX Nevus donor (human) 2,0.4212722480297088,False,True,random_0,0.0024449877750611247
GSM4643752,skin,GSE153399,train,source,GSE153399,Skin,Stable PDX Nevus donor (human) 3,0.2375821769237518,False,True,random_1,0.0024449877750611247
GSM4673364,skin,GSE154556,train,source,GSE154556,skin biopsy,277-FD-1,0.0040803607553243,False,True,random_2,0.0024449877750611247
GSM4673365,skin,GSE154556,train,source,GSE154556,skin biopsy,277-FD-2,0.0096362307667732,False,True,random_4,0.0024449877750611247
GSM4673366,skin,GSE154556,train,source,GSE154556,skin biopsy,277-FD-3,0.011669929139316,False,True,random_0,0.0024449877750611247
GSM4673367,skin,GSE154556,train,source,GSE154556,skin biopsy,277-FD-4,0.0142974192276597,False,True,random_0,0.0024449877750611247
GSM4673368,skin,GSE154556,train,source,GSE154556,skin biopsy,277-FD-5,0.0071028694510459,False,True,random_4,0.0024449877750611247
GSM4673369,skin,GSE154556,train,source,GSE154556,skin biopsy,277-FD-6,0.0070277675986289,False,True,random_1,0.0024449877750611247
GSM4673370,skin,GSE154556,train,source,GSE154556,skin biopsy,277-FD-7,0.00868137832731,False,True,random_3,0.0024449877750611247
GSM4673371,skin,GSE154557,train,source,GSE154557,skin biopsy,190731_DM1_distant,0.2131410837173462,False,True,random_0,0.0024449877750611247
GSM4673372,skin,GSE154557,train,source,GSE154557,skin biopsy,190731_DM1_wound,0.1930820345878601,False,True,random_3,0.0024449877750611247
GSM4679498,skin,GSE154775,train,source,GSE154775,skin biopsy,HSEpi190115,0.4736829996109009,False,True,random_4,0.0024449877750611247
GSM4679499,skin,GSE154775,train,source,GSE154775,skin biopsy,HSDerm190115,0.4872406423091888,False,True,random_1,0.0024449877750611247
GSM4696803,skin,GSE155176,train,source,GSE155176,Normal Skin_Normal Skin,NL01_Normal_Skin,0.0193315893411636,False,False,,0.0024449877750611247
GSM4696804,skin,GSE155176,train,source,GSE155176,Normal Skin_Normal Skin,NL02_Normal_Skin,0.0284841712564229,False,True,random_2,0.0024449877750611247
GSM4696805,skin,GSE155176,train,source,GSE155176,Normal Skin_Normal Skin,NL03_Normal_Skin,0.0254779607057571,False,True,random_2,0.0024449877750611247
GSM4696806,skin,GSE155176,train,source,GSE155176,Normal Skin_Normal Skin,NL04_Normal_Skin,0.017029233276844,False,True,random_1,0.0024449877750611247
GSM4696807,skin,GSE155176,train,source,GSE155176,Normal Skin_Normal Skin,NL05_Normal_Skin,0.0193808805197477,False,False,,0.0024449877750611247
GSM4696808,skin,GSE155176,train,source,GSE155176,Normal Skin_Normal Skin,NL06_Normal_Skin,0.0269339624792337,False,False,,0.0024449877750611247
GSM4696809,skin,GSE155176,train,source,GSE155176,Normal Skin_Normal Skin,NL07_Normal_Skin,0.0372038446366786,False,True,random_4,0.0024449877750611247
GSM4696810,skin,GSE155176,train,source,GSE155176,Normal Skin_Normal Skin,NL08_Normal_Skin,0.0190512109547853,False,False,,0.0024449877750611247
GSM4696811,skin,GSE155176,train,source,GSE155176,Normal Skin_Normal Skin,NL09_Normal_Skin,0.0145196346566081,False,False,,0.0024449877750611247
GSM4696825,skin,GSE155176,train,source,GSE155176,Normal Skin,NL10_Normal_Skin,0.0207656733691692,False,False,,0.0024449877750611247
GSM4696826,skin,GSE155176,train,source,GSE155176,Normal Skin,NL11_Normal_Skin,0.0194911062717437,False,True,random_1,0.0024449877750611247
GSM4696827,skin,GSE155176,train,source,GSE155176,Normal Skin,NL12_Normal_Skin,0.015658488497138,False,True,random_3,0.0024449877750611247
GSM4696828,skin,GSE155176,train,source,GSE155176,Normal Skin,NL13_Normal_Skin,0.0122336568310856,False,True,random_0,0.0024449877750611247
GSM4696829,skin,GSE155176,train,source,GSE155176,Normal Skin,NL14_Normal_Skin,0.0205237492918968,False,False,,0.0024449877750611247
GSM4696830,skin,GSE155176,train,source,GSE155176,Normal Skin,NL15_Normal_Skin,0.0166043099015951,False,True,random_4,0.0024449877750611247
GSM4696831,skin,GSE155176,train,source,GSE155176,Normal Skin,NL16_Normal_Skin,0.0232778824865818,False,False,,0.0024449877750611247
GSM4726824,skin,GSE156212,train,source,GSE156212,skin biopsy,AD006D2_S6,0.0046479017473757,False,True,random_3,0.0024449877750611247
GSM4726827,skin,GSE156212,train,source,GSE156212,skin biopsy,AD009D2_S12,0.0024246221873909,False,False,,0.0024449877750611247
GSM4726831,skin,GSE156212,train,source,GSE156212,skin biopsy,AD010N_S4,0.0037142029032111,False,False,,0.0024449877750611247
GSM4726834,skin,GSE156212,train,source,GSE156212,skin biopsy,AD011N_S10,0.0030623679049313,False,True,random_0,0.0024449877750611247
GSM4726837,skin,GSE156212,train,source,GSE156212,skin biopsy,AD012N_S16,0.0030098645947873,False,True,random_1,0.0024449877750611247
GSM4726843,skin,GSE156212,train,source,GSE156212,skin biopsy,AD023N_S4,0.0025174662005156,False,True,random_0,0.0024449877750611247
GSM4726845,skin,GSE156212,train,source,GSE156212,skin biopsy,AD025D2_S10,0.0021483378950506,False,False,,0.0024449877750611247
GSM4726849,skin,GSE156212,train,source,GSE156212,skin biopsy,AD028N_S14,0.0034050038084387,False,True,random_3,0.0024449877750611247
GSM4726852,skin,GSE156212,train,source,GSE156212,skin biopsy,AD029N_S10,0.0041008722037076,False,True,random_2,0.0024449877750611247
GSM4726853,skin,GSE156212,train,source,GSE156212,skin biopsy,AD029S6_S11,0.0027439366094768,False,True,random_4,0.0024449877750611247
GSM4726861,skin,GSE156212,train,source,GSE156212,skin biopsy,AD038N_S6,0.0041687893681228,False,False,,0.0024449877750611247
GSM4726866,skin,GSE156212,train,source,GSE156212,skin biopsy,AD045D2_S5,0.0036844189744442,False,False,,0.0024449877750611247
GSM4726880,skin,GSE156212,train,source,GSE156212,skin biopsy,pAD009D2_S9,0.0026368428952991,False,False,,0.0024449877750611247
GSM4726889,skin,GSE156212,train,source,GSE156212,skin biopsy,pAD012D2_S15,0.0039444463327527,False,False,,0.0024449877750611247
GSM4726892,skin,GSE156212,train,source,GSE156212,skin biopsy,pAD018D2_S1,0.0032785623334348,False,False,,0.0024449877750611247
GSM4726894,skin,GSE156212,train,source,GSE156212,skin biopsy,pAD018S6_S14,0.0032435201574116,False,False,,0.0024449877750611247
GSM4726899,skin,GSE156212,train,source,GSE156212,skin biopsy,pAD025N_S5,0.0033102731686085,False,True,random_4,0.0024449877750611247
GSM4726902,skin,GSE156212,train,source,GSE156212,skin biopsy,pAD028N_S11,0.0028865542262792,False,False,,0.0024449877750611247
GSM4726904,skin,GSE156212,train,source,GSE156212,skin biopsy,pAD029D2_S9,0.0041139582172036,False,False,,0.0024449877750611247
GSM4726914,skin,GSE156212,train,source,GSE156212,skin biopsy,pAD038N_S3,0.0063018738292157,False,False,,0.0024449877750611247
GSM4798868,skin,GSE158395,train,source,GSE158395,Skin biopsy,JKR782-003_Keloid_LS_K5,0.0264450144022703,False,False,,0.0024449877750611247
GSM4798869,skin,GSE158395,train,source,GSE158395,Skin biopsy,JKR782-003_Keloid_LS_K4,0.0242842733860015,False,False,,0.0024449877750611247
GSM4798870,skin,GSE158395,train,source,GSE158395,Skin biopsy,JKR782-004_Keloid_NL_K6,0.0213148705661296,False,True,random_0,0.0024449877750611247
GSM4798871,skin,GSE158395,train,source,GSE158395,Skin biopsy,JKR782-001_Keloid_LS_K2,0.0278560202568769,False,True,random_3,0.0024449877750611247
GSM4798872,skin,GSE158395,train,source,GSE158395,Skin biopsy,N2_Normal_Normal_N2,0.0219329874962568,False,True,random_2,0.0024449877750611247
GSM4798873,skin,GSE158395,train,source,GSE158395,Skin biopsy,JKR782-003_Keloid_NL_K3,0.0190623290836811,False,True,random_1,0.0024449877750611247
GSM4798874,skin,GSE158395,train,source,GSE158395,Skin biopsy,N20_Normal_Normal_N20,0.0239221695810556,False,False,,0.0024449877750611247
GSM4798875,skin,GSE158395,train,source,GSE158395,Skin biopsy,N3_Normal_Normal_N3,0.0185872707515954,False,True,random_1,0.0024449877750611247
GSM4798876,skin,GSE158395,train,source,GSE158395,Skin biopsy,N19_Normal_Normal_N19,0.0218060240149498,False,True,random_0,0.0024449877750611247
GSM4798877,skin,GSE158395,train,source,GSE158395,Skin biopsy,N1_Normal_Normal_N1,0.0230232328176498,False,False,,0.0024449877750611247
GSM4798878,skin,GSE158395,train,source,GSE158395,Skin biopsy,JKR782-004_Keloid_LS_K7,0.0244779493659734,False,False,,0.0024449877750611247
GSM4798879,skin,GSE158395,train,source,GSE158395,Skin biopsy,JKR782-001_Keloid_NL_K1,0.0274798665195703,False,True,random_3,0.0024449877750611247
GSM4798880,skin,GSE158395,train,source,GSE158395,Skin biopsy,JKR491-163/BA_Normal_Normal_410,0.0235708635300397,False,True,random_4,0.0024449877750611247
GSM4815788,skin,GSE158923|GSE158924|GSE158926,train,source,GSE158923	GSE158926,Lesional skin,Granuloma annulare patient 1 prior to treated with tofacitinib,0.0071547706611454,False,True,random_1,0.0024449877750611247
GSM4815789,skin,GSE158923|GSE158924|GSE158926,train,source,GSE158923	GSE158926,Lesional skin,Granuloma annulare patient 1 after treated with tofacitinib for six months,0.0053572170436382,False,True,random_3,0.0024449877750611247
GSM4815790,skin,GSE158923|GSE158924|GSE158926,train,source,GSE158923	GSE158926,Lesional skin,Granuloma annulare patient 2 prior to treated with tofacitinib,0.0080960961058735,False,False,,0.0024449877750611247
GSM4815791,skin,GSE158923|GSE158924|GSE158926,train,source,GSE158923	GSE158926,Lesional skin,Granuloma annulare patient 2 after treated with tofacitinib for six months,0.0082540474832057,False,False,,0.0024449877750611247
GSM4815792,skin,GSE158923|GSE158924|GSE158926,train,source,GSE158923	GSE158926,Lesional skin,Granuloma annulare patient 3 prior to treated with tofacitinib,0.00698794843629,False,True,random_4,0.0024449877750611247
GSM4815793,skin,GSE158923|GSE158924|GSE158926,train,source,GSE158923	GSE158926,Lesional skin,Granuloma annulare patient 3 after treated with tofacitinib for six months,0.0067131896503269,False,True,random_2,0.0024449877750611247
GSM4815794,skin,GSE158923|GSE158924|GSE158926,train,source,GSE158923	GSE158926,Lesional skin,Granuloma annulare patient 4 prior to treated with tofacitinib,0.0142141683027148,False,True,random_3,0.0024449877750611247
GSM4815795,skin,GSE158923|GSE158924|GSE158926,train,source,GSE158923	GSE158926,Lesional skin,Granuloma annulare patient 4 after treated with tofacitinib for six months,0.0075002964586019,False,False,,0.0024449877750611247
GSM4815796,skin,GSE158923|GSE158924|GSE158926,train,source,GSE158923	GSE158926,Lesional skin,Granuloma annulare patient 5 prior to treated with tofacitinib,0.0059134783223271,False,True,random_1,0.0024449877750611247
GSM4815797,skin,GSE158923|GSE158924|GSE158926,train,source,GSE158923	GSE158926,Lesional skin,Granuloma annulare patient 5 after treated with tofacitinib for six months,0.0051664314232766,False,False,,0.0024449877750611247
GSM4815798,skin,GSE158923|GSE158924|GSE158926,train,source,GSE158923	GSE158926,Skin,Healthy control 1,0.0081887394189834,False,False,,0.0024449877750611247
GSM4815799,skin,GSE158923|GSE158924|GSE158926,train,source,GSE158923	GSE158926,Skin,Healthy control 2,0.010348156094551,False,True,random_0,0.0024449877750611247
GSM4815801,skin,GSE158923|GSE158924|GSE158926,train,source,GSE158924	GSE158926,Lesional skin,sc Granuloma annulare patient 2,0.4780557751655578,False,False,,0.0024449877750611247
GSM4815803,skin,GSE158923|GSE158924|GSE158926,train,source,GSE158924	GSE158926,Skin,sc Healthy control 1,0.3522953391075134,False,True,random_0,0.0024449877750611247
GSM4815805,skin,GSE158923|GSE158924|GSE158926,train,source,GSE158924	GSE158926,Skin,sc Healthy control 3,0.4957556128501892,False,False,,0.0024449877750611247
GSM4816776,skin,GSE158970,train,source,GSE158970,Skin,Polydactyly_01,0.4014799892902374,False,True,random_1,0.0024449877750611247
GSM4816778,skin,GSE158970,train,source,GSE158970,Skin,Polydactyly_03,0.3466595411300659,False,True,random_2,0.0024449877750611247
GSM4892184,skin,GSE161225,train,source,GSE161225,Skin biopsy,COVID1,0.0385474152863025,False,True,random_0,0.0024449877750611247
GSM4892185,skin,GSE161225,train,source,GSE161225,Skin biopsy,COVID3,0.1347688287496566,False,False,,0.0024449877750611247
GSM4892186,skin,GSE161225,train,source,GSE161225,Skin biopsy,COVID4,0.0938899219036102,False,True,random_2,0.0024449877750611247
GSM4892188,skin,GSE161225,train,source,GSE161225,Skin biopsy,MPR2,0.0335518978536129,False,False,,0.0024449877750611247
GSM4892189,skin,GSE161225,train,source,GSE161225,Skin biopsy,MPR3,0.048504926264286,False,False,,0.0024449877750611247
GSM4892190,skin,GSE161225,train,source,GSE161225,Skin biopsy,MPR4,0.0236576069146394,False,True,random_2,0.0024449877750611247
GSM4892191,skin,GSE161225,train,source,GSE161225,Skin biopsy,MPR5,0.0530938208103179,False,True,random_1,0.0024449877750611247
GSM4892192,skin,GSE161225,train,source,GSE161225,Skin biopsy,MPR6,0.1084804460406303,False,False,,0.0024449877750611247
GSM4892193,skin,GSE161225,train,source,GSE161225,Skin biopsy,MPR7,0.0373245067894458,False,True,random_4,0.0024449877750611247
GSM4892194,skin,GSE161225,train,source,GSE161225,Skin biopsy,NH1,0.0399558097124099,False,False,,0.0024449877750611247
GSM4892195,skin,GSE161225,train,source,GSE161225,Skin biopsy,NH3,0.0172537360340356,False,False,,0.0024449877750611247
GSM4892196,skin,GSE161225,train,source,GSE161225,Skin biopsy,NH4,0.0271786954253911,False,True,random_3,0.0024449877750611247
GSM4892197,skin,GSE161225,train,source,GSE161225,Skin biopsy,NH5,0.0304784122854471,False,True,random_3,0.0024449877750611247
GSM5348403,skin,GSE175817,train,source,GSE175817,Human Skin,Acne Donor 6,0.4648540318012237,False,True,random_0,0.0024449877750611247
GSM5350038,skin,GSE175856,train,source,GSE175856,Human Skin,sample A,0.1023547425866127,False,True,random_0,0.0024449877750611247
GSM5362072,skin,GSE176279,train,source,GSE176279,human skin,Skin-atopic dermatitis lesion-01,0.0816282108426094,False,True,random_1,0.0024449877750611247
GSM5362073,skin,GSE176279,train,source,GSE176279,human skin,Skin-atopic dermatitis lesion-02,0.0723287165164947,False,True,random_3,0.0024449877750611247
GSM5362074,skin,GSE176279,train,source,GSE176279,human skin,Skin-psoriasis lesion-01,0.0867219492793083,False,True,random_4,0.0024449877750611247
GSM5362075,skin,GSE176279,train,source,GSE176279,human skin,Skin-psoriasis lesion-02,0.1102914437651634,False,True,random_2,0.0024449877750611247
GSM5367103,skin,GSE176509,train,source,GSE176509,Human Skin,RNA0288_APC73_Plate_7_19,0.4311365783214569,False,True,random_3,0.0024449877750611247
GSM5367105,skin,GSE176509,train,source,GSE176509,Human Skin,RNA0288_APC73_Plate_7_21,0.326146125793457,False,False,,0.0024449877750611247
GSM5367110,skin,GSE176509,train,source,GSE176509,Human Skin,RNA0288_APC73_Plate_7_26,0.4245638847351074,False,True,random_3,0.0024449877750611247
GSM5367116,skin,GSE176509,train,source,GSE176509,Human Skin,RNA0288_APC73_Plate_7_33,0.4820815026760101,False,False,,0.0024449877750611247
GSM5367131,skin,GSE176509,train,source,GSE176509,Human Skin,RNA0288_APC73_Plate_7_53,0.4007116854190826,False,False,,0.0024449877750611247
GSM5367137,skin,GSE176509,train,source,GSE176509,Human Skin,RNA0288_APC73_Plate_7_61,0.2269060462713241,False,True,random_0,0.0024449877750611247
GSM5367154,skin,GSE176509,train,source,GSE176509,Human Skin,RNA0288_APC73_Plate_7_82,0.4588655829429626,False,False,,0.0024449877750611247
GSM5367156,skin,GSE176509,train,source,GSE176509,Human Skin,RNA0288_APC73_Plate_7_86,0.4831404089927673,False,True,random_1,0.0024449877750611247
GSM5367159,skin,GSE176509,train,source,GSE176509,Human Skin,RNA0288_APC73_Plate_7_91,0.3490684628486633,False,False,,0.0024449877750611247
GSM5367516,skin,GSE176509,train,source,GSE176509,Human Skin,RNA0288_APC74_Plate_7_11,0.4286297559738159,False,True,random_4,0.0024449877750611247
GSM5367526,skin,GSE176509,train,source,GSE176509,Human Skin,RNA0288_APC74_Plate_7_22,0.3363800346851349,False,False,,0.0024449877750611247
GSM5367534,skin,GSE176509,train,source,GSE176509,Human Skin,RNA0288_APC74_Plate_7_30,0.4847967028617859,False,True,random_2,0.0024449877750611247
GSM5367551,skin,GSE176509,train,source,GSE176509,Human Skin,RNA0288_APC74_Plate_7_61,0.470521867275238,False,True,random_0,0.0024449877750611247
GSM5367563,skin,GSE176509,train,source,GSE176509,Human Skin,RNA0288_APC74_Plate_7_75R,0.2091429233551025,False,True,random_2,0.0024449877750611247
GSM5571764,skin,GSE183820,train,source,GSE183820,Skin biopsy,Pso2B_R1,0.0038651698268949,False,True,random_0,0.0024449877750611247
GSM5571767,skin,GSE183820,train,source,GSE183820,Skin biopsy,Pso5A_R1,0.006207344122231,False,True,random_1,0.0024449877750611247
GSM5571768,skin,GSE183820,train,source,GSE183820,Skin biopsy,Pso5B_R1,0.0040604514069855,False,True,random_2,0.0024449877750611247
GSM1131155,skin,GSE46486|GSE46487,train,source,GSE46486	GSE46487,skin,Skin sample from young subjects,0.0110123539343476,False,True,random_3,0.0024449877750611247
GSM1131156,skin,GSE46486|GSE46487,train,source,GSE46486	GSE46487,skin,Skin sample from old subjects,0.0073345182463526,False,True,random_0,0.0024449877750611247
GSM1296629,skin,GSE53600,train,source,GSE53600,Skin,Normal skin,0.0855550765991211,False,True,random_3,0.0024449877750611247
GSM2343233,skin,GSE88037,train,source,GSE88037,Homo sapiens suprapubic skin tissue male adult (54 years),total RNA-seq from suprapubic skin (ENCLB397AMI),0.0191326942294836,False,True,random_4,0.0024449877750611247
GSM2343564,skin,GSE88191,train,source,GSE88191,Homo sapiens lower leg skin tissue male adult (37 years),total RNA-seq from lower leg skin (ENCLB678SEO),0.0142329940572381,False,True,random_3,0.0024449877750611247
GSM2343712,skin,GSE88278,train,source,GSE88278,Homo sapiens suprapubic skin tissue female adult (53 years),total RNA-seq from suprapubic skin (ENCLB958TEH),0.0141344908624887,False,True,random_1,0.0024449877750611247
GSM2343729,skin,GSE88288,train,source,GSE88288,Homo sapiens lower leg skin tissue male adult (54 years),total RNA-seq from lower leg skin (ENCLB544ISA),0.0688808411359787,False,True,random_2,0.0024449877750611247
GSM2343747,skin,GSE88300,train,source,GSE88300,Homo sapiens suprapubic skin tissue female adult (51 year),total RNA-seq from suprapubic skin (ENCLB504OXA),0.0858732238411903,False,True,random_4,0.0024449877750611247
GSM2344419,skin,GSE88690,train,source,GSE88690,Homo sapiens lower leg skin tissue female adult (53 years),total RNA-seq from lower leg skin (ENCLB253MPS),0.0605434626340866,False,True,random_1,0.0024449877750611247
